time_s,north_m,east_m,heading_deg,bank_deg,bank_demand_deg,radial_error_m,l1_period_s,delta_error_mps
0.0,85.0,0.0,90.0,0.0,35.0,35.0,20.0,0.0
0.05,85.0,0.9,90.0,2.5000000000000004,35.0,35.004764572346176,13.023771428571429,0.0
0.1,85.0,1.8,90.0681449877476,4.821428571428572,35.0,35.01905668730981,13.023814134953543,0.0952914469235111
0.15000000000000002,84.99892958128792,2.69999936344632,90.19979494313216,6.977040816326531,35.0,35.04180164205927,13.023942268204348,0.2858422992727583
0.2,84.99579121602036,3.599993891576046,90.3907994181403,8.978680758017495,35.0,35.07199586501254,13.024146271872631,0.4548990949891163
0.25,84.98965260071257,4.4999729565559505,90.63740689726464,10.837346418159102,35.0,35.10869994189515,13.024417256660048,0.603884459065398
0.30000000000000004,84.97964044310781,5.399917264110645,90.93619549374141,12.563250245433451,35.0,35.1510328551517,13.024746922796478,0.7340815376522869
0.35000000000000003,84.9649353730412,6.299797123266486,91.28401949070688,14.165875227902491,35.0,35.19816715598631,13.025127496560165,0.846658265130884
0.4,84.9447677302591,7.199571131662268,91.67796778905172,15.654026997338025,35.0,35.249324860831194,13.025551677850817,0.9426860166922779
0.45,84.91841404138414,8.09918520618683,92.11533138877478,17.03588221181388,35.0,35.30377391597668,13.026024039837239,1.023154096897656
0.5,84.88519404157955,8.998571903671834,92.59357777563496,18.319033482398606,35.0,35.36082511188704,13.027847046219014,1.0889811029096563
0.55,84.84446812873492,9.897649987056683,93.1103306157308,19.510531090798704,35.0,35.419829356620696,13.03035424378226,1.1410239182072246
0.6000000000000001,84.79563516236699,10.796324200214993,93.66335354547707,20.616921727170222,35.0,35.48017523862124,13.032293503513305,1.1800848946731435
0.65,84.73813053808557,11.694485220403607,94.25053712799978,21.64428446094378,35.0,35.54128682490034,13.033652208752631,1.2069176400109427
0.7000000000000001,84.67142448292645,12.592009761686523,94.8698882590395,22.598264142304938,35.0,35.60262165264757,13.034441356832286,1.2222317255819348
0.75,84.5950205281652,13.488760806122402,95.51952146621932,23.484102417854583,35.0,35.66366888153621,13.034671755244451,1.226696554944624
0.8,84.50845412515656,14.384587942276553,96.19765166886934,24.30666653086497,35.0,35.72394758113265,13.034374963208425,1.2209445777727979
0.8500000000000001,84.4112913768456,15.27932779292626,96.90258806118545,25.070476064374613,35.0,35.783005133362025,13.033583050866554,1.205573991928759
0.9,84.30312786327171,16.17280451580792,97.63272885618677,25.77972777406214,35.0,35.84041573430126,13.032347118750343,1.1811510445875228
0.9500000000000001,84.18358754394006,17.064830362997387,98.38655668665734,26.43831864734342,35.0,35.89577898294013,13.031690489269172,1.1482120187847045
1.0,84.05232172359305,17.955206286081914,99.16263450561469,27.049867315390316,35.0,35.94871854717874,13.032246786784327,1.1072649727773864
1.05,83.90900807085482,18.843722575712455,99.95960186551957,27.617733935719578,35.0,35.9988808993768,13.032779517052887,1.0587912847722691
1.1,83.75334968158172,19.73015952544374,100.77617148444986,28.14503865459675,35.0,36.04593411535936,13.033285011043231,1.003247043961153
1.1500000000000001,83.5850741806385,20.614288110991286,101.61112603036082,28.63467875069698,35.0,36.08956673201345,13.033769033954636,0.9410643196511614
1.2000000000000002,83.403932857322,21.49587067716824,102.46331507255755,29.089344554218624,35.0,36.12948665955358,13.034218654044302,0.8726523330818736
1.25,83.20969983084113,22.374661625815346,103.33165216356896,29.51153422891729,35.0,36.16542014525558,13.034630502277,0.7983985508025171
1.3,83.00217124319079,23.25040809900713,104.21511202550535,29.903567498280346,35.0,36.19711078600224,13.035001620954958,0.7186697140400611
1.35,82.78116447747693,24.122850652708347,105.1127278233224,30.26759839126032,35.0,36.22431858739135,13.035329233211819,0.6338128149332078
1.4000000000000001,82.54651740029786,24.991723916867922,106.02358851370865,30.60562707759887,35.0,36.24681906745677,13.03561543145032,0.5441560277822077
1.4500000000000002,82.29808762719654,25.856757238675137,106.94683626297154,30.919510857770383,35.0,36.26440240327118,13.035852746705494,0.4500096013083521
1.5,82.03575181049742,26.717675306366136,107.88166393066068,31.21097436792964,35.0,36.27687261885387,13.0360383090694,0.3516667162881504
1.55,81.75940494905045,27.57419875156096,108.8273126180081,31.48161905593466,35.0,36.28404681291555,13.03616996900621,0.24940431165390464
1.6,81.46895971954515,28.426044728635226,109.78306928181536,31.73293198051076,35.0,36.2857544250454,13.03624573559,0.14348388123352152
1.6500000000000001,81.16434582914219,29.272927470089776,110.74826441535717,31.966293981902847,35.0,36.281836538994284,13.036263772008178,0.03415224259697425
1.7000000000000002,80.84550938921402,30.114558817280415,111.72226979835415,32.182987268909784,35.0,36.272145221739635,13.229316455981294,-0.07835772102225746
1.75,80.51241230999781,30.950648726212243,112.70449631820898,32.384202463987656,35.0,36.256542897037505,13.480847587840275,-0.19382634509298668
1.8,80.1650317159541,31.78090574839383,113.69439186460365,32.57104514513139,35.0,36.23490175218048,13.703961672380496,-0.31204649404259044
1.85,79.80335938159803,32.605037486989936,114.69143929928954,32.74454192047916,35.0,36.2071031766902,13.901973808406849,-0.4328228971405679
1.9000000000000001,79.42740118753412,33.42275102871234,115.69515450253247,32.905646069016356,35.0,36.17303723168163,14.077782607110361,-0.5559715098056017
1.9500000000000002,79.03717659638276,34.23375335205104,116.70508449724208,33.05524277837233,35.0,36.13260214864556,14.23393477875171,-0.6813189001712772
2.0,78.63271814824246,35.03775171257669,117.72080565135838,33.19415400848859,35.0,36.085703856407605,14.372634472485599,-0.8087016607214537
2.0500000000000003,78.21407097528623,35.83445400614422,118.7419219586095,33.323143007882265,35.0,36.032255535035105,14.495743839686345,-0.9379658447591055
2.1,77.7812923350484,36.623569110900114,119.76806339731375,33.44291850731925,35.0,35.972177195480725,14.604998025728307,-1.0689664274499933
2.15,77.33445116191788,37.404807209046474,120.79888436648893,33.5541386139393,35.0,35.90539528377131,14.70259435939239,-1.2015667910876004
2.2,76.8736276363186,38.17788008934577,121.83406219815939,33.657414427229355,35.0,35.83184230857351,14.80360537425019,-1.3356382341882522
2.25,76.39891277102711,38.942501431365,122.87329574442106,33.753313396712976,35.0,35.751456490994215,14.896049947541163,-1.4710595039559848
2.3000000000000003,75.91040801405146,39.69838707245904,123.91630403754039,33.8423624398049,35.0,35.664181435501675,14.980721278379349,-1.6077163515859638
2.35,75.40822486747469,40.44525525848269,124.96282502112103,33.925050836961695,35.0,35.56996582088513,15.058419915942242,-1.7455011098508066
2.4000000000000004,74.89248452165101,41.182826879201436,126.01261435017648,34.00183292003586,35.0,35.468763110203085,15.129760236740877,-1.8843122923308897
2.45,74.36331750413142,41.91082568934429,127.06544425778766,34.073130568604725,35.0,35.360531278705494,15.195365391674782,-2.024054213640909
2.5,73.8208633426895,42.62897851620941,128.12110248590713,34.139335527990106,35.0,35.24523255875066,15.256588804074532,-2.164636629951815
2.5500000000000003,73.26527024181622,43.337015454696385,129.17939127778524,34.200811561705095,35.0,35.12283320077496,15.314448592955252,-2.3059743990967263
2.6,72.69669477205373,44.03467005059923,130.2401264294399,34.25789645015473,35.0,34.99330324941069,15.369388786585574,-2.4479871595139002
2.6500000000000004,72.11530157154411,44.72167947295178,131.30313639756375,34.31090384657225,35.0,34.85661633388517,15.421859893011096,-2.5905990272855206
2.7,71.52126305917663,45.39778467617405,132.3682614612599,34.36012500038852,35.0,34.71274947187234,15.472221949902284,-2.7337383105103186
2.75,70.91475915872833,46.062730552724155,133.43535293501293,34.40583035750363,35.0,34.56168288600523,15.52077834558517,-2.8773372402565656
2.8000000000000003,70.2959770334058,46.71626607691648,134.50427243033636,34.448271046253375,35.0,34.403399832295705,15.5678558152652,-3.021331717342264
2.85,69.66511083021136,47.35814444052367,135.57489116358676,34.48768025723527,35.0,34.237886439743576,15.613688040222456,-3.1656610741904956
2.9000000000000004,69.02236143357324,47.98812318073744,136.64708930749325,34.52427452457561,35.0,34.06513156045405,15.658548388152667,-3.3102678510425676
2.95,68.3679362276979,48.60596430102244,137.72075538402234,34.55825491567735,35.0,33.885126629616735,15.702649995488937,-3.455097585790554
3.0,67.70204886712132,49.211434385357215,138.795785696274,34.58980813598611,34.44800885324241,33.697865534733936,15.746190259855958,-3.6000986167462656
3.0500000000000003,67.0249190549562,49.804304706318916,139.87208379718768,34.579679615790134,33.87356248147233,33.503344493518895,15.789403714603697,-3.745221897655995
3.1,66.33677232835227,50.384351327431645,140.94797483560475,34.52924267762457,33.29156275923277,33.30156193991627,15.832454134800457,-3.8904208243008043
3.1500000000000004,65.63785553782604,50.95137453676308,142.02184030271945,34.44083696916802,32.703147388123085,33.09254266653555,15.87548203060461,-4.035651072052531
3.2,64.92843469817599,51.50519948407967,143.0921612661262,34.31671628480767,32.11220084374385,32.876336829339564,15.917275493177614,-4.1803854676143715
3.25,64.20879244234183,52.04567614742224,144.15751841955392,34.15925089616025,31.52116153236332,32.65301829059898,15.957283199983241,-4.324116743919717
3.3000000000000003,63.47922554759158,52.572679132313674,145.21659932777087,33.970815941603334,30.931390312453992,32.422682965741984,15.995467347678694,-4.466370774811708
3.35,62.74004248160181,53.086107213892745,146.2682002988369,33.75371411094981,30.344133601258523,32.18544706770241,16.031836228719172,-4.606706497139896
3.4000000000000004,61.99156103652095,53.58588268985137,147.31122438245245,33.510172645971856,29.7606179384882,31.941445333818805,16.066394234875748,-4.744717960791434
3.45,61.23410609635111,54.07195060034569,148.34467858219483,33.24234730972302,29.181983268021202,31.6908292964725,16.09917438713052,-4.880034677672143
3.5,60.468007549704105,54.544277835242575,149.36767066004268,32.952321306744324,28.609376436318644,31.4337656110732,16.130186306796574,-5.012320746926093
3.5500000000000003,59.693598354234055,55.00285214543825,150.3794054326607,32.642110958856776,28.04381789388947,31.170434448816124,16.1594862390887,-5.141273707986045
3.6,58.91121275778338,55.44768107712606,151.379180915765,32.31366145421625,27.48630660857792,30.901027962711964,16.18711894524631,-5.2666232451414885
3.6500000000000004,58.12118467646076,55.878790843568076,152.36638401718548,31.96885039381352,26.937794255574286,30.625748829604575,16.213129630655224,-5.3881297220831925
3.7,57.323846230614464,56.29622515310123,153.34048616133876,31.60948924108214,26.399173737769296,30.344808874997014,16.23756909371152,-5.505582662147788
3.75,56.51952643514878,56.70004400682408,154.30103883261577,31.237323847988367,25.871278803984385,30.058427781397683,16.260493134579626,-5.618799092151221
3.8000000000000003,55.70855003966729,57.09032247916383,155.247669064162,30.854034916273797,25.35488357986903,29.76683188078259,16.281962330675633,-5.727621871986628
3.85,54.89123651281527,57.46714949362101,156.180074923526,30.461238392244887,24.850733220850227,29.470253031105983,16.302022307423776,-5.8319180123018555
3.9000000000000004,54.067899164103984,57.83062660461573,157.09802103838993,30.060488022859552,24.358974215397396,29.168927575799614,16.32107343289534,-5.931576993532133
3.95,53.2388443956849,58.18086679500166,158.00133427883443,29.653237036612257,23.88754790301619,28.863095384379108,16.33430502183129,-6.026509106127378
4.0,52.4043710754953,58.51799329632089,158.88989814844538,29.241402098498252,23.44630444326574,28.552998970417832,16.335115883692517,-6.116643828410133
4.05,51.564770031320876,58.84213845920508,159.76366752411312,28.82746655169593,23.016586342407127,28.23888270441539,16.336165210315905,-6.201928279225513
4.1000000000000005,50.72032354550161,59.15344238238545,160.62268643929517,28.412403679603873,22.599016726875035,27.920991820218504,16.33744808858504,-6.282325320048869
4.15,49.87130485170136,59.45205125294647,161.46703203724098,27.997161754408953,22.19417674451249,27.599571170170165,16.33895902349112,-6.3578176839376965
4.2,49.01797802254157,59.73811649486883,162.29681262308074,27.582662825130637,21.80260480861197,27.2748648123883,16.340692146444766,-6.428413000966771
4.25,48.160597912823974,60.011793946370844,163.11216576952373,27.169801538236445,21.424790296818674,26.947115631337198,16.34264588645932,-6.494127155637273
4.3,47.299410153552245,60.27324306815278,163.91325647959454,26.75944359242089,21.061191788541358,26.616564989736972,16.34480920921171,-6.554983621022075
4.3500000000000005,46.43465119208883,60.522626184198586,164.7002753948037,26.352425606429495,20.712221153679717,26.283452409832606,16.347173420248133,-6.611012832004519
4.4,45.56654837400067,60.76010775659398,165.47343709693158,25.94955385980451,20.378242251717857,25.94801528225115,16.34973389751138,-6.662251598087323
4.45,44.69532006212908,60.98585369474876,166.23297846262574,25.551603030655464,20.059572713849608,25.610488600018044,16.35248962536686,-6.708742551629143
4.5,43.821175788826594,61.200030699706055,166.9791570687186,25.159315150883618,19.75651685651255,25.27110471595462,16.355415303107137,-6.7505336446620845
4.55,42.944316437517365,61.40280564397077,167.71224965276525,24.77340098699997,19.469290283260168,24.930093121768323,16.358526908523118,-6.7876776812684625
4.6000000000000005,42.06493444993465,61.594344986966064,168.4325507053335,24.394535936732844,19.198118824934,24.58768024714732,16.361796185297262,-6.820231883725967
4.65,41.183214055371344,61.77481422481877,169.14037100695538,24.023363285890067,18.943155472711236,24.24408927612626,16.36522487939492,-6.848257492420089
4.7,40.29933151916133,61.94437737583616,169.83603634946033,23.660491299234437,18.704522029654893,23.899539980782507,16.368809031313415,-6.871819420421161
4.75,39.41345540702146,62.103196499180775,170.5198862320173,23.30649349426447,18.48232487420002,23.55424856891088,16.372522781547406,-6.890985906875073
4.800000000000001,38.52574686282056,62.25143124730927,171.19227263223863,22.96191002140272,18.276582102031753,23.208427545444536,16.376393741757674,-6.905828237432559
4.8500000000000005,37.63635989721324,62.38923845106798,171.85355888185617,22.62724374144765,18.0873556771798,22.862285586006564,16.38036718727608,-6.916420469326852
4.9,36.745441684751434,62.51677173575813,172.50411847051996,22.302966022571376,17.914587019834105,22.51602742062167,16.38448131360825,-6.92283918875944
4.95,35.85313286771749,62.63418116912483,173.14433408529413,21.989510379518713,17.758259298762265,22.16985372824969,16.388692428470584,-6.925163307697915
5.0,34.959567864389655,62.74161293736738,173.77459649022657,21.687278159464682,17.624857257502246,21.823961038411767,16.384864217215195,-6.9234738474395385
5.050000000000001,34.064875180539254,62.83920905135029,174.39530362656623,21.397105237895936,17.507502063122747,21.478541641985274,16.380756860890994,-6.917853796758493
5.1000000000000005,33.169177722300084,62.92710707922289,175.00687441059034,21.119276439697853,17.40571865348497,21.133783507792643,16.376759057449433,-6.908387928529862
5.15,32.27259308913323,63.00543967505028,175.60973143025168,20.85402231211122,17.319312538579354,20.789869991003442,16.372898856196436,-6.895162683852618
5.2,31.37523389772873,63.07433438893939,176.20429948494396,20.60154304257323,17.248096319958236,20.44697978440898,16.3691654774508,-6.878270335784009
5.25,30.477208102910097,63.13391351146032,176.79100489667383,20.362011133815017,17.19183612906743,20.105286883519994,16.365582662136323,-6.857804131889225
5.300000000000001,29.578619313505953,63.18429393977526,177.3702749148849,20.135570062047332,17.150299926967836,19.764960554430388,16.3621420602283,-6.833858017779733
5.3500000000000005,28.67956710259915,63.225587063459336,177.94253708671542,19.922336480970227,17.12321681369024,19.42616530323106,16.358863655030984,-6.806526581792127
5.4,27.780147311799844,63.25789867002001,178.50821870049728,19.7223993618788,17.110309289680668,19.089060847661116,16.355748861914254,-6.7759050239865815
5.45,26.88045234915884,63.28132886844866,179.06774620521142,19.535821499578933,17.11128204754493,18.753802090154636,16.35279763534711,-6.742089111398855
5.5,25.98057148048801,63.29597203068333,179.6215446771476,19.362640110147932,17.12580796199457,18.420539092890763,16.350035503050332,-6.705175150129605
5.550000000000001,25.08059111386047,63.30191674976514,-179.82996269620796,19.202866385279837,17.153565360233625,18.089417054450195,16.347449489390918,-6.665259945277455
5.6000000000000005,24.180595077145895,63.29924581396362,-179.28635514845237,19.056487740633678,17.194199085793446,17.760576288144748,16.34505910223431,-6.622440768811373
5.65,23.280664888475307,63.28803619669455,-178.74721480155705,18.923467122430804,17.24734627348793,17.434152202601368,16.342871849616596,-6.576815326108942
5.7,22.38088001956324,63.268359060803085,-178.21212715943733,18.803744204649167,17.312633674082953,17.110275284018826,16.34088821045435,-6.528481710867595
5.75,21.481318151854996,63.24027977724278,-177.6806815709288,18.697236309608723,17.389670761031528,16.7890710808674,16.3391180521929,-6.477538371650837
5.800000000000001,20.582055425488065,63.20385795731139,-177.15247167160493,18.60383877042464,17.47805569126883,16.470660190988454,16.337570974188335,-6.424084063028488
5.8500000000000005,19.683166681088526,63.15914749777652,-176.62709582215413,18.52342569334208,17.577377280797233,16.155158251200675,16.336253755291082,-6.36821779757895
5.9,18.784725694431888,63.10619663852529,-176.10415753175798,18.455850806731736,17.687215284791844,15.842675929789408,16.33517162321981,-6.310038795755588
5.95,17.886805404012964,63.04504803221249,-175.58326586439316,18.400948269450314,17.80713998131953,15.53331892209495,16.3343320100972,-6.249646428225333
6.0,16.989478131582793,62.97573882537075,-175.0640358297516,18.358533391726684,17.936714194803002,15.227187949388394,16.33374238063125,-6.187140153889175
6.050000000000001,16.09281579571763,62.89830075049262,-174.546088761796,18.32840344908928,18.07547507626056,14.924378761250537,16.333470510613125,-6.122619454131097
6.1000000000000005,15.19689011848496,62.81276022866127,-174.02905268243617,18.310337136744373,18.208428739427234,14.62498214171201,16.38185080487142,-6.0561837627571435
6.15,14.301772825274009,62.71913848228415,-173.51256269166393,18.303057965507435,18.315227455334956,14.329083919372607,16.565283373438213,-5.987932390770538
6.2,13.40753583778313,62.61745165814633,-172.9962926954475,18.303927214780828,18.44220855667322,14.036764982326616,16.734560367016808,-5.917964446788062
6.25,12.514251400140077,62.50771144917653,-172.4799964293407,18.31380445348743,18.58652390419363,13.748101765616696,16.891563747695646,-5.846378740919818
6.300000000000001,11.621992092617857,62.38992635614703,-171.96340164117817,18.333284414252155,18.74581815603573,13.463167356556681,17.0379788213668,-5.773264334198416
6.3500000000000005,10.730831021187896,62.26410129994675,-171.4462180058099,18.36275111009384,18.918143229615836,13.182031030153816,17.17514260647137,-5.698688181200282
6.4,9.840842006503323,62.13023736252975,-170.92814338841188,18.402421975773983,19.101846801082196,12.904757897326398,17.30414157812511,-5.6227265280573135
6.45,8.952099769859508,61.988331630420895,-170.40886876569917,18.452380891867428,19.295489770769425,12.631408643048722,17.42595483668444,-5.545462656548352
6.5,8.064680114531914,61.838377119524246,-169.88808214720666,18.51260295464614,19.497812580783275,12.362039335850987,17.5413968721061,-5.466985085553517
6.550000000000001,7.178660101284807,61.68036276534844,-169.36547175091258,18.582975070798792,19.707697714608337,12.096701294954151,17.651141224281925,-5.3873861439547
6.6000000000000005,6.294118217091872,61.51427346675153,-168.8407285629727,18.66331240249947,19.924140189638187,11.835441004920625,17.755763575125858,-5.30676081793672
6.65,5.411134536437612,61.34009017335559,-168.31354840960023,18.75337153015224,20.14626692728398,11.578300069479205,17.855104586116305,-5.225205800670523
6.7,4.529790874747088,61.15779000879741,-167.7836336421657,18.852864058518794,20.373225121791553,11.325315197959668,17.94955780228081,-5.1428187088284005
6.75,3.650170933609518,60.96734642357298,-167.25069442283393,18.961461277323988,20.60421645150934,11.076518219169344,18.0398629796085,-5.059697430390742
6.800000000000001,2.7723604378556885,60.768729371071394,-166.71444988286896,19.078800932622944,20.8385200096963,10.831936117239458,18.126644460737648,-4.975939575806478
6.8500000000000005,1.8964472639289216,60.56190550460155,-166.17462909018772,19.204495152413898,21.075478522800157,10.591591087981428,18.210453719613376,-4.891642038597723
6.9,1.0225215593172372,60.34683839224131,-165.6309717909089,19.3381368217272,21.314489364341156,10.355500613271019,18.291780836992935,-4.806900585160605
6.95,0.1506758531047857,60.123488745814655,-165.08322897148244,19.47930486048534,21.554997876056444,10.123677550369543,18.371034436674993,-4.721809494208173
7.0,-0.7189948422975039,59.891814661034985,-164.53116327408475,19.627568647311847,21.79649091449188,9.89613023372224,18.448602468486033,-4.636461258029527
7.050000000000001,-1.586392938172953,59.651771866367774,-163.9745492904742,19.782491666396137,22.038493239022156,9.672862587205174,18.524810847216262,-4.550946332946069
7.1000000000000005,-2.45141818519585,59.40331397856186,-163.41317375711506,19.943634635869422,22.28056381683554,9.453874245118058,18.59997551989848,-4.465352930341311
7.15,-3.3139675977361938,59.14639276315467,-162.84683566644998,20.110558148795576,22.522293167802484,9.239160680517756,18.674365101335027,-4.37976684174231
7.2,-4.173935386699571,58.88095839848906,-162.275346308236,20.282824935867495,22.763301222346453,9.028713339670055,18.7482418708259,-4.294271292006044
7.25,-5.031212900833301,58.606959741994736,-161.69852925151477,20.460001813473138,23.003235345148205,8.822519781570925,18.82184189681855,-4.208946816954011
7.300000000000001,-5.885688576430345,58.32434459765003,-161.11622027583488,20.64166135144993,23.241768781158108,8.620563821615967,18.895386898109727,-4.123871161982606
7.3500000000000005,-6.73724789536186,58.03305998367103,-160.52826725930316,20.8273833107148,23.478599292961366,8.422825678598578,18.969087392189273,-4.0391191990991615
7.4,-7.585773351369999,57.73305239958993,-159.93453002951406,21.01675588087527,23.713447909330185,8.229282124307112,19.043143794749806,-3.9547628603477847
7.45,-8.431144424550688,57.42426809197484,-159.33488018249778,21.209376740050622,23.942945286054616,8.039906635061293,18.99582369509534,-3.8708710858293216
7.5,-9.27323756395325,57.10665331811956,-158.72920087417,21.404631636193763,24.169743868702355,7.854669544587409,18.94446447314614,-3.787509784916381
7.550000000000001,-10.111926178220191,56.78015460709761,-158.11739357492323,21.60213965280152,24.393817352392627,7.673538197683712,18.89433763256355,-3.7047418094776674
7.6000000000000005,-10.947080675089527,56.44471911947156,-157.4993708919238,21.801545202772314,24.61501904493266,7.496477211938441,18.84536491919762,-3.6226269380739495
7.65,-11.778568472619376,56.100294900580145,-156.87505587431983,22.002507620069483,24.833214870903156,7.323448633140018,18.79747246590361,-3.5412197149054236
7.7,-12.606254015678994,55.74683112335523,-156.24438164394712,22.20470099512903,25.048283060429974,7.154412083440327,18.750593348253453,-3.4605715759684585
7.75,-13.429998799350379,55.38427832530482,-155.60729103069758,22.407813999793387,25.260113627080642,6.989324907085731,18.70466083153597,-3.380730993993808
7.800000000000001,-14.24966139915088,55.01258863956107,-154.96373621231209,22.61154968745676,25.468608110657456,6.828142313610911,18.65961566481752,-3.3017435270919293
7.8500000000000005,-15.065097507979596,54.631716019885836,-154.3136783588547,22.815625289113953,25.673679123913,6.670817518387572,18.61540531562496,-3.2236518694963934
7.9,-15.876159979684713,54.241616459527734,-153.65708728150577,23.0197719915996,25.875249776776844,6.517301880424654,18.571975418356924,-3.146495904466775
7.95,-16.682698879138055,53.84224820381805,-152.99394108578687,23.22373469054083,26.07325343047616,6.367545037313292,18.529282228203396,-3.070312759258371
8.0,-17.48456153869446,53.43357195639336,-152.32422582961306,23.427271743393355,26.267633055680076,6.221495037213842,18.48728031855018,-2.995136862227241
8.05,-18.281592620906206,53.01555107893821,-151.64793518579737,23.630154694270978,26.45834090390284,6.0790984677917095,18.445931624370132,-2.9210000019890003
8.1,-19.07363418734957,52.58815178433661,-150.96507010958155,23.83216799495897,26.645337911564262,5.940300582006671,18.405192843399462,-2.847931388442646
8.15,-19.86052577341364,52.151343323130135,-150.27563851102653,24.03310870328792,26.828593470353656,5.805045420673366,18.365038391254703,-2.7759577157007698
8.200000000000001,-20.642104468889265,51.70509816318033,-149.57965493274446,24.232786186649758,27.008084722155672,5.673275931712986,18.325435435822534,-2.705103226666097
8.25,-21.418205004188295,51.249392162442405,-148.87714023259537,24.43102179632875,27.18379625341844,5.544934086028491,18.28636015685316,-2.6353897792075998
8.3,-22.18865984200938,50.78420473475536,-148.16812127212683,24.627648543263728,27.355719559527365,5.419960989935284,18.247780057344425,-2.5668369136899116
8.35,-22.953299274261425,50.30951900856879,-147.4526306105799,24.82251075871113,27.52385271861621,5.2982969940969795,18.20967308951124,-2.499461921864139
8.4,-23.711951524044053,49.825321978528585,-146.73070620486234,25.015463755847207,27.688199905608332,5.179881798918878,18.172028518159507,-2.4332799167660824
8.450000000000001,-24.464442852477315,49.33160464985483,-146.00239111539997,25.206373480830145,27.848770969895114,5.064654556364076,18.134818495049846,-2.368303903562037
8.5,-25.210597670162528,48.828362175449946,-145.26773321818848,25.395116158620496,28.005581068572212,4.952553968161617,18.098030004768944,-2.30454485109604
8.55,-25.95023865304962,48.31559398568598,-144.52678492322877,25.581577937902765,28.15865020326559,4.8435183803873585,18.06166016698907,-2.242011764049181
8.6,-26.68318686247951,47.793303910829565,-143.77960289941475,25.765654528285822,28.308003090215717,4.737485874407092,18.025671735788602,-2.180711755485163
8.65,-27.40926186916288,47.261500296071496,-143.0262478061993,25.94725085413796,28.45366827668402,4.6343943541786885,17.990088432687653,-2.1206501196053296
8.700000000000001,-28.12828188085276,46.720196109140076,-142.26678403157422,26.126280670034106,28.595678656629804,4.5341816299210365,17.954863308878306,-2.06183040456807
8.75,-28.840063873457808,46.16940904047998,-141.50127943777122,26.30266624050523,28.734069976723745,4.436785498156304,17.920027406139415,-2.004254485153041
8.8,-29.54442372535107,45.60916159600485,-140.72980511266013,26.476337935949406,28.868881837988518,4.342143818159869,17.88554493034513,-1.9479226352946455
8.85,-30.24117635460544,45.039481182415685,-139.95243512983058,26.6472339289522,29.0001561877581,4.25019458482636,17.85143106988923,-1.8928335999287071
8.9,-30.930135858912184,44.46040018512307,-139.16924631414005,26.815299804581194,29.1279376813965,4.16087599801223,17.817688803585824,-1.8389846666701715
8.950000000000001,-31.611115657905145,43.87195603878163,-138.38031801583202,26.980488224353717,29.252273977872083,4.074126528370698,17.784283195734094,-1.7863717362826037
9.0,-32.283928637642,43.274191290492126,-137.5857318916131,27.142758635319314,29.37321377011534,3.989884979748439,17.751245221253008,-1.7349893928306415
9.05,-32.948387296977685,42.66715365571664,-136.78557169134726,27.302076859233317,29.49080761355678,3.9080905481929875,17.71859707366505,-1.6848309724451838
9.1,-33.60430389555062,42.05089606694673,-135.9799230546994,27.458414770256418,29.605106219431686,3.8286828776041517,17.68642208469743,-1.635888631109026
9.15,-34.251490603148675,41.425476715224704,-135.168873314943,27.61174987376894,29.716163055925158,3.75160211213435,17.654728293970262,-1.588153411776716
9.200000000000001,-34.88975965019614,40.79095908459407,-134.35251131359428,27.76206510106581,29.824032280222006,3.676788945404347,17.623545114785927,-1.541615309396036
9.25,-35.51892347914668,40.14741197960463,-133.53092721865974,27.90934847100554,29.928521625107635,3.604184666661787,17.602248891256064,-1.4962633346000587
9.3,-36.138794896492485,39.494909545925104,-132.70421235131494,28.053575124869976,30.029796258772063,3.5337312039013113,17.58566388166388,-1.4520855748511963
9.35,-36.7491872251561,38.833531284180275,-131.87245963780245,28.194733777291553,30.128028857776492,3.4653711640439653,17.569323393607206,-1.4090692552095163
9.4,-37.349914464251945,38.16336206360365,-131.03576313893467,28.33282628304048,30.223280495345694,3.399047879944817,17.553226091789238,-1.3672007971469213
9.450000000000001,-37.94079144553068,37.484492125401246,-130.19421758775658,28.467858726776562,30.315613807021,3.334705449758715,17.537336111007374,-1.3264656819829668
9.5,-38.52163398599247,36.79701707626136,-129.3479182346546,28.599841232508307,30.405090932887212,3.272288768753313,17.52164892384063,-1.286848603722035
9.55,-39.09225903980875,36.101037875453486,-128.49696069675102,28.728787639678227,30.49177429912453,3.2117435583578313,17.506158414875205,-1.248333620108042
9.600000000000001,-39.65248484929191,35.39666081564181,-127.64144081649836,28.854715258210106,30.57572690615498,3.153016392495701,17.49084499385454,-1.2109042079096355
9.65,-40.20213109471984,34.683997497596756,-126.78145452692748,28.977644661634734,30.65701146509956,3.0960547213287555,17.47569901224573,-1.174543317242609
9.700000000000001,-40.74101904280179,33.96316479896827,-125.91709772240831,29.097599433310794,30.73569047977534,3.0408068925032055,17.460714111387244,-1.1392334233389079
9.75,-41.2689716935673,33.234284837280704,-125.0484661367878,29.214605936629688,30.81182534227291,2.987222169971936,17.445908837132706,-1.1049565765110003
9.8,-41.78581392549302,32.49748492733361,-124.17565522825917,29.328693037032775,30.885478397746887,2.935250750498966,17.431266308044854,-1.0716944506253867
9.850000000000001,-42.291372638685445,31.752897533191582,-123.29876007288475,29.439891991369496,30.956711423487057,2.8848437779437504,17.41677588547034,-1.0394283894594025
9.9,-42.7854768959741,31.000660214967322,-122.41787526097359,29.54823623652075,31.025585883602417,2.8359533554547625,17.402424015089807,-1.008139451104313
9.950000000000001,-43.26795806170617,30.240915570554595,-121.5330948000686,29.6537612113123,31.09216210242291,2.7885325556126332,17.38821345813158,-0.9778084497797579
10.0,-43.73864993809241,29.473811172506977,-120.64451202351293,29.756504132105917,31.156498139140403,2.7425354286233414,17.374187826860982,-0.9484159968425843
10.05,-44.1973888989524,28.699499500252774,-119.75221950642013,29.85650370403695,31.2186538924546,2.697917008647032,17.360327656887133,-0.9199425397858363
10.100000000000001,-44.644014020743626,27.91813786785394,-118.85630899154346,29.953800146066783,31.278690560404556,2.654633318378103,17.346567689514384,-0.8923683995261911
10.15,-45.07836721080675,27.12988834753567,-117.95687131384139,30.048435175662338,31.336661850241235,2.6126413720323427,17.33300462447999,-0.8656738053785773
10.200000000000001,-45.50029333261913,26.33491768912596,-117.05399632525159,30.140451366703683,31.392625305474674,2.571899176722006,17.319622998639012,-0.8398389269152062
10.25,-45.90964032787623,25.53339723556661,-116.14777284256402,30.229892362330183,31.44664012435599,2.532365732224548,17.306352523378163,-0.8148439062067325
10.3,-46.30625933555135,24.725502834824287,-115.23828858750454,30.316802916760597,31.498757659991448,2.4940010295104145,17.293283679984626,-0.7906688899491598
10.350000000000001,-46.69000480767083,23.911414748295687,-114.325630125236,30.401228255562803,31.54903319645581,2.456766047911664,17.280396104461428,-0.7672940542826723
10.4,-47.060734621632506,23.09131755586058,-113.40988282625968,30.48321432276945,31.5975215392944,2.42062275091088,17.267661642301984,-0.7446996319750099
10.450000000000001,-47.418310189262215,22.26540005790192,-112.49113081946498,30.56280769537837,31.644272415666933,2.385534080922639,17.255143724892548,-0.72286594001568
10.5,-47.76259656235988,21.433855174387354,-111.5694569484843,30.64005517539898,31.68934097723404,2.3514639529341466,17.242767150372305,-0.7017733997648179
10.55,-48.093462534665655,20.596879841196372,-110.64494274327784,30.71500416124434,31.732773268936175,2.3183772470627204,17.23063321427928,-0.6814025597698503
10.600000000000001,-48.410780740362256,19.754674903943275,-109.7176683783916,30.7877019546509,31.774624724394805,2.286239800275517,17.218621999574935,-0.661734117428523
10.65,-48.71442774882496,18.90744500937413,-108.78771265707104,30.858196438204033,31.814937165973745,2.2550183970687527,17.206882003232757,-0.6427489357440663
10.700000000000001,-49.004284155912835,18.055398494640276,-107.85515297081339,30.926535061616153,31.85376473783874,2.224680759519323,17.195281723700088,-0.6244280641352873
10.75,-49.28023467136397,17.198747274468232,-106.9200652967572,30.992765752774908,31.891148965579543,2.1951955363300826,17.18393354423411,-0.6067527509885906
10.8,-49.542168202788766,16.337706726575547,-105.98252416189051,31.05693598226095,31.927139202451908,2.166532291470226,17.172766849301016,-0.5897044637848126
10.850000000000001,-49.7899779357107,15.472495575312944,-105.04260264234361,31.119093355131735,31.96177920574989,2.138661491897132,17.161807039933898,-0.5732648971971344
10.9,-50.023561410129474,14.603335773850374,-104.10037234128812,31.17928520160446,31.99510945456479,2.111554494918039,17.1511256788027,-0.5574159914618804
10.950000000000001,-50.2428205932453,13.730452384949324,-103.15590338252517,31.237558362530198,32.02717942117569,2.0851835348632974,17.1405923580858,-0.5421399395818582
11.0,-50.44766194854689,12.854073460534657,-102.20926441262255,31.293959866719163,32.05802462075507,2.059521709325054,17.13033993272498,-0.5274192010948298
11.05,-50.637996501369805,11.97442992022887,-101.26052257838273,31.348535920578875,32.087690717335,2.034542965103604,17.120276925442838,-0.5132365107648695
11.100000000000001,-50.81373990052922,11.091755428894778,-100.30974354249118,31.40133269177574,32.1162165373383,2.0102220834813593,17.110430638668138,-0.4995748844289949
11.15,-50.974812476599475,10.206286273453387,-99.35699147052145,31.452395823601634,32.143638050646,1.9865346654320106,17.100865956186166,-0.48641763244489766
11.200000000000001,-51.121139296396485,9.318261239004418,-98.40232903660197,31.501770268390516,32.169997447602015,1.9634571163226724,17.091505076252883,-0.47374836098697415
11.25,-51.25265021394993,8.427921484436393,-97.44581743590116,31.549500781191337,32.19533223198424,1.9409666304096262,17.08234539259554,-0.4615509821867647
11.3,-51.36927991807898,7.535510417654515,-96.48751637919132,31.595631599105115,32.21967547670429,1.9190411752425547,17.07345364235908,-0.44980971826092286
11.350000000000001,-51.47096797630557,6.641273570497059,-95.52748409994167,31.64020616179077,32.24306245482403,1.8976594757032998,17.064834633853042,-0.43850910334143123
11.4,-51.557658875315546,5.745458473488283,-94.56577737245559,31.68326732557886,32.2655344585751,1.8768009978832652,17.056356432349396,-0.4276339907850968
11.450000000000001,-51.62930205816267,4.848314530549619,-93.60245152252857,31.724857835078595,32.28711820436551,1.8564459329805842,17.048157794321096,-0.41716955640069386
11.5,-51.68585195812556,3.950092893750445,-92.63756042087101,31.76501929002766,32.30784777462397,1.8365751811067241,17.04021409482429,-0.40710129805361817
11.55,-51.72726802897695,3.051046338184365,-91.67115651589427,31.80379275321311,32.32775752676143,1.8171703347391315,17.032478092890578,-0.3974150374772023
11.600000000000001,-51.753514772315874,2.151429137112653,-90.70329084415437,31.84121880846656,32.3468786053053,1.7982136624452991,17.024949000356337,-0.3880969273518531
11.65,-51.764561761650704,1.2514969374294567,-89.73401303907617,31.877337365383617,32.365239658631076,1.7796880925343714,17.017658563566624,-0.3791334458766471
11.700000000000001,-51.76038366324611,0.351506635540752,-88.76337134750119,31.91218752918701,32.382869101223,1.7615771966162583,17.010626606233018,-0.3705113982185537
11.75,-51.74096025390011,-0.5482837462534622,-87.79141265161682,31.945807641475295,32.399798225511994,1.7438651731978467,17.003799289289205,-0.362217918362262
11.8,-51.706276435781945,-1.4476151827999368,-86.81818248980748,31.97823554033506,32.41605429668189,1.7265368314076497,16.997186501633394,-0.3542404683682321
11.850000000000001,-51.6563222483619,-2.346227768489234,-85.8437250680985,32.00950830864555,32.43166494284036,1.7095775748384838,16.990774760817402,-0.3465668358039409
11.9,-51.5910928773358,-3.243860838933688,-84.86808328152507,32.03966235394518,32.44665551994116,1.6929733853669475,16.98458011983888,-0.3391851313833172
11.950000000000001,-51.51058866075197,-4.1402530918633,-83.89129873288184,32.068733294373466,32.46105144487122,1.6767108071118741,16.978601813297786,-0.33208378943072603
12.0,-51.41481509235364,-5.035142707176971,-82.91341175618071,32.096756019409014,32.47487600106787,1.66077693049683,16.972866709175435,-0.3252515651014676
12.05,-51.303782822265184,-5.9282674660987045,-81.9344614381837,32.123764589527504,32.48815623990319,1.6451593764968138,16.967310192168178,-0.3186775323008817
12.100000000000001,-51.17750765504816,-6.819364869385412,-80.95448564410374,32.14979256455434,32.50091560042171,1.6298462810448555,16.961925235657773,-0.31235108000032596
12.15,-51.03601054524853,-7.708172254547322,-79.97352103118037,32.174872781402016,32.51317632283632,1.6148262796697992,16.956714201201745,-0.30626190903916495
12.200000000000001,-50.8793175903041,-8.594426912008021,-78.99160307100918,32.199037320075895,32.52495799620016,1.6000884921806673,16.951719228592196,-0.3004000275011265
12.25,-50.707460021007456,-9.477866200174136,-78.00876607347742,32.22231736837048,32.53628296819584,1.5856225075405348,16.946911549878493,-0.2947557497826381
12.3,-50.520474189607874,-10.358227659380415,-77.02504321615199,32.24474348264372,32.54717041260706,1.5714183689608134,16.942313541088133,-0.2893196928026498
12.350000000000001,-50.318401555694095,-11.235249124695345,-76.04046656403784,32.26634540621254,32.557642456961005,1.5574665593068602,16.937872092500474,-0.2840827715944272
12.4,-50.10128866976758,-12.10866883752799,-75.05506709651779,32.28715233840885,32.56771733446347,1.5437579866689788,16.933600919505537,-0.27903619307906524
12.450000000000001,-49.86918715467482,-12.978225556029805,-74.0688747243029,32.3071926952699,32.57741571725589,1.5302839702166722,16.929448591645322,-0.2741714527576278
12.5,-49.622153684804495,-13.843658664226984,-73.08191831573897,32.326494339697476,32.586753769835916,1.517036226184274,16.925444793942102,-0.2694803290461323
12.55,-49.36024996325049,-14.704708279891587,-72.09422571457151,32.34508429899307,32.59574598591589,1.5040068541398242,16.921642203086115,-0.2649548806479629
12.600000000000001,-49.0835426968693,-15.561115361092957,-71.10582376870005,32.36298870520184,32.6044123445611,1.4911883234076768,16.9179633740703,-0.26058744088899743
12.65,-48.79210356945475,-16.41262181145716,-70.11673836143035,32.38023325087036,32.61276696319769,1.4785734598222788,16.914443158724204,-0.25637061464294675
12.700000000000001,-48.48600921312041,-17.258970584139124,-69.1269944255318,32.396842801750886,32.6208257767042,1.4661554328568158,16.911064781577196,-0.2522972717079597
12.75,-48.16534117768818,-18.099905784408463,-68.13661597226167,32.41284158567613,32.628605482982735,1.4539277428610617,16.90778167248087,-0.24836053930926028
12.8,-47.830185898360625,-18.93517277090971,-67.14562611335725,32.42825329262659,32.63611613149773,1.4418842086478776,16.904680847202865,-0.24455379991508153
12.850000000000001,-47.48063466162525,-19.76451825555213,-66.15404707936612,32.443100638260255,32.64337567628048,1.4300189553220264,16.901663187157286,-0.2408706842636832
12.9,-47.116783569390996,-20.587690401995353,-65.16190025481963,32.45740599811884,32.65039637910599,1.4183264022978932,16.898742772173282,-0.237305066517024
12.950000000000001,-46.7387335016515,-21.404438922827904,-64.1692061893094,32.47119102533221,32.657189308788524,1.406801251774759,16.895949251479898,-0.2338510604826638
13.0,-46.34659007737622,-22.21451517528668,-63.17598462331558,32.48447661700766,32.66376842593691,1.3954384772947535,16.89323559842449,-0.23050301046268373
13.05,-45.94046361389313,-23.017672255600814,-62.18225451545787,32.49728317478832,32.67014394095988,1.384233312619294,16.89062825906352,-0.2272554896001111
13.100000000000001,-45.52046908482838,-23.813665091972897,-61.188034059898975,32.509630372372,32.676326764731066,1.373181240949684,16.888127086757773,-0.224103293509188
13.15,-45.08672607651014,-24.602250536129105,-60.19334071276159,32.52153725754051,32.68232856849321,1.3622779843410413,16.88570327379536,-0.22104143339220172
13.200000000000001,-44.63935874300852,-25.383187453501854,-59.19819121475085,32.53302235117999,32.68815963910868,1.3515194934543828,16.883349005090512,-0.21806513217285328
13.25,-44.17849575980067,-26.156236812022225,-58.20260161008422,32.54410358603204,32.6938273649754,1.3409019375907718,16.881114486643618,-0.21516981773316957
13.3,-43.70427027605364,-26.92116176949511,-57.20658726786112,32.55479814167085,32.69934467351285,1.3304216949527046,16.878908734179685,-0.21235111727222034
13.350000000000001,-43.216819865600776,-27.67772775957749,-56.21016290984934,32.56512289394528,32.704717990299805,1.3200753431741603,16.876784644926047,-0.20960485276134477
13.4,-42.716286476735306,-28.42570257642017,-55.213342621125676,32.57509397225631,32.70995466658371,1.3098596502233661,16.874764426384367,-0.2069270355708852
13.450000000000001,-42.20281638063263,-29.164856457833444,-54.21613987776588,32.58472687899398,32.7150655621,1.299771565411703,16.87277537772445,-0.20431385901588328
13.5,-41.676560118665236,-29.894962167124984,-53.21856757003278,32.594036784930125,32.720057244368135,1.2898082107795759,16.870839193639316,-0.20176169623326246
13.55,-41.13767244858306,-30.615795073583477,-52.220638014299276,32.603038246318555,32.724936490798,1.279966872791249,16.868963825914506,-0.19926709264254328
13.600000000000001,-40.586312289451385,-31.327133231509997,-51.22236297588516,32.61174526378137,32.72971166809008,1.270244994164507,16.86710854116065,-0.1968267597665374
13.65,-40.02264266552136,-32.028757457900866,-50.22375368969589,32.62017143551771,32.73438929275476,1.2606401660089617,16.865269431580852,-0.19443757253483795
13.700000000000001,-39.446830649036016,-32.72045140877154,-49.224820875034396,32.628329853891785,32.73897383241653,1.2511501202412703,16.86348631884582,-0.1920965631109084
13.75,-38.8590473019323,-33.40200165407085,-48.22557475443236,32.63623299521498,32.74347092349125,1.2417727221879389,16.861761876696054,-0.18980091535382826
13.8,-38.259467616520936,-34.073197751230246,-47.226025076763115,32.64389284723472,32.747888795915905,1.2325059634413762,16.860023289900333,-0.18754796106662752
13.850000000000001,-37.648270455222466,-34.73383231740181,-46.226181135505406,32.651321129283374,32.752231013215884,1.223347955038662,16.85830995128558,-0.18533517493125373
13.9,-37.02563848932728,-35.38370110034611,-45.22605177858907,32.6585289781357,32.756500446907104,1.2142969208890761,16.856673224843874,-0.18316016805428603
13.950000000000001,-36.391758136712276,-36.02260304788476,-44.225645430346,32.665526940190794,32.76070535564673,1.2053511913202328,16.855014876365463,-0.18102068299171492
14.0,-35.746819498681845,-36.65034037605272,-43.22497011380123,32.67232539843765,32.764848356036104,1.1965091969351036,16.85337820351902,-0.17891459137686638
14.05,-35.091016295956585,-37.26671863596727,-42.22403345658714,32.67893418112325,32.76893327757979,1.1877694627871165,16.851767958762338,-0.17683988770258452
14.100000000000001,-34.42454580365467,-37.87154677923678,-41.22284271192668,32.68536268801301,32.77296406585525,1.1791306026180735,16.85017909785242,-0.17479468295974243
14.15,-33.74760878545797,-38.46463722208253,-40.221404774793854,32.691619929287455,32.77694479912771,1.1705913133973525,16.848596177046492,-0.17277720338086056
14.200000000000001,-33.06040942693104,-39.0458059081283,-39.219726196604675,32.69771456284747,32.78087974776613,1.162150370088412,16.846991511538313,-0.17078578441442005
14.25,-32.363155267999616,-39.61487236984682,-38.217813198497396,32.703654933198806,32.784770677789524,1.153806620621154,16.84540076588512,-0.16881886617881037
14.3,-31.656057134597287,-40.17165978865129,-37.215671683138446,32.70944891495529,32.7886198854073,1.1455589810496747,16.84383979203486,-0.16687498934516043
14.350000000000001,-30.939329069489048,-40.71599505361783,-36.213307252569024,32.715103984273284,32.79243213461798,1.137406430873689,16.842248636985133,-0.16495279142958452
14.4,-30.213188262351782,-41.24770881891833,-35.2107252233249,32.72062742358362,32.79620979882276,1.1293480086201058,16.840628810481746,-0.1630510035197119
14.450000000000001,-29.477854979101835,-41.766635559937576,-34.20793063369582,32.726026164672135,32.79995328722175,1.1213828076432293,16.839033657709862,-0.1611684450716666
14.5,-28.733552490417672,-42.27261362797863,-33.20492825703797,32.73130667342568,32.803665876794426,1.1135099720216033,16.83742898406104,-0.15930401953752948
14.55,-27.9805069995368,-42.76548530363466,-32.20172261953882,32.736475187952024,32.80735109171079,1.1057286926477587,16.835767247638476,-0.1574567124325199
14.600000000000001,-27.218947569382454,-43.24509684889081,-31.198318008832103,32.74153775250622,32.81100922554508,1.0980382035821137,16.834090970582974,-0.15562558747689081
14.65,-26.44910604895657,-43.71129855784131,-30.1947184813177,32.74650000058042,32.81464177700469,1.0904377785284893,16.832403206460672,-0.15380978131290135
14.700000000000001,-25.671216999011783,-44.16394480600427,-29.190927877844203,32.751367270325005,32.818249962613976,1.0829267274119942,16.83071130364026,-0.15200850107248698
14.75,-24.885517617090688,-44.602894098347704,-28.186949834960284,32.7561446054885,32.82183560773471,1.075504393191764,16.829000068212814,-0.15022102232990164
14.8,-24.092247661911017,-45.02800911597146,-27.182787796140587,32.76083681993467,32.82539958563823,1.0681701488399256,16.8272791791336,-0.14844668440460396
14.850000000000001,-23.291649377113746,-45.43915676144649,-26.178445020536493,32.76544844605635,32.82894473054282,1.0609233944874106,16.825493911394855,-0.14668488703676985
14.9,-22.483967414373414,-45.83620820277862,-25.173924593722596,32.76998389494823,32.83246910106228,1.053763554698648,16.823733661857233,-0.14493508705029967
14.950000000000001,-21.6694487559036,-46.219038916024736,-24.169229432280716,32.77444712395638,32.83597470198644,1.046690075907378,16.82196262143133,-0.14319679577525335
15.0,-20.848342636333925,-46.5875287264744,-23.164362301199578,32.77884195095853,32.839463418450386,1.0397024239175678,16.820144452827513,-0.141469575825397
15.05,-20.020900464062645,-46.9415618485788,-22.15932581917455,32.783172055779374,32.842935987495935,1.0328000816715175,16.818275365354907,-0.13975303979620435
15.100000000000001,-19.187375742018073,-47.2810269244563,-21.154122463857817,32.78744090804484,32.84639203290293,1.0259825470959925,16.81638437308243,-0.13804684492100705
15.15,-18.34802398785133,-47.60581706097096,-20.148754579894128,32.79165170267756,32.84983038996151,1.019249331026046,16.814524134903607,-0.1363506915105006
15.200000000000001,-17.50310265359813,-47.91582986542232,-19.143224389448648,32.79580732319785,32.853254480654805,1.0125999552511686,16.81259605846986,-0.1346643213989296
15.25,-16.65287104484032,-48.21096747988226,-18.137534004156436,32.79991069158763,32.856663594431275,1.0060339507233778,16.810632534534633,-0.13298751549754684
15.3,-15.797590239387901,-48.49113661420055,-17.13168542359009,32.803964470362175,32.860057761147004,0.9995508559503392,16.80863988519796,-0.13132009055581761
15.350000000000001,-14.937523005430165,-48.75624857747699,-16.125680545215523,32.80797113398966,32.863437116370626,0.9931502153620855,16.806618859733643,-0.1296618954607709
15.4,-14.072933719238062,-49.00621930816726,-15.119521171599516,32.811932989874016,32.86680136919905,0.9868315778324614,16.80458251943964,-0.12801281176507473
15.450000000000001,-13.204088282420214,-49.24096940278024,-14.113209016812391,32.8158521598258,32.870151002651234,0.980594495312495,16.802516120671463,-0.12637275059248054
15.5,-12.33125403874727,-49.46042414315255,-13.106745713548998,32.81973064859905,32.8734860070057,0.9744385215636129,16.800419557409313,-0.12474165039932927
15.55,-11.454699690565944,-49.66451352230887,-12.100132817610305,32.823570317056664,32.876806442249595,0.9683632110022984,16.79828865595067,-0.12311947497764208
15.600000000000001,-10.574695214811543,-49.853172268865244,-11.093371813422655,32.82737289742759,32.880113265203505,0.9623681176151067,16.796086590595053,-0.1215062112262899
15.65,-9.691511778643653,-50.0263398699882,-10.08646411897152,32.83114006655444,32.88340392991884,0.9564527939608425,16.793896009872718,-0.1199018677438346
15.700000000000001,-8.805421654723148,-50.18396059289779,-9.079411087912039,32.834873199651895,32.88667942633698,0.9506167902507912,16.791676512002066,-0.11830647308528341
15.75,-7.91669813614409,-50.325983504867864,-8.072214021181994,32.83857364441511,32.88993956567238,0.944859653463169,16.789427072404518,-0.11672007420102659
15.8,-7.0256154510666144,-50.452362491867746,-7.064874168043008,32.84224263879063,32.89318520734204,0.9391809266412281,16.787108424584908,-0.1151427357524426
15.850000000000001,-6.132448677039802,-50.563056275679386,-6.057392730295732,32.845881393687165,32.896415067373745,0.9335801482091739,16.78475577164605,-0.11357453643881854
15.9,-5.237473655046518,-50.658028429535776,-5.049770863305105,32.84949094180763,32.89962869767699,0.9280568513561249,16.782374246854328,-0.11201556864108397
15.950000000000001,-4.340966903287228,-50.737247392227836,-4.042009682860925,32.853072210084015,32.90282425540606,0.9226105634379778,16.780018583890122,-0.11046593706097951
16.0,-3.4432055307359355,-50.8006864807681,-3.034110269245589,32.85662592760702,32.906003367459064,0.9172408054893069,16.777618302693472,-0.10892575836294327
16.05,-2.5444671504829266,-50.84832390156518,-2.0260736748578476,32.860152887596456,32.90916586431511,0.9119470918012667,16.775166316881837,-0.10739515897341789
16.1,-1.6450297928878743,-50.88014276016241,-1.0179009217261505,32.86365381450493,32.912310686255275,0.9067289296218277,16.772687461057252,-0.10587427376080427
16.150000000000002,-0.7451718185561599,-50.89613106937957,-0.009593004152143625,32.86712930534424,32.91543743143669,0.9015858188193846,16.770182401861874,-0.10436324358877869
16.2,0.15482816882915218,-50.89628175593572,0.9988491063790886,32.87057988577942,32.91854568768364,0.8965172515905877,16.76765185114719,-0.10286221604886236
16.25,1.0546914097963667,-50.880592665586654,2.007424458452627,32.874006014486866,32.92163481480165,0.8915227122479479,16.765104738691235,-0.10137134457593788
16.3,1.9541390764738678,-50.84906656674143,3.016132118144669,32.877408071652205,32.92470451412611,0.8866016770534912,16.762537199162043,-0.09989078685279651
16.35,2.852892360054568,-50.801711152553516,4.024971165998025,32.88078638897177,32.92775445591512,0.8817536140956719,16.759946332836645,-0.09842070388913271
16.400000000000002,3.7506725583125156,-50.73853904149237,5.033940695155185,32.88414125089629,32.930784207369776,0.8769779832167757,16.757333002933365,-0.09696125915638731
16.45,4.647201163146701,-50.65956777637608,6.043039809538606,32.887472890644396,32.933793334850435,0.8722742359725189,16.754698104929528,-0.09551261757792417
16.5,5.542199948126708,-50.56481982186353,7.052267621876353,32.890781493801974,32.9367820253782,0.8676418156232089,16.75201897147455,-0.09407494488513635
16.55,6.435391056015096,-50.45432256040826,8.061623251865873,32.89406724605742,32.939749665534464,0.863080157158798,16.749303236354407,-0.09264840698619992
16.6,7.326497086241076,-50.328108286671515,9.071105826181432,32.897330276020064,32.94269434295432,0.8585886873557769,16.746608632444328,-0.09123316928821623
16.650000000000002,8.215241182295513,-50.18621420036634,10.080714476272092,32.90057056651537,32.94561636605636,0.8541668248368381,16.74390842937503,-0.0898293960604235
16.7,9.101347119024881,-50.02868239756776,11.09044833273107,32.903788123625446,32.94851534852893,0.8498139801680011,16.741202647998623,-0.08843725037877448
16.75,9.984539389809747,-49.85555986054305,12.100306526195494,32.906982925404265,32.9513912186421,0.8455295560470475,16.738479388587383,-0.08705689337674016
16.8,10.864543293587015,-49.66689844600164,13.110288186264649,32.91015494634982,32.954244486335035,0.8413129474806809,16.73570422906304,-0.0856884824190729
16.85,11.741085021693078,-49.46275487179751,14.120392441363498,32.9133041992059,32.957073797384076,0.8371635419813117,16.73291553603341,-0.08433217132733262
16.900000000000002,12.613891744497574,-49.24319070207194,15.13061842022201,32.916430599075774,32.95987876930851,0.8330807197687804,16.730114402707525,-0.08298810998738304
16.95,13.48269169779293,-49.00827233081506,16.14096524810226,32.919534039806685,32.962658956818494,0.8290638539513893,16.727304836325313,-0.08165644425062624
17.0,14.347214268931902,-48.75807096392978,17.15143204597702,32.92261439102181,32.965412974976324,0.8251123107687377,16.724528498696035,-0.08033731634782271
17.05,15.207190082677124,-48.4926625997563,18.16201792959344,32.92567143273285,32.968142121585586,0.8212254498499547,16.72172167098935,-0.07903086365303125
17.1,16.06235108673627,-48.21212800806295,19.172722006008147,32.928705053365185,32.970846612070474,0.8174026244890413,16.71886345500505,-0.07773721837565972
17.150000000000002,16.91243063696904,-47.91655270754538,20.183543377778328,32.93171516470128,32.97352505979907,0.8136431819768575,16.715997122774496,-0.07645650721826769
17.2,17.75716358220173,-47.60602694172472,21.194481143865026,32.93470158577969,32.97617712899063,0.809946463869565,16.71312487421662,-0.07518885024367705
17.25,18.596286348633278,-47.280645653301015,22.20553439604709,32.93766412458047,32.97880252472959,0.8063118062448638,16.710247854235146,-0.07393436214584881
17.3,19.429537023830036,-46.940508457034355,23.216702218492955,32.94060258173398,32.9814009666928,0.8027385400166764,16.70736720962826,-0.07269315249402553
17.35,20.256655440267313,-46.58571961111288,24.22798368747581,32.94351675208818,32.98397218953866,0.7992259912583535,16.70448408420239,-0.07146532456374644
17.400000000000002,21.07738325838947,-46.216387987012745,25.239377871149358,32.946406426191785,32.98651590314373,0.7957734815322297,16.70160123696363,-0.07025097516645928
17.45,21.89146404916087,-45.832627037856874,26.250883829380903,32.949271388831214,32.98903177618872,0.7923803282243469,16.698723735804997,-0.0690501945224753
17.5,22.698643376079843,-45.434554765279856,27.26250061352775,32.952111416499605,32.9915197324318,0.7890458448834039,16.69584694265364,-0.06786306615765625
17.55,23.49866887662886,-45.02229368480864,28.274227266115833,32.954926296209045,32.993979568874146,0.7857693415646239,16.692971973862768,-0.0666896668188599
17.6,24.29129034313444,-44.59597078976951,29.286062821245974,32.95771581568513,32.99641109833995,0.7825501251801228,16.69009993491224,-0.06553006637560088
17.650000000000002,25.076259803004465,-44.1557175137211,30.29800630462096,32.960479764446184,32.998814149540515,0.779387499844006,16.68723191870217,-0.06438432769002134
17.7,25.85333159831813,-43.701669691429224,31.310056733614484,32.96321793481007,33.00118856708525,0.7762807672182532,16.684369004632075,-0.06325250672233551
17.75,26.622262464741198,-43.233967518393996,32.32221311737908,32.965930122829725,33.0035342114711,0.7732292268584686,16.681512257284364,-0.06213465251505568
17.8,27.382811609739353,-42.75275550894018,33.334474456990336,32.968616129161255,33.00585140566407,0.7702321765588493,16.678644318905466,-0.061030807195692205
17.85,28.13474079006263,-42.25818245288237,34.346839745624806,32.97127579176859,33.00813989323927,0.7672889126956406,16.6757722471792,-0.0599410059923855
17.900000000000002,28.877814388473986,-41.750401370777105,35.35930797000386,32.97390894187364,33.01039901302386,0.7643987305684732,16.672920490003566,-0.05886527726417512
17.95,29.61179948968412,-41.229569467758914,36.37187811013291,32.97651537552723,33.01262826597778,0.7615609247195536,16.670107553284282,-0.05780364254334813
18.0,30.336465955480524,-40.695848085996715,37.38454913794029,32.97909486770227,33.01482810038264,0.7587747892573873,16.6673133770045,-0.05675611697839145
18.05,31.051586499035935,-40.14940265579804,38.397320016461165,32.981647241465154,33.01699865822022,0.7560396182022231,16.664531157659702,-0.05572270924332656
18.1,31.75693675836726,-39.590402645367604,39.410189701699295,32.98417234266195,33.0191399093707,0.7533547058445009,16.661761824757757,-0.054703421103283745
18.150000000000002,32.45229536889406,-39.01902150920171,40.423157143509115,32.986670025998286,33.02125183851851,0.750719347074174,16.65900628265606,-0.05369824715444338
18.2,33.13744403507921,-38.43543663514763,41.43622128593938,32.989140155464014,33.02333444488545,0.7481328376961613,16.656265411453674,-0.05270717540653891
18.25,33.8121676011315,-37.839829290151215,42.4493810675932,32.991582604708405,33.02538823043924,0.7455944747402938,16.653519626647512,-0.051730187560252716
18.3,34.47625412074531,-37.23238456470929,43.4626354220029,32.9939972922606,33.02741291356281,0.7431035567653339,16.65078262675416,-0.05076725911735025
18.35,35.12949492585265,-36.61329131604418,44.475983279368755,32.99638412235362,33.02940834703696,0.7406593841568352,16.64806305759605,-0.04981835949919855
18.400000000000002,35.7716846943484,-35.98274211000284,45.48942356600668,32.99874299554529,33.031374584389376,0.7382612593972411,16.64536170082751,-0.04888345216997436
18.45,36.40262151678902,-35.34093316172575,46.50295520420707,33.00107382331987,33.03331169237845,0.7359084873441262,16.642679312861908,-0.047962495191882226
18.5,37.0221069620376,-34.688064275099066,47.516577112659135,33.00337652825262,33.03521975070515,0.7336003755100862,16.640016623412272,-0.04705544106229809
18.55,37.629946141826274,-34.02433878100243,48.530288206881806,33.00565104414209,33.03709885170477,0.7313362343352026,16.63737433451334,-0.046162236680800106
18.6,38.22594777421306,-33.349963474372444,49.54408739965982,33.00789731611085,33.03894848267241,0.7291153774520396,16.634779183293038,-0.0452828234976721
18.650000000000002,38.80992424591055,-32.66514855010184,50.557973601483916,33.01011525657954,33.040769306558325,0.7269371219427754,16.63220881009928,-0.04441713766325961
18.7,39.38169167346442,-31.97010753779506,51.57194571928563,33.01230483157802,33.04256153509779,0.7248007885885812,16.62966035757711,-0.043565110185284084
18.75,39.941069963281,-31.265057235418077,52.58600265851553,33.01446602468658,33.04432536310811,0.7227057021377377,16.627132121145458,-0.042726667083883285
18.8,40.48788287044275,-30.5502176418299,53.60014332382495,33.01659883457383,33.046061405514465,0.7206511915399858,16.624605006436216,-0.04190172901687106
18.85,41.02195805630658,-29.825811888232845,54.61436661965238,33.018703303926735,33.047769298874464,0.718636590168984,16.622101771469325,-0.04109021195503715
18.900000000000002,41.54312714486567,-29.092066168565275,55.62867145193129,33.020779446423,33.049449214103134,0.7166612360342128,16.619622920397546,-0.0402920274200369
18.95,42.051225777840145,-28.349209668849838,56.64305672696825,33.02282728697158,33.05110162905699,0.7147244719647148,16.617156298106668,-0.03950708269542247
19.0,42.54609366851292,-27.59747449554671,57.65752135188056,33.02484688283482,33.052726606719276,0.7128256458090263,16.614707731394688,-0.038735281389961074
19.05,43.02757465427252,-26.837095602920172,58.672064235851956,33.02683829168371,33.05432417008302,0.7109641106267262,16.612285102685796,-0.037976523113769645
19.1,43.49551674783332,-26.068310719435893,59.686684290151135,33.02880156871223,33.055894526155036,0.7091392248587169,16.60988880793466,-0.037230703646002894
19.150000000000002,43.949772187130954,-25.29136027322422,60.701380428038135,33.03073677995815,33.05743789033687,0.7073503524955811,16.60751921602554,-0.0364977153601842
19.200000000000003,44.39019748387734,-24.50648731663452,61.71615156518701,33.03264400212805,33.05895448606462,0.7055968632457592,16.605176668572078,-0.03577744726271703
19.25,44.81665347075129,-23.713937449900975,62.73099662010189,33.034523322409235,33.060444544453226,0.7038781326953298,16.60286147961069,-0.03506978499643765
19.3,45.229005347208236,-22.91395874394535,63.74591451452569,33.03637483826952,33.06190830392813,0.7021935424594901,16.600573935951395,-0.03437461100858741
19.35,45.62712272389279,-22.106801662342388,64.76090417384124,33.03819865724513,33.06334600985924,0.7005424803257725,16.59831429755856,-0.03369180471679556
19.400000000000002,46.01087966563874,-21.29271898247394,65.77596452746421,33.03999489671757,33.06475791419738,0.6989243403890626,16.596082797965337,-0.03302124267435147
19.450000000000003,46.38015473304133,-20.471965715898158,66.79109450922743,33.041763683680415,33.06614423976277,0.6973385231785656,16.59388115835428,-0.032362798734197895
19.5,46.73483102258727,-19.6447990279604,67.8062930577563,33.04350515197201,33.06750527017046,0.6957844357767016,16.59170872463909,-0.03171634420993996
19.55,47.07479620532856,-18.811478156672706,68.82155911673676,33.045219446129046,33.06884129300021,0.6942614919301349,16.589564884960026,-0.031081748037280477
19.6,47.39994256408797,-17.972264330889615,69.83689163533292,33.04690672090556,33.070152582990104,0.692769112154501,16.587449774568142,-0.03045887693133409
19.650000000000002,47.71016702918113,-17.12742068780667,70.85228956858597,33.04856713962588,33.07143937613204,0.6913067238305644,16.5853653738847,-0.02984759551267757
19.700000000000003,48.00537121264272,-16.2772121898094,71.86775187774927,33.05020087080489,33.07270187160641,0.6898737612918708,16.583315416388672,-0.02924776647873273
19.75,48.285461440945966,-15.421905540701003,72.88327753049255,33.05180808514786,33.07394048849018,0.6884696659051244,16.58129435513918,-0.028659250773870326
19.8,48.550348786205674,-14.561769101337303,73.89886550098957,33.05338897110089,33.075155519093684,0.687093886145064,16.57930223236359,-0.028081907734929246
19.85,48.799949095855965,-13.697072804697564,74.91451477060886,33.05494372452894,33.07634725919173,0.6857458776658305,16.577339068596068,-0.027515595201208498
19.900000000000002,49.0341830207832,-12.828088070416703,75.93022432820432,33.056472548433426,33.07751600771631,0.6844251033592315,16.57540486300902,-0.026960169584668847
19.950000000000003,49.25297604191027,-11.95508771880962,76.94599317039474,33.05797565266792,33.078662066437886,0.6831310334061769,16.573499594525508,-0.02641548613198097
20.0,49.45625849522313,-11.078345884416448,77.96182030183246,33.05945325365148,33.07978573966385,0.6818631453214934,16.57162322246159,-0.02588139906109177
20.05,49.6439655952312,-10.198137929097616,78.97770473546083,33.06090557408094,33.08088733394414,0.6806209239922225,16.569775687172363,-0.025357761693669545
20.1,49.8160374568536,-9.314740354707805,79.99364549276054,33.0623328426426,33.08196715778315,0.6794038617095737,16.567956910708457,-0.024844426585417523
20.150000000000002,49.97241911572387,-8.42843071537797,81.00964160398466,33.063735293724065,33.08302552135874,0.678211458194653,16.566166797476555,-0.024341245652976795
20.200000000000003,50.113060546906475,-7.539487529434735,82.02569210838261,33.06511316712654,33.08406273624827,0.6770432206183088,16.564405234906683,-0.023848070298413404
20.25,50.23791668201864,-6.648190190986531,83.04179605441288,33.0664667077781,33.085079115161825,0.6758986636150013,16.562672094107377,-0.02336475152688422
20.3,50.34694742475213,-5.754818881205998,84.05795249994473,33.067796165448364,33.08607497168244,0.6747773092910592,16.560967230542317,-0.02289114006615023
20.35,50.44011766478957,-4.8596544793381815,85.0741605124487,33.069101794465084,33.08705068680726,0.6736786872274365,16.559287600554555,-0.022427086478842284
20.400000000000002,50.51739729011102,-3.9629784734641667,86.09041916917599,33.07038385820381,33.088006771852726,0.6726023344771264,16.55762452895459,-0.021972441272453125
20.450000000000003,50.578761197686646,-3.0650728710498316,87.10672755751224,33.071642637750166,33.0889432724818,0.6715477955574016,16.555989436485067,-0.021527055006203
20.5,50.62418930254926,-2.166220109309294,88.12308477566715,33.072878397373856,33.089860502734,0.6705146224342116,16.55438212032144,-0.02109077839449469
20.55,50.65366654523837,-1.2667029654129438,89.13948993202484,33.07409140489958,33.09075877638582,0.6695023744933479,16.552802365478787,-0.020663462463801352
20.6,50.667182897634376,-0.3668044665710427,90.15594214528426,33.07528193143431,33.0916384067171,0.6685106185195622,16.551249946150854,-0.020244958817272618
20.650000000000002,50.66473336716855,0.5331921999786157,91.17244054458908,33.07645025109737,33.09249970632453,0.6675389286710924,16.549724625328587,-0.019835119475715146
20.700000000000003,50.646317999407756,1.4330037770491904,92.18898426964714,33.07759664075645,33.093342986918906,0.6665868864498421,16.548226155440627,-0.019433796969394734
20.75,50.61194187901319,2.3323470276196376,93.20557247083929,33.078721379768055,33.09416853288508,0.6656540806674585,16.546755415335877,-0.019040844425006753
20.8,50.561615129073125,3.2309388249561537,94.22220430931846,33.079824747847844,33.09497639894569,0.6647401074072974,16.545323168069018,-0.018656115647672777
20.85,50.495352908810155,4.128496242710485,95.23887895702602,33.080907008640544,33.09576717967663,0.663844569982615,16.543916732107604,-0.018279465203221434
20.900000000000002,50.41317540966507,5.024736644965516,96.25559559607044,33.081968449428835,33.09654118188067,0.6629670788922368,16.542535827788544,-0.017910748493648043
20.950000000000003,50.3151078497688,5.919377776199706,97.27235341964663,33.08300935888968,33.09729871052348,0.6621072517836808,16.541180167785495,-0.01754982180756315
21.0,50.20118046678019,6.8121378511388615,98.28915163209237,33.08403002686352,33.09804006859925,0.661264713399639,16.53984945676665,-0.017196542171120655
21.05,50.071428509105786,7.7027356444662765,99.30598944893546,33.08503074413036,33.09876555695728,0.6604390955212978,16.53854339304637,-0.016850767680836043
21.1,49.9258922255048,8.590890580361819,100.32286609693257,33.086011802189425,33.099475474160755,0.65963003690878,16.537261669128004,-0.016512357566824676
21.150000000000002,49.76461685308296,9.476322821840633,101.339780814099,33.086973493044525,33.100170116352814,0.6588371832386883,16.536003972222755,-0.016181172250355758
21.200000000000003,49.58765260367962,10.358753359862245,102.35673284973042,33.08791610899512,33.10084977712919,0.6580601870390552,16.534769984769547,-0.015857073401832622
21.25,49.39505464865292,11.237904102180952,103.37372146441626,33.08883994243327,33.10151474741793,0.6572987076218268,16.533559384928104,-0.015539923992662352
21.3,49.186883102068364,12.113497961908504,104.39074593004533,33.08974528564646,33.102165315365696,0.6565524110129317,16.532371847059718,-0.015229588344567446
21.35,48.963203002296595,12.985258945760208,105.40780552980353,33.0906324306264,33.102801766230534,0.6558209698801747,16.53120704220158,-0.014925932177902723
21.400000000000002,48.72408429202692,13.852912241955739,106.42489955816434,33.091501668883836,33.10342438228118,0.6551040634591132,16.530064638518567,-0.014628822655140539
21.450000000000003,48.46960179670336,14.716184307746062,107.44202732087194,33.09235329126936,33.10403344270279,0.6544013774769724,16.528944301738914,-0.014338128421229612
21.5,48.19983520139065,15.574802956538056,108.45918813491727,33.09318758780032,33.10462922350882,0.6537126040747765,16.527845695582023,-0.014053719642816986
21.55,47.91486902607825,16.42849744458857,109.47638132850736,33.09400484749379,33.10521199745883,0.653037441727875,16.526768482167896,-0.013775468043917272
21.6,47.61479259943062,17.276998557239807,110.49360624102829,33.094805358205576,33.10578203398259,0.6523755951649264,16.52571232240783,-0.013503246938029179
21.650000000000002,47.2997000309928,18.120038694668185,111.5108622230017,33.09558940647536,33.106339599109724,0.6517267752854892,16.524676876385858,-0.013236931258973073
21.700000000000003,46.969690181860706,18.957351957118874,112.52814863603508,33.09635727737781,33.10688495540512,0.6510906990763701,16.52366180372338,-0.012976397588744248
21.75,46.624866633826024,19.788674229598552,113.54546485276674,33.09710925437977,33.10741836190986,0.6504670895268347,16.52266676392687,-0.012721524182381927
21.8,46.26533765700614,20.61374326599905,114.56281025680461,33.09784561920334,33.107940074087686,0.6498556755427671,16.521691416722067,-0.012472190990706622
21.85,45.89121617596999,21.432298772624787,115.5801842426601,33.09856665169508,33.10845038943125,0.6492561918599478,16.520733433137536,-0.012228279681352205
21.900000000000002,45.50261973437112,22.24408249109708,116.59758621567656,33.09927263296195,33.10894965469443,0.6486683789565362,16.519788176127854,-0.011989673656387367
21.950000000000003,45.09967045809994,23.048838280608738,117.61501559207962,33.09996384879999,33.10943796671258,0.6480919829648428,16.51886173468689,-0.011756258068231773
22.0,44.682495016965525,23.846312199501575,118.63247179916054,33.10064057150802,33.109915565887675,0.6475267555805431,16.5179537701836,-0.011527919833866918
22.05,44.25122458491805,24.63625258613944,119.64995427475357,33.10130307110658,33.110382688880534,0.6469724539672512,16.517063945856172,-0.011304547685995203
22.1,43.80599479883487,25.418410139055936,120.66746246714864,33.10195161523328,33.11083956857682,0.6464288406676246,16.516191927418856,-0.01108603226583682
22.150000000000002,43.34694571587755,26.19253799634829,121.68499583499997,33.102586469043544,33.11128643407925,0.6458956835140199,16.51533738271004,-0.010872265992531993
22.200000000000003,42.874221769434094,26.958391814291975,122.70255384723106,33.10320789511752,33.111723510689906,0.6453727555390856,16.514499981928566,-0.010663143072093817
22.25,42.38797172366074,27.715729845150992,123.7201359829357,33.10381615337269,33.11215101989776,0.6448598348860699,16.513679397832032,-0.010458559498687237
22.3,41.88834862663854,28.464313014158915,124.73774173127565,33.10441150098163,33.11256917936932,0.6443567047191081,16.512875305948775,-0.010258413060313387
22.35,41.37550976215995,29.20390499564622,125.75537059137507,33.10499419229503,33.112978202943445,0.6438631531336014,16.512087384762317,-0.01006260333923592
22.400000000000002,40.84961660016142,29.934272288289574,126.77302207221202,33.105564478769914,33.113378300629975,0.6433789730666035,16.511315315880882,-0.009871031710133593
22.450000000000003,40.31083474581811,30.655184289459193,127.79069569250713,33.10612260890278,33.11376967861155,0.6429039622074058,16.510558784209145,-0.009683601339958159
22.5,39.75933388731759,31.366413368640565,128.80839098060946,33.106668828167685,33.11415253924914,0.6424379229084352,16.50981747809864,-0.009500217183955328
22.55,39.1952877423294,32.06773493990725,129.8261074743801,33.10720337895922,33.11452708109089,0.6419806620963939,16.509091089483213,-0.009320785979411994
22.6,38.61887400318816,32.75892753342169,130.8438447210735,33.10772650054005,33.11489349888367,0.6415319911838395,16.508379314015848,-0.009145216240824539
22.650000000000002,38.03027428080796,33.43977286594146,131.86160227721666,33.10823842899317,33.11525198358814,0.6410917259811626,16.507681851183364,-0.008973418251088106
22.700000000000003,37.429674047346346,34.11005591030843,132.8793797084864,33.108739397178525,33.11560272239629,0.6406596866091334,16.506998404420138,-0.00880530405353852
22.75,36.817262577636626,34.76956496389904,133.89717658958526,33.10922963469408,33.11594589875176,0.6402356974119741,16.506328681202312,-0.008640787440583608
22.8,36.193232889407405,35.41809171601382,134.91499250411528,33.10970936784106,33.11628169237303,0.6398195868710488,16.5056723931411,-0.008479783943187158
22.85,35.55778168230884,36.055431314184986,135.93282704445076,33.110178819593344,33.11661027927857,0.6394111875192507,16.50502925606354,-0.008322210818505482
22.900000000000002,34.91110927576537,36.68138242938111,136.95067981160997,33.110638209570865,33.11693183181484,0.6390103358560921,16.50439899008206,-0.008167987035960778
22.950000000000003,34.25341954567496,37.29574732008826,137.96855041512532,33.11108775401686,33.11724651868608,0.638616872263583,16.503781319659044,-0.00801703326317238
23.0,33.58491985997548,37.89833189524738,138.98643847291308,33.111527665778944,33.11755450498633,0.6382306409228775,16.50317597365971,-0.007869271850182713
23.05,32.905821013098894,38.488945776028125,140.00434361114205,33.11195815429375,33.11785595223352,0.6378514897318084,16.50258268540268,-0.00772462681410957
23.1,32.216337159334486,39.067402356419585,141.02226546410162,33.11237942557517,33.11815101840525,0.6374792702233023,16.502001192696007,-0.00758302382138254
23.150000000000002,31.51668574512262,39.633518862618914,142.0402036740696,33.11279168220589,33.11843985797631,0.6371138374846979,16.501431237869777,-0.007444390170121551
23.200000000000003,30.807087440300783,40.18711641119909,143.05815789117943,33.113195123332346,33.11872262195785,0.6367550500780581,16.500872567802986,-0.007308654772089085
23.25,30.087766068324132,40.72802006603757,144.07612777328725,33.113589944662735,33.11899945793812,0.6364027699614141,16.500324933938586,-0.007175748132794979
23.3,29.35894853548287,41.25605889398792,145.09411298583905,33.11397633846812,33.1192705101244,0.6360568624111096,16.499788092300467,-0.0070456023328802075
23.35,28.620864759139288,41.77106601927688,146.11211320173734,33.114354493586426,33.11953591938647,0.6357171959450838,16.499261803491855,-0.006918151006090056
23.400000000000002,27.873747595007472,42.272878676609906,147.13012810120873,33.11472459542929,33.119795823301104,0.635383642247298,16.49874583270459,-0.006793329320515795
23.450000000000003,27.117832763499,42.76133826296841,148.1481573716709,33.115086825991554,33.12005035619772,0.6350560760932282,16.498239949706964,-0.006671073955715201
23.5,26.35335877515823,43.236290388082466,149.16620070760067,33.115441363863425,33.12029964920499,0.6347343752764374,16.497743928835085,-0.006551323081396276
23.55,25.580566855211103,43.697584923563255,150.1842578104021,33.115788384244965,33.12054383029828,0.6344184205363206,16.49725754897985,-0.00643401633581675
23.6,24.799700867251563,44.14507605067973,151.2023283882751,33.116128058963056,33.120783024348306,0.6341080954869227,16.496780593562615,-0.006319094802336167
23.650000000000002,24.011007236090027,44.57862230676462,152.22041215608493,33.11646055649057,33.12101735316974,0.6338032865470211,16.49631285051673,-0.006206500987957497
23.700000000000003,23.21473486978858,44.99808663023528,153.23850883523232,33.11678604196766,33.121246935571406,0.6335038828712385,16.495854112249187,-0.006096178798031815
23.75,22.41113508090777,45.40333640421513,154.25661815352439,33.11710467722507,33.121471887406116,0.6332097762824205,16.49540417562007,-0.005988073515652559
23.8,21.600461506990186,45.794243498742325,155.2747398450464,33.117416620809436,33.12169227965177,0.6329208612052,16.49496468722714,-0.005882131776360211
23.85,20.782970030306153,46.1706843115522,156.29287365003458,33.117722025012455,33.12190820817976,0.6326370346006769,16.494536079275555,-0.005778301544410169
23.900000000000002,19.958918696887178,46.53253980742094,157.31101931463346,33.11802103809583,33.12211983825534,0.6323581959024196,16.494115616903525,-0.005676532090461706
23.950000000000003,19.128567634873633,46.87969555605976,158.32917659073982,33.1183138095358,33.1223272745786,0.6320842469553511,16.493703115705596,-0.005576773965145776
24.0,18.292178972202038,47.212041768546705,159.34734523604985,33.11860048561028,33.122530619138274,0.6318150919564545,16.493298395327233,-0.0054789789413689505
24.05,17.450016753656957,47.529473332281675,160.3655250139355,33.11888120943371,33.12272997126572,0.6315506373939073,16.492901279359778,-0.005383099977933625
24.1,16.602346857315126,47.83188984445624,161.38371569332168,33.11915612099314,33.122925427682354,0.6312907919874959,16.49251159553185,-0.005289091250944011
24.150000000000002,15.74943691040836,48.119195644027876,162.40191704856514,33.11942535718523,33.12311708255271,0.6310354666301947,16.492129175648284,-0.005196908128226596
24.200000000000003,14.891556204632016,48.39129984218858,163.4201288593346,33.11968905185433,33.123305027537185,0.6307845743310097,16.491753855536903,-0.005106507146024342
24.25,14.028975610925947,48.64811635131852,164.4383509104926,33.119947335831675,33.123489351844825,0.6305380301590233,16.491385474984536,-0.005017845983701363
24.3,13.16196749375501,48.88956391241556,165.45658299197854,33.12020033697548,33.12367014228591,0.6302957511886333,16.491023877676724,-0.0049308834397265855
24.35,12.290805624916374,49.11556612099232,166.47482489869338,33.12044818021194,33.12384748332434,0.6300576564459845,16.49066891113617,-0.004845579407799505
24.400000000000002,11.415765096900984,49.32605145143259,167.4930764303861,33.120690987577106,33.12402145712963,0.6298236668566517,16.49032042665936,-0.004761894852975956
24.450000000000003,10.53712223583673,49.52095327979965,168.51133739154167,33.120928878259434,33.12419214362868,0.6295937051944378,16.489978279246426,-0.004679791786657006
24.5,9.655154514040891,49.70020990508936,169.52960759127043,33.12116196864295,33.1243596205572,0.6293676960313874,16.489642327541283,-0.004599233244277912
24.55,8.770140462209655,49.863764568921546,170.54788684319962,33.121390372351115,33.124523963510704,0.6291455656889653,16.489312433761324,-0.00452018326100756
24.6,7.882359581272545,50.01156547366347,171.56617496536597,33.121614200291084,33.12468524599517,0.6289272421903789,16.488988463629926,-0.004442606848442665
24.650000000000002,6.992092253939704,50.14356579897989,172.58447178011082,33.12183356069852,33.12484353947697,0.6287126552140307,16.48867028630945,-0.004366469971728293
24.700000000000003,6.099619655970098,50.25972371680464,173.60277711397606,33.122048559182694,33.12499891343265,0.6285017360481646,16.488357774333934,-0.004291739526962601
24.75,5.205223667188751,50.36000240472902,174.62109079760262,33.12225929877198,33.12515143539798,0.6282944175465488,16.48805080353479,-0.004218383317322605
24.8,4.309186782281221,50.44437005780299,175.63941266563003,33.12246587995955,33.12530117101646,0.628090634085325,16.487749252979064,-0.004146370032316327
24.85,3.4117920213935844,50.512799898745534,176.65774255659846,33.122668400749326,33.12544818408723,0.6278903215209226,16.487453004894974,-0.0040756692244769965
24.900000000000002,2.513322840566244,50.5652701865611,177.67608031285198,33.12286695670203,33.125592536612395,0.6276934171490467,16.487161944605123,-0.004006251288046769
24.950000000000003,1.614063042029938,50.60176422355952,178.69442578044368,33.12306164098134,33.125734288843795,0.6274998596647592,16.48687596045789,-0.003938087437518334
25.0,0.7142966843923525,50.62227036077726,179.7127788090428,33.12325254440009,33.12587349932908,0.6273095891235485,16.486594943755694,-0.003871149685750197
25.05,-0.18569200725621238,50.62678200179849,-179.26886074815644,33.12343975546645,33.12601022495688,0.6271225469035144,16.486318788691815,-0.0038054108242135953
25.1,-1.085618731289673,50.615297604974806,-178.25049303452425,33.12362336043005,33.12614452100176,0.6269386756684625,16.486047392274596,-0.0037408444006814534
25.150000000000002,-1.985199199517007,50.587820684043045,-177.23211819008296,33.12380344332803,33.126276441167946,0.6267579193321069,16.485780654269135,-0.0036774247010384897
25.200000000000003,-2.884149227148639,50.54435980714107,-176.2137363515928,33.123980086030876,33.126406037632805,0.6265802230231614,16.485518477120177,-0.0036151267271122833
25.25,-3.782184822729888,50.484928594222005,-175.19534765263597,33.124153368288155,33.1265333610892,0.6264055330514537,16.48526076589373,-0.0035539261789097054
25.3,-4.679022278013025,50.40954571286776,-174.176952223699,33.12432336777395,33.12665846078739,0.6262337968749847,16.485007428205854,-0.0034937994341532885
25.35,-5.574378257739489,50.318234872503304,-173.15855019225322,33.12449016013205,33.12678138457602,0.6260649630678543,16.4847583741574,-0.00343472352938079
25.400000000000002,-6.4679698893038715,50.2110248170136,-172.14014168283344,33.12465381902091,33.126902178942274,0.6258989812891826,16.484513516274987,-0.0033766761426079483
25.450000000000003,-7.359514852271285,50.08794931576566,-171.12172681711522,33.124814416158145,33.12702088905163,0.6257358022529047,16.484272769439805,-0.0033196355734332883
25.5,-8.24873146771981,49.949047153038556,-170.10330571398993,33.124972021364826,33.127137558786416,0.6255753776983752,16.48403605082639,-0.003263580725558768
25.55,-9.13533878737975,49.79436211586489,-169.0848784896385,33.12512670260922,33.12725223078365,0.6254176603619328,16.483803279846402,-0.003208491090589405
25.6,-10.019056682541496,49.62394298028766,-168.0664452576033,33.12527852605026,33.12736494647246,0.6252626039492313,16.483574378078366,-0.0031543467288486227
25.650000000000002,-10.8996059327039,49.43784349603682,-167.0480061288584,33.12542755608042,33.1274757461103,0.6251101631084239,16.483349269213917,-0.0031011282540305274
25.700000000000003,-11.776708313935085,49.23612236963062,-166.02956121187788,33.125573855368266,33.12758466881849,0.6249602934041647,16.48312787899581,-0.003048816816146882
25.75,-12.650086686917785,49.01884324590703,-165.011110612703,33.12571748490043,33.12769176578971,0.6248129512923697,16.482909552374842,-0.0029973940851846237
25.8,-13.519465084651335,48.78607468799113,-163.9926544350074,33.12585850496395,33.12779709652525,0.6246680940957461,16.48269322110067,-0.002946842235900249
25.85,-14.3845687997826,48.537890155705014,-162.97419278012418,33.125996975789754,33.1279006603926,0.6245256799801027,16.482480432515445,-0.0028971439324720905
25.900000000000002,-15.245124471538057,48.27436798242634,-161.95572574704804,33.12613295326139,33.12800249222546,0.6243856679308024,16.48227111944812,-0.0028482823128683776
25.950000000000003,-16.100860172229336,47.99559135040277,-160.93725343260408,33.12626649175882,33.12810262589478,0.6242480177289949,16.482065216558226,-0.0028002409860050648
26.0,-16.95150549330569,47.70164826453255,-159.9187759315062,33.126397644197105,33.128201094337264,0.6241126899302216,16.48186266036647,-0.0027530040361511965
26.05,-17.79679163092571,47.39263152461799,-158.90029333641388,33.126526462064255,33.12829792958844,0.6239796458437468,16.481663389052844,-0.002706555975464653
26.1,-18.63645147102128,47.06863869610063,-157.8818057379877,33.12665299545884,33.12839316281185,0.6238488475124981,16.48146734240156,-0.0026608817294970777
26.150000000000002,-19.470219673826815,46.729772079287414,-156.8633132249431,33.126777293126906,33.12848682432711,0.6237202576936483,16.481274461755724,-0.0026159666249725433
26.200000000000003,-20.2978327578471,46.376138677077684,-155.844815884103,33.12689940249835,33.128578943637486,0.623593839839856,16.48108468996904,-0.0025717963769977814
26.25,-21.119029183237185,46.007850161201134,-154.82631380044887,33.127019369722575,33.1286695494567,0.6234695580810552,16.480897971355276,-0.0025283570758460883
26.3,-21.933549434567897,45.6250228369776,-153.8078070571703,33.12713723970358,33.12875866973482,0.6233473772069047,16.4807142516475,-0.0024856351760149664
26.35,-22.7411361029509,45.227777606609706,-152.78929573571358,33.127253056134386,33.12884633168376,0.6232272626497348,16.480533477946764,-0.00244361748301003
26.400000000000002,-23.541533967497248,44.816239931020164,-151.77077991582846,33.12736686153077,33.12893256180173,0.6231091804680915,16.480355598685147,-0.002402291143397406
26.450000000000003,-24.33449007608372,44.390539790245704,-150.75225967561406,33.12747869726441,33.12901738589722,0.6229930973308271,16.4801805635795,-0.002361643632866617
26.5,-25.1197538254014,43.95081164240031,-149.73373509156306,33.12758860359533,33.129100829112254,0.6228789805016817,16.480008323589402,-0.002321662745288222
26.55,-25.897077040261134,43.49719438122066,-148.7152062386051,33.127696619703684,33.12918291594479,0.6227667978244185,16.479838830879853,-0.0022823365829083286
26.6,-26.66621405213088,43.029831292207334,-147.6966731901485,33.1278027837209,33.129263670270795,0.6226565177084282,16.47967203877802,-0.0022436535452641237
26.650000000000002,-27.426921776880018,42.548870007375605,-146.67813601812102,33.127907132760186,33.129343115365316,0.6225481091148026,16.47950790173728,-0.0022056023198047114
26.700000000000003,-28.178959791706106,42.054462458630205,-145.65959479300943,33.128009702946265,33.129421273922986,0.6224415415428837,16.47934637530104,-0.002168171872511948
26.75,-28.922090411219717,41.54676482977882,-144.64104958389785,33.1281105294446,33.12949816807815,0.6223367850172821,16.479187416065734,-0.00213135143837917
26.8,-29.65607876266332,41.025937507199544,-143.62250045850504,33.12820964648986,33.129573819423975,0.622233810075322,16.479030981644122,-0.0020951305120320285
26.85,-30.3806928602404,40.49214502917784,-142.6039474832204,33.128307087413724,33.129648249031284,0.6221325877548693,16.478877030632223,-0.0020594988392019786
26.900000000000002,-31.095703678531322,39.94555603392917,-141.58539072313914,33.12840288467211,33.129721477466454,0.6220330895826578,16.478725522579918,-0.002024446409052416
26.950000000000003,-31.80088522497271,39.38634320632368,-140.5668302420963,33.128497069871706,33.12979352480918,0.6219352875629127,16.47857641795104,-0.00198996344423108
27.0,-32.49601461137744,38.81468322332979,-139.54826610269964,33.128589673795815,33.1298644106691,0.6218391541664019,16.478429678101246,-0.0019560403949014926
27.05,-33.18087212447262,38.23075669819406,-138.52969836636157,33.12868072642962,33.12993415420232,0.6217446623199052,16.478285265244054,-0.0019226679302164484
27.1,-33.85524129543322,37.63474812337493,-137.51112709333026,33.128770256984815,33.13000277412717,0.6216517853959402,16.478143142417554,-0.0018898369299336082
27.150000000000002,-34.5189089683894,37.026845812248446,-136.49255234271956,33.12885829392355,33.13007028873947,0.6215604972029141,16.478003273465436,-0.001857538479299592
27.200000000000003,-35.17166536788588,36.40724183960432,-135.4739741725382,33.12894486498183,33.13013671592718,0.6214707719755808,16.47786562300261,-0.001825763860523466
27.25,-35.81330416527196,35.77613198095137,-134.45539263971787,33.12902999719221,33.130202073184684,0.6213825843658398,16.477730156391573,-0.0017945045466660758
27.3,-36.443622544001215,35.13371565065137,-133.4368078001406,33.12911371690596,33.13026637762649,0.6212959094337904,16.47759683971531,-0.001763752194818835
27.35,-37.06242126382026,34.48019583890095,-132.4182197086652,33.12919604981457,33.130329646000376,0.6212107226391694,16.477465639757853,-0.0017334986409878184
27.400000000000002,-37.66950472382622,33.81577904758153,-131.39962841915283,33.1292770209707,33.13039189470021,0.6211269998329811,16.47733652397308,-0.0017037358924198998
27.450000000000003,-38.264681024372976,33.140675224997565,-130.38103398449186,33.12935665480852,33.13045313977802,0.6210447172495321,16.477209460470743,-0.0016744561237658218
27.5,-38.84776202780664,32.455097699523755,-129.36243645662185,33.12943497516348,33.13051339695603,0.620963851498594,16.47708441798311,-0.0016456516689800083
27.55,-39.41856341801098,31.759263112182204,-128.34383588655683,33.12951200529152,33.13057268163793,0.6208843795579213,16.476961365856504,-0.0016173150187626106
27.6,-39.976904758744084,31.053391348170948,-127.32523232440772,33.12958776788769,33.130631008919714,0.6208062787659827,16.476840274022145,-0.0015894388134540804
27.650000000000002,-40.52260955074762,30.33770546736542,-126.30662581940419,33.12966228510427,33.13068839360026,0.6207295268149551,16.4767211129798,-0.001562015838771913
27.700000000000003,-41.05550528761081,29.612431633814925,-125.28801641991572,33.129735578568265,33.13074485019152,0.6206541017439093,16.476603853776794,-0.001535039020552631
27.75,-41.5754235103714,28.877799044256395,-124.26940417347193,33.1298076693985,33.130800392928,0.620579981932238,16.476488467993278,-0.001508501420914854
27.8,-42.08219986083622,28.134039855668075,-123.25078912678237,33.12987857822204,33.13085503577628,0.6205071460933098,16.47637492772304,-0.0014823962334276075
27.85,-42.57567413360469,27.381389111886058,-122.23217132575557,33.12994832519019,33.130908792443826,0.6204355732683098,16.476263205555327,-0.0014567167785628499
27.900000000000002,-43.05569032677867,26.620084669306895,-121.2135508155176,33.13001692999402,33.130961676387685,0.6203652428203057,16.47615327456062,-0.0014314565000006496
27.950000000000003,-43.52209669134256,25.85036712169979,-120.19492764042984,33.13008441187928,33.131013700822656,0.6202961344284148,16.47604510827231,-0.0014066089600817122
28.0,-43.97474577919828,25.072479724152185,-119.17630184410626,33.13015078966095,33.13106487872902,0.62022822808229,16.47593868067992,-0.0013821678378178603
28.05,-44.41349448983961,24.28666831617278,-118.15767346943024,33.130216081737245,33.13111522286047,0.6201615040766555,16.475833966202377,-0.0013581269224971493
28.1,-44.83820411565137,23.49318124397637,-117.13904255857071,33.13028030610319,33.13116474575106,0.6200959430060635,16.47573093968554,-0.001334480112689107
28.150000000000002,-45.24874038581905,22.692269281975044,-116.12040915299775,33.13034348036375,33.13121345972214,0.6200315257598348,16.47562957638425,-0.0013112214118393695
28.200000000000003,-45.644973508834866,21.884185553500615,-115.10177329349783,33.1304056217465,33.131261376889185,0.6199682335171133,16.475529851947602,-0.001288344924574858
28.25,-46.02677821358702,21.06918545078337,-114.08313502018835,33.13046674711383,33.13130850916802,0.6199060477420346,16.475431742410457,-0.0012658448544300427
28.3,-46.39403378901899,20.247526554212456,-113.06449437253193,33.13052687297485,33.131354868280816,0.6198449501791146,16.47533522418497,-0.001243715501573206
28.35,-46.74662412234638,19.419468550903463,-112.04585138935003,33.130586015496704,33.13140046576207,0.6197849228487442,16.475240274042413,-0.0012219512584010772
28.400000000000002,-47.08443773581924,18.58527315259896,-111.02720610883632,33.13064419051565,33.13144531296408,0.6197259480427704,16.475146869105203,-0.0012005466074072046
28.450000000000003,-47.40736782201818,17.745204012927974,-110.00855856856947,33.13070141354768,33.13148942106216,0.6196680083202466,16.47505498684075,-0.001179496119476653
28.5,-47.71531227767317,16.899526644050603,-108.98990880552556,33.130757699798714,33.13153280105986,0.6196110865032622,16.474964605047667,-0.0011587944504753978
28.55,-48.00817373599432,16.048508332714114,-107.97125685609018,33.13081306417451,33.13157546379359,0.6195551656729705,16.47487570185017,-0.0011384363396871322
28.6,-48.285859597504356,15.192418055747117,-106.95260275607006,33.130867521290156,33.131617419937506,0.6195002291655811,16.474788255681535,-0.001118416605834227
28.650000000000002,-48.54828205936312,14.331526395018551,-105.93394654070434,33.13092108547926,33.13165868000758,0.6194462605685942,16.474702245288736,-0.0010987301477882738
28.700000000000003,-48.79535814317473,13.46610545188838,-104.91528824467551,33.130973770802704,33.13169925436607,0.6193932437170417,16.474617649711977,-0.0010793719397383938
28.75,-49.027009721268726,12.596428761177078,-103.89662790212003,33.13102559105723,33.1317391532254,0.6193411626898495,16.4745344482853,-0.00106033703104913
28.8,-49.24316354144674,11.722771204681141,-102.87796554663852,33.13107655978352,33.13177838665185,0.6192900018063341,16.474452620627027,-0.0010416205438446013
28.85,-49.44375125018698,10.845408924261962,-101.85930121130576,33.13112669027412,33.13181696456948,0.6192397456226857,16.474372146628717,-0.0010232176703084406
28.900000000000002,-49.62870941429914,9.9646192345356,-100.84063492868029,33.13117599558093,33.131854896763244,0.6191903789286286,16.474293006457696,-0.0010051236729680113
28.950000000000003,-49.79797954102289,9.080680535191057,-99.82196673081378,33.13122448852253,33.13189219288252,0.6191418867441101,16.474215180542135,-0.0009873338811416943
29.0,-49.951508096563614,8.193872222964803,-98.80329664926008,33.131272181691095,33.131928862444134,0.6190942543160745,16.474138649569586,-0.0009698436903704533
29.05,-50.08924652305947,7.304474603299422,-97.78462471508398,33.13131908745917,33.1319649148354,0.6190474671153012,16.474063394480392,-0.0009526485607125323
29.1,-50.2111512539745,6.412768801714317,-96.76595095886978,33.131365217986044,33.13200035931685,0.6190015108333142,16.473989396462937,-0.0009357440154644792
29.150000000000002,-50.31718372791283,5.519036674916517,-95.74727541072957,33.13141058522396,33.132035205025,0.618956371379376,16.473916636948278,-0.0009191256397400593
29.200000000000003,-50.407310400849674,4.623560721679729,-94.72859810031122,33.13145520092403,33.13206946097498,0.6189120348775106,16.473845097603363,-0.000902789078764954
29.25,-50.481502756775214,3.726623993519811,-93.70991905680621,33.13149907664196,33.13210313606283,0.6188684876635833,16.47377476032951,-0.0008867300373083253
29.3,-50.53973731674801,2.8285100051949574,-92.69123830895732,33.13154222374345,33.13213623906793,0.6188257162824655,16.473705607258132,-0.0008709442785459487
29.35,-50.581995646355104,1.9295026450588912,-91.67255588506582,33.13158465340949,33.1321687786551,0.6187837074852638,16.47363762074398,-0.0008554276223549095
29.400000000000002,-50.60826436157641,1.029886085295443,-90.65387181299879,33.131626376641314,33.132200763376886,0.6187424482265271,16.47357078336019,-0.0008401759440346268
29.450000000000003,-50.61853513305161,0.1299446920629146,-89.63518612019601,33.13166740426528,33.13223220167529,0.6187019256615827,16.473505077901148,-0.0008251851747331784
29.5,-50.61280468874811,-0.7700370644233404,-88.61649883367681,33.13170774693743,33.132263101883936,0.6186621271438639,16.47344048737166,-0.0008104512988893475
29.55,-50.591074815029344,-1.6697746998416696,-87.5978099800467,33.13174741514789,33.13229347222966,0.6186230402223387,16.47337699498848,-0.000795970354374731
29.6,-50.55335235612293,-2.568983805719748,-86.5791195855037,33.13178641922516,33.13232332083441,0.6185846526388943,16.47331458417205,-0.0007817384305042197
29.650000000000002,-50.499649211989016,-3.4673801393666146,-85.56042767584476,33.131824769340106,33.13235265571668,0.6185469523258504,16.473253238551163,-0.0007677516688886499
29.700000000000003,-50.4299823345894,-4.364679713752665,-84.54173427647174,33.13186247550987,33.13238148479327,0.6185099274034584,16.473192941952064,-0.0007540062608768494
29.75,-50.344373722558586,-5.260598887309163,-83.52303941239751,33.13189954760154,33.132409815880614,0.6184735661774567,16.473133678400544,-0.0007404984478398546
29.8,-50.24285041427858,-6.154854453618863,-82.5043431082517,33.131935995335766,33.132437656696325,0.6184378571366551,16.473075432117433,-0.0007272245200340421
29.85,-50.125444479359444,-7.047163730969358,-81.48564538828637,33.13197182829009,33.13246501486043,0.6184027889505401,16.473018187516743,-0.0007141808160326946
29.900000000000002,-49.99219300852852,-7.937244651740832,-80.46694627638162,33.13200705590226,33.13249189789669,0.6183683504669659,16.4729619292044,-0.0007013637222996749
29.950000000000003,-49.843138101931316,-8.824815851599919,-79.44824579605103,33.13204168747328,33.132518313233945,0.618334530709788,16.47290664197116,-0.000688769671484124
30.0,-49.67832685584795,-9.709596758471472,-78.42954397044687,33.13207573217047,33.13254426820704,0.6183013188765898,16.47285231079839,-0.000676395143557329
30.05,-49.4978113478292,-10.591307681260076,-77.41084082236542,33.13210919903023,33.13256977005822,0.6182687043364581,16.47279892085033,-0.0006642366639653119
30.1,-49.301648620256955,-11.469669898293242,-76.39213637425193,33.132142096960806,33.132594825938035,0.6182366766277099,16.47274645747016,-0.0006522908026340701
30.150000000000002,-49.08990066233427,-12.344405745458301,-75.37343064820571,33.13217443474489,33.13261944290642,0.6182052254557036,16.472694906185097,-0.0006405541749643362
30.200000000000003,-48.86263439051069,-13.215238704005122,-74.35472366598495,33.13220622104214,33.132643627933724,0.6181743406906506,16.472644252699258,-0.0006290234401262751
30.25,-48.619921627349036,-14.08189348798686,-73.33601544901144,33.13223746439154,33.132667387901584,0.6181440123654625,16.47259448289417,-0.0006176953010594843
30.3,-48.361839078840426,-14.944096131311097,-72.3173060183754,33.13226817321369,33.132690729603894,0.6181142306736334,16.472545582826125,-0.0006065665037624512
30.35,-48.08846831017459,-15.801574074373804,-71.29859539483992,33.132298355812985,33.13271365974772,0.6180849859671014,16.472497538723452,-0.0005956338365820102
30.400000000000002,-47.79989571997324,-16.65405625024875,-70.27988359884559,33.13232802037975,33.132736184954034,0.6180562687541951,16.47245033698897,-0.0005848941306396682
30.450000000000003,-47.49621251299462,-17.50127317040508,-69.26117065051486,33.13235717499221,33.13275831175873,0.6180280696975302,16.47240396419276,-0.0005743442581263025
30.5,-47.177514671317844,-18.342957009925936,-68.24245656965643,33.132385827618386,33.13278004661316,0.6180003796120062,16.47235840707716,-0.0005639811332969202
30.55,-46.84390292401622,-19.178841692201164,-67.22374137576949,33.13241398611801,33.1328013958852,0.6179731894627452,16.472313652548173,-0.0005538017104811388
30.6,-46.495482715329075,-20.008662973067356,-66.20502508804802,33.13244165824423,33.13282236585979,0.6179464903630958,16.472269687681155,-0.0005438029852200543
30.650000000000002,-46.1323641713422,-20.83215852436855,-65.18630772538478,33.13246885164535,33.13284296273967,0.6179202735726719,16.472226499715386,-0.0005339819929872647
30.700000000000003,-45.75466206518746,-21.649068016911187,-64.16758930637552,33.132495573866365,33.13286319264633,0.6178945304953558,16.472184076051317,-0.0005243358084783267
30.75,-45.36249578077253,-22.459133202787104,-63.14886984932288,33.132521832350655,33.132883061620376,0.6178692526773517,16.472142404254235,-0.0005148615463212991
30.8,-44.95598927505233,-23.26209799703848,-62.130149372240474,33.132547634441345,33.13290257562243,0.6178444318052954,16.472101472050124,-0.0005055563600819823
30.85,-44.53527103885403,-24.057708558638932,-61.11142789285659,33.13257298738285,33.132921740533774,0.6178200597042647,16.472061267320925,-0.0004964174411270506
30.900000000000002,-44.10047405626798,-24.845713370765143,-60.092705428618224,33.1325978983222,33.1329405621569,0.6177961283359608,16.472021778113966,-0.000487442020613571
30.950000000000003,-43.65173576261755,-25.62586332033362,-59.07398199669473,33.132622374310394,33.1329590462163,0.6177726297967823,16.47198299262685,-0.00047862736607839906
31.0,-43.189198001021055,-26.397911776777455,-58.0552576139816,33.13264642230367,33.132977198359,0.6177495563159852,16.471944899217508,-0.00046997078356980637
31.05,-42.71300697755955,-27.1616146700381,-57.03653229710413,33.13267004916477,33.13299502415524,0.6177269002538281,16.471907486396823,-0.0004614696159421783
31.1,-42.2233132150647,-27.91673056774761,-56.01780606242101,33.13269326166409,33.13301252909903,0.6177046540997466,16.471870742830287,-0.00045312124314023094
31.150000000000002,-41.72027150554132,-28.66302075157679,-54.99907892602804,33.132716066480874,33.133029718608896,0.6176828104705407,16.471834657335723,-0.00044492308163057714
31.200000000000003,-41.204040861239655,-29.400249292725253,-53.98035090376155,33.1327384702043,33.13304659802834,0.6176613621085707,16.471799218882374,-0.0004368725841175092
31.25,-40.67478446439288,-30.128183126529375,-52.961622011201875,33.13276047933459,33.133063172626514,0.6176403018799945,16.471764416590574,-0.0004289672394008903
31.3,-40.13266961563569,-30.84659212616466,-51.94289226367695,33.13278210028402,33.13307944759886,0.6176196227729776,16.471730239728174,-0.00042120457152350355
31.35,-39.57786768112037,-31.55524917541913,-50.9241616762656,33.132803339377936,33.13309542806764,0.6175993178959658,16.471696677713478,-0.0004135821403394857
31.400000000000002,-39.010554038346974,-32.25393024051478,-49.90543026380095,33.13282420285577,33.133111119082606,0.617579380475938,16.471663720109678,-0.0004060975402353506
31.450000000000003,-38.430908020724885,-32.9424144409543,-48.8866980408738,33.13284469687198,33.13312652562149,0.6175598038567145,16.471631356627135,-0.00039874840055631466
31.5,-37.83911286088313,-33.62048411937081,-47.86796502183588,33.132864827496945,33.13314165259078,0.6175405814971953,16.471599577118496,-0.0003915323844694285
31.55,-37.235355632747535,-34.28792491035831,-46.84923122080311,33.13288460071793,33.133156504826026,0.6175217069697467,16.471568371585402,-0.00038444719038466246
31.6,-36.61982719240298,-34.9445258082613,-45.83049665165889,33.13290402243994,33.13317108709279,0.6175031739584753,16.47153773016525,-0.00037749054897062706
31.650000000000002,-35.99272211775943,-35.59007923390189,-44.81176132805722,33.13292309848657,33.13318540408697,0.6174849762575931,16.47150764314173,-0.0003706602254283098
31.700000000000003,-35.35423864704088,-36.224381100223596,-43.7930252634259,33.132941834600885,33.13319946043549,0.6174671077697766,16.47147810093676,-0.000363954017643664
31.75,-34.70457861611668,-36.847230876830736,-42.774288470969665,33.132960236446216,33.13321326069691,0.6174495625045395,16.471449094111335,-0.00035736975632971735
31.8,-34.04394739469498,-37.458431653403274,-41.75555096367322,33.13297830960698,33.133226809362036,0.6174323345766268,16.471420613364508,-0.00035090530474235493
31.85,-33.372553821398604,-38.057790201966924,-40.736812754304445,33.13299605958949,33.133240110854494,0.6174154182043949,16.471392649531683,-0.0003445585582539934
31.900000000000002,-32.69061013774378,-38.64511703799887,-39.71807385541724,33.1330134918227,33.13325316953127,0.6173988077082768,16.47136519358614,-0.0003383274446377982
31.950000000000003,-31.998331921042688,-39.220226480349766,-38.69933427935468,33.133030611659024,33.133265989683515,0.6173824975091762,16.471338236631542,-0.0003322099223623809
32.0,-31.295938016250965,-39.78293670996305,-37.680594038251954,33.133047424375064,33.13327857553692,0.6173664821269469,16.471311769908578,-0.0003262039820128848
32.050000000000004,-30.583650466781844,-40.33306982737308,-36.66185314403921,33.13306393517234,33.133290931252475,0.617350756178837,16.47128578478746,-0.0003203076445856823
32.1,-29.861694444308693,-40.87045190896377,-35.64311160844462,33.13308014917806,33.13330306092698,0.6173353143779892,16.47126027277135,-0.0003145189621989175
32.15,-29.13029817757823,-41.394913061970115,-34.62436944299721,33.13309607144584,33.13331496859382,0.617320151531942,16.4712352254914,-0.0003088360169556381
32.2,-28.389692880256906,-41.90628747820502,-33.60562665902961,33.13311170695641,33.133326658223446,0.617305262541116,16.471210634706985,-0.0003032569209437952
32.25,-27.64011267783328,-42.40441348649465,-32.58688326768108,33.13312706061834,33.13333813372396,0.6172906423973785,16.47118649230714,-0.00029777981652046037
32.300000000000004,-26.881794533599507,-42.889133603805504,-31.56813927990015,33.13314213726875,33.13334939894192,0.6172762861825589,16.471162790303687,-0.0002924028747486318
32.35,-26.114978173735356,-43.36029458504726,-30.549394706447483,33.133156941673974,33.13336045766279,0.6172621890670058,16.471139520835937,-0.000287124296391994
32.4,-25.339906011518437,-43.81774747153546,-29.530649557898595,33.133171478530315,33.133371313611605,0.6172483463082017,16.471116676167004,-0.0002819423110622665
32.45,-24.55682307068464,-44.26134763809888,-28.5119038446466,33.1331857524647,33.13338197045379,0.6172347532493205,16.471094248678757,-0.0002768551760823357
32.5,-23.76597690796298,-44.6909548388165,-27.493157576904846,33.13319976803535,33.13339243179546,0.6172214053178351,16.471072230877276,-0.0002718611776231228
32.550000000000004,-22.967617534809396,-45.10643325136981,-26.47441076470963,33.133213529732494,33.13340270118432,0.6172082980241385,16.4710506153884,-0.00026695862970882445
32.6,-22.161997338364213,-45.50765151999628,-25.455663417922846,33.133227041979055,33.133412782110184,0.6171954269602153,16.471029394956624,-0.0002621458739326954
32.65,-21.34937100165831,-45.89448279703053,-24.436915546234562,33.133240309131274,33.13342267800572,0.6171827877982494,16.471008562440772,-0.0002574212784622887
32.7,-20.529995423093194,-46.26680478301992,-23.418167159165666,33.13325333547945,33.133432392246924,0.6171703762893372,16.470988110819945,-0.0002527832393184326
32.75,-19.70412963522047,-46.624499765402064,-22.399418266070366,33.133266125248554,33.133441928153964,0.6171581882621169,16.470968033183972,-0.0002482301782436025
32.800000000000004,-18.872034722846355,-46.967454655731856,-21.380668876138735,33.13327868259894,33.13345128899157,0.6171462196215316,16.470948322741354,-0.00024376054440722328
32.85,-18.03397374048722,-47.29556102544638,-20.36191899839925,33.13329101162699,33.13346047796994,0.6171344663475153,16.47092897280707,-0.0002393728117056071
32.9,-17.190211629202153,-47.60871514015632,-19.34316864172131,33.13330311636577,33.13346949824533,0.6171229244937066,16.470909976809892,-0.0002350654803251473
32.95,-16.34101513282893,-47.90681799245304,-18.324417814817593,33.133315000785736,33.13347835292046,0.6171115901862478,16.470891328289895,-0.00023083707617388427
33.0,-15.486652713649857,-48.18977533322102,-17.30566652624657,33.133326668795355,33.13348704504554,0.6171004596224918,16.470873020890878,-0.0002266861491762029
33.050000000000004,-14.627394467514149,-48.45749770144562,-16.2869147844149,33.133338124241796,33.133495577618646,0.6170895290698297,16.470855048368865,-0.0002226112751202436
33.1,-13.763512038443682,-48.709900452506915,-15.26816259757979,33.133349370911574,33.13350395358645,0.6170787948644616,16.470837404581236,-0.0002186110532420571
33.15,-12.89527853274915,-48.946903784950536,-14.24940997385135,33.133360412531204,33.133512175844885,0.6170682534101957,16.470820083492093,-0.0002146841073624728
33.2,-12.022968432683756,-49.1684327657271,-13.230656921194958,33.133371252767894,33.1335202472398,0.6170579011773043,16.470803079169706,-0.0002108290853186645
33.25,-11.146857509661766,-49.37441735389222,-12.211903447433508,33.13338189523017,33.133528170567565,0.6170477347013588,16.47078638578153,-0.0002070446578272822
33.300000000000004,-10.267222737069353,-49.56479242275969,-11.193149560249745,33.13339234346856,33.13353594857576,0.6170377505820639,16.470769997596253,-0.00020332951891077755
33.35,-9.384342202695317,-49.7394977805007,-10.174395267188478,33.13340260097621,33.133543583963814,0.6170279454821639,16.470753908983855,-0.00019968238589740395
33.4,-8.498495020809358,-49.898478189182725,-9.155640575658849,33.13341267118961,33.13355107938363,0.6170183161263054,16.47073811440934,-0.00019610199800013106
33.45,-7.609961243915722,-50.04168338224195,-8.136885492936488,33.13342255748918,33.133558437440286,0.6170088592999505,16.470722608436667,-0.0001925871171692961
33.5,-6.719021774210109,-50.16906808038377,-7.118130026165736,33.13343226319998,33.1335656606926,0.6169995718482966,16.470707385724342,-0.000189136527097844
33.550000000000004,-5.825958274767858,-50.28059200590633,-6.099374182361754,33.133441791592304,33.1335727516538,0.6169904506752317,16.470692441024873,-0.00018574903307921886
33.6,-4.9310530804914805,-50.37621989544258,-5.080617968412655,33.13345114588241,33.133579712792276,0.6169814927422337,16.470677769181652,-0.0001824234612968212
33.65,-4.034589108845705,-50.45592151111681,-4.061861391081621,33.13346032923312,33.13358654653196,0.616972695067382,16.470663365134236,-0.00017915865996087632
33.7,-3.136849770408274,-50.51967165011214,-3.0431044570089893,33.13346934475447,33.133593255253224,0.6169640547243276,16.470649223908048,-0.00017595349703469765
33.75,-2.2381188792647517,-50.56745015264592,-2.024347172714286,33.133478195504374,33.13359984129343,0.61695556884127,16.470635340618415,-0.0001728068610873379
33.800000000000004,-1.3386805632757053,-50.599241908350635,-1.0055895445982632,33.133486884489315,33.13360630694748,0.6169472345999907,16.470621710469974,-0.00016971766115148057
33.85,-0.43881917424461214,-50.61503686105812,0.013168421055143171,33.13349541466489,33.133612654468536,0.6169390492348654,16.47060832875158,-0.0001666848255865716
33.9,0.46118080198508826,-50.61483001198571,1.0319267180768017,33.133503788936586,33.13361888606863,0.6169310100318981,16.470595190838374,-0.00016370730250514498
33.95,1.361034835475375,-50.59862142132328,2.0506853404104533,33.1335120101603,33.13362500391914,0.616923114327804,16.47058229218989,-0.0001607840593464971
34.0,2.2604584421530154,-50.566416208220666,3.0694442821107497,33.133520081143075,33.13363101015178,0.6169153595090435,16.470569628345647,-0.0001579140818819269
34.050000000000004,3.1591672737544823,-50.51822454917549,4.0882035373414,33.1335280046437,33.13363690685876,0.6169077430109198,16.470557194929725,-0.00015509637520949582
34.1,4.056877207727971,-50.4540616748219,5.1069631003732825,33.13353578337335,33.13364269609369,0.6169002623166833,16.470544987645038,-0.0001523299624750507
34.15,4.953304437064096,-50.37394786512121,6.125722965582566,33.13354341999623,33.13364837987204,0.6168929149566509,16.47053300227276,-0.0001496138847301154
34.2,5.8481655600268585,-50.27790844295602,7.144483127448953,33.133550917130215,33.133653960172005,0.6168856985072964,16.470521234671125,-0.00014694720064767353
34.25,6.741177669756515,-50.1659737661298,8.163243580553821,33.13355827734749,33.133659438934586,0.6168786105904331,16.470509680778058,-0.00014432898709060282
34.300000000000004,7.632058443716009,-50.03817921777451,9.18200431957847,33.133565503175134,33.13366481806476,0.6168716488723547,16.47049833660287,-0.0001417583372642639
34.35,8.520526232952694,-49.894565195169214,10.200765339302336,33.13357259709583,33.13367009943172,0.6168648110629817,16.470487198230174,-0.0001392343615691516
34.4,9.406300151147114,-49.735177096973324,11.21952663460134,33.13357956154839,33.133675284869504,0.6168580949150808,16.47047626181936,-0.00013675618745878637
34.45,10.289100163420688,-49.560065308878464,12.238288200446114,33.13358639892847,33.13368037617771,0.6168514982234186,16.47046552359813,-0.00013432295801862892
34.5,11.168647174874213,-49.36928518768348,13.257050031900357,33.13359311158913,33.13368537512188,0.6168450188240158,16.47045497986843,-0.00013193383324505703
34.550000000000004,12.044663118829213,-49.16289704379766,14.275812124119195,33.13359970184147,33.13369028343424,0.6168386545933302,16.47044462699745,-0.00012958798805584593
34.6,12.916871044744195,-48.9409661221777,15.294574472347469,33.13360617195524,33.13369510281417,0.6168324034475319,16.470434461424123,-0.00012728461371125377
34.65,13.78499520577805,-48.70356258170438,16.313337071918262,33.13361252415945,33.133699834928805,0.6168262633417072,16.470424479650863,-0.00012502291596661053
34.7,14.648761145972891,-48.45076147300563,17.332099918251195,33.13361876064298,33.13370448141349,0.6168202322691485,16.47041467824995,-0.00012280211649340345
34.75,15.50789578702878,-48.182642714732786,18.35086300685097,33.13362488355516,33.13370904387242,0.6168143082606221,16.47040505385597,-0.00012062145117397449
34.800000000000004,16.36212751464287,-47.89929106829775,19.369626333305707,33.13363089500639,33.13371352387928,0.6168084893836578,16.470395603167734,-0.00011848017052784598
34.85,17.211186264385727,-47.60079611107887,20.38838989328557,33.13363679706874,33.13371792297748,0.6168027737418598,16.470386322946407,-0.00011637753928539496
34.9,18.054803607087596,-47.28725220810413,21.40715368254119,33.13364259177651,33.133722242681046,0.6167971594741672,16.470377210013616,-0.00011431283596152753
34.95,18.892712833707712,-46.95875848222054,22.425917696902218,33.13364828112683,33.133726484474806,0.616791644754251,16.470368261256056,-0.0001122853538504387
35.0,19.724649039659717,-46.61541878275923,23.444681932275895,33.133653867080255,33.13373064981515,0.6167862277897953,16.470359473613215,-0.00011029439832554999
35.050000000000004,20.550349208566615,-46.25734165270605,24.463446384645614,33.13365935156132,33.13373474013047,0.6167809068218872,16.470350844087804,-0.0001083392891132462
35.1,21.369552295418714,-45.88464029438818,25.482211050069544,33.13366473645912,33.13373875682163,0.6167756801243343,16.470342369736088,-0.00010641935816124715
35.15,22.181999309108303,-45.49743253368745,26.50097592467922,33.13367002362787,33.13374270126248,0.6167705460030533,16.470334047674392,-0.00010453395105969321
35.2,22.98743339431495,-45.09584078279193,27.519741004678203,33.13367521488749,33.1337465748003,0.6167655027954737,16.470325875072703,-0.0001026824256200598
35.25,23.78559991271555,-44.67999200149726,28.53850628634076,33.13368031202412,33.13375037875648,0.6167605488699124,16.47031784915343,-0.00010086415159094031
35.300000000000004,24.57624652349341,-44.250017657070195,29.557271766010558,33.13368531679071,33.13375411442678,0.6167556826249552,16.470309967193963,-9.907851122648026e-05
35.35,25.35912326312095,-43.806053682686965,30.576037440099316,33.133690230907575,33.13375778308185,0.6167509024889313,16.47030222652618,-9.732489914426878e-05
35.4,26.133982624390796,-43.348240434459605,31.594803305085627,33.13369505606288,33.13376138596782,0.616746206919295,16.47029462452798,-9.56027204779275e-05
35.45,26.900579634670247,-42.87672264706383,32.61356935751363,33.13369979391323,33.13376492430661,0.6167415944020647,16.470287158631802,-9.391139272452165e-05
35.5,27.658671933354405,-42.39164938798251,33.63233559399183,33.13370444608418,33.13376839929646,0.6167370634513034,16.47027982631943,-9.225034460769166e-05
35.550000000000004,28.408019848493456,-41.893174010379205,34.6511020111919,33.133709014170776,33.13377181211241,0.6167326126085513,16.47027262511823,-9.061901522500193e-05
35.6,29.1483864725699,-41.38145410461664,35.669868605847434,33.13371349973803,33.13377516390664,0.6167282404422991,16.470265552605635,-8.901685504270063e-05
35.65,29.87953773740174,-40.85665144843548,36.688635374752856,33.13371790432151,33.13377845580898,0.6167239455474771,16.470258606405352,-8.74433250430684e-05
35.7,30.60124248814798,-40.31893195580916,37.7074023147622,33.133722229427754,33.13378168892735,0.6167197265449289,16.470251784186075,-8.58978964402013e-05
35.75,31.313272556393027,-39.76846562449093,38.726169422788054,33.13372647653486,33.13378486434812,0.6167155820809214,16.47024508366283,-8.438005096422785e-05
35.800000000000004,32.015402832286846,-39.20542648226965,39.744936695800426,33.13373064709295,33.133787983136585,0.6167115108266472,16.470238502593798,-8.288928015076635e-05
35.85,32.707411335718135,-38.629992531951466,40.76370413082565,33.13373474252464,33.13379104633731,0.6167075114777631,16.470232038780942,-8.14250854830334e-05
35.9,33.38907928649796,-38.0423456950846,41.782471724945324,33.13373876422554,33.133794054974665,0.6167035827538712,16.470225690066844,-7.998697768130114e-05
35.95,34.060191173531685,-37.44267175444516,42.80123947529525,33.133742713564764,33.13379701005298,0.6166997233981135,16.470219454339905,-7.857447783976568e-05
36.0,34.72053482295732,-36.831160295302126,43.82000737906441,33.133746591885355,33.1337999125572,0.6166959321766825,16.470213329524018,-7.718711515281029e-05
36.050000000000004,35.369901465228736,-36.208004645480074,44.83877543349398,33.13375040050477,33.13380276345312,0.616692207878387,16.470207313586368,-7.582442862030803e-05
36.1,36.008085801122554,-35.573401814238544,45.85754363587629,33.13375414071537,33.133805563687815,0.6166885493141834,16.470201404532293,-7.44859659107533e-05
36.15,36.63488606664785,-34.92755242998753,46.87631198355389,33.133757813784825,33.13380831418987,0.6166849553168277,16.470195600408537,-7.317128407180462e-05
36.2,37.25010409683809,-34.27066067685857,47.89508047391861,33.13376142095662,33.13381101587009,0.6166814247403423,16.470189899292272,-7.187994711443935e-05
36.25,37.85354538840524,-33.6029342301517,48.9138491044105,33.13376496345044,33.133813669621354,0.616677956459732,16.470184299307974,-7.061152970777584e-05
36.300000000000004,38.445019161236075,-32.92458419067853,49.93261787251708,33.133768442462646,33.1338162763195,0.6166745493704653,16.47017879860478,-6.936561220527437e-05
36.35,39.02433841871147,-32.235825018022254,50.95138677577227,33.1337718591667,33.13381883682324,0.6166712023881473,16.47017339537789,-6.814178533431914e-05
36.4,39.59132000682937,-31.536874462735756,51.97015581175562,33.1337752147136,33.133821351974746,0.6166679144481222,16.470168087851086,-6.693964635928751e-05
36.45,40.1457846721129,-30.827953497499134,52.98892497809133,33.133778510232254,33.13382382259994,0.6166646845050892,16.47016287428326,-6.57588005026355e-05
36.5,40.68755711828526,-30.10928624725851,54.00769427244758,33.133781746829946,33.133826249508765,0.6166615115327048,16.470157752967175,-6.459886066068066e-05
36.550000000000004,41.21646606169347,-29.38109991836815,55.02646369253542,33.13378492559272,33.13382863349549,0.6166583945232631,16.470152722230672,-6.345944768781919e-05
36.6,41.732344285463455,-28.643624726758343,56.045233236108174,33.133788047585774,33.133830975339166,0.6166553324873121,16.470147780429695,-6.234018883333192e-05
36.65,42.235028692369404,-27.897093825151707,57.06400290096057,33.133791113853874,33.13383327580374,0.6166523244533053,16.470142925954075,-6.124071902036121e-05
36.7,42.72436035640055,-27.141743229350986,58.08277268492784,33.13379412542172,33.13383553563854,0.6166493694672681,16.470138157224355,-6.016068013536824e-05
36.75,43.200184573009246,-26.37781174362159,59.10154258588507,33.133797083294354,33.133837755578476,0.6166464665924636,16.470133472690456,-5.9099720743915896e-05
36.800000000000004,43.66235090802425,-25.605540885192504,60.12031260174633,33.1337999884575,33.133839936344415,0.6166436149090302,16.470128870831783,-5.805749609066879e-05
36.85,44.110713245213994,-24.825174807899447,61.1390827304641,33.133802841877994,33.13384207864322,0.6166408135137189,16.470124350159736,-5.703366866782744e-05
36.9,44.54512983248454,-24.03696022499438,62.15785297002832,33.13380564450408,33.13384418316844,0.6166380615195166,16.47011990920878,-5.6027906225608604e-05
36.95,44.96546332669786,-23.241146331145814,63.17662331846578,33.13380839726582,33.13384625060023,0.6166353580553832,16.470115546546722,-5.5039884045982035e-05
37.0,45.371580837096054,-22.437984723654537,64.19539377383938,33.133811101075416,33.13384828160583,0.6166327022659246,16.47011126076443,-5.406928266893374e-05
37.050000000000004,45.76335396731797,-21.627729322909733,65.21416433424758,33.13381375682759,33.13385027683967,0.6166300933111017,16.47010705048167,-5.3115789171442884e-05
37.1,46.140658855994765,-20.810636292110555,66.23293499782346,33.13381636539988,33.13385223694381,0.6166275303659177,16.470102914343872,-5.217909645693908e-05
37.15,46.50337621591176,-19.98696395627861,67.2517057627342,33.133818927653024,33.133854162548026,0.6166250126201902,16.4700988510241,-5.1258903681628e-05
37.2,46.851391371724,-19.156972720586943,68.27047662718047,33.133821444431234,33.133856054270254,0.6166225392782039,16.470094859215315,-5.0354914549188834e-05
37.25,47.18459429621379,-18.320924988031287,69.28924758939579,33.1338239165626,33.13385791271653,0.6166201095584825,16.470090937641373,-4.946683972661958e-05
37.300000000000004,47.5028796450786,-17.479085076469712,70.30801864764567,33.1338263448593,33.1338597384816,0.6166177226934906,16.47008708504605,-4.859439442839175e-05
37.35,47.80614679023845,-16.631719135056798,71.32678980022735,33.13382873011803,33.13386153214883,0.6166153779294135,16.470083300199526,-4.773729983753583e-05
37.4,48.09429985165214,-15.779095060098836,72.34556104546886,33.133831073120234,33.13386329429079,0.6166130745258585,16.47007958189131,-4.6895281542447265e-05
37.45,48.367247727632325,-14.921482410356596,73.36433238172874,33.13383337463242,33.13386502546902,0.6166108117556135,16.47007592893731,-4.606807110008049e-05
37.5,48.6249041236499,-14.059152321822491,74.38310380739524,33.13383563540646,33.13386672623462,0.6166085889044126,16.470072340174756,-4.525540489908053e-05
37.550000000000004,48.86718757961847,-13.192377421999055,75.40187532088581,33.1338378561799,33.133868397128374,0.6166064052706659,16.470068814461488,-4.4457024017674485e-05
37.6,49.09402149565036,-12.321431743705835,76.4206469206465,33.13384003767622,33.133870038680875,0.6166042601652748,16.47006535067925,-4.367267493421423e-05
37.65,49.30533415627605,-11.446590638441975,77.43941860515157,33.13384218060513,33.133871651412846,0.6166021529113408,16.47006194772596,-4.290210782187387e-05
37.7,49.50105875311924,-10.568130689331847,78.4581903729028,33.13384428566282,33.13387323583522,0.6166000828439735,16.470058604525363,-4.214507868027795e-05
37.75,49.68113340602058,-9.686329623681287,79.47696222242901,33.13384635353228,33.13387479244949,0.6165980493100633,16.470055320018044,-4.1401347345981776e-05
37.800000000000004,49.845501182603165,-8.801466225172062,80.49573415228552,33.13384838488351,33.13387632174778,0.6165960516680542,16.470052093164647,-4.067067820301418e-05
37.85,49.99411011627383,-7.9138202457223334,81.51450616105375,33.133850380373815,33.13387782421306,0.6165940892877373,16.4700489229459,-3.995284018287748e-05
37.9,50.12691322265435,-7.023672317040991,82.53327824734063,33.13385234064805,33.13387930031936,0.6165921615500238,16.470045808360695,-3.9247606338221885e-05
37.95,50.24386851443751,-6.131303861903811,83.55205040977809,33.13385426633885,33.13388075053197,0.6165902678467816,16.470042748428003,-3.85547542691711e-05
38.0,50.34493901466325,-5.2369970051795,84.57082264702271,33.13385615806693,33.133882175307555,0.6165884075805792,16.470039742181143,-3.787406484434541e-05
38.050000000000004,50.43009276841074,-4.34103448463374,85.58959495775512,33.13385801644126,33.13388357509437,0.6165865801645367,16.470036788676087,-3.7205324048272814e-05
38.1,50.499302852902666,-3.443699561539458,86.60836734067968,33.13385984205934,33.13388495033244,0.6165847850220985,16.47003388698187,-3.6548320849760785e-05
38.15,50.552547386018524,-2.545275931121561,87.62713979452384,33.133861635507415,33.13388630145373,0.6165830215868624,16.47003103618767,-3.590284876509031e-05
38.2,50.58980953321427,-1.6460476328644593,88.64591231803792,33.13386339736073,33.133887628882235,0.6165812893023883,16.470028235397656,-3.5268704721147515e-05
38.25,50.611077512846094,-0.7462989607107403,89.66468490999458,33.13386512818369,33.13388893303423,0.616579587622013,16.470025483732933,-3.464568948174929e-05
38.300000000000004,50.61634459989666,0.15368562682062503,90.68345756918836,33.13386682853016,33.13389021431839,0.616577916008687,16.47002278033091,-3.4033607505534746e-05
38.35,50.60560912810262,1.0536215965681173,91.70223029443541,33.1338684989436,33.13389147313591,0.6165762739347898,16.47002012434339,-3.34322665196396e-05
38.400000000000006,50.57887449048278,1.9532244306851156,92.72100308457289,33.13387013995734,33.13389270988073,0.6165746608819376,16.470017514938448,-3.284147794602177e-05
38.45,50.536149138266644,2.852209716592514,93.7397759384587,33.13387175209473,33.133893924939635,0.616573076340849,16.47001495130118,-3.226105704356996e-05
38.5,50.477446578223784,3.750293236898067,94.75854885497112,33.13387333586936,33.13389511869233,0.6165715198111741,16.47001243262849,-3.169082177123528e-05
38.550000000000004,50.402785368394845,4.647191059254036,95.7773218330083,33.13387489178528,33.13389629151184,0.6165699908013167,16.470009958132337,-3.1130593498573944e-05
38.6,50.3121891122255,5.542619626124726,96.79609487148802,33.13387642033718,33.13389744376422,0.6165684888282854,16.470007527040394,-3.058019714785587e-05
38.650000000000006,50.205686451105244,6.4362958444355325,97.81486796934732,33.13387792201054,33.133898575809084,0.6165670134175585,16.470005138593468,-3.0039460625630454e-05
38.7,50.08331105531341,7.327937175075153,98.83364112554202,33.133879397281866,33.133899687999524,0.616565564102892,16.470002792044205,-2.9508214538509492e-05
38.75,49.9451016133752,8.217261722222666,99.85241433904649,33.133880846618844,33.13390078068228,0.6165641404262061,16.470000486662318,-2.898629333003555e-05
38.800000000000004,49.791101819831155,9.103988322471238,100.87118760885325,33.13388227048051,33.13390185419793,0.6165627419374076,16.469998221727405,-2.8473533717487953e-05
38.85,49.62136036142392,9.987836633720281,101.88996093397265,33.13388366931747,33.13390290888093,0.616561368194283,16.46999599653484,-2.79697759708597e-05
38.900000000000006,49.435930901706655,10.868527223807948,102.90873431343262,33.133885043572,33.13390394505971,0.6165600187623355,16.46999381038932,-2.7474862491772e-05
38.95,49.234872064077976,11.74578165885596,103.92750774627817,33.13388639367827,33.13390496305693,0.6165586932146425,16.469991662609964,-2.6988638950342647e-05
39.0,49.01824741324877,12.61932259129881,104.9462812315712,33.133887720062454,33.133905963189434,0.6165573911317495,16.46998955252849,-2.6510953858860375e-05
39.050000000000004,48.786125435146765,13.488873847569543,105.96505476839022,33.133889023142956,33.13390694576854,0.6165561121014989,16.469987479485894,-2.604165786124213e-05
39.1,48.5385795152652,14.354160515414362,106.98382835582991,33.133890303330496,33.13390791109991,0.616554855718924,16.469985442838343,-2.5580605012009983e-05
39.150000000000006,48.27568791546244,15.214909030808464,108.00260199300101,33.133891561028314,33.13390885948386,0.6165536215861209,16.46998344195134,-2.512765149731422e-05
39.2,47.99753374921988,16.07084726444563,109.0213756790298,33.13389279663228,33.13390979121541,0.6165524093121277,16.469981476201664,-2.4682656061258967e-05
39.25,47.70420495536594,16.92170460777422,110.04014941305806,33.13389401053107,33.13391070658436,0.6165512185127753,16.469979544976706,-2.4245479863793662e-05
39.300000000000004,47.39579427027444,17.76721205855239,111.05892319424258,33.13389520310631,33.13391160587535,0.616550048810609,16.46997764767714,-2.3815987049147225e-05
39.35,47.07239919854629,18.607102305895424,112.07769702175503,33.13389637473267,33.133912489368086,0.6165488998347328,16.469975783710385,-2.3394043324742597e-05
39.400000000000006,46.734121982183495,19.44110981478838,113.09647089478156,33.13389752577805,33.133913357337356,0.6165477712207021,16.469973952497764,-2.2979517524390758e-05
39.45,46.381069568265495,20.26897091003726,114.11524481252266,33.13389865660372,33.13391421005302,0.616546662610439,16.469972153469957,-2.2572280613530893e-05
39.5,46.01335357513791,21.090423859632182,115.13401877419294,33.13389976756439,33.13391504778031,0.6165455736520968,16.469970386065114,-2.2172205262904754e-05
39.550000000000004,45.6310902571244,21.90520895749621,116.15279277902063,33.133900859008385,33.13391587077981,0.6165445039999256,16.469968649733325,-2.177916684331649e-05
39.6,45.23440046777278,22.71306860559368,117.17156682624763,33.13390193127777,33.13391667930745,0.6165434533142289,16.469966943936672,-2.139304342563264e-05
39.650000000000006,44.82340962164714,23.513747395372036,118.19034091512898,33.13390298470846,33.13391747361485,0.6165424212611939,16.469965268140818,-2.1013713933371037e-05
39.7,44.39824765467784,24.30699218851145,119.20911504493294,33.13390401963034,33.13391825394906,0.6165414075128481,16.469963621826636,-2.0641060700654634e-05
39.75,43.95904898308208,25.09255219695671,120.22788921494043,33.133905036367395,33.133919020553066,0.6165404117468967,16.46996200447861,-2.0274966914257675e-05
39.800000000000004,43.505952460867974,25.87017906220603,121.24666342444507,33.1339060352378,33.13391977366537,0.6165394336466576,16.469960415595782,-1.9915319029450984e-05
39.85,43.03910133593558,26.639626933831753,122.26543767275278,33.133907016554055,33.13392051352043,0.6165384729009844,16.469958854682744,-1.956200478048231e-05
39.900000000000006,42.5586432047887,27.400652547208104,123.28421195918166,33.133907980623086,33.13392124034873,0.6165375292041233,16.469957321250945,-1.9214913464793426e-05
39.95,42.06472996587191,28.153015300421423,124.30298628306168,33.13390892774635,33.133921954376596,0.6165366022556427,16.469955814824473,-1.887393722199704e-05
40.0,41.5575177715474,28.896477330338563,125.32176064373458,33.13390985821994,33.13392265582655,0.6165356917603404,16.4699543349336,-1.8538969612791334e-05
40.050000000000004,41.03716697872695,29.630803587809403,126.34053504055353,33.133910772334694,33.133923344917214,0.6165347974281659,16.469952881116797,-1.8209906045285607e-05
40.1,40.50384209817457,30.35576191197969,127.3593094728831,33.13391167037631,33.13392402186345,0.616533918974099,16.469951452919343,-1.7886643490783172e-05
40.150000000000006,39.95771174249587,31.071123103690738,128.3780839400988,33.13391255262539,33.1339246868764,0.6165330561181008,16.469950049897278,-1.7569081336432646e-05
40.2,39.39894857283055,31.776660997942752,129.39685844158723,33.1339134193576,33.13392534016358,0.6165322085849994,16.46994867161093,-1.7257119964142476e-05
40.25,38.82772924426497,32.472152535398884,130.4156329767456,33.13391427084374,33.13392598192887,0.6165313761044047,16.469947317630698,-1.695066202955786e-05
40.300000000000004,38.24423434998195,33.15737783290741,131.43440754498164,33.13391510734982,33.133926612372655,0.6165305584106449,16.469945987534544,-1.664961189362657e-05
40.35,37.64864836416549,33.832120253019724,132.45318214571338,33.13391592913717,33.13392723169194,0.6165297552426878,16.469944680905982,-1.6353875196273293e-05
40.400000000000006,37.0411595836785,34.496166472482216,133.47195677836905,33.13391673646251,33.133927840080304,0.6165289663440277,16.469943397335445,-1.606335914061674e-05
40.45,36.421960068531945,35.14930654968027,134.49073144238685,33.13391752957806,33.133928437727945,0.6165281914626348,16.469942136423445,-1.5777973203512374e-05
40.5,35.79124558116423,35.79133399101318,135.50950613721483,33.13391830873163,33.13392902482182,0.6165274303508852,16.469940897774833,-1.549762785657549e-05
40.550000000000004,35.14921552455002,36.422045816178965,136.5282808623106,33.13391907416664,33.133929601545674,0.6165266827654605,16.469939681000696,-1.5222234992506856e-05
40.6,34.49607287915807,37.04124262234838,137.54705561714113,33.13391982612229,33.13393016808015,0.6165259484672987,16.46993848572095,-1.4951708493526894e-05
40.650000000000006,33.83202413877798,37.64872864720789,138.5658304011829,33.133920564833566,33.13393072460277,0.616525227221473,16.469937311559853,-1.4685963236615862e-05
40.7,33.157279245236225,38.24431183085172,139.58460521392135,33.13392129053136,33.133931271287885,0.616524518797199,16.46993615815242,-1.4424916514599317e-05
40.75,32.47205152202201,38.827803876503296,140.60338005485093,33.13392200344254,33.133931808307096,0.616523822967693,16.46993502513284,-1.416848547819427e-05
40.800000000000004,31.776557606843973,39.39902031004695,141.622154923475,33.13392270379001,33.13393233582882,0.6165231395101429,16.469933912148033,-1.3916590120288674e-05
40.85,31.07101738313912,39.9577805383511,142.6409298193054,33.133923391792784,33.13393285401873,0.6165224682056092,16.4699328188473,-1.3669151002204671e-05
40.900000000000006,30.355653910555528,40.503907906364404,143.65970474186267,33.133924067666065,33.13393336303962,0.6165218088389963,16.46993174488881,-1.3426090674784064e-05
40.95,29.630693354430882,41.03722975296685,144.6784796906756,33.13392473162132,33.13393386305148,0.6165211611989605,16.469930689933136,-1.3187332257302842e-05
41.0,28.89636491428914,41.55757746555815,145.69725466528112,33.133925383866334,33.133934354211654,0.6165205250778456,16.469929653649068,-1.295280071644811e-05
41.050000000000004,28.152900751377878,42.06478653336614,146.71602966522445,33.13392602460528,33.133934836674634,0.6165199002716335,16.469928635711014,-1.2722422297883895e-05
41.1,27.400535915269263,42.55869659945839,147.73480469005852,33.13392665403881,33.133935310592435,0.616519286579873,16.46992763579777,-1.2496124242034057e-05
41.150000000000006,26.639508269547875,43.03915151144053,148.7535797393442,33.13392727236407,33.13393577611432,0.6165186838056158,16.469926653594396,-1.2273835210407924e-05
41.2,25.870058416608824,43.50599937082523,149.77235481264992,33.1339278797748,33.13393623338712,0.616518091755367,16.4699256887916,-1.2055485143491751e-05
41.25,25.092429621589993,43.95909258105637,150.79112990955173,33.13392847646139,33.133936682555095,0.6165175102390066,16.469924741084455,-1.1841004976531622e-05
41.300000000000004,24.3068677354624,44.398287894173045,151.80990502963297,33.133929062610946,33.13393712376,0.6165169390697613,16.469923810174993,-1.1630327207967639e-05
41.35,23.513621117303046,44.823446456098765,152.82868017248435,33.1339296384073,33.13393755714128,0.6165163780641123,16.469922895767642,-1.1423384904674094e-05
41.400000000000006,22.712940555774793,45.234433850541464,153.84745533770376,33.13393020403117,33.13393798283578,0.6165158270417805,16.469921997575092,-1.1220112980936392e-05
41.45,21.905079189838105,45.631120141490506,154.86623052489588,33.13393075966007,33.13393840097833,0.6165152858256207,16.469921115311166,-1.102044663525703e-05
41.5,21.090292428719717,46.013379914297175,155.88500573367253,33.133931305468515,33.13393881170109,0.6165147542416136,16.469920248699246,-1.0824323197766716e-05
41.550000000000004,20.26883787116355,46.38109231532575,156.9037809636522,33.133931841627984,33.13393921513424,0.6165142321187815,16.469919397463176,-1.0631680140704702e-05
41.6,19.440975223989373,46.734141090162545,157.92255621446006,33.133932368307,33.13393961140555,0.6165137192891592,16.46991856133445,-1.0442456641612807e-05
41.650000000000006,18.60696621998498,47.072414620370864,158.94133148572777,33.13393288567118,33.13394000064073,0.6165132155877231,16.46991774004697,-1.0256592446467039e-05
41.7,17.76707453515785,47.395805958780294,159.96010677709356,33.1339333938833,33.13394038296324,0.6165127208523558,16.46991693334098,-1.0074028722328876e-05
41.75,16.921565705372423,47.704212863299105,160.9788820882018,33.13393389310329,33.13394075849452,0.6165122349237748,16.469916140959803,-9.894707346802534e-06
41.800000000000004,16.070707042399373,47.99753782923913,161.99765741870326,33.13393438348838,33.13394112735377,0.6165117576455117,16.469915362653108,-9.718571618577698e-06
41.85,15.214767549403417,48.27568812014285,163.01643276825467,33.13393486519305,33.13394148965833,0.6165112888638475,16.469914598172334,-9.545565262669697e-06
41.900000000000006,14.354017835896354,48.53857579710301,164.0352081365189,33.13393533836914,33.13394184552341,0.6165108284277565,16.469913847274654,-9.375633283070783e-06
41.95,13.488730032182257,48.78611774656539,165.05398352316456,33.133935803165876,33.13394219506225,0.6165103761888915,16.469913109722224,-9.208721820641586e-06
42.0,12.619177703321856,49.018235706606085,166.07275892786618,33.1339362597299,33.133942538386215,0.616509932001506,16.46991238527843,-9.044777300459828e-06
42.050000000000004,11.74563576264329,49.234856291674824,167.09153435030396,33.13393670820535,33.13394287560469,0.6165094957224113,16.46991167371358,-8.883747710797252e-06
42.1,10.868380384826606,49.435911015796655,168.11030979016363,33.13393714873388,33.133943206825194,0.6165090672109557,16.469910974801778,-8.725581892576884e-06
42.150000000000006,9.987688918589466,49.62133631422455,169.12908524713652,33.13393758145468,33.133943532153424,0.6165086463289668,16.469910288318935,-8.57022911304739e-06
42.2,9.103839799001662,49.79107356353614,170.1478607209193,33.13393800650459,33.133943851693196,0.6165082329407028,16.469909614046006,-8.417639776325814e-06
42.25,8.217112459456184,49.945069100168205,171.16663621121398,33.13393842401807,33.133944165546666,0.616507826912823,16.469908951768385,-8.26776528128903e-06
42.300000000000004,7.327787243324643,50.0832742373831,172.18541171772787,33.13393883412726,33.13394447381407,0.6165074281143319,16.469908301273886,-8.120557595248101e-06
42.35,6.436145315325005,50.205645280661685,173.2041872401732,33.13393923696203,33.133944776594014,0.6165070364165572,16.46990766235541,-7.975969822382467e-06
42.400000000000006,5.542468572629641,50.312143541517926,174.2229627782675,33.133939632650026,33.133945073983405,0.6165066516930935,16.469907034807704,-7.833955493197209e-06
42.45,4.647039555741807,50.40273534973085,175.24173833173307,33.1339400213167,33.13394536607744,0.6165062738197733,16.469906418430543,-7.694469275065785e-06
42.5,3.7501413591687243,50.47739206398986,176.26051390029716,33.13394040308532,33.13394565296973,0.6165059026746178,16.4699058130262,-7.557466403795843e-06
42.550000000000004,2.8520575419195096,50.536090080950224,177.27928948369183,33.13394077807706,33.13394593475221,0.6165055381378082,16.469905218401376,-7.422903109954859e-06
42.6,1.953072037856241,50.57881084269567,178.29806508165376,33.133941146411,33.13394621151522,0.6165051800916501,16.469904634365214,-7.2907361925445e-06
42.650000000000006,1.053469065926513,50.6055408426059,179.31684069392432,33.13394150820416,33.13394648334766,0.616504828420517,16.469904060730038,-7.160923161109167e-06
42.7,0.1535330403058548,50.61627162962709,-179.66438367975047,33.13394186357155,33.13394675033663,0.616504483010857,16.469903497313215,-7.033422662061639e-06
42.75,-0.7464515195215753,50.61099981094402,-178.64560803962033,33.1339422126262,33.13394701256805,0.6165041437510936,16.469902943931373,-6.9081931997061474e-06
42.800000000000004,-1.646200078715593,50.58972705305301,-177.62683238593044,33.13394255547919,33.13394727012609,0.6165038105316683,16.469902400410096,-6.785195267866584e-06
42.85,-2.5454281770374476,50.55246008123531,-176.6080567189218,33.13394289223968,33.13394752309365,0.6165034832449265,16.46990186657099,-6.664388507715557e-06
42.900000000000006,-3.4438515187836996,50.49921067743116,-175.58928103883102,33.13394322301497,33.133947771552045,0.6165031617851469,16.469901342245926,-6.545734834162431e-06
42.95,-4.341186062668079,50.429995676515084,-174.57050534589058,33.13394354791047,33.133948015581254,0.6165028460484763,16.46990082726408,-6.42919559368238e-06
43.0,-5.237148111622914,50.34483696097372,-173.55172964032894,33.133943867029814,33.13394825525984,0.6165025359328951,16.46990032146036,-6.314733411727502e-06
43.050000000000004,-6.13145440249173,50.24376145398781,-172.53295392237047,33.13394418047481,33.133948490665006,0.6165022313382096,16.46989982467282,-6.2023116242926335e-06
43.1,-7.023822195584673,50.12680111092046,-171.51417819223562,33.13394448834554,33.133948721872635,0.6165019321660026,16.469899336740077,-6.091893709481155e-06
43.150000000000006,-7.913969364068427,49.99399290921456,-170.49540245014092,33.13394479074034,33.13394894895727,0.6165016383195905,16.469898857505203,-5.98344414015628e-06
43.2,-8.801614483162389,49.845378836702345,-169.47662669629906,33.13394508775583,33.133949171992136,0.6165013497040093,16.469898386815018,-5.876928241832502e-06
43.25,-9.686476919112875,49.68100587833093,-168.45785093091908,33.133945379486995,33.13394939104921,0.6165010662260073,16.4698979245176,-5.772311624241411e-06
43.300000000000004,-10.568276917917245,49.500926001307946,-167.4390751542062,33.13394566602715,33.1339496061992,0.6165007877939672,16.46989747046157,-5.669560039223143e-06
43.35,-11.44673569376989,49.30519613867203,-166.42029936636212,33.133945947468014,33.133949817511635,0.6165005143179059,16.46989702450261,-5.568640801811853e-06
43.400000000000006,-12.321575517202115,49.09387817129331,-165.4015235675849,33.1339462238997,33.13395002505471,0.616500245709446,16.46989658649627,-5.469521227041696e-06
43.45,-13.192519802888064,48.8670389083096,-164.38274775806912,33.133946495410775,33.13395022889552,0.6164999818817805,16.469896156300642,-5.372169198381016e-06
43.5,-14.059293197088907,48.624750066004495,-163.36397193800596,33.13394676208825,33.13395042909997,0.6164997227496443,16.469895733777005,-5.276553309840892e-06
43.550000000000004,-14.921621664707665,48.36708824513403,-162.34519610758318,33.133947024017665,33.133950625732794,0.6164994682292857,16.46989531878909,-5.182642723866593e-06
43.6,-15.779232575927132,48.094134906709094,-161.32642026698522,33.13394728128303,33.1339508188576,0.6164992182384523,16.469894911203177,-5.090407171337574e-06
43.650000000000006,-16.631854792403512,47.80597634624124,-160.30764441639332,33.13394753396693,33.133951008536904,0.6164989726963697,16.469894510886768,-4.9998166673503874e-06
43.7,-17.479218752988515,47.50270366645999,-159.28886855598535,33.1339477821505,33.13395119483207,0.6164987315236701,16.469894117709217,-4.910841653327225e-06
43.75,-18.321056558952826,47.1844127485104,-158.27009268593622,33.13394802591347,33.13395137780342,0.6164984946424212,16.4698937315463,-4.82345399177575e-06
43.800000000000004,-19.157102058683968,46.851204221639755,-157.25131680641763,33.13394826533418,33.13395155751024,0.6164982619760906,16.4698933522711,-4.737624976769439e-06
43.85,-19.987090931831833,46.503183431383285,-156.23254091759827,33.13394850048961,33.13395173401072,0.6164980334494814,16.469892979759916,-4.653326612924502e-06
43.900000000000006,-20.810760772875216,46.14046040625865,-155.2137650196438,33.133948731455405,33.13395190736207,0.6164978089887612,16.469892613894757,-4.570532183834075e-06
43.95,-21.627851174082995,45.76314982297995,-154.19498911271702,33.13394895830588,33.13395207762049,0.6164975885213977,16.46989225455501,-4.489214404657105e-06
44.0,-22.438103807843675,45.37137097020215,-153.1762131969778,33.13394918111406,33.13395224484111,0.6164973719761804,16.469891901625804,-4.409347269529462e-06
44.050000000000004,-23.241262508337297,44.965247710807425,-152.15743727258314,33.13394939995171,33.13395240907826,0.6164971592831279,16.469891554990266,-4.330904346261377e-06
44.1,-24.037073352523898,44.54490844274529,-151.1386613396873,33.13394961488932,33.133952570385084,0.616496950373552,16.469891214539878,-4.2538610500741925e-06
44.150000000000006,-24.825284740422873,44.11048605843899,-150.11988539844177,33.13394982599616,33.133952728814016,0.6164967451799583,16.46989088016023,-4.178191517212326e-06
44.2,-25.605647474657914,43.662117902770895,-149.1011094489954,33.13395003334029,33.133952884416374,0.6164965436360674,16.469890551745912,-4.103871873439857e-06
44.25,-26.37791483924234,43.19994572966024,-148.0823334914943,33.13395023698858,33.133953037242684,0.6164963456767865,16.46989022918952,-4.030877818195222e-06
44.300000000000004,-27.14184267757992,42.72411565724692,-147.06355752608206,33.13395043700673,33.13395318734253,0.6164961512381879,16.469889912386183,-3.959185619351047e-06
44.35,-27.89718946965653,42.23477812169546,-146.04478155289974,33.13395063345929,33.13395333476467,0.616495960257474,16.469889601232897,-3.888771971105598e-06
44.400000000000006,-28.643716408398245,41.73208782963391,-145.02600557208584,33.133950826409674,33.13395347955691,0.6164957726729767,16.469889295629837,-3.819614278199879e-06
44.45,-29.381187475171696,41.21620370924249,-144.00722958377636,33.13395101592019,33.13395362176628,0.6164955884241436,16.469888995477152,-3.751689945374892e-06
44.5,-30.109369514402882,40.687288860007655,-142.988453588105,33.13395120205205,33.133953761439,0.616495407451481,16.469888700676215,-3.6849766615887347e-06
44.550000000000004,-30.82803230729077,40.145510501157304,-141.96967758520296,33.133951384865405,33.13395389862034,0.6164952296965609,16.469888411133496,-3.6194532526678813e-06
44.6,-31.536948644592442,39.59103991879357,-140.95090157519914,33.13395156441933,33.1339540333549,0.6164950551020212,16.469888126754803,-3.555098402330259e-06
44.650000000000006,-32.23589439845674,39.02405241173979,-139.93212555822024,33.13395174077186,33.13395416568647,0.6164948836114945,16.46988784744589,-3.491890794293795e-06
44.7,-32.92464859328372,38.444727236118844,-138.91334953439053,33.13395191398005,33.13395429565794,0.616494715169658,16.469887573118896,-3.429810533361888e-06
44.75,-33.602993475587475,37.85324754868038,-137.89457350383225,33.1339520840999,33.133954423311664,0.616494549722141,16.469887303681418,-3.3688367295781063e-06
44.800000000000004,-34.2707145828403,37.249800348894794,-136.8757974666653,33.13395225118645,33.13395454868894,0.6164943872155746,16.46988703904941,-3.308950340397132e-06
44.85,-34.92760081127639,36.63457641983237,-135.85702142300752,33.13395241529378,33.13395467183064,0.6164942275975207,16.469886779134242,-3.2501313285138167e-06
44.900000000000006,-35.57344448263364,36.00777026784613,-134.8382453729747,33.13395257647498,33.13395479277668,0.6164940708165005,16.469886523853695,-3.192361077708483e-06
44.95,-36.20804140981244,35.36958006107763,-133.81946931668045,33.13395273478224,33.13395491156641,0.6164939168219377,16.469886273122945,-3.135620403327266e-06
45.0,-36.831190961430735,34.72020756680495,-132.80069325423645,33.133952890266826,33.13395502823832,0.6164937655641722,16.469886026862262,-3.079891257584677e-06
45.050000000000004,-37.44269612525493,34.059858087652934,-131.78191718575232,33.13395304297908,33.133955142830416,0.6164936169944255,16.469885784990623,-3.0251553084781335e-06
45.1,-38.042363570486565,33.38874039668557,-130.76314111133578,33.133953192968455,33.13395525537984,0.6164934710648069,16.46988554743016,-2.9713949345477886e-06
45.150000000000006,-38.63000370888505,32.70706667140124,-129.74436503109263,33.13395334028356,33.133955365923235,0.61649332772825,16.46988531410235,-2.9185923722252483e-06
45.2,-39.205430754707244,32.01505242665166,-128.7255889451267,33.1339534849721,33.13395547449639,0.6164931869385697,16.46988508493439,-2.866731136919043e-06
45.25,-39.76846278344478,31.31291644650558,-127.70681285354007,33.13395362708098,33.1339555811347,0.6164930486503835,16.469884859848325,-2.8157936071693257e-06
45.300000000000004,-40.31892178934068,30.600880715079054,-126.68803675643292,33.13395376665625,33.13395568587269,0.6164929128191119,16.46988463877325,-2.7657637247102684e-06
45.35,-40.85663374166698,29.879170346353874,-125.66926065390372,33.133953903743134,33.133955788744416,0.6164927794009998,16.469884421638213,-2.716625431276043e-06
45.400000000000006,-41.38142863974573,29.14801351300653,-124.65048454604909,33.13395403838608,33.13395588978329,0.6164926483530593,16.469884208370303,-2.6683622422751796e-06
45.45,-41.89314056669573,28.40764137427012,-123.63170843296398,33.13395417062873,33.1339559890221,0.61649251963307,16.469883998901725,-2.620958809984586e-06
45.5,-42.39160774188825,27.658288002852075,-122.61293231474163,33.13395430051398,33.133956086493065,0.6164923931995787,16.46988379316465,-2.5743997866811696e-06
45.550000000000004,-42.876672572095025,26.90019031093073,-121.59415619147363,33.13395442808391,33.13395618222785,0.6164922690118573,16.46988359109123,-2.528669824641838e-06
45.6,-43.34818170131235,26.133587975254194,-120.57538006324992,33.13395455337991,33.1339562762575,0.6164921470299163,16.46988339261745,-2.483754428794782e-06
45.650000000000006,-43.80598605924558,25.3587233613652,-119.55660393015883,33.13395467644259,33.13395636861253,0.616492027214484,16.46988319767796,-2.4396388198510977e-06
45.7,-44.249940908438674,24.575841446975847,-118.53782779228715,33.13395479731187,33.13395645932296,0.6164919095269781,16.469883006209326,-2.3963086448475224e-06
45.75,-44.67990589003386,23.785189744516508,-117.51905164972005,33.133954916026944,33.13395654841815,0.6164917939295336,16.46988281815066,-2.3537501192549826e-06
45.800000000000004,-45.095745068147004,22.987018222883354,-116.50027550254123,33.13395503262632,33.133956635927085,0.6164916803849252,16.469882633438463,-2.311948890110216e-06
45.85,-45.49732697284463,22.18157922840927,-115.48149935083286,33.1339551471478,33.13395672187806,0.6164915688566168,16.469882452016304,-2.2708921676439786e-06
45.900000000000006,-45.88452464170899,21.36912740508311,-114.46272319467568,33.13395525962853,33.13395680629899,0.6164914593087332,16.46988227382321,-2.230566167327197e-06
45.95,-46.25721565997806,20.549919614042544,-113.44394703414896,33.133955370104985,33.1339568892173,0.6164913517060171,16.469882098800742,-2.190957673064986e-06
46.0,-46.61528219924775,19.724214852365936,-112.42517086933057,33.133955478613004,33.13395697065981,0.6164912460138581,16.469881926894338,-2.1520543214137433e-06
46.050000000000004,-46.958611054724166,18.892274171188934,-111.40639470029697,33.13395558518778,33.133957050652945,0.6164911421982637,16.469881758046792,-2.113843180495678e-06
46.1,-47.28709368101399,18.054360593171644,-110.38761852712325,33.13395568986386,33.13395712922263,0.6164910402258386,16.469881592203482,-2.076311886867188e-06
46.150000000000006,-47.60062622644189,17.210739029342516,-109.36884234988318,33.1339557926752,33.13395720639431,0.6164909400638052,16.469881429311652,-2.0394485034103127e-06
46.2,-47.89910956588384,16.361676195345183,-108.3500661686492,33.133955893655134,33.133957282193016,0.6164908416799477,16.469881269316645,-2.0032406666814495e-06
46.25,-48.18244933210624,15.507440527114785,-107.33128998349245,33.13395599283641,33.13395735664327,0.6164907450426398,16.469881112168885,-1.9676771501053736e-06
46.300000000000004,-48.45055594560072,14.64830209601039,-106.31251379448281,33.13395609025118,33.13395742976921,0.6164906501208094,16.469880957816216,-1.9327461586726713e-06
46.35,-48.703344642905314,13.784532523430384,-105.29373760168889,33.13395618593104,33.133957501594466,0.6164905568839671,16.469880806209673,-1.8984366079166648e-06
46.400000000000006,-48.940735503402976,12.916404894937788,-104.27496140517809,33.133956279907,33.13395757214238,0.6164904653021281,16.4698806572977,-1.8647368449364876e-06
46.45,-49.16265347458905,12.044193673922685,-103.25618520501662,33.133956372209525,33.133957641435686,0.6164903753458759,16.4698805110358,-1.831636780025292e-06
46.5,-49.36902839579961,11.168174614829027,-102.23740900126946,33.13395646286854,33.13395770949686,0.6164902869863127,16.46988036737366,-1.7991250444993057e-06
46.550000000000004,-49.55979502039324,10.288624675973278,-101.21863279400047,33.13395655191342,33.13395777634794,0.6164902001950381,16.469880226265424,-1.7671912644345866e-06
46.6,-49.73489303637921,9.405821931982427,-100.19985658327236,33.13395663937303,33.13395784201048,0.6164901149441917,16.469880087667217,-1.7358254922328342e-06
46.650000000000006,-49.89426708548554,8.520045485879091,-99.1810803691467,33.13395672527571,33.133957906505806,0.616490031206375,16.469879951531198,-1.7050169276444649e-06
46.7,-50.03786678066089,7.631575380841479,-98.16230415168398,33.133956809649284,33.13395796985469,0.6164899489547011,16.469879817816636,-1.6747563336139137e-06
46.75,-50.165646722004816,6.740692511666106,-97.14352793094362,33.1339568925211,33.13395803207764,0.6164898681627662,16.46987968647827,-1.6450334783257858e-06
46.800000000000004,-50.27756651112124,5.847678535961283,-96.12475170698391,33.13395697391799,33.13395809319481,0.6164897888046212,16.469879557473377,-1.6158386983988748e-06
46.85,-50.373590763890746,4.95281578509942,-95.1059754798622,33.13395705386634,33.13395815322587,0.6164897108547933,16.469879430761807,-1.587162898886163e-06
46.900000000000006,-50.4536891216575,4.056387174956331,-94.08719924963472,33.13395713239202,33.13395821219026,0.6164896342882571,16.46987930630146,-1.5589965585149912e-06
46.95,-50.517836260827394,3.1586761164657284,-93.06842301635675,33.13395720952046,33.133958270106994,0.6164895590804278,16.46987918405278,-1.5313307244468888e-06
47.0,-50.56601190087433,2.259966426017212,-92.04964678008257,33.133957285276644,33.13395832699476,0.6164894852071825,16.469879063976844,-1.5041565859519324e-06
47.050000000000004,-50.59820081075205,1.360542235726066,-91.0308705408655,33.13395735968508,33.133958382871974,0.6164894126448033,16.469878946032757,-1.477464905974557e-06
47.1,-50.6143928137096,0.46068790360323686,-90.01209429875787,33.133957432769854,33.13395843775663,0.6164893413700128,16.469878830184822,-1.4512475843275752e-06
47.150000000000006,-50.61458279050883,-0.43931207634610503,-88.99331805381112,33.13395750455462,33.13395849166648,0.6164892713599386,16.46987871639404,-1.4254958102810633e-06
47.2,-50.59877068104291,-1.3391731640670033,-87.97454180607575,33.13395757506262,33.13395854461883,0.6164892025921205,16.469878604624643,-1.4002014836478338e-06
47.25,-50.56696148435542,-2.23861086341371,-86.95576555560136,33.13395764431663,33.13395859663085,0.6164891350445032,16.469878494840184,-1.3753563621321518e-06
47.300000000000004,-50.51916525705988,-3.1373408120947994,-85.93698930243666,33.133957712339075,33.13395864771925,0.6164890686954081,16.46987838700487,-1.3509523455468297e-06
47.35,-50.45539711016041,-4.035078871575964,-84.91821304662948,33.13395777915195,33.133958697900525,0.6164890035235686,16.46987828108546,-1.3269819021388685e-06
47.400000000000006,-50.37567720427429,-4.931541216912068,-83.89943678822682,33.133957844776845,33.13395874719084,0.6164889395080735,16.469878177045455,-1.3034367896125332e-06
47.45,-50.28003074325815,-5.826444426480057,-82.88066052727484,33.13395790923499,33.13395879560607,0.616488876628388,16.46987807485351,-1.2803099025404663e-06
47.5,-50.16848796623968,-6.719505571584359,-81.86188426381885,33.13395797254721,33.133958843161814,0.6164888148643612,16.46987797447635,-1.2575937091696687e-06
47.550000000000004,-50.04108413805738,-7.6104423059064406,-80.84310799790336,33.133958034733965,33.13395888987341,0.6164887541961761,16.46987787587999,-1.2352805356385943e-06
47.6,-49.89785953811144,-8.498972954770242,-79.82433172957212,33.13395809581536,33.133958935755864,0.6164886946043993,16.469877779035016,-1.2133637028455269e-06
47.650000000000006,-49.738859447629224,-9.384816604195267,-78.80555545886804,33.13395815581111,33.13395898082399,0.61648863606991,16.469877683907402,-1.1918355369289202e-06
47.7,-49.56413413534939,-10.267693189709185,-77.78677918583331,33.133958214740595,33.13395902509224,0.61648857857395,16.46987759046963,-1.1706897851126996e-06
47.75,-49.37373884162918,-11.14732358489184,-76.76800291050932,33.133958272622856,33.13395906857488,0.6164885220980878,16.469877498689605,-1.1499191998609604e-06
47.800000000000004,-49.16773376097989,-12.0234296896227,-75.74922663293681,33.13395832947658,33.133959111285904,0.6164884666242187,16.46987740853845,-1.1295172441805335e-06
47.85,-48.946184023036125,-12.89573451800384,-74.73045035315569,33.1339583853201,33.13395915323906,0.6164884121345651,16.4698773199873,-1.1094773810782499e-06
47.900000000000006,-48.70915967196466,-13.76396228593064,-73.71167407120522,33.133958440171455,33.13395919444782,0.6164883586116616,16.46987723300724,-1.0897930735609407e-06
47.95,-48.45673564431967,-14.627838498282548,-72.69289778712394,33.13395849404834,33.13395923492543,0.6164883060383559,16.46987714757065,-1.0704580688525311e-06
48.0,-48.1889917453511,-15.487090035706315,-71.67412150094971,33.13395854696813,33.13395927468491,0.616488254397801,16.4698770636499,-1.0514661141769466e-06
48.050000000000004,-47.90601262377385,-16.34144524096427,-70.6553452127197,33.1339585989479,33.13395931373906,0.6164882036734411,16.469876981217986,-1.0328110988666594e-06
48.1,-47.6078877450056,-17.19063400482035,-69.63656892247042,33.13395865000441,33.13395935210035,0.6164881538490405,16.46987690024918,-1.0144871964712365e-06
48.150000000000006,-47.29471136288187,-18.0343878514367,-68.61779263023776,33.13395870015412,33.13395938978121,0.616488104908612,16.46987682071516,-9.96488012106056e-07
48.2,-46.96658248985714,-18.872440023253898,-67.59901633605692,33.13395874941319,33.133959426793616,0.6164880568364879,16.469876742594046,-9.788085719719675e-07
48.25,-46.62360486570153,-19.70452556532789,-66.58024003996252,33.133958797797504,33.133959463149594,0.6164880096172567,16.469876665857498,-9.614424811843492e-07
48.300000000000004,-46.26588692470291,-20.530381409097075,-65.56146374198853,33.13395884532266,33.133959498860705,0.616487963235798,16.46987659048295,-9.443846238355036e-07
48.35,-45.89354176138482,-21.34974645555294,-64.54268744216834,33.133958892003946,33.13395953393846,0.6164879176772544,16.469876516444636,-9.276291734749975e-07
48.400000000000006,-45.506687094750966,-22.16236165778805,-63.5239111405347,33.13395893785641,33.13395956839412,0.6164878729270171,16.469876443719325,-9.111708720865863e-07
48.45,-45.10544523106778,-22.967970102895254,-62.505134837119854,33.133958982894825,33.13395960223868,0.6164878289707687,16.46987637228507,-8.950047458711197e-07
48.5,-44.68994302519658,-23.76631709319218,-61.486358531955396,33.13395902713368,33.133959635483116,0.616487785794412,16.469876302116052,-8.791249683781643e-07
48.550000000000004,-44.26031184048767,-24.557150226745406,-60.4675822250724,33.13395907058721,33.13395966813797,0.6164877433841198,16.46987623319288,-8.635271342427586e-07
48.6,-43.81668750724916,-25.340219477168823,-59.44880591650136,33.133959113269405,33.133959700213794,0.6164877017263137,16.469876165491662,-8.482058433401107e-07
48.650000000000006,-43.35921027980342,-26.11527727267091,-58.430029606272235,33.133959155194006,33.13395973172084,0.6164876608076426,16.469876098990397,-8.331561218710704e-07
48.7,-42.888024792144876,-26.882078574326023,-57.411253294414465,33.13395919637449,33.1339597626692,0.6164876206150041,16.469876033669035,-8.183734223621286e-07
48.75,-42.403280012213195,-27.640380953544884,-56.39247698095695,33.13395923682411,33.13395979306882,0.6164875811355159,16.469875969505562,-8.038527710141352e-07
48.800000000000004,-41.905129194796224,-28.38994466871979,-55.37370066592809,33.13395927655588,33.133959822929405,0.6164875423565306,16.469875906480546,-7.895897624621284e-07
48.85,-41.39372983307764,-29.13053274102033,-54.35492434935577,33.13395931558255,33.133959852260546,0.6164875042656348,16.46987584457324,-7.755797071240522e-07
48.900000000000006,-40.86924360884459,-29.86191102931563,-53.3361480312674,33.1339593539167,33.13395988107167,0.6164874668506286,16.469875783762916,-7.618179154178506e-07
48.95,-40.33183634137108,-30.58384830419943,-52.31737171168984,33.13395939157063,33.13395990937199,0.6164874300995251,16.469875724030732,-7.48300124087109e-07
49.0,-39.78167793499327,-31.29611632109464,-51.298595390649545,33.13395942855644,33.13395993717055,0.6164873940005506,16.469875665357883,-7.350220698754129e-07
49.050000000000004,-39.21894232539329,-31.998489892414163,-50.279819068172465,33.13395946488602,33.13395996447625,0.6164873585421446,16.46987560772552,-7.219794895263476e-07
49.1,-38.64380742460847,-32.6907469587553,-49.26104274428408,33.13395950057103,33.13395999129783,0.6164873237129456,16.469875551114782,-7.091681197834987e-07
49.150000000000006,-38.05645506478344,-33.3726686591051,-48.24226641900946,33.13395953562294,33.133960017643936,0.6164872895017979,16.46987549550811,-6.965839816075459e-07
49.2,-37.4570709406829,-34.0440394000346,-47.223490092373154,33.133959570053015,33.13396004352293,0.6164872558977521,16.469875440887293,-6.842229538506217e-07
49.25,-36.84584455098312,-34.70464692385988,-46.20471376439936,33.13395960387229,33.13396006894315,0.6164872228900293,16.46987538723408,-6.720809153648588e-07
49.300000000000004,-36.22296913836091,-35.354282375748646,-45.18593743511179,33.13395963709164,33.13396009391272,0.6164871904680709,16.46987533453348,-6.601544555451255e-07
49.35,-35.588641628398825,-35.992740369750834,-44.16716110453373,33.13395966972172,33.13396011843959,0.6164871586214815,16.469875282765955,-6.484391690264601e-07
49.400000000000006,-34.94306256732603,-36.61981905373265,-43.14838477268811,33.133959701772994,33.13396014253166,0.6164871273400649,16.469875231917108,-6.369317873122782e-07
49.45,-34.28643605861446,-37.23532017319326,-42.12960843959739,33.13395973325576,33.13396016619666,0.6164870966137954,16.469875181969314,-6.256283313632593e-07
49.5,-33.618969698450385,-37.83904913394412,-41.110832105283656,33.133959764180105,33.133960189442064,0.616487066432839,16.469875132907546,-6.14525390574272e-07
49.550000000000004,-32.940874510101644,-38.430815063631094,-40.09205576976859,33.13395979455596,33.1339602122754,0.6164870367875182,16.469875084714822,-6.036191280145431e-07
49.6,-32.25236487720147,-39.01043087207982,-39.07327943307351,33.13395982439306,33.133960234703906,0.61648700766834,16.469875037377356,-5.929064172960352e-07
49.650000000000006,-31.553658475969893,-39.57771331044542,-38.05450309521936,33.133959853700986,33.13396025673482,0.616486979065975,16.469874990878782,-5.823835635965224e-07
49.7,-30.84497620639413,-40.13248302914764,-37.03572675622668,33.13395988248911,33.13396027837514,0.6164869509712574,16.4698749452047,-5.720472984194203e-07
49.75,-30.12654212238982,-40.67456463457333,-36.016950416115684,33.133959910766684,33.13396029963182,0.6164869233751915,16.46987490034065,-5.618943532681442e-07
49.800000000000004,-29.3985833609651,-41.20378674452811,-34.998174074906174,33.133959938542766,33.133960320511655,0.6164868962689312,16.469874856271538,-5.519213175375626e-07
49.85,-28.661330070409935,-41.719982042419886,-33.97939773261765,33.13395996582626,33.13396034102129,0.6164868696437935,16.46987481298422,-5.421252069481852e-07
49.900000000000006,-27.91501533753343,-42.222987330156975,-32.96062138926923,33.133959992625904,33.13396036116731,0.616486843491252,16.469874770464227,-5.325027530034276e-07
49.95,-27.1598751139721,-42.71264357974411,-31.941845044879756,33.1339600189503,33.13396038095618,0.6164868178029224,16.469874728697743,-5.230508293152525e-07
50.0,-26.396148141592413,-43.18879598356011,-30.923068699467642,33.133960044807864,33.133960400394194,0.6164867925705693,16.469874687672228,-5.137665937127167e-07
50.050000000000004,-25.624075877011194,-43.6512940033012,-29.90429235305103,33.13396007020689,33.13396041948754,0.6164867677861139,16.469874647374493,-5.046470619163301e-07
50.1,-24.84390241525773,-44.09999141757458,-28.885516005647762,33.13396009515551,33.133960438242404,0.6164867434416124,16.469874607790707,-4.956891075380554e-07
50.150000000000006,-24.055874412601725,-44.534746368127166,-27.866739657275318,33.133960119661715,33.13396045666471,0.6164867195292629,16.469874568908956,-4.868900305154966e-07
50.2,-23.260241008571516,-44.955421404694945,-26.847963307950867,33.133960143733354,33.133960474760386,0.6164866960414059,16.469874530716663,-4.782469886777108e-07
50.25,-22.45725374718719,-45.36188352845865,-25.82918695769131,33.13396016737814,33.1339604925352,0.6164866729705096,16.46987449320128,-4.697571398537548e-07
50.300000000000004,-21.647166497433496,-45.75400423409213,-24.81041060651323,33.133960190603645,33.133960509994836,0.6164866503091844,16.46987445635152,-4.6141792608977994e-07
50.35,-20.83023537299772,-46.13165955039007,-23.791634254432893,33.1339602134173,33.133960527144886,0.6164866280501613,16.469874420154802,-4.532265052148432e-07
50.400000000000006,-20.006718651297867,-46.49473007946221,-22.772857901466327,33.133960235826414,33.13396054399083,0.6164866061863066,16.46987438460048,-4.45180461383643e-07
50.45,-19.176876691826784,-46.8431010344817,-21.754081547629227,33.133960257838154,33.133960560538036,0.6164865847106142,16.46987434967659,-4.372770945337834e-07
50.5,-18.340971853838013,-47.17666227597562,-20.735305192937044,33.13396027945957,33.13396057679183,0.6164865636162062,16.469874315371843,-4.295138467114157e-07
50.550000000000004,-17.499268413399413,-47.49530834664625,-19.716528837404915,33.133960300697595,33.13396059275736,0.6164865428963111,16.469874281674933,-4.2188815996269113e-07
50.6,-16.652032479840766,-47.798938504711955,-18.697752481047775,33.133960321559,33.133960608439764,0.6164865225442853,16.46987424857648,-4.1439790265940246e-07
50.650000000000006,-15.799531911621784,-48.08745675575739,-17.67897612388023,33.133960342050486,33.13396062384405,0.616486502553613,16.469874216065126,-4.0704051684770093e-07
50.7,-14.942036231647126,-48.3607718830826,-16.66019976591663,33.1339603621786,33.13396063897515,0.6164864829178711,16.469874184129587,-3.998134445737378e-07
50.75,-14.079816542055184,-48.6187974765418,-15.641423407171121,33.133960381949784,33.13396065383786,0.6164864636307783,16.469874152761736,-3.927148384264001e-07
50.800000000000004,-13.21314543850759,-48.86145195986242,-14.622647047657575,33.13396040137036,33.133960668436984,0.6164864446861529,16.469874121948944,-3.8574185623474477e-07
50.85,-12.342296924006536,-49.088658616435914,-13.603870687389573,33.13396042044655,33.133960682777186,0.6164864260779055,16.469874091682456,-3.788925084791117e-07
50.900000000000006,-11.467546322267149,-49.3003456135722,-12.585094326380528,33.13396043918445,33.13396069686299,0.6164864078000818,16.469874061954144,-3.7216494774838793e-07
50.95,-10.58917019067232,-49.49644602520998,-11.566317964643568,33.13396045759006,33.133960710698986,0.6164863898468127,16.469874032752024,-3.6555647398017754e-07
51.0,-9.707446232837508,-49.6768978530758,-10.54754160219162,33.13396047566926,33.133960724289544,0.6164863722123499,16.469874004068604,-3.590653818719147e-07
51.050000000000004,-8.822653210813144,-49.841644046285204,-9.528765239037355,33.13396049342786,33.13396073763905,0.6164863548910162,16.469873975893158,-3.526892555782979e-07
51.1,-7.935070856952403,-49.990632519379695,-8.509988875193216,33.13396051087151,33.13396075075169,0.6164863378772836,16.4698739482195,-3.464266740138555e-07
51.150000000000006,-7.044979785472227,-50.12381616879386,-7.4912125106714385,33.13396052800581,33.133960763631755,0.6164863211656879,16.469873921034303,-3.402746528990974e-07
51.2,-6.152661403735525,-50.24115288774745,-6.472436145484035,33.133960544836235,33.13396077628331,0.6164863047508504,16.469873894332025,-3.342319132570992e-07
51.25,-5.2583978232826185,-50.342605579557706,-5.4536597796428365,33.13396056136816,33.133960788710404,0.6164862886275202,16.469873868105143,-3.282967497852951e-07
51.300000000000004,-4.3624717706400595,-50.428142169367696,-4.4348834131594215,33.13396057760689,33.133960800917045,0.6164862727905245,16.469873842342267,-3.2246660452983633e-07
51.35,-3.4651664979350185,-50.497735614286974,-3.4161070460451617,33.13396059355762,33.13396081290708,0.61648625723479,16.469873817036557,-3.1673991429670423e-07
51.400000000000006,-2.5667656933434966,-50.55136391194135,-2.3973306783112793,33.13396060922544,33.13396082468441,0.6164862419553145,16.469873792179165,-3.1111468956623867e-07
51.45,-1.6675533914006804,-50.5890101074291,-1.3785543099687405,33.13396062461536,33.13396083625275,0.6164862269471953,16.469873767763893,-3.0558950925296813e-07
51.5,-0.7678138832017927,-50.61066229868134,-0.35977794102835914,33.13396063973232,33.13396084761582,0.6164862122056292,16.469873743781893,-3.001623838372325e-07
51.550000000000004,0.13216837347816945,-50.61631364022498,0.6589984284992798,33.13396065458114,33.13396085877727,0.6164861977258695,16.469873720224363,-2.948313237993716e-07
51.6,1.0321088441173936,-50.605962345346946,1.6777747986037441,33.13396066916658,33.133960869740626,0.6164861835032767,16.469873697086342,-2.8959519227100827e-07
51.650000000000006,1.9317230074044751,-50.57961168665908,2.696551169274805,33.1339606834933,33.13396088050944,0.6164861695332959,16.46987367435835,-2.844518576239352e-07
51.7,2.830726445191464,-50.53726999506349,3.715327540502438,33.133960697565875,33.133960891087156,0.6164861558114367,16.469873652032863,-2.793996145555866e-07
51.75,3.728834932414295,-50.47895065711871,4.734103912276744,33.13396071138882,33.13396090147714,0.6164861423332937,16.469873630104253,-2.7443718408903806e-07
51.800000000000004,4.625764526952176,-50.40467211080746,5.752880284588031,33.13396072496656,33.13396091168272,0.6164861290945467,16.469873608564978,-2.6956286092172377e-07
51.85,5.521231659397519,-50.3144578397074,6.771656657426754,33.13396073830343,33.13396092170719,0.6164861160909396,16.46987358740749,-2.647749397510779e-07
51.900000000000006,6.414953222708037,-50.20833636556665,7.790433030783577,33.1339607514037,33.13396093155371,0.6164861033183016,16.469873566626163,-2.600721416001761e-07
51.95,7.30664666171266,-50.08634123928651,8.809209404649314,33.133960764271556,33.13396094122547,0.6164860907725327,16.469873546213428,-2.5545276116645255e-07
52.0,8.196030062442983,-49.94851103031415,9.827985779014934,33.13396077691112,33.133960950725545,0.6164860784496113,16.469873526163028,-2.509153773644357e-07
52.050000000000004,9.082822241261978,-49.79488931444865,10.846762153871554,33.13396078932643,33.133960960056996,0.6164860663455798,16.469873506468037,-2.464584270001069e-07
52.1,9.96674283376182,-49.62552466006431,11.865538529210474,33.133960801521475,33.13396096922282,0.6164860544565371,16.46987348712283,-2.4208063109654177e-07
52.150000000000006,10.847512383402707,-49.44047061275545,12.884314905023142,33.133960813500146,33.13396097822587,0.6164860427786891,16.469873468122397,-2.377808527853631e-07
52.2,11.724852429864645,-49.23978567840769,13.90309128130114,33.13396082526627,33.13396098706917,0.616486031308277,16.469873449457246,-2.335569604383636e-07
52.25,12.598485597084286,-49.023533304701,14.921867658036222,33.13396083682362,33.13396099575542,0.6164860200416129,16.469873431124302,-2.2940824351280753e-07
52.300000000000004,13.468135680948958,-48.79178186105033,15.94064403522027,33.13396084817589,33.133961004287464,0.6164860089750874,16.46987341311728,-2.2533328092322336e-07
52.35,14.333527736620187,-48.54460461699028,16.959420412845322,33.13396085932671,33.13396101266805,0.6164859981051407,16.46987339542925,-2.213305094755924e-07
52.400000000000006,15.194388165459083,-48.28207971901046,17.97819679090354,33.133960870279665,33.13396102089981,0.6164859874282911,16.46987337805584,-2.1739893441008462e-07
52.45,16.050444801526123,-48.00429016584911,18.99697316938724,33.13396088103825,33.13396102898546,0.6164859769410995,16.469873360990107,-2.1353699253268132e-07
52.5,16.901426997627983,-47.711323782252535,20.015749548288888,33.13396089160591,33.133961036927495,0.6164859666401981,16.469873344228333,-2.097438311920996e-07
52.550000000000004,17.747065710884193,-47.40327319120882,21.034525927601056,33.13396090198602,33.133961044728515,0.6164859565222898,16.469873327764212,-2.0601802930286794e-07
52.6,18.587093587786597,-47.080235784664566,22.05330230731647,33.13396091218191,33.13396105239103,0.6164859465841204,16.469873311591442,-2.0235816577951482e-07
52.650000000000006,19.421245048724703,-46.74231369273386,23.072078687427954,33.133960922196856,33.13396105991746,0.6164859368224924,16.469873295706282,-1.9876338797075732e-07
52.7,20.249256371950196,-46.38961375140927,24.09085506792848,33.13396093203404,33.133961067310246,0.6164859272342795,16.46987328010374,-1.9523255900821823e-07
52.75,21.070865776954086,-46.02224746878503,25.109631448811157,33.13396094169663,33.13396107457176,0.6164859178163908,16.46987326477746,-1.9176425780642603e-07
52.800000000000004,21.88581350723013,-45.64033098980314,26.12840783006919,33.13396095118771,33.13396108170428,0.6164859085658136,16.46987324972438,-1.8835777382264496e-07
52.85,22.69384191239833,-45.243985059533465,27.14718421169594,33.13396096051032,33.13396108871016,0.6164858994795708,16.469873234937527,-1.8501154386285634e-07
52.900000000000006,23.494695529662593,-44.8333349849995,28.16596059368484,33.13396096966745,33.13396109559159,0.616485890554749,16.469873220413803,-1.8172485738432442e-07
52.95,24.288121164576754,-44.408510595561864,29.184736976029477,33.13396097866203,33.13396110235081,0.6164858817884706,16.46987320614753,-1.7849643541012483e-07
53.0,25.07386797109346,-43.969646201871974,30.20351335872352,33.13396098749695,33.13396110898998,0.616485873177929,16.469873192135616,-1.753255673975218e-07
53.050000000000004,25.851687530870592,-43.51688055340899,31.22228974176078,33.13396099617502,33.1339611155112,0.616485864720353,16.46987317837172,-1.7221083226104383e-07
53.1,26.62133393181015,-43.05035679461337,32.241066125135156,33.13396100469904,33.13396112191661,0.6164858564130284,16.469873164852753,-1.6915151945795515e-07
53.150000000000006,27.382563845804764,-42.570222419630966,33.25984250884066,33.13396101307172,33.13396112820824,0.6164858482532836,16.46987315157365,-1.6614649211987853e-07
53.2,28.135136605667302,-42.076629225681856,34.27861889287143,33.133961021295754,33.133961134388116,0.6164858402385036,16.469873138530666,-1.6319489759553107e-07
53.25,28.878814281219157,-41.56973326506884,35.297395277221675,33.13396102937378,33.133961140458226,0.6164858323661022,16.469873125718777,-1.6029559901653556e-07
53.300000000000004,29.61336175451325,-41.04969479584059,36.316171661885726,33.13396103730838,33.13396114642048,0.616485824633557,16.469873113135492,-1.5744802794870338e-07
53.35,30.33854679416793,-40.516678231125155,37.33494804685801,33.133961045102104,33.13396115227684,0.616485817038388,16.469873100775118,-1.5465090541511017e-07
53.400000000000006,31.054140128788244,-39.97085208714982,38.353724432133056,33.13396105275744,33.133961158029166,0.616485809578144,16.46987308863389,-1.5190337876447302e-07
53.45,31.75991551945142,-39.41238892996375,39.3725008177055,33.13396106027685,33.13396116367928,0.6164858022504376,16.469873076709337,-1.492048795626033e-07
53.5,32.4556498312336,-38.841465320880204,40.39127720357002,33.133961067662746,33.133961169229075,0.6164857950529097,16.469873064995763,-1.4655412883257668e-07
53.550000000000004,33.14112310375522,-38.25826176065573,41.41005358972148,33.13396107491748,33.13396117468021,0.616485787983251,16.46987305349069,-1.4395055814020452e-07
53.6,33.81611862072276,-37.66296263242377,42.42882997615476,33.13396108204339,33.13396118003454,0.6164857810391879,16.46987304218969,-1.4139317272565677e-07
53.650000000000006,34.48042297844484,-37.05575614340092,43.447606362864846,33.133961089042764,33.13396118529375,0.6164857742184822,16.469873031089644,-1.3888126204619766e-07
53.7,35.13382615330103,-36.43683426538411,44.46638274984684,33.13396109591783,33.13396119045951,0.6164857675189523,16.469873020187443,-1.3641411555909144e-07
53.75,35.77612156814201,-35.80639267405763,45.48515913709591,33.13396110267081,33.1339611955335,0.6164857609384455,16.46987300947799,-1.339905963959609e-07
53.800000000000004,36.40710615760015,-35.16463068712919,46.50393552460733,33.13396110930386,33.13396120051734,0.6164857544748372,16.46987299895882,-1.316101361226174e-07
53.85,37.026580432289755,-34.511751201314404,47.522711912376415,33.13396111581911,33.13396120541261,0.6164857481260597,16.46987298862743,-1.2927216630487237e-07
53.900000000000006,37.63434854187683,-33.84796062818991,48.5414883003986,33.13396112221865,33.1339612102209,0.6164857418900738,16.46987297847877,-1.2697555007434858e-07
53.95,38.230218336998256,-33.17346882893513,49.56026468866937,33.133961128504524,33.133961214943795,0.6164857357648685,16.46987296851033,-1.247197189968574e-07
54.0,38.81400143001091,-32.48848904798348,50.579041077184336,33.133961134678756,33.13396121958273,0.6164857297484829,16.469872958719613,-1.2250410463821026e-07
54.050000000000004,39.38551325455153,-31.793237845603898,51.59781746593914,33.133961140743324,33.133961224139284,0.61648572383897,16.469872949102214,-1.2032771223857708e-07
54.1,39.94457312388842,-31.087935029434114,52.61659385492956,33.13396114670018,33.13396122861482,0.6164857180344541,16.469872939656906,-1.1819025758086354e-07
54.150000000000006,40.49100428804657,-30.372803584987174,53.635370244151375,33.13396115255122,33.13396123301089,0.6164857123330449,16.469872930377328,-1.1609031957959814e-07
54.2,41.02463398968823,-29.64806960515331,54.654146633600504,33.13396115829835,33.13396123732878,0.6164857067329237,16.46987292126485,-1.1402818245187518e-07
54.25,41.54529351873111,-28.913962218719384,55.67292302327289,33.133961163943376,33.13396124156997,0.6164857012322926,16.469872912313093,-1.1200242511222314e-07
54.300000000000004,42.05281826568702,-28.1707135179285,56.69169941316455,33.13396116948813,33.13396124573583,0.6164856958293754,16.46987290352023,-1.1001262123500055e-07
54.35,42.54704777370416,-27.41855848510273,57.71047580327162,33.1339611749344,33.13396124982761,0.6164856905224383,16.469872894884364,-1.0805834449456597e-07
54.400000000000006,43.027825789296415,-26.657734918352084,58.72925219359024,33.13396118028392,33.13396125384673,0.616485685309776,16.46987288640172,-1.0613874223963649e-07
54.45,43.49500031174385,-25.88848335639331,59.74802858411669,33.1339611855384,33.133961257794404,0.6164856801897187,16.469872878069797,-1.0425324603602348e-07
54.5,43.94842364114857,-25.111047002502175,60.766804974847254,33.133961190699544,33.13396126167195,0.616485675160618,16.46987286988544,-1.024011453409912e-07
54.550000000000004,44.38795242513092,-24.325671647623373,61.78558136577832,33.133961195769004,33.13396126548057,0.616485670220861,16.469872861846763,-1.005820138288982e-07
54.6,44.81344770415114,-23.532605592662307,62.80435775690633,33.13396120074841,33.13396126922152,0.6164856653688489,16.469872853950637,-9.87951409570087e-08
54.650000000000006,45.224774955442236,-22.732099569983333,63.823134148227766,33.133961205639345,33.13396127289598,0.6164856606030256,16.469872846195837,-9.70402425082284e-08
54.7,45.62180413554015,-21.9244066641393,64.84191053973922,33.13396121044339,33.133961276505126,0.6164856559218705,16.46987283857855,-9.53164658312744e-08
54.75,46.00440972139771,-21.10978223185741,65.86068693143729,33.13396121516208,33.133961280050165,0.6164856513238632,16.469872831095625,-9.362310038341093e-08
54.800000000000004,46.372470750069475,-20.288483821306723,66.87946332331865,33.133961219796944,33.13396128353219,0.6164856468075399,16.469872823747128,-9.196014616463799e-08
54.85,46.725870856954884,-19.460771090672853,67.89823971538006,33.13396122434946,33.13396128695236,0.6164856423714369,16.469872816527953,-9.032646630657837e-08
54.900000000000006,47.06449831258759,-18.62690572606552,68.91701610761831,33.1339612288211,33.13396129031173,0.6164856380141472,16.469872809438183,-8.872206080923206e-08
54.95,47.38824605795934,-17.787151358785,69.9357925000303,33.13396123321329,33.13396129361144,0.616485633734257,16.469872802472697,-8.714579280422186e-08
55.0,47.69701173836735,-16.941773481973584,70.95456889261291,33.133961237527444,33.13396129685246,0.6164856295303878,16.46987279563222,-8.55978044000949e-08
55.050000000000004,47.99069773577429,-16.091039366678395,71.97334528536311,33.13396124176495,33.13396130003591,0.6164856254011895,16.469872788913573,-8.407738505411544e-08
55.1,48.26921119967082,-15.23521797735212,72.99212167827793,33.13396124592716,33.133961303162785,0.6164856213453476,16.46987278231424,-8.258396633209486e-08
55.150000000000006,48.53246407643079,-14.374579886818358,74.01089807135442,33.133961250015425,33.13396130623412,0.6164856173615476,16.469872775831046,-8.11168376912974e-08
55.2,48.780373137149915,-13.509397190728475,75.02967446458973,33.13396125403104,33.133961309250836,0.6164856134485035,16.469872769464068,-7.967599913172307e-08
55.25,49.01286000395908,-12.639943421537001,76.04845085798102,33.133961257975315,33.13396131221397,0.6164856096049789,16.469872763210756,-7.826088221918326e-08
55.300000000000004,49.22985117480391,-11.766493462022785,77.06722725152554,33.1339612618495,33.13396131512448,0.6164856058297161,16.46987275706666,-7.68704921938479e-08
55.35,49.43127804668295,-10.889323458383226,78.08600364522057,33.13396126565486,33.133961317983186,0.6164856021215144,16.46987275103378,-7.550525538135844e-08
55.400000000000006,49.61707693733682,-10.008710732929073,79.10478003906346,33.13396126939259,33.13396132079114,0.616485598479187,16.469872745107,-7.416403491333767e-08
55.45,49.78718910538177,-9.12493369640739,80.12355643305152,33.133961273063925,33.133961323549194,0.6164855949015546,16.46987273928507,-7.28465465726913e-08
55.5,49.941560768881104,-8.238271759980407,81.14233282718217,33.133961276670014,33.13396132625825,0.6164855913874661,16.46987273356741,-7.155264825087215e-08
55.550000000000004,50.08014312234864,-7.349005246888072,82.16110922145293,33.133961280212034,33.13396132891916,0.6164855879357916,16.46987272795148,-7.028177151369164e-08
55.6,50.20289235217885,-6.457415303822264,83.17988561586128,33.133961283691114,33.13396133153278,0.6164855845454298,16.46987272243541,-6.90334900355083e-08
55.650000000000006,50.309769650498794,-5.563783812040652,84.1986620104048,33.13396128710838,33.133961334099965,0.6164855812152865,16.469872717016656,-6.780723538213351e-08
55.7,50.40074122743745,-4.668393298248321,85.21743840508103,33.13396129046492,33.13396133662154,0.6164855779442959,16.46987271169462,-6.660286544502014e-08
55.75,50.47577832180856,-3.771526845275338,86.23621479988769,33.13396129376182,33.13396133909827,0.6164855747313993,16.469872706466766,-6.541981178997958e-08
55.800000000000004,50.53485721020368,-2.873468002578493,87.2549911948224,33.13396129700014,33.13396134153105,0.6164855715755664,16.4698727013325,-6.425793230846466e-08
55.85,50.57795921449245,-1.974500696595516,88.27376758988288,33.133961300180914,33.13396134392057,0.6164855684757953,16.469872696289286,-6.311665856628679e-08
55.900000000000006,50.60507070772779,-1.074909140980108,89.292543985067,33.13396130330518,33.13396134626764,0.6164855654310699,16.46987269133459,-6.199542212925735e-08
55.95,50.61618311845416,-0.17497774674616506,90.31132038037246,33.13396130637392,33.13396134857296,0.616485562440424,16.46987268646975,-6.089450721447065e-08
56.0,50.61129293341746,0.7250089676503902,91.33009677579712,33.13396130938814,33.13396135083737,0.6164855595028982,16.46987268169027,-5.981291906209663e-08
56.050000000000004,50.590401698675784,1.624766466263749,92.34887317133888,33.133961312348795,33.13396135306152,0.6164855566175476,16.469872676995564,-5.8750515563588124e-08
56.1,50.55351601911061,2.5240102856158844,93.36764956699564,33.13396131525685,33.13396135524618,0.6164855537834413,16.4698726723844,-5.770701250185084e-08
56.150000000000006,50.50064755633864,3.4224561246313083,94.38642596276537,33.13396131811323,33.13396135739199,0.6164855509996698,16.469872667855487,-5.668212565979047e-08
56.2,50.43181302502492,4.319819934520487,95.4052023586461,33.13396132091885,33.133961359499665,0.616485548265338,16.469872663406967,-5.567542871176556e-08
56.25,50.3470341875984,5.215818008583488,96.42397875463583,33.133961323674626,33.13396136156989,0.6164855455795788,16.469872659037573,-5.468663744068181e-08
56.300000000000004,50.24633784737161,6.110167071905484,97.44275515073257,33.13396132638143,33.13396136360337,0.6164855429415113,16.46987265474477,-5.37151834123506e-08
56.35,50.12975584006666,7.0025843709157325,98.46153154693445,33.13396132904014,33.13396136560067,0.6164855403502969,16.469872650529865,-5.276135084386624e-08
56.400000000000006,49.99732502375018,7.892787762781744,99.48030794323964,33.133961331651605,33.13396136756253,0.6164855378051044,16.469872646389042,-5.182428708394582e-08
56.45,49.849087267180444,8.780495804610347,100.49908433964629,33.13396133421667,33.133961369489484,0.6164855353051095,16.4698726423217,-5.0903850024042185e-08
56.5,49.68508943657033,9.665427842427475,101.51786073615254,33.13396133673616,33.13396137138225,0.6164855328495236,16.469872638327207,-4.9999897555608186e-08
56.550000000000004,49.505383380770276,10.547304099908526,102.5366371327567,33.13396133921088,33.13396137324139,0.6164855304375436,16.469872634402385,-4.911171913590806e-08
56.6,49.31002591487599,11.425845766831253,103.55541352945698,33.13396134164163,33.13396137506746,0.6164855280684023,16.46987263054856,-4.8239598982036114e-08
56.650000000000006,49.09907880226604,12.300775087223206,104.57418992625173,33.13396134402919,33.133961376861095,0.6164855257413322,16.469872626762545,-4.7382826551256585e-08
56.7,48.87260873507499,13.171815447175877,105.59296632313918,33.13396134637433,33.133961378622885,0.6164855234555873,16.46987262304436,-4.6541401843569474e-08
56.75,48.63068731310831,14.038691462297775,106.61174272011773,33.13396134867779,33.13396138035335,0.6164855212104428,16.469872619392113,-4.5714898533333326e-08
56.800000000000004,48.373391021205705,14.901129064778772,107.6305191171858,33.13396135094033,33.133961382053094,0.6164855190051668,16.46987261580389,-4.490289029490668e-08
56.85,48.100801205059966,15.758855590038213,108.64929551434174,33.133961353162675,33.13396138372262,0.6164855168390488,16.46987261228038,-4.41055192368367e-08
56.900000000000006,47.8130040454991,16.61159986292939,109.668071911584,33.13396135534553,33.133961385362504,0.6164855147113997,16.469872608819674,-4.3322359033481916e-08
56.95,47.51009053123974,17.459092283473105,110.68684830891108,33.133961357489596,33.133961386973255,0.6164855126215372,16.469872605419866,-4.255298335920088e-08
57.0,47.192156430120555,18.301064912093263,111.70562470632143,33.133961359595574,33.1339613885554,0.6164855105687863,16.46987260208033,-4.179725010544644e-08
57.050000000000004,46.85930225882471,19.13725155432749,112.72440110381359,33.13396136166413,33.13396139010943,0.6164855085524934,16.469872598800464,-4.105501716367144e-08
57.1,46.511633251100925,19.967387844986053,113.74317750138611,33.13396136369594,33.13396139163586,0.6164855065720047,16.469872595578362,-4.032585820823442e-08
57.150000000000006,46.14925932449323,20.79121133173241,114.76195389903756,33.13396136569165,33.13396139313515,0.6164855046266879,16.46987259241405,-3.960977323913539e-08
57.2,45.77229504558992,21.608461558059027,115.78073029676652,33.1339613676519,33.13396139460785,0.6164855027159177,16.469872589305616,-3.8906335930732894e-08
57.25,45.380859593802654,22.4188801456322,116.79950669457166,33.13396136957733,33.13396139605436,0.6164855008390759,16.469872586252443,-3.821540417447977e-08
57.300000000000004,44.975076723687216,23.222210875979844,117.81828309245161,33.13396137146854,33.13396139747516,0.6164854989955657,16.469872583253917,-3.7536835861828877e-08
57.35,44.555074725817796,24.018199771496416,118.83705949040503,33.13396137332616,33.13396139887074,0.6164854971847902,16.469872580308124,-3.687020466713875e-08
57.400000000000006,44.120986386227194,24.80659517573941,119.85583588843062,33.13396137515077,33.13396140024149,0.6164854954061667,16.469872577415096,-3.6215510590409394e-08
57.45,43.67294894442577,25.587147832991974,120.87461228652704,33.13396137694296,33.13396140158795,0.616485493659134,16.469872574573557,-3.5572469414546504e-08
57.5,43.211104050012366,26.359610967066523,121.89338868469308,33.13396137870332,33.13396140291051,0.6164854919431235,16.469872571781607,-3.494065481390862e-08
57.550000000000004,42.735597717891,27.12374035932446,122.91216508292752,33.133961380432396,33.133961404209536,0.6164854902575883,16.46987256903991,-3.43202088970429e-08
57.6,42.24658028210739,27.879294425887288,123.93094148122913,33.133961382130764,33.13396140548551,0.616485488601981,16.469872566346567,-3.371070533830789e-08
57.650000000000006,41.74420634832002,28.62603429401474,124.94971787959669,33.13396138379896,33.133961406738834,0.6164854869757761,16.46987256370158,-3.311214413770358e-08
57.7,41.22863474492065,29.36372387762576,125.96849427802908,33.13396138543752,33.13396140796988,0.6164854853784476,16.46987256110306,-3.252409896958852e-08
57.75,40.70002847281982,30.092129951938475,126.98727067652513,33.13396138704698,33.133961409179044,0.616485483809484,16.469872558551014,-3.194656983396271e-08
57.800000000000004,40.15855465391318,30.811022227205545,128.00604707508367,33.133961388627846,33.133961410366766,0.6164854822683807,16.469872556044166,-3.137927251373185e-08
57.85,39.60438447824497,31.52017342152158,129.02482347370366,33.13396139018062,33.13396141153338,0.6164854807546476,16.469872553581915,-3.082206490034878e-08
57.900000000000006,39.03769314988525,32.21935933267962,130.04359987238396,33.13396139170582,33.133961412679234,0.6164854792677943,16.469872551162986,-3.02746627767192e-08
57.95,38.458659831538206,32.90835890905396,131.06237627112353,33.13396139320392,33.133961413804776,0.6164854778073376,16.469872548787404,-2.9737066142843105e-08
58.0,37.86746758789878,33.58695431948685,132.0811526699213,33.13396139467541,33.133961414910296,0.6164854763728229,16.46987254645452,-2.920913289017335e-08
58.050000000000004,37.264303327775735,34.2549310221571,133.09992906877622,33.13396139612076,33.13396141599621,0.616485474963774,16.469872544161813,-2.8690294584521325e-08
58.1,36.649357744999385,34.912077832408706,134.11870546768728,33.13396139754043,33.13396141706281,0.6164854735797505,16.4698725419112,-2.8180977551528485e-08
58.150000000000006,36.02282525813262,35.558186989518056,135.1374818666535,33.133961398934886,33.133961418110495,0.6164854722202975,16.469872539699494,-2.768047124845907e-08
58.2,35.384903949004396,36.1930542223787,136.1562582656739,33.13396140030458,33.133961419139524,0.6164854708849887,16.46987253752801,-2.7189059892407386e-08
58.25,34.735795500085,36.81647881408282,137.1750346647475,33.133961401649934,33.133961420150335,0.6164854695733908,16.469872535394174,-2.670617504918482e-08
58.300000000000004,34.075705130723,37.42826366537904,138.19381106387337,33.13396140297139,33.13396142114318,0.6164854682850844,16.469872533298663,-2.623195882733853e-08
58.35,33.40484153226399,38.02821535698648,139.21258746305057,33.13396140426937,33.13396142211838,0.6164854670196505,16.469872531240192,-2.576612700977421e-08
58.400000000000006,32.72341680207159,38.61614421074535,140.2313638622782,33.133961405544305,33.133961423076244,0.6164854657766838,16.46987252921878,-2.5308679596491857e-08
58.45,32.031646376471684,39.191864349584804,141.25014026155534,33.13396140679659,33.133961424017116,0.6164854645557938,16.469872527233168,-2.485933237039717e-08
58.5,31.329748962640977,39.75519375628906,142.26891666088113,33.13396140802662,33.13396142494128,0.6164854633565824,16.469872525282064,-2.4417801114395843e-08
58.550000000000004,30.617946469461476,40.30595433104314,143.28769306025472,33.133961409234814,33.13396142584904,0.6164854621786588,16.469872523366153,-2.398422793703503e-08
58.6,29.89646393736272,40.84397194774019,144.3064694596752,33.13396141042154,33.13396142674067,0.6164854610216608,16.469872521484785,-2.3558470729767578e-08
58.650000000000006,29.16552946717397,41.3690765090324,145.32524585914183,33.1339614115872,33.133961427616505,0.6164854598851974,16.469872519635402,-2.313996105840488e-08
58.7,28.425374148008824,41.88110200010832,146.34402225865372,33.13396141273215,33.13396142847673,0.6164854587689206,16.469872517820615,-2.272926735713554e-08
58.75,27.67623198420506,42.37988654117933,147.3627986582101,33.13396141385676,33.13396142932171,0.6164854576724679,16.46987251603655,-2.2325536974676652e-08
58.800000000000004,26.918339821342848,42.86527243865889,148.38157505781015,33.1339614149614,33.133961430151714,0.6164854565954769,16.469872514284525,-2.1929054128122516e-08
58.85,26.151937271364645,43.337106235018275,149.40035145745307,33.13396141604642,33.133961430966956,0.6164854555376138,16.469872512564546,-2.1539818817473133e-08
58.900000000000006,25.37726663682052,43.79523875730304,150.4191278571382,33.133961417112175,33.13396143176771,0.6164854544985374,16.469872510874055,-2.1157262608539895e-08
58.95,24.594572834262806,44.23952516429491,151.43790425686475,33.133961418159,33.13396143255423,0.6164854534779067,16.46987250921372,-2.0781527609869954e-08
59.0,23.804103316814345,44.66982499230417,152.45668065663196,33.13396141918722,33.13396143332678,0.616485452475402,16.469872507583535,-2.041261382146331e-08
59.050000000000004,23.006107995934755,45.08600219957805,153.47545705643907,33.13396142019719,33.133961434085656,0.6164854514906963,16.469872505981588,-2.0050094917678507e-08
59.1,22.200839162409498,45.48792520931109,154.49423345628546,33.13396142118922,33.13396143483101,0.6164854505234771,16.469872504408542,-1.9694113007062697e-08
59.150000000000006,21.3885514065867,45.875466951243965,155.51300985617033,33.13396142216364,33.13396143556319,0.6164854495734318,16.469872502863122,-1.9344383872521576e-08
59.2,20.56950153788696,46.248504901837386,156.53178625609306,33.133961423120745,33.13396143628235,0.6164854486402547,16.469872501345336,-1.9000907514055143e-08
59.25,19.743948503611584,46.606921123008696,157.55056265605296,33.133961424060864,33.13396143698873,0.6164854477236545,16.469872499854546,-1.8663541823116248e-08
59.300000000000004,18.912153307074906,46.95060229941862,158.56933905604944,33.13396142498428,33.133961437682565,0.6164854468233258,16.469872498389485,-1.8332002582610585e-08
59.35,18.074378925086602,47.279439774296584,159.58811545608177,33.1339614258913,33.133961438364075,0.6164854459389773,16.469872496951464,-1.800657400963246e-08
59.400000000000006,17.230890224810068,47.59332958379317,160.60689185614933,33.13396142678221,33.13396143903347,0.6164854450703388,16.469872495539192,-1.7686971887087566e-08
59.45,16.381953880023147,47.89217248984889,161.6256682562515,33.1339614276573,33.133961439691014,0.6164854442171261,16.469872494150735,-1.737276988933445e-08
59.5,15.527838286807693,48.17587401156884,162.64444465638763,33.133961428516855,33.13396144033688,0.6164854433790623,16.469872492787438,-1.7064252233467414e-08
59.550000000000004,14.668813478694608,48.4443444550934,163.66322105655718,33.13396142936114,33.133961440971284,0.6164854425558772,16.469872491448612,-1.6761276810939307e-08
59.6,13.805151041291197,48.69749894195547,164.68199745675952,33.13396143019044,33.1339614415944,0.6164854417473151,16.46987249013366,-1.6463701513202977e-08
59.650000000000006,12.937124026417829,48.93525743591527,165.7007738569941,33.133961431005005,33.13396144220646,0.616485440953106,16.469872488841297,-1.617124212316412e-08
59.7,12.065006865781037,49.15754476826423,166.71955025726032,33.13396143180511,33.13396144280764,0.6164854401730011,16.469872487572815,-1.588418285791704e-08
59.75,11.189075284210363,49.36429066159007,167.73832665755765,33.13396143259101,33.13396144339812,0.6164854394067518,16.469872486326306,-1.560209739182028e-08
59.800000000000004,10.30960621248638,49.55542975199534,168.75710305788544,33.13396143336294,33.13396144397819,0.6164854386541023,16.469872485101767,-1.532498572487384e-08
59.85,9.426877699787436,49.73090160976265,169.77587945824325,33.133961434121176,33.1339614445479,0.6164854379148181,16.46987248389986,-1.5052989965624874e-08
59.900000000000006,8.541168825782819,49.89065075845982,170.7946558586305,33.13396143486594,33.13396144510753,0.6164854371886577,16.469872482718657,-1.4785683788431925e-08
59.95,7.652759612400117,50.034626692479115,171.8134322590467,33.13396143559748,33.133961445657214,0.6164854364753936,16.469872481558816,-1.4523209301842144e-08
60.0,6.761930935294689,50.16278389300486,172.83220865949127,33.13396143631603,33.133961446197155,0.6164854357748055,16.469872480419056,-1.4265282288761227e-08
60.050000000000004,5.868964435049218,50.275081842404454,173.85098505996382,33.133961437021824,33.13396144672752,0.6164854350866449,16.46987247929874,-1.4011760640642024e-08
60.1,4.974142428131425,50.37148503703831,174.86976146046376,33.133961437715094,33.133961447248396,0.6164854344107127,16.469872478200465,-1.376321279167314e-08
60.150000000000006,4.077747817638106,50.45196299848448,175.88853786099065,33.13396143839604,33.1339614477601,0.6164854337467744,16.46987247711971,-1.3518643982024514e-08
60.2,3.180064003853699,50.51649028317462,176.90731426154397,33.1339614390649,33.13396144826265,0.6164854330946383,16.469872476059734,-1.3278764754431904e-08
60.25,2.2813747946516587,50.56504649043807,177.92609066212333,33.13396143972188,33.13396144875632,0.6164854324540698,16.469872475016647,-1.3042722457612399e-08
60.300000000000004,1.3819643157669774,50.59761626895172,178.94486706272818,33.1339614403672,33.133961449241184,0.6164854318248842,16.469872473994357,-1.281136974284891e-08
60.35,0.4821169209682049,50.614189321593344,179.96364346335804,33.133961441001055,33.13396144971751,0.6164854312068684,16.46987247298833,-1.2583711850311374e-08
60.400000000000006,-0.4178828978426212,50.614760408697144,-179.01758013598746,33.13396144162366,33.13396145018533,0.6164854305998304,16.46987247200118,-1.2360317214188399e-08
60.45,-1.3177506005737192,50.599329349710274,-177.99880373530874,33.13396144223521,33.13396145064488,0.6164854300035714,16.469872471030964,-1.2140759508838528e-08
60.5,-2.2172016889025414,50.56790102324994,-176.98002733460626,33.133961442835904,33.13396145109624,0.6164854294178994,16.46987247007834,-1.1925180842808913e-08
60.550000000000004,-3.115951796221547,50.52048536556099,-175.96125093388048,33.13396144342593,33.1339614515396,0.6164854288426298,16.46987246914268,-1.1713439107552404e-08
60.6,-4.013716777542332,50.4570973673745,-174.94247453313176,33.13396144400548,33.13396145197509,0.6164854282775707,16.469872468223336,-1.1505392194521846e-08
60.650000000000006,-4.910212799329695,50.37775706916841,-173.9236981323605,33.13396144457474,33.133961452402815,0.6164854277225444,16.46987246732096,-1.1301182212264393e-08
60.7,-5.805156429237233,50.282489554831564,-172.90492173156716,33.133961445133885,33.13396145282298,0.6164854271773734,16.46987246643427,-1.1100524943685741e-08
60.75,-6.698264725716097,50.17132494373333,-171.88614533075204,33.1339614456831,33.133961453235656,0.6164854266418942,16.46987246556329,-1.090342038878589e-08
60.800000000000004,-7.589255327468587,50.04429838120117,-170.86736892991564,33.133961446222564,33.133961453641035,0.616485426115915,16.469872464706715,-1.0709584330470534e-08
60.85,-8.477846542718288,49.90145002740926,-169.84859252905827,33.13396144675246,33.13396145403919,0.6164854255992793,16.46987246386715,-1.0519585202928283e-08
60.900000000000006,-9.36375743826854,49.742825044681595,-168.8298161281803,33.13396144727294,33.133961454430285,0.6164854250918097,16.469872463041366,-1.0332712463423377e-08
60.95,-10.246707928321072,49.568473583213695,-167.81103972728215,33.13396144778417,33.13396145481445,0.6164854245933569,16.46987246223132,-1.0149392437597271e-08
61.0,-11.126418863026739,49.378450765217316,-166.79226332636412,33.13396144828634,33.13396145519177,0.6164854241037574,16.469872461434413,-9.969056691261358e-09
61.050000000000004,-12.00261211674033,49.17281666749325,-165.77348692542657,33.13396144877959,33.133961455562414,0.6164854236228408,16.46987246065195,-9.79198944150994e-09
61.1,-12.875010675951598,48.951636302437706,-164.75471052446986,33.13396144926408,33.13396145592644,0.616485423150479,16.46987245988462,-9.618332796890172e-09
61.150000000000006,-13.743338726864655,48.71497959748825,-163.73593412349433,33.13396144973996,33.13396145628407,0.6164854226864946,16.469872459128506,-9.44723410611914e-09
61.2,-14.607321742598089,48.46292137301588,-162.71715772250033,33.13396145020739,33.13396145663529,0.6164854222307525,16.46987245838816,-9.279688129026908e-09
61.25,-15.466686569978203,48.19554131867011,-161.69838132148814,33.133961450666526,33.13396145698029,0.6164854217831106,16.469872457659715,-9.114842214330565e-09
61.300000000000004,-16.32116151589796,47.912923968184636,-160.67960492045813,33.133961451117514,33.13396145731918,0.6164854213434126,16.46987245694382,-8.952838470577262e-09
61.35,-17.170476433214308,47.61515867265152,-159.66082851941061,33.13396145156049,33.133961457652035,0.6164854209115234,16.469872456241763,-8.793961114861304e-09
61.400000000000006,-18.01436280615675,47.302339572272324,-158.6420521183459,33.133961451995596,33.13396145797898,0.616485420487308,16.46987245555163,-8.637783821541234e-09
61.45,-18.852553835220142,46.97456556659516,-157.62327571726425,33.13396145242298,33.13396145830014,0.6164854200706174,16.46987245487342,-8.484306590617052e-09
61.5,-19.684784521514878,46.63194028324702,-156.60449931616603,33.133961452842776,33.13396145861557,0.6164854196613305,16.46987245420842,-8.333813639183063e-09
61.550000000000004,-20.51079175054781,46.27457204517131,-155.5857229150515,33.13396145325512,33.13396145892543,0.6164854192593126,16.469872453554075,-8.185736533050658e-09
61.6,-21.3303143754074,45.90257383638094,-154.5669465139209,33.13396145366014,33.133961459229766,0.6164854188644284,16.46987245291166,-8.040359489314142e-09
61.650000000000006,-22.14309329932681,45.516063266237765,-153.5481701127746,33.133961454057975,33.1339614595287,0.6164854184765645,16.46987245228119,-7.897682507973514e-09
61.7,-22.94887155759883,45.11516253226973,-152.52939371161287,33.13396145444874,33.13396145982234,0.6164854180955857,16.46987245166075,-7.757279263387318e-09
61.75,-23.747394398816738,44.69999838153742,-151.51061731043595,33.133961454832566,33.133961460110754,0.6164854177213712,16.469872451052254,-7.61957608119701e-09
61.800000000000004,-24.53840936541541,44.27070207056224,-150.4918409092441,33.13396145520957,33.13396146039403,0.6164854173538075,16.46987245045443,-7.484288744308287e-09
61.85,-25.321666373487243,43.827409323828924,-149.4730645080376,33.13396145557989,33.13396146067232,0.6164854169927665,16.46987244986664,-7.3512751441739965e-09
61.900000000000006,-26.096917791847588,43.37026029087547,-148.45428810681673,33.13396145594364,33.13396146094563,0.6164854166381346,16.469872449290186,-7.220819497888442e-09
61.95,-26.863918520324784,42.89939950198405,-147.43551170558172,33.13396145630092,33.133961461214106,0.6164854162898052,16.469872448723766,-7.09263758835732e-09
62.0,-27.622426067249975,42.41497582248693,-146.41673530433283,33.13396145665187,33.1339614614778,0.6164854159476576,16.469872448166747,-6.966587307033478e-09
62.050000000000004,-28.372200626122243,41.91714240570186,-145.3979589030703,33.13396145699657,33.13396146173683,0.6164854156115851,16.469872447620432,-6.842952871011221e-09
62.1,-29.113005151424794,41.406056644511764,-144.37918250179442,33.13396145733517,33.13396146199124,0.6164854152814883,16.469872447083517,-6.721450063196244e-09
62.150000000000006,-29.84460543356827,40.881880121604084,-143.36040610050534,33.133961457667745,33.13396146224116,0.6164854149572463,16.469872446555375,-6.601936775041395e-09
62.2,-30.56677017293744,40.344778558385485,-142.34162969920334,33.13396145799442,33.13396146248661,0.6164854146387668,16.46987244603795,-6.48483933218813e-09
62.25,-31.279271053017897,39.794921762588096,-141.32285329788868,33.13396145831529,33.13396146272773,0.6164854143259433,16.469872445528658,-6.369589300447842e-09
62.300000000000004,-31.98188281257964,39.2324835745838,-140.30407689656155,33.133961458630466,33.13396146296458,0.6164854140186691,16.469872445028802,-6.256470896914834e-09
62.35,-32.6743833168947,38.65764181242365,-139.2853004952222,33.13396145894005,33.13396146319718,0.6164854137168589,16.469872444538375,-6.1454841215891065e-09
62.400000000000006,-33.356553627966285,38.070578215619605,-138.26652409387077,33.13396145924413,33.13396146342571,0.6164854134204063,16.469872444055447,-6.036202648829203e-09
62.45,-34.02817807374731,37.47147838768662,-137.24774769250757,33.13396145954281,33.13396146365014,0.6164854131292188,16.469872443581966,-5.92905280427658e-09
62.5,-34.68904431632634,36.860531737462985,-136.22897129113275,33.13396145983619,33.13396146387059,0.616485412843204,16.469872443116646,-5.823750370836933e-09
62.550000000000004,-35.33894341905941,36.23793141922764,-135.21019488974656,33.13396146012437,33.133961464087136,0.6164854125622625,16.469872442659483,-5.7202953485102626e-09
62.6,-35.97766991262659,35.60387427163337,-134.19141848834914,33.13396146040742,33.13396146429982,0.6164854122863161,16.469872442211123,-5.61882984584372e-09
62.650000000000006,-36.605021859992235,34.95856075547512,-133.17264208694075,33.133961460685455,33.13396146450876,0.6164854120152654,16.469872441769652,-5.51892753719585e-09
62.7,-37.22080092024858,34.30219489031315,-132.15386568552154,33.133961460958545,33.13396146471395,0.6164854117490393,16.46987244133699,-5.421014748208108e-09
62.75,-37.824812411322306,33.634984189971135,-131.1350892840917,33.13396146122679,33.13396146491552,0.6164854114875311,16.469872440910578,-5.324523044691887e-09
62.800000000000004,-38.416865371524445,32.95713959692942,-130.11631288265147,33.13396146149027,33.133961465113494,0.6164854112306699,16.469872440493635,-5.2301629693829454e-09
62.85,-38.996772619923966,32.26887541563441,-129.097536481201,33.133961461749074,33.13396146530797,0.6164854109783704,16.46987244008294,-5.137223979545524e-09
62.900000000000006,-39.56435081552612,31.570409244744937,-128.07876007974045,33.133961462003285,33.13396146549898,0.6164854107305544,16.46987243967978,-5.0459902922739275e-09
62.95,-40.11942051523673,30.861961908337236,-127.05998367827004,33.13396146225298,33.13396146568658,0.6164854104871296,16.469872439283527,-4.956319799021003e-09
63.0,-40.66180623059419,30.14375738609014,-126.04120727678995,33.133961462498235,33.133961465870854,0.6164854102480319,16.469872438895475,-4.8684967168810545e-09
63.050000000000004,-41.191336483251085,29.416022742472617,-125.0224308753003,33.13396146273914,33.133961466051865,0.6164854100131905,16.469872438513022,-4.781952611665474e-09
63.1,-41.7078438591881,28.67898805495604,-124.00365447380132,33.133961462975755,33.133961466229685,0.6164854097825128,16.469872438136846,-4.696829591921414e-09
63.150000000000006,-42.21116506164291,27.932886341273885,-122.98487807229313,33.13396146320818,33.13396146640431,0.6164854095559278,16.469872437768874,-4.6135539832903305e-09
63.2,-42.70114096273737,27.17795348575184,-121.96610167077593,33.13396146343647,33.133961466575855,0.6164854093333716,16.469872437407176,-4.531699460130767e-09
63.25,-43.17761665378673,26.414428164731614,-120.94732526924984,33.13396146366072,33.13396146674436,0.616485409114766,16.46987243705111,-4.451123913895572e-09
63.300000000000004,-43.640441494274874,25.642551771112064,-119.92854886771507,33.13396146388097,33.13396146690986,0.61648540890004,16.469872436701962,-4.3721115616790485e-09
63.35,-44.08946915948021,24.862568338031434,-118.9097724661717,33.133961464097325,33.13396146707242,0.6164854086891296,16.4698724363591,-4.2945202949340455e-09
63.400000000000006,-44.52455768673704,24.074724461714887,-117.89099606461996,33.13396146430983,33.13396146723209,0.6164854084819638,16.469872436021873,-4.218208005113411e-09
63.45,-44.945569520317896,23.2792692235117,-116.87221966305995,33.13396146451856,33.133961467388936,0.6164854082784785,16.46987243569094,-4.143316800764296e-09
63.5,-45.35237155492255,22.476454111146772,-115.85344326149185,33.13396146472358,33.133961467543,0.61648540807861,16.469872435365648,-4.06970457333955e-09
63.550000000000004,-45.744835177760024,21.66653293921133,-114.83466685991577,33.13396146492497,33.13396146769433,0.616485407882287,16.469872435046007,-3.997371322839172e-09
63.6,-46.122836309210264,20.849761768917997,-113.81589045833186,33.13396146512279,33.13396146784296,0.6164854076894528,16.46987243473266,-3.926459157810314e-09
63.650000000000006,-46.48625544205262,20.026398827145588,-112.79711405674027,33.133961465317086,33.13396146798896,0.6164854075000434,16.46987243442432,-3.856683861158672e-09
63.7,-46.83497767924872,19.19670442479919,-111.77833765514114,33.13396146550793,33.13396146813238,0.6164854073139949,16.46987243412164,-3.788187541431398e-09
63.75,-47.16889277026787,18.360940874511385,-110.7595612535346,33.13396146569539,33.13396146827322,0.6164854071312504,16.469872433824623,-3.7209701986284927e-09
63.800000000000004,-47.487895145943334,17.51937240771061,-109.74078485192076,33.13396146587952,33.13396146841156,0.6164854069517602,16.469872433532625,-3.6548897242028033e-09
63.85,-47.79188395184868,16.672265091082874,-108.72200845029978,33.13396146606038,33.13396146854748,0.6164854067754533,16.469872433244984,-3.589804009607178e-09
63.900000000000006,-48.08076308018345,15.819886742453264,-107.70323204867178,33.133961466238034,33.13396146868095,0.6164854066022727,16.46987243296367,-3.526139380483073e-09
63.95,-48.35444120015822,14.962506846113795,-106.68445564703687,33.13396146641252,33.13396146881208,0.6164854064321688,16.469872432687374,-3.4636116197361844e-09
64.0,-48.612831786869314,14.10039646762442,-105.66567924539518,33.133961466583926,33.13396146894085,0.6164854062650917,16.469872432415464,-3.4020786188193597e-09
64.05,-48.855853148654184,13.233828168114089,-104.64690284374683,33.133961466752275,33.13396146906736,0.6164854061009706,16.46987243214793,-3.341540377732599e-09
64.10000000000001,-49.08342845291868,12.363075918109002,-103.62812644209194,33.13396146691764,33.13396146919158,0.6164854059397697,16.469872431886717,-3.282423222117359e-09
64.15,-49.29548575042812,11.488415010915254,-102.60935004043061,33.13396146708006,33.13396146931363,0.6164854057814324,16.469872431628627,-3.2240166092378786e-09
64.2,-49.491957998054446,10.610121975583276,-101.59057363876299,33.13396146723961,33.133961469433494,0.6164854056259088,16.469872431375542,-3.1667468647356145e-09
64.25,-49.67278307997229,9.7284744894816,-100.57179723708917,33.13396146739632,33.13396146955126,0.6164854054731421,16.469872431126863,-3.1104718800634146e-09
64.3,-49.83790382729727,8.843751290507571,-99.55302083540926,33.13396146755024,33.13396146966691,0.6164854053230968,16.46987243088323,-3.055333763768431e-09
64.35000000000001,-49.987268036160216,7.956232088962757,-98.53424443372337,33.13396146770143,33.13396146978052,0.6164854051757089,16.469872430642695,-3.000906190209207e-09
64.4,-50.120828484211785,7.066197479120946,-97.51546803203162,33.133961467849936,33.1339614698921,0.616485405030943,16.46987243040786,-2.9477575935743516e-09
64.45,-50.23854294555201,6.173928850516656,-96.4966916303341,33.1339614679958,33.13396147000171,0.6164854048887491,16.46987243017612,-2.8953195396752562e-09
64.5,-50.34037420408031,5.279708298982225,-95.47791522863089,33.133961468139084,33.13396147010936,0.6164854047490778,16.469872429948794,-2.843876245606225e-09
64.55,-50.426290065261554,4.3838185374615986,-94.45913882692213,33.133961468279814,33.1339614702151,0.6164854046118862,16.469872429725875,-2.793427711367258e-09
64.60000000000001,-50.49626336630454,3.4865428066290147,-93.44036242520791,33.13396146841805,33.13396147031897,0.6164854044771317,16.469872429506715,-2.743831828411203e-09
64.65,-50.550271984749685,2.588164785340845,-92.4215860234883,33.13396146855383,33.133961470420985,0.6164854043447718,16.469872429291318,-2.69508859673806e-09
64.7,-50.58829884546315,1.6889685009489006,-91.40280962176342,33.1339614686872,33.13396147052121,0.6164854042147638,16.469872429079693,-2.6471980163478293e-09
64.75,-50.61033192603526,0.7892382395035589,-90.38403322003337,33.13396146881819,33.13396147061964,0.616485404087058,16.469872428871835,-2.6001600872405106e-09
64.8,-50.616364260581435,-0.11074154412489745,-89.36525681829823,33.133961468946865,33.13396147071631,0.616485403961633,16.46987242866839,-2.554116917963256e-09
64.85000000000001,-50.60639394194451,-1.0106863161783153,-88.34648041655808,33.133961469073256,33.1339614708113,0.6164854038384249,16.46987242846678,-2.5085000743274577e-09
64.9,-50.5804241222977,-1.9103115539676474,-87.32770401481304,33.1339614691974,33.133961470904545,0.6164854037174052,16.46987242827088,-2.4641622076160274e-09
64.95,-50.538463012148,-2.809332835826428,-86.30892761306316,33.13396146931934,33.133961470996184,0.6164854035985385,16.469872428077462,-2.4203927750932053e-09
65.0,-50.4805238777404,-3.7074659310323104,-85.29015121130854,33.13396146943911,33.133961471086174,0.6164854034817822,16.469872427887182,-2.377333885306143e-09
65.05,-50.4066250368637,-4.604426889668237,-84.27137480954929,33.13396146955676,33.13396147117456,0.6164854033671006,16.46987242770068,-2.3351276468019933e-09
65.10000000000001,-50.316789853059205,-5.499932132394829,-83.25259840778544,33.133961469672315,33.13396147126139,0.6164854032544511,16.469872427517302,-2.2936319510336034e-09
65.15,-50.21104672823423,-6.3936985401056186,-82.23382200601712,33.133961469785824,33.13396147134669,0.6164854031438054,16.46987242733772,-2.2529889065481257e-09
65.2,-50.08942909368267,-7.285443543436774,-81.2150456042444,33.133961469897315,33.13396147143046,0.6164854030351279,16.469872427160627,-2.212914296251256e-09
65.25,-49.95197539951549,-8.17488521210302,-80.19626920246733,33.133961470006824,33.133961471512755,0.616485402928376,16.469872426986672,-2.1735502286901465e-09
65.3,-49.798729102504545,-9.061742344031511,-79.17749280068603,33.13396147011439,33.13396147159357,0.6164854028235212,16.469872426816494,-2.135038812411949e-09
65.35000000000001,-49.62973865234342,-9.945734554265481,-78.15871639890052,33.13396147022005,33.133961471672954,0.6164854027205351,16.469872426648834,-2.0970958303223597e-09
65.4,-49.445057476329815,-10.826582363609543,-77.13993999711093,33.13396147032383,33.133961471750936,0.6164854026193751,16.469872426483658,-2.0597212824213784e-09
65.45,-49.24474396247419,-11.704007286988638,-76.1211635953173,33.13396147042577,33.13396147182753,0.6164854025200128,16.46987242632228,-2.0231993858033093e-09
65.5,-49.02886144104006,-12.577731921492692,-75.1023871935197,33.13396147052589,33.133961471902765,0.6164854024224056,16.46987242616341,-1.987245923373848e-09
65.55,-48.79747816452177,-13.447480034079124,-74.08361079171823,33.13396147062424,33.13396147197665,0.6164854023265391,16.469872426008322,-1.9521451122272993e-09
65.60000000000001,-48.550667286066094,-14.312976648905513,-73.06483438991292,33.13396147072084,33.13396147204923,0.6164854022323709,16.46987242585445,-1.9173285181750543e-09
65.65,-48.288506836344425,-15.173948134264775,-72.04605798810385,33.13396147081572,33.13396147212051,0.6164854021398796,16.469872425704374,-1.8833645754057216e-09
65.7,-48.01107969888294,-16.030122289095395,-71.02728158629112,33.13396147090892,33.13396147219056,0.6164854020490296,16.469872425556165,-1.8498269582778448e-09
65.75,-47.718473583858504,-16.881228429039357,-70.00850518447476,33.13396147100047,33.13396147225932,0.6164854019597925,16.469872425411104,-1.8169998838857282e-09
65.8,-47.4107810003686,-17.726997472020543,-68.98972878265484,33.13396147109039,33.133961472326895,0.6164854018721329,16.469872425268562,-1.7847412436822196e-09
65.85000000000001,-47.08809922718404,-18.567162023316577,-67.97095238083143,33.133961471178715,33.13396147239323,0.6164854017860435,16.469872425129168,-1.7531931462144712e-09
65.9,-46.75053028199371,-19.401456460097197,-66.95217597900458,33.133961471265465,33.133961472458445,0.6164854017014747,16.46987242499035,-1.7217871572938748e-09
65.95,-46.398180889151135,-20.22961701540243,-65.93339957717437,33.13396147135068,33.133961472522465,0.6164854016184051,16.469872424855993,-1.6913759282033425e-09
66.0,-46.03116244593293,-21.051381861534022,-64.91462317534084,33.13396147143438,33.133961472585334,0.6164854015368135,16.469872424723494,-1.6613910247542663e-09
66.05,-45.64959098731991,-21.866491192833777,-63.89584677350408,33.13396147151659,33.13396147264714,0.6164854014566714,16.46987242459287,-1.631832446946646e-09
66.10000000000001,-45.253587149312004,-22.67468730782259,-62.877070371664125,33.133961471597345,33.13396147270782,0.6164854013779504,16.469872424464764,-1.602842303327634e-09
66.15,-44.84327613078845,-23.475714690674245,-61.858293969821005,33.13396147167666,33.13396147276738,0.6164854013006291,16.469872424339183,-1.57442059389723e-09
66.2,-44.41878765392549,-24.269320091998207,-60.83951756797484,33.133961471754574,33.133961472825945,0.6164854012246863,16.46987242421547,-1.546425210108282e-09
66.25,-43.98025592318393,-25.05525260890587,-59.82074116612561,33.13396147183109,33.13396147288345,0.6164854011500864,16.469872424093627,-1.5188561519607902e-09
66.3,-43.52781958287966,-25.833263764334937,-58.801964764273436,33.13396147190627,33.13396147293992,0.6164854010768153,16.469872423974948,-1.4919976365490584e-09
66.35000000000001,-43.06162167335042,-26.603107585606868,-57.78318836241833,33.1339614719801,33.1339614729954,0.6164854010048444,16.469872423857513,-1.4654233382316306e-09
66.4,-42.58180958573284,-27.364540682192548,-56.76441196056035,33.13396147205262,33.13396147304987,0.6164854009341525,16.4698724237426,-1.439417474102811e-09
66.45,-42.08853501536383,-28.117322322661593,-55.745635558699554,33.13396147212385,33.1339614731034,0.6164854008647183,16.469872423629567,-1.4138379356154473e-09
66.5,-41.58195391382126,-28.861214510790973,-54.72685915683601,33.13396147219382,33.13396147315597,0.6164854007965133,16.469872423518407,-1.3886847227695398e-09
66.55,-41.062226439618975,-29.59598206080888,-53.70808275496973,33.13396147226254,33.13396147320761,0.6164854007295162,16.46987242340977,-1.3640999441122403e-09
66.60000000000001,-40.52951690757176,-30.32139267175005,-52.68930635310079,33.13396147233005,33.13396147325833,0.6164854006637128,16.46987242330303,-1.339941491096397e-09
66.65,-39.98399373684628,-31.03721700089905,-51.67052995122922,33.13396147239636,33.133961473308155,0.6164854005990819,16.469872423197526,-1.3160672551748576e-09
66.7,-39.425829397714374,-31.743228736298292,-50.651753549355085,33.133961472461486,33.13396147335711,0.6164854005355878,16.4698724230939,-1.2926193448947743e-09
66.75,-38.855200357025616,-32.43920466829783,-49.63297714747841,33.13396147252546,33.13396147340515,0.6164854004732305,16.469872422993454,-1.269881977350451e-09
66.8,-38.27228702241631,-33.124924760124415,-48.61420074559926,33.1339614725883,33.13396147345238,0.6164854004119817,16.469872422892948,-1.2471446098061278e-09
66.85000000000001,-37.677273685272546,-33.80017221744732,-47.595424343717674,33.13396147265002,33.133961473498765,0.6164854003518201,16.469872422794992,-1.2249756764504127e-09
66.9,-37.07034846246548,-34.46473355691916,-46.57664794183369,33.13396147271064,33.133961473544325,0.6164854002927243,16.469872422698916,-1.2032330687361537e-09
66.95,-36.45170323687708,-35.11839867366984,-45.55787153994734,33.13396147277019,33.133961473589075,0.61648540023468,16.46987242260472,-1.1819167866633506e-09
67.0,-35.82153359673524,-35.760960907732425,-44.53909513805868,33.13396147282868,33.133961473633036,0.6164854001776661,16.469872422511774,-1.1608847216848517e-09
67.05,-35.180038773777476,-36.39221710937989,-43.52031873616775,33.13396147288613,33.1339614736762,0.6164854001216611,16.46987242242073,-1.1402789823478088e-09
67.10000000000001,-34.52742158026264,-37.011967703352035,-42.50154233427458,33.133961472942566,33.1339614737186,0.6164854000666509,16.46987242233157,-1.120099568652222e-09
67.15,-33.86388834485069,-37.620016751952356,-41.48276593237923,33.133961472997996,33.13396147376025,0.6164854000126212,16.469872422243647,-1.1002043720509391e-09
67.2,-33.1896488473707,-38.21617201699488,-40.46398953048171,33.133961473052445,33.13396147380116,0.6164853999595437,16.469872422156982,-1.0805933925439604e-09
67.25,-32.504916252497736,-38.80024502058137,-39.44521312858208,33.13396147310592,33.133961473841325,0.6164853999074182,16.46987242207285,-1.0615508472255897e-09
67.3,-31.80990704235967,-39.37205110468966,-38.426436726680365,33.13396147315845,33.133961473880795,0.6164853998562165,16.469872421988676,-1.042508301907219e-09
67.35000000000001,-31.104840948095077,-39.93140948955438,-37.407660324776614,33.13396147321004,33.13396147391955,0.6164853998059243,16.46987242190705,-1.0240341907774564e-09
67.4,-30.38994088038401,-40.47814333082151,-36.38888392287085,33.133961473260726,33.13396147395763,0.6164853997565203,16.46987242182667,-1.0058442967419978e-09
67.45,-29.66543285897349,-41.01207977545871,-35.37010752096313,33.13396147331051,33.133961473995015,0.6164853997080044,16.469872421748185,-9.880807283479953e-10
67.5,-28.931545941220076,-41.53305001640381,-34.35133111905348,33.1339614733594,33.133961474031764,0.6164853996603412,16.46987242166967,-9.703171599539928e-10
67.55,-28.188512149672082,-42.04088934593414,-33.33255471714191,33.133961473407425,33.133961474067824,0.6164853996135236,16.46987242159432,-9.532641342957504e-10
67.60000000000001,-27.43656639871431,-42.5354372077398,-32.31377831522849,33.1339614734546,33.13396147410327,0.6164853995675443,16.469872421519604,-9.3635321718466e-10
67.65,-26.675946420298516,-43.01653724768446,-31.29500191331324,33.13396147350093,33.13396147413809,0.6164853995223751,16.469872421445476,-9.195844086207217e-10
67.7,-25.906892688783113,-43.48403736323764,-30.27622551139618,33.13396147354644,33.13396147417227,0.616485399478016,16.469872421373914,-9.033840342453914e-10
67.75,-25.12964834490581,-43.93778975156275,-29.257449109477363,33.13396147359114,33.13396147420587,0.6164853994344384,16.469872421302306,-8.871836598700611e-10
67.8,-24.34445911891328,-44.37765095624583,-28.238672707556795,33.133961473635054,33.13396147423884,0.6164853993916353,16.469872421233244,-8.715517196833389e-10
67.85000000000001,-23.55157325287215,-44.803481912650135,-27.219896305634546,33.133961473678184,33.13396147427126,0.6164853993495925,16.469872421164798,-8.560618880437687e-10
67.9,-22.751241422185824,-45.21514799188217,-26.201119903710616,33.13396147372055,33.1339614743031,0.6164853993082957,16.4698724210976,-8.408562734985026e-10
67.95,-21.943716656342048,-45.61251904335542,-25.18234350178503,33.133961473762156,33.13396147433437,0.6164853992677379,16.469872421031667,-8.259348760475405e-10
68.0,-21.12925425891617,-45.99546943593818,-24.163567099857822,33.133961473803026,33.133961474365066,0.6164853992278978,16.469872420966343,-8.111555871437304e-10
68.05,-20.30811172685547,-46.3638780976726,-23.144790697929032,33.13396147384317,33.13396147439524,0.6164853991887611,16.46987242090293,-7.968026238813763e-10
68.10000000000001,-19.480548669070004,-46.71762855405219,-22.12601429599869,33.13396147388261,33.133961474424865,0.6164853991503207,16.469872420840762,-7.827338777133264e-10
68.15,-18.64682672435579,-47.05660896484601,-21.107237894066795,33.13396147392134,33.133961474453955,0.6164853991125625,16.469872420779218,-7.688072400924284e-10
68.2,-17.80720947867618,-47.380712159457524,-20.0884614921334,33.13396147395938,33.13396147448252,0.6164853990754793,16.469872420718936,-7.551648195658345e-10
68.25,-16.961962381827668,-47.68983567080721,-19.069685090198533,33.13396147399675,33.13396147451061,0.6164853990390498,16.469872420659264,-7.416645075863926e-10
68.3,-16.111352663516406,-47.98388176772814,-18.05090868826221,33.133961474033455,33.13396147453817,0.6164853990032597,16.46987242060151,-7.285905212484067e-10
68.35000000000001,-15.255649248872007,-48.26275748586423,-17.032132286324465,33.1339614740695,33.13396147456524,0.6164853989681163,16.469872420545013,-7.158007520047249e-10
68.4,-14.39512267342533,-48.52637465706143,-16.01335588438532,33.133961474104915,33.133961474591864,0.6164853989335981,16.469872420487835,-7.028688742138911e-10
68.45,-13.53004499757712,-48.77464993724264,-14.9945794824448,33.133961474139696,33.13396147461799,0.616485398899691,16.469872420432576,-6.903633220645133e-10
68.5,-12.660689720584555,-49.007504832757384,-13.975803080502933,33.13396147417386,33.133961474643655,0.6164853988663808,16.46987242037857,-6.781419870094396e-10
68.55,-11.787331694092893,-49.22486572519802,-12.957026678559743,33.13396147420742,33.13396147466886,0.6164853988336674,16.469872420325842,-6.662048690486699e-10
68.60000000000001,-10.910247035239554,-49.426663894674654,-11.938250276615255,33.13396147424037,33.13396147469365,0.6164853988015295,16.46987242027308,-6.542677510879003e-10
68.65,-10.029713039358098,-49.612835541541294,-10.919473874669468,33.13396147427275,33.13396147471797,0.6164853987699601,16.46987242022222,-6.427569587685866e-10
68.7,-9.146008092309732,-49.7833218065665,-9.900697472722436,33.13396147430455,33.13396147474186,0.6164853987389591,16.469872420171992,-6.31388274996425e-10
68.75,-8.259411582470014,-49.93806878954203,-8.881921070774156,33.13396147433579,33.13396147476533,0.6164853987085053,16.46987242012173,-6.200195912242634e-10
68.8,-7.370203812398627,-50.07702756632374,-7.86314466882468,33.133961474366465,33.133961474788386,0.6164853986785914,16.469872420073393,-6.090772330935579e-10
68.85000000000001,-6.478665910220118,-50.200154204299224,-6.844368266874009,33.13396147439661,33.13396147481103,0.6164853986492176,16.469872420025666,-5.982769835100044e-10
68.9,-5.585079740743637,-50.30740977627732,-5.825591864922167,33.13396147442621,33.1339614748333,0.6164853986203553,16.469872419977914,-5.874767339264508e-10
68.95,-4.689727816349756,-50.398760372795216,-4.806815462969181,33.13396147445528,33.133961474855134,0.6164853985920118,16.469872419932734,-5.772449185315054e-10
69.0,-3.792893207672575,-50.4741771128391,-3.7880390610150485,33.13396147448385,33.1339614748766,0.6164853985641656,16.46987241988687,-5.668709945894079e-10
69.05,-2.89485945410531,-50.533636152975056,-2.7692626590598226,33.1339614745119,33.13396147489768,0.6164853985368168,16.469872419842936,-5.569233962887665e-10
69.10000000000001,-1.9959104741576992,-50.577118694887304,-1.7504862571035025,33.133961474539454,33.133961474918394,0.6164853985099512,16.469872419798975,-5.469757979881251e-10
69.15,-1.096330475693538,-50.604610991321394,-0.7317098551461139,33.13396147456652,33.13396147493872,0.6164853984835688,16.469872419756275,-5.373124167817878e-10
69.2,-0.1964038660767371,-50.616104350430476,0.2870665468123435,33.1339614745931,33.1339614749587,0.6164853984576553,16.469872419713553,-5.276490355754504e-10
69.25,0.7035848377456921,-50.61159513852329,1.3058429487718186,33.13396147461921,33.13396147497833,0.6164853984322036,16.4698724196721,-5.182698714634171e-10
69.3,1.6033510991952995,-50.59108478121296,2.3246193507323114,33.13396147464486,33.13396147499761,0.6164853984071925,16.46987241963128,-5.090328158985358e-10
69.35000000000001,2.5026104520200625,-50.554579762966306,3.3433957526937967,33.13396147467006,33.13396147501653,0.6164853983826362,16.469872419592384,-5.002220859751105e-10
69.4,3.4010785902300205,-50.5020916250537,4.362172154656275,33.13396147469481,33.13396147503512,0.6164853983585132,16.469872419552157,-4.911271389573812e-10
69.45,4.298471457982239,-50.43363696190028,5.380948556619719,33.13396147471911,33.13396147505338,0.6164853983348166,16.46987241951387,-4.82458517581108e-10
69.5,5.194505339386692,-50.34923741583946,6.3997249585841045,33.13396147474299,33.1339614750713,0.6164853983115393,16.46987241947619,-4.739320047519868e-10
69.55,6.0888969482046615,-50.24891967027067,7.418501360549407,33.133961474766444,33.13396147508891,0.6164853982886811,16.46987241943915,-4.6554760047001764e-10
69.60000000000001,6.981363517411305,-50.13271544122317,8.437277762515626,33.13396147478947,33.13396147510624,0.6164853982662208,16.469872419402087,-4.5716319618804846e-10
69.65,7.871622888594066,-50.000661467328875,9.456054164482733,33.133961474812104,33.13396147512322,0.6164853982441656,16.469872419366936,-4.4920511754753534e-10
69.7,8.759393601158674,-49.85279949820724,10.474830566450732,33.13396147483433,33.13396147513992,0.6164853982225011,16.469872419331132,-4.411049303598702e-10
69.75,9.64439498131452,-49.68917628126585,11.493606968419572,33.13396147485615,33.13396147515634,0.6164853982012204,16.469872419296593,-4.332889602665091e-10
69.8,10.526347230811279,-49.50984354692098,12.512383370389275,33.133961474877594,33.13396147517245,0.6164853981803233,16.46987241926269,-4.256150987203e-10
69.85000000000001,11.404971515398731,-49.31485799224273,13.531159772359818,33.133961474898655,33.133961475188265,0.6164853981597886,16.46987241922876,-4.1794123717409093e-10
69.9,12.279990052981809,-49.1042812630299,14.549936174331176,33.133961474919346,33.13396147520378,0.6164853981396163,16.469872419196754,-4.106937012693379e-10
69.95,13.151126201442986,-48.87817993432034,15.568712576303323,33.13396147493966,33.13396147521906,0.6164853981198135,16.469872419164734,-4.034461653645849e-10
70.0,14.018104546104274,-48.636625489342876,16.58748897827626,33.13396147495962,33.13396147523408,0.6164853981003517,16.46987241913205,-3.9605652091267984e-10
70.05,14.880650986801147,-48.37969429691744,17.606265380249983,33.13396147497922,33.13396147524879,0.6164853980812453,16.46987241910194,-3.892353106493829e-10
70.10000000000001,15.738492824540874,-48.10746758731067,18.625041782224468,33.13396147499848,33.13396147526326,0.6164853980624727,16.46987241907051,-3.821298832917819e-10
70.15,16.59135884771787,-47.820031426554486,19.643818184199695,33.13396147501739,33.13396147527746,0.6164853980440341,16.469872419041014,-3.7545078157563694e-10
70.2,17.438979417858796,-47.51747668923581,20.662594586175658,33.13396147503596,33.133961475291436,0.6164853980259153,16.4698724190115,-3.68771679859492e-10
70.25,18.2810865548703,-47.19989902976605,21.681370988152334,33.133961475054214,33.133961475305135,0.6164853980081233,16.469872418983257,-3.623767952376511e-10
70.3,19.117414021762468,-46.86739885213944,22.70014739012972,33.13396147507214,33.13396147531861,0.6164853979906582,16.46987241895436,-3.5583980206865817e-10
70.35000000000001,19.947697408821156,-46.52008127818967,23.718923792107823,33.13396147508975,33.13396147533186,0.6164853979734914,16.469872418925444,-3.4930280889966525e-10
70.4,20.771674217202655,-46.15805611435511,24.73770019408661,33.13396147510704,33.13396147534481,0.6164853979566303,16.4698724188991,-3.433342499192804e-10
70.45,21.58908394192418,-45.78143781696281,25.756476596066058,33.133961475124025,33.133961475357566,0.6164853979400746,16.469872418872097,-3.3722358239174355e-10
70.5,22.399668154224027,-45.39034545604248,26.77525299804617,33.13396147514071,33.13396147537013,0.6164853979238103,16.469872418845075,-3.311129148642067e-10
70.55,23.203170583265297,-44.984902677681866,27.794029400026915,33.13396147515709,33.13396147538244,0.6164853979078373,16.46987241881934,-3.2528646443097387e-10
70.60000000000001,23.999337197157395,-44.56523766493528,28.8128058020083,33.13396147517319,33.133961475394536,0.6164853978921485,16.469872418793585,-3.1946001399774104e-10
70.65,24.787916283269652,-44.131483097297824,29.83158220399032,33.133961475189,33.13396147540642,0.6164853978767297,16.469872418768457,-3.1377567211166024e-10
70.7,25.568658527811728,-43.683776108757996,30.850358605972946,33.13396147520453,33.13396147541807,0.6164853978615881,16.469872418744625,-3.083755473198835e-10
70.75,26.341317094655587,-43.22225824444201,31.86913500795619,33.13396147521978,33.13396147542953,0.6164853978467164,16.46987241872012,-3.028333139809547e-10
70.8,27.105647703374153,-42.74707541586346,32.88791140994001,33.13396147523476,33.133961475440785,0.6164853978321077,16.469872418696255,-2.9743318918917794e-10
70.85000000000001,27.86140870647196,-42.25837785479261,33.90668781192442,33.13396147524947,33.13396147545185,0.6164853978177547,16.469872418673024,-2.921751729445532e-10
70.9,28.608361165783396,-41.75632006575972,34.92546421390939,33.13396147526392,33.133961475462705,0.6164853978036646,16.469872418650432,-2.870592652470805e-10
70.95,29.34626892801437,-41.241060777207565,35.94424061589495,33.13396147527813,33.13396147547338,0.6164853977898161,16.469872418627173,-2.8180124900245573e-10
71.0,30.07489869940353,-40.712762891308536,36.96301701788104,33.13396147529207,33.13396147548384,0.6164853977762235,16.46987241860584,-2.7696955839928705e-10
71.05,30.794020119479406,-40.17159343246218,37.981793419867664,33.13396147530576,33.133961475494154,0.6164853977628653,16.46987241858321,-2.7185365070181433e-10
71.10000000000001,31.503405833890216,-39.617723494489496,39.000569821854825,33.13396147531922,33.13396147550427,0.6164853977497415,16.46987241856251,-2.6716406864579767e-10
71.15,32.20283156628322,-39.051328186540616,40.01934622384252,33.133961475332434,33.1339614755142,0.6164853977368594,16.469872418541794,-2.62474486589781e-10
71.2,32.892076189211,-38.47258657773307,41.03812262583072,33.133961475345416,33.13396147552397,0.6164853977242046,16.469872418520414,-2.5764279598661233e-10
71.25,33.57092179404212,-37.88168164053804,42.056899027819426,33.13396147535817,33.13396147553353,0.6164853977117701,16.469872418500326,-2.530953224777477e-10
71.3,34.23915375985426,-37.278800192932586,43.075675429808626,33.1339614753707,33.13396147554295,0.616485397699563,16.469872418480872,-2.4868995751603507e-10
71.35000000000001,34.89656082128778,-36.66413283933607,44.094451831798324,33.133961475382996,33.13396147555219,0.616485397687569,16.469872418460763,-2.441424840071704e-10
71.4,35.542935135338496,-36.037873910349454,45.11322823378849,33.13396147539508,33.133961475561286,0.6164853976757811,16.469872418441934,-2.398792275926098e-10
71.45,36.178072347068465,-35.40022140131661,46.132004635779104,33.133961475406956,33.13396147557019,0.6164853976642135,16.46987241842374,-2.3575807972520124e-10
71.5,36.801771654213915,-34.751376909726915,47.15078103777021,33.133961475418616,33.13396147557898,0.6164853976528448,16.46987241840424,-2.3135271476348862e-10
71.55,37.41383587067006,-34.09154557147909,48.16955743976177,33.13396147543007,33.13396147558756,0.6164853976416822,16.469872418386675,-2.2737367544323206e-10
71.60000000000001,38.014071488832634,-33.42093599602628,49.18833384175374,33.13396147544132,33.13396147559603,0.6164853976307114,16.469872418368453,-2.2325252757582348e-10
71.65,38.60228874077637,-32.73976020042301,50.207110243746165,33.13396147545237,33.13396147560434,0.6164853976199396,16.469872418351517,-2.1941559680271894e-10
71.7,39.178301658251286,-32.048233542294746,51.225886645738996,33.13396147546322,33.13396147561251,0.6164853976093596,16.469872418333924,-2.1543655748246238e-10
71.75,39.74192813147755,-31.346574651751393,52.24466304773229,33.13396147547388,33.13396147562053,0.6164853975989715,16.469872418316964,-2.1159962670935784e-10
71.8,40.29298996672056,-30.6350053622661,53.263439449725986,33.133961475484355,33.1339614756284,0.616485397588761,16.4698724183,-2.077626959362533e-10
71.85000000000001,40.83131294262792,-29.913750640541345,54.28221585172009,33.13396147549465,33.13396147563611,0.6164853975787423,16.469872418284325,-2.042099822574528e-10
71.9,41.35672686531048,-29.183038515384435,55.300992253714604,33.133961475504755,33.13396147564371,0.6164853975688942,16.469872418267343,-2.0037305148434825e-10
71.95,41.86906562215015,-28.44310000561489,56.319768655709524,33.13396147551468,33.13396147565115,0.6164853975592166,16.469872418252283,-1.9696244635269977e-10
72.0,42.36816723431735,-27.694169047026513,57.3385450577048,33.13396147552442,33.133961475658445,0.6164853975497167,16.469872418237234,-1.935518412210513e-10
72.05,42.8538739079815,-26.93648241842726,58.35732145970048,33.133961475534,33.13396147566564,0.6164853975403801,16.469872418221513,-1.899991275422508e-10
72.10000000000001,43.3260320841985,-26.17027966678026,59.376097861696515,33.1339614755434,33.133961475672685,0.6164853975312141,16.469872418207075,-1.8673063095775433e-10
72.15,43.78449248745924,-25.395803031469676,60.39487426369291,33.13396147555264,33.13396147567965,0.6164853975222115,16.469872418191997,-1.8332002582610585e-10
72.2,44.229110172883885,-24.61329736771533,61.413650665689666,33.13396147556171,33.13396147568648,0.6164853975133582,16.46987241817756,-1.800515292416094e-10
72.25,44.65974457204708,-23.823010069160336,62.432427067686774,33.13396147557062,33.133961475693155,0.6164853975046682,16.469872418164393,-1.7706724975141697e-10
72.3,45.076259537419425,-23.02519098965617,63.45120346968424,33.133961475579376,33.133961475699735,0.6164853974961346,16.46987241814994,-1.737987531669205e-10
72.35000000000001,45.4785233854113,-22.22009236426996,64.469979871682,33.133961475587974,33.133961475706215,0.6164853974877502,16.469872418136113,-1.7067236512957606e-10
72.4,45.8664089380054,-21.407968729538908,65.48875627368012,33.13396147559642,33.13396147571256,0.616485397479515,16.469872418122932,-1.6768808563938364e-10
72.45,46.23979356296477,-20.58907684299713,66.50753267567856,33.133961475604714,33.133961475718806,0.6164853974714362,16.46987241810975,-1.6470380614919122e-10
72.5,46.59855921260371,-19.763675602000273,67.52630907767735,33.133961475612864,33.133961475724945,0.6164853974634923,16.469872418095907,-1.6157741811184678e-10
72.55,46.942592461109214,-18.932025961873645,68.54508547967644,33.13396147562087,33.13396147573095,0.6164853974556905,16.469872418083998,-1.588773557159584e-10
72.60000000000001,47.27178454040119,-18.09439085340969,69.56386188167583,33.13396147562874,33.13396147573687,0.6164853974480238,16.46987241807143,-1.56035184772918e-10
72.65,47.58603137452013,-17.251035099740914,70.58263828367554,33.13396147563646,33.133961475742666,0.6164853974404991,16.469872418059513,-1.5333512237702962e-10
72.7,47.885233612531295,-16.40222533261455,71.60141468567555,33.13396147564405,33.13396147574838,0.6164853974331095,16.46987241804693,-1.5049295143398922e-10
72.75,48.16929665993508,-15.54822990809538,72.62019108767586,33.1339614756515,33.13396147575397,0.6164853974258477,16.469872418035003,-1.4779288903810084e-10
72.8,48.438130708573624,-14.68931882172345,73.63896748967647,33.13396147565882,33.133961475759456,0.6164853974187139,16.46987241802371,-1.4523493518936448e-10
72.85000000000001,48.69165076502418,-13.825763623153431,74.65774389167736,33.13396147566601,33.13396147576484,0.6164853974117079,16.46987241801241,-1.4267698134062812e-10
72.9,48.929776677470244,-12.957837330302635,75.67652029367854,33.133961475673075,33.13396147577014,0.6164853974048228,16.469872418001103,-1.4011902749189176e-10
72.95,49.15243316104203,-12.08581434303484,76.69529669567997,33.13396147568,33.13396147577536,0.6164853973980584,16.469872417990434,-1.3770318219030742e-10
73.0,49.35954982161821,-11.209970356407215,77.71407309768165,33.13396147568682,33.133961475780474,0.6164853973914219,16.46987241797976,-1.3528733688872308e-10
73.05,49.551061178081405,-10.330582273507734,78.73284949968364,33.13396147569351,33.13396147578551,0.616485397384892,16.469872417968435,-1.3272938303998671e-10
73.10000000000001,49.72690668302044,-9.447928117910685,79.7516259016859,33.13396147570008,33.1339614757904,0.6164853973784901,16.46987241795905,-1.3059775483270641e-10
73.15,49.88703074187272,-8.562286945777934,80.7704023036884,33.133961475706535,33.13396147579525,0.6164853973722018,16.469872417947713,-1.2803980098397005e-10
73.2,50.03138273050081,-7.6739387576337155,81.7891787056911,33.133961475712866,33.133961475800035,0.61648539736602,16.469872417937662,-1.2576606422953773e-10
73.25,50.15991701119751,-6.783164409840863,82.80795510769406,33.1339614757191,33.13396147580473,0.6164853973599449,16.469872417928258,-1.2363443602225743e-10
73.3,50.2725929471145,-5.890245525806467,83.82673150969727,33.133961475725215,33.13396147580933,0.6164853973539834,16.469872417918843,-1.2150280781497713e-10
73.35000000000001,50.369374915109894,-4.995464406945023,84.84550791170074,33.133961475731226,33.13396147581384,0.6164853973481286,16.469872417908782,-1.192290710605448e-10
73.4,50.45023231701072,-4.099103943427221,85.86428431370446,33.13396147573713,33.13396147581825,0.6164853973423732,16.46987241789936,-1.170974428532645e-10
73.45,50.515139589286704,-3.201447524742605,86.8830607157084,33.13396147574292,33.1339614758226,0.6164853973367173,16.469872417890585,-1.1510792319313623e-10
73.5,50.5640762111323,-2.3027789501043565,87.90183711771252,33.13396147574862,33.133961475826894,0.6164853973311679,16.469872417881795,-1.1311840353300795e-10
73.55,50.5970267109545,-1.4033823387245565,88.92061351971691,33.133961475754205,33.133961475831086,0.616485397325718,16.469872417872367,-1.1098677532572765e-10
73.60000000000001,50.61398067126424,-0.5035420399882664,89.9393899217215,33.1339614757597,33.133961475835214,0.6164853973203606,16.469872417863566,-1.0899725566559937e-10
73.65,50.61493273196994,0.3964574564451553,90.95816632372629,33.13396147576509,33.13396147583927,0.6164853973150954,16.469872417855417,-1.0714984455262311e-10
73.7,50.59988259207216,1.2963316105850868,91.97694272573128,33.13396147577039,33.13396147584325,0.6164853973099298,16.469872417847267,-1.0530243343964685e-10
73.75,50.56883500975876,2.19579592206859,92.99571912773648,33.13396147577559,33.133961475847194,0.6164853973048565,16.46987241783845,-1.0331291377951857e-10
73.8,50.52179980090052,3.094566020106827,94.01449552974188,33.13396147578071,33.13396147585103,0.6164853972998756,16.46987241783029,-1.0146550266654231e-10
73.85000000000001,50.458791835947856,3.9923577533905124,95.03327193174749,33.13396147578573,33.13396147585483,0.6164853972949729,16.46987241782212,-9.961809155356605e-11
73.9,50.37983103522943,4.888887279925978,96.0520483337533,33.13396147579067,33.133961475858506,0.6164853972901625,16.469872417815235,-9.805489753489383e-11
73.95,50.2849423626542,5.783871156773438,97.07082473575932,33.133961475795516,33.133961475862165,0.6164853972854445,16.46987241780706,-9.620748642191757e-11
74.0,50.17415581781894,6.677026429659103,98.08960113776553,33.13396147580028,33.133961475865725,0.6164853972808046,16.469872417798875,-9.43600753089413e-11
74.05,50.04750642652374,7.568070722432786,99.1083775397719,33.13396147580495,33.133961475869235,0.616485397276243,16.469872417791986,-9.279688129026908e-11
74.10000000000001,49.90503422969833,8.456722326342746,100.12715394177847,33.13396147580954,33.133961475872674,0.6164853972717665,16.469872417785098,-9.123368727159686e-11
74.15,49.74678427074298,9.342700289099511,101.1459303437852,33.133961475814054,33.13396147587608,0.6164853972673683,16.46987241777754,-8.952838470577262e-11
74.2,49.57280658128771,10.225724503700564,102.16470674579213,33.13396147581848,33.13396147587938,0.6164853972630553,16.46987241777063,-8.79651906871004e-11
74.25,49.383156165374544,11.105515796987763,103.18348314779921,33.13396147582283,33.13396147588267,0.6164853972588134,16.46987241776308,-8.625988812127616e-11
74.3,49.17789298206766,11.981796017909545,104.20225954980644,33.13396147582711,33.13396147588588,0.6164853972546425,16.469872417756825,-8.483880264975596e-11
74.35000000000001,48.95708192649698,12.85428812545996,105.22103595181383,33.133961475831306,33.13396147588906,0.6164853972505497,16.46987241775055,-8.341771717823576e-11
74.4,48.72079280934121,13.722716276266775,106.23981235382142,33.133961475835434,33.13396147589215,0.6164853972465352,16.469872417743634,-8.185452315956354e-11
74.45,48.46910033475679,14.586805911800942,107.25858875582917,33.133961475839484,33.13396147589522,0.6164853972425846,16.469872417736713,-8.029132914089132e-11
74.5,48.202084076759746,15.446283845179837,108.27736515783705,33.13396147584347,33.1339614758982,0.616485397238705,16.46987241773107,-7.901235221652314e-11
74.55,47.91982845406792,16.30087834753686,109.29614155984511,33.13396147584738,33.133961475901124,0.6164853972348965,16.469872417724794,-7.759126674500294e-11
74.60000000000001,47.622422703411495,17.150319233930073,110.31491796185331,33.13396147585122,33.133961475904016,0.6164853972311519,16.469872417718506,-7.617018127348274e-11
74.65,47.30996085132031,17.994337948762716,111.33369436386167,33.133961475854996,33.13396147590684,0.6164853972274784,16.46987241771287,-7.489120434911456e-11
74.7,46.98254168439682,18.83266765068859,112.35247076587017,33.1339614758587,33.13396147590964,0.6164853972238689,16.469872417706572,-7.347011887759436e-11
74.75,46.640268718084144,19.665043296975483,113.37124716787882,33.133961475862336,33.133961475912336,0.6164853972203304,16.469872417700923,-7.219114195322618e-11
74.8,46.28325016393907,20.491201727299934,114.39002356988759,33.1339614758659,33.13396147591508,0.6164853972168416,16.469872417694628,-7.077005648170598e-11
74.85000000000001,45.911598895420376,21.310881746946894,115.4087999718965,33.13396147586941,33.13396147591768,0.6164853972134239,16.46987241769027,-6.977529665164184e-11
74.9,45.52543241220319,22.123824209387916,116.42757637390557,33.133961475872866,33.13396147592029,0.616485397210063,16.46987241768396,-6.835421118012164e-11
74.95,45.12487280303084,22.929772098211814,117.44635277591479,33.13396147587625,33.13396147592281,0.616485397206759,16.469872417678953,-6.721734280290548e-11
75.0,44.71004670711578,23.728470608381873,118.46512917792411,33.13396147587957,33.13396147592531,0.6164853972035189,16.469872417673933,-6.608047442568932e-11
75.05,44.28108527410188,24.519667226793924,119.48390557993353,33.13396147588284,33.133961475927805,0.6164853972003357,16.469872417668267,-6.480149750132114e-11
75.10000000000001,43.838124122600725,25.3031118121098,120.50268198194311,33.13396147588605,33.13396147593021,0.6164853971972093,16.469872417663247,-6.366462912410498e-11
75.15,43.381303297314986,26.07855667384096,121.52145838395278,33.13396147588921,33.1339614759326,0.6164853971941326,16.469872417658223,-6.252776074688882e-11
75.2,42.91076722476253,26.845756650657243,122.54023478596261,33.133961475892306,33.133961475934925,0.6164853971911199,16.46987241765384,-6.153300091682468e-11
75.25,42.42666466761511,27.604469187896036,123.55901118797254,33.133961475895354,33.13396147593724,0.616485397188157,16.46987241764817,-6.02540239924565e-11
75.3,41.92914867766621,28.35445441424731,124.57778758998263,33.133961475898346,33.133961475939465,0.6164853971852438,16.469872417643785,-5.925926416239236e-11
75.35000000000001,41.41837654744287,29.095475217590312,125.59656399199281,33.13396147590128,33.13396147594166,0.6164853971823803,16.469872417639394,-5.826450433232822e-11
75.4,40.8945097604767,29.82729731995792,126.6153403940031,33.133961475904165,33.13396147594383,0.6164853971795736,16.469872417635006,-5.7269744502264075e-11
75.45,40.357713940249994,30.549689351604957,127.63411679601349,33.13396147590699,33.13396147594599,0.6164853971768167,16.46987241762996,-5.6132876125047915e-11
75.5,39.80815879783287,31.262422924157068,128.65289319802397,33.133961475909786,33.13396147594809,0.6164853971741096,16.469872417625567,-5.5138116294983774e-11
75.55,39.246018078228175,31.965272702817003,129.67166960003456,33.133961475912514,33.133961475950166,0.6164853971714521,16.46987241762116,-5.4143356464919634e-11
75.60000000000001,38.671469505441,32.65801647760551,130.69044600204532,33.13396147591521,33.13396147595219,0.6164853971688373,16.469872417616756,-5.3148596634855494e-11
75.65,38.08469472629022,33.34043523361427,131.70922240405616,33.13396147591785,33.13396147595414,0.6164853971662723,16.469872417613015,-5.2295945351943374e-11
75.7,37.48587925297981,34.01231322024877,132.72799880606712,33.133961475920444,33.13396147595609,0.6164853971637498,16.46987241760861,-5.1301185521879233e-11
75.75,36.875212404448085,34.67343801943901,133.74677520807816,33.13396147592299,33.133961475957996,0.6164853971612771,16.469872417604847,-5.044853423896711e-11
75.8,36.252887246513474,35.32360061279675,134.76555161008932,33.13396147592549,33.13396147595988,0.61648539715884,16.46987241760044,-4.945377440890297e-11
75.85000000000001,35.619100530835624,35.96259544769785,135.7843280121006,33.13396147592794,33.13396147596169,0.6164853971564597,16.469872417597323,-4.874323167314287e-11
75.9,34.974052632711235,36.5902205022689,136.80310441411189,33.133961475930356,33.13396147596354,0.6164853971541078,16.469872417592264,-4.760636329592671e-11
75.95,34.3179474877243,37.206277349257604,137.8218808161233,33.13396147593273,33.13396147596531,0.6164853971518056,16.469872417589787,-4.703792910731863e-11
76.0,33.650992527270645,37.81057121876669,138.8406572181348,33.13396147593505,33.13396147596706,0.616485397149539,16.469872417585375,-4.604316927725449e-11
76.05,32.97339861297736,38.402911059831524,139.8594336201464,33.13396147593734,33.13396147596877,0.6164853971473221,16.469872417582245,-4.533262654149439e-11
76.10000000000001,32.285379970037674,38.983109600821955,140.87821002215813,33.133961475939586,33.13396147597046,0.6164853971451336,16.469872417577825,-4.433786671143025e-11
76.15,31.587154119482406,39.55098340864934,141.89698642416994,33.13396147594179,33.13396147597208,0.6164853971429878,16.46987241757534,-4.376943252282217e-11
76.2,30.878941809409483,40.106352946759934,142.9157628261818,33.133961475943956,33.133961475973706,0.6164853971408846,16.469872417571562,-4.291678123991005e-11
76.25,30.160966945193152,40.64904263189642,143.93453922819376,33.13396147594608,33.133961475975305,0.6164853971388098,16.469872417567785,-4.206412995699793e-11
76.3,29.43345651869501,41.17888088960956,144.9533156302058,33.13396147594816,33.13396147597685,0.6164853971367847,16.469872417565302,-4.149569576838985e-11
76.35000000000001,28.69664053649923,41.69570020850241,145.97209203221792,33.133961475950215,33.13396147597844,0.616485397134781,16.469872417560868,-4.050093593832571e-11
76.4,27.950751947194675,42.199337193190054,146.99086843423012,33.133961475952226,33.13396147597991,0.6164853971328199,16.46987241755902,-4.007461029686965e-11
76.45,27.19602656772685,42.68963261595795,148.0096448362424,33.13396147595421,33.133961475981394,0.6164853971308943,16.46987241755523,-3.922195901395753e-11
76.5,26.43270300884304,43.1664314671027,149.02842123825477,33.13396147595615,33.13396147598285,0.6164853971290043,16.469872417552086,-3.851141627819743e-11
76.55,25.661022599654146,43.62958300393925,150.0471976402672,33.13396147595806,33.13396147598429,0.6164853971271498,16.46987241754895,-3.780087354243733e-11
76.60000000000001,24.881229311337115,44.07894079845907,151.06597404227972,33.133961475959936,33.133961475985686,0.6164853971253237,16.469872417545805,-3.709033080667723e-11
76.65,24.093569680002055,44.51436278362417,152.0847504442923,33.13396147596177,33.13396147598706,0.616485397123526,16.469872417543296,-3.652189661806915e-11
76.7,23.29829272874843,44.93571129828245,153.103526846305,33.13396147596358,33.133961475988364,0.6164853971217639,16.469872417540802,-3.595346242946107e-11
76.75,22.495649888934974,45.34285313069002,154.1223032483177,33.13396147596534,33.133961475989715,0.6164853971200301,16.469872417537655,-3.524291969370097e-11
76.80000000000001,21.68589492068825,45.73565956062688,155.14107965033048,33.13396147596709,33.133961475991015,0.616485397118332,16.469872417535157,-3.467448550509289e-11
76.85000000000001,20.86928383267491,46.11400640009256,156.15985605234337,33.1339614759688,33.13396147599229,0.6164853971166622,16.469872417531995,-3.396394276933279e-11
76.9,20.04607480116311,46.47777403256885,157.17863245435632,33.13396147597048,33.13396147599354,0.6164853971150208,16.469872417529487,-3.339550858072471e-11
76.95,19.21652808839859,46.82684745083725,158.1974088563693,33.13396147597213,33.133961475994774,0.6164853971134079,16.469872417526975,-3.282707439211663e-11
77.0,18.38090596032129,47.161116293339155,159.21618525838238,33.13396147597374,33.13396147599596,0.6164853971118234,16.469872417524467,-3.225864020350855e-11
77.05000000000001,17.539472603648456,47.480474879067316,160.23496166039553,33.133961475975326,33.133961475997154,0.6164853971102673,16.469872417521955,-3.169020601490047e-11
77.10000000000001,16.692494042350514,47.78482224097747,161.2537380624087,33.13396147597688,33.13396147599831,0.6164853971087396,16.46987241751945,-3.112177182629239e-11
77.15,15.84023805354606,48.07406215790966,162.27251446442196,33.13396147597842,33.13396147599947,0.6164853971072333,16.46987241751693,-3.055333763768431e-11
77.2,14.98297408284259,48.34810318500911,163.29129086643525,33.13396147597992,33.1339614760006,0.6164853971057624,16.46987241751507,-3.012701199622825e-11
77.25,14.12097315914974,48.606858682637025,164.3100672684486,33.133961475981394,33.133961476001744,0.6164853971043058,16.4698724175119,-2.941646926046815e-11
77.30000000000001,13.254507808991931,48.85024684376223,165.32884367046202,33.133961475982844,33.133961476002796,0.6164853971028847,16.46987241751068,-2.913225216616411e-11
77.35000000000001,12.383851970347564,49.078190719824896,166.34762007247545,33.13396147598427,33.133961476003904,0.616485397101485,16.46987241750751,-2.8421709430404007e-11
77.4,11.509280906041948,49.290618245064316,167.36639647448902,33.13396147598567,33.13396147600494,0.6164853971001136,16.469872417505638,-2.7995383788947947e-11
77.45,10.63107111672139,49.48746225930286,168.38517287650257,33.13396147598704,33.133961476006014,0.6164853970987636,16.469872417503122,-2.7426949600339867e-11
77.5,9.749500253435933,49.66866052917907,169.4039492785162,33.1339614759884,33.13396147600701,0.616485397097442,16.469872417501247,-2.7000623958883807e-11
77.55000000000001,8.864847029858382,49.83415576782311,170.42272568052985,33.13396147598973,33.133961476008054,0.6164853970961346,16.46987241749872,-2.6432189770275727e-11
77.60000000000001,7.977391134167389,49.983895652968314,171.4415020825436,33.133961475991036,33.133961476009,0.6164853970948627,16.469872417497488,-2.6147972675971687e-11
77.65,7.087413140622431,50.11783284349317,172.46027848455734,33.13396147599232,33.133961476010015,0.6164853970936051,16.46987241749432,-2.5437429940211587e-11
77.7,6.195194420858653,50.2359249943885,173.4790548865712,33.13396147599359,33.13396147601095,0.6164853970923687,16.469872417493086,-2.5153212845907547e-11
77.75,5.301017054929615,50.33813477014507,174.49783128858505,33.13396147599483,33.1339614760119,0.6164853970911608,16.4698724174912,-2.4726887204451486e-11
77.80000000000001,4.405163742126072,50.424429856557424,175.516607690599,33.13396147599605,33.13396147601282,0.6164853970899671,16.46987241748867,-2.4158453015843406e-11
77.85000000000001,3.507917711598969,50.494782970940214,176.53538409261296,33.133961475997246,33.13396147601373,0.6164853970888018,16.46987241748743,-2.3874235921539366e-11
77.9,2.609562632814933,50.54917187075376,177.554160494627,33.133961475998426,33.13396147601462,0.6164853970876507,16.469872417484904,-2.3305801732931286e-11
77.95,1.7103825258725402,50.58757936063618,178.57293689664104,33.133961475999584,33.13396147601548,0.616485397086528,16.46987241748366,-2.3021584638627246e-11
78.0,0.8106616717077422,50.60999329783976,179.5917132986552,33.13396147600072,33.13396147601633,0.6164853970854125,16.469872417481135,-2.2453150450019166e-11
78.05000000000001,-0.08931547778318238,50.61640659607001,-179.38951029933062,33.133961476001836,33.13396147601713,0.6164853970843254,16.469872417480538,-2.2311041902867146e-11
78.10000000000001,-0.9892643896747202,50.60681722772599,-178.37073389731643,33.13396147600293,33.133961476017966,0.6164853970832596,16.469872417478,-2.1742607714259066e-11
78.15,-1.8889005399688368,50.581228224541384,-177.35195749530217,33.133961476004,33.133961476018776,0.616485397082208,16.469872417476118,-2.1316282072803006e-11
78.2,-2.7879395035488663,50.53964767662596,-176.3331810932879,33.13396147600506,33.13396147601957,0.6164853970811777,16.469872417474864,-2.1032064978498966e-11
78.25,-3.686097044102139,50.48208872990787,-175.31440469127355,33.13396147600609,33.13396147602034,0.6164853970801687,16.469872417472978,-2.0605739337042905e-11
78.30000000000001,-4.58308920398292,50.408569581977474,-174.29562828925918,33.133961476007116,33.13396147602113,0.6164853970791739,16.46987241747108,-2.0179413695586845e-11
78.35000000000001,-5.47863239398724,50.31911347633406,-173.2768518872448,33.13396147600811,33.133961476021874,0.6164853970782005,16.46987241746984,-1.9895196601282805e-11
78.4,-6.372443483011251,50.2137486950373,-172.25807548523034,33.13396147600909,33.133961476022606,0.6164853970772342,16.469872417467954,-1.9468870959826745e-11
78.45,-7.264239887564736,50.09250854976571,-171.23929908321585,33.13396147601006,33.13396147602334,0.6164853970762891,16.469872417467343,-1.9326762412674725e-11
78.5,-8.153739661111507,49.95543137128495,-170.22052268120132,33.13396147601101,33.13396147602404,0.6164853970753654,16.469872417465446,-1.8900436771218665e-11
78.55000000000001,-9.040661583208404,49.80256049732937,-169.20174627918675,33.13396147601193,33.13396147602474,0.6164853970744559,16.469872417463556,-1.8474111129762605e-11
78.60000000000001,-9.92472524841476,49.63394425890048,-168.18296987717216,33.13396147601285,33.13396147602543,0.6164853970735606,16.469872417462305,-1.8189894035458565e-11
78.65,-10.805651154944172,49.4496359649869,-167.1641934751575,33.133961476013745,33.13396147602611,0.6164853970726867,16.469872417461048,-1.7905676941154525e-11
78.7,-11.683160793030602,49.24969388571037,-166.14541707314285,33.13396147601463,33.13396147602679,0.6164853970718198,16.469872417459158,-1.7479351299698465e-11
78.75,-12.556976732980829,49.03418123390333,-165.12664067112814,33.13396147601551,33.13396147602741,0.6164853970709814,16.469872417458546,-1.7337242752546445e-11
78.80000000000001,-13.426822712885429,48.80316614512382,-164.1078642691134,33.13396147601635,33.133961476028084,0.61648539707015,16.469872417455996,-1.6768808563938364e-11
78.85000000000001,-14.292423725960564,48.55672165611402,-163.08908786709864,33.1339614760172,33.13396147602869,0.6164853970693329,16.4698724174554,-1.6626700016786344e-11
78.9,-15.153506107492952,48.29492568170931,-162.07031146508385,33.133961476018015,33.13396147602932,0.61648539706853,16.469872417454145,-1.6342482922482304e-11
78.95,-16.009797621360523,48.017860990204994,-161.051535063069,33.133961476018825,33.133961476029924,0.6164853970677413,16.469872417452883,-1.6058265828178264e-11
79.0,-16.86102754610144,47.72561517718867,-160.03275866105412,33.13396147601962,33.13396147603051,0.6164853970669668,16.469872417451633,-1.5774048733874224e-11
79.05000000000001,-17.706926760504228,47.418280637846365,-159.01398225903924,33.133961476020396,33.1339614760311,0.6164853970662065,16.46987241745038,-1.5489831639570184e-11
79.10000000000001,-18.547227828691984,47.09595453775127,-157.9952058570243,33.133961476021156,33.13396147603169,0.6164853970654534,16.46987241744911,-1.5205614545266144e-11
79.15,-19.38166508467377,46.758738782144285,-156.97642945500937,33.13396147602191,33.13396147603225,0.6164853970647215,16.469872417448506,-1.5063505998114124e-11
79.2,-20.209974716336426,46.406739983716115,-155.95765305299437,33.13396147602265,33.13396147603281,0.6164853970640038,16.469872417446606,-1.4637180356658064e-11
79.25,-21.031894848850282,46.04006942890103,-154.93887665097935,33.13396147602337,33.13396147603336,0.6164853970633004,16.46987241744534,-1.4352963262354024e-11
79.30000000000001,-21.847165627462388,45.65884304269303,-153.9201002489643,33.13396147602408,33.13396147603391,0.6164853970626041,16.469872417444083,-1.4068746168049984e-11
79.35000000000001,-22.655529299651075,45.26318135199551,-152.90132384694925,33.13396147602479,33.133961476034415,0.616485397061922,16.46987241744347,-1.3926637620897964e-11
79.4,-23.456730296615895,44.85320944751598,-151.88254744493415,33.13396147602547,33.13396147603493,0.6164853970612469,16.469872417442208,-1.3642420526593924e-11
79.45,-24.25051531407716,44.429056944217905,-150.863771042919,33.133961476026144,33.133961476035424,0.6164853970605932,16.469872417441596,-1.3500311979441904e-11
79.5,-25.036633392359526,43.990857940342224,-149.84499464090388,33.133961476026805,33.13396147603594,0.6164853970599466,16.469872417439685,-1.3073986337985843e-11
79.55000000000001,-25.814835995734352,43.5387509750114,-148.8262182388887,33.133961476027466,33.13396147603643,0.6164853970593072,16.469872417439067,-1.2931877790833823e-11
79.60000000000001,-26.584877090995676,43.0728789844295,-147.8074418368735,33.133961476028105,33.13396147603691,0.616485397058689,16.469872417438452,-1.2789769243681803e-11
79.65,-27.346513225245026,42.59338925669208,-146.78866543485827,33.13396147602874,33.1339614760374,0.6164853970580708,16.469872417436545,-1.2363443602225743e-11
79.7,-28.099503602860448,42.100433385220214,-145.76988903284303,33.13396147602935,33.133961476037854,0.6164853970574669,16.46987241743657,-1.2363443602225743e-11
79.75,-28.843610161625424,41.59416722083339,-144.75111263082775,33.13396147602996,33.133961476038316,0.6164853970568771,16.4698724174353,-1.2079226507921703e-11
79.80000000000001,-29.578597647993593,41.07475082247635,-143.73233622881244,33.133961476030564,33.13396147603877,0.6164853970562945,16.469872417434033,-1.1795009413617663e-11
79.85000000000001,-30.304233691465512,40.542348406615545,-142.71355982679714,33.133961476031146,33.1339614760392,0.616485397055726,16.46987241743342,-1.1652900866465643e-11
79.9,-31.020288878053925,39.99712829532119,-141.69478342478178,33.133961476031715,33.13396147603962,0.6164853970551647,16.469872417432157,-1.1368683772161603e-11
79.95,-31.726536822814296,39.439262863051226,-140.6760070227664,33.13396147603228,33.133961476040035,0.6164853970546176,16.469872417431535,-1.1226575225009583e-11
80.0,-32.422754241417714,38.8689284821542,-139.65723062075102,33.13396147603284,33.13396147604048,0.6164853970540776,16.46987241743027,-1.0942358130705543e-11
80.05000000000001,-33.1087210207435,38.28630546710811,-138.63845421873563,33.133961476033384,33.133961476040895,0.6164853970535447,16.469872417429645,-1.0800249583553523e-11
80.10000000000001,-33.78422028846925,37.69157801751294,-137.61967781672018,33.13396147603392,33.13396147604129,0.6164853970530189,16.469872417429027,-1.0658141036401503e-11
80.15,-34.44903848163624,37.08493415985494,-136.60090141470474,33.13396147603445,33.13396147604168,0.6164853970525073,16.469872417428412,-1.0516032489249483e-11
80.2,-35.10296541416858,36.46656568806094,-135.58212501268926,33.13396147603496,33.133961476042074,0.6164853970520028,16.469872417427133,-1.0231815394945443e-11
80.25,-35.74579434332476,35.83666810286163,-134.56334861067376,33.13396147603547,33.13396147604244,0.6164853970515054,16.46987241742651,-1.0089706847793423e-11
80.30000000000001,-36.37732203506054,35.19544054998287,-133.54457220865825,33.13396147603597,33.13396147604282,0.6164853970510222,16.46987241742589,-9.947598300641403e-12
80.35000000000001,-36.99734882828254,34.54308575718463,-132.52579580664272,33.133961476036454,33.133961476043204,0.6164853970505462,16.469872417424614,-9.663381206337363e-12
80.4,-37.60567869797228,33.87980997016744,-131.50701940462716,33.13396147603694,33.13396147604356,0.6164853970500772,16.469872417423996,-9.521272659185342e-12
80.45,-38.202119317160566,33.20582288736667,-130.4882430026116,33.13396147603741,33.1339614760439,0.6164853970496154,16.46987241742337,-9.379164112033322e-12
80.5,-38.78648211773279,32.52133759365512,-129.469466600596,33.133961476037875,33.13396147604425,0.6164853970491606,16.469872417422746,-9.237055564881302e-12
80.55000000000001,-39.3585823500458,31.82657049297504,-128.45069019858042,33.13396147603834,33.13396147604459,0.6164853970487201,16.469872417422117,-9.094947017729282e-12
80.60000000000001,-39.91823914133757,31.1217412399208,-127.43191379656477,33.13396147603878,33.13396147604494,0.6164853970482866,16.469872417420852,-8.810729923425242e-12
80.65,-40.465275552911166,30.40707267029381,-126.41313739454914,33.13396147603922,33.13396147604528,0.6164853970478532,16.46987241742022,-8.668621376273222e-12
80.7,-40.999518636074896,29.682790730651718,-125.39436099253349,33.13396147603965,33.133961476045585,0.616485397047434,16.46987241742024,-8.668621376273222e-12
80.75,-41.52079948682106,28.94912440687411,-124.3755845905178,33.13396147604008,33.13396147604591,0.6164853970470219,16.469872417418973,-8.384404281969182e-12
80.80000000000001,-42.02895329922591,28.20630565176731,-123.35680818850213,33.13396147604049,33.13396147604623,0.6164853970466098,16.46987241741835,-8.242295734817162e-12
80.85000000000001,-42.52381941755398,27.454569311731184,-122.33803178648641,33.133961476040895,33.13396147604653,0.6164853970462119,16.469872417418365,-8.242295734817162e-12
80.9,-43.00524138705032,26.694153052511098,-121.31925538447068,33.1339614760413,33.13396147604684,0.6164853970458211,16.469872417417083,-7.958078640513122e-12
80.95,-43.47306700340455,25.925297284058534,-120.30047898245495,33.13396147604169,33.13396147604714,0.6164853970454445,16.469872417416457,-7.815970093361102e-12
81.0,-43.92714836087115,25.148245084524106,-119.28170258043919,33.13396147604208,33.13396147604743,0.6164853970450608,16.469872417415186,-7.531752999057062e-12
81.05000000000001,-44.367341899030684,24.363242123407023,-118.26292617842343,33.133961476042465,33.1339614760477,0.6164853970446842,16.469872417415854,-7.673861546209082e-12
81.10000000000001,-44.79350844817726,23.570536583885257,-117.24414977640765,33.133961476042835,33.13396147604799,0.6164853970443218,16.469872417415218,-7.531752999057062e-12
81.15,-45.205513273317834,22.770379084351017,-116.22537337439184,33.133961476043204,33.13396147604826,0.6164853970439665,16.469872417413953,-7.247535904753022e-12
81.2,-45.60322611676942,21.96302259917631,-115.20659697237603,33.13396147604357,33.13396147604854,0.6164853970436184,16.469872417413317,-7.105427357601002e-12
81.25,-45.98652123934083,21.14872237873365,-114.18782057036022,33.13396147604392,33.13396147604882,0.6164853970432702,16.469872417412684,-6.963318810448982e-12
81.30000000000001,-46.355277460085844,20.327735868697182,-113.16904416834437,33.13396147604428,33.133961476049066,0.6164853970429363,16.4698724174127,-6.963318810448982e-12
81.35000000000001,-46.709378194615226,19.500322628649773,-112.15026776632851,33.13396147604462,33.133961476049336,0.6164853970426023,16.46987241741142,-6.679101716144942e-12
81.4,-47.048711491955586,18.66674425002175,-111.13149136431264,33.13396147604496,33.13396147604958,0.6164853970422755,16.469872417411437,-6.679101716144942e-12
81.45,-47.373170069943285,17.827264273387286,-110.11271496229675,33.133961476045286,33.133961476049826,0.6164853970419486,16.469872417410812,-6.536993168992922e-12
81.5,-47.68265134914233,16.982148105144528,-109.09393856028086,33.13396147604561,33.133961476050054,0.616485397041636,16.469872417410816,-6.536993168992922e-12
81.55000000000001,-47.977057485275445,16.131662933605853,-108.07516215826494,33.133961476045926,33.13396147605031,0.6164853970413233,16.469872417409547,-6.252776074688882e-12
81.60000000000001,-48.25629540015808,15.276077644524747,-107.05638575624903,33.13396147604624,33.13396147605054,0.6164853970410178,16.46987241740956,-6.252776074688882e-12
81.65,-48.52027681112564,14.415662736086047,-106.03760935423308,33.133961476046544,33.13396147605075,0.6164853970407194,16.469872417408936,-6.110667527536862e-12
81.7,-48.76891825894453,13.55069023338638,-105.01883295221715,33.13396147604684,33.13396147605099,0.6164853970404209,16.4698724174083,-5.9685589803848416e-12
81.75,-49.0021411341983,12.68143360243188,-104.00005655020121,33.13396147604714,33.13396147605121,0.6164853970401367,16.469872417408304,-5.9685589803848416e-12
81.80000000000001,-49.21987170214041,11.808167663680344,-102.98128014818523,33.13396147604744,33.13396147605146,0.6164853970398525,16.469872417407036,-5.6843418860808015e-12
81.85000000000001,-49.42204112600596,10.931168505155163,-101.96250374616926,33.13396147604772,33.133961476051645,0.6164853970395754,16.469872417407046,-5.6843418860808015e-12
81.9,-49.60858548877476,10.050713395158532,-100.94372734415327,33.133961476048,33.13396147605188,0.6164853970392983,16.469872417406403,-5.5422333389287814e-12
81.95,-49.77944581337911,9.16708069461147,-99.92495094213727,33.13396147604828,33.133961476052065,0.6164853970390283,16.469872417406425,-5.5422333389287814e-12
82.0,-49.934568081349724,8.280549769048433,-98.90617454012127,33.13396147604855,33.133961476052285,0.6164853970387654,16.469872417405796,-5.4001247917767614e-12
82.05000000000001,-50.07390324989396,7.391400900294302,-97.88739813810524,33.13396147604882,33.133961476052484,0.6164853970385025,16.469872417405153,-5.258016244624741e-12
82.10000000000001,-50.197407267401005,6.499915197851678,-96.86862173608921,33.13396147604908,33.13396147605266,0.6164853970382467,16.469872417405178,-5.258016244624741e-12
82.15,-50.30504108736903,5.606374510026501,-95.84984533407318,33.13396147604933,33.13396147605285,0.616485397037998,16.469872417404538,-5.115907697472721e-12
82.2,-50.39677068074996,4.7110613348201,-94.83106893205712,33.133961476049585,33.13396147605306,0.6164853970377493,16.4698724174039,-4.973799150320701e-12
82.25,-50.47256704670798,3.814258730615831,-93.81229253004106,33.13396147604983,33.13396147605323,0.6164853970375077,16.46987241740391,-4.973799150320701e-12
82.30000000000001,-50.53240622178827,2.916250226688552,-92.79351612802499,33.133961476050075,33.13396147605342,0.6164853970372661,16.469872417403273,-4.831690603168681e-12
82.35000000000001,-50.57626928749324,2.0173197335652175,-91.7747397260089,33.13396147605032,33.133961476053585,0.6164853970370388,16.46987241740329,-4.831690603168681e-12
82.4,-50.60414237626367,1.1177514532649417,-90.75596332399282,33.13396147605055,33.13396147605379,0.6164853970368043,16.469872417402012,-4.547473508864641e-12
82.45,-50.61601667586306,0.2178297894469048,-89.73718692197671,33.133961476050786,33.13396147605394,0.616485397036584,16.469872417402666,-4.689582056016661e-12
82.5,-50.61188843216364,-0.6821607425054921,-88.71841051996061,33.133961476051006,33.133961476054125,0.6164853970363637,16.469872417401376,-4.405364961712621e-12
82.55000000000001,-50.59175895033328,-1.5819356054357927,-87.6996341179445,33.133961476051226,33.133961476054274,0.6164853970361435,16.46987241740139,-4.405364961712621e-12
82.60000000000001,-50.55563459442285,-2.4812103303725364,-86.68085771592837,33.13396147605145,33.133961476054445,0.6164853970359303,16.469872417401405,-4.405364961712621e-12
82.65,-50.50352678535416,-3.379700606465751,-85.66208131391225,33.13396147605166,33.133961476054616,0.6164853970357171,16.469872417400758,-4.263256414560601e-12
82.7,-50.43545199730923,-4.277122370873456,-84.64330491189611,33.13396147605187,33.13396147605477,0.6164853970355182,16.469872417400776,-4.263256414560601e-12
82.75,-50.35143175252181,-5.173191898569751,-83.62452850987995,33.13396147605208,33.13396147605493,0.6164853970353192,16.469872417399486,-3.979039320256561e-12
82.80000000000001,-50.251492614473065,-6.067625892046114,-82.60575210786381,33.133961476052285,33.13396147605509,0.6164853970351203,16.469872417399504,-3.979039320256561e-12
82.85000000000001,-50.13566617949334,-6.960141570877521,-81.58697570584764,33.133961476052484,33.13396147605523,0.6164853970349284,16.469872417399507,-3.979039320256561e-12
82.9,-50.00398906677282,-7.850456761125103,-80.56819930383146,33.13396147605268,33.13396147605538,0.6164853970347295,16.46987241739887,-3.836930773104541e-12
82.95,-49.856502906784144,-8.738289984547045,-79.54942290181528,33.133961476052875,33.13396147605551,0.6164853970345447,16.469872417399525,-3.979039320256561e-12
83.0,-49.69325432812072,-9.623360547589549,-78.53064649979909,33.13396147605307,33.133961476055696,0.6164853970343529,16.469872417398243,-3.694822225952521e-12
83.05000000000001,-49.514294942754816,-10.505388630129701,-77.5118700977829,33.13396147605325,33.1339614760558,0.6164853970341682,16.4698724173989,-3.836930773104541e-12
83.10000000000001,-49.31968132972012,-11.384095373942209,-76.4930936957667,33.133961476053436,33.133961476055944,0.6164853970339976,16.469872417398264,-3.694822225952521e-12
83.15,-49.10947501722398,-12.259202970862024,-75.47431729375047,33.133961476053614,33.13396147605609,0.6164853970338271,16.469872417396985,-3.410605131648481e-12
83.2,-48.88374246319489,-13.130434750614981,-74.45554089173426,33.13396147605379,33.133961476056236,0.6164853970336495,16.469872417396985,-3.410605131648481e-12
83.25,-48.642555034271474,-13.99751526828869,-73.43676448971803,33.13396147605396,33.133961476056335,0.616485397033486,16.469872417397642,-3.552713678800501e-12
83.30000000000001,-48.38598898323946,-14.860170391416025,-72.4179880877018,33.13396147605413,33.133961476056484,0.6164853970333226,16.469872417396363,-3.268496584496461e-12
83.35000000000001,-48.114125424923955,-15.71812738664366,-71.39921168568556,33.1339614760543,33.133961476056605,0.6164853970331592,16.46987241739636,-3.268496584496461e-12
83.4,-47.82705031054454,-16.571115005958294,-70.38043528366933,33.133961476054466,33.13396147605672,0.6164853970330029,16.46987241739637,-3.268496584496461e-12
83.45,-47.52485440054129,-17.418863572443254,-69.36165888165307,33.13396147605462,33.13396147605684,0.6164853970328465,16.469872417395727,-3.126388037344441e-12
83.5,-47.20763323588031,-18.261105065538395,-68.34288247963681,33.133961476054786,33.13396147605695,0.6164853970326831,16.469872417395734,-3.126388037344441e-12
83.55000000000001,-46.875487107847974,-19.09757320577634,-67.32410607762054,33.133961476054935,33.133961476057046,0.6164853970325339,16.469872417396388,-3.268496584496461e-12
83.60000000000001,-46.528521026343206,-19.928003538968248,-66.30532967560428,33.13396147605509,33.1339614760572,0.6164853970323847,16.46987241739511,-2.9842794901924208e-12
83.65,-46.166844686678026,-20.75213351981253,-65.286553273588,33.13396147605524,33.13396147605728,0.6164853970322426,16.469872417395113,-2.9842794901924208e-12
83.7,-45.790572434896745,-21.56970259490004,-64.26777687157171,33.13396147605539,33.133961476057394,0.6164853970320934,16.469872417394477,-2.8421709430404007e-12
83.75,-45.39982323162481,-22.380452285089525,-63.24900046955541,33.13396147605553,33.133961476057486,0.6164853970319513,16.46987241739512,-2.9842794901924208e-12
83.80000000000001,-44.994720614458714,-23.184126267227295,-62.23022406753912,33.133961476055674,33.1339614760576,0.6164853970318092,16.469872417394487,-2.8421709430404007e-12
83.85000000000001,-44.57539265890889,-23.980470455185245,-61.211447665522826,33.133961476055816,33.133961476057706,0.6164853970316742,16.46987241739449,-2.8421709430404007e-12
83.9,-44.14197193790789,-24.769233080191636,-60.19267126350653,33.133961476055944,33.13396147605783,0.6164853970315392,16.469872417393855,-2.7000623958883807e-12
83.95,-43.69459547989671,-25.550164770429248,-59.17389486149025,33.13396147605608,33.133961476057934,0.6164853970314113,16.469872417393855,-2.7000623958883807e-12
84.0,-43.23340472550246,-26.32301862987569,-58.155118459473925,33.133961476056214,33.133961476058026,0.6164853970312834,16.469872417393216,-2.5579538487363607e-12
84.05000000000001,-42.758545482821084,-27.087550316361,-57.13634205745761,33.13396147605634,33.13396147605813,0.6164853970311555,16.46987241739322,-2.5579538487363607e-12
84.10000000000001,-42.270167881319324,-27.843518118817816,-56.11756565544129,33.13396147605647,33.13396147605823,0.6164853970310347,16.46987241739323,-2.5579538487363607e-12
84.15,-41.76842632437041,-28.590683033699715,-55.09878925342497,33.1339614760566,33.13396147605834,0.6164853970309139,16.46987241739259,-2.4158453015843406e-12
84.2,-41.25347944043855,-29.32880884054355,-54.080012851408625,33.133961476056726,33.13396147605842,0.6164853970307931,16.4698724173926,-2.4158453015843406e-12
84.25,-40.725490032927645,-30.05766217665191,-53.06123644939228,33.13396147605685,33.133961476058495,0.6164853970306794,16.4698724173926,-2.4158453015843406e-12
84.30000000000001,-40.18462502871006,-30.777012610872053,-52.04246004737594,33.13396147605697,33.133961476058595,0.6164853970305657,16.469872417391954,-2.2737367544323206e-12
84.35000000000001,-39.63105542535172,-31.48663271644805,-51.0236836453596,33.13396147605708,33.133961476058694,0.6164853970304449,16.469872417391965,-2.2737367544323206e-12
84.4,-39.064956237050275,-32.18629814292305,-50.004907243343254,33.133961476057195,33.133961476058744,0.6164853970303312,16.469872417392622,-2.4158453015843406e-12
84.45,-38.486506439303355,-32.875787687068964,-48.98613084132691,33.1339614760573,33.13396147605885,0.6164853970302246,16.46987241739198,-2.2737367544323206e-12
84.5,-37.89588891232442,-33.55488336282113,-47.96735443931054,33.13396147605741,33.13396147605895,0.6164853970301181,16.469872417391343,-2.1316282072803006e-12
84.55000000000001,-37.29329038322417,-34.22337047019584,-46.948578037294176,33.13396147605752,33.13396147605901,0.6164853970300115,16.469872417391343,-2.1316282072803006e-12
84.60000000000001,-36.67890136697566,-34.88103766316899,-45.929801635277805,33.13396147605763,33.133961476059085,0.616485397029912,16.469872417391336,-2.1316282072803006e-12
84.65,-36.05291610618193,-35.52767701649433,-44.911025233261434,33.13396147605773,33.1339614760592,0.6164853970298125,16.469872417390704,-1.9895196601282805e-12
84.7,-35.415532509665105,-36.16308409144021,-43.89224883124506,33.13396147605783,33.133961476059255,0.6164853970297131,16.469872417390715,-1.9895196601282805e-12
84.75,-34.76695208989635,-36.78705800042406,-42.8734724292287,33.133961476057934,33.13396147605935,0.6164853970296136,16.469872417390715,-1.9895196601282805e-12
84.80000000000001,-34.10737989928658,-37.399401470524154,-41.854696027212306,33.13396147605803,33.13396147605941,0.6164853970295141,16.469872417390715,-1.9895196601282805e-12
84.85000000000001,-33.43702446535794,-37.99992090584857,-40.835919625195906,33.13396147605813,33.13396147605949,0.6164853970294217,16.469872417390725,-1.9895196601282805e-12
84.9,-32.756097724816684,-38.58842644874163,-39.817143223179514,33.133961476058225,33.133961476059575,0.6164853970293294,16.46987241739007,-1.8474111129762605e-12
84.95,-32.06481495654811,-39.1647320398085,-38.79836682116312,33.13396147605832,33.133961476059646,0.616485397029237,16.469872417390082,-1.8474111129762605e-12
85.0,-31.363394713554957,-39.72865547673892,-37.77959041914673,33.13396147605842,33.13396147605971,0.6164853970291446,16.46987241739009,-1.8474111129762605e-12
85.05000000000001,-30.652058753860597,-40.280018471911525,-36.76081401713033,33.13396147605851,33.13396147605978,0.6164853970290594,16.469872417390093,-1.8474111129762605e-12
85.10000000000001,-29.93103197039898,-40.81864670876046,-35.74203761511394,33.1339614760586,33.13396147605985,0.6164853970289741,16.469872417389453,-1.7053025658242404e-12
85.15,-29.20054231991344,-41.3443698968866,-34.723261213097516,33.13396147605869,33.13396147605991,0.6164853970288817,16.469872417389453,-1.7053025658242404e-12
85.2,-28.460820750886864,-41.857021825895806,-33.704484811081095,33.13396147605878,33.13396147605996,0.6164853970288036,16.469872417390093,-1.8474111129762605e-12
85.25,-27.712101130526015,-42.35644041794731,-32.685708409064674,33.133961476058865,33.13396147606005,0.6164853970287254,16.469872417388814,-1.5631940186722204e-12
85.30000000000001,-26.954620170823073,-42.84246777899555,-31.666932007048256,33.13396147605894,33.13396147606011,0.6164853970286401,16.46987241738882,-1.5631940186722204e-12
85.35000000000001,-26.188617353717785,-43.31495024870925,-30.64815560503184,33.13396147605903,33.13396147606015,0.616485397028562,16.469872417389468,-1.7053025658242404e-12
85.4,-25.41433485538387,-43.77373844905206,-29.629379203015418,33.133961476059106,33.133961476060236,0.6164853970284909,16.469872417388824,-1.5631940186722204e-12
85.45,-24.632017469663655,-44.21868733150923,-28.610602800998997,33.13396147605919,33.13396147606031,0.6164853970284128,16.469872417388192,-1.4210854715202004e-12
85.5,-23.84191253067508,-44.64965622294556,-27.59182639898258,33.13396147605928,33.13396147606036,0.6164853970283346,16.46987241738884,-1.5631940186722204e-12
85.55000000000001,-23.04426983461562,-45.06650887008001,-26.573049996966134,33.13396147605935,33.133961476060406,0.6164853970282635,16.46987241738884,-1.5631940186722204e-12
85.60000000000001,-22.23934156078777,-45.469113482562925,-25.554273594949688,33.133961476059426,33.13396147606048,0.6164853970281854,16.469872417388196,-1.4210854715202004e-12
85.65,-21.42738219187114,-45.85734277464236,-24.535497192933242,33.133961476059504,33.1339614760605,0.6164853970281143,16.469872417388846,-1.5631940186722204e-12
85.7,-20.608648433466264,-46.23107400540617,-23.516720790916796,33.133961476059575,33.13396147606056,0.6164853970280504,16.469872417388203,-1.4210854715202004e-12
85.75,-19.783399132935696,-46.590189017587235,-22.49794438890035,33.133961476059646,33.13396147606064,0.6164853970279864,16.46987241738756,-1.2789769243681803e-12
85.80000000000001,-18.9518951975679,-46.934574274919584,-21.479167986883905,33.13396147605971,33.133961476060705,0.6164853970279154,16.46987241738756,-1.2789769243681803e-12
85.85000000000001,-18.11439951208994,-47.264120898033525,-20.460391584867462,33.13396147605978,33.13396147606074,0.6164853970278514,16.469872417388217,-1.4210854715202004e-12
85.9,-17.271176855554963,-47.57872469887849,-19.441615182851017,33.13396147605985,33.133961476060804,0.6164853970277875,16.469872417387567,-1.2789769243681803e-12
85.95,-16.422493817630784,-47.878286213662655,-18.42283878083457,33.13396147605992,33.13396147606087,0.6164853970277235,16.469872417387577,-1.2789769243681803e-12
86.0,-15.568618714316038,-48.16271073429903,-17.4040623788181,33.133961476059994,33.13396147606089,0.6164853970276667,16.469872417387577,-1.2789769243681803e-12
86.05000000000001,-14.709821503110543,-48.431908338347924,-16.38528597680163,33.13396147606006,33.13396147606096,0.6164853970276027,16.46987241738693,-1.1368683772161603e-12
86.10000000000001,-13.846373697666692,-48.68579391744646,-15.366509574785159,33.13396147606012,33.133961476060975,0.6164853970275459,16.46987241738758,-1.2789769243681803e-12
86.15,-12.978548281948857,-48.92428720421606,-14.347733172768688,33.133961476060186,33.133961476061046,0.616485397027482,16.469872417386938,-1.1368683772161603e-12
86.2,-12.106619623927946,-49.147312797639444,-13.328956770752217,33.13396147606025,33.13396147606107,0.6164853970274322,16.469872417387588,-1.2789769243681803e-12
86.25,-11.2308633888384,-49.35480018689909,-12.310180368735747,33.13396147606031,33.13396147606114,0.6164853970273754,16.46987241738629,-9.947598300641403e-13
86.30000000000001,-10.351556452025054,-49.546683773669635,-11.291403966719276,33.133961476060364,33.13396147606117,0.6164853970273114,16.469872417386945,-1.1368683772161603e-12
86.35000000000001,-9.468976811407408,-49.72290289285716,-10.272627564702805,33.13396147606042,33.13396147606119,0.6164853970272617,16.46987241738759,-1.2789769243681803e-12
86.4,-8.583403499588997,-49.88340183177879,-9.253851162686335,33.13396147606048,33.13396147606129,0.6164853970272048,16.469872417386306,-9.947598300641403e-13
86.45,-7.695116495639635,-50.02812984777662,-8.235074760669864,33.133961476060534,33.133961476061295,0.6164853970271551,16.469872417386952,-1.1368683772161603e-12
86.5,-6.804396636578433,-50.157041184260244,-7.2162983586533676,33.13396147606059,33.13396147606135,0.6164853970271054,16.469872417386313,-9.947598300641403e-13
86.55000000000001,-5.911525528585567,-50.270095085173,-6.197521956636871,33.13396147606064,33.13396147606137,0.6164853970270556,16.469872417386313,-9.947598300641403e-13
86.60000000000001,-5.016785457970868,-50.36725580787721,-5.178745554620376,33.13396147606069,33.133961476061415,0.6164853970270059,16.46987241738632,-9.947598300641403e-13
86.65,-4.120459301927399,-50.44849263445443,-4.159969152603879,33.13396147606075,33.13396147606145,0.6164853970269562,16.469872417386316,-9.947598300641403e-13
86.7,-3.222830439098204,-50.513779881417115,-3.141192750587383,33.1339614760608,33.13396147606147,0.6164853970269064,16.469872417386316,-9.947598300641403e-13
86.75,-2.3241826599845328,-50.563096907828545,-2.1224163485708867,33.13396147606085,33.13396147606151,0.6164853970268567,16.469872417386316,-9.947598300641403e-13
86.80000000000001,-1.424800077223848,-50.59642812182864,-1.1036399465543907,33.13396147606089,33.13396147606154,0.616485397026814,16.469872417386323,-9.947598300641403e-13
86.85000000000001,-0.5249670357659904,-50.613762985563355,-0.08486354453789448,33.13396147606093,33.13396147606159,0.6164853970267714,16.46987241738568,-8.526512829121202e-13
86.9,0.37503197702410507,-50.61509601851634,0.9339128574786016,33.13396147606098,33.13396147606163,0.6164853970267217,16.469872417385684,-8.526512829121202e-13
86.95,1.2749124213087164,-50.6004267992416,1.9526892594950978,33.133961476061025,33.13396147606166,0.616485397026679,16.46987241738633,-9.947598300641403e-13
87.0,2.174389794736234,-50.56975996549675,2.9714656615115937,33.13396147606107,33.13396147606171,0.6164853970266364,16.469872417385684,-8.526512829121202e-13
87.05000000000001,3.073179722388205,-50.52310521277674,3.99024206352809,33.13396147606111,33.13396147606175,0.6164853970265938,16.469872417385684,-8.526512829121202e-13
87.10000000000001,3.9709980466860926,-50.460477291248615,5.009018465544586,33.13396147606116,33.13396147606178,0.6164853970265511,16.46987241738569,-8.526512829121202e-13
87.15,4.86756091722932,-50.38189600108812,6.0277948675611075,33.1339614760612,33.133961476061806,0.6164853970265085,16.46987241738569,-8.526512829121202e-13
87.2,5.7625848805362,-50.28738618621979,7.04657126957763,33.133961476061245,33.13396147606184,0.6164853970264659,16.469872417385687,-8.526512829121202e-13
87.25,6.6557869696593706,-50.17697772646238,8.065347671594152,33.13396147606129,33.133961476061835,0.6164853970264303,16.469872417385695,-8.526512829121202e-13
87.30000000000001,7.546884793647421,-50.05070552808221,9.084124073610672,33.13396147606133,33.133961476061884,0.6164853970263948,16.469872417385044,-7.105427357601002e-13
87.35000000000001,8.435596626824402,-49.90860951275732,10.102900475627195,33.133961476061366,33.133961476061906,0.6164853970263522,16.46987241738505,-7.105427357601002e-13
87.4,9.321641497859012,-49.750734604956044,11.121676877643715,33.13396147606141,33.13396147606192,0.6164853970263167,16.4698724173857,-8.526512829121202e-13
87.45,10.20473927859529,-49.577130717733844,12.140453279660237,33.133961476061444,33.13396147606197,0.616485397026274,16.46987241738505,-7.105427357601002e-13
87.5,11.084610772616742,-49.387852736953036,13.15922968167676,33.13396147606148,33.13396147606196,0.6164853970262385,16.4698724173857,-8.526512829121202e-13
87.55000000000001,11.96097780351587,-49.182960503930296,14.17800608369328,33.133961476061515,33.133961476062005,0.616485397026203,16.469872417385055,-7.105427357601002e-13
87.60000000000001,12.833563302841256,-48.9625187965175,15.196782485709802,33.13396147606154,33.13396147606202,0.6164853970261674,16.469872417385062,-7.105427357601002e-13
87.65,13.702091397694318,-48.72659730862182,16.215558887726324,33.13396147606158,33.13396147606206,0.6164853970261319,16.46987241738507,-7.105427357601002e-13
87.7,14.566287497948117,-48.47527062817161,17.234335289742845,33.13396147606161,33.13396147606208,0.6164853970261035,16.469872417385062,-7.105427357601002e-13
87.75,15.425878383060597,-48.20861821353498,18.25311169175937,33.13396147606164,33.13396147606213,0.616485397026068,16.46987241738442,-5.684341886080801e-13
87.80000000000001,16.28059228845482,-47.92672436839863,19.27188809377589,33.13396147606167,33.13396147606213,0.6164853970260324,16.469872417385066,-7.105427357601002e-13
87.85000000000001,17.130158991438886,-47.6296782151147,20.29066449579241,33.13396147606171,33.13396147606218,0.616485397026004,16.469872417385073,-7.105427357601002e-13
87.9,17.9743098966384,-47.31757366652426,21.309440897808933,33.133961476061735,33.13396147606223,0.6164853970259685,16.469872417384426,-5.684341886080801e-13
87.95,18.812778120914416,-46.99050939626622,22.328217299825454,33.13396147606178,33.13396147606223,0.6164853970259401,16.46987241738507,-7.105427357601002e-13
88.0,19.645298577740085,-46.6485888075811,23.346993701841974,33.133961476061806,33.133961476062275,0.6164853970259117,16.469872417384426,-5.684341886080801e-13
88.05000000000001,20.471608061009267,-46.29192000061949,24.365770103858523,33.133961476061835,33.13396147606228,0.6164853970258832,16.46987241738443,-5.684341886080801e-13
88.10000000000001,21.291445328250653,-45.92061573826559,25.38454650587507,33.13396147606187,33.13396147606232,0.6164853970258548,16.469872417384426,-5.684341886080801e-13
88.15,22.104551183221062,-45.53479341048655,26.403322907891617,33.1339614760619,33.133961476062325,0.6164853970258264,16.469872417384426,-5.684341886080801e-13
88.2,22.910668557851828,-45.13457499721899,27.422099309908162,33.133961476061934,33.133961476062325,0.616485397025798,16.469872417384433,-5.684341886080801e-13
88.25,23.709542593522325,-44.72008702980433,28.44087571192471,33.133961476061955,33.133961476062346,0.6164853970257695,16.469872417384433,-5.684341886080801e-13
88.30000000000001,24.50092072163499,-44.29146055098519,29.459652113941257,33.133961476061984,33.13396147606238,0.6164853970257411,16.46987241738444,-5.684341886080801e-13
88.35000000000001,25.284552743466325,-43.84883107347546,30.478428515957805,33.13396147606201,33.13396147606238,0.6164853970257127,16.469872417384437,-5.684341886080801e-13
88.4,26.060190909268652,-43.3923385371172,31.49720491797435,33.133961476062034,33.13396147606238,0.6164853970256914,16.469872417384433,-5.684341886080801e-13
88.45,26.827589996597627,-42.92212726463784,32.5159813199909,33.13396147606206,33.13396147606243,0.6164853970256559,16.46987241738379,-4.263256414560601e-13
88.5,27.586507387840705,-42.438345916021746,33.53475772200745,33.13396147606208,33.1339614760624,0.6164853970256345,16.469872417385083,-7.105427357601002e-13
88.55000000000001,28.336703146922087,-41.9411474415105,34.55353412402399,33.13396147606211,33.133961476062446,0.6164853970256132,16.46987241738379,-4.263256414560601e-13
88.60000000000001,29.077940095159892,-41.43068903324681,35.57231052604054,33.13396147606214,33.133961476062474,0.6164853970255848,16.469872417383794,-4.263256414560601e-13
88.65,29.80998388625155,-40.907132075577294,36.59108692805709,33.13396147606216,33.13396147606249,0.6164853970255635,16.469872417384437,-5.684341886080801e-13
88.7,30.532603080363728,-40.37064209402995,37.60986333007364,33.13396147606219,33.1339614760625,0.6164853970255351,16.4698724173838,-4.263256414560601e-13
88.75,31.24556921730335,-39.82138870298225,38.62863973209018,33.13396147606221,33.13396147606252,0.6164853970255137,16.469872417384444,-5.684341886080801e-13
88.80000000000001,31.9486568887466,-39.25954555203663,39.64741613410673,33.13396147606223,33.13396147606255,0.6164853970254924,16.469872417383804,-4.263256414560601e-13
88.85000000000001,32.641643809503066,-38.68529027112014,40.666192536123276,33.13396147606226,33.13396147606259,0.616485397025464,16.4698724173838,-4.263256414560601e-13
88.9,33.32431088779245,-38.098804414325755,41.684968938139825,33.13396147606228,33.133961476062595,0.6164853970254427,16.469872417384448,-5.684341886080801e-13
88.95,33.9964422945117,-37.500273402513,42.70374534015637,33.13396147606231,33.13396147606261,0.6164853970254285,16.469872417383804,-4.263256414560601e-13
89.0,34.65782553147063,-36.88988646468607,43.722521742172916,33.133961476062325,33.13396147606264,0.6164853970254072,16.469872417383158,-2.8421709430404007e-13
89.05000000000001,35.3082514985744,-36.26783657816802,44.741298144189464,33.133961476062346,33.13396147606267,0.6164853970253787,16.469872417383808,-4.263256414560601e-13
89.10000000000001,35.94751455993176,-35.63432040758987,45.76007454620601,33.133961476062375,33.133961476062666,0.6164853970253645,16.46987241738445,-5.684341886080801e-13
89.15,36.57541260886798,-34.989538242713934,46.778850948222555,33.13396147606239,33.1339614760627,0.6164853970253432,16.469872417383165,-2.8421709430404007e-13
89.2,37.19174713182202,-34.33369393511112,47.797627350239104,33.13396147606241,33.13396147606272,0.6164853970253219,16.46987241738381,-4.263256414560601e-13
89.25,37.79632327110777,-33.66699483371204,48.81640375225565,33.13396147606244,33.13396147606276,0.6164853970253006,16.46987241738381,-4.263256414560601e-13
89.30000000000001,38.38894988651938,-32.98965171925248,49.835180154272194,33.13396147606246,33.13396147606278,0.6164853970252864,16.46987241738382,-4.263256414560601e-13
89.35000000000001,38.96943961576135,-32.30187873763385,50.85395655628874,33.13396147606249,33.13396147606281,0.6164853970252651,16.469872417383165,-2.8421709430404007e-13
89.4,39.53760893368421,-31.60389333221976,51.87273295830529,33.13396147606251,33.133961476062815,0.6164853970252437,16.469872417383808,-4.263256414560601e-13
89.45,40.09327821030701,-30.895916175090026,52.89150936032184,33.13396147606253,33.13396147606285,0.6164853970252295,16.46987241738382,-4.263256414560601e-13
89.5,40.636271767608385,-30.17817109727395,53.91028576233838,33.13396147606256,33.13396147606288,0.6164853970252153,16.469872417383165,-2.8421709430404007e-13
89.55000000000001,41.166417935068154,-29.450885017984845,54.92906216435493,33.13396147606258,33.1339614760629,0.6164853970252011,16.469872417383165,-2.8421709430404007e-13
89.60000000000001,41.68354910394197,-28.714287872878238,55.94783856637148,33.13396147606261,33.13396147606293,0.6164853970251869,16.469872417383165,-2.8421709430404007e-13
89.65,42.18750178025174,-27.968612541356393,56.96661496838803,33.13396147606263,33.133961476062964,0.6164853970251656,16.469872417383165,-2.8421709430404007e-13
89.7,42.678116636475224,-27.21409477294215,57.98539137040457,33.13396147606266,33.133961476062964,0.6164853970251514,16.469872417383822,-4.263256414560601e-13
89.75,43.1552385619183,-26.450973112745373,59.00416777242117,33.13396147606268,33.133961476062964,0.6164853970251372,16.46987241738317,-2.8421709430404007e-13
89.80000000000001,43.61871671175414,-25.679488826045542,60.02294417443777,33.133961476062694,33.133961476062936,0.616485397025123,16.469872417383172,-2.8421709430404007e-13
89.85000000000001,44.068404554713624,-24.899885822014358,61.04172057645437,33.133961476062716,33.13396147606293,0.6164853970251087,16.469872417383165,-2.8421709430404007e-13
89.9,44.504159919412075,-24.112410576602468,62.060496978470965,33.13396147606273,33.13396147606293,0.6164853970250945,16.469872417383172,-2.8421709430404007e-13
89.95,44.925845039297535,-23.317312054614668,63.079273380487564,33.133961476062744,33.13396147606291,0.6164853970250803,16.469872417383176,-2.8421709430404007e-13
90.0,45.333326596206454,-22.514841630998266,64.09804978250416,33.13396147606275,33.133961476062886,0.6164853970250732,16.469872417383176,-2.8421709430404007e-13
90.05000000000001,45.72647576251299,-21.705253011369457,65.11682618452076,33.48396147606277,33.13396147606291,0.616485397025059,16.469872417382533,-1.4210854715202004e-13
90.10000000000001,46.1051682418586,-20.888802151802835,66.14925364069575,33.80896147606278,33.12406181597273,0.6164853970250448,16.469872417383176,-2.8421709430404007e-13
90.15,46.469088200460874,-20.065660448491116,67.19445620985285,34.110040071770634,33.104867741216,0.616270975017045,16.469872417383172,-2.8421709430404007e-13
90.2,46.817932504001234,-19.23601736144257,68.25158047889181,34.38824204815958,33.07659172323357,0.6156415338078602,16.489307324263788,-0.0042884401599962985
90.25,47.1514111389103,-18.40007956467825,69.31979627975551,34.644552739236296,33.03995389400104,0.6144100072009593,16.52660134472813,-0.012588824183694669
90.30000000000001,47.46924759436838,-17.558070070918326,70.39829627116781,34.879938536005206,32.99570065193,0.6124025490859921,16.580005767530764,-0.024630532138019134
90.35000000000001,47.77117921845523,-16.710227341176378,71.48629702051196,35.0,32.94458533531961,0.609458223889014,16.64785681024933,-0.04014916229934329
90.4,48.056957523827855,-15.856804374425217,72.57916471721,35.0,32.89016338505805,0.605428675348513,16.727848427529047,-0.05888650393956141
90.45,48.326406522694526,-14.998086005569776,73.67203241390807,35.0,32.836124618243986,0.6002386479273412,16.81899605161127,-0.08059097081002164
90.5,48.57942818633781,-14.134384646460514,74.76490011060612,35.0,32.78261453895865,0.5938896730193193,16.91437265417793,-0.10380054842343611
90.55000000000001,48.81593046249818,-13.266014521818398,75.85776780730419,35.0,32.729681897306065,0.5863836245738625,17.00858576898036,-0.12697949816043774
90.60000000000001,49.03582730886374,-12.393291554916253,76.95063550400224,35.0,32.67734199889374,0.5777227188993308,17.101841773066464,-0.1501209689091354
90.65,49.23903872437339,-11.516533252642152,78.04350320070029,35.0,32.625617612517004,0.5679095144297435,17.194741064756517,-0.1732181134906341
90.7,49.42549077832219,-10.636058589986677,79.13637089739835,35.0,32.574536357314,0.5569469114546237,17.28765732959461,-0.19626408939174667
90.75,49.595115637258225,-9.752187893996064,80.2292385940964,35.0,32.524131633858566,0.54483815181149,17.381001771441028,-0.219252059502395
90.80000000000001,49.74785158966117,-8.865242727233447,81.32210629079447,35.0,32.474447124212496,0.531586818540724,17.475389710243785,-0.24217519286267475
90.85000000000001,49.8836430683937,-7.975545770790619,82.41497398749252,35.0,32.42552136470487,0.5171968355022543,17.570932502911344,-0.26502666541531994
90.9,50.00244067091748,-7.083420706892848,83.50784168419058,35.0,32.377419581436115,0.5016724669536146,17.668584970225353,-0.28779966076939445
90.95,50.10420117726635,-6.189192101139475,84.60070938088863,35.0,32.33019021810988,0.48501831708873766,17.768429142681043,-0.310487370972794
91.0,50.18888756577029,-5.293185284423129,85.6935770775867,35.0,32.28390930593901,0.4672393295369872,17.871274771779312,-0.333082997297538
91.05000000000001,50.25646902652433,-4.395726234570519,86.78644477428475,35.0,32.23864952833243,0.4483407868216318,17.97760023484813,-0.35557975103500894
91.10000000000001,50.30692097259756,-3.497141457747863,87.8793124709828,35.0,32.194501654370164,0.4283283097771857,18.088173029575735,-0.3779708543071081
91.15,50.340225048978134,-2.5977578696740995,88.97218016768086,35.0,32.15156156677432,0.4072078569247779,18.20368557482223,-0.40024954088892173
91.2,50.35636913925104,-1.697902676685105,90.06504786437891,35.0,32.109931033513575,0.3849857238047605,18.32480763703167,-0.42240905704815646
91.25,50.355347370006214,-0.7979032566921751,91.15791556107698,35.0,32.069754611196664,0.3616685422656687,18.45288651055344,-0.44444266240034835
91.30000000000001,50.337160112975326,0.10191295992191363,92.25078325777503,35.0,32.02605097634507,0.33726327970874337,18.500000000000004,-0.4663436307818358
91.35000000000001,50.30181398489657,1.0012186094259299,93.34365095447309,35.0,31.98006679742628,0.31177723828682957,18.5,-0.48810525113850645
91.4,50.249321845107396,1.8996865138389665,94.43651865117114,35.0,31.934371765043778,0.28521805405689094,18.499999999999996,-0.5097208284382759
91.45,50.17970279086614,2.796989799961642,95.5293863478692,35.0,31.888984412218047,0.2575936960848537,18.5,-0.5311836845987727
91.5,50.092982150404204,3.6928020182964176,96.62225404456726,35.0,31.84392341354326,0.22891246550186395,18.499999999999993,-0.5524871594407443
91.55000000000001,49.98919147371137,4.586797261813766,97.7151217412653,35.0,31.799207578380493,0.1991829945105792,18.5,-0.5736246116597954
91.60000000000001,49.868368521057526,5.478650284520987,98.80798943796337,35.0,31.75485584372389,0.1684142453404931,18.500000000000004,-0.5945894198256951
91.65,49.73055724925504,6.3680366197905265,99.90085713466142,35.0,31.7108872667361,0.1366155091508574,18.5,-0.6153749834017219
91.7,49.57580779566676,7.254632698404755,100.99372483135949,35.0,31.667321016948584,0.10379640487990827,18.499999999999996,-0.6359747237927138
91.75,49.40417645996543,8.13811596627426,102.08659252805754,35.0,31.62417636812328,0.0699668780390752,18.499999999999996,-0.6563820854189828
91.80000000000001,49.21572568365123,9.018165001786812,103.1794602247556,35.0,31.581472689772227,0.03513719945074456,18.5,-0.6765905368166614
91.85000000000001,49.01052402733482,9.894459632744347,104.27232792145365,35.0,31.53922943833172,-0.0006820360720212193,18.5,-0.6965935717666127
91.9,48.78864614579416,10.766681052845362,105.36519561815172,35.0,31.497466147988504,-0.037479911105215535,18.5,-0.6891032675744668
91.95,48.55017276081426,11.634511937670412,106.45806331484977,35.0,31.13298422026989,-0.07524518705468353,15.99166954105921,0.7359575006638863
92.0,48.29519063181962,12.497636560128468,107.55093101154783,35.0,31.078104216323318,-0.11396630565968024,15.98494555738747,0.7553055189893598
92.05000000000001,48.02379252431013,13.355740905322143,108.64379870824588,35.0,31.023374508389868,-0.15363139056084663,15.976974500273036,0.7744223720999344
92.10000000000001,47.7360771761119,14.208512784790017,109.73666640494393,35.0,30.969045959299052,-0.19422824893431567,15.969245273929344,0.7933016980233276
92.15,47.43214926145526,15.055641950084462,110.829534101642,35.0,30.915041168976764,-0.23574437319378916,15.961160776476543,0.8119371674693809
92.2,47.11211935289306,15.896820205643692,111.92240179834005,35.0,30.86140952079695,-0.27816694276243226,15.952903342080658,0.8303224851894697
92.25,46.77610388107307,16.731741520916927,113.01526949503811,35.0,30.808189462005707,-0.3214828259164477,15.94457147492375,0.848451391372862
92.30000000000001,46.42422509237913,17.560102141701915,114.10813719173616,35.0,30.755370295308417,-0.3656785817022765,15.93599957316864,0.8663176630803093
92.35000000000001,46.0566110044565,18.38160070065428,115.20100488843423,35.0,30.70297975023276,-0.41074046192948543,15.927232851429062,0.8839151157165759
92.4,45.6733953596375,19.195938326928516,116.29387258513228,35.0,30.651053088677,-0.45665441324133127,15.91834612995836,0.9012376045441783
92.45,45.27471757628451,20.002818754910717,117.38674028183034,35.0,30.599607445623704,-0.5034060792650763,15.909321025723159,0.9182790262369167
92.5,44.86072269806788,20.801948432003492,118.47960797852839,35.0,30.5486617278201,-0.550980802844272,15.900149102616352,0.9350333204749006
92.55000000000001,44.43156134119741,21.593036625423856,119.57247567522644,35.0,30.498236009361467,-0.5993636283551069,15.89082781931232,0.9514944715839135
92.60000000000001,43.98738963962632,22.37579552797524,120.66534337192451,35.0,30.44834879821019,-0.6485393041091285,15.881348272896128,0.967656510216699
92.65,43.52836918824794,23.14994036275513,121.75821106862256,35.0,30.39902354856913,-0.698492284844555,15.871722618976117,0.9835135150804319
92.7,43.05466698410556,23.91518948676028,122.85107876532062,35.0,30.35028550359006,-0.7492067343085438,15.861968647797228,0.9990596147085284
92.75,42.566455365636926,24.671264493351718,123.94394646201867,35.0,30.30215650049974,-0.8006665279327407,15.852089115846713,1.0142889892797768
92.80000000000001,42.06391194997553,25.417890313542376,125.03681415871674,35.0,30.254656708745436,-0.8528552556044673,15.842080313071353,1.029195872483939
92.85000000000001,41.54721956833135,26.15479531607043,126.12968185541479,35.0,30.20780637466974,-0.9057562245361055,15.831939301882112,1.043774553434531
92.9,41.01656619947477,26.881711406221942,127.22254955211285,35.0,30.166276590752126,-0.9593524622349747,15.838082559633637,1.058019378632764
92.95,40.47214490134762,27.598374123366874,128.31541724881092,35.0,30.12871870016577,-1.0136267195763509,15.854608099817069,1.0719247539773846
93.0,39.914153740826485,28.304522737172974,129.40828494550897,35.0,30.091847090987063,-1.0685614739820366,15.86964232328939,1.0854851468275228
93.05000000000001,39.342795721663606,28.999900342462556,130.50115264220702,34.99941764935622,30.05569726444252,-1.1241389327071616,15.883319349992073,1.0986950881137147
93.10000000000001,38.75827871063174,29.684253952677608,131.5939966976458,34.99629476471953,30.020362782472215,-1.180341036237607,15.895885174387093,1.1115491745024997
93.15,38.16081563962489,30.357334838443254,132.68671398138233,34.990871051701866,29.985942243279897,-1.2371490909852554,15.9073638341881,1.1240420706089083
93.2,37.550625327102765,31.01889948570318,133.77921111560568,34.983376136814584,29.952558499006372,-1.294542525907751,15.917878539195113,1.1361610949529677
93.25,36.92793220316583,31.668709668296266,134.8714040778573,34.974032019828286,29.920349650528998,-1.3524990481889887,15.927613666760841,1.147868698449912
93.30000000000001,36.29296604336988,32.30653250883585,135.96321789850808,34.96305470773548,29.88941118774917,-1.4109947933725806,15.936635383954446,1.1591304456247542
93.35000000000001,35.64596171052919,32.93214052771459,137.05458642045105,34.95065159916503,29.85981174640496,-1.4700044714028948,15.944948790003208,1.1699149036718381
93.4,34.987158904191894,33.54531168029933,138.1454519492677,34.93702018111074,29.831662430132205,-1.5295015095202373,15.95270265115418,1.180193560606284
93.45,34.31680191931789,34.14582938431032,139.23576484787745,34.92235177032656,29.805037988586136,-1.5894581902646934,15.95995285723105,1.1899407623468505
93.5,33.63513941491938,34.73348253889825,140.32548328079042,34.906829357345096,29.780003922370543,-1.6498457836894502,15.966745689693308,1.1991336148891207
93.55000000000001,32.94242419122619,35.30806553452525,141.41457286930648,34.8906275405612,29.75661537265699,-1.7106346761006392,15.973115115841683,1.2077518684951372
93.60000000000001,32.23891297646341,35.86937825547766,142.5030063429437,34.873912385710895,29.73491605359831,-1.7717944939010337,15.979080427885863,1.2157778482237802
93.65,31.52486622332394,36.4172260758904,143.59076318451102,34.856841219131425,29.714970800794603,-1.8332942224508955,15.98473292156659,1.2231963560078896
93.7,30.800547915187778,36.95141985018842,144.67782926653598,34.83956476067879,29.69680392509736,-1.8951023198190668,15.990069240666267,1.2299945709972349
93.75,30.066225382102843,37.47177589887405,145.7641965740066,34.822224700994404,29.680460724442643,-1.9571868252613314,15.995155939883654,1.2361619473634278
93.80000000000001,29.322169125641782,37.978115989347984,146.8498628293422,34.80495584552642,29.665951139604843,-2.0195154637522563,15.99998136972642,1.2416901088452903
93.85000000000001,28.568652653435112,38.47026731375259,147.93483120459007,34.78788408081774,29.65329525047184,-2.0820557450112815,16.004574155639254,1.2465727698184992
93.9,27.805952322428737,38.94806246345879,149.01910995209641,34.77112773579303,29.64250740264801,-2.144775058363088,16.008960730338323,1.2508056251805044
93.95,27.034347191390623,39.41133940196928,150.1027120910716,34.75479771199696,29.633596617276357,-2.2076407621274043,16.013165959926866,1.254386267036125
94.0,26.254118881933632,39.859941436206626,151.18565510035583,34.738997633802626,29.626561391410025,-2.2706202683868284,16.01720030263297,1.257314075286331
94.05000000000001,25.46555144776043,40.29371718675233,152.26796061826795,34.72382361648887,29.62140125839668,-2.333681123202794,16.021087487262303,1.2595901251884811
94.10000000000001,24.668931251807418,40.712520557559905,153.3496541341775,34.709364876625145,29.61810306375912,-2.396791082363592,16.02483113321338,1.2612170963193137
94.15,23.864546851054257,41.11621070584814,154.43076470580974,34.69570331856329,29.61666231532812,-2.4599181825076712,16.028464627533786,1.2621991832159551
94.2,23.05268888848963,41.5046520123803,155.5113246609853,34.68291467547506,29.61705149207864,-2.5230308079983175,16.031976655530137,1.2625420028815881
94.25,22.23364999201266,41.877714052874616,156.59136934644604,34.67106730523246,29.619256927538387,-2.5860977532785583,16.03539632176657,1.2622525098129245
94.30000000000001,21.407724679602936,42.23527157037481,157.67093682921097,34.66022370682574,29.623243770378785,-2.6490882814175194,16.038712263398324,1.2613389056048163
94.35000000000001,20.575209270721434,42.577204449716454,158.75006766004512,34.65043942565096,29.62899367818172,-2.7119721780772963,16.04195745499498,1.2598105627792222
94.4,19.73640180316781,42.90339769363219,159.82880459378532,34.64176472940316,29.636463078409232,-2.7747198018471266,16.045115230520416,1.257677933195538
94.45,18.891601955288007,43.2137414015147,160.9071923780266,34.63424318290359,29.64562874986968,-2.837302130242513,16.04821988699458,1.2549524753966068
94.5,18.041110972750904,43.50813075020632,161.98527748523517,34.627913580544025,29.65644044646037,-2.8996908024144545,16.05125217055879,1.251646567907727
94.55000000000001,17.18523159983519,43.78646597797565,163.06310792335825,34.622808356680906,29.66887004046169,-2.961858157656849,16.054245718757542,1.247773443438831
94.60000000000001,16.324268014423314,44.0486523708238,164.14073298309572,34.618955619808105,29.682865855135564,-3.023777270917094,16.05718800542219,1.243347104847885
94.65,15.458525766648389,44.294600252330476,165.2182030675593,34.616377779474355,29.69838866797548,-3.0854219842926938,16.060097142147086,1.2383822652049048
94.7,14.588311720417975,44.52422497605005,166.29556946714322,34.615092842938715,29.715379238815313,-3.1467669357812227,16.062952824767564,1.2328942675119947
94.75,13.713933997701567,44.73744692149017,167.37288418692052,34.61511329978704,29.733801164891307,-3.207787584401771,16.06578559383815,1.2268990297705784
94.80000000000001,12.835701924980857,44.93419149306633,168.45019972945425,34.616448147294484,29.753598460620463,-3.268460232488465,16.068587811255874,1.2204129724109691
94.85000000000001,11.95392598166378,45.11438912287116,169.52756895925947,34.619101741103485,29.774723556677117,-3.328762044435422,16.071371512722607,1.2134529617338785
94.9,11.068917749805216,45.27797527614392,170.60504492114916,34.623074727930174,29.797126169530163,-3.3886710631518966,16.074144886916727,1.2060362389391344
94.95,10.18098986496381,45.42489046025048,171.68268069612822,34.628364116615884,29.8207469732739,-3.4481662234853445,16.076899405628215,1.198180374329496
95.0,9.290455967735355,45.55508023668127,172.7605292601101,34.63496289209146,29.84552957171586,-3.5072273631815136,16.079633827760862,1.1899032066689585
95.05000000000001,8.397630655644145,45.66849523608273,173.83864332699835,34.64286051206463,29.871421449653585,-3.565835231408272,16.082355476564874,1.1812227939233821
95.10000000000001,7.502829435107287,45.7650911766069,174.91707521157306,34.652043436178126,29.89837189734299,-3.623971494580786,16.085075580238694,1.1721573645351668
95.15,6.606368673103022,45.844828885294405,175.99587671344256,34.662495469118475,29.926330172294833,-3.681618739782351,16.08780529215067,1.1627252634502838
95.2,5.708565548211578,45.90767432216263,177.07509901453702,34.67419794791679,29.95522405015897,-3.738760476096431,16.090513706722664,1.1529449040313011
95.25,4.8097380007457575,45.95359860676869,178.1547925838396,34.687128383791226,29.985006716603557,-3.795381134048604,16.093219467712046,1.1428347262815919
95.30000000000001,3.910204681719628,45.98257804709861,179.23500702705851,34.70126255042068,30.01562909719441,-3.851466063259849,16.095935871321835,1.132413159043466
95.35000000000001,3.010284900432426,45.99459417159841,-179.68420898001094,34.71657444661881,30.047035958569584,-3.9070015274358028,16.098663344244834,1.1216985842249017
95.4,2.110298570343883,45.98963376297043,-178.60280776001065,34.73303598318672,30.079157605196592,-3.9619746979939947,16.101373682896078,1.1107092835190713
95.45,1.210566153059697,45.967688893684986,-177.52074271558257,34.750616099044564,30.111953671901002,-4.016373646290752,16.104093748992394,1.099463411163839
95.5,0.31140860023693073,45.92875696332218,-176.43796844705594,34.769283068534314,30.14537412398408,-4.070187334235541,16.10683016291448,1.0879789659351502
95.55000000000001,-0.5868527068275056,45.872840738209156,-175.35444077755812,34.7890038582093,30.179358940484097,-4.123405602719238,16.109569012509205,1.0762737588957805
95.60000000000001,-1.483896020069924,45.79994839178606,-174.27011680448896,34.809743506943214,30.21386331288159,-4.176019159302129,16.11232348927277,1.0643653696739364
95.65,-2.3793992901296943,45.71009354599432,-173.1849549764963,34.831466350224524,30.248874400604866,-4.2280195647444,16.115164648807575,1.0522711316578182
95.7,-3.2730402345999003,45.60329531395652,-172.09891512148232,34.854138353823124,30.284315384028748,-4.2793992179757225,16.118041033253256,1.0400081088454272
95.75,-4.164496409130191,45.4795783430438,-171.01195838061867,34.87772242740924,30.320125811871875,-4.3301513402691825,16.120930424684243,1.0275930646264442
95.80000000000001,-5.05344528123646,45.33897285673195,-169.92404733218606,34.90217981201371,30.35626738633677,-4.38026996009372,16.12384985262102,1.0150424458691987
95.85000000000001,-5.93956430725335,45.1815146980647,-168.83514605989475,34.92747178160822,30.392691251356446,-4.4297498956673,16.126794237993906,1.002372396490756
95.9,-6.822531012505326,45.00724537369443,-167.74522015277788,34.95355888659023,30.429342214089672,-4.478586736080615,16.129744455812972,0.9895987114715865
95.95,-7.70202307460844,44.81621209728005,-166.65423673608143,34.980400552840194,30.466179524100337,-4.526776822066026,16.132705733593244,0.9767368082663097
96.0,-8.577718410029071,44.608467832563676,-165.56216451883026,35.0,30.503164846689977,-4.57431722592802,16.135685103068525,0.9638017197082149
96.05000000000001,-9.44929526402734,44.38407133621295,-164.46929682213224,35.0,30.540514766214933,-4.621205730376559,16.138657634018664,0.9508080772398841
96.10000000000001,-10.316433662502515,44.14309208837217,-163.37642912543419,35.0,30.57888309211276,-4.667435737261442,16.14163266881643,0.9377700889707796
96.15,-11.178818130298254,43.88561776012824,-162.28356142873616,35.0,30.61826367441854,-4.712988385428119,16.14463678943926,0.9246001376976665
96.2,-12.036134921794147,43.61174202367248,-161.19069373203814,35.0,30.65865585142125,-4.757845031486482,16.147707705934657,0.9110529633335318
96.25,-12.888072135050079,43.32156451822156,-160.0978260353401,35.0,30.700042648722548,-4.801987259784447,16.15085442612242,0.8971329211672696
96.30000000000001,-13.734319825279815,43.01519081376761,-159.00495833864207,35.0,30.74240390974193,-4.8453968923664235,16.15408138730153,0.8828445659592887
96.35000000000001,-14.574570117612575,42.692732372670605,-157.91209064194405,35.0,30.785705296954443,-4.88805599890776,16.1573684071128,0.8681926516395322
96.4,-15.408517319101522,42.354306509107026,-156.819222945246,35.0,30.829929168817515,-4.929946906616173,16.160726959834452,0.853182130826724
96.45,-16.235858029938463,42.000036346389614,-155.72635524854797,35.0,30.875053419092385,-4.971052210090832,16.164161512931148,0.837818154168275
96.5,-17.05629125383427,41.63005077217363,-154.63348755184995,35.0,30.921037590901644,-5.011354781129739,16.167644208207438,0.8221060694931737
96.55000000000001,-17.869518507524873,41.24448439156603,-153.5406198551519,35.0,30.967871747676046,-5.050837778475689,16.17120384249871,0.8060514207781466
96.60000000000001,-18.675243929362974,40.84347747815454,-152.44775215845388,35.0,31.01551585868327,-5.08948465749112,16.174815379699265,0.789659946918988
96.65,-19.473174386956018,40.427175922974456,-151.35488446175586,35.0,31.063947961594295,-5.127279179751923,16.17848765356663,0.7729375803086214
96.7,-20.263019583811186,39.99573118143179,-150.26201676505784,35.0,31.113141718143904,-5.164205422550268,16.18222243017613,0.7558904452160675
96.75,-21.044492164948696,39.549300218202,-149.1691490683598,35.0,31.16305815454962,-5.2002477882961955,16.18599921897577,0.7385248559668867
96.80000000000001,-21.817307821444906,39.08804545012439,-148.07628137166176,35.0,31.213683982447936,-5.235391013807892,16.189845273407336,0.7208473149185579
96.85000000000001,-22.58118539386727,38.61213468711296,-146.98341367496374,35.0,31.26496857195553,-5.269620179480292,16.19372021342206,0.7028645102339226
96.9,-23.335846974563424,38.12174107110519,-145.8905459782657,35.0,31.31690236495568,-5.302920718321772,16.197659591064333,0.6845833134480017
96.95,-24.081018008767288,37.61704301307094,-144.79767828156767,35.0,31.36943905284218,-5.335278424848504,16.201632118951657,0.6660107768296086
97.0,-24.816427394485295,37.09822412810446,-143.70481058486965,35.0,31.422559188682317,-5.366679463826216,16.20565643780191,0.6471541305346307
97.05000000000001,-25.54180758112651,36.56547316862306,-142.6119428881716,35.0,31.476223901019917,-5.39711037884895,16.209715880748416,0.6280207795542481
97.10000000000001,-26.25689466684067,36.01898395569674,-141.51907519147358,35.0,31.53040686669302,-5.426558100744508,16.213817371071084,0.6086183004546797
97.15,-26.96142849452879,35.458955308533824,-140.42620749477555,35.0,31.585073029686964,-5.455009955796513,16.21795201384345,0.5889544379111555
97.2,-27.655152746491375,34.88559097214818,-139.3333397980775,35.0,31.640193938532665,-5.482453673772675,16.222123484774677,0.5690371010400952
97.25,-28.337815037679817,34.299099543234384,-138.24047210137948,35.0,31.69573440050676,-5.508877395749458,16.226323111713945,0.5488743595232393
97.30000000000001,-29.00916700751705,33.69969439427779,-137.14760440468146,35.0,31.751665957953144,-5.534269681723053,16.23055499739846,0.5284744395356711
97.35000000000001,-29.66896441025404,33.087593595927125,-136.0547367079834,35.0,31.807953157208093,-5.558619517996988,16.23481020083364,0.5078457194719022
97.4,-30.31696720382928,32.46301983765778,-134.9618690112854,35.0,31.864568409895675,-5.581916324336746,16.239094670940304,0.48699672547869
97.45,-30.952939637198902,31.82620034675481,-133.86900131458736,35.0,31.921473499285653,-5.604149960881983,16.243394167077028,0.4659361267951567
97.5,-31.576650336105697,31.17736680564492,-132.77613361788931,35.0,31.978645522089572,-5.625310734807236,16.247723545090277,0.444672730904756
97.55000000000001,-32.18787238725577,30.516755267607707,-131.6832659211913,35.0,32.03604068366387,-5.645389406722039,16.25205751830437,0.4232154785050568
97.60000000000001,-32.78638342087231,29.84460607089669,-130.59039822449327,35.0,32.093642633598215,-5.664377196801958,16.256423370819316,0.4015734382960545
97.65,-33.37196569159627,29.161163751301416,-129.49753052779522,35.0,32.15144674435127,-5.68226579064207,16.26087163659609,0.3797558015983782
97.7,-33.944406157704755,28.46667695318247,-128.4046628310972,35.0,32.20943357471231,-5.699047344824798,16.26542468108174,0.3577718768022464
97.75,-34.50349655861806,27.76139833901173,-127.31179513439916,35.0,32.26751147019577,-5.71471449219446,16.269962501359288,0.33563108365456173
97.80000000000001,-35.04903349066735,27.04558449745078,-126.21892743770114,35.0,32.325668456739976,-5.7292603468309835,16.27452014685522,0.3133429473932381
97.85000000000001,-35.58081848109529,26.31949585000093,-125.1260597410031,35.0,32.383860455409334,-5.742678508716004,16.279068846551606,0.2909170927304672
97.9,-36.0986580602628,25.58339655625883,-124.03319204430507,35.0,32.44206422332273,-5.754963068084436,16.283620506173712,0.26836323770041304
97.95,-36.60236383203554,24.83755441781208,-122.94032434760705,35.0,32.50024965823112,-5.7661086094555785,16.28817284591848,0.24569118736863516
98.0,-37.09175254232469,24.082240780809858,-121.84745665090901,35.0,32.558377281430836,-5.776110215337781,16.292703711916033,0.22291082742285084
98.05000000000001,-37.566646145756906,23.317730437244013,-120.75458895421097,35.0,32.61643440769548,-5.784963469601337,16.29724474919627,0.20003211764404227
98.10000000000001,-38.02687187044935,22.544301524976493,-119.66172125751295,35.0,32.6743666161061,-5.792664460514821,16.301741206623554,0.1770650852711242
98.15,-38.472262280866104,21.76223542654952,-118.56885356081492,35.0,32.732170113455105,-5.799209783440297,16.306241675484433,0.15401981826968836
98.2,-38.90265533873324,20.9718166668153,-117.47598586411688,35.0,32.789800443766204,-5.804596543183571,16.31070969594868,0.13090645850951432
98.25,-39.31789446199019,20.173332809422554,-116.38311816741886,35.0,32.847237653356736,-5.80882235599595,16.315158776569195,0.10773519486548366
98.30000000000001,-39.71782858175619,19.367074352197456,-115.29025047072082,35.0,32.9044557987448,-5.811885351224667,16.319589060090077,0.08451625624758208
98.35000000000001,-40.102312197290885,18.55333462145711,-114.19738277402278,35.0,32.96141665920064,-5.813784172609388,16.32397310446404,0.06125990457434227
98.4,-40.471205428929245,17.732409665293996,-113.10451507732476,35.0,33.0181118572038,-5.814517979223041,16.328346572992903,0.037976427694417225
98.45,-40.824374068971395,16.904598145870175,-112.01164738062673,35.0,33.07449444343719,-5.814086446055441,16.33266030498902,0.014676132273052644
98.5,-41.16168963050898,16.070201230760475,-110.91877968392869,35.0,33.13404559952423,-5.812489764238968,16.34472048698371,-0.008630663351993917
98.55000000000001,-41.483029394170224,15.229522483384203,-109.82591198723067,35.0,33.198953850671785,-5.8097286409158215,16.369789703339187,-0.03193363632945534
98.60000000000001,-41.788276452766645,14.38286775256518,-108.73304429053263,35.0,33.26316155026698,-5.805804298747212,16.394577100370444,-0.05522246646293638
98.65,-42.07731975382531,13.530545061260346,-107.6401765938346,35.0,33.326662493492265,-5.800718475065068,16.419115140138864,-0.0784868433721897
98.7,-42.35005413999099,12.672864494497388,-106.54730889713657,35.0,33.38938904685558,-5.794473420667636,16.44329145295725,-0.10171647364288106
98.75,-42.60638038728367,11.810138086562144,-105.45444120043854,35.0,33.45136731213906,-5.7870718982606135,16.467209509098044,-0.12490108794864341
98.80000000000001,-42.84620524119742,10.94267970747687,-104.3615735037405,35.0,33.51254354004106,-5.778517180546295,16.49078311501148,-0.14803044814044597
98.85000000000001,-43.069441450627416,10.070804948810624,-103.26870580704248,35.0,33.5729228079651,-5.7688130479634125,16.51406398182161,-0.17109435428636743
98.9,-43.276007799613,9.19483100886334,-102.17583811034444,35.0,33.63247752100504,-5.757963786081007,16.53702326195045,-0.19408265165765215
98.95,-43.46582913688493,8.315076577265353,-101.08297041364641,35.0,33.69117689514504,-5.745974182650208,16.559620241185566,-0.2169852376481174
99.0,-43.63883640320635,7.431861719034361,-99.99010271694839,35.0,33.74903477277899,-5.732849524318198,16.58192490101862,-0.23979206861596936
99.05000000000001,-43.794966656497316,6.545507758132004,-98.89723502025035,35.0,33.8060008386864,-5.718595593009049,16.603841383832606,-0.26249316664021194
99.10000000000001,-43.9341630947339,5.656337160562421,-97.80436732355231,35.0,33.86209881867254,-5.703218661976834,16.625463002274653,-0.28507862618297963
99.15,-44.0563750766134,4.764673417055327,-96.71149962685429,35.0,33.91728283266379,-5.686725491536556,16.64669857713076,-0.30753862064429427
99.2,-44.16155813997827,3.8708409253762763,-95.61863193015625,35.0,33.97156049266975,-5.669123324479038,16.667596180506575,-0.32986340880555076
99.25,-44.249674017991964,2.9751648723069337,-94.52576423345823,35.0,34.02492107318755,-5.650419881176305,16.68815373858641,-0.3520433411503632
99.30000000000001,-44.32069065306086,2.0779711153382996,-93.4328965367602,35.0,34.07734514728429,-5.630623354384433,16.70834220987637,-0.37406886605467093
99.35000000000001,-44.37458220849718,1.1795860641199183,-92.34002884006216,35.0,34.12892003935088,-5.609742403751021,16.728437838973985,-0.39593053583743654
99.4,-44.411329077918715,0.28033656170820354,-91.24716114336414,35.0,34.1796200162558,-5.5877861500350505,16.7484008564627,-0.41761901266824
99.45,-44.43091789238182,-0.619450234342911,-90.1542934466661,35.0,34.22938953866363,-5.5647641690470735,16.7680970737481,-0.4391250743194064
99.5,-44.433341525245226,-1.519446971005741,-89.06142574996807,35.0,34.278185031520835,-5.540686485318062,16.787417026917485,-0.4604396197595406
99.55000000000001,-44.41859909476276,-2.4193262188737368,-87.96855805327004,35.0,34.32603110128603,-5.515563565505417,16.80645330017085,-0.48155367458022624
99.60000000000001,-44.38669596440417,-3.318760591284155,-86.87569035657201,35.0,34.37289953917448,-5.489406311545181,16.825135954939167,-0.502458396252905
99.65,-44.3376437409038,-4.21742286342518,-85.78282265987397,35.0,34.41880578277839,-5.462226053559348,16.843528659557137,-0.5231450792047099
99.7,-44.271460270037956,-5.114986091384163,-84.68995496317595,35.0,34.46372072035098,-5.434034542527833,16.86155134830224,-0.5436051597166625
99.75,-44.18816963013237,-6.011123731093666,-83.59708726647791,35.0,34.50766627615306,-5.404843942734431,16.879286909231325,-0.5638302206303081
99.80000000000001,-44.08780212330225,-6.905509757132035,-82.50421956977988,35.0,34.55061789242301,-5.374666823996712,16.896663804619898,-0.5838119958680466
99.85000000000001,-43.97039426442798,-7.7978187813352875,-81.41135187308186,35.0,34.59258791712075,-5.343516153689549,16.913731525997107,-0.6035423747543689
99.9,-43.83598876787063,-8.687726171177157,-80.31848417638382,35.0,34.63356185331419,-5.311405288572381,16.930446101636928,-0.623013406143258
99.95,-43.68463453193191,-9.57490816787423,-79.22561647968578,35.0,34.67355378555137,-5.278347966430367,16.94686179367626,-0.6422173023433686
100.0,-43.51638662106443,-10.459042004173197,-78.13274878298776,35.0,34.7125406189382,-5.244358297539577,16.962897671389253,-0.6611464428402769
100.05000000000001,-43.331306245838576,-11.33980602177738,-77.03988108628972,35.0,34.75055013240457,-5.209450755966522,16.97865660905134,-0.6797933778157983
100.10000000000001,-43.12946074067343,-12.216879788369805,-75.94701338959169,35.0,34.787553227970236,-5.173640170712396,16.994028604169756,-0.6981508314611062
100.15,-42.91092353933966,-13.089944214190263,-74.85414569289367,35.0,34.823573553791306,-5.136941716712315,17.00910054121852,-0.7162117050825145
100.2,-42.6757741482435,-13.958681668123903,-73.76127799619563,35.0,34.858598612451615,-5.099370905699928,17.023819316768556,-0.7339690800016285
100.25,-42.42409811750133,-14.822776093259181,-72.6684102994976,35.0,34.89263585367439,-5.060943576947729,17.038207592656452,-0.7514162202477337
100.30000000000001,-42.15598700981559,-15.681913121873082,-71.57554260279957,35.0,34.925688480485064,-5.0216758878933305,17.052270454412348,-0.7685465750439846
100.35000000000001,-41.871538367163154,-16.5357801898018,-70.48267490610154,35.0,34.9577527038984,-4.981584304661965,17.06598157321342,-0.7853537810879629
100.4,-41.57085567530844,-17.38406665015526,-69.3898072094035,35.0,34.98884133212952,-4.940685592495264,17.07938381609733,-0.8018316646273149
100.45,-41.25404832615403,-18.226463886334102,-68.29693951270548,35.0,35.0,-4.8989968060965055,17.092415140362142,-0.8179742433340209
100.5,-40.92123157794265,-19.062665424308054,-67.20407181600744,35.0,35.0,-4.85653527990214,17.10513655902217,-0.8337757279751656
100.55000000000001,-40.57252651332485,-19.892367044114774,-66.1112041193094,35.0,35.0,-4.813318618289394,17.1175117092401,-0.8492305238873143
100.60000000000001,-40.20805999530771,-20.71526689053866,-65.01833642261138,35.0,35.0,-4.769364685729748,17.12954629708102,-0.8643332322549213
100.65,-39.827964621100556,-21.53106558292933,-63.92546872591335,35.0,35.0,-4.724691596897529,17.141271911644814,-0.8790786511929127
100.7,-39.432378673874595,-22.339466324119822,-62.83260102921532,35.0,35.0,-4.679317706743163,17.152625522152917,-0.8934617766443864
100.75,-39.02144607245381,-23.140175008404906,-61.73973333251729,35.0,35.0,-4.633261600540116,17.163662840701473,-0.9074778030873176
100.80000000000001,-38.59531631895565,-23.932900328540196,-60.64686563581925,35.0,35.0,-4.586542083914331,17.174379787981294,-0.9211221240609291
100.85000000000001,-38.15414444440036,-24.717353881723152,-59.553997939121224,35.0,35.0,-4.539178172865142,17.184728342036035,-0.9343903325157044
100.9,-37.69809095230887,-25.49325027451742,-58.461130242423195,35.0,35.0,-4.491189083785827,17.19476676809019,-0.947278220983776
100.95,-37.227321760309756,-26.260307226682315,-57.36826254572516,35.0,35.0,-4.442594223492314,17.204474799886814,-0.9597817815863152
101.0,-36.74200813977644,-27.018245673869714,-56.27539484902713,35.0,35.0,-4.393413179267874,17.21383400828813,-0.9718972058702491
101.05000000000001,-36.242326653516635,-27.766789869150923,-55.1825271523291,35.0,35.0,-4.343665708931638,17.222863594758188,-0.9836208844888006
101.10000000000001,-35.728459091536735,-28.505667483336676,-54.089659455631065,35.0,35.0,-4.293371730938503,17.2315748577832,-0.9949494067247144
101.15,-35.200592404904455,-29.234609704053696,-52.996791758933036,35.0,35.0,-4.242551314517463,17.239948520178487,-1.0058795598627057
101.2,-34.658918637733855,-29.953351333541796,-51.903924062235006,35.0,35.0,-4.1912246698556075,17.247975685268855,-1.0164083284207948
101.25,-34.1036348573174,-30.66163088513595,-50.81105636553698,35.0,35.0,-4.139412138334322,17.25568938929035,-1.0265328932371176
101.30000000000001,-33.534943082430594,-31.35919067839821,-49.71818866883894,35.0,35.0,-4.08713418282413,17.263082745932245,-1.0362506304257124
101.35000000000001,-32.95305020983513,-32.045776932864904,-48.62532097214091,35.0,35.0,-4.034411378044425,17.27312648944639,-1.0455591102038397
101.4,-32.35816793900746,-32.721139860374926,-47.53245327544288,35.0,35.0,-3.9812644009939433,17.283339442528895,-1.0544560955941051
101.45,-31.750512695119983,-33.385033755945635,-46.43958557874485,35.0,35.0,-3.92771402145749,17.293567476319886,-1.0629395410096265
101.5,-31.130305550303074,-34.037217087163214,-45.34671788204682,35.0,35.0,-3.8737810925943563,17.30378941252131,-1.0710075907290673
101.55000000000001,-30.497772143216395,-34.67745258205499,-44.25385018534879,35.0,35.0,-3.819486541613486,17.314028617827354,-1.0786585772626722
101.60000000000001,-29.853142596958918,-35.30550731541179,-43.16098248865075,35.0,35.0,-3.764851360540014,17.324271683057237,-1.0858910196174065
101.65,-29.196651435347427,-35.921152793528854,-42.06811479195272,35.0,35.0,-3.7098965970778934,17.33453244163064,-1.0927036214694397
101.7,-28.528537497593994,-36.52416503733457,-40.975247095254694,35.0,35.0,-3.6546433455725875,17.344845201626228,-1.0990952692424116
101.75,-27.849043851413462,-37.114324663876644,-39.88237939855666,35.0,35.0,-3.599112738078034,17.35520223000038,-1.1050650301061182
101.80000000000001,-27.158417704592548,-37.69141696613625,-38.78951170185863,35.0,35.0,-3.5433259355313993,17.365609751133068,-1.1106121498910682
101.85000000000001,-26.456910315052742,-38.255231991140946,-37.6966440051606,35.0,35.0,-3.487304119039095,17.376106264095817,-1.1157360509326963
101.9,-25.744776899439717,-38.805564616348036,-36.603776308462564,35.0,35.0,-3.431068481277265,17.386669226608774,-1.1204363298460862
101.95,-25.022276540272507,-39.34221462427057,-35.510908611764535,35.0,35.0,-3.3746402180096737,17.397288015416855,-1.124712755236601
102.0,-24.289672091686242,-39.86498677531882,-34.418040915066506,35.0,35.0,-3.3180405197255496,17.408012823593104,-1.128565265351824
102.05000000000001,-23.547230083802717,-40.37369087883075,-33.32517321836847,35.0,35.0,-3.2612905633999674,17.418839846328407,-1.131993965682483
102.10000000000001,-22.79522062576359,-40.86814186226561,-32.23230552167044,35.0,35.0,-3.2044115043789105,17.42977188065945,-1.1349991265116444
102.15,-22.03391730746151,-41.3481598385355,-31.13943782497241,35.0,35.0,-3.1474244683909376,17.44082967955518,-1.1375811804211367
102.2,-21.263597100004887,-41.81357017145042,-30.04657012827438,35.0,35.0,-3.0903505436872294,17.452025667930428,-1.139740719759459
102.25,-20.48454025495253,-42.264203539252975,-28.953702431576346,35.0,35.0,-3.0332107733115876,17.463357436081136,-1.141478494074164
102.30000000000001,-19.697030202354863,-42.6998959962196,-27.860834734878317,35.0,35.0,-2.976026147501628,17.474831927711637,-1.1427954075128355
102.35000000000001,-18.901353447638698,-43.120489032305976,-26.767967038180284,35.0,35.0,-2.9188175962223397,17.48648572250598,-1.143692516199195
102.4,-18.097799467373218,-43.52582963081482,-25.675099341482255,35.0,35.0,-2.861605981832902,17.49830203678924,-1.144171025585763
102.45,-17.286660603954978,-43.91577032406518,-24.582231644784223,35.0,35.0,-2.804412091887521,17.51029109182872,-1.1442322877887534
102.5,-16.46823195925031,-44.290169247042904,-23.48936394808619,35.0,35.0,-2.747256632070787,17.522477224793004,-1.1438777989076243
102.55000000000001,-15.64281128723378,-44.64889018901281,-22.39649625138816,35.0,35.0,-2.6901602192679874,17.53487352850528,-1.1431091963346773
102.60000000000001,-14.810698885661791,-44.991802643073754,-21.30362855469013,35.0,35.0,-2.6331433747705617,17.54747454173299,-1.1419282560559907
102.65,-13.97219748682073,-45.31878185363856,-20.210760857992096,35.0,35.0,-2.5762265176167247,17.560292544084145,-1.1403368899485145
102.7,-13.127612147389394,-45.6297088618216,-19.117893161294067,35.0,35.0,-2.5194299580672066,17.573375173550943,-1.1383371430767397
102.75,-12.277250137455779,-45.9244705487174,-18.025025464596034,35.0,35.0,-2.4627738912158463,17.586699618082445,-1.1359311909903624
102.80000000000001,-11.421420828728605,-46.202959676554684,-16.932157767898005,35.0,35.0,-2.4062783907346272,17.60027851677996,-1.1331213370272053
102.85000000000001,-10.560435581984251,-46.46507492771067,-15.839290071199972,35.0,35.0,-2.3499634027527136,17.614148903933266,-1.129910009624382
102.9,-9.694607633790035,-46.71072094157166,-14.746422374501941,35.0,35.0,-2.293848739868764,17.628317228500528,-1.1262997596382718
102.95,-8.824251982545064,-46.93980834922635,-13.653554677803909,35.0,35.0,-2.237954075295832,17.64277883890034,-1.1222932576789901
103.0,-7.949685273880114,-47.152253805979264,-12.560686981105878,35.0,35.0,-2.1822989371380146,17.657557811671435,-1.1178932914586426
103.05000000000001,-7.071225685458213,-47.347980021672576,-11.467819284407847,35.0,35.0,-2.1269027027977927,17.672674116518483,-1.1131027631563484
103.10000000000001,-6.18919281121787,-47.52691578880514,-10.374951587709816,35.0,35.0,-2.0717845935131223,17.688135451133267,-1.107924686804438
103.15,-5.303907545101035,-47.68899600843865,-9.282083891011784,35.0,35.0,-2.0169636690230135,17.7039806702463,-1.1023621856934085
103.2,-4.415691964308107,-47.83416171388137,-8.189216194313753,35.0,35.0,-1.9624588223605102,17.7202318116806,-1.0964184898021756
103.25,-3.5248692121224554,-47.96236009214093,-7.096348497615722,35.0,35.0,-1.9082887747715702,17.7368796401077,-1.0900969332500665
103.30000000000001,-2.631763380347092,-48.07354450313832,-6.00348080091769,35.0,35.0,-1.8544720707586748,17.753983701289556,-1.083400951778799
103.35000000000001,-1.736699391396256,-48.16767449667608,-4.910613104219659,35.0,35.0,-1.8010270732475533,17.771530073553073,-1.076334080257908
103.4,-0.8400028800848169,-48.24471582715456,-3.8177454075216275,35.0,35.0,-1.7479719588756737,17.78952273335743,-1.0688999502224306
103.45,0.057999924841504624,-48.30464046603089,-2.724877710823596,35.0,35.0,-1.6953247134007654,17.80806078743625,-1.061102287437592
103.5,0.9569823193919949,-48.347426612016086,-1.6320100141255651,35.0,35.0,-1.6431031272279597,17.827105696739228,-1.0529449094981658
103.55000000000001,1.8566172431897041,-48.373058699006606,-0.5391423174275337,35.0,35.0,-1.5913247910537436,17.846749921330286,-1.044431723456114
103.60000000000001,2.7565773984598616,-48.38152740174749,0.5537253792704976,35.0,35.0,-1.540007091625128,17.866960190250545,-1.0355667234843224
103.65,3.656535369104659,-48.372829639225,1.6465930759685288,35.0,35.0,-1.4891672076122973,17.88776917772507,-1.0263539885723105
103.7,4.556163739821081,-48.34696857578752,2.7394607726665603,35.0,35.0,-1.438822105592962,17.909263536664795,-1.0167976802566159
103.75,5.4551352152184425,-48.30395361999434,3.8323284693645916,35.0,35.0,-1.3889885361466625,17.93146496122898,-1.0069020403867057
103.80000000000001,6.353122738892313,-48.24380042119269,4.925196166062623,35.0,35.0,-1.3396830300572091,17.95441277935522,-0.9966713889259893
103.85000000000001,7.2497996124114765,-48.166530863824356,6.018063862760654,35.0,35.0,-1.2909218946214693,17.978092392878583,-0.9861101217890678
103.9,8.144839614174673,-48.07217305946384,7.1109315594586855,35.0,35.0,-1.2427212100626903,18.00264491443166,-0.9752227087147958
103.95,9.037917118093855,-47.96076133659105,8.203799256156717,35.0,35.0,-1.1950968260464592,18.028093973253366,-0.9640136911755803
104.0,9.92870721206079,-47.832336228102164,9.296666952854748,35.0,35.0,-1.1480643582975034,18.05444435933079,-0.9524876803246229
104.05000000000001,10.81688581615391,-47.686944456563346,10.389534649552779,35.0,34.983025209208456,-1.101639185315534,18.081816978565673,-0.9406493549791151
104.10000000000001,11.702129800542405,-47.52463891721246,11.48240234625081,34.99878751494346,34.95611862753463,-1.0558364451882056,18.110235226461324,-0.9285034596393871
104.15,12.584117103044655,-47.345478658715194,12.575220820967024,34.9957397372714,34.928635140228394,-1.010671032499367,18.13985976230519,-0.9160548025465687
104.2,13.462527014635578,-47.14952961631175,13.66791557469673,34.990946551768324,34.90062838317643,-0.9661568234831108,18.170628102696856,-0.9033082537767712
104.25,14.33704044745213,-46.9368649605191,14.760415773281425,34.98449525401176,34.872142926227916,-0.9223062775573752,18.20274449002428,-0.8902841803251249
104.30000000000001,15.207340122520172,-46.707564991970344,15.852654150001362,34.97647008774149,34.84322130115659,-0.8791304934333866,18.236406161479476,-0.8770109185147135
104.35000000000001,16.073110750923377,-46.461717032868954,16.944566887973366,34.96695231727114,34.813910873413185,-0.8366392640430504,18.271581178966677,-0.8635156824797718
104.4,16.934039208553326,-46.19941531567496,18.03609350421941,34.956020785567006,34.78424831168795,-0.7948411299481393,18.308543503984048,-0.8498245878067223
104.45,17.78981470452826,-45.92076086929225,19.127176755235492,34.94375132314707,34.75427030773591,-0.7537434312396414,18.347502284298287,-0.8359626818982235
104.5,18.640128943275496,-45.62586140272151,20.2177625175613,34.930216964903416,34.724014605934705,-0.7133523582472776,18.388580601511766,-0.8219539741699577
104.55000000000001,19.484676280494522,-45.31483118683204,21.307799676252916,34.915488224977075,34.69351249977985,-0.6736730006505454,18.432059592542696,-0.8078214598472755
104.60000000000001,20.32315387309096,-44.98779093439561,22.397240023707838,34.89963281603442,34.66279545002482,-0.6347093951000815,18.478168166275257,-0.7935871519346449
104.65,21.155261823151672,-44.64486767848293,23.486038146421464,34.88271586131945,34.63278275845757,-0.5964645714970231,18.499999999999996,-0.7792721110092771
104.7,21.980703316161332,-44.28619464964192,24.574151319745436,34.864863496829315,34.60345458131299,-0.5589405977270872,18.500000000000007,-0.7648964720611673
104.75,22.799184753561825,-43.91191115196827,25.661541975671323,34.84619143143529,34.574132783417156,-0.5221386229618759,18.5,-0.7504794753987198
104.80000000000001,23.61041586230024,-43.52216240185476,26.748177274968324,34.82675867086256,34.54484437670592,-0.4860589598830387,18.5,-0.736039495304226
104.85000000000001,24.414109797866107,-43.11709937227214,27.834026808506202,34.80662193556566,34.51561508473604,-0.4507011603529065,18.5,-0.7215932615767429
104.9,25.209983255318743,-42.696878668686054,28.91906250210754,34.78583573193497,34.48646938261193,-0.4160640551604686,18.500000000000004,-0.7071559906026437
104.95,25.997756575279556,-42.26166240479198,30.00325852408882,34.764452421269034,34.457430535546486,-0.38214579242569613,18.5,-0.692742103848758
105.0,26.777153845036725,-41.81161807820284,31.08659119544695,34.74252228657457,34.42852063614505,-0.3489438746942284,18.5,-0.67836525469545
105.05000000000001,27.547902994909666,-41.34691844621445,32.16903890264538,34.72009359725817,34.39976064049382,-0.31645519475424777,18.5,-0.6640383546293549
105.10000000000001,28.309735890020267,-40.86774140176491,33.25058201295183,34.697212671775006,34.37117040312864,-0.2846760702071762,18.5,-0.6497735987996123
105.15,29.062388417617182,-40.37426984969532,34.33120279227808,34.67392393830026,34.34276871095298,-0.25360227682344316,18.500000000000004,-0.6355824909414309
105.2,29.805600570098267,-39.86669158341076,35.41088532547115,34.650269993489744,34.31457331616972,-0.22322908071439684,18.5,-0.6214758676746612
105.25,30.539116523874867,-39.345199162032266,36.48961543900445,34.62629165939545,34.28660096828451,-0.19355126935075617,18.5,-0.6074639221809264
105.30000000000001,31.262684714219947,-38.80998978812263,37.56738062601614,34.602028038601816,34.258867445235296,-0.16456318145787208,18.5,-0.5935562272728134
105.35000000000001,31.97605790624003,-38.261265186061564,38.644169973642576,34.577516567647066,34.231387583696744,-0.1362587358174423,18.499999999999996,-0.5797617578576819
105.4,32.67899326210871,-37.699231481138305,39.71997409259401,34.55279306879347,34.204175308604846,-0.10863145900489712,18.500000000000007,-0.5660889128085955
105.45,33.371252404697074,-37.124099079423,40.79478504891968,34.52789180020857,34.17724366194255,-0.081674512091098,18.5,-0.5525455362509035
105.5,34.05260147773365,-36.53608254847153,41.86859629791033,34.50284550461814,34.150604830824165,-0.055380716336678404,18.5,-0.5391389382759826
105.55000000000001,34.722811202623795,-35.9354004989123,42.941402620085775,34.47768545649,34.124270174912155,-0.029742577906574752,18.5,-0.5258759150883918
105.60000000000001,35.38165693205534,-35.3222754669573,44.013200059216246,34.452441507805865,34.09825025319767,-0.0047523116319254655,18.5,-0.512762768602073
105.65,36.02891870051427,-34.69693379787437,45.08398586232667,34.42714213247671,34.07255485017249,0.0195981361540305,18.500000000000004,-0.49980532549298573
105.7,36.664381271830905,-34.05960553045197,46.1537584216337,34.40181446945498,34.147344212524594,0.043317065680000155,15.994993742177721,0.29691649044210067
105.75,37.28783418387385,-33.410524282482825,47.222517218366214,34.38363802253138,34.12238392906593,0.06641300267521189,15.990771248286928,0.47437859051939313
105.80000000000001,37.89907179050523,-32.74992713728801,48.290548864609924,34.36497701585528,34.0975403562687,0.08889467815738783,15.98630192122094,0.4619187399042346
105.85000000000001,38.49788994602498,-32.07805154119903,49.357834303874796,34.34587439731338,34.072821343781456,0.11076651754663658,15.981894995560982,0.4496335096435189
105.9,39.08408947655035,-31.395138581582774,50.4243562214041,34.32637060777539,34.04824543029919,0.13203343938665313,15.97760587223644,0.43743678778497497
105.95,39.65747622743314,-30.7014328558517,51.490098941449816,34.30650452366995,34.02383177274121,0.15270082589565703,15.973454680677664,0.425338436800331
106.0,40.217861107537864,-29.997182342078357,52.5550483622493,34.28631361288932,33.9995989723023,0.17277449502971365,15.969452196723903,0.4133477301800781
106.05000000000001,40.76506013010716,-29.282638270869864,53.61919189723306,34.26583399570453,33.97557068099961,0.19226067347300102,15.965479335928865,0.4014733826811323
106.10000000000001,41.29889445028841,-28.5580549985011,54.682518418678995,34.24510090179704,33.95176443649657,0.21116597046394503,15.961527505400694,0.38972356886574744
106.15,41.81919039943525,-27.82368988134112,55.745018219617286,34.22414829713272,33.92818864464431,0.22949735242491442,15.957765452935586,0.3781059398188802
106.2,42.32577951608888,-27.079803151463448,56.80668296087049,34.203008321954975,33.90485871953304,0.24726211811523768,15.95419129882912,0.3666276392193879
106.25,42.81849857395732,-26.32665779363852,57.86750559576796,34.18171192178198,33.88179402978623,0.26446787454666065,15.950697355409545,0.3552953138064652
106.30000000000001,43.2971896073269,-25.564519423936822,58.92748032010274,34.16028921521086,33.859010891870504,0.28112251401771715,15.947222076415029,0.3441151286284594
106.35000000000001,43.76169993372237,-24.793656169739315,59.986602536798024,34.13876933497226,33.83622870356148,0.2972341918758872,15.950249769667902,0.33309278942112996
106.4,44.2118821737453,-24.014338551070306,61.044868814303705,34.11715928987149,33.81212991189232,0.31281130478159724,15.98961859404729,0.3222335571634005
106.45,44.647594268292224,-23.226839363346574,62.10227600496008,34.09537147715869,33.78857450363172,0.32786246957788734,16.02470186183489,0.31154225811420133
106.5,45.06869950493389,-22.431433567747266,63.158817486138894,34.07345740762105,33.76553874536663,0.3423965159614468,16.056245850807663,0.3010232959258019
106.55000000000001,45.47506659457117,-21.628398208339146,64.21448869065573,34.051463217460025,33.743009057862444,0.35642253813480096,16.084756386690813,0.2906809276711897
106.60000000000001,45.86656966989733,-20.818012286688134,65.2692868892957,34.02943077748877,33.72097249490536,0.36994985953672455,16.110711503257164,0.2805204434670827
106.65,46.24308828332707,-20.000556640343362,66.32321101785115,34.007398043018526,33.69943198465456,0.38298800094298,16.13419996083574,0.27054642803847173
106.7,46.60450740406081,-19.176313824682804,67.37626151845564,33.9854004674211,33.67836905859234,0.3955466512456809,16.155798409925808,0.26076282812510954
106.75,46.95071741433617,-18.345567997859018,68.42844023733096,33.963469652504756,33.657784379891616,0.40763564069354885,16.17561493980926,0.2511730060540174
106.80000000000001,47.28161410427682,-17.508604808354054,69.47975026936142,33.941634990175245,33.63767048841584,0.41926491571319247,16.19393584832704,0.2417797889573592
106.85000000000001,47.59709866630611,-16.665711285350593,70.5301958680628,33.91992324004958,33.618028971508465,0.43044451615255497,16.21080923835385,0.2325855003928723
106.9,47.89707768836434,-15.817175731396024,71.57978233909805,33.898359363725206,33.59885720966357,0.44118455392450784,16.22636766861317,0.22359200878725005
106.95,48.18146314633111,-14.963287617357052,72.62851596708045,33.8769663527208,33.58014518851325,0.4514951933142797,16.240916741364558,0.2148007554390574
107.0,48.450172395310126,-14.104337479390283,73.67640393579643,33.85576484099169,33.56189098348746,0.4613866324321805,16.254545603239947,0.20621278779543672
107.05000000000001,48.70312816000551,-13.240616817887172,74.72345423335867,33.834773851169956,33.54410102429671,0.47086908591963805,16.26710790659408,0.19782878235801604
107.10000000000001,48.940258524543786,-12.37241799836831,75.7696755870945,33.81401150639329,33.52676471339228,0.4799527691491505,16.278883901638423,0.18964906974915152
107.15,49.161496921413494,-11.500034154094172,76.81507742672123,33.7934938783218,33.50987880580941,0.4886478834547603,16.28995129625007,0.18167366459024947
107.2,49.36678211919293,-10.623759090217163,77.85966980221221,33.77323565885663,33.493442799885266,0.49696460195244896,16.30029954410238,0.17390228611219527
107.25,49.55605820984751,-9.743887189593828,78.90346332837863,33.75325045464438,33.47745037266265,0.5049130566653375,16.310062197403717,0.16633436995377338
107.30000000000001,49.72927459528276,-8.860713320066006,79.94646914122387,33.73355044878855,33.46189889227588,0.5125033265371854,16.319260646345207,0.1589690942577704
107.35000000000001,49.88638597305182,-7.9745327431091955,80.98869884110938,33.7141467661805,33.446787161356255,0.5197454261521628,16.327861981332326,0.1518053974369593
107.4,50.027352321493446,-7.0856410238278,82.03016445046717,33.69504965155019,33.4321074578843,0.5266492953707242,16.336005225217846,0.14484199229954697
107.45,50.152138884144605,-6.194333942187747,83.07087837864543,33.676268066288344,33.41785654924955,0.5332247896556552,16.343692588008622,0.13807738437122907
107.5,50.260716153377345,-5.300907405417117,84.11085337100214,33.657810100785575,33.404031819258975,0.5394816709785033,16.350895800188077,0.13150988569861966
107.55000000000001,50.353059853560836,-4.405657361554274,85.15010247434924,33.639683080676534,33.390621825454055,0.5454295995562504,16.357837070726543,0.12513762645696147
107.60000000000001,50.42915092354617,-3.508879714047108,86.18863900667084,33.62189299101778,33.37762573547475,0.5510781261631337,16.364417865200615,0.11895857155494127
107.65,50.488975498452604,-2.610870237350306,87.22647650430604,33.60444532990756,33.36504083370551,0.5564366849526792,16.37058203372652,0.11297053213766617
107.7,50.532524891150125,-1.7119244934949402,88.26362870278136,33.587345008750276,33.352860820847354,0.5615145871455738,16.376372020825688,0.10717117579090996
107.75,50.55979557294924,-0.8123377495317963,89.30010951378435,33.57059613818578,33.34107747401683,0.5663210150563742,16.381883687203672,0.10155804385789224
107.80000000000001,50.57078915359082,0.0875951041771218,90.33593299379787,33.554201947888,33.329684970528646,0.5708650165212745,16.38713277792244,0.09612855821600874
107.85000000000001,50.56551236069671,0.9875796348534843,91.37111330966324,33.53816502093376,33.31867523862912,0.5751554998593065,16.39220041370323,0.0908800292980061
107.9,50.543977018756145,1.8873219474338714,92.40566471340875,33.52248717934057,33.30804427529954,0.5792012294165758,16.39703165560985,0.08580966676063895
107.95,50.50620002752561,2.7865287639858636,93.43960151264716,33.507169829051925,33.29778773795057,0.5830108215490526,16.401573316630202,0.0809145911453868
108.0,50.45220333993121,3.6849075024524596,94.4729380545496,33.49221396540183,33.28789870116101,0.5865927411146785,16.40584972924071,0.0761918426495356
108.05000000000001,50.38201393927732,4.582166354755321,95.50568871006648,33.477620017956056,33.278369203125564,0.5899552982623817,16.4099157512966,0.07163839131251848
108.10000000000001,50.29566381577241,5.4780143642807575,96.537867852103,33.463387816896734,33.26919214363918,0.5931066455150997,16.413794167081754,0.06725114295406343
108.15,50.19318994247907,6.372161502783287,97.56948983241745,33.44951669737834,33.26036071887258,0.5960547752424645,16.4174939146289,0.0630269450543608
108.2,50.074634250717935,7.264318746743699,98.6005689626399,33.4360055560565,33.25186803591809,0.5988075175439818,16.421023325588585,0.05896259454729602
108.25,49.94004360486795,8.15419815320824,99.63111949753014,33.42285287604661,33.243707125028024,0.601372538478607,16.424390179437218,0.055054846030344606
108.30000000000001,49.78946977653359,9.041512935132182,100.66115561923401,33.41005675097386,33.23587095621556,0.6037573386059449,16.427601582532706,0.0513004186925059
108.35000000000001,49.62296941806697,9.925977536249992,101.69069142249852,33.39761490849112,33.2283524366632,0.6059692518239359,16.430664513702833,0.047696002546757654
108.4,49.440604035432045,10.807307705492153,102.71974090082144,33.38552473193199,33.221144431417656,0.6080154444883306,16.43358553041179,0.04423826435981937
108.45,49.24243996039685,11.685220570966539,103.74831793345895,33.37378328189525,33.21423977894639,0.6099029147994699,16.436370624206845,0.04092385328789305
108.5,49.02854832203969,12.559434713520233,104.77643627328644,33.3623873173989,33.20763214232061,0.6116384924431983,16.43899369963735,0.037749406222786774
108.55000000000001,48.79900501755396,13.429670239895575,105.80410953549139,33.351333376321875,33.201313753363344,0.6132288384725868,16.441480814228314,0.03471155287456895
108.60000000000001,48.553890682335705,14.295648855492123,106.83135118941179,33.3406176889677,33.19527706671611,0.6146804454176049,16.44384997406927,0.03180692058776913
108.65,48.2932906593022,15.157093936733485,107.85817454699985,33.33023621594973,33.18951489485897,0.6159996375731822,16.44610587280959,0.02903213890036227
108.7,48.017294967487956,16.013730603062903,108.88459275276644,33.320184693014674,33.18402006593514,0.6171925715187925,16.448252961122773,0.026383843111545957
108.75,47.7259982698894,16.865285788572436,109.91061877547386,33.31045864822328,33.17878543201793,0.6182652368461703,16.45029546547718,0.023858678912205278
108.80000000000001,47.41949984052531,17.711488313265754,110.93626540049533,33.301053418494334,33.17380387696876,0.61922345706747,16.452237405340544,0.021453306547556394
108.85000000000001,47.09790353069599,18.552068953956557,111.96154522281444,33.29196416552822,33.169068323889064,0.6200728906933151,16.45408260906858,0.019164404425993098
108.9,46.761317734424395,19.38676051480297,112.98647064063947,33.28318589112542,33.16457174217881,0.6208190324703935,16.45583472835943,0.01698867251690217
108.95,46.409855353062426,20.215297897476418,114.01105384960748,33.27471345191495,33.16030715420776,0.6214672147685931,16.457497251415,0.014922835541568702
109.0,46.04363375904574,21.03741817096192,115.0353068375534,33.2665415735073,33.156267641606554,0.6220226091081358,16.459073514932435,0.012963645963992576
109.05000000000001,45.66277475878094,21.852860640984975,116.05924137982177,33.258664864085816,33.152446351184686,0.6224902278174369,16.460566715033945,0.011107886790853172
109.10000000000001,45.267404554649126,22.661366919058786,117.08286903509752,33.25107782745002,33.14883650048374,0.622874925812738,16.461979917233858,0.009352374186022416
109.15,44.85765370611031,23.46268099114396,118.1062011417339,33.243774875523854,33.14543138297398,0.6231814024908999,16.463316065530957,0.007693959906021064
109.2,44.433657089893735,24.256549285911355,119.12924881455653,33.23675034034172,33.14222437290268,0.6234142037270161,16.464577990704576,0.00612953356323942
109.25,43.99555385925956,25.042720742597428,120.15202294212173,33.229998485524646,33.13920892980403,0.6235777239689781,16.46576841788572,0.004656024722322627
109.30000000000001,43.543487402318114,25.820946878439965,121.1745341844097,33.22351351725889,33.136378602678924,0.6236762084210454,16.466889973464333,0.0032704048392417917
109.35000000000001,43.07760529939349,26.59098185568095,122.19679297093252,33.21728959478889,33.13372703385442,0.6237137553092538,16.467945191396417,0.001969689041345646
109.4,42.598059279419,27.35258254812196,123.21880949923805,33.21132084043643,33.13124796253242,0.6236943182213892,16.468936518954948,0.0007509377641667925
109.45,42.10500517535277,28.10550860721638,124.24059373379018,33.20560134915757,33.128902843146854,0.6236217085146691,16.471296371555546,-0.0003887417572912
109.5,41.598602878602605,28.849522527681685,125.26215540520866,33.20012288444252,33.12666271928973,0.6234995977846012,16.476073693200448,-0.0014521941344014522
109.55000000000001,41.079016292449886,29.584389712613874,126.28350391985317,33.194875729788755,33.12458426875104,0.6233315203886676,16.48051795572766,-0.0024422146013591828
109.60000000000001,40.54641328560305,30.30987853892184,127.30464830257134,33.18985491114321,33.122661352100636,0.6231208774323065,16.48464360541526,-0.0033615479186721586
109.65,40.00096564537141,31.025760422870395,128.32559738149408,33.18505537121159,33.12088794869089,0.6228709416952611,16.48846433943736,-0.004212859127221691
109.7,39.442849027408805,31.73180988342821,129.3463597850273,33.18047198388869,33.11925816018537,0.6225848596947472,16.49199306825274,-0.004998714740906962
109.75,38.872242904491614,32.42780460502415,130.36694393939635,33.17609956790987,33.117766206417514,0.6222656538348161,16.49524221333249,-0.005721640010278861
109.80000000000001,38.28933051432092,33.11352549969303,131.3873580667129,33.17193289923185,33.11640642695765,0.6219162246326704,16.498223736671466,-0.0063841171986211975
109.85000000000001,37.69429880634004,33.78875676859085,132.40761018351344,33.167966722640834,33.115173282442996,0.6215393530129845,16.500949167769235,-0.006988584042915136
109.9,37.087338387559974,34.453285962858736,133.42770809974112,33.164195762626704,33.11406135567874,0.6211377026622955,16.503429628315615,-0.007537432393718291
109.95,36.46864346738665,35.10690404381406,134.44765941814038,33.160614733558994,33.11306535252122,0.6207138224356825,16.50567585473061,-0.00803300701377907
110.0,35.83841180144502,35.749405442446346,135.4674715340384,33.15721834919915,33.112180102551406,0.6202701488086291,16.507698218765483,-0.008477604532259875
110.05000000000001,35.196844634396385,36.380588118194964,136.48715163548732,33.154001331581455,33.11140055954911,0.6198090083673264,16.509506746307657,-0.00887347254106885
110.10000000000001,34.54414664174644,37.00025361698501,137.50670670374234,33.15095841929343,33.110721801776535,0.61933262033088,16.511111134544272,-0.009222808826052642
110.15,33.88052587064295,37.60820712849721,138.52614351405347,33.14808437518508,33.110139032081044,0.6188430990995144,16.51252076763901,-0.009527760728929024
110.2,33.20619367966313,38.204257542647184,139.54546863674767,33.1453739935348,33.10964757782586,0.6183424568230365,16.51374473102555,-0.009790424627311722
110.25,32.52136467759192,38.7882175052492,140.56468843858121,33.142822106698446,33.10924289065842,0.6178326059842618,16.5147918244517,-0.010012845529558945
110.30000000000001,31.826256661193817,39.35990347283901,141.58380908434253,33.140423591267016,33.10892054612458,0.617315361992361,16.51567057387149,-0.010197016775492784
110.35000000000001,31.121090551981933,39.91913576663021,142.60283653868598,33.13817337375684,33.108676243137836,0.6167924457814138,16.516389242291307,-0.010344879838015686
110.4,30.406090331989226,40.465738625578446,143.62177656817934,33.13606643585548,33.1085058033119,0.6162654864098016,16.51695583965911,-0.010458324218944881
110.45,29.681482978548058,40.99954025852742,144.64063474354765,33.13409781924523,33.10840517016495,0.6157360236562042,16.517378131877322,-0.01053918743224358
110.5,28.947498398085372,41.520372895410915,145.65941644209724,33.13226263002521,33.10837040820335,0.6152055106084546,16.51766364903078,-0.010589255071948855
110.55000000000001,28.204369358941943,42.02807283748474,146.67812685030475,33.13055604275222,33.10839770189312,0.6146753162414953,16.517819692882565,-0.010610260954990736
110.60000000000001,27.452331423225314,42.52248050656267,147.69677096655695,33.12897330411943,33.1084833545259,0.614146727981165,16.51785334372907,-0.010603887339186713
110.65,26.691622877707108,43.00344049323056,148.7153536040268,33.12750973629132,33.108623786987316,0.6136209542506421,16.51777146665507,-0.010571765206606187
110.7,25.92248466377652,43.47080160401286,149.73387939367348,33.126160739912464,33.10881553643449,0.6130991269965236,16.517580717259108,-0.010515474610457431
110.75,25.14516030646288,43.92441690746607,150.75235278735357,33.12492179680689,33.10905525488905,0.6125823041919816,16.517287546909053,-0.010436545082370685
110.80000000000001,24.3598958425412,44.364143779173716,151.7707780610318,33.123788472384184,33.10933970775286,0.6120714723143266,16.516898207555506,-0.010336456090840329
110.85000000000001,23.56693974773562,44.789843945617996,152.78915931808027,33.12275641776766,33.10966577225175,0.6115675487947527,16.516418756177572,-0.010216637553099872
110.9,22.76654286303676,45.20138352690315,153.80750049265555,33.12182137165938,33.11003043581403,0.6110713844380271,16.515855058881158,-0.010078470391476912
110.95,21.95895832014982,45.598633078306406,154.82580535314392,33.120979161956136,33.110430794388456,0.6105837658102473,16.515212794707526,-0.009923287134512293
111.0,21.144441466091305,45.981467630632366,155.84407750566518,33.120225707129876,33.11086405070813,0.6101054175927771,16.514497459171814,-0.009752372555595912
111.05000000000001,20.323249786953188,46.349766729347415,156.862320397626,33.11955701738546,33.11132751250473,0.6096370049006907,16.513714367582125,-0.009566964349403406
111.10000000000001,19.495642830854084,46.70341447247096,157.88053732131482,33.118969195608265,33.11181859067818,0.6091791355643537,16.512868658164823,-0.009368253841728347
111.15,18.661882130098032,47.04229954720098,158.89873141753017,33.118458438113265,33.11233479742673,0.6087323623725851,16.511965295011674,-0.009157386726741379
111.2,17.822231122562158,47.36631526525181,159.91690567923487,33.11802103520708,33.112873744341435,0.6082971852763421,16.511009070904954,-0.008935463835371138
111.25,16.97695507233542,47.67535959688254,160.935062955229,33.117653371573816,33.11343314046982,0.6078740535517397,16.51000461001227,-0.008703541924859337
111.30000000000001,16.126320989631296,47.96933520359526,161.9532059538356,33.11735192649496,33.114010790352246,0.6074633679213974,16.508956370496243,-0.008462634492047982
111.35000000000001,15.270597549998092,48.248149469482634,162.971337246592,33.11711327391333,33.114604592035164,0.6070654826334021,16.507868647054586,-0.008213712606846002
111.4,14.410055012851215,48.51171453120519,163.98945927194146,33.11693408235061,33.11521253506501,0.6066807074969418,16.506745573391854,-0.00795770575990673
111.45,13.544965139352444,48.7599473065792,165.0075743389198,33.11681111468735,33.11583269846559,0.6063093098741277,16.505591124670914,-0.0076955027292058276
111.5,12.675601109661873,48.992769521756735,166.02568463083136,33.116741227814366,33.116463248703035,0.6059515166273428,16.504409119926006,-0.007427952456282583
111.55000000000001,11.802237439588826,49.210107736980234,167.04379220890945,33.11672137216356,33.117102437640916,0.6056075160217205,16.503203224475747,-0.007155864935697309
111.60000000000001,10.925149896668612,49.411893370894504,168.06189901595755,33.11674859112623,33.117748600488575,0.6052774595824744,16.501976952331976,-0.0068800121124468205
111.65,10.044615415692563,49.5980627233998,169.08000687996613,33.1168200203664,33.11840015374571,0.6049614639065766,16.500733668611534,-0.006601128784922139
111.7,9.160912013719292,49.76855699703052,170.0981175177016,33.11693288703635,33.1190555931454,0.6046596124287973,16.499476591987893,-0.006319913517955911
111.75,8.274318704595629,49.92332231684459,171.1162325382636,33.117084508901286,33.11971349159851,0.604371957141943,16.498208797149665,-0.006037029555585605
111.80000000000001,7.385115413016132,50.06230974880946,172.1343534466075,33.117272293379656,33.12037249714181,0.6040985202711724,16.496933217295187,-0.005753105737085207
111.85000000000001,6.493582888150528,50.18547531667143,173.1524816470285,33.11749373650552,33.12103133089177,0.603839295902425,16.495652646670436,-0.005468737415412761
111.9,5.600002616868798,50.29278001729572,174.1706184466047,33.11774642181883,33.12168878500629,0.6035942515651413,16.494369743145864,-0.005184487374947366
111.95,4.704656736594042,50.38418983446555,175.18876505859626,33.11802801918936,33.12234372065673,0.6033633297693157,16.493087030827553,-0.004900886745673461
112.0,3.8078279478135704,50.45967575112921,176.20692260579875,33.118336283579886,33.12299506601159,0.6031464494970677,16.491806902722338,-0.004618435916512453
112.05000000000001,2.9097994262789877,50.51921376008493,177.22509212384728,33.11866905375357,33.12364181423362,0.6029435076491225,16.490531623449776,-0.004337605444959536
112.10000000000001,2.0108547349263253,50.5627848730942,178.24327456447037,33.11902425093072,33.12428302149327,0.6027543804463207,16.48926333198701,-0.0040588369589045215
112.15,1.11127773554754,50.5903751284149,179.26147079869142,33.11939987739948,33.12491780499778,0.6025789247866697,16.488004044475215,-0.0037825440560368406
112.2,0.2113525002449127,50.60197559674643,-179.7203183800246,33.11979401508507,33.1255453410401,0.6024169795582068,16.486755657054598,-0.0035091131930187203
112.25,-0.6886367772999069,50.597582385579884,-178.7020922526796,33.12020482408186,33.126164863066776,0.6022683669081559,16.485519948752323,-0.0032389045692582386
112.30000000000001,-1.588405870710287,50.577196641947076,-177.68385017170877,33.12063054115221,33.12677565976745,0.6021328934689194,16.484298584405025,-0.0029722530010189985
112.35000000000001,-2.4876706099203685,50.54082455356293,-176.66559155800465,33.12106947819616,33.12737707318701,0.6020103515412814,16.483093117611137,-0.0027094687847295518
112.4,-3.3861469702699907,50.48847734835677,-175.64731589800147,33.121520020695506,33.12796849686129,0.6019005202354322,16.48190499372817,-0.00245083855276107
112.45,-4.2835511616565025,50.42017129238864,-174.62902274081935,33.12198062613592,33.12854937397737,0.6018031665704555,16.480735552892657,-0.00219662611698368
112.5,-5.179599717711088,50.33592768614762,-173.6107116954704,33.12244982241032,33.12911919556021,0.6017180465327243,16.479586033058837,-0.0019470732995330309
112.55000000000001,-6.074009584967201,50.23577285922998,-172.59238242812623,33.122926206206735,33.129677498685545,0.6016449060939237,16.47845757307228,-0.0017024007546240227
112.60000000000001,-6.966498211988658,50.1197381633957,-171.57403465944864,33.12340844138379,33.13022386472081,0.6015834821894188,16.47735121575157,-0.0014628087760115704
112.65,-7.856783638424958,49.98785996400272,-170.5556681619829,33.123895257336436,33.13075791759459,0.601533503657457,16.47626791097541,-0.001228478090098406
112.7,-8.744584583961394,49.840179629819026,-169.5372827576147,33.124385447354875,33.1312793220951,0.6014946921401005,16.475208518793846,-0.0009995706392373904
112.75,-9.629620537131581,49.67674352121344,-168.51887831509063,33.124877866979176,33.13178778219901,0.6014667629463872,16.474173812522995,-0.0007762303471281484
112.80000000000001,-10.511611843960074,49.4976029767268,-167.50045474760253,33.12537143235202,33.13228303943061,0.6014494258786627,16.47316448185714,-0.0005585838742661053
112.85000000000001,-11.390279796402837,49.3028142980259,-166.4820120104357,33.125865118571916,33.13276487125255,0.6014423860226543,16.472181135953484,-0.0003467413544910869
112.9,-12.265346720553435,49.09243873324327,-165.46355009868103,33.126357958049105,33.13323308948794,0.6014453445021175,16.47122430652096,-0.00014079712016723533
112.95,-13.136536064582925,48.86654245870678,-164.4450690450105,33.12684903886616,33.13368271238041,0.6014579991988,16.47051967228042,5.916958926377447e-05
113.0,-14.003572486381575,48.62519655906356,-163.42656891751693,33.1273371584029,33.13410741827171,0.6014800454384925,16.470355506724946,0.00025309393365091637
113.05000000000001,-14.866181940870689,48.368477005803605,-162.40804983100645,33.12782074839353,33.13451859704887,0.601511176643946,16.470196060007748,0.0004409247938497174
113.10000000000001,-15.724091767016592,48.096464634389534,-161.38951196120294,33.128299166154626,33.13491622100602,0.6015510851657808,16.47004138381016,0.0006226241090701023
113.15,-16.577030774550995,47.809245120034696,-160.37095550879928,33.12877181292973,33.13530028531311,0.6015994633368464,16.469891515165905,0.0007981704366955
113.2,-17.424729330127043,47.50690895138417,-159.35238069775193,33.12923813238568,33.135670806897345,0.6016560039619137,16.469746472671396,0.000967563421312434
113.25,-18.26691944301525,47.189551402626705,-158.33378777363424,33.12969760913651,33.136027823071295,0.6017204007804153,16.469606266014928,0.0011308125013442805
113.30000000000001,-19.103334850308972,46.8572725040465,-157.31517700204662,33.13014976727471,33.13637139038829,0.6017923489030323,16.46947089643857,0.0012879363700335489
113.35000000000001,-19.93371110160936,46.51017701102432,-156.2965486670838,33.13059416892568,33.13670158353137,0.601871545222906,16.46934035718917,0.00143896245234032
113.4,-20.757785643159973,46.148374371498086,-155.2779030698581,33.131030412826085,33.137018494235484,0.6019576888021163,16.469214633958572,0.0015839263974726236
113.45,-21.575297901401502,45.771978691893715,-154.2592405270778,33.13145813292676,33.137322230242525,0.6020504812343788,16.469093705314858,0.0017228715842065867
113.5,-22.385989365917396,45.38110870153749,-153.24056136967977,33.13187699702075,33.1376129142892,0.602149626984513,16.468977543119273,0.0018558486452491252
113.55000000000001,-23.189603671741406,44.97588771556194,-152.22186594151518,33.13228670539707,33.137890683126905,0.6022548337055582,16.46886611293507,0.001982915002685104
113.60000000000001,-23.985886680998423,44.556443596317685,-151.20315459808742,33.13268698952063,33.13815568657388,0.6023658125342664,16.468759374422728,0.002104134420903847
113.65,-24.77458656385032,44.122908713304334,-150.1844277053414,33.13307761073872,33.13840808659888,0.6024822783655566,16.468657281723598,0.0022195765741628293
113.7,-25.555453878718787,43.675419901634015,-149.16568563850277,33.13345835901444,33.13864805643585,0.6026039501068752,16.468559783834387,0.0023293166258042675
113.75,-26.328241651757512,43.214118419041725,-148.14692878096636,33.1338290516874,33.138875779729766,0.6027305509129661,16.46846682496605,0.0024334348263721495
113.80000000000001,-27.092705455546458,42.7391499014571,-147.12815752323286,33.13418953226186,33.13909144971241,0.602861808401876,16.46837834489441,0.0025320161218189696
113.85000000000001,-27.84860348698123,42.250664317152875,-146.10937226189216,33.13453966922261,33.13929526840838,0.6029974548527903,16.468294279296924,0.0026251497781970556
113.9,-28.59569664433104,41.748815919485715,-145.0905733986531,33.13487935487874,33.13948744587035,0.6031372273864974,16.468214560079282,0.0027129290182870136
113.95,-29.33374860343899,41.23376319824553,-144.07176133941758,33.13520850423528,33.13966819944327,0.6032808681289623,16.46813911568834,0.00279545067414233
114.0,-30.062525893038938,40.70566882963008,-143.0529364933989,33.13552705389299,33.13983775305707,0.6034281243588708,16.468067871416608,0.002872814849297356
114.05000000000001,-30.781797969163435,40.16469962486186,-142.03409927228245,33.13583496097615,33.13999633654727,0.6035787486396345,16.468000749691747,0.0029451245981704233
114.10000000000001,-31.491337288617768,39.61102647746506,-141.0152500894283,33.13613220208837,33.140144185002924,0.6037324989365374,16.467937670357287,0.0030124856152724533
114.15,-32.190919381495426,39.04482430922044,-139.99638935911412,33.13641877229655,33.14028153814162,0.6038891387196585,16.467878550941254,0.003075005938057984
114.2,-32.880322922710796,38.46627201481681,-138.9775174958177,33.13669468414263,33.14040863971057,0.6040484370531374,16.46782330691351,0.0031327956624238595
114.25,-33.559329802525234,37.87555240521792,-137.9586349135376,33.13695996668319,33.140525736913624,0.6042101686714147,16.467771851932696,0.003185966669576601
114.30000000000001,-34.22772519604313,37.272852149764134,-136.93974202515145,33.1372146645568,33.14063307986356,0.6043741140429759,16.467724098081916,0.0032346323655474407
114.35000000000001,-34.885297631655035,36.65836171702866,-135.92083924181009,33.13745883707871,33.14073092105886,0.6045400594222272,16.467679956094663,0.003278907431223388
114.4,-35.5318390584052,36.03227531444842,-134.9019269723672,33.137692557363,33.14081951488482,0.6047077968899828,16.467639335569352,0.003318907585025954
114.45,-36.167144912261506,35.39479082675016,-133.8830056228427,33.13791591147171,33.140899117137984,0.6048771243831865,16.467602145175015,0.003354749355111153
114.5,-36.791014181266085,34.74610975319268,-132.86407559591947,33.13812899759073,33.14096998457365,0.6050478457143029,16.467568292845666,0.00338654986407505
114.55000000000001,-37.40324946954534,34.08643714364638,-131.84513729047197,33.138331925232364,33.14103237447579,0.6052197705809661,16.46753768596654,0.0034144266223279374
114.60000000000001,-38.00365706015861,33.41598153353191,-130.8261911011258,33.138524814464034,33.141086544248715,0.605392714566392,16.46751023154957,0.0034384973332635127
114.65,-38.5920469767652,32.73495487763973,-129.8072374178473,33.13870779516294,33.14113275103007,0.6055664991309158,16.46748583639964,0.0034588797085177703
114.7,-39.168233044089696,32.04357248285293,-128.78827662556202,33.1388810062963,33.14117125132438,0.6057409515953012,16.467464407273912,0.0034756912904754245
114.75,-39.73203294716637,31.342052939796048,-127.76930910380133,33.139044595226885,33.14120230065693,0.6059159051161913,16.467445851029566,0.0034890492877082124
114.80000000000001,-40.28326828934344,30.630618053432634,-126.75033522637581,33.139198717043314,33.1412261532469,0.6060911986540987,16.46743007476452,0.003499070417802841
114.85000000000001,-40.82176464902893,29.90949277263499,-125.73135536107473,33.139343533914996,33.141243061699726,0.6062666769345171,16.467416985950823,0.0035058707581470117
114.9,-41.34735163515979,29.17890511874952,-124.71236986939074,33.13947921447105,33.141253276717684,0.606442190402376,16.467406492557533,0.003509565608368348
114.95,-41.85986294137695,28.439086113181553,-123.69337910626844,33.13960593320295,33.14125704682845,0.6066175951704906,16.46739850316926,0.003510269357178686
115.0,-42.35913639888903,27.69026970402378,-122.6743834198764,33.13972386989049,33.14125461813097,0.60679275296215,16.467392927093087,0.0035080953622923516
115.05000000000001,-42.845014028008016,26.932692691752614,-121.65538315140141,33.13983320905053,33.14124623405792,0.6069675310484115,16.467389674462552,0.003503155833186611
115.10000000000001,-43.317342088340965,26.16659465401716,-120.63637863486406,33.1399341394082,33.14123213515462,0.6071418021804007,16.467388656331522,0.0034955617252308002
115.15,-43.77597112762171,25.39221786954566,-119.61737019695511,33.14002685339008,33.141212558873406,0.6073154445169493,16.467389784762492,0.0034854226397840193
115.2,-44.22075602916762,24.609807241194538,-118.5983581568913,33.14011154663889,33.14118773938336,0.6074883415479846,16.467392972908883,0.0034728467309719235
115.25,-44.65155605794648,23.819610218165387,-117.5793428262902,33.14018841754921,33.141157907394444,0.6076603820139681,16.467398135089898,0.0034579406207058128
115.30000000000001,-45.06823490523936,23.021876717415495,-116.56032450906305,33.14025766682387,33.14112328999583,0.6078314598216394,16.46740518686,0.0034408093196702794
115.35000000000001,-45.4706607318856,22.2168590442877,-115.54130350132488,33.14031949705044,33.14108411050799,0.6080014739565769,16.467414045073713,0.0034215561534267636
115.4,-45.85870621009665,21.40481181238554,-114.52228009132105,33.14037411229741,33.14104058834753,0.6081703283925961,16.467424627941444,0.0034002826987489243
115.45,-46.23224856382593,20.58599186271993,-113.50325455936952,33.14042171772956,33.14099293890504,0.6083379319984772,16.46743685508475,0.003377088720384336
115.5,-46.591169607682424,19.760658182153723,-112.48422717781811,33.14046251924209,33.14094137343467,0.6085041984422759,16.467450647582936,0.003352072117621674
115.55000000000001,-46.93535578437614,18.929071821170712,-111.46519821101592,33.14049672311299,33.1408860989557,0.6086690460933752,16.467465928015294,0.0033253288759738098
115.60000000000001,-47.26469820068405,18.091495810995834,-110.44616791529829,33.14052453567319,33.140827318164966,0.6088323979226544,16.467482620500295,0.0032969530219872922
115.65,-47.57909266192573,17.248195080093414,-109.42713653898464,33.14054616299403,33.14076522936031,0.6089941814009308,16.467500650728482,0.0032670365855835826
115.7,-47.87843970493822,16.39943637007055,-108.40810432238841,33.14056181059162,33.140700026374034,0.6091543283959453,16.467519945992397,0.0032356695655266776
115.75,-48.162644629540395,15.545488151012815,-107.3890714978385,33.14057168314751,33.14063189851634,0.6093127750681475,16.46754043521192,0.0032029399002908576
115.80000000000001,-48.4316175284772,14.686620536279595,-106.3700382897116,33.14057598424528,33.14056103052815,0.6094694617654426,16.467562048955205,0.0031689334440443417
115.85000000000001,-48.68527331583514,13.82310519678653,-105.35100491447473,33.14057491612263,33.14048760254273,0.6096243329171145,16.467584719456752,0.00313373394590144
115.9,-48.92353175392042,12.955215274802665,-104.3319715807375,33.14056867943835,33.14041179005623,0.6097773369271025,16.46760838063181,0.0030974230334379627
115.95,-49.146317478591904,12.083225297289962,-103.31293848931328,33.14055747305392,33.14033376390597,0.6099284260669151,16.467632968087788,0.0030600801997593408
116.0,-49.35356002304146,11.20741108881303,-102.29390583328907,33.14054149382907,33.14025369025683,0.6100775563682106,16.467658419130842,0.003021782796253092
116.05000000000001,-49.545193840014825,10.328049684046926,-101.27487379810314,33.140520936431045,33.14017173059479,0.6102246875153128,16.46768467277194,0.0029826060259097176
116.10000000000001,-49.7211583224665,9.445419239911038,-100.25584256163019,33.140495993157025,33.14008804172755,0.6103697827378198,16.46771166972843,0.0029426229420437267
116.15,-49.88139782264276,8.559798947357134,-99.23681229427339,33.140466853769205,33.140002775791984,0.6105128087033549,16.467739352422935,0.0029019044501410463
116.2,-50.02586166958741,7.671468942839694,-98.21778315906283,33.14043370534226,33.139916080267525,0.6106537354107715,16.4677676649815,0.002860519310701193
116.25,-50.15450418506524,6.7807102194967594,-97.19875531175991,33.14039673212264,33.13982809799573,0.6107925360837925,16.46779655322648,0.002818534148332219
116.30000000000001,-50.2672846978989,5.887804538069556,-96.17972890096722,33.14035611539929,33.139738967205524,0.6109291870652527,16.46782596466982,0.0027760134604193354
116.35000000000001,-50.36416755671504,4.993034337589225,-95.16070406824338,33.14031203338545,33.139648821543425,0.6110636677121519,16.467855848503532,0.0027330196292041364
116.4,-50.4451221410965,4.096682645859006,-94.14168094822259,33.14026466111102,33.13955779010914,0.6111959602914965,16.46788615558678,0.0026896129379849754
116.45,-50.5101228711374,3.199032989760286,-93.12265966873828,33.14021417032517,33.13946599749541,0.6113260498771353,16.46791683843338,0.0026458515868910126
116.5,-50.55914921539882,2.300369305410929,-92.10364035095057,33.14016072940876,33.139373563832585,0.6114539242476198,16.467947851195873,0.0026017917127774126
116.55000000000001,-50.592185697263005,1.4009758482043306,-91.08462310947714,33.14010450329618,33.139280604836976,0.6115795737852423,16.46797914964925,0.0025574874096889744
116.60000000000001,-50.60922189968472,0.5011371027576554,-90.06560805252717,33.14004565340624,33.1391872318633,0.6117029913762906,16.468010691172047,0.0025129907524501505
116.65,-50.610252468338686,-0.39886230720228977,-89.04659528203787,33.139984337581744,33.13909355196033,0.6118241723126303,16.468042434727018,0.0024683518209656086
116.7,-50.59527711316273,-1.298737708987089,-88.02758489381351,33.13992071003736,33.13899966793007,0.6119431141946308,16.468074340839873,0.0024236187267945297
116.75,-50.56430060829658,-2.198204471100219,-87.00857697766638,33.13985492131541,33.13890567838985,0.6120598168356182,16.468106371577957,0.002378837640009124
116.80000000000001,-50.51733279041685,-3.096978093367593,-85.98957161755943,33.1397871182493,33.13881167783721,0.6121742821677714,16.4681384905258,0.002334052819747967
116.85000000000001,-50.454388555469244,-3.9947742970167623,-84.97056889175049,33.13971744393415,33.13871775671731,0.6122865141496234,16.46817066276226,0.0022893066430640374
116.9,-50.37548785379936,-4.8913091146764005,-83.95156887293743,33.139646037704374,33.138624001492666,0.6123965186751832,16.46820285483496,0.002244639637041246
116.95,-50.2806556836843,-5.786298980267776,-82.93257162840439,33.13957303511783,33.138530494714956,0.6125043034847479,16.468235034734562,0.002200090511195185
117.0,-50.16992208326725,-6.679460818759926,-81.91357722016845,33.13949856794619,33.13843731509881,0.6126098780773788,16.468267171867947,0.0021556961912949646
117.05000000000001,-50.04332212089832,-7.570512135760347,-80.89458570512683,33.13942276417138,33.13834453759716,0.6127132536251736,16.46829923703185,0.0021114918526166093
117.10000000000001,-49.90089588388479,-8.459171106913043,-79.87559713520412,33.139345747987505,33.13825223347819,0.6128144428892881,16.468331202384476,0.0020675109558965232
117.15,-49.742688465654986,-9.345156667075882,-78.85661155749948,33.13926763980827,33.138160470403534,0.6129134601378041,16.468363041417796,0.0020237852822901914
117.2,-49.5687499513399,-10.228188599249266,-77.83762901443355,33.13918855627936,33.13806931250763,0.6130103210653957,16.468394728928388,0.0019803449703204024
117.25,-49.37913540177773,-11.10798762322823,-76.81864954389484,33.139108610295665,33.13797882047814,0.6131050427148779,16.468426240989118,0.0019372185518307106
117.30000000000001,-49.173904835946544,-11.984275483950157,-75.79967317938552,33.139027911022986,33.13788905163689,0.613197643400639,16.468457554919446,0.0018944329896442014
117.35000000000001,-48.95312321183099,-12.856775039510444,-74.78069995016635,33.13894656392398,33.137800060021846,0.6132881426338983,16.468488649255747,0.001852013715222256
117.4,-48.71686040572942,-13.725210348818518,-73.76172988140056,33.13886467078811,33.13771189646927,0.6133765610499609,16.468519503722682,0.0018099846651864482
117.45,-48.46519119000815,-14.58930675886675,-72.74276299429651,33.138782329765334,33.13762460869643,0.6134629203372981,16.468550099201725,0.001768368321251046
117.5,-48.19819520931027,-15.448790991584941,-71.72379930624929,33.13869963540327,33.13753824138438,0.6135472431685614,16.468580417702565,0.001727185746744908
117.55000000000001,-47.91595695522665,-16.30339123025319,-70.70483883098053,33.13861667868763,33.13745283626106,0.6136295531335065,16.468610442332782,0.0016864566252650093
117.60000000000001,-47.61856573943743,-17.152837205446087,-69.68588157867691,33.138533547085736,33.13736843218413,0.613709874673873,16.468640157267874,0.001646199298903639
117.65,-47.306115665332676,-17.99686028048132,-68.66692755612686,33.13845032459277,33.1372850652238,0.6137882330200597,16.468669547720644,0.0016064308073282518
117.7,-46.97870559812138,-18.83519353634601,-67.64797676685545,33.138367091780694,33.13720276874544,0.61386465412982,16.468698599913125,0.0015671669237349306
117.75,-46.636439133438365,-19.667571856074122,-66.62902921125747,33.138283925849606,33.13712157349182,0.6139391646287535,16.46872730104497,0.001528422195207213
117.80000000000001,-46.279424564459276,-20.493732008548616,-65.6100848867284,33.13820090068119,33.137041507664705,0.6140117917527519,16.468755639265385,0.0014902099786695544
117.85000000000001,-45.90777484753408,-21.3134127317021,-64.59114378779338,33.1381180868943,33.13696259700631,0.6140825632922429,16.468783603642574,0.0014525424799671782
117.9,-45.52160756635017,-22.126354815089982,-63.572205906234004,33.1380355519023,33.136884864879825,0.614151507538331,16.468811184135713,0.0014154307898195384
117.95,-45.121044894636434,-22.93230118181022,-62.553271231212825,33.13795335997212,33.13680833234933,0.6142186532307434,16.468838371565326,0.0013788849217633015
118.0,-44.70621355742022,-23.730996969744155,-61.53433974939568,33.13787157228478,33.13673301825884,0.6142840295076155,16.468865157585114,0.0013429138482479175
118.05000000000001,-44.27724479084953,-24.52218961209292,-60.51541144507156,33.137790246997206,33.13665893931074,0.6143476658570535,16.468891534653316,0.0013075255374417338
118.10000000000001,-43.83427430059318,-25.305628917184286,-59.49648630027012,33.13770943930532,33.136586110143085,0.6144095920704871,16.468917496004938,0.001272726988759132
118.15,-43.37744221883215,-26.081067147524966,-58.47756429487677,33.13762920150801,33.136514543405966,0.6144698381977349,16.4689430356239,0.0012385242686718811
118.2,-42.90689305985581,-26.848259098073626,-57.458645406745156,33.13754958307215,33.1364442498369,0.6145284345038249,16.468968148216394,0.0012049225449572987
118.25,-42.42277567427702,-27.606962173710173,-56.4397296118073,33.1374706306982,33.13637523833514,0.614585411427548,16.46899282918345,0.0011719261217990606
118.30000000000001,-41.92524320188062,-28.356936465876995,-55.420816884181,33.13739238838655,33.136307516034755,0.6146407995416041,16.469017074593957,0.0011395384744616877
118.35000000000001,-41.414453023120295,-29.097944828368263,-54.401907196274784,33.137314897504275,33.136241088376586,0.6146946295144744,16.46904088115995,0.0011077622811228593
118.4,-40.890566709279014,-29.829752952243503,-53.383000518890185,33.137238196852294,33.136175959179056,0.6147469320738281,16.469064246209605,0.0010765994574057913
118.45,-40.35374997130895,-30.552129439842023,-52.364096821321546,33.13716232273278,33.136112130707616,0.6147977379716352,16.469087167663407,0.0010460511870746814
118.5,-39.804172607366866,-31.26484587787504,-51.34519607145299,33.13708730901669,33.136049603743025,0.6148470779506994,16.469109644007528,0.0010161179561407607
118.55000000000001,-39.242008449061686,-31.96767690957258,-50.32629823585295,33.13701318721143,33.135988377648125,0.6148949827128334,16.46913167427175,0.0009867995812840036
118.60000000000001,-38.66743530643108,-32.66040030586261,-49.30740327986599,33.13693998652834,33.135928450433504,0.6149414828884616,16.469153258003836,0.0009580952426802014
118.65,-38.080634911664475,-33.34279703556005,-48.288511167701934,33.13686773395014,33.13586981882153,0.6149866090077225,16.469174395247272,0.000930003512564781
118.7,-37.48179286159022,-34.014651334543736,-47.26962186252258,33.13679645429809,33.13581247830933,0.6150303914729847,16.4691950865179,0.0009025223852177078
118.75,-36.87109855894504,-34.67575077389966,-46.25073532652559,33.13672617029889,33.135756423230085,0.6150728605327771,16.469215332781868,0.0008756493052430869
118.80000000000001,-36.248745152444236,-35.32588632700904,-45.2318515210259,33.13665690265112,33.135701646812954,0.615114046257105,16.469235135433557,0.000849381195848764
118.85000000000001,-35.61492947567153,-35.96485243556031,-44.21297040653449,33.13658867009125,33.13564814124177,0.6151539785140372,16.469254496273912,0.0008237144865574919
118.9,-34.96985198480783,-36.592447074464275,-43.19409194283465,33.13652148945914,33.13559589771204,0.615192686947637,16.469273417490644,0.0007986451386443605
118.95,-34.31371669521848,-37.208471815652075,-42.17521608905562,33.13645537576292,33.13554490648662,0.6152302009572068,16.46929190163721,0.0007741686719953123
119.0,-33.64673111691891,-37.81273189073596,-41.1563428037438,33.13639034224319,33.135495156950064,0.6152665496776706,16.46930995161221,0.0007502801913972235
119.05000000000001,-32.969106188939094,-38.405036252513206,-40.137472044931364,33.13632640043654,33.13544663766119,0.6153017619612271,16.46932757064168,0.0007269744092752717
119.10000000000001,-32.28105621260743,-38.98519763529389,-39.11860377020249,33.1362635602383,33.13539933640459,0.6153358663601622,16.469344762259112,0.0007042456711303657
119.15,-31.58279878377499,-39.55303261403358,-38.099737936757144,33.13620182996446,33.13535324024045,0.6153688911107622,16.46936153028731,0.0006820879787028389
119.2,-30.874554724001484,-40.108361662252335,-37.08087450147234,33.136141216412746,33.13530833555288,0.6154008641183779,16.46937787882113,0.0006604950119992736
119.25,-30.156548010724656,-40.651009208721874,-36.062013420961264,33.136081724922754,33.135264608097145,0.6154318129434913,16.46939381220941,0.0006394601523140864
119.30000000000001,-29.42900570643499,-41.180803692903126,-35.04315465162981,33.13602335943521,33.13522204304496,0.6154617647888969,16.46940933503925,0.0006189765022668325
119.35000000000001,-28.69215788687803,-41.697577619116664,-34.02429814973102,33.135966122550194,33.13518062502892,0.6154907464878363,16.469424452118353,0.0005990369081132485
119.4,-27.946237568306955,-42.20116760942905,-33.00544387141698,33.135910015584386,33.135140338184996,0.6155187844931049,16.46943916846019,0.0005796339787877969
119.45,-27.191480633808215,-42.691414455238444,-31.986591772788863,33.135855038627284,33.135101166193955,0.6155459048671048,16.469453489268535,0.0005607601053725375
119.5,-26.428125758723453,-43.168163167543284,-30.967741809944542,33.13580119059633,33.135063092321424,0.6155721332728064,16.46946741992261,0.0005424074799975642
119.55000000000001,-25.65641433519118,-43.63126302587817,-29.94889393902411,33.13574846929098,33.13502609945632,0.6155974949655914,16.469480965962692,0.0005245681140308989
119.60000000000001,-24.876590395831926,-44.0805676259016,-28.930048116253314,33.13569687144565,33.13499017014825,0.6156220147859273,16.469494133076182,0.0005072338556999512
119.65,-24.088900536600875,-44.51593492562055,-27.911204297984867,33.13564639278155,33.13495528664319,0.6156457171528444,16.469506927084424,0.0004903964067182187
119.7,-23.29359383883228,-44.937227290237345,-26.89236244073792,33.13559702805738,33.134921430918205,0.6156686260582447,16.46951935392999,0.00047404733834355284
119.75,-22.49092179050017,-45.34431153560473,-25.87352250123537,33.13554877111887,33.13488858471477,0.6156907650618919,16.4695314196634,0.0004581781080048586
119.80000000000001,-21.681138206720156,-45.737058970275406,-24.854684436439356,33.13550161494715,33.13485672957066,0.6157121572871915,16.469543130432413,0.00044278007294451527
119.85000000000001,-20.864499149517314,-46.11534543613277,-23.835848203584824,33.135455551705974,33.13482584685065,0.6157328254176377,16.46955449246925,0.0004278445059924252
119.9,-20.041262846885445,-46.4790513475901,-22.81701376021127,33.13541057278774,33.134795917776145,0.6157527916938932,16.46956551208013,0.00041336260892421706
119.95,-19.21168961116316,-46.8280617293458,-21.798181064192704,33.13536666885834,33.13476692345327,0.6157720779115934,16.46957619563503,0.00039932552510890673
120.0,-18.376041756752507,-47.162266252682734,-20.779350073765922,33.135323829900834,33.13473884490017,0.6157907054196698,16.469586549556073,0.000385724354003969
120.05000000000001,-17.534583517206034,-47.48155927030034,-19.76052074755695,33.135282045257924,33.13471166307268,0.6158086951193269,16.46959658030928,0.00037255016152926146
120.10000000000001,-16.687580961708413,-47.78583984966829,-18.741693044605963,33.13524130367327,33.134685358889236,0.6158260674635159,16.46960629439397,0.000359793993141011
120.15,-15.835301910978899,-48.075011804891474,-17.722866924390562,33.135201593331544,33.134659913254445,0.6158428424570133,16.469615698334763,0.000347446883779412
120.2,-14.978015852621144,-48.34898372707589,-16.70404234684741,33.135162901897466,33.13463530708154,0.6158590396569252,16.469624798671834,0.00033549986994785286
120.25,-14.115993855947016,-48.607669013186154,-15.685219272392542,33.13512521655347,33.134611521313936,0.6158746781737534,16.46963360195399,0.00032394399823942877
120.30000000000001,-13.24950848630125,-48.85098589338529,-14.666397661939998,33.13508852403636,33.13458853694554,0.6158897766728728,16.469642114729545,0.00031277033656351705
120.35000000000001,-12.378833718913942,-49.07885745684826,-13.647577476919164,33.13505281067273,33.134566335040105,0.615904353376429,16.46965034353961,0.0003019699823880728
120.4,-11.504244852308016,-49.29121167604101,-12.628758679290735,33.13501806241326,33.1345448967496,0.6159184260656971,16.469658294911248,0.0002915340711240333
120.45,-10.626018421288961,-49.48798142945737,-11.609941231561262,33.13498426486586,33.1345242033316,0.6159320120838032,16.469665975349905,0.0002814537853623733
120.5,-9.744432109544272,-49.669104522806606,-10.59112509679649,33.1349514033277,33.13450423616564,0.615945128338808,16.469673391333437,0.0002717203621216413
120.55000000000001,-8.859764661880117,-49.83452370864486,-9.572310238633445,33.13491946281612,33.13448497676876,0.6159577913071459,16.46968054930616,0.00026232510009549515
120.60000000000001,-7.972295796122941,-49.984186704444326,-8.553496621291266,33.13488842809845,33.134466406810034,0.615970017037391,16.469687455672933,0.00025325936675812954
120.65,-7.082306114713738,-50.11804620909434,-7.534684209580907,33.1348582837207,33.13444850812429,0.6159818211543424,16.469694116793743,0.0002445146049012692
120.7,-6.1900770160229115,-50.236059917829195,-6.515872968913786,33.13482901403525,33.13443126272499,0.6159932188633448,16.46970053897838,0.0002360823390290534
120.75,-5.295890605413659,-50.338190535577944,-5.497062865309238,33.13480060322737,33.13441465281613,0.6160042249549491,16.469706728482446,0.00022795418004761814
120.80000000000001,-4.400029606081949,-50.42440578873184,-4.47825386540103,33.13477303534086,33.13439866080358,0.6160148538097658,16.469712691501673,0.0002201218320863063
120.85000000000001,-3.5027772697012187,-50.49467843532581,-3.4594459364428856,33.134746294302474,33.13438326930547,0.6160251194035666,16.46971843416863,0.00021257709633459854
120.9,-2.6044172868999675,-50.54898627363056,-2.440639046312981,33.13472036394555,33.134368461161785,0.6160350353126134,16.469723962548482,0.00020531187601591228
120.95,-1.705233697600506,-50.587312149152694,-1.4218331635175672,33.13469522803242,33.13435421944335,0.6160446147191934,16.469729282635107,0.00019831818093507536
121.0,-0.8055108012471486,-50.60964396004043,-0.4030282571937876,33.13467087027606,33.13434052746018,0.616053870417268,16.469734400347537,0.00019158813159947385
121.05000000000001,0.09446693304782317,-50.61597466089337,0.6157757028884612,33.134647274360645,33.13432736876882,0.6160628148183704,16.469739321527914,0.0001851139614927888
121.10000000000001,0.9944149564120595,-50.606302264974886,1.634578746325411,33.13462442396123,33.13431472717934,0.616071459957638,16.469744051937173,0.0001788880220487954
121.15,1.89404873014653,-50.5806298448265,2.653380902079065,33.134602302762524,33.134302586761606,0.6160798174999158,16.469748597252675,0.00017290278535142534
121.2,2.793083815656006,-50.53896553128398,3.672182198477556,33.13458089447674,33.13429093185083,0.6160878987460805,16.469752963066792,0.00016715084555585236
121.25,3.691235964348244,-50.481322510895424,4.690982663216263,33.134560182860604,33.1342797470527,0.6160957146393784,16.46975715488307,0.00016162492329385714
121.30000000000001,4.588221207473491,-50.40771902174211,5.709782323359467,33.13454015173147,33.13426901724776,0.6161032757719411,16.46976117811577,0.00015631786595804442
121.35000000000001,5.483755945875931,-50.31817834766338,6.7285812053427945,33.134520784982634,33.13425872759545,0.6161105923913226,16.46976503808674,0.0001512226512545567
121.4,6.377557039628741,-50.21272881088734,7.747379334976115,33.13450206659783,33.13424886353735,0.616117674407171,16.46976874002475,0.00014633238762939982
121.45,7.269341897524437,-50.0914037630697,8.766176737447081,33.134483980664946,33.13423941080022,0.6161245313978725,16.469772289063084,0.00014164031696850543
121.5,8.158828566392247,-49.95424157474345,9.784973437325146,33.134466511388894,33.134230355398316,0.6161311726173437,16.46977569023975,0.00013713981402929676
121.55000000000001,9.045735820214297,-49.801285623182785,10.803769458566148,33.134449643103856,33.134221683635396,0.6161376070017823,16.469778948494735,0.0001328243894249681
121.60000000000001,9.929783249012454,-49.63258427868498,11.822564824517341,33.134433360284675,33.134213382106104,0.6161438431765163,16.469782068670472,0.00012868768877183356
121.65,10.810691347477743,-49.44819088927454,12.841359557922795,33.13441764755763,33.134205437697226,0.6161498894627897,16.46978505550994,0.0001247234946788467
121.7,11.688181603314334,-49.24816376383443,13.86015368092935,33.13440248971047,33.1341978375882,0.616155753884648,16.469787913657417,0.00012092572546862357
121.75,12.561976585270186,-49.03256615366963,14.878947215092872,33.13438787170173,33.134190569251494,0.6161614441757592,16.46979064765659,0.00011728843716696247
121.80000000000001,13.431800030826526,-48.80146623250889,15.897740181384869,33.13437377866958,33.13418362045247,0.6161669677862633,16.469793261951338,0.00011380582222386693
121.85000000000001,14.297376933518446,-48.554937074950885,16.916532600199517,33.134360195939784,33.134176979249,0.6161723318895937,16.469795760884992,0.00011047221008197994
121.9,15.158433629859024,-48.2930566333615,17.935324491360852,33.13434710903329,33.1341706339907,0.6161775433892487,16.469798148700498,0.00010728206660814976
121.95,16.014697885839496,-48.01590771322972,18.954115874130473,33.13433450367311,33.13416457331774,0.6161826089256337,16.469800429541003,0.00010422999309867009
122.0,16.865898982978123,-47.723577946989614,19.972906767215328,33.13432236579059,33.13415878615967,0.6161875348827124,16.469802607448333,0.00010131072770036553
122.05000000000001,17.711767803890577,-47.41615976631682,20.991697188775827,33.13431068153124,33.134153261733566,0.6161923273947636,16.469804686365986,9.851914157366082e-05
122.10000000000001,18.55203691735476,-47.09375037290819,22.010487156434127,33.134299437259976,33.13414798954221,0.6161969923529895,16.469806670136983,9.585024102420903e-05
122.15,19.386440662843178,-46.756451707753854,23.029276687282707,33.134288619565844,33.13414295937189,0.616201535412138,16.469808562506113,9.329916451861209e-05
122.2,20.214715234496175,-46.404370418911284,24.048065797893045,33.13427821526628,33.13413816129002,0.6162059619969966,16.469810367119422,9.086118296863788e-05
122.25,21.036598764509392,-46.037617827791586,25.06685450432452,33.134268211410834,33.134133585642395,0.6162102773089089,16.469812087526016,8.853169717326637e-05
122.30000000000001,21.85183140590918,-45.65630989396864,26.085642822133362,33.134258595284514,33.13412922305056,0.6162144863321188,16.46981372717746,8.630623824501527e-05
122.35000000000001,22.660155414689726,-45.260567178522166,27.104430766381906,33.13424935441066,33.134125064408444,0.6162185938401592,16.469815289430294,8.418046419933489e-05
122.4,23.461315231285933,-44.85051480592626,28.123218351647758,33.13424047655336,33.13412110087956,0.61622260440204,16.469816777545084,8.215016080725945e-05
122.45,24.25505756135631,-44.426282424495454,29.142005592033165,33.13423194971951,33.13411732389328,0.616226522388466,16.46981819468943,8.021123761636773e-05
122.5,25.041131455850277,-43.988004165400746,30.160792501174537,33.134223762160495,33.13411372514144,0.6162303519778902,16.46981954393721,7.835972851921724e-05
122.55000000000001,25.819288390334624,-43.53581860026855,31.179579092251792,33.13421590237343,33.1341102965747,0.6162340971625184,16.469820828271025,7.659178848484771e-05
122.60000000000001,26.589282343553975,-43.06986869737594,32.19836537799804,33.13420835910209,33.13410703039864,0.6162377617542276,16.469822050582774,7.490369256402118e-05
122.65,27.350869875200438,-42.59030177645598,33.2171513707091,33.13420112133756,33.13410391906987,0.6162413493903784,16.46982321367479,7.329183418391949e-05
122.7,28.103810202867834,-42.097269462127485,34.23593708225309,33.13419417831844,33.134100955292006,0.6162448635395066,16.46982432026134,7.175272301651603e-05
122.75,28.84786527816618,-41.5909276359638,35.25472252408011,33.13418751953084,33.1340981320115,0.6162483075069787,16.469825372970366,7.028298256273047e-05
122.80000000000001,29.582799861972305,-41.07143638721584,36.273507707231786,33.13418113470803,33.13409544241345,0.616251684440499,16.469826374343846,6.8879349441886e-05
122.85000000000001,30.308381598792852,-40.538959962204856,37.29229264235096,33.13417501382985,33.134092879917205,0.616254997335524,16.46982732683998,6.753867040742989e-05
122.9,31.024381090216096,-39.993666712400994,38.311077339691145,33.1341691471218,33.13409043817209,0.616258249040591,16.46982823283452,6.625790049952229e-05
122.95,31.730571967429356,-39.43572904120396,39.32986180912617,33.134163525053964,33.13408811105299,0.6162614422625197,16.46982909462188,6.503410133973375e-05
123.0,32.42673096277907,-38.86532334944267,40.34864606015968,33.13415813833961,33.134085892655634,0.6162645795715349,16.469829914417083,6.386443857309132e-05
123.05000000000001,33.11263798035087,-38.28262997961102,41.367430101934474,33.13415297793362,33.13408377729241,0.6162676634062763,16.469830694356766,6.274618030488455e-05
123.10000000000001,33.78807616554735,-37.687833158857515,42.38621394324206,33.13414803503067,33.134081759487465,0.6162706960786366,16.469831436500883,6.167669482692872e-05
123.15,34.45283197364153,-37.08112094074661,43.40499759253183,33.1341433010633,33.13407983397228,0.6162736797786508,16.46983214283526,6.0653447206959754e-05
123.2,35.10669523728423,-36.46268514581028,44.423781057920344,33.13413876769966,33.13407799568109,0.6162766165790714,16.469832815270586,5.967400028339398e-05
123.25,35.74945923294413,-35.8327213009086,45.44256434720053,33.134134426841186,33.13407623974603,0.6162795084400088,16.469833455647365,5.873600841255211e-05
123.30000000000001,36.380920746259456,-35.191428577418364,46.46134746785068,33.134130270620105,33.134074561492746,0.6162823572133718,16.469834065734624,5.783721874763614e-05
123.35000000000001,37.00088013628047,-34.53900972826947,47.48013042704346,33.134126291396726,33.13407295643558,0.6162851646472376,16.469834647233046,5.697546725969005e-05
123.4,37.60914139858271,-33.8756710238488,48.49891323165472,33.13412248175664,33.134071420273,0.6162879323900725,16.469835201775897,5.6148677316514295e-05
123.45,38.20551222723073,-33.201622186791965,49.51769588827233,33.13411883450781,33.134069948882896,0.6162906619949098,16.46983573093135,5.5354856698386357e-05
123.5,38.789804075572945,-32.517076325683426,50.5364784032047,33.13411534267746,33.13406853831809,0.6162933549233429,16.46983623620295,5.4592096745409435e-05
123.55000000000001,39.36183221584824,-31.822249867686043,51.55526078248941,33.13411199950893,33.13406718480159,0.6162960125494834,16.469836719032504,5.385856866269023e-05
123.60000000000001,39.921415797585475,-31.11736249012128,52.574043031901596,33.134108798458406,33.1340658847221,0.6162986361637692,16.469837180800525,5.315252280979621e-05
123.65,40.46837790477748,-30.402637051021706,53.59282515696213,33.134105733191525,33.13406463462943,0.6163012269766739,16.469837622828447,5.247228571647611e-05
123.7,41.00254561181139,-29.678299518677747,54.6116071629458,33.13410279757995,33.13406343123008,0.6163037861223302,16.469838046380183,5.181625809314028e-05
123.75,41.52375003813763,-28.944578900200973,55.630389054889385,33.134099985697816,33.134062271382625,0.6163063146620189,16.46983845266331,5.1182913125558116e-05
123.80000000000001,42.03182640166027,-28.201707169126482,56.64917083759939,33.13409729181816,33.13406115209337,0.6163088135875938,16.469838842831145,5.0570793774795675e-05
123.85000000000001,42.52661407083187,-27.449919192077278,57.66795251565989,33.13409471040924,33.134060070512,0.6163112838247784,16.46983921798368,4.997851149823873e-05
123.9,43.007956615436264,-26.68945265451381,58.686734093440094,33.13409223613087,33.13405902392706,0.6163137262363492,16.46983957916951,4.940474369163894e-05
123.95,43.47570185604329,-25.920547985592187,59.70551557510169,33.134089863830596,33.13405800976187,0.6163161416252478,16.46983992738757,4.8848231415377086e-05
124.0,43.92970191211979,-25.14344828215476,60.72429696460623,33.13408758853998,33.13405702557024,0.6163185307376153,16.46984026358822,4.83077779733776e-05
124.05000000000001,44.36981324878163,-24.358399231877186,61.7430782657223,33.13408540547071,33.134056069032184,0.6163208942656482,16.469840588674288,4.778224734991454e-05
124.10000000000001,44.79589672217202,-23.565649035596174,62.76185948203241,33.134083310010816,33.13405513794988,0.6163232328504549,16.469840903503968,4.727056065689794e-05
124.15,45.207817623451625,-22.765448328842552,63.78064061693996,33.13408129772075,33.13405423024365,0.6163255470847417,16.469841208890657,4.6771696133873775e-05
124.2,45.60544572138679,-21.958050102604435,64.79942167367585,33.13407936432953,33.13405334394786,0.6163278375154704,16.469841505605658,4.628468573741884e-05
124.25,45.98865530352216,-21.143709623345522,65.81820265530504,33.134077505730836,33.1340524772071,0.616330104646373,16.469841794378482,4.5808614572706574e-05
124.30000000000001,46.357325215924774,-20.322684352303853,66.83698356473305,33.13407571797914,33.134051628272246,0.6163323489404036,16.46984207589917,4.53426180513361e-05
124.35000000000001,46.71133890148714,-19.49523386409652,67.85576440471209,33.13407399728579,33.13405079549664,0.6163345708221115,16.469842350819125,4.488588061235532e-05
124.4,47.05058443677696,-18.661619764656063,68.87454517784718,33.13407234001513,33.13404997733244,0.6163367706798795,16.4698426197524,4.4437634159066874e-05
124.45,47.37495456742208,-17.822105608524513,69.89332588660209,33.134070742680656,33.13404917232695,0.6163389488681545,16.469842883277753,4.3997155358965756e-05
124.5,47.68434674201931,-16.97695681553123,70.91210653330518,33.1340692019411,33.13404837911897,0.6163411057095232,16.46984314193868,4.356376550163077e-05
124.55000000000001,47.978663144556414,-16.12644058688088,71.93088712015496,33.13406771459666,33.134047596435394,0.6163432414967644,16.469843396245928,4.3136827372336484e-05
124.60000000000001,48.257810725337094,-15.270825820678066,72.94966764922573,33.13406627758515,33.13404682308764,0.6163453564947545,16.46984364667771,4.27157448257276e-05
124.65,48.52170123039907,-14.410383026915381,73.96844812247278,33.13406488797818,33.13404605796837,0.6163474509423779,16.46984389368211,4.2299959801539444e-05
124.7,48.77025122941601,-13.54538424195168,74.98722854173762,33.13406354297748,33.13404530004818,0.6163495250543249,16.469844137676873,4.188895246670654e-05
124.75,49.0033821420745,-12.676102942507697,76.00600890875306,33.1340622399111,33.134044548372444,0.6163515790227478,16.469844379051185,4.148223894162584e-05
124.80000000000001,49.22102026291762,-11.802813959206135,77.02478922514818,33.13406097622977,33.134043802058045,0.6163536130189655,16.469844618167972,4.1079368457985765e-05
124.85000000000001,49.423096784647406,-10.925793389683623,78.04356949245293,33.13405974950322,33.13404306029041,0.6163556271950412,16.469844855362975,4.0679924353526076e-05
124.9,49.60954781987867,-10.045318511301968,79.06234971210296,33.134058557416594,33.134042322320504,0.6163576216852533,16.469845090946794,4.0283521514083986e-05
124.95,49.780314421337415,-9.16166769348634,80.0811298854439,33.134057397766874,33.134041587461915,0.6163595966075519,16.469845325206585,3.9889804241965976e-05
125.0,49.9353426004974,-8.275120309718083,81.09991001373577,33.134056268459375,33.13404085508806,0.6163615520649515,16.469845558406217,3.949844597173069e-05
125.05000000000001,50.07458334464894,-7.385956649210005,82.11869009815736,33.134055167504286,33.13404012462927,0.6163634881468241,16.46984579078729,3.910914799121201e-05
125.10000000000001,50.19799263239462,-6.49445782829205,83.13747013980999,33.13405409301321,33.134039395570305,0.6163654049301428,16.469846022570703,3.872163745199941e-05
125.15,50.30553144756692,-5.600905701535397,84.1562501397218,33.13405304319586,33.134038667447584,0.6163673024806897,16.46984625395738,3.833566637467811e-05
125.2,50.39716579156342,-4.705582772643071,85.17503009885127,33.13405201635669,33.1340379398467,0.6163691808541856,16.469846485128866,3.7951010938286345e-05
125.25,50.472866694095636,-3.808772105135259,86.19381001809103,33.134051010891696,33.13403721240001,0.6163710400973414,16.469846716248536,3.756746991712134e-05
125.30000000000001,50.53261022234816,-2.9107572328575557,87.21258989827139,33.13405002528515,33.13403648478413,0.6163728802489246,16.469846947462806,3.718486311754532e-05
125.35000000000001,50.576377488545084,-2.011822070340454,88.23136974016383,33.1340490581065,33.13403575671772,0.6163747013406606,16.46984717890093,3.680303166220256e-05
125.4,50.60415465592141,-1.1122508230384143,89.25014954448419,33.1340481080073,33.13403502795914,0.6163765033982074,16.469847410677527,3.642183472152283e-05
125.45,50.61593294309757,-0.21232789747689917,90.26892931189597,33.134047173718145,33.13403429830438,0.6163782864419929,16.46984764289153,3.6041150934806865e-05
125.5,50.611708626855545,0.6876621886642136,91.28770904301336,33.134046254045735,33.13403356758481,0.6163800504880257,16.469847875628215,3.5660875710163964e-05
125.55000000000001,50.59148304331588,1.58743489650241,92.30648873840416,33.13404534786996,33.13403283566525,0.6163817955486834,16.46984810895975,3.5280920656077797e-05
125.60000000000001,50.55526258751508,2.486705755911066,93.32526839859263,33.134044454141055,33.13403210244203,0.6163835216334235,16.469848342945426,3.490121315508077e-05
125.65,50.50305871138355,3.3851904554562746,94.34404802406236,33.13404357187684,33.134031367840876,0.6163852287494578,16.469848577632987,3.452169480056e-05
125.7,50.43488792012481,4.282604932283541,95.3628276152587,33.13404270015998,33.13403063181529,0.616386916902421,16.469848813059123,3.414232068621459e-05
125.75,50.35077176699697,5.178665461925917,96.38160717259137,33.13404183813536,33.1340298943447,0.6163885860969316,16.469849049249625,3.376305926394707e-05
125.80000000000001,50.2507368464983,6.073088748005178,97.40038669643694,33.13404098500746,33.13402915543271,0.6163902363371676,16.46984928622102,3.33838902122352e-05
125.85000000000001,50.134814785958845,6.965592011797691,98.41916618714099,33.13404014003783,33.134028415105455,0.6163918676273994,16.469849523980397,3.300480472034906e-05
125.9,50.00304223554093,7.85589308163663,99.43794564502038,33.13403930254266,33.13402767341016,0.6163934799724373,16.46984976252607,3.262580463569975e-05
125.95,49.85546085665162,8.743710482122298,100.45672507036554,33.134038471890335,33.134026930413334,0.616395073378122,16.469850001848926,3.224690075853687e-05
126.0,49.69211730877077,9.628763523112326,101.47550446344226,33.13403764749913,33.13402618619955,0.6163966478517082,16.46985024193174,3.186811369459974e-05
126.05000000000001,49.51306323469895,10.510772388463623,102.49428382449382,33.13403682883487,33.1340254408699,0.6163982034022837,16.469850482750882,3.148947172348926e-05
126.10000000000001,49.31835524422975,11.389458224498009,103.51306315374266,33.1340360154088,33.13402469454072,0.6163997400410679,16.469850724275734,3.1111011509210584e-05
126.15,49.108054896251794,12.264543228163568,104.53184245139232,33.134035206775366,33.13402394734219,0.6164012577817743,16.46985096647067,3.073277568432786e-05
126.2,48.88222867928599,13.135750734863844,105.5506217176289,33.13403440253014,33.13402319941731,0.6164027566409089,16.46985120929396,3.0354814128941143e-05
126.25,48.64094799046423,14.002805305927106,106.5694009526229,33.13403360230779,33.13402245092037,0.6164042366380116,16.469851452698858,2.997718269170946e-05
126.30000000000001,48.384289112956196,14.86543281568802,107.58818015653063,33.134032805780116,33.13402170201611,0.6164056977959049,16.469851696634468,2.9599942052982442e-05
126.35000000000001,48.11233319185138,15.723360538154214,108.60695932949557,33.13403201265411,33.13402095287854,0.6164071401409217,16.469851941045672,2.9223157866908878e-05
126.4,47.82516620850394,16.576317233230306,109.6257384716499,33.13403122267014,33.13402020368976,0.6164085637030823,16.469852185873425,2.884690033511106e-05
126.45,47.52287895334856,17.424033232472166,110.64451758311563,33.13403043560011,33.134019454639215,0.6164099685162796,16.4698524310556,2.8471243211924957e-05
126.5,47.205566997195845,18.266240524344266,111.66329666400605,33.13402965124576,33.134018705922564,0.6164113546183998,16.469852676526834,2.809626394650877e-05
126.55000000000001,46.87333066101634,19.102672838953175,112.68207571442657,33.13402886943696,33.13401795774092,0.6164127220514715,16.46985292221961,2.7722042403866e-05
126.60000000000001,46.52627498422279,19.933065732230432,113.7008547344761,33.1340280900301,33.13401721029984,0.6164140708617794,16.46985316806378,2.734866143327963e-05
126.65,46.164509691460566,20.75715666953812,114.71963372424796,33.13402731290651,33.13401646380866,0.6164154010999425,16.46985341398707,2.697620615776941e-05
126.7,45.78814915791684,21.57468510867078,115.73841268383087,33.13402653797095,33.134015718479645,0.6164167128209641,16.469853659915785,2.6604763263549103e-05
126.75,45.39731237315947,22.38539258222738,116.7571916133098,33.13402576515015,33.134014974527254,0.6164180060843378,16.46985390577518,2.6234420431592298e-05
126.80000000000001,44.992122903516965,23.18902277932728,117.77597051276689,33.134024994391375,33.13401423216761,0.6164192809540339,16.469854151488562,2.5865267474500797e-05
126.85000000000001,44.572708853011505,23.98532162664442,118.79474938228228,33.1340242256611,33.13401349161753,0.6164205374985698,16.46985439697925,2.5497393920659306e-05
126.9,44.13920282285733,24.77403736873403,119.81352822193476,33.1340234589437,33.134012753094304,0.6164217757909753,16.469854642169217,2.5130890719538e-05
126.95,43.69174186953729,25.554920647626545,120.83230703180254,33.13402269424017,33.13401201681479,0.6164229959088203,16.4698548869808,2.4765848110064326e-05
127.0,43.23046746147087,26.32772458166349,121.85108581196386,33.134021931566934,33.134011282995104,0.616424197934208,16.469855131335656,2.440235689959991e-05
127.05000000000001,42.755525434287314,27.09220484355046,122.86986456249754,33.13402117095466,33.134010551849954,0.616425381953718,16.469855375155376,2.4040507753397833e-05
127.10000000000001,42.26706594471803,27.848119737602502,123.88864328348363,33.13402041244718,33.13400982359231,0.6164265480583708,16.469855618362256,2.3680390199842805e-05
127.15,41.76524342312289,28.595230276157473,124.90742197500394,33.134019656100406,33.13400909843278,0.616427696343635,16.469855860879,2.3322093056776794e-05
127.2,41.25021652466536,29.333300255133196,125.92620063714244,33.13401890198129,33.134008376579345,0.6164288269092779,16.469856102627997,2.2965705284150317e-05
127.25,40.72214807915197,30.06209632870458,126.94497926998564,33.13401815016687,33.13400765823691,0.6164299398593869,16.469856343533877,2.2611312857634402e-05
127.30000000000001,40.1812050395519,30.781388083077054,127.96375787362301,33.134017400743296,33.134006943607105,0.6164310353022486,16.469856583520745,2.2259002179225718e-05
127.35000000000001,39.62755842921305,31.49094810933298,128.9825364481475,33.134016653805,33.13400623288761,0.616432113350271,16.469856822514494,2.190885723507563e-05
127.4,39.06138328779128,32.19055207532806,130.00131499365568,33.13401590945376,33.13400552627217,0.6164331741199192,16.46985706044213,2.1560960448141486e-05
127.45,38.48285861590976,32.87997879661494,131.02009351024793,33.134015167797926,33.13400482395028,0.6164342177315802,16.469857297231524,2.1215392962403712e-05
127.5,37.89216731856619,33.55901030637172,132.038871998029,33.134014428951666,33.134004126106774,0.616435244309514,16.469857532812593,2.0872233221780334e-05
127.55000000000001,37.2894961473055,34.227431924313024,133.0576504571082,33.13401369303417,33.13400343292164,0.6164362539817105,16.4698577671159,2.053155867542955e-05
127.60000000000001,36.675035641176585,34.88503232456214,134.0764288875991,33.134012960168995,33.13400274457004,0.6164372468797765,16.469858000074197,2.0193443930338617e-05
127.65,36.04898006649152,35.53160360246253,135.09520728962033,33.13401223048335,33.13400206122182,0.616438223138843,16.469858231621902,1.9857961319758033e-05
127.7,35.41152735540641,36.16694134030773,136.11398566329547,33.134011504107534,33.13400138304149,0.6164391828974587,16.469858461694848,1.9525181329527186e-05
127.75,34.76287904334334,36.790844671968756,137.13276400875299,33.13401078117425,33.1340007101881,0.6164401262974195,16.46985869023044,1.9195172313857256e-05
127.80000000000001,34.10324020527303,37.403116346398704,138.1515423261267,33.13401006181809,33.13400004281504,0.6164410534836904,16.469858917168757,1.8867999216354292e-05
127.85000000000001,33.43281939087858,38.00356278999436,139.1703206155556,33.13400934617502,33.1339993810699,0.616441964604256,16.469859142451018,1.8543725417430323e-05
127.9,32.75182855862058,38.59199416779517,140.18909887718382,33.1340086343818,33.13399872509459,0.6164428598100073,16.469859366020764,1.822241131321789e-05
127.95,32.060483008724624,39.16822444350017,141.207877111161,33.13400792657557,33.133998075025055,0.616443739254585,16.46985958782329,1.7904115026112777e-05
128.0,31.35900131511225,39.73207143828396,142.22665531764198,33.134007222893395,33.13399743099123,0.6164446030942798,16.46985980780633,1.7588891552122732e-05
128.05,30.64760525629693,40.283356888393094,143.245433496787,33.13400652347181,33.133996793117085,0.6164454514878628,16.46986002591914,1.7276793897735843e-05
128.1,29.92651974526696,40.821906501504685,144.26421164876157,33.134005828446476,33.133996161520514,0.6164462845965062,16.469860242113683,1.6967871658835065e-05
128.15,29.195972758377312,41.34755001182938,145.28298977373646,33.13400513795176,33.13399553631342,0.616447102583578,16.46986045634309,1.6662172868109337e-05
128.20000000000002,28.456195263273106,41.860121233941335,146.30176787188765,33.13400445212045,33.13399491760156,0.6164479056145638,16.469860668563786,1.635974143709973e-05
128.25,27.707421145867293,42.359458115318176,147.32054594339627,33.134003771083385,33.133994305484705,0.6164486938569098,16.469860878733414,1.606061971415329e-05
128.3,26.949887136395798,42.84540278757423,148.33932398844865,33.134003094969195,33.13399370005651,0.6164494674798888,16.469861086812063,1.5764846921229037e-05
128.35,26.183832734573407,43.31780161637098,149.358102007236,33.134002423904,33.1339931014046,0.6164502266544787,16.469861292762015,1.5472459580223585e-05
128.4,25.409500133874097,43.77650524998886,150.37687999995444,33.13400175801119,33.133992509610685,0.6164509715532063,16.469861496547423,1.5183491797188253e-05
128.45000000000002,24.62713414495974,44.22136866654507,151.39565796680492,33.13400109741115,33.133991924750504,0.6164517023500551,16.469861698134956,1.489797455178632e-05
128.5,23.83698211828139,44.652251219842476,152.41443590799304,33.1340004422211,33.1339913468939,0.6164524192202805,16.469861897492752,1.461593697626995e-05
128.55,23.039293865877625,45.069016683835144,153.43321382372898,33.13399979255487,33.13399077610489,0.6164531223403387,16.469862094591925,1.4337404508069085e-05
128.6,22.23432158239466,45.47153329569635,154.45199171422726,33.13399914852273,33.13399021244181,0.6164538118877161,16.469862289404727,1.4062401163528193e-05
128.65,21.422319765353222,45.859673797475544,155.47076957970683,33.13399851023124,33.133989655957194,0.61645448804083,16.469862481906144,1.3790947548386612e-05
128.70000000000002,20.60354513468737,46.23331547633109,156.4895474203907,33.13399787778309,33.13398910669807,0.6164551509788723,16.46986267207276,1.3523062278864018e-05
128.75,19.778256551580697,46.592340203326025,157.50832523650584,33.133997251277016,33.13398856470592,0.6164558008817451,16.469862859883733,1.325876084479205e-05
128.8,18.94671493662562,46.936634470774536,158.52710302828305,33.13399663080765,33.13398803001691,0.6164564379298767,16.469863045319205,1.2998057457025425e-05
128.85,18.10918318733157,47.26608942812751,159.54588079595686,33.13399601646546,33.133987502661746,0.6164570623041499,16.469863228362364,1.274096263159663e-05
128.9,17.26592609500819,47.58060091638559,160.5646585397653,33.133995408336624,33.13398698266603,0.6164576741857601,16.46986340899754,1.2487485463452686e-05
128.95000000000002,16.41721026104983,47.88006950102907,161.5834362599497,33.133994806503004,33.13398647005025,0.6164582737561162,16.46986358721138,1.2237632205369664e-05
129.0,15.563304012647809,48.16440050345403,162.60221395675464,33.13399421104209,33.13398596482991,0.6164588611967474,16.469863762992194,1.199140712060398e-05
129.05,14.704477317957032,48.433504030904935,163.62099163042774,33.13399362202694,33.13398546701556,0.6164594366891407,16.469863936329762,1.1748812625000937e-05
129.1,13.841001700743885,48.68729500489411,164.63976928121932,33.13399303952613,33.13398497661313,0.6164600004147047,16.4698641072166,1.150984786590925e-05
129.15,12.973150154542283,48.92569318809921,165.65854690938244,33.13399246360378,33.13398449362381,0.6164605525546207,16.46986427564578,1.1274511280134902e-05
129.20000000000002,12.101197056345107,49.14862320973009,166.67732451517273,33.13399189431949,33.1339840180443,0.6164610932897503,16.469864441612874,1.1042798320204383e-05
129.25,11.225418079858235,49.35601458935712,167.69610209884797,33.13399133172841,33.13398354986697,0.616461622800557,16.469864605114974,1.0814702591233072e-05
129.3,10.346090108344653,49.547801759193405,168.71487966066826,33.133990775881166,33.133983089079884,0.6164621412670073,16.46986476615047,1.0590216135142327e-05
129.35,9.463491147086172,49.72392408482378,169.7336572008955,33.13399022682393,33.133982635667024,0.6164626488684632,16.46986492471943,1.036932900433385e-05
129.4,8.577900235490423,49.88432588437419,170.75243471979348,33.13398968459844,33.13398218960829,0.6164631457836194,16.469865080823713,1.015202911958113e-05
129.45000000000002,7.689597358870932,50.02895644611527,171.77121221762766,33.133989149242,33.133981750879755,0.6164636321903956,16.469865234466226,9.938303122680736e-06
129.5,6.798863359928158,50.157770044494534,172.78998969466483,33.13398862078755,33.133981319453795,0.6164641082658662,16.469865385651694,9.72813552380103e-06
129.55,5.905979849959477,50.27072595459227,173.8087671511731,33.13398809926371,33.13398089529908,0.6164645741861818,16.46986553438607,9.521509412024898e-06
129.6,5.011229119826191,50.3677884649964,174.8275445874217,33.13398758469481,33.133980478380956,0.6164650301264984,16.469865680676588,9.318406313241212e-06
129.65,4.114894050705698,50.44892688909227,175.84632200368085,33.13398707710096,33.133980068661245,0.6164654762608848,16.469865824531727,9.11880633225337e-06
129.70000000000002,3.217258024657053,50.51411557476391,176.86509940022148,33.133986576498124,33.13397966609868,0.6164659127622869,16.469865965961546,8.92268772645366e-06
129.75,2.318604835028182,50.56333391250358,177.88387677731512,33.13398608289816,33.13397927064889,0.6164663398024146,16.469866104976717,8.730028042691629e-06
129.8,1.41921859673308,50.59656634192706,178.90265413523392,33.133985596308925,33.13397888226447,0.6164667575517271,16.46986624158987,8.540802554080074e-06
129.85,0.5193836564273591,50.61380235669265,179.9214314742501,33.13398511673433,33.133978500895275,0.6164671661793335,16.46986637581388,8.354986249514695e-06
129.9,-0.3806154973894593,50.61503650782237,-179.0597912053637,33.1339846441744,33.13397812648835,0.6164675658529575,16.469866507663383,8.172552128371535e-06
129.95000000000002,-1.2804943243164826,50.60026840542414,-178.04101390333506,33.13398417862539,33.13397775898834,0.6164679567388518,16.469866637153608,7.993472479483898e-06
130.0,-2.1799683220103834,50.569502718814654,-177.0222366193916,33.13398372007989,33.13397739833726,0.6164683390017984,16.469866764301283,7.817717886382525e-06
130.05,-3.078753116132291,50.52274917504266,-176.00345935326132,33.13398326852685,33.13397704447493,0.616468712805009,16.4698668891232,7.645258932598153e-06
130.1,-3.9765645502542073,50.460022555813275,-174.98468210467252,33.13398282395171,33.13397669733889,0.6164690783101037,16.469867011637863,7.476064212141864e-06
130.15,-4.87311877569651,50.38134269281421,-173.9659048733541,33.133982386336505,33.13397635686462,0.6164694356770539,16.4698671318642,7.310101892699095e-06
130.20000000000002,-5.768132341268162,50.28673446144548,-172.94712765903574,33.13398195565995,33.13397602298563,0.6164697850641474,16.469867249822123,7.147339005086906e-06
130.25,-6.661322282881231,50.17622777295449,-171.9283504614479,33.1339815318975,33.13397569563358,0.6164701266279522,16.46986736553225,6.987741869579622e-06
130.3,-7.552406213011409,50.04985756497906,-170.90957328032198,33.1339811150215,33.133975374738434,0.6164704605232671,16.469867479015832,6.831276095908834e-06
130.35,-8.44110240997624,49.907663790501246,-169.89079611539043,33.13398070500128,33.13397506022848,0.6164707869031076,16.469867590295035,6.677906299046299e-06
130.4,-9.327129907002824,49.74969140521569,-168.87201896638695,33.13398030180322,33.1339747520305,0.6164711059186629,16.469867699392314,6.527596809746683e-06
130.45000000000002,-10.210208581056849,49.575990353316215,-167.85324183304655,33.13397990539088,33.13397445006992,0.6164714177192465,16.469867806330953,6.380311106113368e-06
130.5,-11.09005924140487,49.386615551705354,-166.83446471510555,33.1339795157251,33.133974154270774,0.6164717224523173,16.469867911135104,6.236011671489905e-06
130.55,-11.966403717881818,49.18162687263174,-165.81568761230193,33.133979132764075,33.133973864556,0.6164720202634086,16.469868013828656,6.094661415545488e-06
130.6,-12.838964948835855,48.961089124760825,-164.7969105243752,33.1339787564635,33.1339735808474,0.6164723112961354,16.46986811443678,5.956221826863839e-06
130.65,-13.70746706872276,48.725072032684956,-163.77813345106662,33.13397838677663,33.13397330306577,0.6164725956921728,16.469868212984583,5.820654536137226e-06
130.70000000000002,-14.571635495322152,48.473650214879235,-162.7593563921193,33.133978023654436,33.13397303113099,0.6164728735912064,16.469868309497638,5.687920747732278e-06
130.75,-15.431197016547976,48.206903160110215,-161.74057934727816,33.13397766704561,33.1339727649622,0.6164731451309606,16.4698684040024,5.557980671255791e-06
130.8,-16.28587987682582,47.924915202304774,-160.72180231629025,33.1339773168968,33.13397250447777,0.6164734104471492,16.469868496525,5.430795084748752e-06
130.85,-17.135413863009738,47.62777549388723,-159.70302529890455,33.133976973152585,33.13397224959545,0.6164736696735034,16.469868587092392,5.306323771492316e-06
130.9,-17.97953038981142,47.31557797759302,-158.68424829487228,33.133976635755644,33.133972000232454,0.616473922941708,16.469868675731227,5.184527083201829e-06
130.95000000000002,-18.817962584714707,46.98842135676799,-157.6654713039469,33.13397630464684,33.133971756305556,0.6164741703814514,16.46986876246928,5.0653640926157095e-06
131.0,-19.650445372348614,46.64640906416247,-156.64669432588408,33.13397597976532,33.13397151773113,0.6164744121203682,16.46986884733358,4.948794867232209e-06
131.05,-20.476715558292145,46.289649229230285,-155.62791736044198,33.13397566104859,33.133971284425286,0.6164746482840684,16.469868930352202,4.8347783376812e-06
131.1,-21.296511912284473,45.91825464394277,-154.60914040738106,33.13397534843264,33.13397105630386,0.6164748789961294,16.469869011552845,4.723274003026745e-06
131.15,-22.109575250814096,45.53234272712876,-153.5903634664643,33.13397504185202,33.1339708332826,0.6164751043780825,16.4698690909634,4.614241220224358e-06
131.20000000000002,-22.915648519060937,45.132035487351786,-152.57158653745734,33.13397474123991,33.13397061527714,0.6164753245494268,16.469869168612114,4.5076390620124585e-06
131.25,-23.714476872165434,44.717459484336224,-151.55280962012824,33.133974446528285,33.133970402203104,0.616475539627622,16.46986924452705,4.403426885346562e-06
131.3,-24.50580775579893,44.28874578895453,-150.53403271424781,33.13397415764791,33.13397019397618,0.6164757497280959,16.469869318736528,4.301563905073635e-06
131.35,-25.289390986009916,43.846029941788295,-149.51525581958953,33.13397387452851,33.1339699905122,0.6164759549642653,16.469869391268798,4.2020094781491935e-06
131.4,-26.064978828320854,43.38945191027619,-148.4964789359296,33.13397359709877,33.133969791727154,0.6164761554474936,16.469869462151895,4.104723387854392e-06
131.45000000000002,-26.83232607605059,42.91915604446235,-147.47770206304696,33.13397332528651,33.13396959753724,0.6164763512871687,16.46986953141461,4.009664564819104e-06
131.5,-27.591190127837603,42.43529103135911,-146.45892520072343,33.13397305901871,33.133969407859034,0.6164765425906538,16.469869599084547,3.916793502867222e-06
131.55,-28.341331064339542,41.93800984793871,-145.4401483487436,33.133972798221585,33.133969222609394,0.6164767294633151,16.469869665190238,3.826069701062806e-06
131.6,-29.082511724084863,41.42746971276862,-144.42137150689499,33.13397254282072,33.1339690417056,0.6164769120085509,16.469869729759814,3.7374532269041083e-06
131.65,-29.81449777845253,40.90383203630592,-143.4025946749679,33.13397229274107,33.13396886506537,0.6164770903277841,16.469869792821036,3.6509047163235664e-06
131.70000000000002,-30.5370578057561,40.36726236986636,-142.3838178527557,33.13397204790709,33.133968692606956,0.6164772645204764,16.469869854401882,3.5663846631450724e-06
131.75,-31.249963364408774,39.8179303532843,-141.36504104005456,33.1339718082428,33.13396852424912,0.6164774346841497,16.469869914530165,3.4838538454096124e-06
131.8,-31.952989065146273,39.25600966128003,-140.34626423666367,33.13397157367182,33.133968359911215,0.6164776009143935,16.46986997323344,3.403273467483814e-06
131.85,-32.6459126422847,38.6816779485515,-139.32748744238512,33.1339713441175,33.13396819951318,0.6164777633048999,16.469870030539248,3.3246048758428515e-06
131.9,-33.32851502399088,38.095116793607666,-138.3087106570241,33.1339711195029,33.133968042975695,0.6164779219474639,16.46987008647461,3.2478101275046356e-06
131.95000000000002,-34.000580401542955,37.49651164136139,-137.2899338803887,33.133970899750956,33.1339678902201,0.6164780769319904,16.46987014106664,3.1728512794870767e-06
132.0,-34.66189629755929,36.886051744499916,-136.27115711229,33.133970684784465,33.13396774116844,0.6164782283465442,16.469870194342427,3.0996905309166323e-06
132.05,-35.312253633174215,36.26393010365155,-135.2523803525421,33.13397047452617,33.133967595743556,0.6164783762773354,16.469870246328306,3.02829107567959e-06
132.1,-35.951446794139294,35.63034340636737,-134.2336036009621,33.13397026889884,33.13396745386908,0.6164785208087693,16.46987029705096,2.958615823445143e-06
132.15,-36.57927369582921,34.985491964937296,-133.21482685737013,33.13397006782529,33.13396731546947,0.6164786620234466,16.4698703465363,2.890628678642315e-06
132.20000000000002,-37.19553584713177,34.32957965306022,-132.19605012158925,33.133969871228445,33.133967180469966,0.6164788000021915,16.469870394810343,2.8242935457001295e-06
132.25,-37.80003841320184,33.66281384138816,-131.17727339344557,33.13396967903141,33.1339670487968,0.616478934824066,16.469870441898706,2.759574897481798e-06
132.3,-38.39259027705923,32.98540533196483,-130.15849667276817,33.13396949115751,33.133966920377006,0.6164790665664199,16.46987048782686,2.696437491067627e-06
132.35,-38.97300410001127,32.297568291579395,-129.1397199593891,33.13396930753033,33.13396679513857,0.6164791953048692,16.469870532619527,2.634847078297753e-06
132.4,-39.54109638088083,31.599520184056406,-128.12094325314342,33.13396912807377,33.1339666730104,0.6164793211133457,16.469870576301844,2.5747689846866706e-06
132.45000000000002,-40.09668751402102,30.891481701503373,-127.1021665538691,33.1339689527121,33.13396655392238,0.616479444064133,16.469870618898245,2.516169530508705e-06
132.5,-40.63960184609842,30.17367669453773,-126.08338986140704,33.13396878136998,33.13396643780533,0.616479564227852,16.469870660432605,2.459015746580917e-06
132.55,-41.16966773162669,29.446332101515186,-125.06461317560112,33.133968613972506,33.13396632459109,0.6164796816735105,16.469870700929167,2.403274379503273e-06
132.6,-41.68671758723308,28.709677876781896,-124.0458364962981,33.13396845044526,33.13396621421246,0.6164797964685391,16.46987074041135,2.3489131706355693e-06
132.65,-42.19058794464075,27.96394691797311,-123.0270598233476,33.13396829071434,33.13396610660328,0.6164799086787838,16.46987077890213,2.2959005718803382e-06
132.70000000000002,-42.681119502349965,27.209374992381278,-122.00828315660219,33.133968134706414,33.133966001698376,0.6164800183685486,16.469870816424628,2.244204893031565e-06
132.75,-43.1581571760021,26.44620066241691,-120.98950649591721,33.13396798234869,33.13396589943364,0.6164801256006172,16.469870853001357,2.1937952965345175e-06
132.8,-43.621550147410225,25.674665210185744,-119.97072984115087,33.133967833569045,33.13396579974596,0.6164802304362809,16.46987088865453,2.1446413711601053e-06
132.85,-44.07115191224102,24.895012561206066,-118.95195319216417,33.13396768829597,33.13396570257327,0.6164803329353745,16.469870923405978,2.0967132741134265e-06
132.9,-44.506820326332814,24.1074892072903,-117.9331765488209,33.13396754645863,33.13396560785459,0.616480433156255,16.469870957276992,2.0499818731423147e-06
132.95000000000002,-44.92841765063512,23.31234412861526,-116.9143999109876,33.13396740798691,33.13396551552997,0.6164805311558936,16.46987099028928,2.0044176096689625e-06
133.0,-45.33581059475549,22.509828715005693,-115.8956232785335,33.13396727281142,33.133965425540495,0.6164806269898548,16.46987102246313,1.9599927725266753e-06
133.05,-45.728870359099915,21.70019668645599,-114.87684665133058,33.13396714086349,33.13396533782832,0.6164807207123246,16.469871053819187,1.9166792242231168e-06
133.1,-46.10747267559341,20.883704012915214,-113.85807002925343,33.13396701207526,33.133965252336615,0.6164808123761532,16.469871084377722,1.8744493957001396e-06
133.15,-46.47149784696796,20.06060883336079,-112.83929341217932,33.133966886379646,33.13396516900968,0.6164809020328903,16.469871114158376,1.8332765705508791e-06
133.20000000000002,-46.82083078460537,19.23117137418643,-111.8205167999881,33.13396676371036,33.13396508779284,0.6164809897327572,16.469871143180235,1.7931347429112066e-06
133.25,-47.1553610449231,18.39565386693015,-110.80174019256222,33.13396664400197,33.13396500863241,0.6164810755247245,16.469871171462927,1.7539973384828045e-06
133.3,-47.47498286429148,17.554320465368296,-109.78296358978666,33.13396652718986,33.133964931475845,0.6164811594565336,16.469871199024844,1.7158393461613741e-06
133.35,-47.77959519247144,16.707437162001895,-108.7641869915489,33.13396641321029,33.13396485627159,0.6164812415746823,16.469871225884095,1.6786361811682582e-06
133.4,-48.06910172456194,15.855271703961654,-107.7454103977389,33.13396630200038,33.13396478296915,0.6164813219244891,16.469871252059068,1.642362974507705e-06
133.45000000000002,-48.34341093144728,14.998093508358233,-106.72663380824906,33.133966193498146,33.133964711519056,0.6164814005500929,16.469871277567147,1.6069961361608875e-06
133.5,-48.602436088734436,14.136173577104543,-105.70785722297424,33.1339660876425,33.133964641872886,0.6164814774945029,16.46987130242578,1.5725120761089784e-06
133.55,-48.84609530417138,13.269784411237001,-104.68908064181157,33.13396598437324,33.13396457398318,0.6164815527995913,16.46987132665164,1.5388881990929804e-06
133.6,-49.07431154353768,12.399199924762828,-103.67030406466063,33.13396588363109,33.13396450780358,0.6164816265061432,16.469871350261563,1.5061017677453492e-06
133.65,-49.28701265499927,11.524695358060628,-102.6515274914232,33.1339657853577,33.13396444328867,0.6164816986538781,16.46987137327163,1.4741310394583707e-06
133.70000000000002,-49.48413139191954,10.64654719086163,-101.6327509220034,33.133965689495625,33.13396438039407,0.6164817692814424,16.4698713956976,1.4429546979499719e-06
133.75,-49.66560543411967,9.765033054839103,-100.61397435630755,33.13396559598838,33.13396431907632,0.6164818384264805,16.469871417555424,1.412551284829533e-06
133.8,-49.83137740758146,8.880431645833566,-99.59519779424419,33.13396550478037,33.13396425929304,0.616481906125621,16.4698714388599,1.3829007627919054e-06
133.85,-49.98139490258638,7.993022635741573,-98.57642123572398,33.13396541581699,33.13396420100275,0.6164819724145261,16.469871459626116,1.3539828103148466e-06
133.9,-50.11561049028509,7.103086584095901,-97.55764468065973,33.13396532904454,33.13396414416494,0.6164820373278843,16.469871479868395,1.3257781006359437e-06
133.95000000000002,-50.233981737692346,6.210904849365106,-96.53886812896634,33.13396524441029,33.133964088740065,0.6164821008994608,16.469871499601194,1.298267164884237e-06
134.0,-50.33647122110231,5.316759500000496,-95.52009158056073,33.13396516186241,33.1339640346895,0.6164821631620967,16.46987151883822,1.2714315289485967e-06
134.05,-50.423046537920236,4.420933225258638,-94.50131503536186,33.13396508135006,33.1339639819755,0.6164822241477523,16.469871537593217,1.245252718717893e-06
134.1,-50.493680316906676,3.523709245827585,-93.48253849329066,33.13396500282331,33.13396393056135,0.616482283887521,16.469871555879244,1.2197131127322791e-06
134.15,-50.548350226831,2.6253712242851,-92.46376195426998,33.13396492623316,33.13396388041112,0.6164823424116435,16.4698715737092,1.1947953737490025e-06
134.20000000000002,-50.58703898353148,1.726203175417164,-91.4449854182246,33.13396485153159,33.13396383148982,0.616482399749529,16.46987159109575,1.1704824487424048e-06
134.25,-50.609734355379736,0.8264893764251349,-90.42620888508117,33.13396477867146,33.13396378376332,0.6164824559297841,16.46987160805128,1.1467577110124694e-06
134.3,-50.61642916714779,-0.07348572295005917,-89.40743235476812,33.133964707606594,33.13396373719836,0.6164825109802266,16.46987162458773,1.123605102293368e-06
134.35,-50.60712130227651,-0.9734375903582767,-88.38865582721573,33.13396463829172,33.13396369176249,0.6164825649279138,16.46987164071683,1.1010088485363667e-06
134.4,-50.58181370354472,-1.873081700796638,-87.36987930235603,33.133964570682494,33.13396364742416,0.61648261779915,16.469871656449893,1.0789537441269204e-06
134.45000000000002,-50.54051437213879,-2.772133626563678,-86.35110278012273,33.13396450473547,33.13396360415259,0.6164826696195149,16.46987167179813,1.0574247255590308e-06
134.5,-50.483236365122984,-3.6703091271827373,-85.33232626045128,33.13396444040812,33.13396356191782,0.6164827204138774,16.469871686772347,1.0364072977608885e-06
134.55,-50.409997791311355,-4.567324239266162,-84.31354974327876,33.133964377658806,33.13396352069069,0.6164827702064244,16.46987170138312,1.0158872498777782e-06
134.6,-50.32082180554249,-5.4628953662918995,-83.29477322854386,33.1339643164468,33.133963480442794,0.6164828190206606,16.469871715640597,9.958509394891735e-07
134.65,-50.215736601358955,-6.3567393682641145,-82.27599671618687,33.13396425673223,33.13396344114653,0.6164828668794442,16.46987172955496,9.762847241745476e-07
134.70000000000002,-50.094775402093724,-7.248573651229463,-81.2572202061496,33.13396419847611,33.133963402775,0.6164829138049868,16.469871743135826,9.571756720561098e-07
134.75,-49.95797645036639,-8.13811625662074,-80.2384436983754,33.13396414164031,33.13396336530209,0.616482959818903,16.46987175639286,9.385108512560691e-07
134.8,-49.80538299599251,-9.025085950399646,-79.21966719280913,33.13396408618759,33.13396332870235,0.6164830049421823,16.469871769334894,9.20278324656465e-07
134.85,-49.63704328230992,-9.909202311970487,-78.200890689397,33.1339640320815,33.1339632929511,0.6164830491952458,16.469871781971314,9.024655867051479e-07
134.9,-49.45301053092628,-10.790185822836705,-77.18211418808674,33.13396397928647,33.1339632580243,0.6164830925979246,16.469871794310546,8.850612687183457e-07
134.95000000000002,-49.25334292489276,-11.667757954972203,-76.16333768882741,33.133963927767745,33.13396322389864,0.6164831351695241,16.46987180636142,8.680535756866448e-07
135.0,-49.038103590309106,-12.54164125887953,-75.14456119156944,33.13396387749138,33.13396319055142,0.6164831769287957,16.469871818131722,8.514319915775559e-07
135.05,-48.80736057636592,-13.411559451307081,-74.12578469626456,33.13396382842424,33.133963157960636,0.616483217893979,16.469871829629753,8.351854319244012e-07
135.1,-48.56118683383054,-14.277237502597584,-73.10700820286577,33.13396378053398,33.133963126104895,0.6164832580827877,16.4698718408631,8.193036649117857e-07
135.15,-48.29966019198318,-15.138401723640262,-72.08823171132738,33.133963733789045,33.133963094963406,0.6164832975124739,16.46987185183964,8.037761745072203e-07
135.20000000000002,-48.022863334010765,-15.994779852399166,-71.0694552216049,33.133963688158644,33.133963064516045,0.6164833361997779,16.469871862566198,7.885937236551399e-07
135.25,-47.73088377086615,-16.84610113999033,-70.05067873365502,33.133963643612745,33.13396303474326,0.6164833741609996,16.469871873050447,7.737460805401497e-07
135.3,-47.423813813601,-17.692096436280554,-69.03190224743561,33.133963600122065,33.133963005626036,0.616483411411977,16.46987188329893,7.592244344323262e-07
135.35,-47.10175054418114,-18.5324982749807,-68.01312576290569,33.13396355765806,33.133962977145984,0.6164834479681218,16.46987189331852,7.450195482761046e-07
135.4,-46.76479578479348,-19.367040958206672,-66.99434928002536,33.133963516192914,33.133962949285234,0.616483483844398,16.469871903115543,7.311228955586557e-07
135.45000000000002,-46.41305606565438,-20.195460640481272,-65.97557279875583,33.13396347569951,33.133962922026456,0.6164835190553788,16.46987191269671,7.17525523441509e-07
135.5,-46.04664259132949,-21.017495412150428,-64.95679631905934,33.13396343615144,33.133962895352866,0.6164835536152466,16.46987192206781,7.042196159545711e-07
135.55,-45.66567120557574,-21.832885382187385,-63.93801984089919,33.13396339752296,33.133962869248215,0.6164835875377719,16.469871931234636,6.911973571277485e-07
135.6,-45.27026235471673,-22.641372760358717,-62.91924336423963,33.13396335978906,33.13396284369667,0.6164836208363695,16.46987194020334,6.784505046653067e-07
135.65,-44.86054104956286,-23.44270193872614,-61.90046688904592,33.13396332292531,33.13396281868299,0.6164836535240639,16.469871948979197,6.659719531398878e-07
135.70000000000002,-44.436636825888506,-24.23661957245841,-60.881690415284254,33.133963286908006,33.13396279419231,0.6164836856135665,16.469871957568053,6.537538865813985e-07
135.75,-43.99868370347847,-25.022874659927673,-59.86291394292178,33.13396325171403,33.13396277021034,0.6164837171172195,16.46987196597447,6.417900522137643e-07
135.8,-43.5468201437569,-25.801218622065075,-58.84413747192648,33.13396321732091,33.13396274672315,0.6164837480470311,16.469871974203983,6.300730603925331e-07
135.85,-43.08118900601188,-26.571405380950402,-57.82536100226722,33.13396318370679,33.13396272371725,0.6164837784147039,16.469871982261573,6.185962320159888e-07
135.9,-42.60193750222968,-27.333191437610996,-56.80658453391379,33.13396315085039,33.133962701179634,0.616483808231628,16.469871990151724,6.073534564166039e-07
135.95000000000002,-42.10921715055279,-28.086335949005324,-55.78780806683674,33.13396311873105,33.133962679097685,0.6164838375088806,16.46987199787908,5.963384808183037e-07
136.0,-41.60318372737662,-28.830600804166853,-54.76903160100742,33.13396308732867,33.133962657459165,0.6164838662572549,16.469872005448288,5.855450524450134e-07
136.05,-41.083997218099896,-29.565750699484163,-53.75025513639799,33.1339630566237,33.133962636252235,0.6164838944872599,16.469872012863554,5.749674869548471e-07
136.1,-40.55182176654435,-30.29155321309351,-52.731478672981346,33.133963026597165,33.13396261546549,0.6164839222091345,16.469872020129085,5.646001000059186e-07
136.15,-40.0068256230597,-31.007778878360302,-51.71270221073115,33.13396299723061,33.133962595087816,0.6164839494328476,16.469872027248865,5.544374914734362e-07
136.20000000000002,-39.449181091330345,-31.71420125642625,-50.693925749621755,33.133962968506125,33.13396257510853,0.6164839761681193,16.469872034226892,5.444742612326081e-07
136.25,-38.87906447390057,-32.410597007799296,-49.67514928962822,33.1339629404063,33.133962555517236,0.6164840024244072,16.46987204106682,5.34705435484284e-07
136.3,-38.29665601643548,-33.096745962963645,-48.65637283072628,33.13396291291422,33.133962536303905,0.616484028210948,16.469872047772565,5.251257562122191e-07
136.35,-37.702139850735286,-33.772431191987586,-47.637596372892325,33.133962886013485,33.133962517458855,0.6164840535367233,16.46987205434733,5.157308180514519e-07
136.4,-37.095703936521005,-34.43743907310712,-46.6188199161034,33.133962859688154,33.13396249897267,0.6164840784105152,16.469872060794927,5.065155050942849e-07
136.45000000000002,-36.47754000200991,-35.091559360263666,-45.600043460337105,33.13396283392276,33.13396248083629,0.6164841028408645,16.46987206711824,4.974758383013977e-07
136.5,-35.84784348329954,-35.73458524957454,-44.581267005571746,33.1339628087023,33.133962463040945,0.616484126836113,16.469872073320865,4.886069859821873e-07
136.55,-35.206813462579476,-36.36631344471517,-43.5624905517861,33.1339627840122,33.13396244557809,0.6164841504043892,16.469872079405704,4.799049690973334e-07
136.6,-34.554652605190356,-36.986544221192354,-42.543714098959605,33.13396275983833,33.1339624284396,0.616484173553637,16.469872085375894,4.7136552439042134e-07
136.65,-33.89156709555008,-37.5950814894883,-41.524937647072186,33.133962736167,33.13396241161745,0.6164841962916157,16.469872091234123,4.6298495703922526e-07
136.70000000000002,-33.2177665719674,-38.19173285705542,-40.50616119610434,33.13396271298489,33.133962395104035,0.616484218625871,16.469872096983096,4.547595722215192e-07
136.75,-32.533464060363606,-38.7763096891423,-39.48738474603704,33.13396269027911,33.13396237889188,0.6164842405637785,16.469872102625974,4.4668510668088857e-07
136.8,-31.838875906923125,-39.348627168431676,-38.4686082968518,33.13396266803717,33.133962362973826,0.6164842621125644,16.46987210816523,4.3875814981220174e-07
136.85,-31.13422170969446,-39.90850435347142,-37.44983184853059,33.13396264624693,33.13396234734292,0.6164842832792701,16.469872113603007,4.309757173359685e-07
136.9,-30.41972424916301,-40.45576423588024,-36.43105540105588,33.13396262489664,33.133962331992464,0.6164843040707737,16.469872118942025,4.2333411442996294e-07
136.95000000000002,-29.695609417817728,-40.99023379630982,-35.41227895441055,33.133962603974915,33.13396231691598,0.6164843244937828,16.469872124184672,4.158300725976005e-07
137.0,-28.962106148733938,-41.51174405914593,-34.393502508577974,33.133962583470705,33.13396230210713,0.616484344554884,16.46987212933345,4.084601812337496e-07
137.05,-28.219446343194818,-42.02013014593096,-33.37472606354191,33.13396256337331,33.133962287559875,0.6164843642605007,16.46987213439005,4.012220244931086e-07
137.1,-27.4678647973745,-42.5152313274912,-32.35594961928658,33.13396254367235,33.13396227326835,0.6164843836169069,16.469872139356873,3.9411233387909306e-07
137.15,-26.707599128105898,-42.99689107475224,-31.33717317579656,33.13396252435778,33.13396225922688,0.6164844026302561,16.469872144236103,3.8712812511221273e-07
137.20000000000002,-25.938889697756807,-43.46495710822656,-30.318396733056854,33.13396250541986,33.13396224542994,0.616484421306545,16.46987214902945,3.8026698234716605e-07
137.25,-25.16197953823795,-43.91928144615749,-29.299620291052847,33.13396248684915,33.13396223187225,0.6164844396516642,16.46987215373921,3.735257791959157e-07
137.3,-24.37711427416706,-44.359720451304554,-28.28084384977024,33.13396246863651,33.13396221854865,0.616484457671362,16.469872158366886,3.669023840302543e-07
137.35,-23.584542045213247,-44.7861348763551,-27.262067409195144,33.13396245077309,33.13396220545417,0.6164844753712799,16.469872162914548,3.6039395467923896e-07
137.4,-22.78451342764623,-45.198389907948176,-26.24329096931399,33.13396243325031,33.13396219258397,0.616484492756932,16.469872167383702,3.539983595146623e-07
137.45000000000002,-21.977281355115217,-45.596355209296526,-25.224514530113552,33.13396241605986,33.13396217993342,0.6164845098337253,16.469872171776217,3.477130405826756e-07
137.5,-21.16310103868247,-45.97990496139327,-24.205738091580905,33.133962399193685,33.133962167498,0.6164845266069463,16.469872176093585,3.415358662550716e-07
137.55,-20.34222988613689,-46.348917902790305,-23.186961653703452,33.133962382643986,33.13396215527331,0.6164845430817749,16.469872180337575,3.354644206865487e-07
137.6,-19.514927420613073,-46.70327736793581,-22.168185216468903,33.133962366403225,33.133962143255125,0.6164845592633128,16.4698721845097,3.294965722488996e-07
137.65,-18.68145519854157,-47.042871324058694,-21.149408779865272,33.133962350464074,33.13396213143937,0.6164845751565409,16.469872188611017,3.236307577481057e-07
137.70000000000002,-17.84207672695634,-47.367592406588365,-20.130632343880833,33.13396233481945,33.13396211982209,0.6164845907663263,16.46987219264329,3.178645613388653e-07
137.75,-16.997057380185495,-47.677337953098686,-19.111855908504136,33.1339623194625,33.133962108399366,0.6164846060974725,16.46987219660818,3.121957092844241e-07
137.8,-16.146664315951693,-47.97201003576524,-18.093079473724007,33.133962304386564,33.13396209716751,0.616484621154683,16.469872200506522,3.066229226078576e-07
137.85,-15.291166390908685,-48.251515492325765,-17.074303039529536,33.1339622895852,33.13396208612291,0.6164846359425553,16.469872204339733,3.011442117895058e-07
137.9,-14.430834075640766,-48.51576595553395,-16.055526605910057,33.13396227505218,33.13396207526201,0.6164846504656225,16.469872208109372,2.957574452011613e-07
137.95000000000002,-13.565939369151938,-48.7646778810972,-15.036750172855136,33.13396226078145,33.13396206458145,0.6164846647283184,16.469872211816284,2.9046134386589983e-07
138.0,-12.696755712871884,-48.998172574089644,-14.017973740354602,33.13396224676716,33.133962054077934,0.6164846787350058,16.46987221546191,2.852539182640612e-07
138.05,-11.82355790420589,-49.21617621383198,-12.999197308398475,33.13396223300365,33.13396204374822,0.616484692489955,16.469872219047218,2.8013374731017393e-07
138.1,-10.946622009656082,-49.418619877230284,-11.980420876977014,33.133962219485404,33.13396203358918,0.6164847059973866,16.46987222257355,2.75098983593125e-07
138.15,-10.066225277541418,-49.60543956056644,-10.9616444460807,33.1339622062071,33.1339620235978,0.6164847192614076,16.469872226041513,2.701486323530844e-07
138.20000000000002,-9.182646050344058,-49.776576199733256,-9.942868015700194,33.133962193163576,33.133962013771146,0.6164847322860894,16.469872229452815,2.6528041985329764e-07
138.25,-8.296163676709787,-49.93197568890793,-8.92409158582639,33.13396218034983,33.133962004106365,0.616484745075411,16.469872232807848,2.60493635551029e-07
138.3,-7.407058423130357,-50.07158889765788,-7.905315156450381,33.13396216776101,33.13396199460068,0.6164847576332804,16.469872236107957,2.557864320351655e-07
138.35,-6.515611385335627,-50.19537168647363,-6.886538727563389,33.13396215539242,33.13396198525134,0.6164847699635629,16.469872239354135,2.511573882202356e-07
138.4,-5.622104399423549,-50.30328492072371,-5.8677622991568885,33.133962143239486,33.13396197605579,0.6164847820700317,16.469872242546902,2.466056514549564e-07
138.45000000000002,-4.72681995275607,-50.39529448302735,-4.848985871222485,33.13396213129779,33.13396196701138,0.6164847939564027,16.46987224568763,2.421293743282149e-07
138.5,-3.8300410946491477,-50.47137128404082,-3.8302094437519845,33.133962119563044,33.13396195811565,0.6164848056263352,16.46987224877706,2.3772741997163394e-07
138.55,-2.9320513468850855,-50.531491271654225,-2.8114330167373462,33.133962108031085,33.133961949366196,0.6164848170834318,16.469872251815985,2.3339865151683625e-07
138.6,-2.0331346140755073,-50.57563543859566,-1.7926565901706828,33.13396209669788,33.133961940760585,0.6164848283312239,16.46987225480518,2.2914193209544464e-07
138.65,-1.1335750939032931,-50.60378982844051,-0.7738801640442846,33.1339620855595,33.13396193229653,0.6164848393732001,16.46987225774564,2.249558406219876e-07
138.70000000000002,-0.23365718727185836,-50.61594554002381,0.24489626164940564,33.13396207461215,33.13396192397182,0.6164848502127782,16.46987226063791,2.2083952444518218e-07
138.75,0.6663345916098146,-50.612098730254395,1.263672686917843,33.133962063852124,33.13396191578415,0.6164848608533333,16.469872263483026,2.167915624795569e-07
138.8,1.5661157051779675,-50.59225061532993,2.2824491117682792,33.13396205327584,33.133961907731454,0.6164848712981765,16.469872266281516,2.128111020738288e-07
138.85,2.4654016824722413,-50.55640747035236,3.301225536207864,33.13396204287981,33.13396189981158,0.6164848815505692,16.46987226903431,2.0889686425107357e-07
138.9,3.3639082090727936,-50.50458062734402,4.320001960243594,33.13396203266065,33.133961892022484,0.6164848916137231,16.46987227174205,2.050478542514611e-07
138.95000000000002,4.261351216987926,-50.436786471664924,5.338778383882341,33.133962022615066,33.13396188436217,0.6164849014908,16.469872274405432,2.0126307731516135e-07
139.0,5.157446974463798,-50.35304643683245,6.357554807130846,33.13396201273986,33.13396187682866,0.6164849111849193,16.46987227702512,1.9754153868234425e-07
139.05,6.0519121756878445,-50.253386997745,7.376331229995726,33.13396200303191,33.13396186942001,0.6164849206991505,16.469872279601685,1.938823857017269e-07
139.1,6.944464030357522,-50.13783966231177,8.395107652483468,33.13396199348821,33.13396186213436,0.6164849300365063,16.469872282135796,1.902846236134792e-07
139.15,7.8348203530860765,-50.006440961491386,9.413884074600459,33.13396198410579,33.133961854969876,0.6164849391999496,16.46987228462827,1.8674711554922396e-07
139.20000000000002,8.722699652617067,-49.85923243774239,10.432660496352984,33.13396197488179,33.13396184792468,0.6164849481924151,16.469872287079774,1.8326886674913112e-07
139.25,9.607821220819428,-49.69626063188937,11.451436917747175,33.13396196581343,33.13396184099707,0.6164849570167803,16.46987228949066,1.7984930877901206e-07
139.3,10.489905221434949,-49.51757706840879,12.470213338789087,33.13396195689797,33.13396183418526,0.6164849656758804,16.469872291861726,1.7648730477048957e-07
139.35,11.368672778550103,-49.32323823913923,13.488989759484676,33.13396194813277,33.13396182748753,0.616484974172522,16.46987229419354,1.7318200207228074e-07
139.4,12.243846064764261,-49.11330558542116,14.507766179839766,33.13396193951526,33.13396182090223,0.6164849825094478,16.469872296486464,1.6993283225019695e-07
139.45000000000002,13.115148389026407,-48.88784547867191,15.526542599860084,33.1339619310429,33.133961814427714,0.6164849906893863,16.469872298741414,1.6673851632731385e-07
139.5,13.98230428411259,-48.64692919940195,16.54531901955128,33.13396192271324,33.13396180806236,0.6164849987149879,16.469872300958485,1.6359877008653712e-07
139.55,14.845039593716464,-48.39063291467916,17.564095438918898,33.13396191452389,33.13396180180453,0.6164850065889027,16.46987230313888,1.605120303338481e-07
139.6,15.703081559125364,-48.119037654048135,18.582871857968385,33.13396190647251,33.13396179565271,0.6164850143137173,16.469872305282458,1.5747829706924676e-07
139.65,16.556158905454527,-47.83222928391227,19.60164827670508,33.133961898556805,33.13396178960535,0.6164850218919824,16.469872307390148,1.5449629131580878e-07
139.70000000000002,17.404001927412207,-47.53029848038658,20.620424695134282,33.13396189077456,33.13396178366092,0.6164850293262276,16.46987230946244,1.5156530253079836e-07
139.75,18.24634257456852,-47.2133407006299,21.63920111326118,33.13396188312358,33.13396177781792,0.6164850366189256,16.469872311499557,1.4868490438857407e-07
139.8,19.082914536101136,-46.88145615266559,22.657977531090832,33.13396187560175,33.13396177207492,0.6164850437725136,16.46987231350233,1.4585396002075868e-07
139.85,19.913453324990954,-46.53474976370018,23.67675394862831,33.13396186820698,33.13396176643044,0.6164850507894002,16.469872315471232,1.4307175888461643e-07
139.9,20.73769636164118,-46.17333114695,24.69553036587852,33.13396186093723,33.13396176088305,0.6164850576719587,16.469872317406626,1.4033773254595872e-07
139.95000000000002,21.55538305689338,-45.79731456698638,25.714306782846318,33.133961853790495,33.13396175543136,0.6164850644225268,16.46987231930899,1.3765117046204978e-07
140.0,22.366254894414205,-45.4068189036102,26.733083199536495,33.13396184676484,33.133961750073986,0.6164850710434067,16.4698723211788,1.3501136209015385e-07
140.05,23.170055512426824,-45.00196761426739,27.751859615953727,33.13396183985835,33.133961744809554,0.6164850775368649,16.469872323016528,1.3241759688753518e-07
140.1,23.96653078476115,-44.58288869501714,28.770636032102676,33.13396183306915,33.133961739636696,0.6164850839051326,16.469872324822678,1.29869164311458e-07
140.15,24.755428901197284,-44.149714640065184,29.78941244798789,33.13396182639541,33.13396173455411,0.6164850901504195,16.469872326597713,1.2736535381918657e-07
140.20000000000002,25.536500447076747,-43.70258239987503,30.808188863613854,33.133961819835314,33.13396172956046,0.6164850962748858,16.4698723283419,1.249057390850794e-07
140.25,26.30949848215635,-43.24163333787026,31.826965278984964,33.13396181338711,33.133961724654476,0.616485102280663,16.469872330055956,1.2248932534930645e-07
140.3,27.074178618679763,-42.7670131857417,32.84574169410558,33.13396180704907,33.13396171983486,0.6164851081698615,16.469872331740255,1.201155441776791e-07
140.35,27.830299098642094,-42.278871997373486,33.864518108979986,33.13396180081948,33.13396171510034,0.616485113944556,16.469872333395045,1.1778396924455592e-07
140.4,28.577620870223054,-41.777364101402654,34.88329452361239,33.13396179469668,33.13396171044971,0.6164851196067858,16.46987233502084,1.1549389000720112e-07
140.45000000000002,29.31590766336457,-41.26264805242728,35.90207093800694,33.13396178867904,33.13396170588168,0.6164851251585688,16.469872336618096,1.1324459592287894e-07
140.5,30.044926064468893,-40.73488658087853,36.92084735216771,33.13396178276495,33.13396170139509,0.6164851306018662,16.469872338187102,1.1103566066594794e-07
140.55,30.764445590193645,-40.194246541572504,37.93962376609875,33.133961776952816,33.133961696988685,0.6164851359386532,16.4698723397287,1.088659473680309e-07
140.6,31.474238760320453,-39.6408988609581,38.95840017980399,33.13396177124109,33.13396169266129,0.6164851411708341,16.469872341242564,1.0673574024622212e-07
140.65,32.174081169674096,-39.075018483077685,39.977176593287346,33.13396176562824,33.13396168841172,0.6164851463003131,16.46987234272977,1.0464361821505008e-07
140.70000000000002,32.86375155906949,-38.496784314257475,40.995953006552675,33.13396176011278,33.13396168423887,0.6164851513289378,16.469872344190243,1.0258958127451479e-07
140.75,33.54303188526406,-37.90637916654533,42.01472941960374,33.13396175469322,33.1339616801415,0.6164851562585554,16.469872345624836,1.0057249255623901e-07
140.8,34.211707389893306,-37.303989699913636,43.03350583244428,33.1339617493681,33.13396167611853,0.6164851610909778,16.469872347033466,9.859235206022277e-08
140.85,34.86956666736794,-36.68980636324571,44.05228224507795,33.13396174413598,33.133961672168816,0.6164851658279673,16.469872348416633,9.664844924373028e-08
140.9,35.516401731710936,-36.06402333412428,45.07105865750837,33.13396173899547,33.13396166829125,0.616485170471293,16.469872349775066,9.47397893469315e-08
140.95000000000002,36.15200808231348,-35.426838457441136,46.089835069739095,33.13396173394517,33.133961664484744,0.6164851750226674,16.46987235110859,9.286651447837357e-08
141.0,36.77618476858902,-34.77845318284733,47.10861148177363,33.13396172898371,33.13396166074821,0.6164851794837958,16.46987235241805,9.102748776967928e-08
141.05,37.388734453504924,-34.11907250106371,48.12738789361542,33.13396172410974,33.13396165708058,0.6164851838563408,16.469872353703497,8.922256711230148e-08
141.1,37.989463475971725,-33.44890487907196,49.146164305267874,33.133961719321945,33.133961653480775,0.6164851881419509,16.469872354965545,8.745089985495724e-08
141.15,38.57818191207016,-32.76816219420652,50.16494071673436,33.133961714619005,33.13396164994772,0.6164851923422532,16.46987235620436,8.571220178055228e-08
141.20000000000002,39.15470363509671,-32.07705966716838,51.18371712801813,33.133961709999625,33.13396164648043,0.6164851964588252,16.469872357420222,8.400604656344512e-08
141.25,39.71884637440861,-31.375815793981836,52.20249353912246,33.13396170546254,33.13396164307783,0.6164852004932513,16.469872358613873,8.233143944380572e-08
141.3,40.27043177304978,-30.664652276915707,53.22126995005051,33.133961701006484,33.13396163973894,0.6164852044470663,16.46987235978512,8.068852253018122e-08
141.35,40.809285444139334,-29.94379395439088,54.24004636080549,33.13396169663023,33.133961636462715,0.6164852083217909,16.469872360934733,7.907630106274155e-08
141.4,41.33523702600505,-29.213468729896377,55.258822771390456,33.133961692332555,33.133961633248205,0.6164852121189099,16.469872362062862,7.749449082439241e-08
141.45000000000002,41.84812023604416,-28.473907499936352,56.277599181808455,33.133961688112244,33.1339616300944,0.6164852158399086,16.46987236317003,7.594238127239805e-08
141.5,42.347772923294514,-27.725344081030844,57.29637559206248,33.13396168396812,33.13396162700033,0.6164852194862291,16.469872364256158,7.441997240675846e-08
141.55,42.834037119699566,-26.968015135793344,58.31515200215555,33.13396167989899,33.13396162396505,0.6164852230592857,16.46987236532191,7.292641157619073e-08
141.6,43.306759090050875,-26.20216009810855,59.333928412090565,33.13396167590371,33.13396162098755,0.616485226560485,16.469872366367664,7.146113034650625e-08
141.65,43.765789380592345,-25.428021097433984,60.35270482187036,33.133961671981126,33.13396161806694,0.6164852299911985,16.46987236739348,7.002398660915787e-08
141.70000000000002,44.210982866270896,-24.645842882249372,61.371481231497796,33.13396166813011,33.13396161520225,0.6164852333527904,16.469872368399894,6.861426982140983e-08
141.75,44.64219879661857,-23.855872742678017,62.39025764097562,33.13396166434955,33.13396161239263,0.6164852366465752,16.46987236938696,6.723183787471498e-08
141.8,45.0593008402516,-23.058360432304596,63.40903405030657,33.13396166063834,33.13396160963711,0.6164852398738674,16.469872370355404,6.587569600924326e-08
141.85,45.462157127972354,-22.25355808921416,64.42781045949337,33.133961656995396,33.133961606934825,0.6164852430359531,16.469872371305215,6.454584422499465e-08
141.9,45.85064029446052,-21.441720156277217,65.44658686853863,33.13396165341964,33.13396160428486,0.6164852461341042,16.469872372236775,6.324171408778057e-08
141.95000000000002,46.22462751854039,-20.623103300706166,66.46536327744498,33.133961649910006,33.13396160168639,0.6164852491695498,16.469872373150267,6.196302138050669e-08
142.0,46.58400056201147,-19.797966332908498,67.48413968621499,33.133961646465465,33.13396159913848,0.6164852521435265,16.46987237404634,6.070891345189011e-08
142.05,46.928645807030165,-18.966570124662393,68.5029160948512,33.133961643084966,33.13396159664028,0.6164852550572277,16.46987237492482,5.9479532410477987e-08
142.1,47.258454292030706,-18.129177526640625,69.52169250335608,33.133961639767485,33.13396159419101,0.6164852579118403,16.46987237578635,5.82740256049874e-08
142.15,47.57332174617395,-17.28605328530881,70.5404689117321,33.133961636512026,33.133961591789735,0.6164852607085223,16.46987237663099,5.70922509268712e-08
142.20000000000002,47.87314862231324,-16.437463959224303,71.55924531998168,33.133961633317575,33.13396158943569,0.6164852634484106,16.469872377459172,5.593363994194078e-08
142.25,48.15784012846675,-15.583677834762184,72.57802172810713,33.13396163018316,33.13396158712807,0.6164852661326208,16.469872378271194,5.4797766324554686e-08
142.3,48.42730625778656,-14.724964841294986,73.5967981361108,33.1339616271078,33.13396158486606,0.6164852687622613,16.469872379067347,5.368420374907146e-08
142.35,48.68146181701481,-13.861596465852974,74.61557454399504,33.13396162409053,33.13396158264881,0.6164852713384121,16.469872379847697,5.2592810106943944e-08
142.4,48.92022645341801,-12.993845667291978,75.63435095176203,33.13396162113041,33.133961580475614,0.616485273862132,16.469872380612664,5.152301696398354e-08
142.45000000000002,49.14352468019107,-12.121986789995884,76.65312735941407,33.13396161822649,33.13396157834564,0.6164852763344655,16.469872381362567,5.047439799454878e-08
142.5,49.351285900322836,-11.246295477141086,77.67190376695328,33.13396161537786,33.13396157625813,0.6164852787564428,16.46987238209757,4.944666898154537e-08
142.55,49.54344442891574,-10.367048583550321,78.69068017438181,33.1339616125836,33.133961574212364,0.6164852811290586,16.46987238281789,4.8439545707879006e-08
142.6,49.71993951395248,-9.484524088163438,79.70945658170179,33.13396160984279,33.133961572207554,0.616485283453315,16.46987238352403,4.745231763081392e-08
142.65,49.8807153555031,-8.59900100615276,80.72823298891531,33.13396160715456,33.13396157024298,0.616485285730171,16.469872384215847,4.6485126858897274e-08
142.70000000000002,50.025721123366445,-7.710759300710844,81.74700939602441,33.13396160451802,33.133961568317886,0.616485287960586,16.469872384894014,4.553712074084615e-08
142.75,50.15491097314043,-6.82007979453852,82.76578580303106,33.1339616019323,33.133961566431616,0.6164852901454907,16.46987238555846,4.4608299276660546e-08
142.8,50.268244060716015,-5.927244081061183,83.78456220993732,33.133961599396535,33.133961564583366,0.6164852922858088,16.46987238620963,4.369809403215186e-08
142.85,50.36568455519028,-5.032534435401423,84.80333861674505,33.133961596909884,33.133961562772534,0.6164852943824357,16.4698723868476,4.280636289877293e-08
142.9,50.44720165019458,-4.136233725136135,85.8221150234562,33.133961594471494,33.13396156099837,0.6164852964362595,16.469872387472783,4.193253744233516e-08
142.95000000000002,50.51276957363416,-3.2386253208663103,86.8408914300726,33.13396159208056,33.13396155926024,0.616485298448147,16.46987238808527,4.107647555429139e-08
143.0,50.562367595836136,-2.3399930066278047,87.85966783659612,33.13396158973625,33.13396155755746,0.6164853004189439,16.469872388685374,4.023775090900017e-08
143.05,50.595980036103306,-1.4406208901713926,88.87844424302855,33.13396158743777,33.13396155588938,0.6164853023494956,16.469872389273394,3.941593718082004e-08
143.1,50.61359626767168,-0.5407933131404764,89.89722064937172,33.13396158518431,33.133961554255315,0.6164853042406193,16.469872389849304,3.8611034369750996e-08
143.15,50.615210721070206,0.35920523882514976,90.9159970556273,33.1339615829751,33.13396155265467,0.6164853060931108,16.469872390413535,3.782247404160444e-08
143.20000000000002,50.60082288588157,1.259090226031062,91.93477346179709,33.13396158080935,33.13396155108678,0.6164853079077659,16.469872390966394,3.7049829870738904e-08
143.25,50.570437310903586,2.158577144687057,92.95354986788277,33.13396157868631,33.13396154955102,0.6164853096853662,16.46987239150785,3.62931018571544e-08
143.3,50.524063602711045,3.0573816168546544,93.97232627388595,33.133961576605216,33.133961548046784,0.616485311426672,16.469872392038095,3.555200578375661e-08
143.35,50.46171642261855,3.9552194803548044,94.99110267980828,33.133961574565326,33.13396154657351,0.616485313132408,16.469872392557463,3.4826115324904094e-08
143.4,50.383415482045265,4.851806878607389,96.00987908565136,33.13396157256591,33.13396154513056,0.6164853148033203,16.469872393066495,3.411471993786108e-08
143.45000000000002,50.28918553628302,5.746860350374101,97.02865549141679,33.133961570606246,33.13396154371733,0.6164853164401336,16.4698723935648,3.341824594826903e-08
143.5,50.17905637666979,6.640096919376336,98.04743189710608,33.133961568685606,33.13396154233327,0.6164853180435301,16.469872394052704,3.273626703048649e-08
143.55,50.05306282117099,7.531234183759759,99.06620830272078,33.1339615668033,33.133961540977815,0.6164853196142133,16.469872394530885,3.206793053323054e-08
143.6,49.91124470337157,8.419990405377268,100.08498470826235,33.13396156495862,33.13396153965041,0.6164853211528509,16.46987239499894,3.141366278214264e-08
143.65,49.753646859882416,9.30608459886212,101.10376111373226,33.13396156315089,33.133961538350476,0.616485322660111,16.469872395457454,3.077275323448703e-08
143.70000000000002,49.58031911616497,10.189236620463056,102.12253751913195,33.13396156137943,33.13396153707751,0.616485324136633,16.46987239590637,3.0145201890263706e-08
143.75,49.39131627077866,11.069167256613358,103.14131392446285,33.13396155964358,33.13396153583094,0.6164853255830707,16.469872396346144,2.9530440315284068e-08
143.8,49.18669807805597,11.94559831220581,104.16009032972626,33.133961557942676,33.13396153461031,0.6164853270000279,16.469872396776502,2.8928752726642415e-08
143.85,48.96652922921081,12.81825269854567,105.17886673492362,33.13396155627608,33.13396153341504,0.6164853283881229,16.46987239719824,2.8339144364508684e-08
143.9,48.730879331886015,13.686854520953851,106.19764314005624,33.13396155464315,33.13396153224464,0.6164853297479596,16.4698723976111,2.776189944597718e-08
143.95000000000002,48.47982288814646,14.551129165992593,107.2164195451254,33.13396155304325,33.13396153109865,0.6164853310801277,16.46987239801528,2.7196733753953595e-08
144.0,48.213439270924816,15.410803388286082,108.23519595013244,33.13396155147578,33.133961529976524,0.6164853323851887,16.469872398410995,2.664336307134363e-08
144.05,47.93181269892737,16.265605396908526,109.25397235507856,33.13396154994012,33.13396152887783,0.6164853336637179,16.469872398798685,2.6101218963958672e-08
144.1,47.63503221000774,17.115264941312418,110.27274875996503,33.13396154843567,33.133961527802036,0.6164853349162627,16.469872399178083,2.557058564889303e-08
144.15,47.32319163301713,17.959513396769793,111.29152516479309,33.13396154696184,33.13396152674871,0.6164853361433629,16.469872399549654,2.5050894691958092e-08
144.20000000000002,46.99638955813972,18.798083849299466,112.31030156956389,33.13396154551805,33.13396152571739,0.6164853373455514,16.469872399913466,2.454200398460671e-08
144.25,46.65472930572285,19.630711180053417,113.32907797427862,33.13396154410371,33.133961524707615,0.6164853385233471,16.46987240026963,2.4043771418291726e-08
144.3,46.29831889361173,20.457132149135624,114.34785437893838,33.133961542718275,33.13396152371899,0.6164853396772614,16.469872400618343,2.355591277591884e-08
144.35,45.92727100299891,21.277085478826876,115.36663078354431,33.13396154136118,33.13396152275105,0.6164853408077917,16.469872400959712,2.3078285948940902e-08
144.4,45.541702942799525,22.090311936189206,116.38540718809752,33.13396154003189,33.1339615218034,0.6164853419154142,16.469872401293934,2.2610606720263604e-08
144.45000000000002,45.14173661256341,22.896554415023864,117.40418359259911,33.13396153872985,33.13396152087551,0.6164853430006261,16.469872401621352,2.215244876424549e-08
144.5,44.727498463935845,23.695558017156923,118.42295999705014,33.13396153745454,33.13396151996711,0.6164853440638751,16.469872401941586,2.170423840652802e-08
144.55,44.29911946067914,24.487070133026787,119.44173640145159,33.13396153620544,33.13396151907773,0.6164853451056374,16.469872402255433,2.1264980887281126e-08
144.6,43.85673503726769,25.27084052154815,120.4605128058045,33.133961534982035,33.133961518207016,0.6164853461263462,16.469872402562416,2.0835244640693418e-08
144.65,43.40048505606962,26.046621389227138,121.47928921010987,33.13396153378382,33.133961517354535,0.6164853471264564,16.469872402863196,2.0414177015481982e-08
144.70000000000002,42.93051376312847,26.814167468502657,122.49806561436874,33.13396153261029,33.13396151651992,0.6164853481063872,16.46987240315742,2.0002204337288276e-08
144.75,42.44696974255896,27.573236095289115,123.516842018582,33.13396153146098,33.13396151570275,0.616485349066572,16.469872403445645,1.959861606337654e-08
144.8,41.95000586957134,28.323587285696075,124.53561842275064,33.1339615303354,33.133961514902744,0.6164853500074088,16.469872403727628,1.9203696410841076e-08
144.85,41.43977926213895,29.06498381190053,125.55439482687551,33.13396152923307,33.13396151411949,0.6164853509293096,16.46987240400392,1.8816734836946125e-08
144.9,40.9164512313245,29.797191277147824,126.57317123095758,33.13396152815352,33.13396151335266,0.6164853518326652,16.46987240427429,1.8438015558785992e-08
144.95000000000002,40.38018723028067,30.51997818985755,127.59194763499774,33.13396152709632,33.13396151260187,0.6164853527178664,16.469872404539036,1.806711225071922e-08
145.0,39.831156801941106,31.233116036810912,128.6107240389968,33.133961526061,33.13396151186679,0.6164853535852899,16.469872404798174,1.7704024912745808e-08
145.05,39.26953352541851,31.936379355396504,129.62950044295567,33.133961525047134,33.1339615111471,0.6164853544353122,16.469872405051916,1.7348469327771454e-08
145.1,38.69549496112655,32.62954580489159,130.64827684687512,33.13396152405427,33.13396151044252,0.6164853552682814,16.469872405300233,1.7000445495796157e-08
145.15,38.109222594643164,33.31239623675641,131.66705325075597,33.133961523082,33.13396150975266,0.6164853560845742,16.469872405543594,1.665938498263131e-08
145.20000000000002,37.51090177933283,33.984714763919236,132.68582965459908,33.13396152212991,33.133961509077224,0.6164853568845245,16.469872405781487,1.6325856222465518e-08
145.25,36.90072167774606,34.64628882903028,133.70460605840523,33.13396152119757,33.13396150841591,0.6164853576684735,16.46987240601463,1.5999006564015872e-08
145.3,36.27887520181455,35.296909271662976,134.72338246217515,33.13396152028459,33.1339615077684,0.6164853584367549,16.469872406242864,1.5678978115829523e-08
145.35,35.645558951860984,35.93637039444118,135.7421588659096,33.13396151939058,33.133961507134416,0.6164853591896957,16.46987240646631,1.536562876935932e-08
145.4,35.00097315444273,36.564470028071604,136.76093526960935,33.133961518515136,33.13396150651364,0.6164853599276228,16.469872406685063,1.5058816416058107e-08
145.45000000000002,34.34532159904904,37.1810095952608,137.77971167327507,33.13396151765789,33.133961505905845,0.6164853606508345,16.46987240689911,1.4758541055925889e-08
145.5,33.67881157367187,37.785794173496484,138.7984880769075,33.13396151681846,33.1339615053107,0.6164853613596435,16.469872407108895,1.4464234254774055e-08
145.55,33.00165379927056,38.37863255667343,139.81726448050728,33.133961515996475,33.13396150472796,0.6164853620543553,16.469872407314195,1.4176180229696911e-08
145.6,32.3140623631512,38.959337315544346,140.83604088407512,33.13396151519158,33.133961504157384,0.61648536273524,16.46987240751508,1.3894236872147303e-08
145.65,31.61625465128176,39.52772485697672,141.85481728761172,33.133961514403424,33.13396150359864,0.6164853634026102,16.46987240771216,1.3617693639389472e-08
145.70000000000002,30.908451279564197,40.08361548199683,142.8735936911177,33.133961513631654,33.13396150305152,0.6164853640567358,16.469872407904685,1.334740318270633e-08
145.75,30.19087602408551,40.62683344260261,143.89237009459367,33.133961512875935,33.13396150251578,0.616485364697887,16.46987240809336,1.3082512850814965e-08
145.8,29.46375575036966,41.15720699732738,144.91114649804035,33.13396151213592,33.13396150199112,0.6164853653263336,16.46987240827818,1.2823022643715376e-08
145.85,28.72732034165271,41.674568465536886,145.92992290145824,33.133961511411286,33.13396150147736,0.6164853659423386,16.469872408459118,1.2568932561407564e-08
145.9,27.981802626203944,42.17875428044252,146.94869930484802,33.13396151070172,33.13396150097419,0.6164853665461649,16.469872408636284,1.2320100495344377e-08
145.95000000000002,27.22743830371587,42.66960504081385,147.9674757082102,33.13396151000689,33.133961500481455,0.6164853671380541,16.469872408809675,1.2076526445525815e-08
146.0,26.46446587078642,43.146965561374266,148.98625211154544,33.133961509326504,33.13396149999888,0.6164853677182549,16.469872408979626,1.1837784086310421e-08
146.05,25.693126545516876,43.610684921863694,150.00502851485422,33.13396150866025,33.13396149952631,0.616485368287016,16.469872409146,1.1604015526245348e-08
146.1,24.91366419124939,44.060616514752866,151.02380491813713,33.13396150800782,33.13396149906345,0.6164853688445575,16.4698724093088,1.1375220765330596e-08
146.15,24.126325239468198,44.496618091594165,152.0425813213947,33.13396150736894,33.133961498610134,0.6164853693911212,16.469872409468472,1.1150831369377556e-08
146.20000000000002,23.3313586118889,44.91855180799426,153.06135772462744,33.133961506743304,33.13396149816615,0.6164853699269273,16.469872409624667,1.0931273664027685e-08
146.25,22.529015641760417,45.32628426719442,154.08013412783586,33.13396150613065,33.133961497731306,0.6164853704522031,16.469872409777707,1.0716121323639527e-08
146.3,21.719549994404566,45.71968656224463,155.09891053102046,33.1339615055307,33.133961497305414,0.6164853709671547,16.46987240992749,1.0505516456760233e-08
146.35,20.90321758701831,46.098634316758314,156.11768693418176,33.13396150494318,33.13396149688825,0.6164853714720024,16.46987241007434,1.0299032737748348e-08
146.4,20.08027650776407,46.46300772423458,157.13646333732024,33.13396150436783,33.133961496479614,0.6164853719669452,16.469872410218006,1.0096954383698176e-08
146.45000000000002,19.250986934173667,46.81269158593577,158.15523974043634,33.13396150380439,33.13396149607937,0.616485372452189,16.469872410358853,9.89885506896826e-09
146.5,18.415611050891734,47.14757534730818,159.17401614353057,33.13396150325261,33.133961495687316,0.6164853729279329,16.469872410496723,9.704876902105752e-09
146.55,17.574412966784514,47.467553132934526,160.1927925466034,33.133961502712225,33.1339614953032,0.6164853733943687,16.469872410631776,9.514877774563502e-09
146.6,16.727658631440338,47.77252378000707,161.21156894965526,33.133961502183006,33.13396149492692,0.6164853738516811,16.46987241076407,9.328715577794355e-09
146.65,15.87561575108815,48.06239087031079,162.23034535268653,33.13396150166472,33.13396149455833,0.616485374300062,16.469872410893736,9.146248203251162e-09
146.70000000000002,15.018553703960638,48.33706276070659,163.24912175569764,33.133961501157124,33.13396149419722,0.6164853747396961,16.469872411020642,8.967617759481072e-09
146.75,14.156743455128774,48.59645261210475,164.26789815868906,33.133961500659986,33.13396149384343,0.6164853751707469,16.469872411144898,8.792682137936936e-09
146.8,13.290457470834653,48.84047841691966,165.28667456166121,33.133961500173086,33.13396149349679,0.6164853755933919,16.46987241126685,8.621015012977296e-09
146.85,12.41996963234973,49.06906302499694,166.30545096461435,33.13396149969621,33.13396149315723,0.6164853760078017,16.469872411386255,8.452900601696456e-09
146.9,11.545555149385695,49.28213416800495,167.32422736754899,33.13396149922914,33.13396149282451,0.616485376414154,16.469872411503232,8.288196795547265e-09
146.95000000000002,10.66749047308534,49.47962448228277,168.34300377046551,33.13396149877167,33.13396149249851,0.616485376812598,16.469872411617633,8.127045703076874e-09
147.0,9.786053208620956,49.66147153013767,169.36178017336425,33.133961498323586,33.13396149217907,0.6164853772032899,16.469872411729938,7.968878890096676e-09
147.05,8.90152202742786,49.8276178195851,170.38055657624562,33.13396149788469,33.13396149186606,0.6164853775864003,16.469872411840008,7.813838465153822e-09
147.1,8.014176579100843,49.978010822525135,171.39933297910991,33.13396149745479,33.13396149155933,0.6164853779620714,16.46987241194762,7.662208645342616e-09
147.15,7.124297402981329,50.11260299134953,172.41810938195755,33.13396149703368,33.13396149125876,0.6164853783304522,16.469872412053235,7.513420996474451e-09
147.20000000000002,6.232165839463274,50.23135177397416,173.43688578478876,33.13396149662119,33.133961490964246,0.6164853786916922,16.469872412156704,7.367617627096479e-09
147.25,5.338063941045785,50.3342196272921,174.45566218760396,33.13396149621712,33.13396149067561,0.6164853790459333,16.46987241225805,7.224798537208699e-09
147.3,4.442274383160607,50.421174029043115,175.47443859040348,33.1339614958213,33.13396149039274,0.6164853793933105,16.46987241235736,7.084821618263959e-09
147.35,3.54508037480267,50.49218748809574,176.4932149931876,33.133961495433546,33.13396149011556,0.6164853797339731,16.469872412454766,6.947544761715108e-09
147.4,2.646765568991945,50.54723755313875,177.5119913959566,33.1339614950537,33.13396148984389,0.6164853800680419,16.469872412550014,6.813252184656449e-09
147.45000000000002,1.7476139730949183,50.5863068197793,178.5307677987109,33.133961494681564,33.13396148957762,0.6164853803956518,16.469872412643564,6.681375452899374e-09
147.5,0.847909859034038,50.6093829360454,179.54954420145074,33.13396149431699,33.13396148931667,0.6164853807169237,16.46987241273518,6.552198783538188e-09
147.55,-0.052062326586481356,50.61645860629106,-179.43167939582358,33.13396149395983,33.13396148906085,0.6164853810319997,16.469872412825104,6.425437959478586e-09
147.6,-0.9520180524100798,50.60753159350288,-178.41290299311177,33.1339614936099,33.13396148881013,0.6164853813409934,16.46987241291296,6.3015193063620245e-09
147.65,-1.8516727922840674,50.58260472000723,-177.39412659041352,33.133961493267066,33.13396148856436,0.6164853816440257,16.469872412999212,6.179874389999895e-09
147.70000000000002,-2.7507421152141966,50.54168586657805,-176.37535018772863,33.13396149293116,33.13396148832346,0.6164853819412102,16.46987241308375,6.0606453189393505e-09
147.75,-3.6489417752891478,50.484787969945195,-175.35657378505675,33.13396149260203,33.13396148808728,0.6164853822326677,16.46987241316667,5.943689984633238e-09
147.8,-4.5459878015465,50.4119290187045,-174.3377973823977,33.13396149227955,33.13396148785579,0.6164853825185119,16.469872413247874,5.82915049562871e-09
147.85,-5.441596587751775,50.32313204763052,-173.31902097975114,33.13396149196357,33.13396148762884,0.6164853827988495,16.469872413327437,5.716884743378614e-09
147.9,-6.335484982062174,50.218425130393996,-172.30024457711687,33.13396149165394,33.13396148740636,0.6164853830737869,16.46987241340551,5.6067506193357985e-09
147.95000000000002,-7.2273703765466495,50.09784137068618,-171.28146817449462,33.13396149135054,33.13396148718824,0.6164853833434378,16.469872413482065,5.498748123500263e-09
148.0,-8.11697079653402,49.96141889175293,-170.2626917718842,33.133961491053235,33.13396148697442,0.6164853836079018,16.469872413556992,5.39301936441916e-09
148.05,-9.004004989760876,49.809200824341794,-169.24391536928528,33.13396149076189,33.133961486764726,0.6164853838672784,16.469872413630508,5.289280124998186e-09
148.1,-9.888192515291093,49.641235293066025,-168.22513896669767,33.13396149047638,33.13396148655917,0.616485384121674,16.46987241370262,5.1875304052373394e-09
148.15,-10.769253832178837,49.45757540118967,-167.20636256412118,33.133961490196576,33.133961486357634,0.6164853843711668,16.469872413773185,5.087912313683773e-09
148.20000000000002,-11.646910387847035,49.2582792138387,-166.18758616155552,33.13396148992237,33.13396148616002,0.6164853846158778,16.4698724138427,4.9898574161488796e-09
148.25,-12.520884706153364,49.043409739643344,-165.16880975900054,33.133961489653636,33.13396148596626,0.6164853848558778,16.469872413910437,4.89421836391557e-09
148.3,-13.390900475115924,48.813034910817606,-164.150033356456,33.13396148939025,33.133961485776254,0.6164853850912735,16.469872413977214,4.800000397153781e-09
148.35,-14.256682634270847,48.56722756168207,-163.13125695392168,33.13396148913211,33.13396148558996,0.616485385322143,16.46987241404245,4.707914058599272e-09
148.4,-15.11795746163424,48.30606540563691,-162.11248055139743,33.133961488879095,33.13396148540728,0.6164853855485788,16.46987241410659,4.617390914063435e-09
148.45000000000002,-15.974452660240962,48.029631010592375,-161.09370414888298,33.13396148863111,33.133961485228134,0.6164853857706731,16.469872414169416,4.5287151806405745e-09
148.5,-16.82589744423285,47.73801177286447,-160.07492774637817,33.13396148838804,33.13396148505245,0.6164853859885042,16.469872414230913,4.44188685833069e-09
148.55,-17.67202262446924,47.43129988954408,-159.0561513438828,33.13396148814979,33.133961484880196,0.6164853862021573,16.469872414291316,4.356621730039478e-09
148.6,-18.512560693632633,47.10959232934837,-158.03737494139668,33.133961487916245,33.13396148471122,0.6164853864117106,16.469872414350508,4.2730619043140905e-09
148.65,-19.347245910802677,46.772990801963545,-157.01859853891963,33.133961487687316,33.133961484545544,0.6164853866172493,16.469872414408588,4.191065272607375e-09
148.70000000000002,-20.17581438547168,46.42160172588877,-155.99982213645146,33.1339614874629,33.13396148438306,0.6164853868188374,16.46987241446545,4.110773943466484e-09
148.75,-20.99800416097509,46.05553619479133,-154.98104573399203,33.133961487242914,33.13396148422368,0.6164853870165672,16.469872414521436,4.0317615912499605e-09
148.8,-21.81355529731061,45.67490994238375,-153.96226933154117,33.13396148702725,33.13396148406739,0.6164853872104956,16.469872414576077,3.954596650146414e-09
148.85,-22.622209953319715,45.279843305833914,-152.94349292909865,33.133961486815835,33.13396148391409,0.616485387400715,16.46987241462995,3.878568577420083e-09
148.9,-23.42371246820559,44.870461187719776,-151.92471652666435,33.13396148660857,33.13396148376375,0.6164853875872822,16.46987241468247,3.8043879158067284e-09
148.95000000000002,-24.217809442361776,44.4468930165407,-150.9059401242381,33.13396148640537,33.13396148361627,0.6164853877702754,16.469872414734223,3.73134412257059e-09
149.0,-25.0042498174859,44.0092727057979,-149.88716372181975,33.13396148620615,33.13396148347164,0.6164853879497585,16.46987241478484,3.659863523353124e-09
149.05,-25.782784955953183,43.55773861165691,-148.86838731940915,33.133961486010826,33.13396148332976,0.6164853881258026,16.469872414834565,3.589661901060026e-09
149.1,-26.553168719424665,43.092433489205504,-147.84961091700612,33.13396148581932,33.133961483190596,0.6164853882984715,16.469872414883277,3.5208813642384484e-09
149.15,-27.31515754666523,42.61350444732086,-146.83083451461053,33.13396148563155,33.133961483054094,0.6164853884678223,16.469872414931082,3.453379804341239e-09
149.20000000000002,-28.068510530546902,42.12110290216022,-145.81205811222225,33.13396148544745,33.133961482920206,0.616485388633933,16.46987241497811,3.3870151128212456e-09
149.25,-28.812989494213,41.61538452928985,-144.7932817098411,33.13396148526694,33.13396148278888,0.6164853887968533,16.469872415023993,3.3222136153199244e-09
149.3,-29.548359066379113,41.096509214467275,-143.774505307467,33.133961485089934,33.133961482660055,0.6164853889566544,16.4698724150692,3.2584068776486674e-09
149.35,-30.27438675574709,40.56464100309251,-142.75572890509974,33.13396148491637,33.13396148253368,0.6164853891133859,16.46987241511337,3.1960212254489306e-09
149.4,-30.990843024508486,40.01994804834415,-141.73695250273923,33.13396148474618,33.13396148240972,0.6164853892671118,16.46987241515687,3.134630333079258e-09
149.45000000000002,-31.69750136091425,39.4626025580168,-140.71817610038534,33.13396148457929,33.13396148228811,0.616485389417889,16.46987241519945,3.0745184176339535e-09
149.5,-32.394138350887715,38.89278074007657,-139.69939969803792,33.13396148441563,33.13396148216881,0.6164853895657672,16.469872415241223,3.015543370565865e-09
149.55,-33.08053374865824,38.31066274695194,-138.68062329569685,33.133961484255146,33.13396148205176,0.6164853897108102,16.469872415282307,2.957563083327841e-09
149.6,-33.75647054639317,37.71643261857754,-137.66184689336202,33.13396148409776,33.13396148193695,0.616485389853068,16.469872415322467,2.900861773014185e-09
149.65,-34.421735042806084,37.110278224208855,-136.6430704910333,33.13396148394341,33.13396148182433,0.6164853899925973,16.469872415361927,2.845155222530593e-09
149.70000000000002,-35.07611691071972,36.49239120302629,-135.6242940887106,33.13396148379205,33.13396148171384,0.6164853901294478,16.469872415400584,2.7905855404242175e-09
149.75,-35.71940926356206,35.862966903547346,-134.60551768639377,33.1339614836436,33.133961481605446,0.6164853902636693,16.46987241543854,2.737010618147906e-09
149.8,-36.35140872077478,35.22220432186608,-133.58674128408268,33.13396148349803,33.133961481499114,0.6164853903953116,16.4698724154758,2.6844304557016585e-09
149.85,-36.97191547211308,34.570306038739346,-132.56796488177727,33.13396148335524,33.133961481394785,0.6164853905244243,16.46987241551235,2.6328450530854752e-09
149.9,-37.58073334081693,33.907478155539714,-131.5491884794774,33.13396148321521,33.13396148129243,0.6164853906510572,16.46987241554819,2.582254410299356e-09
149.95000000000002,-38.1776698456334,33.233930229095364,-130.53041207718297,33.13396148307787,33.13396148119203,0.616485390775253,16.469872415583325,2.532658527343301e-09
150.0,-38.76253626167078,32.54987520543748,-129.51163567489388,33.133961482943164,33.133961481093536,0.6164853908970613,16.46987241561788,2.4839152956701582e-09
150.05,-39.33514768006496,31.85552935247615,-128.49285927261002,33.13396148281105,33.13396148099687,0.616485391016532,16.469872415651707,2.4361668238270795e-09
150.1,-39.895323066439495,31.151112191626027,-127.4740828703313,33.13396148268147,33.13396148090207,0.6164853911336934,16.469872415684826,2.389413111814065e-09
150.15,-40.44288531814059,30.436846428403385,-126.45530646805761,33.13396148255437,33.13396148080904,0.6164853912486095,16.46987241571759,2.3432278339896584e-09
150.20000000000002,-40.97766132022918,29.712957882016486,-125.43653006578886,33.133961482429704,33.133961480717794,0.6164853913613015,16.46987241574939,2.29832153308962e-09
150.25,-41.49948200021218,28.979675413971545,-124.41775366352495,33.13396148230742,33.133961480628265,0.6164853914718336,16.46987241578094,2.2538415578310378e-09
150.3,-42.008182381495715,28.237230855716863,-123.39897726126578,33.13396148218749,33.13396148054042,0.616485391580234,16.46987241581154,2.2106405594968237e-09
150.35,-42.50360163554342,27.485858935347984,-122.38020085901128,33.133961482069836,33.13396148045426,0.6164853916865454,16.46987241584177,2.1680079953512177e-09
150.4,-42.985583132723306,26.725797203397065,-121.36142445676136,33.13396148195444,33.133961480369706,0.6164853917908104,16.469872415871386,2.126228082488524e-09
150.45000000000002,-43.45397449182712,25.95728595772991,-120.3426480545159,33.13396148184124,33.13396148028675,0.6164853918930646,16.469872415900394,2.085300820908742e-09
150.5,-43.90862762824651,25.18056816757443,-119.32387165227487,33.13396148173021,33.133961480205386,0.6164853919933435,16.469872415928904,2.0450841020647204e-09
150.55,-44.349398800790865,24.395889396704543,-118.30509525003812,33.13396148162129,33.13396148012554,0.6164853920916897,16.469872415956917,2.0055779259564588e-09
150.6,-44.77614865713186,23.60349772580376,-117.28631884780563,33.133961481514454,33.13396148004722,0.6164853921881317,16.46987241598432,1.9669244011311093e-09
150.65,-45.18874227786055,22.80364367403307,-116.26754244557728,33.13396148140965,33.133961479970374,0.6164853922827191,16.469872416011338,1.928839310494368e-09
150.70000000000002,-45.587049219142855,21.99658011982787,-115.24876604335302,33.13396148130684,33.13396147989499,0.6164853923754734,16.469872416037624,1.8917489796876907e-09
150.75,-45.970943553960176,21.182562220949002,-114.22998964113272,33.13396148120599,33.13396147982101,0.6164853924664371,16.469872416063637,1.8550849745224696e-09
150.8,-46.34030391192191,20.36184733381317,-113.21121323891634,33.133961481107065,33.13396147974843,0.6164853925556457,16.469872416089036,1.8192736206401605e-09
150.85,-46.69501351763739,19.53469493212823,-112.1924368367038,33.13396148101002,33.13396147967724,0.6164853926431277,16.469872416113912,1.7841728094936116e-09
150.9,-47.03496022763514,18.701366524859097,-111.17366043449505,33.13396148091482,33.13396147960739,0.6164853927289187,16.469872416138415,1.7496404325356707e-09
150.95000000000002,-47.36003656581761,17.86212557355019,-110.15488403228998,33.133961480821434,33.13396147953887,0.6164853928130469,16.469872416162403,1.71581859831349e-09
151.0,-47.670139757440396,17.017237409030553,-109.13610763008856,33.133961480729816,33.133961479471644,0.616485392895548,16.469872416186,1.6825651982799172e-09
151.05,-47.96517176160507,16.166969147527997,-108.11733122789069,33.13396148063995,33.13396147940567,0.6164853929764504,16.46987241620909,1.6500223409821047e-09
151.1,-48.24503930225534,15.31158960621878,-107.09855482569631,33.13396148055178,33.13396147934097,0.6164853930557825,16.469872416231766,1.6180479178729001e-09
151.15,-48.50965389766685,14.451369218239511,-106.07977842350535,33.133961480465295,33.1339614792775,0.6164853931335799,16.46987241625406,1.5866419289523037e-09
151.20000000000002,-48.758931888421145,13.586579947188174,-105.06100202131775,33.13396148038045,33.133961479215216,0.6164853932098708,16.469872416275827,1.5559464827674674e-09
151.25,-48.99279446385509,12.717495201141276,-104.04222561913345,33.13396148029722,33.13396147915411,0.6164853932846839,16.469872416297203,1.5258194707712391e-09
151.3,-49.21116768697732,11.844389746214318,-103.02344921695239,33.133961480215575,33.133961479094175,0.6164853933580403,16.469872416318168,1.496260892963619e-09
151.35,-49.41398251784383,10.967539619692921,-102.0046728147745,33.133961480135476,33.13396147903538,0.6164853934299686,16.469872416338863,1.4671286407974549e-09
151.4,-49.60117483538535,10.087222042762054,-100.9858964125997,33.1339614800569,33.13396147897768,0.6164853935005041,16.469872416359145,1.4385648228198988e-09
151.45000000000002,-49.77268545767961,9.203715332860972,-99.96712001042798,33.13396147997981,33.13396147892111,0.6164853935696613,16.469872416378898,1.410711547578103e-09
151.5,-49.928460160662,8.317298815691561,-98.94834360825922,33.13396147990419,33.133961478865565,0.6164853936374826,16.46987241639849,1.383142489430611e-09
151.55,-50.06844969526886,7.428252736907928,-97.92956720609342,33.13396147983,33.13396147881111,0.6164853937039823,16.469872416417438,1.3564260825660313e-09
151.6,-50.192609803007834,6.5368581735151245,-96.91079080393051,33.133961479757225,33.13396147875769,0.6164853937691888,16.46987241643621,1.3299938927957555e-09
151.65,-50.30090122995044,5.6433969450050485,-95.89201440177041,33.13396147968582,33.13396147870528,0.6164853938331234,16.469872416454574,1.3041301372140879e-09
151.70000000000002,-50.39328973914244,4.748151524257598,-94.8732379996131,33.13396147961579,33.13396147865385,0.6164853938958146,16.46987241647264,1.2786927072738763e-09
151.75,-50.46974612142804,3.851404948235254,-93.8544615974585,33.133961479547075,33.13396147860341,0.6164853939572907,16.469872416490293,1.2538237115222728e-09
151.8,-50.53024620468452,2.9534407284993236,-92.83568519530658,33.13396147947967,33.133961478553964,0.6164853940175661,16.469872416507535,1.2295231499592774e-09
151.85,-50.57477086146443,2.0545427615761405,-91.81690879315728,33.13396147941355,33.13396147850543,0.616485394076669,16.469872416524606,1.205506805490586e-09
151.9,-50.603306015042776,1.1549952392015523,-90.79813239101053,33.133961479348685,33.13396147845782,0.6164853941346138,16.46987241654125,1.1820588952105027e-09
151.95000000000002,-50.615842643867516,0.25508255847207706,-89.77935598886631,33.13396147928505,33.13396147841113,0.6164853941914288,16.46987241655771,1.1588952020247234e-09
152.0,-50.61237678441176,-0.6449107680688662,-88.76057958672457,33.13396147922263,33.133961478365315,0.6164853942471353,16.469872416573764,1.1362999430275522e-09
152.05,-50.59290953242684,-1.5447002023812253,-87.74180318458524,33.13396147916139,33.133961478320394,0.6164853943017548,16.46987241658951,1.114131009671837e-09
152.1,-50.557447042595896,-2.4440012708866456,-86.72302678244829,33.133961479101316,33.13396147827631,0.6164853943553084,16.469872416604954,1.092388401957578e-09
152.15,-50.50600052658806,-3.342529654406418,-85.70425038031368,33.133961479042384,33.13396147823308,0.6164853944078175,16.4698724166201,1.071072119884775e-09
152.20000000000002,-50.438586249513776,-4.240001278050615,-84.68547397818136,33.133961478984574,33.1339614781907,0.6164853944592963,16.469872416634935,1.050182163453428e-09
152.25,-50.35522552478253,-5.136132401029993,-83.66669757605128,33.13396147892787,33.1339614781491,0.6164853945097661,16.469872416649586,1.0295764241163852e-09
152.3,-50.25594470736449,-6.030639706362266,-82.64792117392341,33.133961478872244,33.1339614781083,0.6164853945592554,16.46987241666393,1.0093970104207983e-09
152.35,-50.1407751854582,-6.923240390444391,-81.62914477179768,33.13396147881768,33.133961478068294,0.6164853946077713,16.469872416677852,9.897860309138196e-10
152.4,-50.00975337056707,-7.813652252462544,-80.61036836967409,33.13396147876415,33.13396147802905,0.6164853946553421,16.469872416691697,9.703171599539928e-10
152.45000000000002,-49.86292068598762,-8.701593783611521,-79.59159196755257,33.13396147871165,33.13396147799056,0.616485394701975,16.469872416705115,9.514167231827741e-10
152.5,-49.700323553713304,-9.586784256095363,-78.5728155654331,33.13396147866014,33.1339614779528,0.6164853947476985,16.469872416718466,9.326583949587075e-10
152.55,-49.52201337975792,-10.46894381188105,-77.55403916331564,33.13396147860961,33.13396147791578,0.6164853947925266,16.46987241673139,9.144685009232489e-10
152.6,-49.32804653790331,-11.347793551177222,-76.53526276120012,33.13396147856005,33.13396147787948,0.6164853948364737,16.469872416744117,8.965628239820944e-10
152.65,-49.11848435187645,-12.223055620609939,-75.51648635908654,33.133961478511445,33.13396147784385,0.616485394879561,16.469872416756644,8.789413641352439e-10
152.70000000000002,-48.89339307596161,-13.094453301067622,-74.49770995697484,33.13396147846376,33.13396147780893,0.6164853949217957,16.46987241676887,8.617462299298495e-10
152.75,-48.65284387405371,-13.96171109518738,-73.47893355486501,33.133961478416985,33.133961477774676,0.6164853949632061,16.469872416781005,8.446932042716071e-10
152.8,-48.39691279715939,-14.824554814455078,-72.46015715275698,33.13396147837111,33.133961477741074,0.6164853950038065,16.469872416792715,8.282086128019728e-10
152.85,-48.12568075935311,-15.682711665891604,-71.44138075065074,33.13396147832611,33.13396147770814,0.616485395043604,16.469872416804225,8.120082384266425e-10
152.9,-47.83923351219566,-16.53591033829793,-70.42260434854624,33.13396147828197,33.133961477675825,0.616485395082627,16.46987241681566,7.959499725984642e-10
152.95000000000002,-47.537661617623336,-17.383881088031703,-69.40382794644346,33.133961478238675,33.133961477644135,0.6164853951208755,16.469872416826657,7.80460140958894e-10
153.0,-47.221060419316245,-18.226355824288238,-68.38505154434236,33.133961478196206,33.133961477613056,0.616485395158378,16.46987241683769,7.649703093193239e-10
153.05,-46.889530012554886,-19.063068193858957,-67.36627514224291,33.13396147815455,33.1339614775826,0.6164853951951343,16.469872416848286,7.500489118683618e-10
153.1,-46.543175212574425,-19.89375366534049,-66.34749874014508,33.133961478113704,33.13396147755272,0.6164853952311731,16.469872416858927,7.351275144173997e-10
153.15,-46.18210552142678,-20.71814961276778,-65.32872233804883,33.13396147807364,33.133961477523414,0.6164853952665084,16.46987241686912,7.207745511550456e-10
153.20000000000002,-45.80643509336089,-21.535995398644797,-64.30994593595415,33.13396147803434,33.13396147749469,0.6164853953011402,16.469872416879113,7.067058049869956e-10
153.25,-45.41628269873223,-22.347032456346554,-63.29116953386099,33.13396147799579,33.13396147746651,0.616485395335097,16.46987241688914,6.926370588189457e-10
153.3,-45.011771686452875,-23.15100437186645,-62.27239313176933,33.13396147795798,33.13396147743888,0.6164853953683789,16.469872416898724,6.791367468395038e-10
153.35,-44.59302994499402,-23.94765696488301,-61.253616729679145,33.133961477920906,33.1339614774118,0.616485395401007,16.469872416908345,6.656364348600619e-10
153.4,-44.16018986195333,-24.736738369120445,-60.23484032759038,33.13396147788454,33.13396147738522,0.6164853954329885,16.469872416917646,6.52562448522076e-10
153.45000000000002,-43.713388282199816,-25.517999111977634,-59.21606392550305,33.13396147784887,33.13396147735918,0.6164853954643448,16.469872416926854,6.396305707312422e-10
153.5,-43.25276646460958,-26.291192193400292,-58.197287523417096,33.13396147781389,33.13396147733364,0.61648539549509,16.46987241693574,6.271250185818644e-10
153.55,-42.77847003740598,-27.056073163971465,-57.178511121332505,33.133961477779586,33.1339614773086,0.6164853955252241,16.469872416944416,6.149036835267907e-10
153.60000000000002,-42.29064895211846,-27.812400202195608,-56.15973471924924,33.13396147774594,33.133961477284046,0.6164853955547613,16.46987241695313,6.02682348471717e-10
153.65,-41.7894574361745,-28.559934190951836,-55.14095831716728,33.133961477712944,33.13396147725996,0.6164853955837231,16.469872416961625,5.907452305109473e-10
153.70000000000002,-41.27505394413974,-29.298438793092163,-54.122181915086585,33.133961477680586,33.13396147723636,0.6164853956121021,16.4698724169698,5.792344381916337e-10
153.75,-40.74760110762166,-30.027680526160857,-53.10340551300717,33.13396147764886,33.1339614772132,0.616485395639927,16.469872416978117,5.67581537325168e-10
153.8,-40.20726568385267,-30.747428836211242,-52.08462911092897,33.13396147761774,33.1339614771905,0.6164853956671976,16.469872416985993,5.564970706473105e-10
153.85000000000002,-39.654218502968845,-31.457456170696652,-51.06585270885199,33.13396147758723,33.13396147716824,0.6164853956939353,16.46987241699389,5.454126039694529e-10
153.9,-39.08863441400102,-32.15753805041247,-50.047076306776184,33.1339614775573,33.13396147714643,0.6164853957201473,16.46987241700146,5.347544629330514e-10
153.95000000000002,-38.51069222959525,-32.84745314046652,-49.02829990470155,33.13396147752795,33.13396147712503,0.6164853957458405,16.469872417008947,5.242384304438019e-10
154.0,-37.920574669480175,-33.52698332025534,-48.009523502628056,33.13396147749917,33.13396147710406,0.6164853957710221,16.469872417016337,5.138645065017045e-10
154.05,-37.31846830269913,-34.19591375242429,-46.99074710055569,33.13396147747095,33.13396147708351,0.6164853957957064,16.469872417023623,5.03632691106759e-10
154.10000000000002,-36.70456348862529,-34.85403295078957,-45.971970698484405,33.133961477443265,33.13396147706335,0.6164853958199075,16.469872417030704,4.936850928061176e-10
154.15,-36.07905431677844,-35.501132847200836,-44.953194296414196,33.13396147741613,33.13396147704358,0.6164853958436254,16.469872417037564,4.840217115997802e-10
154.20000000000002,-35.442138545462484,-36.13700885732309,-43.93441789434505,33.13396147738952,33.133961477024215,0.6164853958668743,16.469872417044456,4.743583303934429e-10
154.25,-34.79401753924301,-36.76145994531722,-42.91564149227696,33.13396147736343,33.133961477005236,0.6164853958896686,16.469872417051135,4.6497916628140956e-10
154.3,-34.13489620528473,-37.37428868739862,-41.89686509020985,33.13396147733784,33.13396147698662,0.6164853959120151,16.4698724170576,4.558842192636803e-10
154.35000000000002,-33.46498292856894,-37.975301334253835,-40.87808868814374,33.13396147731276,33.133961476968345,0.6164853959339212,16.469872417063968,4.46931380793103e-10
154.4,-32.78448950601137,-38.564307872295544,-39.85931228607862,33.13396147728816,33.133961476950475,0.6164853959553938,16.46987241707023,4.381206508696778e-10
154.45000000000002,-32.093631079501385,-39.14112208373641,-38.84053588401444,33.13396147726404,33.13396147693293,0.6164853959764329,16.469872417076402,4.2945202949340455e-10
154.5,-31.39262606788369,-39.70556160546295,-37.821759481951204,33.13396147724038,33.133961476915744,0.61648539599706,16.4698724170826,4.2078340811713133e-10
154.55,-30.68169609790391,-40.25744798669059,-36.80298307988888,33.1339614772172,33.13396147689887,0.616485396017282,16.469872417088457,4.1254111238231417e-10
154.60000000000002,-29.961065934140052,-40.796606745382014,-35.78420667782745,33.13396147719446,33.13396147688235,0.6164853960370991,16.46987241709422,4.04440925194649e-10
154.65,-29.230963407941893,-41.32286742341056,-34.76543027576691,33.133961477172164,33.13396147686613,0.6164853960565253,16.469872417099992,3.963407380069839e-10
154.70000000000002,-28.49161934540079,-41.83606364045158,-33.74665387370724,33.13396147715031,33.133961476850246,0.6164853960755678,16.46987241710556,3.885247679136228e-10
154.75,-27.743267494372695,-42.336033146584526,-32.7278774716484,33.13396147712888,33.13396147683468,0.6164853960942267,16.469872417111013,3.808509063674137e-10
154.8,-26.98614445057744,-42.822617873589195,-31.709101069590403,33.13396147710786,33.13396147681942,0.6164853961125232,16.469872417116495,3.731770448212046e-10
154.85000000000002,-26.220489582797637,-43.295663984919884,-30.690324667533222,33.133961477087254,33.13396147680446,0.6164853961304573,16.46987241712164,3.659295089164516e-10
154.9,-25.446544957200857,-43.755021924341705,-29.671548265476854,33.133961477067054,33.13396147678981,0.6164853961480361,16.4698724171268,3.5868197301169857e-10
154.95000000000002,-24.664555260809056,-44.20054646321365,-28.652771863421275,33.13396147704725,33.13396147677542,0.6164853961652739,16.469872417131867,3.5157654565409757e-10
155.0,-23.874767724139346,-44.63209674640344,-27.63399546136646,33.13396147702784,33.13396147676134,0.6164853961821635,16.469872417136703,3.447553353908006e-10
155.05,-23.077432043040663,-45.049536336819706,-26.61521905931241,33.1339614770088,33.13396147674754,0.6164853961987262,16.469872417141676,3.3779201658035163e-10
155.10000000000002,-22.272800299750994,-45.452733258547326,-25.596442657259093,33.13396147699014,33.13396147673401,0.6164853962149621,16.469872417146313,3.312550234113587e-10
155.15,-21.461126883200137,-45.84156003857239,-24.57766625520649,33.13396147697185,33.13396147672075,0.6164853962308641,16.469872417150963,3.247180302423658e-10
155.20000000000002,-20.642668408583184,-46.21589374708351,-23.558889853154604,33.13396147695391,33.133961476707746,0.6164853962464605,16.469872417155756,3.1803892852622084e-10
155.25,-19.81768363623016,-46.575616036336804,-22.5401134511034,33.13396147693633,33.13396147669499,0.6164853962617443,16.469872417160076,3.11928260998684e-10
155.3,-18.986433389797458,-46.92061317807217,-21.521337049052885,33.13396147691908,33.1339614766825,0.6164853962767367,16.469872417164545,3.056754849239951e-10
155.35000000000002,-18.149180473806958,-47.25077609946917,-20.502560647003055,33.133961476902186,33.133961476670265,0.6164853962914236,16.469872417168663,2.998490344907623e-10
155.4,-17.30618959055886,-47.566000417631,-19.483784244953863,33.133961476885624,33.13396147665824,0.6164853963058192,16.469872417173033,2.937383669632254e-10
155.45000000000002,-16.45772725644455,-47.86618647258575,-18.465007842905333,33.13396147686938,33.13396147664649,0.6164853963199306,16.469872417177186,2.879119165299926e-10
155.5,-15.604061717685912,-48.15123935879448,-17.446231440857414,33.13396147685346,33.13396147663495,0.6164853963337649,16.469872417181225,2.822275746439118e-10
155.55,-14.745462865527752,-48.42106895515612,-16.42745503881013,33.13396147683785,33.133961476623654,0.616485396347322,16.469872417185172,2.76685341304983e-10
155.60000000000002,-13.882202150910134,-48.67558995349983,-15.408678636763456,33.13396147682255,33.13396147661259,0.6164853963606163,16.46987241718912,2.7114310796605423e-10
155.65,-13.014552498647612,-48.9147218855556,-14.389902234717368,33.13396147680755,33.133961476601726,0.6164853963736476,16.469872417192853,2.658850917214295e-10
155.70000000000002,-12.142788221142492,-49.13838914839479,-13.371125832671865,33.13396147679285,33.1339614765911,0.6164853963864232,16.469872417196598,2.6062707547680475e-10
155.75,-11.267184931659393,-49.34652102833243,-12.352349430626923,33.133961476778445,33.13396147658065,0.616485396398943,16.469872417200236,2.5551116777933203e-10
155.8,-10.388019457188538,-49.53905172328375,-11.333573028582538,33.13396147676431,33.13396147657042,0.6164853964112211,16.469872417203874,2.503952600818593e-10
155.85000000000002,-9.505569750925314,-49.71592036356786,-10.314796626538715,33.133961476750464,33.133961476560415,0.6164853964232506,16.469872417207313,2.455635694786906e-10
155.9,-8.620114804393786,-49.877071031152106,-9.296020224495427,33.13396147673689,33.13396147655058,0.6164853964350385,16.46987241721086,2.405897703283699e-10
155.95000000000002,-7.731934559241921,-50.02245277733083,-8.277243822452672,33.133961476723584,33.133961476540975,0.616485396446599,16.46987241721431,2.3575807972520124e-10
156.0,-6.841309818736441,-50.15201963883309,-7.258467420410426,33.133961476710546,33.13396147653154,0.6164853964579322,16.46987241721753,2.312106062163366e-10
156.05,-5.94852215898526,-50.26573065235425,-6.2396910183686884,33.133961476697756,33.13396147652229,0.6164853964690451,16.46987241722076,2.2666313270747196e-10
156.10000000000002,-5.053853839915588,-50.36354986750673,-5.220914616327461,33.13396147668523,33.133961476513235,0.6164853964799306,16.469872417223893,2.2225776774575934e-10
156.15,-4.157587716035839,-50.44544635818594,-4.202138214286716,33.133961476672944,33.13396147650436,0.6164853964906101,16.46987241722715,2.177102942368947e-10
156.20000000000002,-3.26000714700956,-50.51139423234775,-3.1833618122464293,33.1339614766609,33.13396147649566,0.6164853965010764,16.469872417230057,2.1358914636948612e-10
156.25,-2.3613959080696523,-50.56137264019438,-2.1645854102066258,33.1339614766491,33.13396147648713,0.6164853965113295,16.46987241723311,2.0932588995492551e-10
156.3,-1.4620381003012077,-50.59536578076623,-1.1458090081672807,33.13396147663752,33.133961476478774,0.6164853965213837,16.46987241723615,2.0506263354036491e-10
156.35000000000002,-0.5622180608213243,-50.613362906937404,-0.12703260612836795,33.13396147662618,33.13396147647056,0.616485396531246,16.469872417238978,2.0108359422010835e-10
156.4,0.3377797271156997,-50.615358328813485,0.8917437959100868,33.13396147661506,33.13396147646254,0.6164853965409094,16.46987241724169,1.972466634470038e-10
156.45000000000002,1.2376707240593747,-50.60135141553044,1.9105201979481088,33.13396147660417,33.133961476454665,0.6164853965503809,16.46987241724453,1.9326762412674725e-10
156.5,2.137170424321795,-50.57134659545405,2.929296599985724,33.133961476593484,33.13396147644694,0.6164853965596677,16.46987241724727,1.894306933536427e-10
156.55,3.0359944459257395,-50.52535335477989,3.9480730020229062,33.13396147658302,33.133961476439396,0.6164853965687698,16.469872417249892,1.857358711276902e-10
156.60000000000002,3.933858620513663,-50.46338623453417,4.966849404059682,33.13396147657276,33.133961476432,0.6164853965776871,16.46987241725252,1.8204104890173767e-10
156.65,4.830479083189146,-50.38546482597655,5.985625806096076,33.133961476562696,33.13396147642471,0.6164853965864339,16.469872417255164,1.7834622667578515e-10
156.70000000000002,5.725572362262406,-50.291613764406215,7.004402208132062,33.13396147655284,33.133961476417596,0.6164853965950101,16.469872417257577,1.7493562154413667e-10
156.75,6.618855468871498,-50.181862721373314,8.023178610167667,33.13396147654318,33.13396147641064,0.6164853966034158,16.469872417259996,1.7152501641248818e-10
156.8,7.510045986450858,-50.0562463952981,9.04195501220289,33.13396147653371,33.13396147640379,0.6164853966116581,16.469872417262437,1.681144112808397e-10
156.85000000000002,8.398862160018917,-49.914804500500864,10.060731414237758,33.13396147652443,33.1339614763971,0.616485396619737,16.46987241726475,1.6484591469634324e-10
156.9,9.285022985256553,-49.757581754645976,11.079507816272269,33.13396147651533,33.13396147639052,0.6164853966276524,16.469872417267087,1.6157741811184678e-10
156.95000000000002,10.168248297348214,-49.58462786460419,12.098284218306423,33.133961476506414,33.13396147638408,0.6164853966354187,16.46987241726942,1.5830892152735032e-10
157.0,11.048258859557624,-49.39599751073748,13.11706062034022,33.133961476497674,33.13396147637778,0.6164853966430286,16.469872417271525,1.553246420371579e-10
157.05,11.924776451510079,-49.1917503296116,14.135837022373689,33.13396147648911,33.133961476371596,0.6164853966504893,16.469872417273756,1.5219825399981346e-10
157.10000000000002,12.797523957153409,-48.97195089514157,15.154613424406826,33.133961476480714,33.13396147636553,0.6164853966578008,16.469872417275884,1.4921397450962104e-10
157.15,13.666225452369803,-48.7366686981763,16.17338982643963,33.13396147647249,33.13396147635957,0.6164853966649702,16.469872417278005,1.4622969501942862e-10
157.20000000000002,14.530606292210798,-48.48597812452868,17.192166228472132,33.13396147646443,33.133961476353754,0.6164853966719974,16.46987241728002,1.4338752407638822e-10
157.25,15.390393197727853,-48.21995843145802,18.210942630504302,33.13396147645652,33.133961476348055,0.6164853966788897,16.46987241728205,1.4054535313334782e-10
157.3,16.24531434237105,-47.93869372261247,19.229719032536167,33.133961476448775,33.13396147634248,0.6164853966856398,16.469872417283963,1.3784529073745944e-10
157.35000000000002,17.095099437928607,-47.64227292143915,20.248495434567726,33.13396147644118,33.13396147633698,0.6164853966922621,16.469872417285995,1.3500311979441904e-10
157.4,17.939479819980058,-47.33078974307049,21.267271836599004,33.13396147643373,33.133961476331606,0.6164853966987565,16.469872417287807,1.3244516594568267e-10
157.45000000000002,18.778188532836037,-47.00434266469565,22.28604823862998,33.133961476426435,33.133961476326334,0.6164853967051158,16.469872417289615,1.2988721209694631e-10
157.5,19.610960413937843,-46.66303489442641,23.304824640660673,33.13396147641929,33.13396147632119,0.6164853967113544,16.469872417291555,1.2718714970105793e-10
157.55,20.43753217769011,-46.30697433866733,24.323601042691088,33.13396147641228,33.13396147631613,0.6164853967174722,16.46987241729326,1.247713043994736e-10
157.60000000000002,21.257642498700047,-45.93627356800051,25.342377444721247,33.13396147640541,33.13396147631116,0.6164853967234762,16.469872417294983,1.2235545909788925e-10
157.65,22.071032094396962,-45.55104978159576,26.361153846751126,33.133961476398675,33.133961476306304,0.6164853967293524,16.46987241729658,1.2008172234345693e-10
157.70000000000002,22.87744380700592,-45.151424770157426,27.379930248780752,33.13396147639208,33.13396147630152,0.6164853967351149,16.46987241729842,1.1752376849472057e-10
157.75,23.67662268484966,-44.73752487741956,28.398706650810123,33.133961476385615,33.13396147629685,0.6164853967407709,16.469872417300035,1.1525003174028825e-10
157.8,24.468316062953015,-44.3094809602016,29.41748305283924,33.13396147637927,33.133961476292285,0.616485396746306,16.469872417301538,1.1311840353300795e-10
157.85000000000002,25.252273642924393,-43.86742834703726,30.436259454868104,33.13396147637305,33.133961476287794,0.6164853967517416,16.46987241730327,1.1070255823142361e-10
157.9,26.02824757208905,-43.41150679538965,31.455035856896735,33.13396147636697,33.133961476283396,0.6164853967570636,16.469872417304668,1.0871303857129533e-10
157.95000000000002,26.795992521849122,-42.94186044746613,32.473812258925115,33.133961476361,33.133961476279076,0.6164853967622861,16.46987241730629,1.0643930181686301e-10
158.0,27.555265765245675,-42.458637784646925,33.49258866095327,33.13396147635515,33.13396147627487,0.616485396767402,16.469872417307705,1.0444978215673473e-10
158.05,28.305827253698215,-41.96199158054192,34.51136506298121,33.13396147634942,33.133961476270706,0.6164853967724184,16.46987241730923,1.0231815394945443e-10
158.10000000000002,29.047439692897424,-41.45207885269038,35.530141465008924,33.13396147634379,33.133961476266656,0.6164853967773354,16.46987241731065,1.0032863428932615e-10
158.15,29.77986861782711,-40.929060812918955,36.548917867036415,33.133961476338285,33.133961476262655,0.61648539678216,16.469872417312065,9.833911462919787e-11
158.20000000000002,30.50288246689167,-40.393102816373656,37.5676942690637,33.133961476332885,33.133961476258754,0.6164853967868922,16.46987241731336,9.64917035162216e-11
158.25,31.216252655125604,-39.84437430924187,38.58647067109076,33.13396147632759,33.13396147625494,0.6164853967915249,16.46987241731467,9.464429240324534e-11
158.3,31.919753646461974,-39.28304877518098,39.60524707311761,33.133961476322405,33.1339614762512,0.6164853967960724,16.469872417316097,9.265477274311706e-11
158.35000000000002,32.613163025036904,-38.709303680470505,40.624023475144256,33.13396147631731,33.13396147624753,0.6164853968005346,16.4698724173173,9.094947017729282e-11
158.4,33.29626156550764,-38.12332041790514,41.642799877170724,33.13396147631233,33.13396147624391,0.6164853968049044,16.469872417318506,8.924416761146858e-11
158.45000000000002,33.968833302361894,-37.525284249446365,42.66157627919699,33.13396147630744,33.13396147624038,0.616485396809189,16.469872417319827,8.739675649849232e-11
158.5,34.63066559819658,-36.915384247650834,43.680352681223056,33.13396147630265,33.133961476236934,0.6164853968133954,16.46987241732104,8.569145393266808e-11
158.55,35.281549210944334,-36.293813235893985,44.69912908324894,33.133961476297955,33.13396147623355,0.6164853968175095,16.469872417322144,8.412825991399586e-11
158.60000000000002,35.921278360026605,-35.66076772740785,45.71790548527465,33.13396147629336,33.13396147623022,0.6164853968215454,16.46987241732348,8.22808488010196e-11
158.65,36.54965079141236,-35.01644786315225,46.73668188730018,33.133961476288846,33.13396147622695,0.6164853968255102,16.469872417324577,8.071765478234738e-11
158.70000000000002,37.16646784156184,-34.3610573485391,47.75545828932553,33.133961476284426,33.13396147622376,0.6164853968293897,16.469872417325572,7.929656931082718e-11
158.75,37.771534500235184,-33.69480338902976,48.77423469135073,33.13396147628009,33.13396147622062,0.6164853968331911,16.469872417326798,7.759126674500294e-11
158.8,38.364659472146045,-33.01789662462587,49.793011093375725,33.13396147627584,33.133961476217564,0.6164853968369215,16.469872417327917,7.602807272633072e-11
158.85000000000002,38.94565523744067,-32.33055106327429,50.811787495400566,33.133961476271686,33.13396147621456,0.6164853968405879,16.469872417328915,7.460698725481052e-11
158.9,39.514338110983374,-31.632984013207263,51.83056389742525,33.13396147626761,33.1339614762116,0.6164853968441761,16.469872417329807,7.332801033044234e-11
158.95000000000002,40.070528300429665,-30.925416014239175,52.849340299449786,33.13396147626361,33.13396147620871,0.6164853968476933,16.46987241733093,7.176481631177012e-11
159.0,40.6140499630686,-30.20807076804164,53.86811670147417,33.133961476259685,33.133961476205876,0.6164853968511395,16.469872417331946,7.034373084024992e-11
159.05,41.144731261416496,-29.48117506741892,54.8868931034984,33.13396147625585,33.13396147620308,0.6164853968545216,16.46987241733296,6.892264536872972e-11
159.10000000000002,41.662404417544295,-28.7449587246061,55.90566950552248,33.13396147625208,33.13396147620035,0.6164853968578399,16.46987241733386,6.764366844436154e-11
159.15,42.16690576612154,-27.999654498612617,56.924445907546406,33.13396147624838,33.133961476197676,0.616485396861087,16.469872417334763,6.636469151999336e-11
159.20000000000002,42.6580758061601,-27.245498021634187,57.94322230957018,33.133961476244764,33.13396147619507,0.6164853968642703,16.469872417335782,6.494360604847316e-11
159.25,43.13575925144133,-26.482727724556323,58.9619987115938,33.13396147624122,33.13396147619251,0.6164853968673967,16.469872417336695,6.366462912410498e-11
159.3,43.599805079610675,-25.71158476157305,59.98077511361732,33.13396147623774,33.13396147618998,0.6164853968704591,16.4698724173375,6.252776074688882e-11
159.35000000000002,44.05006657992428,-24.932312933944626,60.99955151564069,33.133961476234326,33.13396147618751,0.6164853968734576,16.469872417338408,6.124878382252064e-11
159.4,44.4864013996324,-24.145158612918387,62.01832791766395,33.13396147623098,33.133961476185064,0.6164853968764064,16.469872417339328,5.996980689815246e-11
159.45000000000002,44.908671588985065,-23.35037066183705,63.03710431968706,33.1339614762277,33.13396147618269,0.6164853968792912,16.469872417340014,5.897504706808832e-11
159.5,45.31674364484566,-22.548200357459166,64.05588072171007,33.133961476224485,33.133961476180346,0.6164853968821191,16.469872417340937,5.7696070143720135e-11
159.55,45.710488552898724,-21.738901310516514,65.07465712373293,33.13396147622133,33.133961476178065,0.6164853968848973,16.469872417341744,5.6559201766503975e-11
159.60000000000002,46.089781828438554,-20.92272938553363,66.09343352575569,33.13396147621824,33.13396147617581,0.6164853968876116,16.469872417342444,5.5564441936439835e-11
159.65,46.45450355572576,-20.099942619934765,67.1122099277783,33.13396147621521,33.13396147617362,0.6164853968902833,16.46987241734337,5.4285465012071654e-11
159.70000000000002,46.8045384258993,-19.27080114246389,68.13098632980079,33.13396147621224,33.13396147617145,0.616485396892898,16.469872417343954,5.3432813729159534e-11
159.75,47.13977577343207,-18.43556709094348,69.14976273182319,33.13396147620933,33.13396147616935,0.6164853968954631,16.469872417344774,5.2295945351943374e-11
159.8,47.4601096111184,-17.594504529398176,70.16853913384548,33.13396147620647,33.133961476167265,0.6164853968979713,16.46987241734547,5.1301185521879233e-11
159.85000000000002,47.765438663582536,-16.7478793645694,71.18731553586763,33.13396147620367,33.13396147616524,0.6164853969004369,16.4698724173463,5.016431714466307e-11
159.9,48.05566639929745,-15.895959261847441,72.20609193788968,33.13396147620092,33.13396147616325,0.6164853969028528,16.469872417346892,4.931166586175095e-11
159.95000000000002,48.3307010611038,-15.039013560647495,73.22486833991162,33.13396147619823,33.13396147616132,0.6164853969052189,16.4698724173476,4.831690603168681e-11
160.0,48.5904556952195,-14.177313189256475,74.24364474193345,33.1339614761956,33.133961476159406,0.6164853969075423,16.46987241734831,4.732214620162267e-11
160.05,48.83484817873064,-13.311130579177481,75.2624211439552,33.133961476193015,33.13396147615753,0.6164853969098161,16.469872417348906,4.646949491871055e-11
160.10000000000002,49.06380124555514,-12.440739578999024,76.28119754597682,33.13396147619048,33.13396147615568,0.6164853969120543,16.469872417349627,4.547473508864641e-11
160.15,49.27724251087085,-11.566415367816221,77.29997394799837,33.13396147618799,33.1339614761539,0.6164853969142357,16.46987241735011,4.476419235288631e-11
160.20000000000002,49.47510449400042,-10.68843436823136,78.3187503500198,33.133961476185554,33.13396147615212,0.6164853969163886,16.46987241735095,4.362732397567015e-11
160.25,49.65732463974571,-9.8070741589613,79.33752675204113,33.13396147618317,33.133961476150404,0.6164853969184918,16.46987241735132,4.305888978706207e-11
160.3,49.82384533816497,-8.92261338707938,80.35630315406236,33.13396147618083,33.13396147614873,0.6164853969205524,16.469872417352043,4.206412995699793e-11
160.35000000000002,49.97461394278657,-8.035331679919553,81.37507955608353,33.133961476178534,33.13396147614704,0.6164853969225774,16.46987241735265,4.121147867408581e-11
160.4,50.109582787253444,-7.145509556670598,82.39385595810461,33.13396147617628,33.13396147614543,0.6164853969245598,16.46987241735315,4.050093593832571e-11
160.45000000000002,50.22870920039312,-6.25342833968838,83.41263236012558,33.13396147617408,33.133961476143824,0.6164853969265067,16.469872417353752,3.964828465541359e-11
160.5,50.331955519708444,-5.359370065554172,84.43140876214646,33.13396147617192,33.133961476142275,0.6164853969284181,16.469872417354253,3.893774191965349e-11
160.55,50.41928910328478,-4.463617395907179,85.45018516416728,33.1339614761698,33.13396147614075,0.6164853969302868,16.469872417354757,3.822719918389339e-11
160.60000000000002,50.49068234010996,-3.566453528079443,86.468961566188,33.13396147616773,33.13396147613925,0.61648539693212,16.469872417355376,3.737454790098127e-11
160.65,50.54611265880365,-2.6681621055613847,87.48773796820866,33.13396147616569,33.13396147613776,0.6164853969339177,16.46987241735587,3.666400516522117e-11
160.70000000000002,50.585562534753414,-1.7690271283262933,88.50651437022924,33.13396147616369,33.1339614761363,0.6164853969356798,16.469872417356378,3.595346242946107e-11
160.75,50.60901949565525,-0.869332863042108,89.5252907722497,33.13396147616173,33.133961476134914,0.6164853969374064,16.46987241735689,3.524291969370097e-11
160.8,50.616476125456735,0.030636246801115208,90.54406717427011,33.13396147615982,33.133961476133535,0.6164853969391046,16.469872417357397,3.453237695794087e-11
160.85000000000002,50.6079300667017,0.9305956708196403,91.56284357629043,33.13396147615794,33.13396147613219,0.6164853969407673,16.469872417357784,3.396394276933279e-11
160.9,50.58338402127551,1.8302608816919603,92.58161997831068,33.1339614761561,33.133961476130864,0.6164853969423945,16.469872417358296,3.325340003357269e-11
160.95000000000002,50.5428457495509,2.7293474451137376,93.6003963803309,33.133961476154305,33.13396147612953,0.6164853969439932,16.469872417358815,3.254285729781259e-11
161.0,50.48632806793443,3.6275711097233376,94.61917278235101,33.133961476152535,33.13396147612826,0.6164853969455635,16.469872417359202,3.197442310920451e-11
161.05,50.41384884481454,4.5246478969695225,95.63794918437107,33.1339614761508,33.133961476127006,0.6164853969470983,16.469872417359603,3.140598892059643e-11
161.10000000000002,50.325430994912345,5.420294190892895,96.65672558639108,33.133961476149096,33.133961476125755,0.6164853969486046,16.469872417360115,3.069544618483633e-11
161.15,50.22110247203703,6.31422682779271,97.67550198841099,33.133961476147434,33.13396147612456,0.6164853969500825,16.46987241736052,3.012701199622825e-11
161.20000000000002,50.10089626024807,7.206163185750691,98.69427839043084,33.1339614761458,33.13396147612339,0.616485396951532,16.46987241736092,2.955857780762017e-11
161.25,49.96485036342715,8.095821273983576,99.71305479245063,33.133961476144194,33.13396147612222,0.6164853969529531,16.469872417361323,2.8990143619012088e-11
161.3,49.81300779326302,8.982919821996113,100.73183119447039,33.13396147614262,33.133961476121044,0.6164853969543529,16.469872417361728,2.8421709430404007e-11
161.35000000000002,49.64541655565307,9.867178368506332,101.7506075964901,33.13396147614108,33.13396147611991,0.6164853969557171,16.469872417362016,2.7995383788947947e-11
161.4,49.46212963552605,10.748317350114993,102.7693839985097,33.13396147613957,33.13396147611883,0.6164853969570601,16.469872417362538,2.7284841053187847e-11
161.45000000000002,49.26320498009052,11.62605818969115,103.78816040052925,33.13396147613809,33.13396147611775,0.6164853969583746,16.46987241736283,2.6858515411731787e-11
161.5,49.04870548051456,12.500123384445903,104.80693680254875,33.13396147613664,33.1339614761167,0.6164853969596606,16.469872417363234,2.6290081223123707e-11
161.55,48.81869895204234,13.370236593666494,105.82571320456819,33.13396147613521,33.133961476115644,0.6164853969609254,16.46987241736365,2.5721647034515627e-11
161.60000000000002,48.57325811255394,14.236122726083007,106.84448960658759,33.13396147613381,33.13396147611463,0.6164853969621618,16.46987241736394,2.5295321393059567e-11
161.65,48.31246055957518,15.097508026840044,107.86326600860693,33.13396147613245,33.13396147611363,0.6164853969633768,16.469872417364357,2.4726887204451486e-11
161.70000000000002,48.03638874574474,15.954120164045891,108.88204241062623,33.133961476131105,33.133961476112624,0.6164853969645705,16.469872417364652,2.4300561562995426e-11
161.75,47.74512995274625,16.8056883148718,109.90081881264547,33.13396147612979,33.13396147611167,0.6164853969657358,16.46987241736495,2.3874235921539366e-11
161.8,47.438776263713706,17.65194325117419,110.91959521466467,33.1339614761285,33.13396147611072,0.6164853969668727,16.469872417365362,2.3305801732931286e-11
161.85000000000002,47.117424534118875,18.492617424612632,111.93837161668381,33.133961476127226,33.133961476109775,0.6164853969679953,16.469872417365785,2.2737367544323206e-11
161.9,46.78117636114985,19.327445051236833,112.9571480187029,33.133961476125975,33.133961476108865,0.6164853969690895,16.46987241736596,2.2453150450019166e-11
161.95000000000002,46.43013805159055,20.156162195515716,113.97592442072194,33.13396147612475,33.13396147610796,0.6164853969701625,16.469872417366382,2.1884716261411086e-11
162.0,46.06442058821119,20.978506853782168,114.99470082274092,33.13396147612355,33.133961476107096,0.6164853969712212,16.46987241736668,2.1458390619955026e-11
162.05,45.684139594680474,21.794219037066988,116.01347722475987,33.13396147612238,33.133961476106236,0.6164853969722515,16.46987241736688,2.1174173525650986e-11
162.10000000000002,45.289415299010486,22.603040853295894,117.03225362677875,33.13396147612123,33.13396147610541,0.6164853969732675,16.46987241736729,2.0605739337042905e-11
162.15,44.88037249554593,23.40471658882358,118.0510300287976,33.13396147612009,33.13396147610459,0.6164853969742623,16.469872417367487,2.0321522242738865e-11
162.20000000000002,44.45714050550968,24.198992789279032,119.06980643081643,33.133961476118984,33.13396147610377,0.6164853969752428,16.469872417367792,1.9895196601282805e-11
162.25,44.019853136117135,24.985618339696604,120.08858283283517,33.133961476117896,33.13396147610298,0.6164853969762021,16.46987241736798,1.9610979506978765e-11
162.3,43.56864863827231,25.764344543907427,121.1073592348539,33.13396147611684,33.1339614761022,0.61648539697714,16.46987241736829,1.9184653865522705e-11
162.35000000000002,43.103669662859,26.53492520316614,122.12613563687259,33.13396147611579,33.13396147610144,0.6164853969780566,16.4698724173686,1.8758328224066645e-11
162.4,42.625063215640914,27.297116693988023,123.14491203889122,33.13396147611477,33.1339614761007,0.6164853969789519,16.469872417368904,1.8332002582610585e-11
162.45000000000002,42.13298061078495,28.050678045171967,124.16368844090981,33.13396147611376,33.133961476099984,0.616485396979833,16.469872417369217,1.7905676941154525e-11
162.5,41.627577423022345,28.795371013984887,125.18246484292834,33.13396147611278,33.13396147609928,0.6164853969806998,16.469872417369412,1.7621459846850485e-11
162.55,41.10901343846285,29.53096016148353,126.20124124494687,33.133961476111814,33.133961476098584,0.6164853969815525,16.4698724173696,1.7337242752546445e-11
162.60000000000002,40.57745260407743,30.257212926949848,127.22001764696535,33.13396147611087,33.13396147609789,0.6164853969823838,16.469872417369803,1.7053025658242404e-11
162.65,40.03306297586548,30.97389970141639,128.23879404898378,33.13396147610994,33.13396147609723,0.6164853969832009,16.469872417370116,1.6626700016786344e-11
162.70000000000002,39.47601666572298,31.6807939002585,129.25757045100215,33.13396147610903,33.133961476096594,0.6164853969840038,16.469872417370315,1.6342482922482304e-11
162.75,38.90648978702833,32.37767203483034,130.27634685302053,33.13396147610814,33.133961476095934,0.6164853969847854,16.469872417370507,1.6058265828178264e-11
162.8,38.32466239896307,33.0643137831221,131.29512325503887,33.13396147610727,33.133961476095315,0.6164853969855528,16.469872417370826,1.5631940186722204e-11
162.85000000000002,37.73071844958519,33.74050205941607,132.31389965705714,33.133961476106414,33.13396147609471,0.6164853969863131,16.469872417371022,1.5347723092418164e-11
162.9,37.124845717672855,34.406023082919525,133.33267605907542,33.13396147610558,33.1339614760941,0.6164853969870521,16.469872417371107,1.5205614545266144e-11
162.95000000000002,36.50723575335708,35.060666445352744,134.35145246109363,33.133961476104766,33.13396147609352,0.6164853969877839,16.469872417371427,1.4779288903810084e-11
163.0,35.87808381756207,35.704225177470796,135.3702288631118,33.13396147610396,33.13396147609294,0.6164853969884874,16.46987241737151,1.4637180356658064e-11
163.05,35.23758882027237,36.336495814498065,136.38900526512998,33.133961476103174,33.13396147609238,0.6164853969891908,16.46987241737195,1.4068746168049984e-11
163.10000000000002,34.5859532576463,36.95727846045477,137.40778166714816,33.1339614761024,33.133961476091805,0.6164853969898729,16.469872417371917,1.4068746168049984e-11
163.15,33.92338314799568,37.56637685135526,138.4265580691663,33.133961476101646,33.13396147609123,0.6164853969905479,16.469872417372233,1.3642420526593924e-11
163.20000000000002,33.25008796665191,38.16359841725795,139.44533447118437,33.1339614761009,33.133961476090704,0.6164853969912016,16.469872417372322,1.3500311979441904e-11
163.25,32.56628057973921,38.74875434314747,140.46411087320243,33.13396147610017,33.133961476090136,0.6164853969918482,16.469872417372642,1.3073986337985843e-11
163.3,31.872177176875713,39.32165962862956,141.48288727522046,33.13396147609945,33.13396147608964,0.6164853969924806,16.469872417372734,1.2931877790833823e-11
163.35000000000002,31.167997202823926,39.88213314642003,142.5016636772385,33.133961476098754,33.133961476089105,0.6164853969930988,16.469872417372933,1.2647660696529783e-11
163.4,30.453963288111993,40.42999769960918,143.52044007925645,33.133961476098065,33.133961476088615,0.6164853969937028,16.469872417373136,1.2363443602225743e-11
163.45000000000002,29.730301178647775,40.96508007768362,144.53921648127442,33.13396147609739,33.133961476088096,0.6164853969942996,16.46987241737335,1.2079226507921703e-11
163.5,28.997239664348005,41.48721111128776,145.55799288329234,33.13396147609673,33.13396147608762,0.6164853969948823,16.469872417373438,1.1937117960769683e-11
163.55,28.255010506805032,41.996225725707674,146.57676928531026,33.13396147609608,33.13396147608713,0.6164853969954507,16.46987241737364,1.1652900866465643e-11
163.60000000000002,27.50384836601408,42.491962993060405,147.59554568732815,33.133961476095436,33.13396147608667,0.616485396996012,16.469872417373857,1.1368683772161603e-11
163.65,26.743990726184137,42.97426618317226,148.61432208934602,33.13396147609481,33.13396147608619,0.6164853969965591,16.469872417373942,1.1226575225009583e-11
163.70000000000002,25.97567782065597,43.44298281312992,149.63309849136382,33.13396147609419,33.133961476085744,0.6164853969970991,16.46987241737416,1.0942358130705543e-11
163.75,25.19915255595098,43.897964695488824,150.65187489338166,33.13396147609359,33.1339614760853,0.616485396997625,16.469872417374248,1.0800249583553523e-11
163.8,24.414660434974913,44.33906798512343,151.6706512953994,33.13396147609299,33.13396147608487,0.6164853969981507,16.46987241737446,1.0516032489249483e-11
163.85000000000002,23.622449479400704,44.76615322470471,152.6894276974172,33.133961476092416,33.133961476084444,0.6164853969986552,16.46987241737444,1.0516032489249483e-11
163.9,22.82277015125502,45.17908538879037,153.7082040994349,33.13396147609185,33.133961476084046,0.6164853969991526,16.46987241737477,1.0089706847793423e-11
163.95000000000002,22.015875273733254,45.57773392651393,154.72698050145263,33.13396147609129,33.13396147608363,0.6164853969996429,16.469872417374862,9.947598300641403e-12
164.0,21.202019951268014,45.9619728028591,155.74575690347035,33.13396147609074,33.133961476083215,0.616485397000119,16.469872417374955,9.805489753489383e-12
164.05,20.381461488876408,46.3316805385065,156.76453330548802,33.13396147609021,33.13396147608281,0.6164853970005879,16.46987241737516,9.521272659185342e-12
164.10000000000002,19.55445931081159,46.686740248240014,157.78330970750568,33.13396147608968,33.133961476082426,0.6164853970010427,16.469872417375267,9.379164112033322e-12
164.15,18.721274878544296,47.02703967790075,158.8020861095233,33.13396147608916,33.13396147608205,0.6164853970014974,16.46987241737547,9.094947017729282e-12
164.20000000000002,17.882171608100297,47.35247123987682,159.8208625115409,33.13396147608866,33.13396147608167,0.6164853970019308,16.469872417375456,9.094947017729282e-12
164.25,17.037414786779927,47.66293204711777,160.83963891355853,33.13396147608816,33.13396147608128,0.6164853970023643,16.469872417375786,8.668621376273222e-12
164.3,16.187271489285973,47.958323945662926,161.85841531557608,33.13396147608767,33.133961476080934,0.6164853970027906,16.46987241737577,8.668621376273222e-12
164.35000000000002,15.332010493286495,48.23855354567331,162.87719171759366,33.13396147608719,33.133961476080586,0.6164853970032027,16.469872417375864,8.526512829121202e-12
164.4,14.471902194439211,48.503532250957406,163.89596811961115,33.13396147608672,33.13396147608024,0.6164853970036077,16.46987241737608,8.242295734817162e-12
164.45000000000002,13.607218520904377,48.75317628698131,164.91474452162868,33.13396147608625,33.133961476079904,0.6164853970040056,16.46987241737618,8.100187187665142e-12
164.5,12.738232847373133,48.98740672735457,165.9335209236462,33.1339614760858,33.13396147607958,0.6164853970043964,16.469872417376283,7.958078640513122e-12
164.55,11.865219908638535,49.20614951878318,166.95229732566366,33.133961476085354,33.13396147607926,0.6164853970047801,16.469872417376376,7.815970093361102e-12
164.60000000000002,10.988455712736576,49.40933550448197,167.97107372768113,33.13396147608491,33.13396147607893,0.6164853970051567,16.46987241737647,7.673861546209082e-12
164.65,10.10821745368467,49.596900446038944,168.98985012969854,33.13396147608449,33.13396147607865,0.6164853970055262,16.469872417376582,7.531752999057062e-12
164.70000000000002,9.224783423845173,49.768785043724556,170.00862653171595,33.13396147608407,33.13396147607837,0.6164853970058815,16.469872417376685,7.389644451905042e-12
164.75,8.33843292594166,49.92493495523973,171.02740293373336,33.13396147608366,33.13396147607806,0.6164853970062367,16.46987241737689,7.105427357601002e-12
164.8,7.449446184755777,50.06530081289643,172.04617933575076,33.133961476083265,33.13396147607777,0.6164853970065849,16.46987241737688,7.105427357601002e-12
164.85000000000002,6.5581042585325635,50.189838239225594,173.06495573776812,33.13396147608287,33.1339614760775,0.6164853970069188,16.469872417376983,6.963318810448982e-12
164.9,5.664688950122288,50.29850786100727,174.0837321397855,33.13396147608248,33.13396147607721,0.6164853970072457,16.4698724173772,6.679101716144942e-12
164.95000000000002,4.769482717886862,50.39127532171874,175.1025085418028,33.13396147608211,33.133961476076976,0.6164853970075796,16.469872417377307,6.536993168992922e-12
165.0,3.87276858639901,50.46811129239646,176.12128494382011,33.133961476081744,33.13396147607672,0.6164853970078994,16.46987241737717,6.679101716144942e-12
165.05,2.974830056962434,50.528991480908644,177.1400613458374,33.13396147608139,33.13396147607647,0.616485397008212,16.46987241737739,6.394884621840902e-12
165.10000000000002,2.075951017981254,50.57389663963534,178.15883774785473,33.13396147608103,33.13396147607622,0.6164853970085176,16.469872417377495,6.252776074688882e-12
165.15,1.1764156552070637,50.60281257155368,179.17761414987203,33.13396147608069,33.13396147607593,0.6164853970088231,16.4698724173776,6.110667527536862e-12
165.20000000000002,0.27650836189197925,50.615730134726306,-179.8036094481107,33.13396147608036,33.13396147607571,0.6164853970091144,16.469872417377584,6.110667527536862e-12
165.25,-0.6234863511239137,50.61264524519172,-178.78483304609344,33.133961476080025,33.13396147607547,0.6164853970093986,16.4698724173778,5.8264504332328215e-12
165.3,-1.5232839453622917,50.5935588782554,-177.7660566440762,33.1339614760797,33.133961476075235,0.6164853970096829,16.469872417377903,5.6843418860808015e-12
165.35000000000002,-2.42259994466506,50.55847706818147,-176.74728024205896,33.133961476079385,33.13396147607501,0.61648539700996,16.469872417377893,5.6843418860808015e-12
165.4,-3.321150025133119,50.50741090628492,-175.72850384004175,33.13396147607907,33.13396147607479,0.6164853970102371,16.469872417378,5.5422333389287814e-12
165.45000000000002,-4.218650105016991,50.44037653742503,-174.70972743802454,33.13396147607877,33.13396147607457,0.6164853970105,16.469872417377985,5.5422333389287814e-12
165.5,-5.1148164345308915,50.3573951549011,-173.69095103600736,33.13396147607847,33.13396147607437,0.6164853970107629,16.469872417378213,5.258016244624741e-12
165.55,-6.009365685561847,50.25849299375203,-172.67217463399018,33.13396147607817,33.13396147607418,0.6164853970110187,16.4698724173782,5.258016244624741e-12
165.60000000000002,-6.9020150412455,50.14370132246199,-171.653398231973,33.133961476077886,33.13396147607394,0.6164853970112745,16.4698724173783,5.115907697472721e-12
165.65,-7.792482285380276,50.01305643307471,-170.63462182995585,33.13396147607761,33.13396147607375,0.6164853970115232,16.469872417378287,5.115907697472721e-12
165.70000000000002,-8.680485891651657,49.86659962971951,-169.6158454279387,33.13396147607733,33.133961476073544,0.6164853970117647,16.469872417378404,4.973799150320701e-12
165.75,-9.565745112638329,49.70437721555281,-168.59706902592154,33.13396147607706,33.13396147607336,0.6164853970120063,16.469872417378507,4.831690603168681e-12
165.8,-10.44798006857209,49.52644047811909,-167.57829262390442,33.13396147607679,33.13396147607318,0.6164853970122337,16.46987241737849,4.831690603168681e-12
165.85000000000002,-11.32691183582344,49.332845673136056,-166.55951622188732,33.133961476076536,33.133961476073,0.6164853970124611,16.46987241737872,4.547473508864641e-12
165.9,-12.20226253508488,49.12365400670905,-165.5407398198702,33.13396147607628,33.133961476072805,0.6164853970126885,16.46987241737871,4.547473508864641e-12
165.95000000000002,-13.073755419224053,48.89893161598043,-164.5219634178531,33.13396147607603,33.133961476072635,0.6164853970129087,16.469872417378696,4.547473508864641e-12
166.0,-13.94111496077892,48.65874954821989,-163.50318701583603,33.13396147607579,33.13396147607246,0.6164853970131219,16.46987241737881,4.405364961712621e-12
166.05,-14.804066939067356,48.40318373836247,-162.48441061381894,33.133961476075555,33.13396147607228,0.616485397013335,16.46987241737891,4.263256414560601e-12
166.10000000000002,-15.66233852688358,48.13231498500133,-161.46563421180187,33.13396147607532,33.13396147607211,0.6164853970135411,16.469872417378898,4.263256414560601e-12
166.15,-16.515658376754043,47.84622892484276,-160.4468578097848,33.133961476075086,33.13396147607195,0.6164853970137472,16.46987241737901,4.121147867408581e-12
166.20000000000002,-17.36375670672548,47.54501600563168,-159.42808140776773,33.133961476074866,33.13396147607178,0.6164853970139532,16.469872417378998,4.121147867408581e-12
166.25,-18.206365385658014,47.22877145755604,-158.40930500575072,33.133961476074646,33.13396147607165,0.6164853970141522,16.469872417378994,4.121147867408581e-12
166.3,-19.04321801799637,46.89759526313929,-157.39052860373369,33.133961476074425,33.13396147607149,0.616485397014344,16.4698724173791,3.979039320256561e-12
166.35000000000002,-19.87405002799233,46.551592125630286,-156.37175220171665,33.13396147607422,33.13396147607133,0.6164853970145359,16.46987241737921,3.836930773104541e-12
166.4,-20.69859874335188,46.190871435900796,-155.35297579969966,33.13396147607401,33.1339614760712,0.6164853970147135,16.4698724173792,3.836930773104541e-12
166.45000000000002,-21.51660347828056,45.81554723786094,-154.33419939768265,33.13396147607381,33.13396147607105,0.6164853970148982,16.46987241737942,3.552713678800501e-12
166.5,-22.327805615900772,45.42573819240355,-153.31542299566564,33.133961476073615,33.133961476070915,0.6164853970150759,16.469872417379303,3.694822225952521e-12
166.55,-23.131948690014973,45.02156753988884,-152.29664659364863,33.133961476073424,33.13396147607076,0.6164853970152535,16.46987241737941,3.552713678800501e-12
166.60000000000002,-23.928778466188948,44.6031630611813,-151.27787019163165,33.13396147607323,33.13396147607063,0.616485397015424,16.4698724173794,3.552713678800501e-12
166.65,-24.718043022129468,44.17065703725098,-150.25909378961467,33.13396147607305,33.133961476070496,0.6164853970155946,16.46987241737951,3.410605131648481e-12
166.70000000000002,-25.499492827330972,43.724186207352176,-149.24031738759768,33.13396147607286,33.133961476070354,0.6164853970157651,16.4698724173795,3.410605131648481e-12
166.75,-26.272880821966062,43.26389172579247,-148.22154098558073,33.133961476072685,33.13396147607024,0.6164853970159214,16.469872417379484,3.410605131648481e-12
166.8,-27.037962494994876,42.78991911730604,-147.20276458356378,33.133961476072514,33.13396147607011,0.6164853970160848,16.469872417379722,3.126388037344441e-12
166.85000000000002,-27.79449596146866,42.302418231045145,-146.18398818154682,33.13396147607234,33.13396147606999,0.6164853970162412,16.469872417379598,3.268496584496461e-12
166.9,-28.542242039003074,41.80154319320447,-145.16521177952987,33.13396147607217,33.13396147606985,0.6164853970163904,16.469872417379705,3.126388037344441e-12
166.95000000000002,-29.28096432339708,41.287452358293265,-144.14643537751294,33.13396147607201,33.133961476069736,0.6164853970165396,16.469872417379815,2.9842794901924208e-12
167.0,-30.010429263373467,40.76030825907063,-143.12765897549602,33.133961476071846,33.13396147606962,0.6164853970166888,16.46987241737981,2.9842794901924208e-12
167.05,-30.730406234417437,40.22027755515987,-142.1088825734791,33.13396147607168,33.13396147606949,0.616485397016838,16.469872417379797,2.9842794901924208e-12
167.10000000000002,-31.440667611689854,39.6675309803581,-141.09010617146217,33.133961476071526,33.13396147606939,0.6164853970169801,16.469872417379797,2.9842794901924208e-12
167.15,-32.140988841992154,39.10224328865779,-140.07132976944527,33.13396147607137,33.13396147606927,0.6164853970171222,16.469872417379918,2.8421709430404007e-12
167.20000000000002,-32.831148514760116,38.52459319899726,-139.05255336742835,33.13396147607122,33.133961476069175,0.6164853970172572,16.469872417379896,2.8421709430404007e-12
167.25,-33.51092843206407,37.93476333875769,-138.03377696541145,33.13396147607107,33.133961476069054,0.6164853970173922,16.46987241738001,2.7000623958883807e-12
167.3,-34.18011367759344,37.33294018602443,-137.01500056339455,33.13396147607093,33.13396147606894,0.6164853970175201,16.469872417380007,2.7000623958883807e-12
167.35000000000002,-34.83849268460374,36.71931401063087,-135.99622416137768,33.13396147607079,33.133961476068855,0.616485397017648,16.469872417380117,2.5579538487363607e-12
167.4,-35.48585730280465,36.09407881400355,-134.97744775936079,33.133961476070645,33.13396147606876,0.6164853970177759,16.46987241738011,2.5579538487363607e-12
167.45000000000002,-36.12200286416786,35.45743226782751,-133.95867135734392,33.13396147607052,33.13396147606865,0.6164853970179038,16.469872417380103,2.5579538487363607e-12
167.5,-36.74672824763411,34.80957565155123,-132.93989495532705,33.13396147607038,33.13396147606858,0.6164853970180246,16.4698724173801,2.5579538487363607e-12
167.55,-37.35983594269871,34.15071378875101,-131.92111855331015,33.133961476070255,33.13396147606846,0.6164853970181454,16.46987241738021,2.4158453015843406e-12
167.60000000000002,-37.96113211185564,33.481054982374815,-130.9023421512933,33.13396147607013,33.133961476068386,0.6164853970182591,16.46987241738021,2.4158453015843406e-12
167.65,-38.550426651880386,32.80081094888608,-129.88356574927647,33.13396147607,33.133961476068286,0.6164853970183799,16.469872417380312,2.2737367544323206e-12
167.70000000000002,-39.12753325393215,32.11019675132838,-128.8647893472596,33.13396147606988,33.13396147606821,0.6164853970184865,16.469872417380202,2.4158453015843406e-12
167.75,-39.69226946245647,31.409430731331994,-127.84601294524275,33.13396147606976,33.13396147606811,0.6164853970186002,16.469872417380426,2.1316282072803006e-12
167.8,-40.24445673286958,30.698734440083953,-126.82723654322591,33.133961476069636,33.13396147606803,0.6164853970187067,16.469872417380305,2.2737367544323206e-12
167.85000000000002,-40.7839204880063,29.978332568283367,-125.80846014120907,33.13396147606952,33.13396147606794,0.6164853970188204,16.469872417380415,2.1316282072803006e-12
167.9,-41.31049017331361,29.24845287510417,-124.78968373919224,33.13396147606941,33.13396147606786,0.6164853970189199,16.469872417380287,2.2737367544323206e-12
167.95000000000002,-41.82399931077245,28.50932611618776,-123.77090733717542,33.1339614760693,33.13396147606779,0.6164853970190194,16.469872417380525,1.9895196601282805e-12
168.0,-42.3242855515307,27.761185970688285,-122.75213093515859,33.13396147606919,33.133961476067704,0.616485397019126,16.469872417380518,1.9895196601282805e-12
168.05,-42.81119072723068,27.00426896739362,-121.73335453314176,33.13396147606908,33.133961476067626,0.6164853970192254,16.469872417380397,2.1316282072803006e-12
168.10000000000002,-43.28456090001501,26.238814409945476,-120.71457813112494,33.13396147606898,33.133961476067526,0.6164853970193249,16.469872417380508,1.9895196601282805e-12
168.15,-43.744246411194915,25.465064301182142,-119.69580172910814,33.13396147606888,33.13396147606747,0.6164853970194244,16.469872417380504,1.9895196601282805e-12
168.20000000000002,-44.190101928565696,24.683263266627932,-118.67702532709134,33.13396147606878,33.133961476067405,0.6164853970195097,16.469872417380497,1.9895196601282805e-12
168.25,-44.62198649235434,23.89365847715342,-117.65824892507453,33.133961476068684,33.13396147606732,0.616485397019602,16.46987241738073,1.7053025658242404e-12
168.3,-45.039763559784745,23.09649957083094,-116.63947252305773,33.133961476068585,33.133961476067256,0.6164853970196944,16.46987241738061,1.8474111129762605e-12
168.35000000000002,-45.44330104824651,22.292038574010103,-115.62069612104094,33.13396147606849,33.13396147606718,0.6164853970197797,16.4698724173806,1.8474111129762605e-12
168.4,-45.832471377053594,21.48052982163821,-114.60191971902412,33.13396147606839,33.13396147606711,0.6164853970198649,16.46987241738072,1.7053025658242404e-12
168.45000000000002,-46.2071515077797,20.66222987685081,-113.58314331700734,33.1339614760683,33.133961476067036,0.6164853970199502,16.469872417380714,1.7053025658242404e-12
168.5,-46.56722298315756,19.837397449857782,-112.56436691499056,33.133961476068215,33.13396147606697,0.6164853970200284,16.469872417380703,1.7053025658242404e-12
168.55,-46.91257196452991,19.00629331615065,-111.54559051297376,33.13396147606812,33.1339614760669,0.6164853970201136,16.46987241738082,1.5631940186722204e-12
168.60000000000002,-47.24308926784017,18.169180234056892,-110.52681411095699,33.13396147606803,33.133961476066844,0.6164853970201918,16.469872417380703,1.7053025658242404e-12
168.65,-47.55867039815167,17.326322861667403,-109.50803770894021,33.13396147606795,33.13396147606677,0.6164853970202699,16.46987241738082,1.5631940186722204e-12
168.70000000000002,-47.8592155826843,16.477987673163327,-108.48926130692344,33.13396147606787,33.133961476066716,0.6164853970203481,16.469872417380806,1.5631940186722204e-12
168.75,-48.14462980235824,15.624442874568715,-107.47048490490666,33.13396147606779,33.133961476066645,0.6164853970204263,16.46987241738081,1.5631940186722204e-12
168.8,-48.41482282183478,14.765958318955658,-106.4517085028899,33.133961476067704,33.13396147606659,0.6164853970205044,16.469872417380806,1.5631940186722204e-12
168.85000000000002,-48.669709218044765,13.902805421128694,-105.43293210087313,33.13396147606762,33.133961476066524,0.6164853970205755,16.469872417380806,1.5631940186722204e-12
168.9,-48.909208407195564,13.035257071815463,-104.41415569885638,33.13396147606755,33.133961476066474,0.6164853970206465,16.469872417380916,1.4210854715202004e-12
168.95000000000002,-49.133244670248104,12.163587551390748,-103.39537929683961,33.13396147606747,33.13396147606641,0.6164853970207176,16.469872417380913,1.4210854715202004e-12
169.0,-49.34174717685587,11.288072443161154,-102.37660289482285,33.13396147606739,33.13396147606637,0.6164853970207815,16.46987241738091,1.4210854715202004e-12
169.05,-49.534650007758344,10.408988546237879,-101.35782649280611,33.13396147606731,33.1339614760663,0.6164853970208526,16.469872417381026,1.2789769243681803e-12
169.10000000000002,-49.71189217562174,9.526613788025086,-100.33905009078936,33.13396147606724,33.13396147606625,0.6164853970209165,16.469872417380905,1.4210854715202004e-12
169.15,-49.873417644320504,8.641227136351567,-99.3202736887726,33.13396147606718,33.1339614760662,0.6164853970209805,16.469872417381016,1.2789769243681803e-12
169.20000000000002,-50.01917534665345,7.753108511273464,-98.30149728675586,33.13396147606711,33.13396147606613,0.6164853970210515,16.469872417381016,1.2789769243681803e-12
169.25,-50.14911920048895,6.862538696575942,-97.28272088473913,33.133961476067036,33.1339614760661,0.6164853970211084,16.469872417380895,1.4210854715202004e-12
169.3,-50.26320812333407,5.969799251001792,-96.2639444827224,33.133961476066965,33.133961476066034,0.6164853970211723,16.46987241738113,1.1368683772161603e-12
169.35000000000002,-50.36140604532304,5.075172419235022,-95.24516808070565,33.1339614760669,33.13396147606601,0.6164853970212292,16.469872417381005,1.2789769243681803e-12
169.4,-50.44368192062092,4.178941042667582,-94.22639167868891,33.13396147606684,33.13396147606595,0.616485397021286,16.469872417381122,1.1368683772161603e-12
169.45000000000002,-50.51000973723895,3.281388469977445,-93.20761527667219,33.13396147606677,33.133961476065906,0.6164853970213429,16.46987241738111,1.1368683772161603e-12
169.5,-50.56036852525839,2.3827984675462957,-92.18883887465546,33.13396147606671,33.133961476065856,0.6164853970213997,16.46987241738112,1.1368683772161603e-12
169.55,-50.59474236346024,1.4834551297451681,-91.17006247263873,33.133961476066645,33.133961476065814,0.6164853970214494,16.469872417381108,1.1368683772161603e-12
169.60000000000002,-50.61312038435887,0.5836427891163848,-90.15128607062202,33.13396147606659,33.13396147606577,0.6164853970215063,16.46987241738123,9.947598300641403e-13
169.65,-50.615496777637816,-0.3163540735198046,-89.1325096686053,33.13396147606653,33.13396147606573,0.616485397021556,16.46987241738111,1.1368683772161603e-12
169.70000000000002,-50.601870791986734,-1.2162509190054618,-88.11373326658857,33.133961476066474,33.133961476065664,0.6164853970216058,16.469872417381218,9.947598300641403e-13
169.75,-50.572246735338965,-2.115763239803643,-87.09495686457186,33.13396147606642,33.13396147606563,0.6164853970216626,16.469872417381218,9.947598300641403e-13
169.8,-50.526633973509526,-3.0146066499470843,-86.07618046255514,33.13396147606636,33.13396147606559,0.6164853970217123,16.4698724173811,1.1368683772161603e-12
169.85000000000002,-50.46504692723406,-3.9124969749484535,-85.05740406053843,33.133961476066304,33.133961476065544,0.6164853970217621,16.469872417381218,9.947598300641403e-13
169.9,-50.387505067609666,-4.809150341643739,-84.03862765852172,33.133961476066254,33.13396147606552,0.6164853970218047,16.469872417381215,9.947598300641403e-13
169.95000000000002,-50.29403290993895,-5.704283267940376,-83.019851256505,33.133961476066204,33.133961476065465,0.6164853970218545,16.469872417381335,8.526512829121202e-13
170.0,-50.18466000597941,-6.597612752441732,-82.0010748544883,33.13396147606615,33.13396147606544,0.6164853970218971,16.46987241738121,9.947598300641403e-13
170.05,-50.059420934600475,-7.488856363919616,-80.9822984524716,33.1339614760661,33.13396147606539,0.6164853970219397,16.46987241738133,8.526512829121202e-13
170.10000000000002,-49.91835529085118,-8.37773233060653,-79.96352205045488,33.13396147606605,33.13396147606536,0.6164853970219895,16.469872417381318,8.526512829121202e-13
170.15,-49.76150767344198,-9.263959629279427,-78.94474564843819,33.133961476066,33.13396147606532,0.6164853970220321,16.469872417381197,9.947598300641403e-13
170.20000000000002,-49.588927670644615,-10.147258074106801,-77.92596924642149,33.13396147606595,33.13396147606529,0.6164853970220747,16.469872417381318,8.526512829121202e-13
170.25,-49.40066984461447,-11.027348405231058,-76.90719284440479,33.133961476065906,33.13396147606526,0.6164853970221174,16.469872417381314,8.526512829121202e-13
170.3,-49.19679371414046,-11.903952377058099,-75.88841644238809,33.133961476065856,33.13396147606521,0.61648539702216,16.469872417381314,8.526512829121202e-13
170.35000000000002,-48.97736373582783,-12.776792846226272,-74.86964004037141,33.133961476065814,33.133961476065174,0.6164853970222026,16.469872417381307,8.526512829121202e-13
170.4,-48.7424492837198,-13.645593859226823,-73.85086363835472,33.13396147606577,33.13396147606514,0.6164853970222381,16.469872417381303,8.526512829121202e-13
170.45000000000002,-48.4921246273646,-14.510080739648181,-72.83208723633803,33.13396147606572,33.13396147606512,0.6164853970222808,16.46987241738143,7.105427357601002e-13
170.5,-48.22646890833471,-15.369980175016474,-71.81331083432134,33.13396147606568,33.13396147606509,0.6164853970223234,16.469872417381307,8.526512829121202e-13
170.55,-47.94556611520578,-16.225020303204833,-70.79453443230466,33.133961476065636,33.13396147606505,0.6164853970223589,16.469872417381303,8.526512829121202e-13
170.60000000000002,-47.649505057003196,-17.07493079838416,-69.77575803028797,33.13396147606559,33.133961476065025,0.6164853970223945,16.469872417381424,7.105427357601002e-13
170.65,-47.338379335124586,-17.919442956488183,-68.75698162827128,33.13396147606555,33.13396147606498,0.6164853970224229,16.469872417381424,7.105427357601002e-13
170.70000000000002,-47.012287313747194,-18.75828978016579,-67.73820522625459,33.133961476065515,33.133961476064954,0.6164853970224584,16.469872417381527,5.684341886080801e-13
170.75,-46.67133208872949,-19.59120606319376,-66.71942882423792,33.13396147606548,33.13396147606493,0.6164853970224939,16.469872417381424,7.105427357601002e-13
170.8,-46.315621455016824,-20.417928474323233,-65.70065242222125,33.13396147606544,33.1339614760649,0.6164853970225224,16.469872417381413,7.105427357601002e-13
170.85000000000002,-45.94526787256143,-21.238195640533398,-64.68187602020457,33.1339614760654,33.133961476064876,0.6164853970225508,16.469872417381534,5.684341886080801e-13
170.9,-45.56038843076758,-22.051748229666057,-63.6630996181879,33.13396147606536,33.133961476064854,0.6164853970225863,16.46987241738153,5.684341886080801e-13
170.95000000000002,-45.161104811473095,-22.85832903241498,-62.64432321617122,33.13396147606532,33.13396147606482,0.6164853970226147,16.469872417381413,7.105427357601002e-13
171.0,-44.74754325047893,-23.657683043644088,-61.62554681415455,33.13396147606529,33.13396147606479,0.6164853970226503,16.469872417381527,5.684341886080801e-13
171.05,-44.319834497639,-24.449557543008797,-60.60677041213788,33.133961476065245,33.133961476064776,0.6164853970226787,16.46987241738141,7.105427357601002e-13
171.10000000000002,-43.878113775522884,-25.233702174855,-59.5879940101212,33.13396147606522,33.133961476064734,0.6164853970227071,16.469872417381527,5.684341886080801e-13
171.15,-43.422520736664424,-26.009869027370435,-58.56921760810455,33.13396147606518,33.13396147606473,0.6164853970227355,16.46987241738152,5.684341886080801e-13
171.20000000000002,-42.95319941940978,-26.77781271096342,-57.5504412060879,33.13396147606515,33.13396147606472,0.616485397022764,16.46987241738152,5.684341886080801e-13
171.25,-42.47029820237887,-27.537290435844188,-56.53166480407123,33.13396147606512,33.133961476064684,0.6164853970227924,16.46987241738152,5.684341886080801e-13
171.3,-41.97396975755464,-28.288062088784255,-55.51288840205456,33.13396147606509,33.133961476064655,0.6164853970228208,16.46987241738152,5.684341886080801e-13
171.35000000000002,-41.46437100201493,-29.0298903090296,-54.49411200003791,33.13396147606505,33.13396147606465,0.6164853970228492,16.46987241738152,5.684341886080801e-13
171.4,-40.94166304832225,-29.762540563343627,-53.47533559802126,33.133961476065025,33.13396147606463,0.6164853970228776,16.469872417381517,5.684341886080801e-13
171.45000000000002,-40.40601115358711,-30.48578122015618,-52.45655919600461,33.133961476065,33.13396147606462,0.6164853970229061,16.469872417381513,5.684341886080801e-13
171.5,-39.85758466722105,-31.1993836227952,-51.437782793987964,33.133961476064975,33.1339614760646,0.6164853970229345,16.469872417381513,5.684341886080801e-13
171.55,-39.29655697739585,-31.903122161777826,-50.41900639197131,33.13396147606495,33.13396147606459,0.6164853970229558,16.46987241738151,5.684341886080801e-13
171.60000000000002,-38.72310545622588,-32.59677434613815,-49.40022998995466,33.133961476064925,33.133961476064584,0.6164853970229771,16.46987241738163,4.263256414560601e-13
171.65,-38.13741140369086,-33.28012087376897,-48.38145358793801,33.1339614760649,33.13396147606457,0.6164853970230055,16.469872417381623,4.263256414560601e-13
171.70000000000002,-37.53965999031687,-33.95294570075546,-47.36267718592136,33.133961476064876,33.133961476064556,0.616485397023034,16.469872417381502,5.684341886080801e-13
171.75,-36.9300401986336,-34.61503610967862,-46.343900783904715,33.13396147606485,33.133961476064535,0.6164853970230553,16.46987241738151,5.684341886080801e-13
171.8,-36.30874476342645,-35.266182776867176,-45.32512438188807,33.133961476064826,33.1339614760645,0.6164853970230837,16.46987241738162,4.263256414560601e-13
171.85000000000002,-35.67597011080235,-35.906179838576406,-44.30634797987142,33.133961476064805,33.1339614760645,0.6164853970231121,16.469872417381506,5.684341886080801e-13
171.9,-35.03191629608848,-36.53482495607316,-43.28757157785477,33.13396147606478,33.133961476064485,0.6164853970231334,16.469872417381502,5.684341886080801e-13
171.95000000000002,-34.37678694058366,-37.15191937960641,-42.26879517583812,33.13396147606476,33.13396147606445,0.6164853970231547,16.46987241738162,4.263256414560601e-13
172.0,-33.71078916718231,-37.75726801124313,-41.25001877382147,33.13396147606474,33.13396147606445,0.616485397023169,16.469872417381623,4.263256414560601e-13
172.05,-33.03413353489136,-38.350679466549586,-40.231242371804825,33.13396147606472,33.13396147606443,0.6164853970231903,16.469872417381737,2.8421709430404007e-13
172.10000000000002,-32.3470339722608,-38.93196613509867,-39.21246596978818,33.1339614760647,33.1339614760644,0.6164853970232116,16.46987241738162,4.263256414560601e-13
172.15,-31.649707709748974,-39.500944239783976,-38.19368956777153,33.133961476064684,33.133961476064385,0.6164853970232329,16.469872417381616,4.263256414560601e-13
172.20000000000002,-30.942375211043892,-40.05743389492199,-37.17491316575488,33.13396147606466,33.13396147606437,0.6164853970232613,16.46987241738162,4.263256414560601e-13
172.25,-30.225260103362405,-40.601259163123984,-36.156136763738225,33.13396147606464,33.13396147606434,0.6164853970232755,16.46987241738149,5.684341886080801e-13
172.3,-29.498589106749172,-41.13224811091963,-35.137360361721576,33.13396147606463,33.13396147606433,0.6164853970232969,16.469872417381726,2.8421709430404007e-13
172.35000000000002,-28.762591962397806,-41.650232863114745,-34.11858395970493,33.133961476064606,33.133961476064314,0.6164853970233111,16.469872417381612,4.263256414560601e-13
172.4,-28.017501360016897,-42.155049655865994,-33.09980755768828,33.133961476064584,33.13396147606429,0.6164853970233324,16.46987241738173,2.8421709430404007e-13
172.45000000000002,-27.263552864263826,-42.646538888455765,-32.08103115567163,33.13396147606457,33.13396147606428,0.6164853970233537,16.469872417381605,4.263256414560601e-13
172.5,-26.500984840269645,-43.12454517375086,-31.062254753654983,33.13396147606455,33.13396147606424,0.6164853970233679,16.46987241738161,4.263256414560601e-13
172.55,-25.730038378278586,-43.588917387329005,-30.043478351638335,33.13396147606453,33.13396147606423,0.6164853970233892,16.469872417381726,2.8421709430404007e-13
172.60000000000002,-24.950957217425987,-44.039508715257725,-29.024701949621686,33.133961476064506,33.133961476064215,0.6164853970233963,16.469872417381602,4.263256414560601e-13
172.65,-24.16398766867879,-44.4761767005104,-28.005925547605038,33.13396147606449,33.133961476064194,0.6164853970234176,16.46987241738184,1.4210854715202004e-13
172.70000000000002,-23.369378536962895,-44.89878328800486,-26.98714914558839,33.13396147606447,33.13396147606417,0.6164853970234319,16.46987241738161,4.263256414560601e-13
172.75,-22.567381042502078,-45.30719486825029,-25.96837274357174,33.13396147606445,33.133961476064144,0.6164853970234461,16.469872417381723,2.8421709430404007e-13
172.8,-21.758248741393274,-45.701282319588664,-24.94959634155509,33.133961476064435,33.133961476064115,0.6164853970234603,16.469872417381723,2.8421709430404007e-13
172.85000000000002,-20.942237445443364,-46.08092104901725,-23.93081993953844,33.13396147606441,33.13396147606411,0.6164853970234816,16.469872417381723,2.8421709430404007e-13
172.9,-20.11960514129281,-46.445991031579425,-22.912043537521793,33.133961476064385,33.13396147606409,0.6164853970234887,16.469872417381602,4.263256414560601e-13
172.95000000000002,-19.290611908851698,-46.79637684831127,-21.893267135505145,33.13396147606437,33.13396147606405,0.6164853970235029,16.46987241738184,1.4210854715202004e-13
173.0,-18.455519839074,-47.13196772273189,-20.874490733488496,33.13396147606434,33.13396147606402,0.6164853970235171,16.469872417381726,2.8421709430404007e-13
173.05,-17.614592951096004,-47.45265755586609,-19.855714331471873,33.13396147606432,33.13396147606402,0.6164853970235313,16.46987241738171,2.8421709430404007e-13
173.10000000000002,-16.768097108765154,-47.75834495978812,-18.83693792945525,33.1339614760643,33.13396147606402,0.6164853970235455,16.469872417381715,2.8421709430404007e-13
173.15,-15.91629993658569,-48.04893328967607,-17.818161527438626,33.13396147606428,33.133961476064016,0.6164853970235598,16.469872417381715,2.8421709430404007e-13
173.20000000000002,-15.059470735107608,-48.32433067436669,-16.799385125422003,33.133961476064265,33.13396147606402,0.6164853970235669,16.469872417381715,2.8421709430404007e-13
173.25,-14.197880395785766,-48.584450045400985,-15.78060872340538,33.13396147606424,33.133961476064016,0.6164853970235811,16.469872417381836,1.4210854715202004e-13
173.3,-13.331801315335994,-48.82920916455138,-14.761832321388756,33.13396147606422,33.133961476064,0.6164853970235953,16.469872417381715,2.8421709430404007e-13
173.35000000000002,-12.46150730961531,-49.05853064982183,-13.743055919372132,33.13396147606421,33.133961476063995,0.6164853970236095,16.46987241738171,2.8421709430404007e-13
173.4,-11.58727352705348,-49.2723419999126,-12.724279517355509,33.133961476064194,33.13396147606399,0.6164853970236166,16.469872417381715,2.8421709430404007e-13
173.45000000000002,-10.709376361663258,-49.470575617141904,-11.705503115338885,33.13396147606418,33.13396147606398,0.6164853970236379,16.469872417381833,1.4210854715202004e-13
173.5,-9.828093365656844,-49.65316882881736,-10.686726713322262,33.133961476064165,33.13396147606397,0.616485397023645,16.4698724173816,4.263256414560601e-13
173.55,-8.943703161696158,-49.82006390705029,-9.667950311305638,33.13396147606415,33.133961476063966,0.6164853970236521,16.469872417381826,1.4210854715202004e-13
173.60000000000002,-8.056485354804696,-49.97120808700674,-8.649173909289015,33.133961476064144,33.13396147606396,0.6164853970236663,16.46987241738183,1.4210854715202004e-13
173.65,-7.166720443968803,-50.10655358358935,-7.630397507272392,33.13396147606413,33.13396147606396,0.6164853970236805,16.46987241738171,2.8421709430404007e-13
173.70000000000002,-6.274689733456305,-50.226057606544934,-6.611621105255769,33.133961476064115,33.13396147606395,0.6164853970236877,16.46987241738171,2.8421709430404007e-13
173.75,-5.380675243880566,-50.329682373992824,-5.5928447032391455,33.1339614760641,33.133961476063945,0.6164853970236948,16.46987241738183,1.4210854715202004e-13
173.8,-4.484959623038048,-50.41739512436985,-4.574068301222522,33.13396147606409,33.13396147606394,0.6164853970237019,16.46987241738183,1.4210854715202004e-13
173.85000000000002,-3.587826056547599,-50.48916812678808,-3.5552918992058986,33.13396147606408,33.133961476063924,0.6164853970237161,16.46987241738183,1.4210854715202004e-13
173.9,-2.689558178319697,-50.544978689802115,-2.536515497189275,33.133961476064066,33.13396147606392,0.6164853970237303,16.469872417381715,2.8421709430404007e-13
173.95000000000002,-1.7904399808839666,-50.58480916858311,-1.517739095172652,33.13396147606405,33.13396147606391,0.6164853970237374,16.46987241738171,2.8421709430404007e-13
174.0,-0.890755725603315,-50.608646970497276,-0.4989626931560286,33.13396147606404,33.1339614760639,0.6164853970237445,16.469872417381826,1.4210854715202004e-13
174.05,0.009210147196924034,-50.61648455908715,0.5198137088605947,33.13396147606402,33.133961476063895,0.6164853970237587,16.46987241738183,1.4210854715202004e-13
174.10000000000002,0.9091731081564262,-50.60831945645425,1.5385901108772182,33.133961476064016,33.13396147606389,0.6164853970237658,16.46987241738171,2.8421709430404007e-13
174.15,1.8088486288354622,-50.58415424404248,2.5573665128938416,33.13396147606401,33.13396147606387,0.6164853970237729,16.469872417381826,1.4210854715202004e-13
174.20000000000002,2.7079522716701923,-50.543996561822034,3.576142914910465,33.133961476063995,33.133961476063874,0.61648539702378,16.469872417381822,1.4210854715202004e-13
174.25,3.60619977989923,-50.48785910587393,4.594919316927088,33.13396147606399,33.13396147606386,0.6164853970237871,16.469872417381826,1.4210854715202004e-13
174.3,4.503307167433042,-50.41575962437608,5.6136957189437116,33.13396147606398,33.13396147606386,0.6164853970237942,16.46987241738182,1.4210854715202004e-13
174.35000000000002,5.3989908086377785,-50.32772091199212,6.632472120960335,33.13396147606397,33.133961476063845,0.6164853970238013,16.46987241738183,1.4210854715202004e-13
174.4,6.292967528005136,-50.223770802664724,7.6512485229769585,33.133961476063966,33.13396147606384,0.6164853970238084,16.469872417381822,1.4210854715202004e-13
174.45000000000002,7.184954689679918,-50.10394216081577,8.670024924993582,33.13396147606396,33.133961476063824,0.6164853970238156,16.46987241738183,1.4210854715202004e-13
174.5,8.074670286816978,-49.968272870956035,9.688801327010205,33.133961476063945,33.13396147606382,0.6164853970238227,16.469872417381826,1.4210854715202004e-13
174.55,8.961833030739296,-49.816805825707824,10.707577729026829,33.13396147606394,33.1339614760638,0.6164853970238298,16.469872417381822,1.4210854715202004e-13
174.60000000000002,9.846162439869001,-49.649588912244184,11.726354131043452,33.133961476063924,33.1339614760638,0.6164853970238369,16.46987241738182,1.4210854715202004e-13
174.65,10.727378928403231,-49.46667499714913,12.745130533060076,33.13396147606392,33.13396147606378,0.616485397023844,16.469872417381822,1.4210854715202004e-13
174.70000000000002,11.605203894706783,-49.26812190970355,13.7639069350767,33.1339614760639,33.13396147606378,0.6164853970238511,16.469872417381826,1.4210854715202004e-13
174.75,12.47935980939361,-49.05399242360219,14.782683337093323,33.1339614760639,33.13396147606377,0.6164853970238582,16.469872417381815,1.4210854715202004e-13
174.8,13.349570303069335,-48.82435423710732,15.801459739109946,33.13396147606389,33.13396147606377,0.6164853970238653,16.46987241738183,1.4210854715202004e-13
174.85000000000002,14.215560253707002,-48.5792799516456,16.820236141126568,33.13396147606388,33.133961476063746,0.6164853970238724,16.469872417381822,1.4210854715202004e-13
174.9,15.077055873628492,-48.318847048854714,17.83901254314319,33.13396147606387,33.13396147606373,0.6164853970238795,16.469872417381822,1.4210854715202004e-13
174.95000000000002,15.933784796064055,-48.04313786608707,18.857788945159815,33.13396147606385,33.13396147606373,0.6164853970238795,16.469872417381822,1.4210854715202004e-13
175.0,16.78547616126263,-47.752239570378435,19.876565347176438,33.133961476063845,33.13396147606372,0.6164853970238866,16.469872417381936,0.0
175.05,17.631860702125696,-47.44624413088952,20.89534174919306,33.13396147606384,33.1339614760637,0.6164853970238866,16.46987241738182,1.4210854715202004e-13
175.10000000000002,18.47267082933762,-47.125248289829436,21.914118151209685,33.133961476063824,33.13396147606369,0.6164853970238937,16.469872417381936,0.0
175.15,19.307640715965533,-46.789353531870084,22.93289455322631,33.13396147606381,33.13396147606368,0.6164853970239008,16.46987241738182,1.4210854715202004e-13
175.20000000000002,20.13650638150205,-46.4386660520612,23.951670955242932,33.1339614760638,33.13396147606367,0.6164853970239079,16.46987241738182,1.4210854715202004e-13
175.25,20.959005775324208,-46.07329672225617,24.970447357259555,33.13396147606379,33.13396147606366,0.6164853970239079,16.469872417381822,1.4210854715202004e-13
175.3,21.774878859542284,-45.69336105605926,25.98922375927618,33.13396147606378,33.13396147606365,0.6164853970239079,16.469872417381936,0.0
175.35000000000002,22.58386769121224,-45.29897917230536,27.008000161292777,33.13396147606377,33.133961476063654,0.6164853970239079,16.469872417381936,0.0
175.4,23.385716503885885,-44.89027575708368,28.026776563309376,33.13396147606376,33.13396147606366,0.616485397023915,16.469872417381936,0.0
175.45000000000002,24.18017178847288,-44.467380024317556,29.045552965325975,33.13396147606375,33.13396147606367,0.6164853970239221,16.46987241738181,1.4210854715202004e-13
175.5,24.9669823733891,-44.03042567491273,30.06432936734257,33.133961476063746,33.133961476063675,0.6164853970239221,16.469872417381822,1.4210854715202004e-13
175.55,25.745899503965965,-43.57955085448703,31.083105769359168,33.13396147606374,33.133961476063675,0.6164853970239221,16.46987241738194,0.0
175.60000000000002,26.51667692109565,-43.11489810969487,32.10188217137576,33.13396147606373,33.13396147606369,0.6164853970239363,16.46987241738194,0.0
175.65,27.279070939087312,-42.63661434316026,33.12065857339236,33.13396147606373,33.1339614760637,0.6164853970239363,16.4698724173817,2.8421709430404007e-13
175.70000000000002,28.032840522709716,-42.14485076703276,34.13943497540896,33.13396147606373,33.1339614760637,0.6164853970239363,16.46987241738194,0.0
175.75,28.7777473633959,-41.63976285518084,35.15821137742556,33.13396147606373,33.1339614760637,0.6164853970239434,16.46987241738194,0.0
175.8,29.513555954585797,-41.121510294037975,36.17698777944216,33.13396147606373,33.13396147606372,0.6164853970239434,16.469872417381815,1.4210854715202004e-13
175.85000000000002,30.24003366618298,-40.59025693211683,37.195764181458756,33.13396147606373,33.13396147606372,0.6164853970239506,16.469872417381932,0.0
175.9,30.956950818101994,-40.04617072820763,38.214540583475355,33.13396147606373,33.133961476063746,0.6164853970239506,16.46987241738182,1.4210854715202004e-13
175.95000000000002,31.664080752883034,-39.48942369827701,39.23331698549195,33.13396147606373,33.13396147606373,0.6164853970239577,16.469872417381936,0.0
176.0,32.36119990735099,-38.92019186108422,40.25209338750855,33.13396147606373,33.133961476063746,0.6164853970239648,16.46987241738182,1.4210854715202004e-13
176.05,33.04808788329625,-38.33865518253175,41.27086978952515,33.13396147606373,33.13396147606375,0.6164853970239719,16.469872417381815,1.4210854715202004e-13
176.10000000000002,33.7245275171548,-37.74499751876811,42.28964619154175,33.13396147606373,33.13396147606377,0.616485397023979,16.469872417381815,1.4210854715202004e-13
176.15,34.390304948665786,-37.139406558060614,43.30842259355834,33.13396147606373,33.13396147606378,0.6164853970239861,16.469872417381808,1.4210854715202004e-13
176.20000000000002,35.04520968848465,-36.52207376145671,44.32719899557494,33.13396147606373,33.13396147606378,0.6164853970239932,16.46987241738182,1.4210854715202004e-13
176.25,35.68903468473049,-35.89319430225245,45.34597539759154,33.13396147606373,33.13396147606378,0.6164853970239932,16.469872417381815,1.4210854715202004e-13
176.3,36.32157638844676,-35.25296700428733,46.364751799608136,33.13396147606373,33.133961476063796,0.6164853970240003,16.46987241738193,0.0
176.35000000000002,36.9426348179544,-34.601594279085006,47.383528201624735,33.13396147606374,33.133961476063796,0.6164853970240074,16.469872417381815,1.4210854715202004e-13
176.4,37.552013622077205,-33.93928206185973,48.40230460364133,33.133961476063746,33.133961476063796,0.6164853970240145,16.46987241738181,1.4210854715202004e-13
176.45000000000002,38.14952014221936,-33.26623974640875,49.42108100565793,33.13396147606375,33.13396147606382,0.6164853970240216,16.469872417381815,1.4210854715202004e-13
176.5,38.734965473275565,-32.58268011891128,50.43985740767453,33.13396147606376,33.133961476063824,0.6164853970240216,16.469872417381815,1.4210854715202004e-13
176.55,39.30816452335448,-31.888819290654894,51.45863380969113,33.13396147606377,33.133961476063824,0.6164853970240358,16.46987241738193,0.0
176.60000000000002,39.86893607229654,-31.18487662971075,52.47741021170773,33.133961476063774,33.13396147606383,0.6164853970240429,16.469872417381698,2.8421709430404007e-13
176.65,40.4171028289678,-30.47107469157909,53.496186613724326,33.13396147606378,33.13396147606384,0.61648539702405,16.469872417381815,1.4210854715202004e-13
176.70000000000002,40.952491487311505,-29.74763914882706,54.51496301574092,33.13396147606378,33.13396147606384,0.6164853970240571,16.469872417381815,1.4210854715202004e-13
176.75,41.474932781139806,-29.01479871974102,55.533739417757516,33.13396147606379,33.13396147606384,0.6164853970240642,16.469872417381804,1.4210854715202004e-13
176.8,41.98426153764823,-28.272785096015966,56.552515819774115,33.133961476063796,33.133961476063845,0.6164853970240713,16.46987241738181,1.4210854715202004e-13
176.85000000000002,42.48031672963601,-27.521832869504873,57.57129222179071,33.1339614760638,33.13396147606385,0.6164853970240785,16.469872417381808,1.4210854715202004e-13
176.9,42.96294152641575,-26.762179458051126,58.59006862380731,33.13396147606381,33.13396147606386,0.6164853970240856,16.46987241738181,1.4210854715202004e-13
176.95000000000002,43.431983343396354,-25.994065030427524,59.60884502582391,33.13396147606382,33.133961476063874,0.6164853970240927,16.469872417381815,1.4210854715202004e-13
177.0,43.887293890323505,-25.217732430405537,60.62762142784051,33.133961476063824,33.13396147606389,0.6164853970240998,16.469872417381815,1.4210854715202004e-13
177.05,44.32872921816249,-24.433427099978868,61.64639782985711,33.13396147606383,33.133961476063874,0.6164853970241069,16.46987241738181,1.4210854715202004e-13
177.10000000000002,44.75614976460851,-23.641397001765554,62.665174231873706,33.13396147606384,33.13396147606389,0.616485397024114,16.469872417381815,1.4210854715202004e-13
177.15,45.16942039821008,-22.841892540613173,63.683950633890305,33.13396147606384,33.13396147606389,0.6164853970241282,16.46987241738181,1.4210854715202004e-13
177.20000000000002,45.56841046109164,-22.03516648443191,64.7027270359069,33.133961476063845,33.1339614760639,0.6164853970241353,16.469872417381694,2.8421709430404007e-13
177.25,45.95299381026177,-21.22147388428055,65.7215034379235,33.13396147606385,33.1339614760639,0.6164853970241424,16.469872417381808,1.4210854715202004e-13
177.3,46.32304885749404,-20.401071993730604,66.7402798399401,33.13396147606386,33.1339614760639,0.6164853970241495,16.469872417381804,1.4210854715202004e-13
177.35000000000002,46.67845860776779,-19.57422018753414,67.7590562419567,33.13396147606386,33.1339614760639,0.6164853970241566,16.469872417381804,1.4210854715202004e-13
177.4,47.0191106962568,-18.74117987962097,68.7778326439733,33.13396147606386,33.13396147606391,0.6164853970241637,16.469872417381804,1.4210854715202004e-13
177.45000000000002,47.344897423854086,-17.90221444045112,69.7966090459899,33.13396147606387,33.13396147606391,0.6164853970241779,16.469872417381808,1.4210854715202004e-13
177.5,47.65571579122154,-17.057589113748783,70.81538544800648,33.133961476063874,33.13396147606393,0.616485397024185,16.469872417381694,2.8421709430404007e-13
177.55,47.951467531353806,-16.207570932643968,71.83416185002308,33.13396147606388,33.133961476063924,0.6164853970241992,16.4698724173818,1.4210854715202004e-13
177.60000000000002,48.23205914064594,-15.35242863524847,72.85293825203968,33.13396147606389,33.13396147606394,0.6164853970242063,16.469872417381684,2.8421709430404007e-13
177.65,48.49740190845511,-14.492432579692768,73.87171465405628,33.133961476063895,33.133961476063945,0.6164853970242135,16.469872417381804,1.4210854715202004e-13
177.70000000000002,48.74741194514697,-13.627854658650751,74.89049105607288,33.1339614760639,33.13396147606394,0.6164853970242277,16.469872417381804,1.4210854715202004e-13
177.75,48.98201020861786,-12.758968213379308,75.90926745808947,33.1339614760639,33.133961476063945,0.6164853970242348,16.469872417381687,2.8421709430404007e-13
177.8,49.20112252928439,-11.886047947299911,76.92804386010607,33.1339614760639,33.13396147606395,0.6164853970242419,16.4698724173818,1.4210854715202004e-13
177.85000000000002,49.40467963353262,-11.009369839149564,77.94682026212267,33.1339614760639,33.13396147606395,0.616485397024249,16.469872417381804,1.4210854715202004e-13
177.9,49.59261716561929,-10.129211055728542,78.96559666413927,33.13396147606391,33.133961476063945,0.6164853970242632,16.4698724173818,1.4210854715202004e-13
177.95000000000002,49.76487570801823,-9.245849864272525,79.98437306615592,33.13396147606391,33.133961476063924,0.6164853970242703,16.469872417381684,2.8421709430404007e-13
178.0,49.921400800205596,-8.359565544476819,81.00314946817252,33.13396147606391,33.133961476063924,0.6164853970242774,16.469872417381808,1.4210854715202004e-13
178.05,50.06214295587785,-7.47063830020048,82.02192587018912,33.13396147606391,33.13396147606392,0.6164853970242845,16.469872417381804,1.4210854715202004e-13
178.10000000000002,50.18705767859715,-6.57934917087826,83.04070227220572,33.13396147606391,33.133961476063924,0.6164853970242916,16.4698724173818,1.4210854715202004e-13
178.15,50.296105475859136,-5.685979942668384,84.0594786742223,33.13396147606391,33.13396147606392,0.6164853970243058,16.469872417381804,1.4210854715202004e-13
178.20000000000002,50.38925187157873,-4.790813059364243,85.0782550762389,33.13396147606391,33.133961476063924,0.6164853970243129,16.469872417381687,2.8421709430404007e-13
178.25,50.466467416989936,-3.8941315330981725,86.0970314782555,33.13396147606391,33.133961476063924,0.61648539702432,16.4698724173818,1.4210854715202004e-13
178.3,50.527727699956245,-2.996218854865546,87.1158078802721,33.13396147606391,33.13396147606393,0.6164853970243342,16.469872417381804,1.4210854715202004e-13
178.35000000000002,50.57301335268866,-2.0973589048974777,88.1345842822887,33.13396147606391,33.13396147606394,0.6164853970243414,16.469872417381684,2.8421709430404007e-13
178.4,50.60231005786895,-1.197835862910459,89.1533606843053,33.13396147606391,33.13396147606394,0.6164853970243485,16.4698724173818,1.4210854715202004e-13
178.45000000000002,50.61560855317612,-0.29793411826131955,90.1721370863219,33.13396147606391,33.13396147606394,0.6164853970243556,16.4698724173818,1.4210854715202004e-13
178.5,50.61290463421481,0.6020618199640986,91.1909134883385,33.13396147606391,33.133961476063945,0.6164853970243698,16.4698724173818,1.4210854715202004e-13
178.55,50.59419915584444,1.5018674129001148,92.2096898903551,33.13396147606391,33.133961476063945,0.6164853970243769,16.469872417381684,2.8421709430404007e-13
178.60000000000002,50.55949803190906,2.4011981818598014,93.22846629237169,33.13396147606391,33.13396147606394,0.616485397024384,16.46987241738179,1.4210854715202004e-13
178.65,50.50881223336754,3.2997697982745473,94.24724269438829,33.13396147606391,33.133961476063945,0.6164853970243911,16.4698724173818,1.4210854715202004e-13
178.70000000000002,50.442157784825135,4.197298173586162,95.26601909640489,33.13396147606391,33.13396147606394,0.6164853970244053,16.469872417381794,1.4210854715202004e-13
178.75,50.359555759467135,5.0934995490631,96.28479549842149,33.13396147606391,33.13396147606395,0.6164853970244124,16.46987241738168,2.8421709430404007e-13
178.8,50.26103227239651,5.988090585512408,97.30357190043809,33.13396147606391,33.133961476063924,0.6164853970244195,16.4698724173818,1.4210854715202004e-13
178.85000000000002,50.14661847237746,6.880788452859027,98.32234830245469,33.13396147606391,33.13396147606394,0.6164853970244195,16.469872417381794,1.4210854715202004e-13
178.9,50.01635053198754,7.771310919564145,99.34112470447128,33.13396147606391,33.13396147606394,0.6164853970244266,16.46987241738191,0.0
178.95000000000002,49.870269636181504,8.659376441854311,100.35990110648788,33.13396147606391,33.13396147606394,0.6164853970244408,16.469872417381794,1.4210854715202004e-13
179.0,49.70842196927043,9.544704252733109,101.37867750850448,33.13396147606391,33.133961476063945,0.6164853970244479,16.469872417381673,2.8421709430404007e-13
179.05,49.53085870032032,10.427014450747249,102.39745391052108,33.13396147606391,33.13396147606394,0.6164853970244479,16.4698724173818,1.4210854715202004e-13
179.10000000000002,49.33763596697468,11.30602808847902,103.41623031253768,33.13396147606391,33.133961476063945,0.616485397024455,16.469872417381914,0.0
179.15,49.12881485770628,12.1814672607371,104.43500671455428,33.13396147606391,33.13396147606395,0.6164853970244693,16.469872417381787,1.4210854715202004e-13
179.20000000000002,48.9044613925037,13.053055192417888,105.45378311657086,33.13396147606391,33.133961476063945,0.6164853970244764,16.469872417381676,2.8421709430404007e-13
179.25,48.66464650199871,13.920516326009523,106.47255951858746,33.13396147606391,33.13396147606395,0.6164853970244835,16.469872417381794,1.4210854715202004e-13
179.3,48.40944600504119,14.783576408710973,107.49133592060406,33.13396147606391,33.13396147606394,0.6164853970244977,16.469872417381794,1.4210854715202004e-13
179.35000000000002,48.13894058472851,15.64196257913863,108.51011232262066,33.13396147606391,33.13396147606394,0.6164853970245048,16.469872417381673,2.8421709430404007e-13
179.4,47.85321576289714,16.495403453593,109.52888872463726,33.13396147606391,33.13396147606394,0.6164853970245119,16.469872417381794,1.4210854715202004e-13
179.45000000000002,47.55236187308444,17.343629211858197,110.54766512665385,33.13396147606391,33.13396147606394,0.6164853970245119,16.469872417381794,1.4210854715202004e-13
179.5,47.23647403196917,18.18637168250717,111.56644152867045,33.13396147606391,33.133961476063945,0.616485397024519,16.469872417381914,0.0
179.55,46.90565210929982,19.023364427685618,112.58521793068705,33.13396147606391,33.13396147606393,0.6164853970245261,16.469872417381787,1.4210854715202004e-13
179.60000000000002,46.560000696320216,19.85434282734785,113.60399433270365,33.13396147606391,33.133961476063945,0.6164853970245332,16.469872417381794,1.4210854715202004e-13
179.65,46.1996290727024,20.679044162917922,114.62277073472025,33.13396147606391,33.13396147606393,0.6164853970245403,16.46987241738179,1.4210854715202004e-13
179.70000000000002,45.824651171997246,21.497207700349623,115.64154713673685,33.13396147606391,33.13396147606394,0.6164853970245545,16.46987241738179,1.4210854715202004e-13
179.75,45.43518554561369,22.30857477255903,116.66032353875345,33.13396147606391,33.13396147606394,0.6164853970245616,16.469872417381673,2.8421709430404007e-13
179.8,45.031355325338055,23.112888861203594,117.67909994077004,33.13396147606391,33.13396147606393,0.6164853970245687,16.469872417381794,1.4210854715202004e-13
179.85000000000002,44.613288184405214,23.909895677781872,118.69787634278664,33.13396147606391,33.13396147606393,0.6164853970245758,16.469872417381787,1.4210854715202004e-13
179.9,44.18111629713397,24.6993432440283,119.71665274480324,33.13396147606391,33.133961476063924,0.6164853970245829,16.469872417381787,1.4210854715202004e-13
179.95000000000002,43.734976297139376,25.48098197157756,120.73542914681984,33.13396147606391,33.133961476063924,0.61648539702459,16.469872417381787,1.4210854715202004e-13
180.0,43.275009234135275,26.254564740873374,121.75420554883644,33.13396147606391,33.13396147606393,0.6164853970246043,16.46987241738179,1.4210854715202004e-13
180.05,42.80136052934058,27.01984697929676,122.77298195085304,33.13396147606391,33.133961476063924,0.6164853970246114,16.469872417381673,2.8421709430404007e-13
180.10000000000002,42.31417992950354,27.776586738489062,123.79175835286964,33.13396147606391,33.13396147606392,0.6164853970246185,16.469872417381787,1.4210854715202004e-13
180.15,41.81362145955846,28.52454477084532,124.81053475488623,33.13396147606391,33.13396147606392,0.6164853970246256,16.46987241738179,1.4210854715202004e-13
180.20000000000002,41.29984337392984,29.263484605153764,125.82931115690283,33.13396147606391,33.13396147606391,0.6164853970246327,16.469872417381787,1.4210854715202004e-13
180.25,40.7730081064993,29.99317262135753,126.84808755891943,33.13396147606391,33.13396147606391,0.6164853970246398,16.469872417381787,1.4210854715202004e-13
180.3,40.23328221925121,30.713378124414998,127.86686396093602,33.13396147606391,33.1339614760639,0.6164853970246469,16.469872417381787,1.4210854715202004e-13
180.35000000000002,39.68083634961315,31.42387341723533,128.8856403629526,33.13396147606391,33.1339614760639,0.616485397024654,16.46987241738178,1.4210854715202004e-13
180.4,39.11584515650794,32.12443387266622,129.90441676496923,33.13396147606391,33.1339614760639,0.6164853970246611,16.469872417381787,1.4210854715202004e-13
180.45000000000002,38.53848726513416,32.81483800451106,130.9231931669858,33.13396147606391,33.1339614760639,0.6164853970246611,16.469872417381783,1.4210854715202004e-13
180.5,37.94894521049284,33.49486753755304,131.94196956900242,33.13396147606391,33.133961476063895,0.6164853970246682,16.4698724173819,0.0
180.55,37.34740537967794,34.16430747656413,132.960745971019,33.13396147606391,33.13396147606389,0.6164853970246753,16.469872417381783,1.4210854715202004e-13
180.60000000000002,36.734057952948994,34.822946174277064,133.97952237303562,33.13396147606391,33.133961476063874,0.6164853970246824,16.469872417381783,1.4210854715202004e-13
180.65,36.109096843604576,35.4705753982988,134.9982987750522,33.13396147606391,33.13396147606388,0.6164853970246895,16.469872417381783,1.4210854715202004e-13
180.70000000000002,35.47271963667544,36.1069903969444,136.01707517706882,33.13396147606391,33.13396147606388,0.6164853970246966,16.469872417381783,1.4210854715202004e-13
180.75,34.825127526456946,36.73198996397045,137.0358515790854,33.13396147606391,33.133961476063874,0.6164853970247037,16.46987241738178,1.4210854715202004e-13
180.8,34.16652525290027,37.34537650218757,138.05462798110202,33.13396147606391,33.13396147606387,0.6164853970247037,16.469872417381783,1.4210854715202004e-13
180.85000000000002,33.49712103688276,37.94695608593188,139.0734043831186,33.13396147606391,33.133961476063874,0.6164853970247108,16.469872417381904,0.0
180.9,32.817126514377655,38.53653852237572,140.09218078513518,33.13396147606391,33.13396147606386,0.6164853970247179,16.46987241738178,1.4210854715202004e-13
180.95000000000002,32.1267566695442,39.11393741165819,141.1109571871518,33.1339614760639,33.13396147606385,0.616485397024725,16.469872417381787,1.4210854715202004e-13
181.0,31.426229766759164,39.678970205816555,142.12973358916838,33.1339614760639,33.13396147606386,0.616485397024725,16.469872417381783,1.4210854715202004e-13
181.05,30.715767281611306,40.23145826649979,143.148509991185,33.1339614760639,33.133961476063845,0.6164853970247322,16.4698724173819,0.0
181.10000000000002,29.995593830880594,40.77122692144617,144.16728639320158,33.133961476063895,33.13396147606385,0.6164853970247393,16.469872417381787,1.4210854715202004e-13
181.15,29.265937101524337,41.298105519706844,145.1860627952182,33.133961476063895,33.13396147606385,0.6164853970247464,16.469872417381783,1.4210854715202004e-13
181.20000000000002,28.527027778692645,41.811927485598154,146.20483919723478,33.133961476063895,33.13396147606384,0.6164853970247535,16.469872417381783,1.4210854715202004e-13
181.25,27.779099472796,42.312530371365476,147.2236155992514,33.13396147606389,33.13396147606384,0.6164853970247606,16.469872417381783,1.4210854715202004e-13
181.3,27.02238864564798,42.79975590854201,148.24239200126797,33.13396147606388,33.133961476063824,0.6164853970247677,16.469872417381776,1.4210854715202004e-13
181.35000000000002,26.257134535706516,43.27345005798625,149.2611684032846,33.133961476063874,33.133961476063824,0.6164853970247748,16.46987241738178,1.4210854715202004e-13
181.4,25.483579082437284,43.73346305858236,150.27994480530117,33.13396147606387,33.13396147606382,0.6164853970247819,16.469872417381776,1.4210854715202004e-13
181.45000000000002,24.701966849823144,44.179649474587976,151.29872120731778,33.13396147606386,33.13396147606381,0.6164853970247819,16.469872417381783,1.4210854715202004e-13
181.5,23.912544949043852,44.611868241614594,152.31749760933437,33.13396147606385,33.1339614760638,0.616485397024789,16.4698724173819,0.0
181.55,23.11556296035044,45.02998271122585,153.33627401135098,33.133961476063845,33.1339614760638,0.6164853970247961,16.469872417381776,1.4210854715202004e-13
181.60000000000002,22.311272854159,45.433860694139696,154.35505041336756,33.133961476063845,33.133961476063796,0.6164853970247961,16.46987241738178,1.4210854715202004e-13
181.65,21.49992891138878,45.82337450202084,155.37382681538418,33.13396147606384,33.13396147606379,0.6164853970247961,16.469872417381897,0.0
181.70000000000002,20.68178764306982,46.19840098785011,156.39260321740076,33.13396147606384,33.13396147606379,0.6164853970248032,16.469872417381897,0.0
181.75,19.857107709245543,46.55882158485808,157.41137961941737,33.13396147606384,33.13396147606379,0.6164853970248032,16.469872417381776,1.4210854715202004e-13
181.8,19.026149837195874,46.90452234401068,158.43015602143396,33.13396147606384,33.13396147606377,0.6164853970248103,16.469872417381897,0.0
181.85000000000002,18.189176739006832,47.235393970034785,159.44893242345057,33.13396147606383,33.133961476063774,0.6164853970248103,16.469872417381776,1.4210854715202004e-13
181.9,17.346453028512602,47.55133185597257,160.46770882546716,33.133961476063824,33.13396147606376,0.6164853970248103,16.4698724173819,0.0
181.95000000000002,16.498245137636356,47.85223611625359,161.48648522748374,33.13396147606382,33.133961476063746,0.6164853970248174,16.4698724173819,0.0
182.0,15.644821232156268,48.13801161827417,162.50526162950035,33.13396147606381,33.13396147606374,0.6164853970248174,16.469872417381776,1.4210854715202004e-13
182.05,14.786451126923382,48.40856801247413,163.52403803151694,33.1339614760638,33.13396147606374,0.6164853970248245,16.469872417381893,0.0
182.10000000000002,13.923406200558091,48.6638197609013,164.54281443353355,33.133961476063796,33.13396147606374,0.6164853970248245,16.469872417381776,1.4210854715202004e-13
182.15,13.055959309652241,48.903686164254864,165.56159083555013,33.13396147606379,33.133961476063725,0.6164853970248316,16.469872417381893,0.0
182.20000000000002,12.184384702503957,49.128091387398875,166.58036723756675,33.13396147606378,33.13396147606372,0.6164853970248316,16.469872417381776,1.4210854715202004e-13
182.25,11.30895793241247,49.33696448333798,167.59914363958333,33.13396147606378,33.13396147606372,0.6164853970248316,16.469872417381893,0.0
182.3,10.42995577056037,49.53023941564772,168.61792004159994,33.133961476063774,33.1339614760637,0.6164853970248387,16.469872417381893,0.0
182.35000000000002,9.54765611851081,49.70785507935232,169.63669644361653,33.13396147606377,33.1339614760637,0.6164853970248458,16.469872417381776,1.4210854715202004e-13
182.4,8.662337920347337,49.86975532024337,170.65547284563314,33.13396147606376,33.133961476063696,0.6164853970248458,16.469872417381783,1.4210854715202004e-13
182.45000000000002,7.774281074484123,50.01588895263332,171.67424924764973,33.13396147606375,33.133961476063696,0.6164853970248458,16.4698724173819,0.0
182.5,6.883766345174483,50.146209775538104,172.69302564966634,33.133961476063746,33.13396147606368,0.6164853970248529,16.4698724173819,0.0
182.55,5.991075273745648,50.26067658728386,173.71180205168292,33.13396147606374,33.13396147606369,0.6164853970248529,16.469872417381776,1.4210854715202004e-13
182.60000000000002,5.096490089587861,50.359253198533075,174.73057845369954,33.13396147606373,33.13396147606367,0.61648539702486,16.46987241738189,0.0
182.65,4.200293620925943,50.441908443726035,175.74935485571612,33.133961476063725,33.13396147606367,0.61648539702486,16.46987241738178,1.4210854715202004e-13
182.70000000000002,3.3027692054015323,50.50861619093402,176.76813125773273,33.13396147606372,33.13396147606366,0.61648539702486,16.469872417381893,0.0
182.75,2.4042006004942644,50.55935535012105,177.78690765974932,33.13396147606372,33.13396147606366,0.61648539702486,16.469872417381893,0.0
182.8,1.5048718938102246,50.59410987981162,178.80568406176593,33.13396147606371,33.13396147606365,0.6164853970248672,16.469872417381893,0.0
182.85000000000002,0.6050674132660233,50.61286879216229,179.82446046378251,33.1339614760637,33.13396147606365,0.6164853970248672,16.469872417381772,1.4210854715202004e-13
182.9,-0.29492836280310053,50.61562615643558,-179.15676313420087,33.133961476063696,33.13396147606362,0.6164853970248672,16.469872417381893,0.0
182.95000000000002,-1.194830895582733,50.602381100875014,-178.1379867321843,33.13396147606369,33.1339614760636,0.6164853970248672,16.469872417381893,0.0
183.0,-2.0943556757378596,50.57313781298068,-177.11921033016768,33.13396147606368,33.133961476063604,0.6164853970248672,16.469872417381893,0.0
183.05,-2.9932183133621204,50.52790553818539,-176.1004339281511,33.133961476063675,33.1339614760636,0.6164853970248672,16.469872417381893,0.0
183.10000000000002,-3.891134627889304,50.46669857693163,-175.0816575261345,33.13396147606367,33.1339614760636,0.6164853970248672,16.469872417381893,0.0
183.15,-4.787820737938663,50.38953628015043,-174.0628811241179,33.13396147606366,33.133961476063575,0.6164853970248743,16.469872417381893,0.0
183.20000000000002,-5.682993151065633,50.29644304314345,-173.0441047221013,33.13396147606366,33.13396147606358,0.6164853970248672,16.469872417381776,1.4210854715202004e-13
183.25,-6.576368853389593,50.18744829787025,-172.0253283200847,33.133961476063654,33.13396147606356,0.6164853970248672,16.469872417382536,-1.4210854715202004e-13
183.3,-7.4676653990703254,50.06258650364322,-171.0065519180681,33.13396147606365,33.133961476063554,0.6164853970248743,16.469872417381893,0.0
183.35000000000002,-8.356600999604881,49.92189713623306,-169.9877755160515,33.13396147606364,33.13396147606356,0.6164853970248743,16.469872417381776,1.4210854715202004e-13
183.4,-9.242894612916627,49.765424675388324,-168.96899911403492,33.13396147606363,33.13396147606356,0.6164853970248743,16.469872417381893,0.0
183.45000000000002,-10.12626603220831,49.593218590772835,-167.9502227120183,33.133961476063625,33.13396147606354,0.6164853970248743,16.469872417381893,0.0
183.5,-11.006435974551037,49.40533332632562,-166.93144631000172,33.13396147606362,33.13396147606354,0.6164853970248672,16.469872417381893,0.0
183.55,-11.883126169181171,49.201828283048116,-165.9126699079851,33.13396147606361,33.133961476063526,0.6164853970248672,16.469872417382536,-1.4210854715202004e-13
183.60000000000002,-12.756059445477225,48.982767800224224,-164.89389350596852,33.133961476063604,33.133961476063526,0.6164853970248672,16.469872417381893,0.0
183.65,-13.624959820588941,48.748221135079056,-163.8751171039519,33.1339614760636,33.13396147606352,0.6164853970248672,16.469872417381893,0.0
183.70000000000002,-14.489552586690849,48.49826244088289,-162.85634070193532,33.1339614760636,33.1339614760635,0.6164853970248672,16.469872417381893,0.0
183.75,-15.34956439783271,48.23297074350716,-161.8375642999187,33.13396147606359,33.13396147606349,0.61648539702486,16.469872417381893,0.0
183.8,-16.204723356359413,47.95242991644,-160.81878789790213,33.13396147606358,33.13396147606348,0.6164853970248529,16.46987241738254,-1.4210854715202004e-13
183.85000000000002,-17.05475909887297,47.656728654269166,-159.8000114958855,33.133961476063575,33.133961476063476,0.6164853970248529,16.469872417382536,-1.4210854715202004e-13
183.9,-17.89940288170945,47.345960444640696,-158.78123509386893,33.13396147606357,33.133961476063476,0.6164853970248529,16.46987241738189,0.0
183.95000000000002,-18.738387665903822,47.0202235387023,-157.76245869185232,33.13396147606356,33.133961476063476,0.6164853970248529,16.46987241738189,0.0
184.0,-19.571448201615862,46.679620920040655,-156.74368228983573,33.133961476063554,33.13396147606346,0.6164853970248529,16.46987241738189,0.0
184.05,-20.398321111990402,46.3242602721226,-155.72490588781912,33.13396147606355,33.13396147606347,0.6164853970248458,16.46987241738189,0.0
184.10000000000002,-21.218744976425427,45.95425394425036,-154.70612948580253,33.13396147606354,33.13396147606344,0.6164853970248458,16.46987241738254,-1.4210854715202004e-13
184.15,-22.032460413221703,45.56971891604169,-153.68735308378592,33.13396147606354,33.13396147606345,0.6164853970248387,16.4698724173819,0.0
184.20000000000002,-22.839210161587776,45.17077676044607,-152.66857668176934,33.13396147606353,33.13396147606342,0.6164853970248387,16.46987241738254,-1.4210854715202004e-13
184.25,-23.638739162974446,44.75755360530876,-151.64980027975275,33.133961476063526,33.13396147606344,0.6164853970248387,16.469872417381893,0.0
184.3,-24.43079464171299,44.330180093494725,-150.63102387773614,33.13396147606352,33.133961476063426,0.6164853970248316,16.469872417381893,0.0
184.35000000000002,-25.215126184931634,43.88879134158519,-149.61224747571956,33.13396147606351,33.13396147606342,0.6164853970248316,16.469872417382547,-1.4210854715202004e-13
184.4,-25.991485821725014,43.4335268971597,-148.59347107370294,33.133961476063504,33.13396147606342,0.6164853970248316,16.469872417381893,0.0
184.45000000000002,-26.759628101551602,42.96453069467741,-147.57469467168636,33.1339614760635,33.13396147606342,0.6164853970248245,16.469872417381893,0.0
184.5,-27.519310171834288,42.48195100997134,-146.55591826966975,33.13396147606349,33.133961476063384,0.6164853970248245,16.46987241738254,-1.4210854715202004e-13
184.55,-28.270291854739625,41.98594041337015,-145.53714186765316,33.13396147606348,33.133961476063405,0.6164853970248174,16.469872417381893,0.0
184.60000000000002,-29.01233572311142,41.47665572146215,-144.51836546563655,33.133961476063476,33.13396147606336,0.6164853970248103,16.46987241738254,-1.4210854715202004e-13
184.65,-29.74520717553468,40.95425794751684,-143.49958906361996,33.133961476063476,33.13396147606337,0.6164853970248103,16.469872417382543,-1.4210854715202004e-13
184.70000000000002,-30.468674510506204,40.418912250579616,-142.48081266160335,33.13396147606347,33.13396147606337,0.6164853970248032,16.4698724173819,0.0
184.75,-31.182508999688334,39.870787883255844,-141.46203625958677,33.13396147606346,33.13396147606335,0.6164853970248032,16.46987241738254,-1.4210854715202004e-13
184.8,-31.886484960222727,39.31005813820064,-140.44325985757015,33.133961476063455,33.13396147606336,0.6164853970247961,16.469872417381897,0.0
184.85000000000002,-32.580379826081284,38.736900293331416,-139.42448345555357,33.13396147606345,33.13396147606334,0.616485397024789,16.469872417382547,-1.4210854715202004e-13
184.9,-33.26397421843167,38.151495555780464,-138.40570705353696,33.13396147606344,33.133961476063334,0.6164853970247819,16.469872417382543,-1.4210854715202004e-13
184.95000000000002,-33.937052014995196,37.55402900460526,-137.38693065152037,33.13396147606343,33.13396147606333,0.6164853970247819,16.469872417382547,-1.4210854715202004e-13
185.0,-34.5994004183751,36.944689532274694,-136.36815424950376,33.133961476063426,33.13396147606334,0.6164853970247748,16.4698724173819,0.0
185.05,-35.25081002333366,36.3236697849496,-135.34937784748718,33.13396147606342,33.13396147606331,0.6164853970247677,16.469872417382536,-1.4210854715202004e-13
185.10000000000002,-35.8910748829969,35.6911661015766,-134.33060144547056,33.13396147606342,33.133961476063305,0.6164853970247677,16.46987241738254,-1.4210854715202004e-13
185.15,-36.519992573965794,35.04737845181439,-133.31182504345398,33.13396147606341,33.133961476063305,0.6164853970247535,16.469872417381897,0.0
185.20000000000002,-37.13736426031367,34.392510372812225,-132.29304864143737,33.133961476063405,33.133961476063284,0.6164853970247464,16.469872417383193,-2.8421709430404007e-13
185.25,-37.74299475644926,33.726768904860464,-131.27427223942078,33.1339614760634,33.13396147606329,0.6164853970247393,16.469872417382547,-1.4210854715202004e-13
185.3,-38.33669258882576,33.050364525933595,-130.2554958374042,33.13396147606339,33.133961476063284,0.6164853970247322,16.469872417382547,-1.4210854715202004e-13
185.35000000000002,-38.91827005647632,32.363511085146435,-129.23671943538758,33.133961476063384,33.13396147606328,0.616485397024725,16.469872417382547,-1.4210854715202004e-13
185.4,-39.48754329035672,31.66642573514448,-128.217943033371,33.13396147606338,33.13396147606328,0.6164853970247179,16.469872417382543,-1.4210854715202004e-13
185.45000000000002,-40.04433231147667,30.959328863449883,-127.19916663135439,33.13396147606337,33.13396147606327,0.6164853970247108,16.46987241738255,-1.4210854715202004e-13
185.5,-40.588461087801186,30.242444022784667,-126.18039022933779,33.13396147606336,33.133961476063256,0.6164853970247037,16.46987241738254,-1.4210854715202004e-13
185.55,-41.1197575899041,29.515997860393252,-125.16161382732119,33.133961476063355,33.13396147606326,0.6164853970246966,16.46987241738255,-1.4210854715202004e-13
185.60000000000002,-41.63805384535616,28.780220046386628,-124.14283742530459,33.133961476063355,33.13396147606324,0.6164853970246895,16.46987241738255,-1.4210854715202004e-13
185.65,-42.143185991830514,28.035343201130843,-123.124061023288,33.13396147606335,33.13396147606324,0.6164853970246824,16.469872417382547,-1.4210854715202004e-13
185.70000000000002,-42.63499432890866,27.281602821702734,-122.1052846212714,33.13396147606334,33.13396147606324,0.6164853970246753,16.469872417382547,-1.4210854715202004e-13
185.75,-43.11332336857069,26.51923720743619,-121.0865082192548,33.133961476063334,33.13396147606324,0.6164853970246682,16.469872417382547,-1.4210854715202004e-13
185.8,-43.578021884353696,25.74848738458245,-120.0677318172382,33.13396147606333,33.133961476063234,0.6164853970246682,16.469872417382547,-1.4210854715202004e-13
185.85000000000002,-44.02894295916288,24.969597030108265,-119.04895541522161,33.13396147606332,33.13396147606324,0.616485397024654,16.4698724173819,0.0
185.9,-44.46594403172028,24.18281239465604,-118.03017901320501,33.13396147606331,33.13396147606321,0.616485397024654,16.469872417383193,-2.8421709430404007e-13
185.95000000000002,-44.888886941636244,23.388382224690286,-117.01140261118842,33.133961476063305,33.133961476063234,0.6164853970246469,16.4698724173819,0.0
186.0,-45.297637973089714,22.586557683855,-115.99262620917182,33.1339614760633,33.13396147606321,0.6164853970246398,16.469872417382543,-1.4210854715202004e-13
186.05,-45.692067897103215,21.777592273566828,-114.97384980715522,33.13396147606329,33.13396147606321,0.6164853970246327,16.46987241738255,-1.4210854715202004e-13
186.10000000000002,-46.07205201239932,20.961741752869173,-113.95507340513862,33.13396147606329,33.133961476063206,0.6164853970246256,16.46987241738255,-1.4210854715202004e-13
186.15,-46.4374701848257,20.139264057572476,-112.93629700312202,33.133961476063284,33.133961476063206,0.6164853970246185,16.46987241738255,-1.4210854715202004e-13
186.20000000000002,-46.7882068853362,19.310419218706354,-111.91752060110542,33.13396147606328,33.133961476063206,0.6164853970246114,16.46987241738255,-1.4210854715202004e-13
186.25,-47.124151226516034,18.475469280309298,-110.89874419908882,33.13396147606327,33.13396147606319,0.6164853970246043,16.46987241738255,-1.4210854715202004e-13
186.3,-47.44519699763944,17.634678216581943,-109.87996779707223,33.13396147606326,33.1339614760632,0.6164853970245971,16.469872417382554,-1.4210854715202004e-13
186.35000000000002,-47.75124269824885,16.788311848430126,-108.86119139505563,33.133961476063256,33.13396147606319,0.61648539702459,16.469872417382547,-1.4210854715202004e-13
186.4,-48.04219157024481,15.93663775942408,-107.84241499303903,33.13396147606325,33.133961476063185,0.6164853970245829,16.469872417382547,-1.4210854715202004e-13
186.45000000000002,-48.317951628476614,15.079925211200354,-106.82363859102244,33.13396147606324,33.133961476063185,0.6164853970245758,16.46987241738255,-1.4210854715202004e-13
186.5,-48.57843568982395,14.21844505833321,-105.80486218900586,33.133961476063234,33.13396147606319,0.6164853970245687,16.469872417382554,-1.4210854715202004e-13
186.55,-48.82356140076031,13.352469662702397,-104.78608578698928,33.133961476063234,33.13396147606321,0.6164853970245545,16.469872417382557,-1.4210854715202004e-13
186.60000000000002,-49.05325126338958,12.48227280738439,-103.76730938497269,33.133961476063234,33.133961476063206,0.6164853970245474,16.469872417383197,-2.8421709430404007e-13
186.65,-49.26743265994739,11.608129610094297,-102.7485329829561,33.133961476063234,33.13396147606321,0.6164853970245403,16.46987241738255,-1.4210854715202004e-13
186.70000000000002,-49.46603787575966,10.73031643620582,-101.72975658093952,33.133961476063234,33.133961476063234,0.6164853970245332,16.469872417382554,-1.4210854715202004e-13
186.75,-49.649004120650986,9.849110811376764,-100.71098017892294,33.133961476063234,33.133961476063234,0.6164853970245261,16.46987241738255,-1.4210854715202004e-13
186.8,-49.816273548796104,8.96479133380771,-99.69220377690635,33.133961476063234,33.133961476063234,0.616485397024519,16.469872417382557,-1.4210854715202004e-13
186.85000000000002,-49.96779327700819,8.077637586161602,-98.67342737488977,33.133961476063234,33.133961476063234,0.6164853970245119,16.469872417382547,-1.4210854715202004e-13
186.9,-50.10351540145817,7.187930047172084,-97.65465097287317,33.133961476063234,33.133961476063256,0.6164853970245048,16.469872417382557,-1.4210854715202004e-13
186.95000000000002,-50.22339701281978,6.295950002968547,-96.63587457085659,33.133961476063234,33.133961476063256,0.6164853970244977,16.469872417382557,-1.4210854715202004e-13
187.0,-50.32740020983563,5.4019794581459095,-95.61709816884,33.133961476063234,33.133961476063284,0.6164853970244906,16.469872417382557,-1.4210854715202004e-13
187.05,-50.41549211129987,4.506301046607251,-94.59832176682342,33.133961476063234,33.13396147606327,0.6164853970244835,16.469872417382557,-1.4210854715202004e-13
187.10000000000002,-50.48764486645379,3.6091979422074845,-93.57954536480683,33.133961476063234,33.13396147606328,0.6164853970244835,16.469872417382557,-1.4210854715202004e-13
187.15,-50.543835663790986,2.7109537692263235,-92.56076896279025,33.133961476063234,33.133961476063305,0.6164853970244764,16.46987241738191,0.0
187.20000000000002,-50.58404673826935,1.8118525126988423,-91.54199256077366,33.13396147606324,33.13396147606329,0.6164853970244693,16.469872417382557,-1.4210854715202004e-13
187.25,-50.608265376927605,0.9121784286319836,-90.52321615875708,33.13396147606325,33.13396147606329,0.6164853970244621,16.469872417382557,-1.4210854715202004e-13
187.3,-50.61648392290455,0.012215954135394003,-89.5044397567405,33.13396147606325,33.13396147606331,0.616485397024455,16.469872417382554,-1.4210854715202004e-13
187.35000000000002,-50.608699777859854,-0.8877503825049956,-88.48566335472391,33.133961476063256,33.13396147606331,0.616485397024455,16.469872417382557,-1.4210854715202004e-13
187.4,-50.58491540279551,-1.7874360517822154,-87.46688695270733,33.13396147606326,33.13396147606335,0.6164853970244479,16.469872417381907,0.0
187.45000000000002,-50.54513831727779,-2.686556612923888,-86.44811055069073,33.13396147606327,33.133961476063334,0.6164853970244408,16.46987241738256,-1.4210854715202004e-13
187.5,-50.48938109705989,-3.584827803819807,-85.42933414867413,33.13396147606328,33.133961476063334,0.6164853970244408,16.46987241738255,-1.4210854715202004e-13
187.55,-50.417661370106025,-4.481965630893029,-84.41055774665753,33.133961476063284,33.13396147606335,0.6164853970244337,16.469872417381907,0.0
187.60000000000002,-50.330001811018256,-5.377686458886069,-83.39178134464093,33.13396147606329,33.13396147606331,0.6164853970244337,16.46987241738256,-1.4210854715202004e-13
187.65,-50.22643013386777,-6.271707100533809,-82.37300494262433,33.13396147606329,33.13396147606334,0.6164853970244266,16.469872417381914,0.0
187.70000000000002,-50.106979083432954,-7.163744906094772,-81.35422854060774,33.13396147606329,33.133961476063334,0.6164853970244195,16.46987241738256,-1.4210854715202004e-13
187.75,-49.971686424846894,-8.053517852712456,-80.33545213859114,33.13396147606329,33.13396147606331,0.6164853970244124,16.46987241738256,-1.4210854715202004e-13
187.8,-49.82059493165776,-8.940744633578475,-79.31667573657454,33.13396147606329,33.13396147606333,0.6164853970244053,16.46987241738256,-1.4210854715202004e-13
187.85000000000002,-49.65375237230567,-9.825144746869313,-78.29789933455794,33.13396147606329,33.133961476063334,0.6164853970243982,16.469872417382557,-1.4210854715202004e-13
187.9,-49.47121149502044,-10.70643858442858,-77.27912293254134,33.13396147606329,33.13396147606333,0.6164853970243911,16.469872417382565,-1.4210854715202004e-13
187.95000000000002,-49.27303001114494,-11.584347520166737,-76.26034653052474,33.13396147606329,33.13396147606331,0.6164853970243911,16.469872417382557,-1.4210854715202004e-13
188.0,-49.05927057688929,-12.458593998150324,-75.24157012850814,33.13396147606329,33.13396147606334,0.616485397024384,16.46987241738191,0.0
188.05,-48.830000773521775,-13.328901620352854,-74.22279372649155,33.1339614760633,33.13396147606331,0.6164853970243769,16.469872417382565,-1.4210854715202004e-13
188.10000000000002,-48.585293086002615,-14.194995234039634,-73.20401732447496,33.1339614760633,33.13396147606331,0.6164853970243698,16.469872417382557,-1.4210854715202004e-13
188.15,-48.32522488006745,-15.05660101875888,-72.18524092245836,33.1339614760633,33.13396147606333,0.6164853970243698,16.469872417382568,-1.4210854715202004e-13
188.20000000000002,-48.049878377767705,-15.913446572911608,-71.16646452044176,33.1339614760633,33.133961476063334,0.6164853970243627,16.46987241738192,0.0
188.25,-47.759340631475624,-16.76526099987297,-70.14768811842517,33.1339614760633,33.13396147606331,0.6164853970243556,16.469872417382557,-1.4210854715202004e-13
188.3,-47.45370349636217,-17.611774993637773,-69.12891171640857,33.1339614760633,33.13396147606333,0.6164853970243556,16.469872417382568,-1.4210854715202004e-13
188.35000000000002,-47.13306360135646,-18.452720923963103,-68.11013531439197,33.1339614760633,33.13396147606334,0.6164853970243485,16.46987241738192,0.0
188.4,-46.79752231859604,-19.28783292098116,-67.09135891237537,33.1339614760633,33.13396147606331,0.6164853970243485,16.46987241738256,-1.4210854715202004e-13
188.45000000000002,-46.44718573137741,-20.116846959255547,-66.07258251035877,33.1339614760633,33.13396147606333,0.6164853970243414,16.469872417381918,0.0
188.5,-46.08216460061727,-20.939500941254412,-65.05380610834217,33.1339614760633,33.13396147606333,0.6164853970243342,16.46987241738256,-1.4210854715202004e-13
188.55,-45.702574329834775,-21.75553478021409,-64.03502970632557,33.1339614760633,33.13396147606331,0.6164853970243342,16.46987241738256,-1.4210854715202004e-13
188.60000000000002,-45.308534928666056,-22.56469048236702,-63.016253304308975,33.1339614760633,33.13396147606334,0.6164853970243271,16.469872417381918,0.0
188.65,-44.90017097492251,-23.366712228507943,-61.99747690229238,33.1339614760633,33.133961476063334,0.61648539702432,16.469872417382557,-1.4210854715202004e-13
188.70000000000002,-44.47761157520478,-24.16134645487262,-60.97870050027578,33.1339614760633,33.13396147606332,0.61648539702432,16.46987241738257,-1.4210854715202004e-13
188.75,-44.040990324084994,-24.948341933303464,-59.95992409825918,33.1339614760633,33.133961476063334,0.61648539702432,16.469872417381918,0.0
188.8,-43.590445261870045,-25.727449850676745,-58.94114769624258,33.1339614760633,33.13396147606334,0.6164853970243129,16.469872417381918,0.0
188.85000000000002,-43.1261188309594,-26.4984238875663,-57.92237129422598,33.1339614760633,33.13396147606332,0.6164853970243129,16.469872417382557,-1.4210854715202004e-13
188.9,-42.64815783081107,-27.26102029611883,-56.90359489220939,33.1339614760633,33.133961476063334,0.6164853970243058,16.469872417381914,0.0
188.95000000000002,-42.15671337153018,-28.01499797711616,-55.88481849019279,33.1339614760633,33.133961476063334,0.6164853970242987,16.469872417382568,-1.4210854715202004e-13
189.0,-41.65194082609459,-28.76011855620016,-54.866042088176194,33.1339614760633,33.13396147606334,0.6164853970242987,16.469872417382568,-1.4210854715202004e-13
189.05,-41.13399978123286,-29.496146459236137,-53.847265686159595,33.1339614760633,33.133961476063334,0.6164853970242916,16.469872417381918,0.0
189.10000000000002,-40.603053986970004,-30.22284898679097,-52.828489284143,33.1339614760633,33.133961476063334,0.6164853970242845,16.469872417382568,-1.4210854715202004e-13
189.15,-40.05927130485697,-30.939996387702358,-51.8097128821264,33.1339614760633,33.13396147606334,0.6164853970242774,16.469872417382568,-1.4210854715202004e-13
189.20000000000002,-39.50282365490026,-31.647361931715956,-50.7909364801098,33.1339614760633,33.13396147606334,0.6164853970242774,16.469872417382568,-1.4210854715202004e-13
189.25,-38.933886961208415,-32.34472198116745,-49.7721600780932,33.1339614760633,33.13396147606334,0.6164853970242774,16.46987241738192,0.0
189.3,-38.35264109637262,-33.03185606168689,-48.7533836760766,33.1339614760633,33.13396147606335,0.6164853970242703,16.46987241738192,0.0
189.35000000000002,-37.75926982459896,-33.7085469319029,-47.734607274060004,33.1339614760633,33.13396147606335,0.6164853970242561,16.469872417382568,-1.4210854715202004e-13
189.4,-37.1539607436103,-34.37458065212483,-46.715830872043405,33.1339614760633,33.133961476063334,0.6164853970242561,16.46987241738322,-2.8421709430404007e-13
189.45000000000002,-36.53690522533619,-35.02974665198095,-45.69705447002681,33.1339614760633,33.133961476063355,0.6164853970242561,16.469872417381925,0.0
189.5,-35.90829835540955,-35.67383779699152,-44.678278068010215,33.133961476063305,33.133961476063355,0.616485397024249,16.469872417381925,0.0
189.55,-35.26833887148922,-36.306650454055536,-43.659501665993616,33.13396147606331,33.13396147606335,0.6164853970242419,16.46987241738256,-1.4210854715202004e-13
189.60000000000002,-34.61722910042791,-36.92798455583049,-42.64072526397702,33.13396147606331,33.13396147606335,0.6164853970242419,16.46987241738257,-1.4210854715202004e-13
189.65,-33.95517489430542,-37.53764366398481,-41.62194886196042,33.13396147606331,33.13396147606336,0.6164853970242419,16.469872417381925,0.0
189.70000000000002,-33.28238556534731,-38.135435031302954,-40.60317245994382,33.13396147606332,33.13396147606336,0.6164853970242348,16.469872417381925,0.0
189.75,-32.59907381974966,-38.721169662623566,-39.58439605792722,33.13396147606333,33.13396147606335,0.6164853970242348,16.469872417382565,-1.4210854715202004e-13
189.8,-31.905455690430777,-39.294662374591354,-38.56561965591062,33.13396147606333,33.13396147606336,0.6164853970242277,16.469872417381918,0.0
189.85000000000002,-31.20175046873115,-39.85573185420389,-37.546843253894025,33.13396147606333,33.133961476063355,0.6164853970242277,16.469872417382568,-1.4210854715202004e-13
189.9,-30.488180635083246,-40.404200716134724,-36.528066851877426,33.13396147606333,33.13396147606337,0.6164853970242277,16.469872417381918,0.0
189.95000000000002,-29.76497178867305,-40.939895558814804,-35.50929044986083,33.13396147606333,33.13396147606337,0.6164853970242277,16.469872417381918,0.0
190.0,-29.03235257611558,-41.46264701925435,-34.490514047844236,33.13396147606333,33.13396147606338,0.6164853970242206,16.469872417381918,0.0
190.05,-28.290554619166965,-41.97228982658793,-33.47173764582764,33.133961476063334,33.13396147606337,0.6164853970242206,16.469872417382568,-1.4210854715202004e-13
190.10000000000002,-27.539812441495886,-42.46866285432583,-32.45296124381104,33.133961476063334,33.133961476063384,0.6164853970242206,16.469872417381918,0.0
190.15,-26.780363394537588,-42.95160917129505,-31.43418484179444,33.13396147606334,33.133961476063384,0.6164853970242135,16.469872417381918,0.0
190.20000000000002,-26.012447582453866,-43.42097609125405,-30.415408439777842,33.13396147606334,33.13396147606338,0.6164853970242135,16.469872417382568,-1.4210854715202004e-13
190.25,-25.23630778622275,-43.876615221165345,-29.396632037761243,33.13396147606334,33.1339614760634,0.6164853970242135,16.46987241738192,0.0
190.3,-24.45218938688192,-44.31838250811083,-28.377855635744645,33.13396147606335,33.1339614760634,0.6164853970242063,16.46987241738192,0.0
190.35000000000002,-23.660340287950085,-44.746138284834934,-27.359079233728046,33.133961476063355,33.133961476063384,0.6164853970242063,16.469872417382568,-1.4210854715202004e-13
190.4,-22.861010837050863,-45.15974731390121,-26.34030283171145,33.133961476063355,33.1339614760634,0.6164853970241992,16.46987241738192,0.0
190.45000000000002,-22.054453746763944,-45.55907883044842,-25.321526429694853,33.133961476063355,33.133961476063384,0.6164853970241921,16.469872417382568,-1.4210854715202004e-13
190.5,-21.240924014728577,-45.944006583532634,-24.302750027678254,33.133961476063355,33.13396147606339,0.6164853970241921,16.469872417382568,-1.4210854715202004e-13
190.55,-20.42067884302459,-46.31440887604214,-23.283973625661655,33.133961476063355,33.133961476063405,0.616485397024185,16.46987241738192,0.0
190.60000000000002,-19.59397755685649,-46.6701686031727,-22.265197223645057,33.133961476063355,33.13396147606339,0.616485397024185,16.46987241738256,-1.4210854715202004e-13
190.65,-18.761081522566318,-47.01117328945091,-21.246420821628462,33.133961476063355,33.13396147606341,0.6164853970241779,16.46987241738192,0.0
190.70000000000002,-17.922254065001177,-47.337315124293966,-20.227644419611863,33.13396147606336,33.1339614760634,0.6164853970241708,16.469872417382575,-1.4210854715202004e-13
190.75,-17.077760384261573,-47.64849099609459,-19.208868017595265,33.13396147606336,33.1339614760634,0.6164853970241708,16.469872417382568,-1.4210854715202004e-13
190.8,-16.2278674718569,-47.94460252482035,-18.190091615578666,33.13396147606336,33.13396147606342,0.6164853970241708,16.46987241738192,0.0
190.85000000000002,-15.372844026294535,-48.22555609311707,-17.171315213562067,33.13396147606337,33.13396147606342,0.6164853970241637,16.46987241738192,0.0
190.9,-14.512960368129267,-48.491262875906514,-16.15253881154547,33.13396147606338,33.13396147606341,0.6164853970241637,16.46987241738257,-1.4210854715202004e-13
190.95000000000002,-13.648488354499912,-48.74163886846892,-15.133762409528872,33.13396147606338,33.13396147606342,0.6164853970241566,16.46987241738192,0.0
191.0,-12.779701293180121,-48.97660491300157,-14.114986007512275,33.13396147606338,33.13396147606341,0.6164853970241566,16.46987241738257,-1.4210854715202004e-13
191.05,-11.906873856170561,-49.19608672364502,-13.096209605495677,33.13396147606338,33.13396147606343,0.6164853970241566,16.469872417381918,0.0
191.10000000000002,-11.030281992859795,-49.400014909968924,-12.077433203479078,33.133961476063384,33.13396147606344,0.6164853970241495,16.469872417381918,0.0
191.15,-10.1502028427813,-49.58832499891031,-11.058656801462481,33.13396147606339,33.13396147606342,0.6164853970241495,16.46987241738257,-1.4210854715202004e-13
191.20000000000002,-9.266914647994218,-49.76095745515704,-10.039880399445883,33.13396147606339,33.13396147606344,0.6164853970241495,16.46987241738192,0.0
191.25,-8.38069666511554,-49.917857699970256,-9.021103997429286,33.1339614760634,33.13396147606345,0.6164853970241424,16.46987241738192,0.0
191.3,-7.491829077031525,-50.058976128439774,-8.002327595412687,33.133961476063405,33.13396147606344,0.6164853970241424,16.46987241738257,-1.4210854715202004e-13
191.35000000000002,-6.60059290431628,-50.18426812516695,-6.98355119339609,33.133961476063405,33.13396147606346,0.6164853970241424,16.469872417381925,0.0
191.4,-5.7072699163854965,-50.293694078370095,-5.964774791379491,33.13396147606341,33.13396147606346,0.6164853970241424,16.469872417381925,0.0
191.45000000000002,-4.812142542413435,-50.38721939240796,-4.945998389362893,33.13396147606342,33.13396147606346,0.6164853970241353,16.469872417381925,0.0
191.5,-3.915493782041329,-50.46481449871735,-3.9272219873462957,33.13396147606342,33.13396147606345,0.6164853970241353,16.469872417382568,-1.4210854715202004e-13
191.55,-3.017607115905429,-50.52645486516142,-2.9084455853296975,33.13396147606342,33.133961476063476,0.6164853970241282,16.469872417381925,0.0
191.60000000000002,-2.1187664160129747,-50.5721210037856,-1.8896691833130996,33.13396147606342,33.133961476063455,0.6164853970241282,16.469872417382568,-1.4210854715202004e-13
191.65,-1.219255855994437,-50.60179847697886,-0.8708927812965017,33.13396147606342,33.133961476063476,0.6164853970241282,16.469872417381925,0.0
191.70000000000002,-0.3193598212603992,-50.615477902038236,0.14788362072009623,33.133961476063426,33.133961476063476,0.6164853970241282,16.469872417381925,0.0
191.75,0.5806371809085191,-50.613154954135226,1.1666600227366941,33.133961476063426,33.13396147606348,0.6164853970241282,16.469872417381925,0.0
191.8,1.4804506113102656,-50.594830367683095,2.1854364247532923,33.13396147606343,33.1339614760635,0.6164853970241211,16.469872417381925,0.0
191.85000000000002,2.379795988780052,-50.56050993610471,3.20421282676989,33.13396147606344,33.133961476063476,0.6164853970241282,16.469872417382568,-1.4210854715202004e-13
191.9,3.2783889801307042,-50.51020451000089,4.222989228786488,33.13396147606344,33.13396147606349,0.6164853970241282,16.46987241738181,1.4210854715202004e-13
191.95000000000002,4.175945490046224,-50.44392999371995,5.241765630803086,33.13396147606345,33.1339614760635,0.6164853970241211,16.469872417381925,0.0
192.0,5.072181750900148,-50.36170734032944,6.260542032819684,33.133961476063455,33.13396147606348,0.6164853970241282,16.469872417382568,-1.4210854715202004e-13
192.05,5.9668144124703115,-50.26356254499171,7.279318434836282,33.133961476063455,33.13396147606351,0.6164853970241282,16.46987241738181,1.4210854715202004e-13
192.10000000000002,6.859560631521637,-50.149526636745385,8.29809483685288,33.13396147606346,33.13396147606351,0.6164853970241211,16.469872417381925,0.0
192.15,7.7501381612286435,-50.019635668695386,9.316871238869478,33.13396147606347,33.1339614760635,0.6164853970241211,16.469872417382568,-1.4210854715202004e-13
192.20000000000002,8.638265440409397,-49.8739307066145,10.335647640886075,33.13396147606347,33.13396147606352,0.6164853970241211,16.46987241738192,0.0
192.25,9.523661682542686,-49.71245781596022,11.354424042902673,33.133961476063476,33.133961476063526,0.6164853970241211,16.46987241738192,0.0
192.3,10.406046964540291,-49.53526804731088,12.373200444919272,33.133961476063476,33.13396147606353,0.6164853970241211,16.46987241738192,0.0
192.35000000000002,11.285142315246265,-49.34241742022572,13.391976846935869,33.13396147606348,33.133961476063526,0.6164853970241282,16.46987241738192,0.0
192.4,12.160669803635267,-49.133966905533995,14.410753248952467,33.13396147606348,33.13396147606354,0.6164853970241282,16.46987241738181,1.4210854715202004e-13
192.45000000000002,13.032352626682043,-48.90998240605869,15.429529650969066,33.13396147606349,33.13396147606354,0.6164853970241282,16.469872417381925,0.0
192.5,13.899915196874282,-48.670534735780954,16.448306052985664,33.1339614760635,33.133961476063554,0.6164853970241282,16.469872417381925,0.0
192.55,14.763083229341195,-48.41569959745188,17.46708245500226,33.133961476063504,33.13396147606355,0.6164853970241282,16.469872417381925,0.0
192.60000000000002,15.621583828570236,-48.145557558658616,18.485858857018858,33.133961476063504,33.13396147606354,0.6164853970241282,16.469872417381925,0.0
192.65,16.475145574684586,-47.8601940263525,19.504635259035457,33.133961476063504,33.13396147606355,0.6164853970241282,16.469872417381925,0.0
192.70000000000002,17.3234986092541,-47.55969921984713,20.523411661052055,33.133961476063504,33.133961476063554,0.6164853970241282,16.469872417381925,0.0
192.75,18.166374720612588,-47.24416814229503,21.542188063068654,33.13396147606351,33.13396147606356,0.6164853970241282,16.469872417381925,0.0
192.8,19.00350742865448,-46.91370055065184,22.560964465085252,33.13396147606352,33.13396147606357,0.6164853970241282,16.469872417381925,0.0
192.85000000000002,19.83463206908402,-46.568400924137606,23.579740867101847,33.133961476063526,33.13396147606358,0.6164853970241211,16.469872417381925,0.0
192.9,20.65948587709041,-46.20837843120508,24.598517269118446,33.13396147606353,33.133961476063554,0.6164853970241282,16.469872417382568,-1.4210854715202004e-13
192.95000000000002,21.47780807042241,-45.83374689502545,25.617293671135045,33.13396147606353,33.13396147606358,0.6164853970241282,16.46987241738181,1.4210854715202004e-13
193.0,22.28933993183612,-45.44462475750254,26.636070073151643,33.13396147606354,33.13396147606359,0.6164853970241282,16.469872417381925,0.0
193.05,23.093824890889945,-45.0411350418267,27.65484647516824,33.13396147606354,33.13396147606359,0.6164853970241282,16.469872417381925,0.0
193.10000000000002,23.891008605060783,-44.62340531358033,28.673622877184837,33.13396147606354,33.1339614760636,0.6164853970241353,16.469872417381925,0.0
193.15,24.680639040155885,-44.19156764040727,29.692399279201435,33.13396147606355,33.133961476063604,0.6164853970241353,16.469872417381808,1.4210854715202004e-13
193.20000000000002,25.4624665499949,-43.74575855025889,30.711175681218034,33.133961476063554,33.1339614760636,0.6164853970241424,16.469872417381925,0.0
193.25,26.236243955336946,-43.28611898822998,31.729952083234632,33.133961476063554,33.13396147606361,0.6164853970241424,16.469872417381804,1.4210854715202004e-13
193.3,27.00172662202774,-42.81279427199814,32.74872848525123,33.13396147606356,33.13396147606361,0.6164853970241424,16.469872417381925,0.0
193.35000000000002,27.75867253834209,-42.3259340458808,33.767504887267826,33.13396147606357,33.13396147606362,0.6164853970241495,16.469872417381925,0.0
193.4,28.50684239149728,-41.82569223352427,34.786281289284425,33.133961476063575,33.13396147606361,0.6164853970241495,16.469872417381804,1.4210854715202004e-13
193.45000000000002,29.245999643313176,-41.31222698923994,35.80505769130102,33.133961476063575,33.13396147606362,0.6164853970241495,16.46987241738192,0.0
193.5,29.975910604995136,-40.785700648002845,36.82383409331762,33.13396147606358,33.13396147606362,0.6164853970241566,16.46987241738192,0.0
193.55,30.69634451101604,-40.24627967412858,37.84261049533422,33.13396147606358,33.13396147606363,0.6164853970241566,16.469872417381804,1.4210854715202004e-13
193.60000000000002,31.407073592074155,-39.69413460864462,38.86138689735082,33.13396147606359,33.13396147606363,0.6164853970241637,16.469872417381918,0.0
193.65,32.10787314710368,-39.12944001537281,39.88016329936742,33.1339614760636,33.13396147606364,0.6164853970241637,16.469872417381808,1.4210854715202004e-13
193.70000000000002,32.7985216143153,-38.55237442574001,40.898939701384016,33.1339614760636,33.13396147606364,0.6164853970241637,16.46987241738192,0.0
193.75,33.47880064124418,-37.963120282334394,41.91771610340061,33.1339614760636,33.13396147606364,0.6164853970241637,16.46987241738192,0.0
193.8,34.14849515378338,-37.36186388122512,42.936492505417206,33.1339614760636,33.13396147606364,0.6164853970241708,16.46987241738192,0.0
193.85000000000002,34.807393424180745,-36.74879531306381,43.955268907433805,33.1339614760636,33.13396147606365,0.6164853970241779,16.469872417381804,1.4210854715202004e-13
193.9,35.45528713797785,-36.12410840298629,44.9740453094504,33.1339614760636,33.133961476063654,0.6164853970241779,16.46987241738181,1.4210854715202004e-13
193.95000000000002,36.0919714598698,-35.488000649333664,45.992821711467,33.133961476063604,33.133961476063654,0.616485397024185,16.46987241738193,0.0
194.0,36.71724509846509,-34.84067316121208,47.0115981134836,33.133961476063604,33.13396147606367,0.616485397024185,16.4698724173818,1.4210854715202004e-13
194.05,37.33091036992506,-34.182330594910944,48.0303745155002,33.13396147606361,33.13396147606366,0.616485397024185,16.46987241738192,0.0
194.10000000000002,37.9327732604627,-33.51318108919965,49.0491509175168,33.13396147606362,33.13396147606366,0.6164853970241921,16.46987241738192,0.0
194.15,38.5226434876813,-32.83343619952333,50.067927319533396,33.13396147606362,33.13396147606366,0.6164853970241921,16.469872417381804,1.4210854715202004e-13
194.20000000000002,39.10033456073326,-32.14331083111837,51.086703721549995,33.13396147606362,33.133961476063675,0.6164853970241921,16.46987241738192,0.0
194.25,39.66566383928026,-31.44302317106893,52.10548012356659,33.133961476063625,33.13396147606366,0.6164853970241921,16.46987241738192,0.0
194.3,40.218452591236066,-30.732794619325798,53.124256525583185,33.133961476063625,33.13396147606366,0.6164853970241992,16.46987241738192,0.0
194.35000000000002,40.758526049273655,-30.012849718709564,54.14303292759978,33.133961476063625,33.13396147606367,0.6164853970241992,16.469872417381804,1.4210854715202004e-13
194.4,41.28571346607895,-29.28341608392011,55.16180932961638,33.13396147606363,33.133961476063675,0.6164853970241992,16.46987241738192,0.0
194.45000000000002,41.799848168333554,-28.54472432957492,56.18058573163298,33.13396147606363,33.133961476063675,0.6164853970241992,16.46987241738192,0.0
194.5,42.30076760940944,-27.79700799729895,57.19936213364958,33.13396147606363,33.13396147606368,0.6164853970242063,16.46987241738192,0.0
194.55,42.78831342075903,-27.040503481889118,58.21813853566618,33.13396147606364,33.13396147606368,0.6164853970242063,16.469872417381804,1.4210854715202004e-13
194.60000000000002,43.26233146198432,-26.27544995657671,59.236914937682776,33.13396147606365,33.13396147606369,0.6164853970242135,16.46987241738192,0.0
194.65,43.72267186956922,-25.502089297411423,60.255691339699375,33.13396147606365,33.133961476063696,0.6164853970242135,16.469872417381804,1.4210854715202004e-13
194.70000000000002,44.169189104259786,-24.720666006790847,61.27446774171597,33.133961476063654,33.133961476063696,0.6164853970242206,16.46987241738192,0.0
194.75,44.60174199707729,-23.93142713615965,62.29324414373257,33.13396147606366,33.13396147606371,0.6164853970242206,16.469872417381804,1.4210854715202004e-13
194.8,45.02019379394958,-23.13462220790283,63.31202054574917,33.13396147606366,33.1339614760637,0.6164853970242277,16.469872417381918,0.0
194.85000000000002,45.424412198946676,-22.330503136457807,64.33079694776576,33.13396147606366,33.13396147606372,0.6164853970242348,16.469872417381804,1.4210854715202004e-13
194.9,45.81426941610689,-21.51932414867022,65.34957334978236,33.13396147606367,33.13396147606371,0.6164853970242419,16.4698724173818,1.4210854715202004e-13
194.95000000000002,46.18964218984023,-20.70134170341865,66.36834975179896,33.13396147606367,33.13396147606372,0.6164853970242419,16.469872417381804,1.4210854715202004e-13
195.0,46.55041184389639,-19.87681441053369,67.38712615381556,33.13396147606367,33.13396147606372,0.616485397024249,16.469872417381925,0.0
195.05,46.8964643188849,-19.046002949036964,68.40590255583216,33.13396147606367,33.13396147606372,0.6164853970242561,16.4698724173818,1.4210854715202004e-13
195.10000000000002,47.22769020833567,-18.209169984725957,69.42467895784876,33.133961476063675,33.13396147606372,0.6164853970242561,16.469872417381808,1.4210854715202004e-13
195.15,47.543984793288466,-17.36658008713073,70.44345535986535,33.13396147606368,33.13396147606372,0.6164853970242632,16.469872417381925,0.0
195.20000000000002,47.8452480754004,-16.51849964586873,71.46223176188195,33.13396147606368,33.133961476063725,0.6164853970242703,16.4698724173818,1.4210854715202004e-13
195.25,48.13138480856099,-15.665196786424215,72.48100816389855,33.13396147606368,33.133961476063725,0.6164853970242703,16.469872417381808,1.4210854715202004e-13
195.3,48.402304529004766,-14.80694128537883,73.49978456591515,33.13396147606368,33.133961476063725,0.6164853970242703,16.46987241738192,0.0
195.35000000000002,48.6579215839119,-13.9440044851202,74.51856096793175,33.13396147606368,33.133961476063725,0.6164853970242774,16.46987241738192,0.0
195.4,48.89815515848783,-13.076659208055482,75.53733736994835,33.13396147606368,33.13396147606373,0.6164853970242845,16.469872417381804,1.4210854715202004e-13
195.45000000000002,49.12292930151333,-12.205179670357003,76.55611377196495,33.13396147606369,33.13396147606374,0.6164853970242845,16.4698724173818,1.4210854715202004e-13
195.5,49.33217294935692,-11.329841395267247,77.57489017398154,33.133961476063696,33.13396147606374,0.6164853970242916,16.469872417381918,0.0
195.55,49.52581994844202,-10.450921125990599,78.59366657599814,33.133961476063696,33.133961476063746,0.6164853970242987,16.469872417381804,1.4210854715202004e-13
195.60000000000002,49.703809076161825,-9.568696738199407,79.61244297801474,33.1339614760637,33.133961476063746,0.6164853970243058,16.469872417381804,1.4210854715202004e-13
195.65,49.866084060235146,-8.683447152181992,80.63121938003133,33.13396147606371,33.13396147606373,0.6164853970243129,16.469872417381804,1.4210854715202004e-13
195.70000000000002,50.01259359649722,-7.795452244660405,81.64999578204792,33.13396147606371,33.13396147606375,0.6164853970243129,16.4698724173818,1.4210854715202004e-13
195.75,50.14329136511983,-6.904992760305799,82.66877218406452,33.13396147606371,33.133961476063746,0.61648539702432,16.469872417381914,0.0
195.8,50.25813604525556,-6.012350222979395,83.68754858608112,33.13396147606371,33.13396147606374,0.6164853970243271,16.469872417381804,1.4210854715202004e-13
195.85000000000002,50.35709132810165,-5.117806846727102,84.70632498809772,33.13396147606371,33.13396147606374,0.6164853970243342,16.469872417381794,1.4210854715202004e-13
195.9,50.440125928379196,-4.221645446555934,85.72510139011432,33.13396147606371,33.13396147606376,0.6164853970243342,16.4698724173818,1.4210854715202004e-13
195.95000000000002,50.5072135942242,-3.324149349020424,86.74387779213092,33.13396147606372,33.13396147606375,0.6164853970243414,16.469872417381918,0.0
196.0,50.558333115487216,-2.425602302647314,87.76265419414752,33.13396147606372,33.13396147606375,0.6164853970243485,16.4698724173818,1.4210854715202004e-13
196.05,50.593468330439094,-1.5262883882268345,88.78143059616411,33.13396147606372,33.13396147606375,0.6164853970243556,16.4698724173818,1.4210854715202004e-13
196.10000000000002,50.61260813088058,-0.6264919289989378,89.80020699818071,33.13396147606372,33.13396147606376,0.6164853970243556,16.4698724173818,1.4210854715202004e-13
196.15,50.615746465654254,0.2735025992371224,90.81898340019731,33.13396147606372,33.13396147606375,0.6164853970243627,16.46987241738192,0.0
196.20000000000002,50.60288234255761,1.1734106580614416,91.83775980221391,33.13396147606372,33.13396147606376,0.6164853970243698,16.469872417381797,1.4210854715202004e-13
196.25,50.57401982865678,2.072947736391915,92.85653620423051,33.13396147606372,33.13396147606377,0.6164853970243698,16.4698724173818,1.4210854715202004e-13
196.3,50.52916804900068,2.971829440434044,93.8753126062471,33.13396147606372,33.13396147606376,0.6164853970243769,16.46987241738192,0.0
196.35000000000002,50.4683411837361,3.86977158359366,94.8940890082637,33.13396147606372,33.13396147606377,0.616485397024384,16.46987241738179,1.4210854715202004e-13
196.4,50.39155846362454,4.766490276324145,95.9128654102803,33.13396147606372,33.13396147606377,0.616485397024384,16.4698724173818,1.4210854715202004e-13
196.45000000000002,50.29884416396232,5.661702015879735,96.9316418122969,33.13396147606372,33.13396147606376,0.6164853970243911,16.469872417381914,0.0
196.5,50.19022759690579,6.555123775946533,97.9504182143135,33.13396147606372,33.13396147606377,0.6164853970243911,16.469872417381794,1.4210854715202004e-13
196.55,50.065743102204145,7.446473096122902,98.9691946163301,33.13396147606372,33.13396147606376,0.6164853970243982,16.46987241738191,0.0
196.60000000000002,49.925430036342675,8.335468171220933,99.9879710183467,33.13396147606372,33.13396147606377,0.6164853970244053,16.469872417381797,1.4210854715202004e-13
196.65,49.769332760100035,9.221827940360772,101.0067474203633,33.13396147606372,33.133961476063774,0.6164853970244053,16.4698724173818,1.4210854715202004e-13
196.70000000000002,49.5975006245233,10.10527217582962,102.0255238223799,33.133961476063725,33.13396147606377,0.6164853970244124,16.469872417381914,0.0
196.75,49.40998795532536,10.985521571677335,103.04430022439648,33.133961476063725,33.13396147606377,0.6164853970244124,16.4698724173818,1.4210854715202004e-13
196.8,49.206854035709554,11.862297832020598,104.06307662641308,33.133961476063725,33.13396147606377,0.6164853970244195,16.469872417381914,0.0
196.85000000000002,48.988163087626894,12.735323759027755,105.08185302842968,33.133961476063725,33.13396147606377,0.6164853970244266,16.469872417381794,1.4210854715202004e-13
196.9,48.75398425147198,13.604323340556496,106.10062943044628,33.133961476063725,33.13396147606377,0.6164853970244337,16.469872417381794,1.4210854715202004e-13
196.95000000000002,48.50439156422383,14.469021837416673,107.11940583246287,33.133961476063725,33.13396147606377,0.6164853970244408,16.469872417381797,1.4210854715202004e-13
197.0,48.23946393603871,15.329145870230665,108.13818223447947,33.133961476063725,33.13396147606377,0.6164853970244479,16.46987241738179,1.4210854715202004e-13
197.05,47.95928512530219,16.184423505863837,109.15695863649607,33.133961476063725,33.13396147606377,0.616485397024455,16.4698724173818,1.4210854715202004e-13
197.10000000000002,47.66394371214847,17.034584343397754,110.17573503851267,33.133961476063725,33.13396147606377,0.616485397024455,16.469872417381787,1.4210854715202004e-13
197.15,47.35353307045529,17.879359599618972,111.19451144052927,33.133961476063725,33.133961476063774,0.616485397024455,16.469872417381907,0.0
197.20000000000002,47.0281513383232,18.718482193996408,112.21328784254587,33.13396147606373,33.133961476063774,0.6164853970244621,16.469872417381907,0.0
197.25,46.68790138704865,19.551686833120357,113.23206424456247,33.13396147606373,33.13396147606377,0.6164853970244621,16.46987241738179,1.4210854715202004e-13
197.3,46.332890788600665,20.37871009457653,114.25084064657906,33.13396147606373,33.13396147606375,0.6164853970244693,16.46987241738191,0.0
197.35000000000002,45.96323178161133,21.199290510228558,115.26961704859566,33.13396147606373,33.13396147606377,0.6164853970244764,16.46987241738179,1.4210854715202004e-13
197.4,45.5790412358909,22.013168648882644,116.28839345061226,33.13396147606373,33.13396147606377,0.6164853970244835,16.469872417381794,1.4210854715202004e-13
197.45000000000002,45.18044061547876,22.820087198308208,117.30716985262886,33.13396147606373,33.13396147606376,0.6164853970244835,16.469872417381794,1.4210854715202004e-13
197.5,44.76755594024186,23.619791046588634,118.32594625464546,33.13396147606373,33.13396147606375,0.6164853970244835,16.46987241738191,0.0
197.55,44.34051774603283,24.412027362776353,119.34472265666206,33.13396147606373,33.13396147606377,0.6164853970244906,16.46987241738191,0.0
197.60000000000002,43.89946104342028,25.196545676826794,120.36349905867866,33.13396147606373,33.13396147606375,0.6164853970244977,16.469872417381787,1.4210854715202004e-13
197.65,43.444525275004494,25.973097958785928,121.38227546069525,33.13396147606373,33.13396147606375,0.6164853970244977,16.469872417381794,1.4210854715202004e-13
197.70000000000002,42.97585427133182,26.741438697206352,122.40105186271185,33.13396147606373,33.133961476063746,0.6164853970245048,16.46987241738191,0.0
197.75,42.49359620542181,27.50132497676714,123.41982826472845,33.13396147606373,33.133961476063746,0.6164853970245048,16.469872417381794,1.4210854715202004e-13
197.8,41.99790354592151,28.252516555072912,124.43860466674505,33.13396147606373,33.13396147606374,0.6164853970245119,16.469872417381914,0.0
197.85000000000002,41.48893300890159,28.99477593860784,125.45738106876163,33.13396147606373,33.13396147606374,0.616485397024519,16.469872417381794,1.4210854715202004e-13
197.9,40.966845508309675,29.727868457820584,126.47615747077823,33.13396147606373,33.13396147606374,0.616485397024519,16.469872417381787,1.4210854715202004e-13
197.95000000000002,40.431806105096484,30.45156234131641,127.49493387279483,33.13396147606373,33.13396147606373,0.6164853970245261,16.469872417381907,0.0
198.0,39.88398395503086,31.16562878913305,128.51371027481144,33.13396147606373,33.133961476063725,0.6164853970245332,16.469872417381794,1.4210854715202004e-13
198.05,39.32355225522019,31.869842045077107,129.53248667682803,33.13396147606373,33.133961476063725,0.6164853970245332,16.46987241738179,1.4210854715202004e-13
198.10000000000002,38.750688189353205,32.56397946809818,130.55126307884464,33.13396147606373,33.133961476063725,0.6164853970245332,16.469872417381907,0.0
198.15,38.165572871682265,33.24782160267811,131.57003948086123,33.13396147606373,33.13396147606372,0.6164853970245403,16.469872417381907,0.0
198.20000000000002,37.568391289763106,33.92115224821307,132.58881588287784,33.13396147606373,33.133961476063725,0.6164853970245474,16.46987241738179,1.4210854715202004e-13
198.25,36.95933224596994,34.583758527366655,133.60759228489442,33.13396147606373,33.13396147606372,0.6164853970245474,16.46987241738179,1.4210854715202004e-13
198.3,36.33858829780453,35.23543095337225,134.62636868691104,33.13396147606373,33.13396147606372,0.6164853970245474,16.469872417381907,0.0
198.35000000000002,35.706355697018004,35.87596349626348,135.64514508892762,33.13396147606373,33.13396147606372,0.6164853970245545,16.469872417381907,0.0
198.4,35.062834327564765,36.50515364801176,136.6639214909442,33.13396147606373,33.133961476063725,0.6164853970245616,16.469872417381787,1.4210854715202004e-13
198.45000000000002,34.408227642408015,37.12280248655037,137.68269789296082,33.13396147606373,33.13396147606372,0.6164853970245687,16.469872417381794,1.4210854715202004e-13
198.5,33.742742599196944,37.728714738664785,138.7014742949774,33.13396147606373,33.13396147606372,0.6164853970245687,16.469872417381787,1.4210854715202004e-13
198.55,33.066589594835904,38.322698841729455,139.72025069699401,33.13396147606373,33.13396147606371,0.6164853970245758,16.469872417381907,0.0
198.60000000000002,32.37998239896619,38.90456700427139,140.7390270990106,33.13396147606373,33.13396147606372,0.6164853970245829,16.469872417381787,1.4210854715202004e-13
198.65,31.68313808638157,39.47413526534154,141.7578035010272,33.13396147606373,33.13396147606372,0.6164853970245829,16.469872417381787,1.4210854715202004e-13
198.70000000000002,30.97627696839884,40.031223552675065,142.7765799030438,33.13396147606373,33.1339614760637,0.61648539702459,16.4698724173819,0.0
198.75,30.25962252320513,40.575655739622256,143.7953563050604,33.13396147606373,33.13396147606372,0.61648539702459,16.46987241738179,1.4210854715202004e-13
198.8,29.533401325204018,41.10725970083194,144.814132707077,33.13396147606373,33.1339614760637,0.6164853970245971,16.469872417381907,0.0
198.85000000000002,28.797842973382714,41.62586736666992,145.8329091090936,33.13396147606373,33.133961476063696,0.6164853970245971,16.469872417381787,1.4210854715202004e-13
198.9,28.053180018723037,42.13131477635516,146.8516855111102,33.13396147606373,33.133961476063696,0.6164853970245971,16.469872417381904,0.0
198.95000000000002,27.299647890679093,42.6234421297969,147.8704619131268,33.13396147606373,33.13396147606369,0.6164853970246043,16.469872417381904,0.0
199.0,26.537484822744904,43.10209383811637,148.8892383151434,33.13396147606373,33.13396147606369,0.6164853970246043,16.46987241738179,1.4210854715202004e-13
199.05,25.76693177713552,43.56711857283712,149.90801471716,33.13396147606373,33.13396147606369,0.6164853970246043,16.469872417381907,0.0
199.10000000000002,24.98823236860545,44.01836931372838,150.92679111917658,33.13396147606373,33.13396147606368,0.6164853970246043,16.469872417381907,0.0
199.15,24.20163278742844,44.45570339528635,151.9455675211932,33.133961476063725,33.133961476063675,0.6164853970246114,16.469872417381907,0.0
199.20000000000002,23.407381721563038,44.8789825518387,152.96434392320978,33.13396147606372,33.13396147606368,0.6164853970246185,16.469872417381787,1.4210854715202004e-13
199.25,22.605730278028446,45.288072961258074,153.9831203252264,33.13396147606372,33.133961476063675,0.6164853970246185,16.46987241738179,1.4210854715202004e-13
199.3,21.79693190351562,45.68284528727069,155.00189672724298,33.13396147606372,33.13396147606367,0.6164853970246185,16.469872417381907,0.0
199.35000000000002,20.981242304258636,46.06317472034678,156.0206731292596,33.13396147606372,33.13396147606366,0.6164853970246256,16.469872417381907,0.0
199.4,20.158919365191707,46.42894101715982,157.03944953127618,33.13396147606371,33.13396147606367,0.6164853970246256,16.469872417381787,1.4210854715202004e-13
199.45000000000002,19.330223068417382,46.78002853860215,158.05822593329276,33.13396147606371,33.13396147606366,0.6164853970246256,16.469872417381907,0.0
199.5,18.495415411011717,47.11632628634493,159.07700233530937,33.13396147606371,33.133961476063654,0.6164853970246327,16.469872417381907,0.0
199.55,17.6547603221924,47.437727937930894,160.09577873732596,33.1339614760637,33.13396147606366,0.6164853970246398,16.469872417381787,1.4210854715202004e-13
199.60000000000002,16.80852357987602,47.74413188038882,161.11455513934257,33.133961476063696,33.133961476063654,0.6164853970246398,16.469872417381787,1.4210854715202004e-13
199.65,15.95697272665086,48.035441242359056,162.13333154135915,33.133961476063696,33.13396147606365,0.6164853970246398,16.469872417381904,0.0
199.70000000000002,15.100376985191776,48.31156392471992,163.15210794337577,33.13396147606369,33.13396147606365,0.6164853970246398,16.469872417381904,0.0
199.75,14.2390071731439,48.572412629705404,164.17088434539235,33.13396147606368,33.13396147606364,0.6164853970246398,16.469872417381904,0.0
199.8,13.373135617502102,48.81790488850485,165.18966074740896,33.13396147606368,33.13396147606365,0.6164853970246398,16.469872417381904,0.0
199.85000000000002,12.503036068513248,49.04796308733591,166.20843714942555,33.13396147606368,33.133961476063625,0.6164853970246469,16.469872417381904,0.0
199.9,11.628983613128492,49.26251449198263,167.22721355144216,33.133961476063675,33.133961476063625,0.6164853970246469,16.46987241738178,1.4210854715202004e-13
199.95000000000002,10.751254588032966,49.46149127079075,168.24598995345875,33.13396147606367,33.133961476063625,0.6164853970246469,16.4698724173819,0.0
200.0,9.87012649228035,49.64483051611311,169.26476635547536,33.13396147606367,33.13396147606362,0.616485397024654,16.4698724173819,0.0
200.05,8.985877899559968,49.812474264198215,170.28354275749194,33.13396147606366,33.13396147606362,0.616485397024654,16.469872417381787,1.4210854715202004e-13
200.10000000000002,8.09878837012411,49.964369513515855,171.30231915950856,33.13396147606366,33.13396147606361,0.616485397024654,16.4698724173819,0.0
200.15,7.209138362403467,50.1004682415138,172.32109556152514,33.13396147606366,33.1339614760636,0.6164853970246611,16.4698724173819,0.0
200.20000000000002,6.317209144338589,50.22072741980044,173.33987196354175,33.133961476063654,33.13396147606361,0.6164853970246611,16.469872417381783,1.4210854715202004e-13
200.25,5.4232827044554215,50.32510902774842,174.35864836555834,33.133961476063654,33.1339614760636,0.6164853970246611,16.4698724173819,0.0
200.3,4.527641662713013,50.413580064515116,175.37742476757495,33.13396147606365,33.1339614760636,0.6164853970246611,16.4698724173819,0.0
200.35000000000002,3.630569181151604,50.48611255947603,176.39620116959154,33.13396147606364,33.1339614760636,0.6164853970246611,16.4698724173819,0.0
200.4,2.73234887436932,50.54268358106783,177.41497757160815,33.13396147606363,33.13396147606359,0.6164853970246611,16.4698724173819,0.0
200.45000000000002,1.8332647198558019,50.58327524403835,178.43375397362473,33.13396147606363,33.13396147606359,0.6164853970246611,16.4698724173819,0.0
200.5,0.9336009682110918,50.60787471510107,179.45253037564135,33.13396147606363,33.133961476063575,0.6164853970246611,16.4698724173819,0.0
200.55,0.03364205327818226,50.61647421699246,-179.52869322234207,33.133961476063625,33.13396147606357,0.6164853970246611,16.4698724173819,0.0
200.60000000000002,-0.8663274977823724,50.60907103093078,-178.50991682032546,33.13396147606362,33.13396147606357,0.6164853970246611,16.4698724173819,0.0
200.65,-1.7660231544473448,50.58566749747567,-177.49114041830887,33.13396147606361,33.133961476063554,0.6164853970246611,16.4698724173819,0.0
200.70000000000002,-2.665160472786788,50.54627101578815,-176.4723640162923,33.133961476063604,33.13396147606356,0.616485397024654,16.4698724173819,0.0
200.75,-3.5634551853926117,50.490894041291334,-175.45358761427568,33.133961476063604,33.13396147606354,0.616485397024654,16.46987241738255,-1.4210854715202004e-13
200.8,-4.460623291251349,50.41955408173258,-174.4348112122591,33.1339614760636,33.13396147606355,0.616485397024654,16.4698724173819,0.0
200.85000000000002,-5.356381145532704,50.332273691648304,-173.41603481024248,33.1339614760636,33.13396147606355,0.616485397024654,16.4698724173819,0.0
200.9,-6.250445549265486,50.22908046523326,-172.3972584082259,33.1339614760636,33.13396147606354,0.616485397024654,16.4698724173819,0.0
200.95000000000002,-7.142533838872583,50.110007027616454,-171.37848200620928,33.13396147606359,33.13396147606354,0.616485397024654,16.4698724173819,0.0
201.0,-8.032363975536676,49.97509102454653,-170.3597056041927,33.13396147606358,33.13396147606353,0.6164853970246611,16.4698724173819,0.0
201.05,-8.919654634368413,49.82437511048985,-169.34092920217608,33.133961476063575,33.13396147606354,0.616485397024654,16.469872417381783,1.4210854715202004e-13
201.10000000000002,-9.804125293348898,49.65790693514504,-168.3221528001595,33.133961476063575,33.13396147606352,0.616485397024654,16.46987241738255,-1.4210854715202004e-13
201.15,-10.685496322018318,49.475739128378294,-167.3033763981429,33.13396147606357,33.133961476063526,0.616485397024654,16.4698724173819,0.0
201.20000000000002,-11.563489069882722,49.27792928358407,-166.2845999961263,33.13396147606357,33.133961476063526,0.616485397024654,16.4698724173819,0.0
201.25,-12.437825954510965,49.06453993947669,-165.2658235941097,33.13396147606357,33.13396147606352,0.616485397024654,16.4698724173819,0.0
201.3,-13.308230549293983,48.8356385603183,-164.2470471920931,33.13396147606356,33.13396147606352,0.6164853970246469,16.4698724173819,0.0
201.35000000000002,-14.174427670838647,48.59129751458972,-163.2282707900765,33.133961476063554,33.13396147606349,0.6164853970246469,16.469872417382543,-1.4210854715202004e-13
201.4,-15.03614346596857,48.331594052110674,-162.2094943880599,33.13396147606355,33.1339614760635,0.6164853970246469,16.4698724173819,0.0
201.45000000000002,-15.893105498304351,48.05661027961686,-161.1907179860433,33.13396147606354,33.1339614760635,0.6164853970246469,16.4698724173819,0.0
201.5,-16.745042834395896,47.766433134801424,-160.1719415840267,33.13396147606354,33.1339614760635,0.6164853970246398,16.4698724173819,0.0
201.55,-17.591686129379585,47.4611543588291,-159.1531651820101,33.13396147606354,33.13396147606348,0.6164853970246398,16.46987241738255,-1.4210854715202004e-13
201.60000000000002,-18.432767712133185,47.14087046733173,-158.13438877999351,33.13396147606354,33.13396147606348,0.6164853970246398,16.469872417381904,0.0
201.65,-19.268021669901607,46.805682719894286,-157.1156123779769,33.13396147606353,33.133961476063476,0.6164853970246398,16.469872417381904,0.0
201.70000000000002,-20.097183932366747,46.45569708804108,-156.09683597596032,33.133961476063526,33.13396147606348,0.6164853970246398,16.469872417381904,0.0
201.75,-20.91999235513483,46.09102422173225,-155.07805957394373,33.133961476063526,33.133961476063476,0.6164853970246398,16.469872417381904,0.0
201.8,-21.736186802614856,45.71177941438115,-154.05928317192712,33.13396147606352,33.133961476063476,0.6164853970246398,16.469872417381904,0.0
201.85000000000002,-22.545509230261963,45.318082566403675,-153.04050676991054,33.13396147606352,33.133961476063476,0.6164853970246327,16.469872417381904,0.0
201.9,-23.347703766159672,44.91005814731107,-152.02173036789392,33.13396147606352,33.13396147606346,0.6164853970246327,16.46987241738255,-1.4210854715202004e-13
201.95000000000002,-24.142516791915273,44.48783515635816,-151.00295396587734,33.13396147606351,33.13396147606347,0.6164853970246327,16.469872417381907,0.0
202.0,-24.929697022842728,44.0515470817595,-149.98417756386073,33.133961476063504,33.13396147606347,0.6164853970246327,16.469872417381907,0.0
202.05,-25.70899558740775,43.60133185848635,-148.96540116184414,33.133961476063504,33.13396147606346,0.6164853970246327,16.469872417381907,0.0
202.10000000000002,-26.480166105909976,43.13733182465768,-147.94662475982753,33.133961476063504,33.133961476063455,0.6164853970246327,16.469872417381907,0.0
202.15,-27.242964768377316,42.65969367653921,-146.92784835781094,33.1339614760635,33.133961476063455,0.6164853970246256,16.469872417381907,0.0
202.20000000000002,-27.99715041164787,42.16856842216455,-145.90907195579433,33.13396147606349,33.13396147606344,0.6164853970246256,16.46987241738255,-1.4210854715202004e-13
202.25,-28.742484595615036,41.664111333593084,-144.89029555377775,33.13396147606348,33.133961476063455,0.6164853970246256,16.469872417381907,0.0
202.3,-29.478731678611723,41.146481897819896,-143.87151915176113,33.13396147606348,33.13396147606345,0.6164853970246185,16.469872417381907,0.0
202.35000000000002,-30.205658891909813,40.615843766353,-142.85274274974455,33.13396147606348,33.133961476063426,0.6164853970246185,16.46987241738255,-1.4210854715202004e-13
202.4,-30.923036413311312,40.072364703474,-141.83396634772794,33.133961476063476,33.13396147606342,0.6164853970246185,16.469872417381907,0.0
202.45000000000002,-31.63063743980797,39.516216533198424,-140.81518994571135,33.133961476063476,33.133961476063426,0.6164853970246185,16.469872417381907,0.0
202.5,-32.32823825928634,38.947575084952604,-139.79641354369474,33.13396147606347,33.13396147606342,0.6164853970246114,16.469872417381907,0.0
202.55,-33.015618321255644,38.36662013798419,-138.77763714167816,33.13396147606346,33.133961476063405,0.6164853970246114,16.46987241738255,-1.4210854715202004e-13
202.60000000000002,-33.692560306576084,37.773535364523916,-137.75886073966154,33.133961476063455,33.13396147606342,0.6164853970246043,16.469872417381907,0.0
202.65,-34.358850196165506,37.16850827171656,-136.74008433764496,33.133961476063455,33.133961476063405,0.6164853970246043,16.469872417382554,-1.4210854715202004e-13
202.70000000000002,-35.01427733866278,36.55173014233951,-135.72130793562835,33.13396147606345,33.13396147606342,0.6164853970245971,16.469872417381907,0.0
202.75,-35.65863451702643,35.92339597432758,-134.70253153361176,33.13396147606345,33.1339614760634,0.61648539702459,16.469872417382547,-1.4210854715202004e-13
202.8,-36.291718014047476,35.28370441912336,-133.68375513159518,33.13396147606344,33.1339614760634,0.61648539702459,16.469872417382547,-1.4210854715202004e-13
202.85000000000002,-36.91332767675581,34.63285771887235,-132.66497872957856,33.13396147606344,33.133961476063405,0.6164853970245829,16.469872417381907,0.0
202.9,-37.5232669796997,33.971061642483015,-131.64620232756198,33.13396147606344,33.133961476063384,0.6164853970245829,16.46987241738255,-1.4210854715202004e-13
202.95000000000002,-38.121343087078415,33.29852542057172,-130.62742592554537,33.13396147606343,33.13396147606339,0.6164853970245758,16.4698724173819,0.0
203.0,-38.7073669137084,32.6154616793133,-129.60864952352878,33.133961476063426,33.13396147606337,0.6164853970245758,16.469872417382554,-1.4210854715202004e-13
203.05,-39.28115318480361,31.922086373218068,-128.58987312151217,33.13396147606342,33.133961476063384,0.6164853970245687,16.469872417381907,0.0
203.10000000000002,-39.84252049455121,31.21861871685657,-127.57109671949557,33.13396147606342,33.13396147606336,0.6164853970245616,16.469872417382557,-1.4210854715202004e-13
203.15,-40.39129136346407,30.505281115553636,-126.55232031747897,33.13396147606342,33.13396147606336,0.6164853970245616,16.46987241738255,-1.4210854715202004e-13
203.20000000000002,-40.927292294491885,29.782299095073657,-125.53354391546237,33.13396147606341,33.13396147606336,0.6164853970245545,16.46987241738191,0.0
203.25,-41.4503538278733,29.04990123031934,-124.51476751344578,33.133961476063405,33.133961476063355,0.6164853970245545,16.469872417382557,-1.4210854715202004e-13
203.3,-41.96031059471155,28.308319073066432,-123.49599111142918,33.133961476063405,33.13396147606337,0.6164853970245474,16.469872417381904,0.0
203.35000000000002,-42.457001369256815,27.55778707875731,-122.47721470941259,33.133961476063405,33.133961476063355,0.6164853970245403,16.46987241738255,-1.4210854715202004e-13
203.4,-42.940269119878636,26.79854253237655,-121.458438307396,33.1339614760634,33.133961476063355,0.6164853970245332,16.469872417382554,-1.4210854715202004e-13
203.45000000000002,-43.40996105871238,26.030825473431918,-120.4396619053794,33.13396147606339,33.13396147606334,0.6164853970245332,16.46987241738255,-1.4210854715202004e-13
203.5,-43.865928689963994,25.2548786200645,-119.4208855033628,33.133961476063384,33.13396147606336,0.6164853970245261,16.469872417381907,0.0
203.55,-44.308027856857784,24.470947292311987,-118.4021091013462,33.133961476063384,33.13396147606334,0.6164853970245261,16.469872417382557,-1.4210854715202004e-13
203.60000000000002,-44.73611878721243,23.67927933454933,-117.3833326993296,33.13396147606338,33.133961476063355,0.616485397024519,16.469872417381907,0.0
203.65,-45.15006613763076,22.880125037131336,-116.364556297313,33.13396147606338,33.133961476063355,0.6164853970245119,16.469872417382547,-1.4210854715202004e-13
203.70000000000002,-45.5497390362893,22.07373705726192,-115.3457798952964,33.13396147606338,33.13396147606334,0.6164853970245119,16.469872417382557,-1.4210854715202004e-13
203.75,-45.93501112431421,21.2603703391151,-114.3270034932798,33.13396147606338,33.133961476063355,0.6164853970245048,16.469872417381914,0.0
203.8,-46.305760595730305,20.440282033232933,-113.3082270912632,33.13396147606338,33.133961476063334,0.6164853970244977,16.469872417382557,-1.4210854715202004e-13
203.85000000000002,-46.66187023597077,19.6137314152259,-112.2894506892466,33.13396147606338,33.133961476063334,0.6164853970244977,16.469872417382557,-1.4210854715202004e-13
203.9,-47.00322745893516,18.780979803801436,-111.27067428723001,33.13396147606338,33.13396147606335,0.6164853970244906,16.46987241738191,0.0
203.95000000000002,-47.32972434258418,17.942290478146532,-110.25189788521341,33.13396147606338,33.133961476063334,0.6164853970244835,16.469872417382557,-1.4210854715202004e-13
204.0,-47.64125766305983,17.097928594690504,-109.23312148319681,33.13396147606338,33.13396147606333,0.6164853970244764,16.469872417382557,-1.4210854715202004e-13
204.05,-47.93772892732025,16.248161103274278,-108.21434508118021,33.13396147606337,33.13396147606332,0.6164853970244764,16.469872417382557,-1.4210854715202004e-13
204.10000000000002,-48.21904440427882,15.393256662752663,-107.19556867916361,33.13396147606336,33.13396147606334,0.6164853970244693,16.46987241738191,0.0
204.15,-48.48511515443779,14.533485556056327,-106.17679227714702,33.13396147606336,33.13396147606331,0.6164853970244693,16.469872417382557,-1.4210854715202004e-13
204.20000000000002,-48.73585705800705,13.669119604740295,-105.15801587513042,33.133961476063355,33.13396147606334,0.6164853970244693,16.469872417381907,0.0
204.25,-48.971190841499016,12.800432083046012,-104.13923947311382,33.133961476063355,33.13396147606335,0.6164853970244621,16.469872417381907,0.0
204.3,-49.19104210279145,11.92769763150412,-103.12046307109722,33.133961476063355,33.13396147606333,0.616485397024455,16.469872417382554,-1.4210854715202004e-13
204.35000000000002,-49.395341334650105,11.051192170105297,-102.10168666908062,33.133961476063355,33.13396147606332,0.616485397024455,16.469872417382557,-1.4210854715202004e-13
204.4,-49.584023946703816,10.17119281106656,-101.08291026706402,33.133961476063355,33.13396147606334,0.6164853970244479,16.469872417381907,0.0
204.45000000000002,-49.757030285865135,9.287977771220657,-100.06413386504744,33.133961476063355,33.13396147606331,0.6164853970244479,16.46987241738256,-1.4210854715202004e-13
204.5,-49.914305655189985,8.401826284056225,-99.04535746303084,33.133961476063355,33.13396147606333,0.6164853970244479,16.469872417381914,0.0
204.55,-50.05580033117042,7.513018511436526,-98.02658106101424,33.133961476063355,33.13396147606332,0.6164853970244408,16.469872417381914,0.0
204.60000000000002,-50.18146957945498,6.621835455024662,-97.00780465899764,33.133961476063355,33.13396147606332,0.6164853970244337,16.46987241738255,-1.4210854715202004e-13
204.65,-50.29127366899176,5.728558867443302,-95.98902825698104,33.133961476063355,33.13396147606332,0.6164853970244266,16.46987241738256,-1.4210854715202004e-13
204.70000000000002,-50.38517788458953,4.833471163196971,-94.97025185496445,33.133961476063355,33.13396147606331,0.6164853970244195,16.46987241738256,-1.4210854715202004e-13
204.75,-50.463152537893215,3.936855329385092,-93.95147545294785,33.133961476063355,33.13396147606331,0.6164853970244195,16.46987241738256,-1.4210854715202004e-13
204.8,-50.525172976769994,3.0389948362339947,-92.93269905093125,33.133961476063355,33.13396147606332,0.6164853970244124,16.46987241738191,0.0
204.85000000000002,-50.57121959310324,2.14017354747618,-91.91392264891465,33.133961476063355,33.133961476063305,0.6164853970244124,16.46987241738256,-1.4210854715202004e-13
204.9,-50.601277828991705,1.2406756306051772,-90.89514624689805,33.133961476063355,33.133961476063334,0.6164853970244053,16.469872417381914,0.0
204.95000000000002,-50.61533818135213,0.3407854670343663,-89.87636984488145,33.133961476063355,33.13396147606331,0.6164853970243982,16.469872417382557,-1.4210854715202004e-13
205.0,-50.61339620492366,-0.5592124378118347,-88.85759344286485,33.133961476063355,33.1339614760633,0.6164853970243982,16.469872417382565,-1.4210854715202004e-13
205.05,-50.59545251367325,-1.4590335444459868,-87.83881704084826,33.13396147606335,33.13396147606331,0.6164853970243911,16.469872417381918,0.0
205.10000000000002,-50.561512780601575,-2.3583933692764174,-86.82004063883166,33.13396147606335,33.13396147606331,0.6164853970243911,16.469872417382557,-1.4210854715202004e-13
205.15,-50.51158773594944,-3.2570075745483362,-85.80126423681506,33.13396147606335,33.13396147606333,0.6164853970243911,16.46987241738191,0.0
205.20000000000002,-50.44569316380539,-4.154592058238842,-84.78248783479846,33.13396147606335,33.13396147606333,0.616485397024384,16.46987241738191,0.0
205.25,-50.36384989711545,-5.0508630438774045,-83.76371143278186,33.13396147606335,33.1339614760633,0.616485397024384,16.469872417382565,-1.4210854715202004e-13
205.3,-50.266083811096706,-5.945537170263417,-82.74493503076526,33.13396147606334,33.13396147606333,0.6164853970243769,16.469872417381914,0.0
205.35000000000002,-50.15242581505667,-6.838331581052465,-81.72615862874866,33.13396147606334,33.13396147606331,0.6164853970243769,16.469872417382557,-1.4210854715202004e-13
205.4,-50.022911842621134,-7.728964014182973,-80.70738222673207,33.13396147606334,33.133961476063334,0.6164853970243698,16.469872417381907,0.0
205.45000000000002,-49.877582840373584,-8.617152891114976,-79.68860582471547,33.13396147606334,33.1339614760633,0.6164853970243627,16.469872417382568,-1.4210854715202004e-13
205.5,-49.71648475490965,-9.502617405852781,-78.66982942269888,33.13396147606334,33.13396147606331,0.6164853970243556,16.469872417382557,-1.4210854715202004e-13
205.55,-49.53966851831087,-10.385077613723393,-77.65105302068228,33.13396147606334,33.133961476063305,0.6164853970243556,16.469872417382568,-1.4210854715202004e-13
205.60000000000002,-49.34719003204218,-11.264254519882622,-76.63227661866568,33.13396147606334,33.133961476063334,0.6164853970243485,16.46987241738192,0.0
205.65,-49.13911014927839,-12.139870167520904,-75.61350021664909,33.13396147606334,33.13396147606331,0.6164853970243414,16.46987241738256,-1.4210854715202004e-13
205.70000000000002,-48.91549465566508,-13.011647725740932,-74.59472381463249,33.13396147606334,33.13396147606331,0.6164853970243342,16.46987241738256,-1.4210854715202004e-13
205.75,-48.67641424852008,-13.879311577079331,-73.57594741261589,33.13396147606334,33.13396147606331,0.6164853970243271,16.46987241738256,-1.4210854715202004e-13
205.8,-48.421944514482156,-14.742587404644697,-72.55717101059929,33.13396147606334,33.13396147606331,0.6164853970243271,16.469872417382557,-1.4210854715202004e-13
205.85000000000002,-48.15216590561379,-15.601202278844445,-71.53839460858269,33.13396147606334,33.133961476063334,0.61648539702432,16.469872417381914,0.0
205.9,-47.86716371396587,-16.454884743673073,-70.5196182065661,33.13396147606334,33.133961476063305,0.61648539702432,16.46987241738257,-1.4210854715202004e-13
205.95000000000002,-47.56702804461208,-17.303364902534522,-69.5008418045495,33.13396147606334,33.133961476063334,0.6164853970243129,16.469872417381918,0.0
206.0,-47.251853787161664,-18.146374503571533,-68.4820654025329,33.13396147606334,33.13396147606331,0.6164853970243058,16.469872417382557,-1.4210854715202004e-13
206.05,-46.92174058575956,-18.983647024475005,-67.4632890005163,33.13396147606334,33.13396147606332,0.6164853970242987,16.469872417382568,-1.4210854715202004e-13
206.10000000000002,-46.57679280758331,-19.81491775674655,-66.4445125984997,33.13396147606334,33.133961476063305,0.6164853970242987,16.469872417382568,-1.4210854715202004e-13
206.15,-46.21711950984679,-20.639923889387596,-65.4257361964831,33.13396147606334,33.133961476063334,0.6164853970242916,16.469872417381918,0.0
206.20000000000002,-45.84283440532114,-21.458404591988597,-64.4069597944665,33.13396147606334,33.13396147606332,0.6164853970242916,16.469872417382568,-1.4210854715202004e-13
206.25,-45.454055826383836,-22.270101097192043,-63.3881833924499,33.13396147606334,33.13396147606334,0.6164853970242845,16.46987241738192,0.0
206.3,-45.05090668760721,-23.07475678250326,-62.369406990433305,33.13396147606334,33.13396147606332,0.6164853970242774,16.469872417382568,-1.4210854715202004e-13
206.35000000000002,-44.63351444689832,-23.872117251423067,-61.35063058841671,33.13396147606334,33.133961476063334,0.6164853970242774,16.469872417382568,-1.4210854715202004e-13
206.4,-44.2020110652024,-24.661930413876686,-60.331854186400115,33.13396147606334,33.13396147606335,0.6164853970242703,16.46987241738192,0.0
206.45000000000002,-43.75653296478265,-25.443946565913468,-59.313077784383516,33.13396147606334,33.133961476063334,0.6164853970242632,16.469872417382568,-1.4210854715202004e-13
206.5,-43.29722098608957,-26.217918468652222,-58.29430138236692,33.13396147606334,33.133961476063334,0.6164853970242632,16.469872417382568,-1.4210854715202004e-13
206.55,-42.824220343233414,-26.983601426447198,-57.27552498035032,33.13396147606334,33.133961476063355,0.6164853970242561,16.469872417381918,0.0
206.60000000000002,-42.33768057807395,-27.740753364250025,-56.25674857833372,33.13396147606334,33.13396147606334,0.616485397024249,16.469872417382575,-1.4210854715202004e-13
206.65,-41.83775551294194,-28.489134904143114,-55.23797217631712,33.13396147606334,33.13396147606334,0.616485397024249,16.46987241738256,-1.4210854715202004e-13
206.70000000000002,-41.3246032020073,-29.22850944102036,-54.21919577430052,33.13396147606334,33.133961476063355,0.6164853970242419,16.469872417381914,0.0
206.75,-40.79838588130943,-29.958643217391202,-53.200419372283925,33.13396147606334,33.13396147606335,0.6164853970242419,16.46987241738257,-1.4210854715202004e-13
206.8,-40.25926991746528,-30.679305397284388,-52.181642970267326,33.13396147606334,33.13396147606335,0.6164853970242419,16.469872417381925,0.0
206.85000000000002,-39.70742575507168,-31.390268139228088,-51.162866568250735,33.13396147606334,33.13396147606336,0.6164853970242348,16.469872417381925,0.0
206.9,-39.143027862818236,-32.09130666828328,-50.144090166234136,33.13396147606334,33.13396147606335,0.6164853970242348,16.469872417382565,-1.4210854715202004e-13
206.95000000000002,-38.566254678328086,-32.782199347107635,-49.12531376421754,33.13396147606334,33.13396147606336,0.6164853970242348,16.469872417381918,0.0
207.0,-37.97728855174383,-33.462727746027426,-48.10653736220094,33.13396147606334,33.13396147606336,0.6164853970242277,16.469872417381918,0.0
207.05,-37.376315688076474,-34.13267671209533,-47.08776096018434,33.13396147606334,33.133961476063355,0.6164853970242277,16.469872417382568,-1.4210854715202004e-13
207.10000000000002,-36.76352608833565,-34.79183443711225,-46.06898455816774,33.13396147606334,33.133961476063355,0.6164853970242206,16.469872417381918,0.0
207.15,-36.13911348945973,-35.439992524591695,-45.05020815615114,33.13396147606334,33.133961476063355,0.6164853970242135,16.469872417382568,-1.4210854715202004e-13
207.20000000000002,-35.503275303064754,-36.07694605564553,-44.031431754134545,33.13396147606334,33.13396147606336,0.6164853970242135,16.469872417382568,-1.4210854715202004e-13
207.25,-34.85621255303164,-36.70249365377023,-43.012655352117946,33.13396147606334,33.13396147606338,0.6164853970242063,16.46987241738192,0.0
207.3,-34.19812981195133,-37.31643754851326,-41.99387895010135,33.13396147606334,33.13396147606336,0.6164853970242063,16.469872417382568,-1.4210854715202004e-13
207.35000000000002,-33.529235136447994,-37.91858363799926,-40.97510254808475,33.13396147606334,33.133961476063384,0.6164853970241992,16.46987241738192,0.0
207.4,-32.84974000140073,-38.508741550296556,-39.95632614606816,33.13396147606334,33.13396147606337,0.6164853970241992,16.469872417382568,-1.4210854715202004e-13
207.45000000000002,-32.15985923308458,-39.08672470360426,-38.93754974405156,33.13396147606334,33.133961476063384,0.6164853970241921,16.46987241738192,0.0
207.5,-31.459810941251973,-39.65235036524122,-37.91877334203496,33.13396147606334,33.133961476063384,0.616485397024185,16.469872417382568,-1.4210854715202004e-13
207.55,-30.74981645017607,-40.20543970941797,-36.89999694001836,33.13396147606334,33.133961476063384,0.616485397024185,16.46987241738256,-1.4210854715202004e-13
207.60000000000002,-30.030100228677842,-40.74581787377356,-35.88122053800176,33.13396147606334,33.133961476063405,0.6164853970241779,16.46987241738192,0.0
207.65,-29.30088981915896,-41.27331401465926,-34.862444135985164,33.13396147606335,33.133961476063384,0.6164853970241779,16.469872417382575,-1.4210854715202004e-13
207.70000000000002,-28.562415765662962,-41.78776136115178,-33.843667733968566,33.13396147606335,33.13396147606339,0.6164853970241779,16.46987241738193,0.0
207.75,-27.81491154098744,-42.28899726777883,-32.82489133195197,33.133961476063355,33.1339614760634,0.6164853970241779,16.46987241738193,0.0
207.8,-27.058613472870263,-42.77686326594045,-31.806114929935372,33.133961476063355,33.13396147606342,0.6164853970241708,16.46987241738193,0.0
207.85000000000002,-26.29376066927324,-43.25120511400972,-30.787338527918774,33.133961476063355,33.133961476063384,0.6164853970241708,16.469872417382568,-1.4210854715202004e-13
207.9,-25.520594942786744,-43.71187284609719,-29.768562125902175,33.133961476063355,33.13396147606341,0.6164853970241708,16.46987241738192,0.0
207.95000000000002,-24.739360734179286,-44.15872081946338,-28.749785723885577,33.13396147606336,33.13396147606342,0.6164853970241637,16.46987241738192,0.0
208.0,-23.950305035116166,-44.59160776056465,-27.731009321868978,33.13396147606337,33.13396147606341,0.6164853970241637,16.46987241738257,-1.4210854715202004e-13
208.05,-23.153677310071654,-45.01039680971756,-26.71223291985238,33.13396147606337,33.13396147606342,0.6164853970241566,16.46987241738192,0.0
208.10000000000002,-22.34972941745935,-45.41495556436791,-25.693456517835784,33.13396147606338,33.133961476063405,0.6164853970241566,16.46987241738257,-1.4210854715202004e-13
208.15,-21.53871553000573,-45.8051561209505,-24.674680115819186,33.13396147606338,33.133961476063426,0.6164853970241495,16.469872417381918,0.0
208.20000000000002,-20.720892054391964,-46.180875115326636,-23.655903713802587,33.133961476063384,33.13396147606342,0.6164853970241495,16.46987241738257,-1.4210854715202004e-13
208.25,-19.89651755018948,-46.541993761786365,-22.63712731178599,33.133961476063384,33.13396147606343,0.6164853970241495,16.46987241738192,0.0
208.3,-19.065852648114884,-46.88839789060327,-21.61835090976939,33.13396147606339,33.13396147606343,0.6164853970241495,16.46987241738192,0.0
208.35000000000002,-18.22915996763006,-47.2199779841299,-20.599574507752795,33.13396147606339,33.13396147606344,0.6164853970241495,16.46987241738192,0.0
208.4,-17.386704033913535,-47.53662921142236,-19.580798105736196,33.1339614760634,33.13396147606345,0.6164853970241495,16.46987241738192,0.0
208.45000000000002,-16.538751194229317,-47.83825146138325,-18.562021703719598,33.133961476063405,33.13396147606345,0.6164853970241424,16.46987241738192,0.0
208.5,-15.68556953371969,-48.12474937441236,-17.543245301703,33.133961476063405,33.13396147606344,0.6164853970241424,16.46987241738257,-1.4210854715202004e-13
208.55,-14.827428790648561,-48.39603237255513,-16.5244688996864,33.133961476063405,33.13396147606346,0.6164853970241424,16.469872417381925,0.0
208.60000000000002,-13.964600271122166,-48.65201468813941,-15.505692497669804,33.13396147606341,33.13396147606346,0.6164853970241424,16.469872417381925,0.0
208.65,-13.097356763314089,-48.89261539089138,-14.486916095653205,33.13396147606342,33.13396147606347,0.6164853970241353,16.469872417381925,0.0
208.70000000000002,-12.225972451221724,-49.11775841352214,-13.468139693636608,33.13396147606342,33.13396147606345,0.6164853970241353,16.469872417382568,-1.4210854715202004e-13
208.75,-11.350722827981432,-49.32737257577681,-12.44936329162001,33.13396147606342,33.133961476063476,0.6164853970241353,16.469872417381925,0.0
208.8,-10.471884608769814,-49.52139160693858,-11.430586889603411,33.133961476063426,33.13396147606347,0.6164853970241282,16.469872417381925,0.0
208.85000000000002,-9.589735643318617,-49.69975416678056,-10.411810487586814,33.133961476063426,33.13396147606346,0.6164853970241282,16.469872417382568,-1.4210854715202004e-13
208.9,-8.704554828070957,-49.86240386495885,-9.393034085570216,33.133961476063426,33.13396147606348,0.6164853970241282,16.469872417381925,0.0
208.95000000000002,-7.8166220180066155,-50.0092892788407,-8.374257683553619,33.13396147606343,33.13396147606348,0.6164853970241282,16.469872417381925,0.0
209.0,-6.926217938164276,-50.14036396976201,-7.3554812815370205,33.13396147606344,33.13396147606349,0.6164853970241282,16.469872417381925,0.0
209.05,-6.033624094888708,-50.25558649770924,-6.336704879520423,33.13396147606345,33.13396147606349,0.6164853970241282,16.469872417381925,0.0
209.10000000000002,-5.139122686830918,-50.35492043442087,-5.317928477503824,33.133961476063455,33.13396147606349,0.6164853970241282,16.469872417381925,0.0
209.15,-4.242996515729433,-50.438334374904414,-4.2991520754872266,33.133961476063455,33.1339614760635,0.6164853970241211,16.469872417381925,0.0
209.20000000000002,-3.3455288970009156,-50.5058019473653,-3.280375673470629,33.133961476063455,33.13396147606349,0.6164853970241282,16.469872417382568,-1.4210854715202004e-13
209.25,-2.4470035701683694,-50.55730182154443,-2.2615992714540307,33.133961476063455,33.13396147606351,0.6164853970241211,16.46987241738181,1.4210854715202004e-13
209.3,-1.5477046091552684,-50.592817715461905,-1.2428228694374328,33.13396147606346,33.13396147606349,0.6164853970241211,16.469872417382568,-1.4210854715202004e-13
209.35000000000002,-0.6479163324739594,-50.61233840056464,-0.22404646742083487,33.13396147606346,33.13396147606352,0.6164853970241211,16.46987241738192,0.0
209.4,0.2520767866632627,-50.61585770527634,0.794729934595763,33.13396147606347,33.133961476063526,0.6164853970241282,16.46987241738192,0.0
209.45000000000002,1.1519902102819886,-50.60337451694868,1.813506336612361,33.133961476063476,33.133961476063526,0.6164853970241282,16.46987241738181,1.4210854715202004e-13
209.5,2.0515394256040027,-50.574892782213084,2.832282738628959,33.133961476063476,33.13396147606353,0.6164853970241282,16.469872417381925,0.0
209.55,2.9504400349976265,-50.53042150573296,3.8510591406455568,33.13396147606348,33.13396147606354,0.6164853970241282,16.469872417381925,0.0
209.60000000000002,3.8484078458916575,-50.46997474735683,4.8698355426621545,33.13396147606349,33.13396147606353,0.6164853970241282,16.469872417381925,0.0
209.65,4.745158960624476,-50.39357161767324,5.888611944678753,33.13396147606349,33.13396147606354,0.6164853970241282,16.469872417381925,0.0
209.70000000000002,5.640409866199915,-50.30123627196882,6.907388346695351,33.13396147606349,33.133961476063554,0.6164853970241282,16.469872417381925,0.0
209.75,6.53387752392152,-50.19299790259145,7.926164748711948,33.1339614760635,33.13396147606354,0.6164853970241282,16.469872417381925,0.0
209.8,7.425279458876844,-50.06889072972097,8.944941150728546,33.133961476063504,33.13396147606355,0.6164853970241282,16.469872417381925,0.0
209.85000000000002,8.314333849243518,-49.92895399055022,9.963717552745145,33.133961476063504,33.13396147606356,0.6164853970241353,16.469872417381925,0.0
209.9,9.200759615388822,-49.77323192688001,10.982493954761742,33.13396147606351,33.133961476063575,0.6164853970241353,16.469872417381808,1.4210854715202004e-13
209.95000000000002,10.08427650873463,-49.60177377113182,12.00127035677834,33.13396147606352,33.13396147606357,0.6164853970241353,16.469872417381925,0.0
210.0,10.964605200359594,-49.414633730782676,13.020046758794939,33.133961476063526,33.13396147606358,0.6164853970241353,16.469872417381925,0.0
210.05,11.841467369310584,-49.21187097122716,14.038823160811535,33.13396147606353,33.133961476063575,0.6164853970241353,16.469872417381925,0.0
210.10000000000002,12.714585790595445,-48.99354959707192,15.057599562828134,33.13396147606353,33.133961476063575,0.6164853970241353,16.469872417381925,0.0
210.15,13.583684422829272,-48.75973863186864,16.076375964844733,33.13396147606353,33.13396147606357,0.6164853970241424,16.469872417381925,0.0
210.20000000000002,14.44848849550647,-48.51051199629185,17.09515236686133,33.13396147606353,33.133961476063575,0.6164853970241424,16.469872417381804,1.4210854715202004e-13
210.25,15.308724595871023,-48.245948484768455,18.113928768877926,33.13396147606353,33.1339614760636,0.6164853970241424,16.469872417381925,0.0
210.3,16.164120755357494,-47.96613174056648,19.132705170894525,33.13396147606354,33.1339614760636,0.6164853970241424,16.469872417381925,0.0
210.35000000000002,17.014406535575457,-47.67115022935072,20.151481572911123,33.13396147606354,33.1339614760636,0.6164853970241424,16.469872417381925,0.0
210.4,17.859313113810124,-47.361097211213846,21.170257974927722,33.13396147606355,33.1339614760636,0.6164853970241424,16.469872417381925,0.0
210.45000000000002,18.6985733680122,-47.03607071119167,22.18903437694432,33.133961476063554,33.1339614760636,0.6164853970241424,16.469872417381925,0.0
210.5,19.531921961250045,-46.696173488271995,23.20781077896092,33.133961476063554,33.1339614760636,0.6164853970241424,16.469872417381925,0.0
210.55,20.359095425597452,-46.34151300290675,24.226587180977514,33.133961476063554,33.13396147606362,0.6164853970241424,16.469872417381925,0.0
210.60000000000002,21.17983224543055,-45.97220138303776,25.245363582994113,33.13396147606356,33.13396147606361,0.6164853970241495,16.469872417381925,0.0
210.65,21.993872940107458,-45.58835538864687,26.26413998501071,33.13396147606357,33.13396147606362,0.6164853970241495,16.469872417381804,1.4210854715202004e-13
210.70000000000002,22.800960146004588,-45.19009637484157,27.28291638702731,33.133961476063575,33.133961476063625,0.6164853970241495,16.46987241738192,0.0
210.75,23.60083869788361,-44.77755025348795,28.30169278904391,33.13396147606358,33.13396147606362,0.6164853970241566,16.46987241738192,0.0
210.8,24.393255709563412,-44.35084745340287,29.320469191060504,33.13396147606358,33.13396147606363,0.6164853970241566,16.469872417381804,1.4210854715202004e-13
210.85000000000002,25.177960653871512,-43.910122879118184,30.339245593077102,33.13396147606359,33.13396147606363,0.6164853970241637,16.469872417381918,0.0
210.9,25.954705441849658,-43.455515868229895,31.3580219950937,33.1339614760636,33.13396147606364,0.6164853970241637,16.469872417381808,1.4210854715202004e-13
210.95000000000002,26.723244501188567,-42.98717014734577,32.3767983971103,33.1339614760636,33.133961476063654,0.6164853970241637,16.46987241738192,0.0
211.0,27.483334853867017,-42.50523378664537,33.3955747991269,33.1339614760636,33.133961476063654,0.6164853970241637,16.46987241738192,0.0
211.05,28.234736192970747,-42.00985915306678,34.414351201143496,33.133961476063604,33.13396147606365,0.6164853970241637,16.46987241738192,0.0
211.10000000000002,28.977210958666852,-41.50120286213496,35.433127603160095,33.133961476063604,33.133961476063654,0.6164853970241708,16.46987241738192,0.0
211.15,29.710524413309685,-40.97942572844684,36.451904005176694,33.133961476063604,33.133961476063654,0.6164853970241779,16.469872417381804,1.4210854715202004e-13
211.20000000000002,30.434444715654518,-40.44469271482886,37.470680407193285,33.133961476063604,33.13396147606366,0.6164853970241779,16.46987241738181,1.4210854715202004e-13
211.25,31.148742994155462,-39.89717288018304,38.489456809209884,33.13396147606361,33.13396147606366,0.616485397024185,16.46987241738193,0.0
211.3,31.85319341932453,-39.33703932603804,39.50823321122648,33.13396147606362,33.13396147606366,0.616485397024185,16.4698724173818,1.4210854715202004e-13
211.35000000000002,32.54757327512891,-38.76446914182209,40.52700961324308,33.13396147606362,33.13396147606366,0.616485397024185,16.46987241738192,0.0
211.4,33.23166302940393,-38.17964334887521,41.54578601525968,33.13396147606362,33.13396147606367,0.6164853970241921,16.46987241738192,0.0
211.45000000000002,33.90524640325938,-37.58274684321823,42.56456241727628,33.133961476063625,33.13396147606367,0.6164853970241921,16.469872417381804,1.4210854715202004e-13
211.5,34.56811043945736,-36.973968337096885,43.58333881929288,33.13396147606363,33.133961476063675,0.6164853970241992,16.46987241738192,0.0
211.55,35.22004556973987,-36.353500299319336,44.602115221309475,33.13396147606363,33.13396147606368,0.6164853970241992,16.469872417381804,1.4210854715202004e-13
211.60000000000002,35.86084568108509,-35.721538894406066,45.620891623326074,33.13396147606364,33.133961476063675,0.6164853970242063,16.46987241738192,0.0
211.65,36.49030818087113,-35.078283920571344,46.63966802534267,33.13396147606364,33.13396147606369,0.6164853970242063,16.469872417381804,1.4210854715202004e-13
211.70000000000002,37.10823406092688,-34.42393874655588,47.65844442735927,33.13396147606365,33.13396147606369,0.6164853970242135,16.46987241738192,0.0
211.75,37.71442796044956,-33.758710247330626,48.67722082937586,33.13396147606365,33.133961476063696,0.6164853970242135,16.469872417381804,1.4210854715202004e-13
211.8,38.30869822776918,-33.08280873869207,49.69599723139246,33.133961476063654,33.133961476063696,0.6164853970242206,16.46987241738192,0.0
211.85000000000002,38.89085698094028,-32.39644791076971,50.71477363340906,33.13396147606366,33.1339614760637,0.6164853970242206,16.469872417381804,1.4210854715202004e-13
211.9,39.460720167141915,-31.699844760466668,51.73355003542566,33.13396147606366,33.1339614760637,0.6164853970242277,16.469872417381918,0.0
211.95000000000002,40.01810762086699,-30.993219522854908,52.75232643744226,33.13396147606366,33.1339614760637,0.6164853970242348,16.469872417381804,1.4210854715202004e-13
212.0,40.56284312088262,-30.27679560154663,53.771102839458855,33.13396147606366,33.13396147606372,0.6164853970242348,16.4698724173818,1.4210854715202004e-13
212.05,41.09475444594347,-29.550799498063967,54.789879241475454,33.13396147606366,33.13396147606372,0.6164853970242419,16.469872417381918,0.0
212.10000000000002,41.613673429240514,-28.81546074022921,55.80865564349205,33.13396147606367,33.13396147606372,0.616485397024249,16.469872417381804,1.4210854715202004e-13
212.15,42.1194360115679,-28.071011809598282,56.82743204550865,33.133961476063675,33.13396147606372,0.616485397024249,16.4698724173818,1.4210854715202004e-13
212.20000000000002,42.611882293191236,-27.31768806796037,57.84620844752525,33.13396147606368,33.13396147606372,0.616485397024249,16.469872417381914,0.0
212.25,43.0908565844008,-26.555727682926936,58.86498484954185,33.13396147606368,33.13396147606372,0.6164853970242561,16.469872417381914,0.0
212.3,43.5562074547337,-25.785371552633677,59.88376125155844,33.13396147606368,33.13396147606372,0.6164853970242561,16.469872417381808,1.4210854715202004e-13
212.35000000000002,44.00778778084955,-25.00686322957919,60.90253765357504,33.13396147606368,33.13396147606372,0.6164853970242632,16.469872417381925,0.0
212.4,44.44545479304426,-24.22044884362446,61.92131405559164,33.13396147606368,33.133961476063725,0.6164853970242632,16.4698724173818,1.4210854715202004e-13
212.45000000000002,44.8690701203876,-23.426377024177505,62.940090457608235,33.13396147606368,33.133961476063725,0.6164853970242632,16.469872417381918,0.0
212.5,45.278499834469876,-22.62489882158775,63.958866859624834,33.13396147606368,33.133961476063725,0.6164853970242703,16.469872417381918,0.0
212.55,45.67361449174421,-21.81626762777503,64.97764326164143,33.13396147606368,33.13396147606374,0.6164853970242703,16.469872417381808,1.4210854715202004e-13
212.60000000000002,46.05428917445085,-21.000739096118288,65.99641966365803,33.13396147606369,33.13396147606374,0.6164853970242774,16.46987241738192,0.0
212.65,46.42040353011062,-20.17857106062929,67.01519606567463,33.133961476063696,33.133961476063746,0.6164853970242845,16.469872417381804,1.4210854715202004e-13
212.70000000000002,46.77184180957506,-19.35002345443694,68.03397246769123,33.1339614760637,33.133961476063746,0.6164853970242916,16.4698724173818,1.4210854715202004e-13
212.75,47.10849290362116,-18.51535822760791,69.05274886970783,33.13396147606371,33.133961476063746,0.6164853970242916,16.469872417381804,1.4210854715202004e-13
212.8,47.43025037807923,-17.674839264329645,70.07152527172443,33.13396147606371,33.133961476063746,0.6164853970242987,16.46987241738192,0.0
212.85000000000002,47.737012507482596,-16.82873229948187,71.09030167374102,33.13396147606371,33.13396147606375,0.6164853970242987,16.469872417381804,1.4210854715202004e-13
212.9,48.02868230722875,-15.977304834622979,72.10907807575762,33.13396147606371,33.13396147606375,0.6164853970243058,16.469872417381918,0.0
212.95000000000002,48.30516756424155,-15.120826053417884,73.12785447777422,33.13396147606371,33.13396147606375,0.6164853970243058,16.469872417381804,1.4210854715202004e-13
213.0,48.56638086612494,-14.259566736534069,74.14663087979082,33.13396147606371,33.13396147606376,0.6164853970243129,16.46987241738192,0.0
213.05,48.81223962879885,-13.393799176032722,75.16540728180742,33.13396147606372,33.13396147606376,0.6164853970243129,16.4698724173818,1.4210854715202004e-13
213.10000000000002,49.04266612260865,-12.523797089282052,76.184183683824,33.13396147606372,33.13396147606376,0.6164853970243129,16.469872417381914,0.0
213.15,49.257587496899816,-11.649835532419969,77.2029600858406,33.13396147606372,33.13396147606375,0.61648539702432,16.469872417381914,0.0
213.20000000000002,49.45693580305008,-10.772190813393516,78.2217364878572,33.13396147606372,33.13396147606377,0.61648539702432,16.469872417381804,1.4210854715202004e-13
213.25,49.64064801595177,-9.89114040460253,79.2405128898738,33.13396147606372,33.13396147606376,0.6164853970243271,16.469872417381918,0.0
213.3,49.808666053937564,-9.006962855175152,80.2592892918904,33.13396147606372,33.133961476063774,0.6164853970243271,16.469872417381794,1.4210854715202004e-13
213.35000000000002,49.960936797143354,-8.11993770290293,81.278065693907,33.133961476063725,33.13396147606376,0.6164853970243342,16.469872417381914,0.0
213.4,50.09741210430238,-7.23034538586335,82.2968420959236,33.133961476063725,33.13396147606377,0.6164853970243342,16.4698724173818,1.4210854715202004e-13
213.45000000000002,50.21804882796536,-6.338467153757721,83.31561849794019,33.133961476063725,33.13396147606377,0.6164853970243414,16.469872417381918,0.0
213.5,50.322808828141824,-5.444584978992485,84.33439489995679,33.133961476063725,33.13396147606377,0.6164853970243485,16.4698724173818,1.4210854715202004e-13
213.55,50.41165898435827,-4.5489814675320215,85.35317130197339,33.133961476063725,33.133961476063774,0.6164853970243556,16.4698724173818,1.4210854715202004e-13
213.60000000000002,50.48457120612941,-3.651939769551155,86.37194770398999,33.13396147606373,33.133961476063774,0.6164853970243556,16.4698724173818,1.4210854715202004e-13
213.65,50.54152244183913,-2.7537434899156086,87.39072410600659,33.13396147606373,33.13396147606377,0.6164853970243627,16.46987241738192,0.0
213.70000000000002,50.58249468602837,-1.8546765985187021,88.40950050802319,33.13396147606373,33.13396147606378,0.6164853970243698,16.469872417381797,1.4210854715202004e-13
213.75,50.60747498508769,-0.9550233405026447,89.42827691003978,33.13396147606373,33.133961476063774,0.6164853970243698,16.4698724173818,1.4210854715202004e-13
213.8,50.61645544135261,-0.05506814639280788,90.44705331205638,33.13396147606373,33.13396147606376,0.6164853970243769,16.46987241738192,0.0
213.85000000000002,50.6094332156005,0.8449044578266129,91.46582971407298,33.13396147606373,33.13396147606378,0.6164853970243769,16.46987241738179,1.4210854715202004e-13
213.9,50.586410527948196,1.7446099406671172,92.48460611608958,33.13396147606373,33.13396147606378,0.616485397024384,16.469872417381907,0.0
213.95000000000002,50.54739465715015,2.643763855092156,93.50338251810618,33.13396147606373,33.133961476063774,0.6164853970243911,16.4698724173818,1.4210854715202004e-13
214.0,50.49239793829716,3.5420819284466916,94.52215892012278,33.13396147606373,33.133961476063774,0.6164853970243982,16.469872417381794,1.4210854715202004e-13
214.05,50.42143775891658,4.439280152331624,95.54093532213938,33.13396147606373,33.13396147606378,0.6164853970243982,16.469872417381797,1.4210854715202004e-13
214.10000000000002,50.33453655347517,5.335074872394669,96.55971172415597,33.13396147606373,33.133961476063774,0.6164853970244053,16.469872417381918,0.0
214.15,50.231721796286266,6.229182878009309,97.57848812617257,33.13396147606373,33.13396147606378,0.6164853970244053,16.4698724173818,1.4210854715202004e-13
214.20000000000002,50.11302599282368,7.121321491813448,98.59726452818916,33.13396147606374,33.13396147606378,0.6164853970244124,16.469872417381914,0.0
214.25,49.97848666944485,8.011208659079482,99.61604093020576,33.133961476063746,33.13396147606378,0.6164853970244195,16.4698724173818,1.4210854715202004e-13
214.3,49.8281463615267,8.898563036887513,100.63481733222235,33.133961476063746,33.13396147606378,0.6164853970244266,16.469872417381794,1.4210854715202004e-13
214.35000000000002,49.66205260001783,9.78310408307352,101.65359373423895,33.133961476063746,33.13396147606377,0.6164853970244337,16.469872417381794,1.4210854715202004e-13
214.4,49.48025789641134,10.664552144924375,102.67237013625555,33.133961476063746,33.13396147606378,0.6164853970244337,16.469872417381797,1.4210854715202004e-13
214.45000000000002,49.28281972614301,11.542628547591645,103.69114653827215,33.133961476063746,33.13396147606377,0.6164853970244408,16.469872417381914,0.0
214.5,49.06980051042012,12.417055682196242,104.70992294028875,33.133961476063746,33.13396147606379,0.6164853970244479,16.46987241738179,1.4210854715202004e-13
214.55,48.841267596486624,13.287557093596055,105.72869934230535,33.133961476063746,33.13396147606378,0.6164853970244479,16.4698724173818,1.4210854715202004e-13
214.60000000000002,48.597293236330934,14.153857567788828,106.74747574432195,33.133961476063746,33.13396147606378,0.6164853970244479,16.469872417381914,0.0
214.65,48.33795456384305,15.015683218922641,107.76625214633854,33.133961476063746,33.133961476063774,0.616485397024455,16.469872417381914,0.0
214.70000000000002,48.06333357042821,15.87276157588649,108.78502854835514,33.133961476063746,33.13396147606379,0.616485397024455,16.469872417381787,1.4210854715202004e-13
214.75,47.7735170790849,16.724821668453586,109.80380495037174,33.133961476063746,33.13396147606378,0.6164853970244621,16.469872417381907,0.0
214.8,47.46859671695517,17.571594112950145,110.82258135238834,33.133961476063746,33.13396147606378,0.6164853970244693,16.46987241738179,1.4210854715202004e-13
214.85000000000002,47.14866888635629,18.412811197422574,111.84135775440494,33.133961476063746,33.13396147606378,0.6164853970244764,16.46987241738179,1.4210854715202004e-13
214.9,46.81383473430254,19.248206966276143,112.86013415642154,33.133961476063746,33.13396147606378,0.6164853970244764,16.469872417381794,1.4210854715202004e-13
214.95000000000002,46.464200120527025,20.077517304358363,113.87891055843814,33.133961476063746,33.133961476063774,0.6164853970244835,16.46987241738191,0.0
215.0,46.09987558401351,20.900480020460503,114.89768696045473,33.133961476063746,33.133961476063774,0.6164853970244906,16.469872417381794,1.4210854715202004e-13
215.05,45.7209763080489,21.716834930210844,115.91646336247133,33.133961476063746,33.13396147606378,0.6164853970244977,16.469872417381787,1.4210854715202004e-13
215.10000000000002,45.32762208380735,22.52632393833346,116.93523976448793,33.133961476063746,33.133961476063774,0.6164853970245048,16.469872417381794,1.4210854715202004e-13
215.15,44.919937272477654,23.328691120246496,117.95401616650453,33.133961476063746,33.13396147606376,0.6164853970245048,16.469872417381794,1.4210854715202004e-13
215.20000000000002,44.498050765945706,24.123682802974226,118.97279256852113,33.133961476063746,33.13396147606377,0.6164853970245119,16.469872417381914,0.0
215.25,44.062095946044586,24.91104764534718,119.99156897053771,33.133961476063746,33.13396147606377,0.6164853970245119,16.469872417381794,1.4210854715202004e-13
215.3,43.612210642385165,25.690536717465108,121.01034537255431,33.133961476063746,33.13396147606377,0.616485397024519,16.469872417381914,0.0
215.35000000000002,43.14853708878045,26.461903579397596,122.02912177457091,33.133961476063746,33.133961476063774,0.6164853970245261,16.469872417381787,1.4210854715202004e-13
215.4,42.67122187827757,27.224904359097454,123.04789817658751,33.133961476063746,33.13396147606377,0.6164853970245332,16.469872417381794,1.4210854715202004e-13
215.45000000000002,42.18041591681154,27.97929782950226,124.06667457860411,33.133961476063746,33.13396147606376,0.6164853970245403,16.46987241738179,1.4210854715202004e-13
215.5,41.676274375495495,28.72484548479968,125.0854509806207,33.133961476063746,33.13396147606376,0.6164853970245474,16.46987241738179,1.4210854715202004e-13
215.55,41.15895664156243,29.461311615832436,126.1042273826373,33.133961476063746,33.13396147606375,0.6164853970245474,16.46987241738179,1.4210854715202004e-13
215.60000000000002,40.62862626797405,30.18846338461912,127.1230037846539,33.133961476063746,33.13396147606374,0.6164853970245545,16.469872417381907,0.0
215.65,40.08545092171252,30.906070897967236,128.1417801866705,33.133961476063746,33.133961476063746,0.6164853970245616,16.469872417381787,1.4210854715202004e-13
215.70000000000002,39.52960233077164,31.613907280155267,129.16055658868711,33.133961476063746,33.13396147606376,0.6164853970245616,16.469872417381794,1.4210854715202004e-13
215.75,38.96125622986402,32.31174874466071,130.1793329907037,33.133961476063746,33.13396147606375,0.6164853970245616,16.46987241738191,0.0
215.8,38.380592304861565,32.9993746649115,131.19810939272028,33.133961476063746,33.133961476063746,0.6164853970245687,16.46987241738191,0.0
215.85000000000002,37.787794135986736,33.676567644038315,132.2168857947369,33.133961476063746,33.13396147606374,0.6164853970245758,16.469872417381787,1.4210854715202004e-13
215.9,37.18304913977264,34.343113583605884,133.23566219675348,33.133961476063746,33.13396147606373,0.6164853970245758,16.469872417381787,1.4210854715202004e-13
215.95000000000002,36.56654850981021,34.998801751301414,134.2544385987701,33.133961476063746,33.133961476063725,0.6164853970245758,16.469872417381907,0.0
216.0,35.93848715630124,35.64342484755882,135.27321500078668,33.133961476063746,33.133961476063725,0.6164853970245829,16.469872417381907,0.0
216.05,35.29906364443644,36.27677907109766,136.2919914028033,33.133961476063746,33.133961476063725,0.6164853970245829,16.469872417381787,1.4210854715202004e-13
216.10000000000002,34.64848013161788,36.898664183356075,137.31076780481987,33.133961476063746,33.13396147606372,0.61648539702459,16.4698724173819,0.0
216.15,33.98694230354581,37.50888357179739,138.3295442068365,33.133961476063746,33.13396147606372,0.6164853970245971,16.46987241738179,1.4210854715202004e-13
216.20000000000002,33.31465930918992,38.10724431207024,139.34832060885307,33.133961476063746,33.13396147606372,0.6164853970245971,16.469872417381787,1.4210854715202004e-13
216.25,32.6318436946657,38.69355722900276,140.36709701086968,33.133961476063746,33.13396147606372,0.6164853970246043,16.469872417381904,0.0
216.3,31.938711336036775,39.26763695641134,141.38587341288627,33.133961476063746,33.13396147606372,0.6164853970246114,16.46987241738179,1.4210854715202004e-13
216.35000000000002,31.235481371064463,39.82930199570526,142.40464981490288,33.133961476063746,33.133961476063725,0.6164853970246114,16.469872417381787,1.4210854715202004e-13
216.4,30.522376129926094,40.378374773268476,143.42342621691947,33.133961476063746,33.13396147606371,0.6164853970246185,16.469872417381907,0.0
216.45000000000002,29.799621064924068,40.91468169660055,144.44220261893608,33.133961476063746,33.13396147606372,0.6164853970246185,16.46987241738179,1.4210854715202004e-13
216.5,29.067444679207817,41.438053209198905,145.46097902095266,33.133961476063746,33.13396147606371,0.6164853970246185,16.469872417381907,0.0
216.55,28.326078454531228,41.94832384416508,146.47975542296928,33.133961476063746,33.133961476063696,0.6164853970246256,16.469872417381907,0.0
216.60000000000002,27.575756778068357,42.445332276518045,147.49853182498586,33.13396147606374,33.1339614760637,0.6164853970246256,16.469872417381787,1.4210854715202004e-13
216.65,26.816716868310586,42.928921374198005,148.51730822700247,33.13396147606374,33.13396147606372,0.6164853970246327,16.469872417381907,0.0
216.70000000000002,26.04919870006864,43.39893824774462,149.53608462901906,33.13396147606374,33.1339614760637,0.6164853970246398,16.469872417381787,1.4210854715202004e-13
216.75,25.273444928603176,43.85523429863385,150.55486103103567,33.13396147606374,33.1339614760637,0.6164853970246398,16.469872417381787,1.4210854715202004e-13
216.8,24.489700812907937,44.29766526625828,151.57363743305226,33.13396147606374,33.13396147606369,0.6164853970246398,16.469872417381904,0.0
216.85000000000002,23.69821413816971,44.72609127353588,152.59241383506887,33.13396147606373,33.13396147606368,0.6164853970246469,16.469872417381904,0.0
216.9,22.899235137429635,45.14037687113298,153.61119023708545,33.133961476063725,33.13396147606369,0.6164853970246469,16.46987241738178,1.4210854715202004e-13
216.95000000000002,22.09301641247058,45.54039108028734,154.62996663910204,33.133961476063725,33.13396147606368,0.6164853970246469,16.4698724173819,0.0
217.0,21.27981285395565,45.92600743421785,155.64874304111865,33.13396147606372,33.133961476063675,0.6164853970246469,16.4698724173819,0.0
217.05,20.45988156084306,46.297104018107696,156.66751944313523,33.13396147606372,33.13396147606369,0.6164853970246469,16.4698724173819,0.0
217.10000000000002,19.633481759102796,46.65356350764846,157.68629584515185,33.13396147606372,33.13396147606367,0.616485397024654,16.4698724173819,0.0
217.15,18.800874719760877,46.995273206132836,158.70507224716843,33.13396147606372,33.13396147606367,0.6164853970246611,16.469872417381787,1.4210854715202004e-13
217.20000000000002,17.962323676296997,47.32212508008438,159.72384864918504,33.13396147606371,33.133961476063675,0.6164853970246611,16.469872417381783,1.4210854715202004e-13
217.25,17.118093741421767,47.634015793412885,160.74262505120163,33.13396147606371,33.13396147606366,0.6164853970246682,16.4698724173819,0.0
217.3,16.26845182325981,47.930846740084675,161.76140145321824,33.13396147606371,33.13396147606366,0.6164853970246682,16.469872417381783,1.4210854715202004e-13
217.35000000000002,15.41366654096524,48.21252407529749,162.78017785523483,33.1339614760637,33.13396147606366,0.6164853970246682,16.4698724173819,0.0
217.4,14.554008139796165,48.478958745150024,163.79895425725144,33.133961476063696,33.13396147606366,0.6164853970246611,16.4698724173819,0.0
217.45000000000002,13.689748405675115,48.73006651479687,164.81773065926802,33.133961476063696,33.13396147606363,0.6164853970246682,16.469872417382547,-1.4210854715202004e-13
217.5,12.821160579262358,48.965767995079794,165.83650706128464,33.13396147606369,33.13396147606365,0.6164853970246682,16.469872417381783,1.4210854715202004e-13
217.55,11.948519269569305,49.185988667627115,166.85528346330122,33.13396147606368,33.13396147606364,0.6164853970246753,16.4698724173819,0.0
217.60000000000002,11.072100367139303,49.390658908413094,167.87405986531783,33.13396147606368,33.13396147606364,0.6164853970246753,16.469872417381783,1.4210854715202004e-13
217.65,10.192180956823258,49.57971400976998,168.89283626733442,33.13396147606368,33.13396147606363,0.6164853970246753,16.469872417381907,0.0
217.70000000000002,9.309039230177671,49.753094200845695,169.91161266935103,33.133961476063675,33.13396147606364,0.6164853970246753,16.469872417381907,0.0
217.75,8.422954397512791,49.91074466650074,170.9303890713676,33.133961476063675,33.133961476063625,0.6164853970246753,16.469872417381907,0.0
217.8,7.5342065996186784,50.05261556463832,171.94916547338423,33.13396147606367,33.13396147606363,0.6164853970246753,16.469872417381907,0.0
217.85000000000002,6.643076819197083,50.178662041962205,172.9679418754008,33.13396147606367,33.13396147606362,0.6164853970246753,16.469872417381907,0.0
217.9,5.7498467920271645,50.28884424815734,173.98671827741742,33.13396147606366,33.13396147606361,0.6164853970246824,16.469872417381907,0.0
217.95000000000002,4.854798917893108,50.38312734848876,175.005494679434,33.13396147606366,33.13396147606361,0.6164853970246753,16.469872417381783,1.4210854715202004e-13
218.0,3.9582161713018182,50.46148153481482,176.0242710814506,33.13396147606366,33.1339614760636,0.6164853970246753,16.469872417382547,-1.4210854715202004e-13
218.05,3.06038201201891,50.52388203501116,177.0430474834672,33.133961476063654,33.1339614760636,0.6164853970246824,16.469872417381907,0.0
218.10000000000002,2.1615802954512815,50.57030912080259,178.0618238854838,33.13396147606365,33.13396147606361,0.6164853970246824,16.469872417381783,1.4210854715202004e-13
218.15,1.2620951829046025,50.60074811400027,179.0806002875004,33.13396147606365,33.1339614760636,0.6164853970246824,16.4698724173819,0.0
218.20000000000002,0.3622110517440924,50.61518939114233,-179.900623310483,33.13396147606364,33.133961476063575,0.6164853970246824,16.4698724173819,0.0
218.25,-0.537787594513012,50.61362838653638,-178.8818469084664,33.13396147606363,33.13396147606357,0.6164853970246824,16.4698724173819,0.0
218.3,-1.4376162161448702,50.59606559370294,-177.86307050644982,33.133961476063625,33.13396147606357,0.6164853970246824,16.4698724173819,0.0
218.35000000000002,-2.3369903271839005,50.56250656521947,-176.8442941044332,33.13396147606362,33.13396147606357,0.6164853970246895,16.4698724173819,0.0
218.4,-3.2356255853586453,50.512961910964854,-175.82551770241662,33.13396147606361,33.13396147606356,0.6164853970246895,16.469872417381783,1.4210854715202004e-13
218.45000000000002,-4.133237881990208,50.44744729476502,-174.8067413004,33.133961476063604,33.13396147606356,0.6164853970246895,16.4698724173819,0.0
218.5,-5.029543431814838,50.36598342944077,-173.78796489838342,33.133961476063604,33.133961476063554,0.6164853970246895,16.4698724173819,0.0
218.55,-5.924258862704264,50.26859607025925,-172.7691884963668,33.1339614760636,33.13396147606355,0.6164853970246895,16.4698724173819,0.0
218.60000000000002,-6.817101305255414,50.15531600679133,-171.75041209435022,33.1339614760636,33.13396147606355,0.6164853970246895,16.4698724173819,0.0
218.65,-7.707788482221199,50.026179053177266,-170.7316356923336,33.1339614760636,33.13396147606354,0.6164853970246895,16.4698724173819,0.0
218.70000000000002,-8.596038797754074,49.88122603680387,-169.71285929031703,33.13396147606359,33.13396147606354,0.6164853970246824,16.4698724173819,0.0
218.75,-9.481571426434185,49.72050278539669,-168.69408288830041,33.13396147606358,33.13396147606351,0.6164853970246824,16.469872417382547,-1.4210854715202004e-13
218.8,-10.36410640205392,49.544060112531334,-167.67530648628383,33.133961476063575,33.133961476063526,0.6164853970246895,16.4698724173819,0.0
218.85000000000002,-11.243364706130842,49.35195380156843,-166.65653008426722,33.13396147606357,33.133961476063526,0.6164853970246824,16.469872417381783,1.4210854715202004e-13
218.9,-12.119068356120966,49.14424458801743,-165.63775368225063,33.13396147606357,33.13396147606351,0.6164853970246824,16.469872417382547,-1.4210854715202004e-13
218.95000000000002,-12.990940493304539,48.92099814033472,-164.61897728023402,33.13396147606356,33.13396147606353,0.6164853970246753,16.4698724173819,0.0
219.0,-13.858705470316506,48.68228503916216,-163.60020087821744,33.13396147606356,33.1339614760635,0.6164853970246753,16.469872417382547,-1.4210854715202004e-13
219.05,-14.722088938294,48.42818075501261,-162.58142447620082,33.133961476063554,33.13396147606351,0.6164853970246753,16.469872417381907,0.0
219.10000000000002,-15.580817933613309,48.158765624409504,-161.56264807418424,33.133961476063554,33.1339614760635,0.6164853970246824,16.469872417381907,0.0
219.15,-16.43462096418888,47.87412482448798,-160.54387167216765,33.13396147606355,33.13396147606349,0.6164853970246824,16.469872417381783,1.4210854715202004e-13
219.20000000000002,-17.28322809530711,47.574348346065655,-159.52509527015104,33.13396147606354,33.13396147606349,0.6164853970246824,16.4698724173819,0.0
219.25,-18.126371034967725,47.259530965191516,-158.50631886813446,33.13396147606354,33.13396147606349,0.6164853970246824,16.4698724173819,0.0
219.3,-18.963783218705863,46.92977221318193,-157.48754246611784,33.13396147606353,33.13396147606348,0.6164853970246824,16.4698724173819,0.0
219.35000000000002,-19.79519989386793,46.58517634515322,-156.46876606410126,33.13396147606353,33.133961476063476,0.6164853970246753,16.4698724173819,0.0
219.4,-20.620358203314677,46.225852307060876,-155.44998966208465,33.133961476063526,33.13396147606346,0.6164853970246753,16.469872417382547,-1.4210854715202004e-13
219.45000000000002,-21.438997268524982,45.85191370125559,-154.43121326006806,33.13396147606352,33.133961476063476,0.6164853970246682,16.469872417381907,0.0
219.5,-22.250858272074097,45.46347875056729,-153.41243685805145,33.13396147606352,33.133961476063455,0.6164853970246682,16.469872417382547,-1.4210854715202004e-13
219.55,-23.055684539460252,45.06067026092827,-152.39366045603487,33.13396147606351,33.13396147606347,0.6164853970246682,16.4698724173819,0.0
219.60000000000002,-23.853221620253766,44.64361558254741,-151.37488405401825,33.133961476063504,33.13396147606346,0.6164853970246682,16.4698724173819,0.0
219.65,-24.64321736854301,44.21244656964769,-150.35610765200167,33.133961476063504,33.13396147606346,0.6164853970246682,16.4698724173819,0.0
219.70000000000002,-25.425422022651773,43.767299538779696,-149.33733124998506,33.133961476063504,33.133961476063455,0.6164853970246682,16.4698724173819,0.0
219.75,-26.19958828410286,43.30831522572439,-148.31855484796847,33.1339614760635,33.13396147606345,0.6164853970246611,16.4698724173819,0.0
219.8,-26.9654713958029,42.835638740998675,-147.29977844595186,33.13396147606349,33.13396147606343,0.6164853970246611,16.469872417382547,-1.4210854715202004e-13
219.85000000000002,-27.72282921942372,42.34941952397786,-146.28100204393527,33.13396147606348,33.13396147606345,0.6164853970246611,16.4698724173819,0.0
219.9,-28.471422311955752,41.84981129564957,-145.26222564191866,33.13396147606348,33.13396147606344,0.6164853970246611,16.4698724173819,0.0
219.95000000000002,-29.211014001409314,41.33697201001398,-144.24344923990208,33.133961476063476,33.13396147606343,0.616485397024654,16.4698724173819,0.0
220.0,-29.941370461639814,40.81106380414572,-143.22467283788546,33.133961476063476,33.13396147606342,0.616485397024654,16.46987241738255,-1.4210854715202004e-13
220.05,-30.662260786273222,40.27225294693334,-142.20589643586888,33.133961476063476,33.13396147606342,0.616485397024654,16.4698724173819,0.0
220.10000000000002,-31.373457061708447,39.72070978651245,-141.18712003385227,33.13396147606347,33.13396147606342,0.6164853970246469,16.4698724173819,0.0
220.15,-32.07473443917351,39.156608696409165,-140.16834363183568,33.13396147606347,33.1339614760634,0.6164853970246469,16.469872417382543,-1.4210854715202004e-13
220.20000000000002,-32.7658712058128,38.580128020410925,-139.14956722981907,33.13396147606346,33.13396147606342,0.6164853970246398,16.4698724173819,0.0
220.25,-33.44664885478283,37.99145001618209,-138.13079082780249,33.133961476063455,33.133961476063384,0.6164853970246327,16.46987241738255,-1.4210854715202004e-13
220.3,-34.116852154334445,37.390760797642145,-137.1120144257859,33.13396147606345,33.1339614760634,0.6164853970246256,16.46987241738255,-1.4210854715202004e-13
220.35000000000002,-34.77626921585956,36.77825027612469,-136.0932380237693,33.13396147606344,33.13396147606339,0.6164853970246185,16.46987241738255,-1.4210854715202004e-13
220.4,-35.42469156088096,36.15411210033591,-135.0744616217527,33.13396147606343,33.133961476063384,0.6164853970246114,16.46987241738255,-1.4210854715202004e-13
220.45000000000002,-36.06191418696398,35.518543595131426,-134.0556852197361,33.133961476063426,33.133961476063384,0.6164853970246114,16.46987241738255,-1.4210854715202004e-13
220.5,-36.68773563252917,34.871745699130905,-133.0369088177195,33.133961476063426,33.13396147606339,0.6164853970246043,16.469872417381907,0.0
220.55,-37.301958040545536,34.21392290119017,-132.0181324157029,33.133961476063426,33.13396147606338,0.6164853970246043,16.469872417382554,-1.4210854715202004e-13
220.60000000000002,-37.90438722108418,33.54528317575088,-130.9993560136863,33.13396147606342,33.133961476063384,0.6164853970246043,16.469872417381907,0.0
220.65,-38.49483271271256,32.86603791708821,-129.9805796116697,33.13396147606342,33.133961476063384,0.6164853970245971,16.469872417381907,0.0
220.70000000000002,-39.07310784270994,32.17640187247734,-128.9618032096531,33.13396147606342,33.13396147606336,0.6164853970245971,16.469872417382547,-1.4210854715202004e-13
220.75,-39.639029786085054,31.47659307429992,-127.9430268076365,33.13396147606342,33.13396147606337,0.61648539702459,16.469872417381904,0.0
220.8,-40.19241962337729,30.76683277111181,-126.92425040561992,33.13396147606342,33.13396147606336,0.61648539702459,16.469872417382547,-1.4210854715202004e-13
220.85000000000002,-40.733102397223064,30.047345357694148,-125.90547400360332,33.13396147606341,33.13396147606336,0.61648539702459,16.469872417381907,0.0
220.9,-41.260907167669615,29.318358304109612,-124.88669760158672,33.133961476063405,33.13396147606336,0.6164853970245829,16.469872417381907,0.0
220.95000000000002,-41.77566706621865,28.58010208378649,-123.86792119957012,33.133961476063405,33.13396147606335,0.6164853970245829,16.46987241738255,-1.4210854715202004e-13
221.0,-42.27721934858277,27.832810100653163,-122.84914479755352,33.1339614760634,33.133961476063355,0.6164853970245758,16.4698724173819,0.0
221.05,-42.765405446138004,27.07671861534613,-121.83036839553692,33.13396147606339,33.13396147606334,0.6164853970245758,16.469872417382554,-1.4210854715202004e-13
221.10000000000002,-43.240071016056184,26.31206667051486,-120.81159199352032,33.133961476063384,33.133961476063355,0.6164853970245616,16.469872417381907,0.0
221.15,-43.701065990101334,25.539096015247072,-119.79281559150373,33.133961476063384,33.13396147606331,0.6164853970245616,16.469872417383197,-2.8421709430404007e-13
221.20000000000002,-44.14824462207458,24.758051028638402,-118.77403918948713,33.13396147606338,33.133961476063355,0.6164853970245545,16.46987241738191,0.0
221.25,-44.58146553389265,23.969178642530533,-117.75526278747053,33.13396147606338,33.133961476063334,0.6164853970245545,16.469872417382557,-1.4210854715202004e-13
221.3,-45.00059176028535,23.172728263442288,-116.73648638545393,33.13396147606338,33.13396147606334,0.6164853970245474,16.469872417381904,0.0
221.35000000000002,-45.40549079209798,22.368951693718337,-115.71770998343733,33.13396147606338,33.13396147606332,0.6164853970245403,16.46987241738255,-1.4210854715202004e-13
221.4,-45.79603461818476,21.558103051920437,-114.69893358142073,33.13396147606337,33.13396147606333,0.6164853970245403,16.469872417382554,-1.4210854715202004e-13
221.45000000000002,-46.17209976588038,20.7404386924864,-113.68015717940413,33.13396147606336,33.133961476063334,0.6164853970245403,16.469872417381907,0.0
221.5,-46.533567340036534,19.916217124682166,-112.66138077738754,33.13396147606336,33.133961476063334,0.6164853970245332,16.469872417381907,0.0
221.55,-46.88032306061132,19.085698930872624,-111.64260437537094,33.13396147606336,33.13396147606331,0.6164853970245332,16.46987241738255,-1.4210854715202004e-13
221.60000000000002,-47.21225729879952,18.249146684137003,-110.62382797335434,33.133961476063355,33.13396147606333,0.6164853970245261,16.469872417381907,0.0
221.65,-47.5292651116924,17.40682486525489,-109.60505157133774,33.133961476063355,33.13396147606331,0.616485397024519,16.469872417382557,-1.4210854715202004e-13
221.70000000000002,-47.83124627545599,16.558999779089124,-108.58627516932114,33.133961476063355,33.13396147606331,0.616485397024519,16.469872417382547,-1.4210854715202004e-13
221.75,-48.11810531701741,15.70593947039198,-107.56749876730454,33.133961476063355,33.133961476063334,0.6164853970245119,16.469872417381907,0.0
221.8,-48.38975154424925,14.8479136390613,-106.54872236528794,33.133961476063355,33.133961476063305,0.6164853970245119,16.469872417382557,-1.4210854715202004e-13
221.85000000000002,-48.64609907464241,13.985193554873312,-105.52994596327136,33.133961476063355,33.13396147606332,0.6164853970245048,16.469872417381914,0.0
221.9,-48.88706686245831,13.118051971719149,-104.51116956125476,33.133961476063355,33.133961476063305,0.6164853970244977,16.469872417382557,-1.4210854715202004e-13
221.95000000000002,-49.112578724352026,12.246763041372143,-103.49239315923816,33.133961476063355,33.13396147606329,0.6164853970244977,16.469872417382557,-1.4210854715202004e-13
222.0,-49.322563363458016,11.371602226813168,-102.47361675722156,33.13396147606335,33.133961476063305,0.6164853970244906,16.46987241738191,0.0
222.05,-49.516954391931094,10.492846215141455,-101.45484035520496,33.13396147606335,33.13396147606329,0.6164853970244764,16.469872417382557,-1.4210854715202004e-13
222.10000000000002,-49.6956903519353,9.610772830098364,-100.43606395318837,33.13396147606334,33.13396147606329,0.6164853970244764,16.469872417383197,-2.8421709430404007e-13
222.15,-49.85871473507414,8.725660944231835,-99.41728755117177,33.133961476063334,33.133961476063305,0.6164853970244764,16.46987241738191,0.0
222.20000000000002,-50.00597600025605,7.8377903907292295,-98.39851114915517,33.133961476063334,33.13396147606331,0.6164853970244693,16.46987241738191,0.0
222.25,-50.13742758998941,6.947441874946464,-97.37973474713857,33.133961476063334,33.13396147606329,0.6164853970244621,16.469872417382557,-1.4210854715202004e-13
222.3,-50.253027945101955,6.054896885661412,-96.36095834512197,33.133961476063334,33.13396147606329,0.6164853970244621,16.469872417382554,-1.4210854715202004e-13
222.35000000000002,-50.35274051787995,5.160437606079611,-95.34218194310537,33.13396147606333,33.1339614760633,0.616485397024455,16.46987241738191,0.0
222.4,-50.43653378362295,4.264346824620432,-94.32340554108877,33.13396147606333,33.13396147606329,0.6164853970244479,16.469872417382557,-1.4210854715202004e-13
222.45000000000002,-50.50438125061052,3.3669078455118964,-93.30462913907218,33.13396147606333,33.133961476063284,0.6164853970244479,16.46987241738256,-1.4210854715202004e-13
222.5,-50.55626146847775,2.4684043992224294,-92.28585273705558,33.13396147606333,33.133961476063305,0.6164853970244408,16.469872417381914,0.0
222.55,-50.5921580349969,1.569120552757846,-91.26707633503898,33.13396147606333,33.13396147606329,0.6164853970244408,16.46987241738255,-1.4210854715202004e-13
222.60000000000002,-50.612059601263056,0.6693406198519416,-90.24829993302238,33.13396147606333,33.13396147606329,0.6164853970244337,16.469872417381907,0.0
222.65,-50.61595987528217,-0.23065092892092098,-89.22952353100578,33.13396147606333,33.13396147606329,0.6164853970244266,16.46987241738256,-1.4210854715202004e-13
222.70000000000002,-50.6038576239603,-1.1305695560828117,-88.21074712898918,33.13396147606333,33.133961476063284,0.6164853970244195,16.46987241738256,-1.4210854715202004e-13
222.75,-50.575756673493444,-2.0301307472103858,-87.19197072697258,33.13396147606333,33.13396147606329,0.6164853970244124,16.46987241738256,-1.4210854715202004e-13
222.8,-50.53166590815789,-2.929050100885745,-86.17319432495599,33.13396147606333,33.13396147606329,0.6164853970244053,16.46987241738256,-1.4210854715202004e-13
222.85000000000002,-50.47159926750139,-3.8270434186115745,-85.15441792293939,33.13396147606333,33.13396147606329,0.6164853970244053,16.469872417382557,-1.4210854715202004e-13
222.9,-50.395575741936085,-4.7238267946621235,-84.13564152092279,33.13396147606333,33.13396147606329,0.6164853970244053,16.469872417381914,0.0
222.95000000000002,-50.303619366734594,-5.619116705841627,-83.1168651189062,33.13396147606333,33.1339614760633,0.6164853970243982,16.469872417381914,0.0
223.0,-50.19575921443111,-6.512630101121782,-82.0980887168896,33.13396147606333,33.13396147606329,0.6164853970243911,16.469872417382565,-1.4210854715202004e-13
223.05,-50.072029385629975,-7.404084491129954,-81.07931231487301,33.13396147606333,33.13396147606329,0.616485397024384,16.469872417382557,-1.4210854715202004e-13
223.10000000000002,-49.93246899822454,-8.293198037459806,-80.06053591285641,33.13396147606333,33.13396147606329,0.6164853970243769,16.469872417382565,-1.4210854715202004e-13
223.15,-49.77712217502987,-9.179689641776125,-79.04175951083981,33.13396147606333,33.13396147606328,0.6164853970243769,16.469872417382557,-1.4210854715202004e-13
223.20000000000002,-49.606038029832995,-10.063279034685669,-78.02298310882321,33.13396147606332,33.1339614760633,0.6164853970243698,16.469872417381907,0.0
223.25,-49.41927065186538,-10.943686864345937,-77.00420670680661,33.13396147606332,33.13396147606329,0.6164853970243627,16.469872417382568,-1.4210854715202004e-13
223.3,-49.216879088702264,-11.820634784783856,-75.98543030479001,33.13396147606332,33.13396147606328,0.6164853970243627,16.469872417382557,-1.4210854715202004e-13
223.35000000000002,-48.99892732759443,-12.69384554389645,-74.96665390277342,33.13396147606331,33.1339614760633,0.6164853970243556,16.469872417381914,0.0
223.4,-48.76548427523828,-13.56304307110568,-73.94787750075682,33.13396147606331,33.133961476063284,0.6164853970243556,16.469872417382568,-1.4210854715202004e-13
223.45000000000002,-48.51662373599058,-14.42795256463974,-72.92910109874022,33.13396147606331,33.13396147606329,0.6164853970243485,16.46987241738192,0.0
223.5,-48.252424388534806,-15.288300578413205,-71.91032469672362,33.13396147606331,33.13396147606328,0.6164853970243414,16.46987241738256,-1.4210854715202004e-13
223.55,-47.97296976100642,-16.143815108478574,-70.89154829470702,33.13396147606331,33.133961476063284,0.6164853970243271,16.46987241738256,-1.4210854715202004e-13
223.60000000000002,-47.67834820458496,-16.994225679021884,-69.87277189269042,33.13396147606331,33.13396147606327,0.61648539702432,16.469872417383204,-2.8421709430404007e-13
223.65,-47.36865286556132,-17.839263427875174,-68.85399549067382,33.13396147606331,33.13396147606329,0.6164853970243129,16.46987241738257,-1.4210854715202004e-13
223.70000000000002,-47.043981655889034,-18.67866119151881,-67.83521908865723,33.13396147606331,33.13396147606329,0.6164853970243058,16.469872417382557,-1.4210854715202004e-13
223.75,-46.70443722222881,-19.512153589546745,-66.81644268664063,33.13396147606331,33.13396147606329,0.6164853970242987,16.469872417382568,-1.4210854715202004e-13
223.8,-46.35012691349625,-20.339477108568072,-65.79766628462403,33.13396147606331,33.13396147606329,0.6164853970242987,16.469872417382568,-1.4210854715202004e-13
223.85000000000002,-45.98116274692281,-21.160370185518275,-64.77888988260743,33.13396147606331,33.133961476063305,0.6164853970242845,16.469872417381918,0.0
223.9,-45.59766137264101,-21.974573290353895,-63.76011348059084,33.13396147606331,33.13396147606326,0.6164853970242845,16.469872417383215,-2.8421709430404007e-13
223.95000000000002,-45.19974403680471,-22.781829008104438,-62.74133707857424,33.133961476063305,33.133961476063305,0.6164853970242774,16.469872417381918,0.0
224.0,-44.78753654325655,-23.581882120255592,-61.72256067655764,33.133961476063305,33.13396147606329,0.6164853970242703,16.469872417382568,-1.4210854715202004e-13
224.05,-44.36116921375428,-24.37447968543801,-60.70378427454104,33.133961476063305,33.133961476063284,0.6164853970242703,16.469872417382568,-1.4210854715202004e-13
224.10000000000002,-43.92077684676881,-25.159371119396194,-59.685007872524444,33.133961476063305,33.13396147606331,0.6164853970242632,16.46987241738192,0.0
224.15,-43.4664986748669,-25.936308274212116,-58.666231470507846,33.133961476063305,33.13396147606329,0.6164853970242561,16.469872417382568,-1.4210854715202004e-13
224.20000000000002,-42.998478320691994,-26.70504551675862,-57.64745506849125,33.133961476063305,33.133961476063305,0.616485397024249,16.469872417382575,-1.4210854715202004e-13
224.25,-42.5168637515571,-27.46533980635773,-56.62867866647465,33.133961476063305,33.133961476063305,0.616485397024249,16.46987241738256,-1.4210854715202004e-13
224.3,-42.02180723266407,-28.216950771619352,-55.60990226445806,33.133961476063305,33.13396147606331,0.6164853970242419,16.469872417381914,0.0
224.35000000000002,-41.51346527896407,-28.95964078643608,-54.59112586244146,33.133961476063305,33.133961476063305,0.6164853970242348,16.46987241738257,-1.4210854715202004e-13
224.4,-40.991998605674524,-29.693175045110024,-53.57234946042486,33.133961476063305,33.1339614760633,0.6164853970242277,16.469872417382565,-1.4210854715202004e-13
224.45000000000002,-40.45757207746804,-30.417321636588,-52.55357305840826,33.133961476063305,33.13396147606331,0.6164853970242206,16.469872417382568,-1.4210854715202004e-13
224.5,-39.910354656349526,-31.131851617781514,-51.53479665639166,33.133961476063305,33.13396147606332,0.6164853970242135,16.469872417382568,-1.4210854715202004e-13
224.55,-39.35051934823786,-31.836539085948445,-50.516020254375064,33.133961476063305,33.13396147606332,0.6164853970242135,16.469872417382568,-1.4210854715202004e-13
224.60000000000002,-38.778243148269105,-32.531161250113485,-49.497243852358466,33.133961476063305,33.133961476063334,0.6164853970242063,16.46987241738192,0.0
224.65,-38.193706984838464,-33.215498501504776,-48.47846745034187,33.133961476063305,33.13396147606331,0.6164853970242063,16.469872417382568,-1.4210854715202004e-13
224.70000000000002,-37.59709566239874,-33.88933448298449,-47.45969104832527,33.133961476063305,33.13396147606334,0.6164853970241992,16.46987241738192,0.0
224.75,-36.988597803033365,-34.55245615745137,-46.44091464630867,33.133961476063305,33.133961476063334,0.6164853970241921,16.469872417382568,-1.4210854715202004e-13
224.8,-36.368405786822414,-35.204653875193614,-45.42213824429207,33.133961476063305,33.13396147606334,0.616485397024185,16.469872417382568,-1.4210854715202004e-13
224.85000000000002,-35.736715691020585,-35.84572144017087,-44.40336184227548,33.133961476063305,33.13396147606334,0.616485397024185,16.46987241738256,-1.4210854715202004e-13
224.9,-35.09372722806621,-36.47545617520426,-43.38458544025888,33.133961476063305,33.133961476063355,0.6164853970241779,16.46987241738192,0.0
224.95000000000002,-34.43964368244106,-37.093658986053924,-42.36580903824228,33.13396147606331,33.13396147606334,0.6164853970241708,16.469872417382575,-1.4210854715202004e-13
225.0,-33.77467184640077,-37.700134424363846,-41.347032636225684,33.13396147606331,33.13396147606334,0.6164853970241637,16.469872417382568,-1.4210854715202004e-13
225.05,-33.09902195459631,-38.29469074945392,-40.328256234209086,33.13396147606331,33.13396147606334,0.6164853970241637,16.46987241738257,-1.4210854715202004e-13
225.10000000000002,-32.41290761760706,-38.8771399889399,-39.30947983219249,33.13396147606331,33.133961476063355,0.6164853970241566,16.46987241738192,0.0
225.15,-31.71654575440663,-39.44729799816193,-38.29070343017589,33.13396147606331,33.13396147606335,0.6164853970241566,16.46987241738257,-1.4210854715202004e-13
225.20000000000002,-31.010156523782683,-40.00498451840292,-37.27192702815929,33.13396147606331,33.13396147606336,0.6164853970241495,16.469872417381918,0.0
225.25,-30.293963254732464,-40.5500232338784,-36.25315062614269,33.13396147606332,33.133961476063355,0.6164853970241495,16.46987241738257,-1.4210854715202004e-13
225.3,-29.568192375856068,-41.082241827479734,-35.23437422412609,33.13396147606332,33.13396147606337,0.6164853970241424,16.46987241738192,0.0
225.35000000000002,-28.83307334376974,-41.60147203525319,-34.215597822109494,33.13396147606333,33.13396147606336,0.6164853970241424,16.46987241738257,-1.4210854715202004e-13
225.4,-28.088838570561855,-42.10754969959751,-33.1968214200929,33.13396147606333,33.13396147606338,0.6164853970241424,16.469872417381925,0.0
225.45000000000002,-27.3357233503145,-42.60031482116333,-32.178045018076304,33.133961476063334,33.13396147606338,0.6164853970241353,16.469872417381925,0.0
225.5,-26.57396578471391,-43.07961160943784,-31.159268616059705,33.13396147606334,33.13396147606337,0.6164853970241282,16.469872417382568,-1.4210854715202004e-13
225.55,-25.803806707773255,-43.54528853199888,-30.140492214043107,33.13396147606334,33.13396147606337,0.6164853970241282,16.469872417382568,-1.4210854715202004e-13
225.60000000000002,-25.025489609691586,-43.99719836242275,-29.12171581202651,33.13396147606334,33.13396147606339,0.6164853970241282,16.469872417381925,0.0
225.65,-24.239260559873028,-44.43519822683073,-28.10293941000991,33.13396147606335,33.1339614760634,0.6164853970241282,16.469872417381925,0.0
225.70000000000002,-23.445368129130507,-44.85914964905942,-27.08416300799331,33.133961476063355,33.1339614760634,0.6164853970241211,16.469872417381925,0.0
225.75,-22.644063311098687,-45.26891859444083,-26.065386605976713,33.133961476063355,33.133961476063384,0.6164853970241211,16.469872417382568,-1.4210854715202004e-13
225.8,-21.835599442880884,-45.664375512178154,-25.046610203960118,33.133961476063355,33.13396147606341,0.6164853970241211,16.46987241738192,0.0
225.85000000000002,-21.020232124955097,-46.045395376304036,-24.02783380194352,33.133961476063355,33.13396147606341,0.616485397024114,16.46987241738192,0.0
225.9,-20.19821914036445,-46.41185772520822,-23.00905739992692,33.13396147606336,33.1339614760634,0.6164853970241069,16.469872417382575,-1.4210854715202004e-13
225.95000000000002,-19.36982037321761,-46.763646699722194,-21.99028099791032,33.13396147606336,33.1339614760634,0.6164853970241069,16.46987241738257,-1.4210854715202004e-13
226.0,-18.535297726524938,-47.100651079748715,-20.971504595893723,33.13396147606336,33.13396147606342,0.6164853970241069,16.46987241738193,0.0
226.05,-17.694915039396356,-47.42276431942468,-19.952728193877128,33.13396147606337,33.13396147606342,0.6164853970240998,16.46987241738193,0.0
226.10000000000002,-16.848938003627104,-47.72988458080623,-18.93395179186053,33.13396147606338,33.13396147606342,0.6164853970240998,16.469872417382575,-1.4210854715202004e-13
226.15,-15.99763407969775,-48.021914766065365,-17.91517538984393,33.13396147606338,33.13396147606343,0.6164853970240998,16.469872417381925,0.0
226.20000000000002,-15.14127241221504,-48.298762548188016,-16.896398987827332,33.133961476063384,33.13396147606343,0.6164853970240927,16.469872417381925,0.0
226.25,-14.280123744820278,-48.560340400163724,-15.877622585810736,33.13396147606339,33.13396147606342,0.6164853970240927,16.46987241738257,-1.4210854715202004e-13
226.3,-13.414460334592189,-48.806565622657835,-14.858846183794137,33.13396147606339,33.13396147606344,0.6164853970240856,16.469872417381932,0.0
226.35000000000002,-12.544555865971274,-49.037360370157344,-13.840069781777538,33.1339614760634,33.13396147606342,0.6164853970240856,16.469872417382582,-1.4210854715202004e-13
226.4,-11.670685364232913,-49.252651675582214,-12.821293379760942,33.1339614760634,33.133961476063455,0.6164853970240785,16.46987241738193,0.0
226.45000000000002,-10.793125108536552,-49.45237147335433,-11.802516977744343,33.133961476063405,33.13396147606344,0.6164853970240785,16.469872417382575,-1.4210854715202004e-13
226.5,-9.912152544578461,-49.63645662091683,-10.783740575727744,33.133961476063405,33.13396147606346,0.6164853970240785,16.46987241738193,0.0
226.55,-9.028046196875692,-49.80484891869696,-9.764964173711148,33.13396147606341,33.13396147606347,0.6164853970240785,16.46987241738193,0.0
226.60000000000002,-8.141085580708964,-49.95749512850623,-8.746187771694549,33.13396147606342,33.13396147606346,0.6164853970240713,16.46987241738193,0.0
226.65,-7.251551113752297,-50.09434699037197,-7.727411369677951,33.13396147606342,33.13396147606346,0.6164853970240713,16.469872417382575,-1.4210854715202004e-13
226.70000000000002,-6.3597240274173705,-50.215361237794966,-6.708634967661354,33.13396147606342,33.133961476063476,0.6164853970240713,16.469872417381925,0.0
226.75,-5.465886277940596,-50.32049961142846,-5.689858565644756,33.13396147606342,33.13396147606348,0.6164853970240713,16.469872417381925,0.0
226.8,-4.570320457241045,-50.40972887117402,-4.671082163628157,33.133961476063426,33.13396147606348,0.6164853970240713,16.469872417381925,0.0
226.85000000000002,-3.673309703577392,-50.4830208066906,-3.6523057616115597,33.13396147606343,33.13396147606348,0.6164853970240785,16.469872417381925,0.0
226.9,-2.775137612032138,-50.540352246313404,-2.633529359594962,33.13396147606344,33.1339614760635,0.6164853970240785,16.46987241738181,1.4210854715202004e-13
226.95000000000002,-1.8760881448513982,-50.58170506437975,-1.614752957578364,33.13396147606345,33.13396147606349,0.6164853970240785,16.46987241738193,0.0
227.0,-0.9764455416686171,-50.60706618695958,-0.595976555561766,33.133961476063455,33.133961476063504,0.6164853970240785,16.46987241738193,0.0
227.05,-0.07649422964057939,-50.61642759598887,0.42279984645483193,33.13396147606346,33.13396147606351,0.6164853970240785,16.46987241738193,0.0
227.10000000000002,0.823481266475862,-50.60978633180459,1.4415762484714298,33.13396147606347,33.13396147606352,0.6164853970240785,16.46987241738193,0.0
227.15,1.7231964142779161,-50.58714449408043,2.4603526504880278,33.133961476063476,33.13396147606351,0.6164853970240785,16.46987241738193,0.0
227.20000000000002,2.6223667636734023,-50.54850924116292,3.479129052504626,33.133961476063476,33.13396147606352,0.6164853970240785,16.46987241738193,0.0
227.25,3.5207080368112718,-50.493892787808356,4.497905454521224,33.133961476063476,33.13396147606353,0.6164853970240856,16.46987241738193,0.0
227.3,4.41793621795768,-50.42331240132098,5.516681856537821,33.13396147606348,33.133961476063526,0.6164853970240785,16.469872417381815,1.4210854715202004e-13
227.35000000000002,5.313767643289185,-50.33679039609384,6.53545825855442,33.13396147606348,33.133961476063526,0.6164853970240785,16.469872417382575,-1.4210854715202004e-13
227.4,6.207919090574686,-50.234354126553974,7.554234660571018,33.13396147606348,33.13396147606354,0.6164853970240785,16.46987241738193,0.0
227.45000000000002,7.100107868717757,-50.11603597851414,8.573011062587616,33.13396147606349,33.13396147606355,0.6164853970240785,16.46987241738193,0.0
227.5,7.990051907131049,-49.98187335893387,9.591787464604213,33.1339614760635,33.13396147606355,0.6164853970240785,16.46987241738193,0.0
227.55,8.877469844914526,-49.831908684093015,10.610563866620812,33.133961476063504,33.133961476063554,0.6164853970240785,16.46987241738193,0.0
227.60000000000002,9.762081119809316,-49.66618936618164,11.629340268637408,33.13396147606351,33.133961476063554,0.6164853970240785,16.46987241738193,0.0
227.65,10.643606056899086,-49.48476779831035,12.648116670654007,33.13396147606352,33.13396147606357,0.6164853970240785,16.46987241738193,0.0
227.70000000000002,11.521765957030855,-49.287701337945926,13.666893072670605,33.133961476063526,33.13396147606357,0.6164853970240785,16.46987241738193,0.0
227.75,12.39628318492733,-49.075052288777435,14.685669474687202,33.13396147606353,33.13396147606357,0.6164853970240785,16.46987241738193,0.0
227.8,13.266881256962897,-48.84688788101856,15.7044458767038,33.13396147606353,33.1339614760636,0.6164853970240713,16.46987241738193,0.0
227.85000000000002,14.133284928575481,-48.60328025015238,16.7232222787204,33.13396147606354,33.13396147606357,0.6164853970240713,16.469872417382575,-1.4210854715202004e-13
227.9,14.995220281286711,-48.34430641412533,17.741998680736998,33.13396147606354,33.1339614760636,0.6164853970240785,16.469872417381925,0.0
227.95000000000002,15.8524148093028,-48.070048248997516,18.760775082753593,33.13396147606354,33.1339614760636,0.6164853970240785,16.46987241738181,1.4210854715202004e-13
228.0,16.704597505668815,-47.78059246305717,19.77955148477019,33.13396147606355,33.1339614760636,0.6164853970240856,16.46987241738193,0.0
228.05,17.55149894794908,-47.47603056940728,20.79832788678679,33.133961476063554,33.1339614760636,0.6164853970240785,16.469872417381815,1.4210854715202004e-13
228.10000000000002,18.39285138340662,-47.15645885703325,21.81710428880339,33.133961476063554,33.1339614760636,0.6164853970240856,16.469872417382575,-1.4210854715202004e-13
228.15,19.228388813654707,-46.821978360360546,22.835880690819987,33.133961476063554,33.13396147606361,0.6164853970240856,16.469872417381815,1.4210854715202004e-13
228.20000000000002,20.0578470787538,-46.4726948273121,23.854657092836586,33.13396147606356,33.133961476063625,0.6164853970240856,16.46987241738193,0.0
228.25,20.880963940727188,-46.108718685875495,24.87343349485318,33.13396147606357,33.13396147606362,0.6164853970240927,16.46987241738193,0.0
228.3,21.69747916646906,-45.730165009190536,25.89220989686978,33.133961476063575,33.133961476063625,0.6164853970240927,16.469872417381815,1.4210854715202004e-13
228.35000000000002,22.507134610018664,-45.3371534791682,26.910986298886378,33.13396147606358,33.133961476063625,0.6164853970240927,16.469872417381932,0.0
228.4,23.30967429417464,-44.929808348652536,27.929762700902977,33.13396147606358,33.13396147606364,0.6164853970240927,16.469872417381932,0.0
228.45000000000002,24.104844491423687,-44.5082584021374,28.948539102919575,33.13396147606359,33.13396147606364,0.6164853970240927,16.469872417381932,0.0
228.5,24.892393804157948,-44.07263691505051,29.96731550493617,33.1339614760636,33.13396147606365,0.6164853970240998,16.469872417381932,0.0
228.55,25.67207324415581,-43.62308161161764,30.98609190695277,33.1339614760636,33.13396147606365,0.6164853970240998,16.46987241738181,1.4210854715202004e-13
228.60000000000002,26.44363631130097,-43.159734621320354,32.00486830896937,33.133961476063604,33.13396147606365,0.6164853970240998,16.469872417381925,0.0
228.65,27.206839071514835,-42.68274243396092,33.02364471098596,33.133961476063604,33.13396147606367,0.6164853970240998,16.469872417381925,0.0
228.70000000000002,27.96144023387769,-42.19225585334873,34.04242111300256,33.13396147606361,33.13396147606366,0.6164853970241069,16.469872417381925,0.0
228.75,28.707201226914194,-41.688429949622844,35.06119751501916,33.13396147606362,33.13396147606367,0.6164853970241069,16.469872417381815,1.4210854715202004e-13
228.8,29.44388627401913,-41.17142401022562,36.07997391703576,33.133961476063625,33.133961476063675,0.6164853970241069,16.46987241738193,0.0
228.85000000000002,30.17126246799951,-40.641401489543135,37.09875031905236,33.13396147606363,33.13396147606368,0.6164853970241069,16.46987241738193,0.0
228.9,30.88909984470954,-40.09852995722811,38.117526721068955,33.13396147606364,33.133961476063675,0.616485397024114,16.46987241738193,0.0
228.95000000000002,31.59717145575508,-39.542981045221815,39.136303123085554,33.13396147606364,33.133961476063696,0.616485397024114,16.46987241738181,1.4210854715202004e-13
229.0,32.295253440244686,-38.974930393491654,40.15507952510215,33.13396147606365,33.133961476063696,0.616485397024114,16.469872417381925,0.0
229.05,32.9831250955645,-38.394557594501585,41.17385592711875,33.133961476063654,33.1339614760637,0.6164853970241211,16.469872417381925,0.0
229.10000000000002,33.66056894715468,-37.802046136432914,42.19263232913535,33.13396147606366,33.13396147606371,0.6164853970241282,16.469872417381804,1.4210854715202004e-13
229.15,34.32737081726518,-37.197583345173484,43.21140873115194,33.13396147606366,33.13396147606371,0.6164853970241282,16.46987241738181,1.4210854715202004e-13
229.20000000000002,34.98331989266929,-36.58136032509351,44.23018513316854,33.13396147606367,33.133961476063696,0.6164853970241282,16.469872417381925,0.0
229.25,35.628208791313476,-35.95357189862685,45.24896153518514,33.13396147606367,33.13396147606372,0.6164853970241282,16.469872417381925,0.0
229.3,36.26183362788234,-35.314416544676746,46.26773793720174,33.13396147606367,33.13396147606372,0.6164853970241282,16.469872417381925,0.0
229.35000000000002,36.883994078258176,-34.66409633586563,47.286514339218336,33.13396147606367,33.13396147606373,0.6164853970241282,16.469872417381925,0.0
229.4,37.494493442854576,-34.00281687464867,48.305290741234934,33.133961476063675,33.13396147606372,0.6164853970241353,16.469872417381925,0.0
229.45000000000002,38.093138708804126,-33.3307872283114,49.32406714325153,33.13396147606368,33.133961476063725,0.6164853970241353,16.469872417381808,1.4210854715202004e-13
229.5,38.67974061098052,-32.64821986287189,50.34284354526813,33.13396147606368,33.133961476063725,0.6164853970241424,16.469872417381925,0.0
229.55,39.254113691835826,-31.955330575908395,51.36161994728473,33.13396147606368,33.13396147606373,0.6164853970241495,16.469872417381804,1.4210854715202004e-13
229.60000000000002,39.81607636003395,-31.252338428333726,52.38039634930133,33.13396147606369,33.13396147606374,0.6164853970241495,16.469872417381804,1.4210854715202004e-13
229.65,40.36545094786177,-30.539465675137887,53.39917275131793,33.133961476063696,33.13396147606374,0.6164853970241566,16.46987241738192,0.0
229.70000000000002,40.902063767399795,-29.816937695120888,54.41794915333452,33.133961476063696,33.133961476063746,0.6164853970241637,16.469872417381804,1.4210854715202004e-13
229.75,41.42574516543462,-29.08498291963794,55.43672555535112,33.1339614760637,33.13396147606375,0.6164853970241637,16.469872417381808,1.4210854715202004e-13
229.8,41.93632957709573,-28.343832760379588,56.455501957367716,33.13396147606371,33.13396147606375,0.6164853970241708,16.46987241738192,0.0
229.85000000000002,42.43365557819978,-27.593721536209568,57.474278359384314,33.13396147606371,33.133961476063774,0.6164853970241708,16.469872417381804,1.4210854715202004e-13
229.9,42.917565936285826,-26.834886399083565,58.49305476140091,33.13396147606372,33.13396147606376,0.6164853970241779,16.46987241738192,0.0
229.95000000000002,43.38790766032519,-26.06756725907227,59.51183116341751,33.13396147606372,33.13396147606377,0.6164853970241779,16.46987241738181,1.4210854715202004e-13
230.0,43.84453204909051,-25.29200670851242,60.53060756543411,33.13396147606372,33.13396147606376,0.616485397024185,16.46987241738193,0.0
230.05,44.287294738168455,-24.508449945309867,61.54938396745071,33.13396147606372,33.13396147606377,0.616485397024185,16.4698724173818,1.4210854715202004e-13
230.10000000000002,44.71605574560137,-23.71714469541883,62.56816036946731,33.13396147606372,33.13396147606377,0.6164853970241921,16.46987241738192,0.0
230.15,45.130679516143374,-22.91834113452195,63.586936771483906,33.13396147606372,33.13396147606378,0.6164853970241992,16.469872417381804,1.4210854715202004e-13
230.20000000000002,45.531034964116905,-22.112291808935783,64.6057131735005,33.133961476063725,33.13396147606378,0.6164853970242063,16.469872417381804,1.4210854715202004e-13
230.25,45.91699551485624,-21.29925155576686,65.6244895755171,33.13396147606373,33.13396147606378,0.6164853970242063,16.469872417381804,1.4210854715202004e-13
230.3,46.288439144724784,-20.479477422343464,66.6432659775337,33.13396147606374,33.13396147606378,0.6164853970242135,16.46987241738192,0.0
230.35000000000002,46.645248419693544,-19.653228584948657,67.6620423795503,33.13396147606374,33.13396147606379,0.6164853970242206,16.469872417381804,1.4210854715202004e-13
230.4,46.987310532468555,-18.82076626688021,68.6808187815669,33.133961476063746,33.13396147606379,0.6164853970242206,16.469872417381804,1.4210854715202004e-13
230.45000000000002,47.314517338155575,-17.982353655863356,69.6995951835835,33.133961476063746,33.13396147606378,0.6164853970242277,16.469872417381918,0.0
230.5,47.6267653884507,-17.138255820842502,70.7183715856001,33.133961476063746,33.133961476063796,0.6164853970242348,16.469872417381804,1.4210854715202004e-13
230.55,47.92395596434613,-16.288739628178146,71.73714798761668,33.13396147606375,33.13396147606381,0.6164853970242348,16.4698724173818,1.4210854715202004e-13
230.60000000000002,48.205995107340755,-15.434073657275562,72.75592438963328,33.13396147606376,33.133961476063796,0.6164853970242419,16.469872417381918,0.0
230.65,48.472793649145686,-14.574528115671884,73.77470079164988,33.13396147606376,33.13396147606381,0.6164853970242419,16.469872417381804,1.4210854715202004e-13
230.70000000000002,48.7242672398753,-13.71037475360844,74.79347719366648,33.13396147606377,33.13396147606381,0.616485397024249,16.469872417381925,0.0
230.75,48.96033637471495,-12.841886778115363,75.81225359568307,33.133961476063774,33.13396147606382,0.6164853970242561,16.4698724173818,1.4210854715202004e-13
230.8,49.18092641905685,-11.969338766635628,76.83102999769967,33.133961476063774,33.13396147606382,0.6164853970242632,16.469872417381808,1.4210854715202004e-13
230.85000000000002,49.38596763209627,-11.093006580215818,77.84980639971627,33.133961476063774,33.13396147606381,0.6164853970242774,16.4698724173818,1.4210854715202004e-13
230.9,49.575395188880435,-10.213167276291072,78.86858280173287,33.133961476063774,33.13396147606382,0.6164853970242774,16.469872417381687,2.8421709430404007e-13
230.95000000000002,49.74914920080337,-9.330099021091801,79.88735920374947,33.133961476063774,33.133961476063824,0.6164853970242916,16.46987241738192,0.0
231.0,49.90717473453998,-8.444081001699836,80.90613560576607,33.13396147606378,33.133961476063824,0.6164853970242916,16.469872417381687,2.8421709430404007e-13
231.05,50.04942182941354,-7.555393337781835,81.92491200778267,33.13396147606378,33.133961476063824,0.6164853970243058,16.46987241738192,0.0
231.10000000000002,50.175845513191064,-6.6643169930278505,82.94368840979926,33.13396147606378,33.13396147606384,0.6164853970243129,16.469872417381687,2.8421709430404007e-13
231.15,50.286405816301524,-5.771133686323049,83.96246481181586,33.13396147606379,33.13396147606383,0.61648539702432,16.4698724173818,1.4210854715202004e-13
231.20000000000002,50.381067784472464,-4.876125802680673,84.98124121383246,33.13396147606379,33.13396147606384,0.6164853970243342,16.469872417381804,1.4210854715202004e-13
231.25,50.45980148978098,-3.979576303964405,86.00001761584906,33.133961476063796,33.13396147606384,0.6164853970243342,16.469872417381684,2.8421709430404007e-13
231.3,50.52258204011563,-3.0817686394283537,87.01879401786566,33.133961476063796,33.133961476063824,0.6164853970243414,16.469872417381918,0.0
231.35000000000002,50.56938958704619,-2.1829866561029516,88.03757041988226,33.133961476063796,33.133961476063824,0.6164853970243485,16.4698724173818,1.4210854715202004e-13
231.4,50.60020933209886,-1.283514509055091,89.05634682189886,33.133961476063796,33.13396147606384,0.6164853970243556,16.4698724173818,1.4210854715202004e-13
231.45000000000002,50.6150315314349,-0.3836365715508743,90.07512322391545,33.133961476063796,33.13396147606384,0.6164853970243627,16.4698724173818,1.4210854715202004e-13
231.5,50.61385149893117,0.516362654850621,91.09389962593205,33.133961476063796,33.13396147606384,0.6164853970243698,16.469872417381797,1.4210854715202004e-13
231.55,50.596669607661696,1.4161986302441392,92.11267602794865,33.133961476063796,33.13396147606384,0.6164853970243769,16.4698724173818,1.4210854715202004e-13
231.60000000000002,50.56349128977972,2.315586866337164,93.13145242996524,33.133961476063796,33.13396147606384,0.616485397024384,16.46987241738179,1.4210854715202004e-13
231.65,50.51432703480029,3.2142430163925217,94.15022883198183,33.133961476063796,33.13396147606384,0.6164853970243911,16.4698724173818,1.4210854715202004e-13
231.70000000000002,50.44919238628393,4.111882965126228,95.16900523399843,33.133961476063796,33.133961476063845,0.6164853970243982,16.469872417381794,1.4210854715202004e-13
231.75,50.368107936922485,5.008222918532162,96.18778163601503,33.1339614760638,33.13396147606384,0.6164853970244053,16.469872417381797,1.4210854715202004e-13
231.8,50.271099322028576,5.902979493605162,97.20655803803163,33.1339614760638,33.133961476063845,0.6164853970244053,16.4698724173818,1.4210854715202004e-13
231.85000000000002,50.158197211430895,6.7958698079341895,98.22533444004823,33.13396147606381,33.13396147606384,0.6164853970244124,16.469872417381914,0.0
231.9,50.02943729977774,7.686611569137217,99.24411084206483,33.13396147606381,33.13396147606385,0.6164853970244195,16.4698724173818,1.4210854715202004e-13
231.95000000000002,49.88486029525195,8.574923164109583,100.26288724408143,33.13396147606381,33.13396147606384,0.6164853970244266,16.469872417381794,1.4210854715202004e-13
232.0,49.72451190670077,9.460523748057584,101.28166364609802,33.13396147606381,33.13396147606384,0.6164853970244337,16.469872417381794,1.4210854715202004e-13
232.05,49.548442829184765,10.343133333289165,102.30044004811462,33.13396147606381,33.13396147606385,0.6164853970244408,16.469872417381797,1.4210854715202004e-13
232.10000000000002,49.35670872795027,11.222472877733631,103.31921645013122,33.13396147606381,33.13396147606385,0.6164853970244479,16.46987241738179,1.4210854715202004e-13
232.15,49.1493702208305,12.098264373162392,104.33799285214782,33.13396147606381,33.133961476063845,0.616485397024455,16.4698724173818,1.4210854715202004e-13
232.20000000000002,48.926492859080874,12.970230933082854,105.35676925416442,33.13396147606381,33.133961476063845,0.6164853970244693,16.469872417381787,1.4210854715202004e-13
232.25,48.688147106654625,13.838096880277675,106.37554565618102,33.13396147606381,33.13396147606384,0.6164853970244764,16.469872417381676,2.8421709430404007e-13
232.3,48.434408317925204,14.701587833961687,107.39432205819762,33.13396147606381,33.13396147606384,0.6164853970244835,16.469872417381794,1.4210854715202004e-13
232.35000000000002,48.16535671386257,15.560430796528957,108.41309846021421,33.13396147606381,33.133961476063845,0.6164853970244835,16.469872417381794,1.4210854715202004e-13
232.4,47.88107735667088,16.414354239862536,109.43187486223081,33.13396147606381,33.13396147606384,0.6164853970244977,16.46987241738191,0.0
232.45000000000002,47.581660122895556,17.263088191179634,110.45065126424741,33.13396147606381,33.13396147606384,0.6164853970245048,16.469872417381673,2.8421709430404007e-13
232.5,47.267199675008335,18.10636431838505,111.46942766626401,33.13396147606381,33.13396147606384,0.6164853970245119,16.469872417381794,1.4210854715202004e-13
232.55,46.937795431479174,18.943916014905916,112.48820406828061,33.13396147606381,33.13396147606384,0.616485397024519,16.469872417381794,1.4210854715202004e-13
232.60000000000002,46.593551535344524,19.775478483980873,113.50698047029721,33.13396147606381,33.13396147606384,0.616485397024519,16.469872417381787,1.4210854715202004e-13
232.65,46.23457682128193,20.60078882237709,114.5257568723138,33.13396147606381,33.13396147606384,0.6164853970245261,16.469872417381907,0.0
232.70000000000002,45.8609847812013,21.419586103508628,115.54453327433045,33.13396147606381,33.1339614760638,0.6164853970245261,16.469872417381794,1.4210854715202004e-13
232.75,45.47289352836383,22.231611459929866,116.56330967634705,33.13396147606381,33.13396147606379,0.6164853970245332,16.469872417381907,0.0
232.8,45.07042576003976,23.036608165177935,117.58208607836364,33.13396147606381,33.13396147606379,0.6164853970245403,16.46987241738179,1.4210854715202004e-13
232.85000000000002,44.65370871871699,23.83432171493825,118.60086248038024,33.13396147606381,33.1339614760638,0.6164853970245403,16.46987241738179,1.4210854715202004e-13
232.9,44.22287415187261,24.624499907507502,119.61963888239684,33.13396147606381,33.133961476063796,0.6164853970245474,16.469872417381907,0.0
232.95000000000002,43.778058270320166,25.406892923528687,120.63841528441344,33.13396147606381,33.13396147606379,0.6164853970245545,16.46987241738179,1.4210854715202004e-13
233.0,43.31940170514587,26.181253404972903,121.65719168643004,33.13396147606381,33.13396147606378,0.6164853970245545,16.469872417381787,1.4210854715202004e-13
233.05,42.84704946324726,26.947336533343027,122.67596808844664,33.13396147606381,33.13396147606378,0.6164853970245616,16.469872417381904,0.0
233.10000000000002,42.36115088148842,27.70490010707446,123.69474449046324,33.13396147606381,33.133961476063774,0.6164853970245687,16.469872417381794,1.4210854715202004e-13
233.15,41.8618595794863,28.45370461810857,124.71352089247983,33.13396147606381,33.13396147606378,0.6164853970245758,16.469872417381787,1.4210854715202004e-13
233.20000000000002,41.349333411043,29.1935133276145,125.73229729449643,33.13396147606381,33.13396147606378,0.6164853970245758,16.469872417381787,1.4210854715202004e-13
233.25,40.82373441423936,29.92409234083553,126.75107369651303,33.13396147606381,33.133961476063774,0.6164853970245829,16.469872417381907,0.0
233.3,40.285228760205726,30.645210681036225,127.76985009852962,33.13396147606381,33.133961476063774,0.61648539702459,16.469872417381787,1.4210854715202004e-13
233.35000000000002,39.733986700585966,31.356640362527067,128.78862650054623,33.13396147606381,33.13396147606377,0.6164853970245971,16.46987241738179,1.4210854715202004e-13
233.4,39.17018251371145,32.058156462743426,129.8074029025628,33.13396147606381,33.133961476063774,0.6164853970245971,16.469872417381787,1.4210854715202004e-13
233.45000000000002,38.59399444950198,32.74953719335612,130.82617930457943,33.13396147606381,33.13396147606377,0.6164853970246043,16.469872417381904,0.0
233.5,38.00560467311101,33.43056397039105,131.844955706596,33.13396147606381,33.13396147606376,0.6164853970246114,16.46987241738179,1.4210854715202004e-13
233.55,37.40519920733314,34.1010214833358,132.86373210861262,33.1339614760638,33.13396147606375,0.6164853970246114,16.469872417381787,1.4210854715202004e-13
233.60000000000002,36.79296787379192,34.760697763211276,133.8825085106292,33.133961476063796,33.13396147606375,0.6164853970246114,16.469872417381907,0.0
233.65,36.16910423292667,35.40938424958689,134.90128491264582,33.133961476063796,33.133961476063746,0.6164853970246185,16.469872417381907,0.0
233.70000000000002,35.53380552279721,36.046875856518184,135.9200613146624,33.13396147606379,33.133961476063746,0.6164853970246256,16.46987241738179,1.4210854715202004e-13
233.75,34.88727259672594,36.672971037385864,136.93883771667902,33.13396147606378,33.133961476063746,0.6164853970246256,16.469872417381787,1.4210854715202004e-13
233.8,34.22970985979694,37.28747184861596,137.9576141186956,33.13396147606378,33.133961476063746,0.6164853970246256,16.469872417381907,0.0
233.85000000000002,33.561325204232084,37.890184012260804,138.9763905207122,33.13396147606378,33.13396147606374,0.6164853970246327,16.469872417381907,0.0
233.9,32.88232994366475,38.48091697742112,139.9951669227288,33.13396147606378,33.133961476063746,0.6164853970246327,16.469872417381787,1.4210854715202004e-13
233.95000000000002,32.192938746331805,39.05948398048977,141.01394332474538,33.13396147606378,33.133961476063725,0.6164853970246398,16.469872417381907,0.0
234.0,31.493369567205004,39.62570210419817,142.032719726762,33.13396147606378,33.13396147606374,0.6164853970246469,16.469872417381787,1.4210854715202004e-13
234.05,30.78384357908329,40.179392335446565,143.05149612877858,33.13396147606378,33.133961476063725,0.6164853970246469,16.46987241738178,1.4210854715202004e-13
234.10000000000002,30.064585102667742,40.72037962190012,144.0702725307952,33.133961476063774,33.13396147606372,0.616485397024654,16.4698724173819,0.0
234.15,29.335821535641305,41.24849292733268,145.08904893281178,33.13396147606377,33.13396147606372,0.616485397024654,16.469872417381787,1.4210854715202004e-13
234.20000000000002,28.597783280775705,41.763565285700835,146.1078253348284,33.13396147606376,33.13396147606372,0.616485397024654,16.4698724173819,0.0
234.25,27.850703673088297,42.265433853931235,147.12660173684498,33.13396147606376,33.13396147606372,0.6164853970246611,16.4698724173819,0.0
234.3,27.094818906071875,42.75393996340432,148.1453781388616,33.13396147606376,33.13396147606371,0.6164853970246611,16.469872417381783,1.4210854715202004e-13
234.35000000000002,26.33036795702073,43.22892917011833,149.16415454087817,33.13396147606375,33.13396147606371,0.6164853970246682,16.4698724173819,0.0
234.4,25.55759251147662,43.69025130351765,150.18293094289479,33.133961476063746,33.133961476063696,0.6164853970246682,16.469872417381783,1.4210854715202004e-13
234.45000000000002,24.776736886818505,44.13776051397011,151.20170734491137,33.13396147606374,33.133961476063696,0.6164853970246682,16.4698724173819,0.0
234.5,23.988047955020207,44.571315318878156,152.22048374692798,33.13396147606373,33.13396147606369,0.6164853970246682,16.4698724173819,0.0
234.55,23.191775064600417,44.99077864740941,153.23926014894457,33.13396147606373,33.13396147606369,0.6164853970246753,16.4698724173819,0.0
234.60000000000002,22.38816996178975,45.39601788383236,154.25803655096118,33.13396147606373,33.13396147606368,0.6164853970246753,16.469872417381783,1.4210854715202004e-13
234.65,21.577486710939716,45.78690490944362,155.27681295297776,33.133961476063725,33.133961476063675,0.6164853970246753,16.469872417381907,0.0
234.70000000000002,20.759981614198832,46.16331614307338,156.29558935499438,33.13396147606372,33.13396147606367,0.6164853970246824,16.469872417381907,0.0
234.75,19.935913130481225,46.52513258015628,157.31436575701096,33.13396147606372,33.13396147606367,0.6164853970246824,16.469872417381783,1.4210854715202004e-13
234.8,19.105541793753375,46.87223983035541,158.33314215902757,33.13396147606371,33.13396147606366,0.6164853970246824,16.4698724173819,0.0
234.85000000000002,18.269130130664802,47.204528153727466,159.35191856104416,33.13396147606371,33.13396147606366,0.6164853970246895,16.4698724173819,0.0
234.9,17.426942577548775,47.52189249541764,160.37069496306077,33.1339614760637,33.13396147606366,0.6164853970246895,16.469872417381783,1.4210854715202004e-13
234.95000000000002,16.579245396819235,47.82423251887334,161.38947136507736,33.133961476063696,33.133961476063654,0.6164853970246895,16.4698724173819,0.0
235.0,15.72630659279043,48.111452637566146,162.40824776709394,33.133961476063696,33.13396147606365,0.6164853970246966,16.4698724173819,0.0
235.05,14.868395826945797,48.38346204521205,163.42702416911055,33.13396147606369,33.13396147606365,0.6164853970246966,16.46987241738178,1.4210854715202004e-13
235.10000000000002,14.005784332682957,48.640174744480376,164.44580057112714,33.13396147606368,33.13396147606364,0.6164853970246895,16.469872417381904,0.0
235.15,13.138744829561718,48.88150957418234,165.46457697314375,33.13396147606368,33.13396147606361,0.6164853970246966,16.469872417382547,-1.4210854715202004e-13
235.20000000000002,12.267551437082222,49.10739023493059,166.48335337516033,33.133961476063675,33.13396147606365,0.6164853970246966,16.46987241738178,1.4210854715202004e-13
235.25,11.392479588020503,49.317745313261746,167.50212977717695,33.133961476063675,33.133961476063625,0.6164853970246966,16.469872417381904,0.0
235.3,10.513805941348837,49.51250830421412,168.52090617919353,33.13396147606367,33.13396147606362,0.6164853970246966,16.469872417381904,0.0
235.35000000000002,9.631808294768422,49.6916176323537,169.53968258121014,33.13396147606366,33.13396147606362,0.6164853970246966,16.469872417381904,0.0
235.4,8.746765496882048,49.85501667124151,170.55845898322673,33.13396147606366,33.13396147606362,0.6164853970247037,16.469872417381904,0.0
235.45000000000002,7.858957359034515,50.00265376133643,171.57723538524334,33.13396147606366,33.13396147606362,0.6164853970247037,16.469872417381783,1.4210854715202004e-13
235.5,6.968664566848675,50.13448222632765,172.59601178725993,33.13396147606366,33.13396147606361,0.6164853970247037,16.469872417381904,0.0
235.55,6.076168591485066,50.25046038789163,173.61478818927654,33.13396147606366,33.1339614760636,0.6164853970247037,16.469872417381904,0.0
235.60000000000002,5.181751600653195,50.35055157886896,174.63356459129312,33.133961476063654,33.1339614760636,0.6164853970247037,16.469872417381904,0.0
235.65,4.285696369402601,50.43472415485689,175.65234099330974,33.13396147606365,33.1339614760636,0.6164853970247037,16.469872417381904,0.0
235.70000000000002,3.3882861907219044,50.502951504213875,176.67111739532632,33.13396147606364,33.13396147606359,0.6164853970247037,16.469872417381904,0.0
235.75,2.489804785974111,50.555212056473025,177.68989379734293,33.13396147606363,33.13396147606359,0.6164853970247037,16.469872417381904,0.0
235.8,1.5905362151964755,50.59148928916171,178.70867019935952,33.13396147606363,33.13396147606358,0.6164853970247037,16.469872417381904,0.0
235.85000000000002,0.6907647872932977,50.61177173302522,179.72744660137613,33.133961476063625,33.133961476063575,0.6164853970247037,16.469872417381904,0.0
235.9,-0.20922502984996483,50.616052975652885,-179.2537769966073,33.13396147606362,33.13396147606356,0.6164853970247037,16.469872417381904,0.0
235.95000000000002,-1.109148699302847,50.60433166350535,-178.23500059459067,33.13396147606361,33.13396147606356,0.6164853970247037,16.469872417381904,0.0
236.0,-2.008721705047854,50.57661150234251,-177.2162241925741,33.133961476063604,33.13396147606355,0.6164853970247037,16.469872417381904,0.0
236.05,-2.9076596419318292,50.53290125605194,-176.19744779055748,33.1339614760636,33.13396147606356,0.6164853970247037,16.469872417381904,0.0
236.10000000000002,-3.8056783055822705,50.47321474387812,-175.1786713885409,33.1339614760636,33.13396147606354,0.6164853970247037,16.469872417381904,0.0
236.15,-4.702493782260168,50.39757083605339,-174.1598949865243,33.1339614760636,33.13396147606354,0.6164853970247037,16.469872417381904,0.0
236.20000000000002,-5.597822538620958,50.30599344783206,-173.1411185845077,33.13396147606359,33.13396147606354,0.6164853970247037,16.469872417381904,0.0
236.25,-6.491381511355213,50.19851153192941,-172.1223421824911,33.13396147606358,33.13396147606353,0.6164853970246966,16.469872417381904,0.0
236.3,-7.3828881966807245,50.07515906936818,-171.1035657804745,33.133961476063575,33.133961476063504,0.6164853970246966,16.46987241738255,-1.4210854715202004e-13
236.35000000000002,-8.272060739657693,49.93597505873524,-170.0847893784579,33.13396147606357,33.13396147606354,0.6164853970246895,16.469872417381904,0.0
236.4,-9.158618023298777,49.781003503851956,-169.0660129764413,33.13396147606357,33.133961476063504,0.6164853970246895,16.469872417382547,-1.4210854715202004e-13
236.45000000000002,-10.04227975744584,49.610293399862165,-168.04723657442472,33.13396147606356,33.133961476063526,0.6164853970246895,16.4698724173819,0.0
236.5,-10.922766567385285,49.42389871774205,-167.0284601724081,33.13396147606356,33.13396147606351,0.6164853970246895,16.4698724173819,0.0
236.55,-11.799800082173972,49.22187838723692,-166.00968377039152,33.133961476063554,33.133961476063504,0.6164853970246895,16.4698724173819,0.0
236.60000000000002,-12.673103022647782,49.004296278230235,-164.9909073683749,33.13396147606355,33.1339614760635,0.6164853970246966,16.4698724173819,0.0
236.65,-13.542399289085012,48.77122118055077,-163.97213096635832,33.13396147606354,33.1339614760635,0.6164853970246966,16.46987241738178,1.4210854715202004e-13
236.70000000000002,-14.40741404849688,48.52272678222431,-162.9533545643417,33.13396147606354,33.13396147606349,0.6164853970246895,16.469872417381904,0.0
236.75,-15.267873821517554,48.25889164617679,-161.93457816232512,33.13396147606354,33.13396147606348,0.6164853970246824,16.469872417382547,-1.4210854715202004e-13
236.8,-16.12350656886621,47.97979918539615,-160.9158017603085,33.13396147606353,33.133961476063476,0.6164853970246824,16.469872417382547,-1.4210854715202004e-13
236.85000000000002,-16.974041777353808,47.685537636560845,-159.89702535829193,33.133961476063526,33.13396147606348,0.6164853970246824,16.4698724173819,0.0
236.9,-17.819210545407394,47.3762000321433,-158.8782489562753,33.133961476063526,33.13396147606347,0.6164853970246824,16.4698724173819,0.0
236.95000000000002,-18.65874566808486,47.051884170997205,-157.85947255425873,33.13396147606352,33.133961476063476,0.6164853970246824,16.4698724173819,0.0
237.0,-19.492381721553315,46.71269258743781,-156.84069615224212,33.13396147606352,33.13396147606347,0.6164853970246824,16.4698724173819,0.0
237.05,-20.319855147004365,46.358732518825114,-155.82191975022553,33.13396147606351,33.13396147606346,0.6164853970246824,16.4698724173819,0.0
237.10000000000002,-21.140904333979716,45.99011587166019,-154.80314334820892,33.133961476063504,33.13396147606345,0.6164853970246824,16.4698724173819,0.0
237.15,-21.955269703080834,45.606959186205266,-153.78436694619234,33.1339614760635,33.13396147606345,0.6164853970246753,16.4698724173819,0.0
237.20000000000002,-22.762693788036447,45.2093835996389,-152.76559054417575,33.13396147606349,33.13396147606343,0.6164853970246682,16.469872417382547,-1.4210854715202004e-13
237.25,-23.562921317101985,44.79751480775772,-151.74681414215914,33.13396147606348,33.13396147606342,0.6164853970246682,16.469872417382547,-1.4210854715202004e-13
237.3,-24.355699293765205,44.37148302523701,-150.72803774014255,33.133961476063476,33.13396147606343,0.6164853970246682,16.4698724173819,0.0
237.35000000000002,-25.140777076732476,43.93142294446259,-149.70926133812594,33.133961476063476,33.13396147606342,0.6164853970246682,16.4698724173819,0.0
237.4,-25.91790645917047,43.47747369294702,-148.69048493610936,33.133961476063476,33.133961476063426,0.6164853970246611,16.4698724173819,0.0
237.45000000000002,-26.686841747178168,43.0097787893437,-147.67170853409274,33.13396147606347,33.13396147606342,0.6164853970246611,16.469872417382547,-1.4210854715202004e-13
237.5,-27.447339837464384,42.528486098072555,-146.65293213207616,33.13396147606346,33.13396147606342,0.616485397024654,16.4698724173819,0.0
237.55,-28.19916029420628,42.03374778257192,-145.63415573005955,33.13396147606346,33.133961476063405,0.616485397024654,16.46987241738255,-1.4210854715202004e-13
237.60000000000002,-28.94206542506451,41.525720257191146,-144.61537932804296,33.133961476063455,33.13396147606342,0.6164853970246469,16.4698724173819,0.0
237.65,-29.675820356331023,41.00456413773933,-143.59660292602635,33.133961476063455,33.13396147606339,0.6164853970246469,16.469872417382543,-1.4210854715202004e-13
237.70000000000002,-30.40019310718573,40.47044419070572,-142.57782652400977,33.13396147606345,33.1339614760634,0.6164853970246469,16.4698724173819,0.0
237.75,-31.114954663038553,39.923529281167816,-141.55905012199315,33.13396147606344,33.13396147606339,0.6164853970246398,16.4698724173819,0.0
237.8,-31.81987904793372,39.36399231940374,-140.54027371997657,33.13396147606343,33.13396147606339,0.6164853970246327,16.46987241738255,-1.4210854715202004e-13
237.85000000000002,-32.51474339599334,38.79201020622565,-139.52149731795996,33.133961476063426,33.133961476063384,0.6164853970246256,16.46987241738255,-1.4210854715202004e-13
237.9,-33.19932802187774,38.207763777051525,-138.50272091594337,33.133961476063426,33.13396147606337,0.6164853970246256,16.46987241738255,-1.4210854715202004e-13
237.95000000000002,-33.873416490240224,37.61143774473303,-137.48394451392676,33.13396147606342,33.13396147606338,0.6164853970246256,16.469872417381907,0.0
238.0,-34.53679568415436,37.00322064115748,-136.46516811191017,33.13396147606342,33.133961476063384,0.6164853970246185,16.469872417381907,0.0
238.05,-35.18925587249212,36.38330475764242,-135.44639170989356,33.13396147606342,33.13396147606336,0.6164853970246185,16.46987241738255,-1.4210854715202004e-13
238.10000000000002,-35.830590776231546,35.751886084141596,-134.42761530787698,33.13396147606341,33.13396147606337,0.6164853970246185,16.469872417381907,0.0
238.15,-36.46059763367308,35.10916424728163,-133.40883890586036,33.13396147606341,33.13396147606337,0.6164853970246114,16.469872417381907,0.0
238.20000000000002,-37.07907726454383,34.455342447248945,-132.39006250384378,33.13396147606341,33.133961476063355,0.6164853970246114,16.46987241738255,-1.4210854715202004e-13
238.25,-37.68583413296952,33.7906273935468,-131.37128610182717,33.133961476063405,33.13396147606336,0.6164853970246114,16.469872417381907,0.0
238.3,-38.280676409294315,33.11522923964294,-130.35250969981058,33.133961476063405,33.13396147606337,0.6164853970246043,16.469872417381907,0.0
238.35000000000002,-38.86341603072885,32.429361516528395,-129.333733297794,33.133961476063405,33.13396147606335,0.6164853970246043,16.469872417382554,-1.4210854715202004e-13
238.4,-39.43386876080734,31.733241065208375,-128.31495689577739,33.1339614760634,33.13396147606335,0.6164853970245971,16.469872417381907,0.0
238.45000000000002,-39.99185424763503,31.027087968146795,-127.29618049376079,33.13396147606339,33.13396147606334,0.61648539702459,16.469872417382547,-1.4210854715202004e-13
238.5,-40.53719608090745,30.311125479685924,-126.27740409174419,33.133961476063384,33.133961476063334,0.61648539702459,16.469872417382547,-1.4210854715202004e-13
238.55,-41.06972184768353,29.585579955463256,-125.25862768972759,33.13396147606338,33.13396147606334,0.61648539702459,16.469872417381907,0.0
238.60000000000002,-41.58926318689498,28.85068078084787,-124.23985128771099,33.13396147606338,33.13396147606335,0.6164853970245829,16.469872417381907,0.0
238.65,-42.09565584257457,28.106660298418944,-123.22107488569439,33.13396147606338,33.13396147606332,0.6164853970245758,16.46987241738255,-1.4210854715202004e-13
238.70000000000002,-42.588739715786616,27.35375373450931,-122.2022984836778,33.13396147606337,33.13396147606332,0.6164853970245758,16.469872417382554,-1.4210854715202004e-13
238.75,-43.068358915243145,26.592199124837308,-121.1835220816612,33.13396147606336,33.13396147606334,0.6164853970245687,16.469872417381907,0.0
238.8,-43.53436180658986,25.822237239250427,-120.1647456796446,33.13396147606336,33.13396147606332,0.6164853970245687,16.469872417382557,-1.4210854715202004e-13
238.85000000000002,-43.98660106034617,25.044111505604548,-119.14596927762801,33.13396147606336,33.133961476063334,0.6164853970245616,16.469872417381907,0.0
238.9,-44.42493369848427,24.258067932802827,-118.12719287561141,33.13396147606336,33.13396147606331,0.6164853970245545,16.46987241738255,-1.4210854715202004e-13
238.95000000000002,-44.84922113963246,23.464355033018578,-117.10841647359481,33.133961476063355,33.13396147606331,0.6164853970245474,16.469872417382557,-1.4210854715202004e-13
239.0,-45.259329242888434,22.66322374312672,-116.08964007157822,33.133961476063355,33.133961476063305,0.6164853970245474,16.46987241738255,-1.4210854715202004e-13
239.05,-45.65512835022869,21.85492734536866,-115.07086366956162,33.133961476063355,33.13396147606332,0.6164853970245403,16.469872417381907,0.0
239.10000000000002,-46.03649332750067,21.03972138727565,-114.05208726754502,33.133961476063355,33.13396147606329,0.6164853970245403,16.469872417382554,-1.4210854715202004e-13
239.15,-46.40330360398462,20.21786360087598,-113.03331086552842,33.13396147606335,33.13396147606331,0.6164853970245332,16.469872417381907,0.0
239.20000000000002,-46.75544321051272,19.38961382121152,-112.01453446351182,33.13396147606335,33.13396147606329,0.6164853970245261,16.46987241738255,-1.4210854715202004e-13
239.25,-47.092800816133426,18.555233904189386,-110.99575806149522,33.13396147606334,33.13396147606329,0.616485397024519,16.469872417382557,-1.4210854715202004e-13
239.3,-47.41526976330934,17.714987643794696,-109.97698165947862,33.13396147606334,33.13396147606329,0.6164853970245119,16.469872417382547,-1.4210854715202004e-13
239.35000000000002,-47.722748101637634,16.8691406886906,-108.95820525746203,33.13396147606334,33.133961476063284,0.6164853970245048,16.469872417382557,-1.4210854715202004e-13
239.4,-48.01513862008224,16.01796045823192,-107.93942885544543,33.133961476063334,33.133961476063284,0.6164853970244977,16.469872417382557,-1.4210854715202004e-13
239.45000000000002,-48.29234887770769,15.161716057918998,-106.92065245342883,33.13396147606333,33.133961476063284,0.6164853970244906,16.469872417382557,-1.4210854715202004e-13
239.5,-48.554291232904816,14.30067819431846,-105.90187605141223,33.13396147606333,33.13396147606327,0.6164853970244835,16.469872417382557,-1.4210854715202004e-13
239.55,-48.80088287109919,13.435119089477771,-104.88309964939563,33.13396147606332,33.13396147606329,0.6164853970244764,16.469872417382557,-1.4210854715202004e-13
239.60000000000002,-49.032045830933384,12.565312394860689,-103.86432324737903,33.13396147606332,33.13396147606327,0.6164853970244693,16.469872417382557,-1.4210854715202004e-13
239.65,-49.24770702891493,11.691533104830784,-102.84554684536243,33.13396147606331,33.13396147606327,0.6164853970244693,16.469872417382557,-1.4210854715202004e-13
239.70000000000002,-49.44779828252206,10.814057469710395,-101.82677044334584,33.13396147606331,33.13396147606329,0.6164853970244621,16.469872417381907,0.0
239.75,-49.63225633176001,9.933162908442517,-100.80799404132924,33.13396147606331,33.13396147606328,0.616485397024455,16.469872417382554,-1.4210854715202004e-13
239.8,-49.80102285916105,9.049127920883205,-99.78921763931264,33.13396147606331,33.13396147606326,0.616485397024455,16.469872417382557,-1.4210854715202004e-13
239.85000000000002,-49.95404450822185,8.162231999752256,-98.77044123729604,33.133961476063305,33.13396147606329,0.6164853970244479,16.469872417381907,0.0
239.9,-50.09127290027246,7.272755542269988,-97.75166483527944,33.133961476063305,33.13396147606326,0.6164853970244408,16.46987241738256,-1.4210854715202004e-13
239.95000000000002,-50.212664649771504,6.380979761508052,-96.73288843326286,33.1339614760633,33.13396147606328,0.6164853970244408,16.46987241738255,-1.4210854715202004e-13
240.0,-50.31818137802278,5.48718659748231,-95.71411203124626,33.1339614760633,33.13396147606328,0.6164853970244337,16.469872417381907,0.0
