time_s,north_m,east_m,heading_deg,bank_deg,bank_demand_deg,radial_error_m,l1_period_s,abs_error_rate_mps
0.0,85.0,0.0,90.0,0.0,35.0,35.0,20.0,0.0
0.05,85.0,0.9,90.0,2.5000000000000004,35.0,35.004764572346176,20.0,0.0
0.1,85.0,1.8,90.0681449877476,4.821428571428572,35.0,35.01905668730981,20.0,0.0
0.15000000000000002,84.99892958128792,2.69999936344632,90.19979494313216,6.977040816326531,35.0,35.04180164205927,20.0,0.0
0.2,84.99579121602036,3.599993891576046,90.3907994181403,8.978680758017495,35.0,35.07199586501254,20.0,0.0
0.25,84.98965260071257,4.4999729565559505,90.63740689726464,10.837346418159102,35.0,35.10869994189515,20.0,0.0
0.30000000000000004,84.97964044310781,5.399917264110645,90.93619549374141,12.563250245433451,35.0,35.1510328551517,20.0,0.0
0.35000000000000003,84.9649353730412,6.299797123266486,91.28401949070688,14.165875227902491,35.0,35.19816715598631,20.0,0.0
0.4,84.9447677302591,7.199571131662268,91.67796778905172,15.654026997338025,35.0,35.249324860831194,20.0,0.0
0.45,84.91841404138414,8.09918520618683,92.11533138877478,17.03588221181388,35.0,35.30377391597668,20.0,0.0
0.5,84.88519404157955,8.998571903671834,92.59357777563496,18.319033482398606,35.0,35.36082511188704,20.0,0.0
0.55,84.84446812873492,9.897649987056683,93.1103306157308,19.510531090798704,35.0,35.419829356620696,20.0,0.0
0.6000000000000001,84.79563516236699,10.796324200214993,93.66335354547707,20.616921727170222,35.0,35.48017523862124,20.0,0.0
0.65,84.73813053808557,11.694485220403607,94.25053712799978,21.64428446094378,35.0,35.54128682490034,20.0,0.0
0.7000000000000001,84.67142448292645,12.592009761686523,94.8698882590395,22.598264142304938,35.0,35.60262165264757,20.0,0.0
0.75,84.5950205281652,13.488760806122402,95.51952146621932,23.484102417854583,35.0,35.66366888153621,20.0,0.0
0.8,84.50845412515656,14.384587942276553,96.19765166886934,24.30666653086497,35.0,35.72394758113265,20.0,0.0
0.8500000000000001,84.4112913768456,15.27932779292626,96.90258806118545,25.070476064374613,35.0,35.783005133362025,20.0,0.0
0.9,84.30312786327171,16.17280451580792,97.63272885618677,25.77972777406214,35.0,35.84041573430126,20.0,0.0
0.9500000000000001,84.18358754394006,17.064830362997387,98.38655668665734,26.43831864734342,35.0,35.89577898294013,20.0,0.0
1.0,84.05232172359305,17.955206286081914,99.16263450561469,27.049867315390316,35.0,35.94871854717874,20.0,0.0
1.05,83.90900807085482,18.843722575712455,99.95960186551957,27.617733935719578,35.0,35.9988808993768,20.0,0.0
1.1,83.75334968158172,19.73015952544374,100.77617148444986,28.14503865459675,35.0,36.04593411535936,20.0,0.0
1.1500000000000001,83.5850741806385,20.614288110991286,101.61112603036082,28.63467875069698,35.0,36.08956673201345,20.0,0.0
1.2000000000000002,83.403932857322,21.49587067716824,102.46331507255755,29.089344554218624,35.0,36.12948665955358,20.0,0.0
1.25,83.20969983084113,22.374661625815346,103.33165216356896,29.51153422891729,35.0,36.16542014525558,20.0,0.0
1.3,83.00217124319079,23.25040809900713,104.21511202550535,29.903567498280346,35.0,36.19711078600224,20.0,0.0
1.35,82.78116447747693,24.122850652708347,105.1127278233224,30.26759839126032,35.0,36.22431858739135,20.0,0.0
1.4000000000000001,82.54651740029786,24.991723916867922,106.02358851370865,30.60562707759887,35.0,36.24681906745677,20.0,0.0
1.4500000000000002,82.29808762719654,25.856757238675137,106.94683626297154,30.919510857770383,35.0,36.26440240327118,20.0,0.0
1.5,82.03575181049742,26.717675306366136,107.88166393066068,31.21097436792964,35.0,36.27687261885387,20.0,0.0
1.55,81.75940494905045,27.57419875156096,108.8273126180081,31.48161905593466,35.0,36.28404681291555,20.0,0.0
1.6,81.46895971954515,28.426044728635226,109.78306928181536,31.73293198051076,35.0,36.2857544250454,20.0,0.0
1.6500000000000001,81.16434582914219,29.272927470089776,110.74826441535717,31.966293981902847,35.0,36.281836538994284,20.0,0.0
1.7000000000000002,80.84550938921402,30.114558817280415,111.72226979835415,32.182987268909784,35.0,36.272145221739635,20.0,0.0
1.75,80.51241230999781,30.950648726212243,112.70449631820898,32.384202463987656,35.0,36.256542897037505,20.0,0.0
1.8,80.1650317159541,31.78090574839383,113.69439186460365,32.57104514513139,35.0,36.23490175218048,20.0,0.0
1.85,79.80335938159803,32.605037486989936,114.69143929928954,32.74454192047916,35.0,36.2071031766902,20.0,0.0
1.9000000000000001,79.42740118753412,33.42275102871234,115.69515450253247,32.905646069016356,35.0,36.17303723168163,20.0,0.0
1.9500000000000002,79.03717659638276,34.23375335205104,116.70508449724208,33.05524277837233,34.903842823277856,36.13260214864556,20.0,0.0
2.0,78.63271814824246,35.03775171257669,117.72080565135838,33.18728563872273,34.643669593151586,36.085703856407605,20.0,0.0
2.0500000000000003,78.21407097528623,35.83445400614422,118.74165479734009,33.29131306403908,34.37588199933094,36.032255535035105,20.0,0.0
2.1,77.78129601457358,36.62357112887073,119.76655483051223,33.368782273702784,34.10097531202601,35.97218138408594,20.0,0.0
2.15,77.33447541117339,37.40482099183205,120.7944778379962,33.42108177644016,33.81944770412318,35.90542311491389,20.0,0.0
2.2,76.87371134275901,38.1779293110592,121.82444470230405,33.44953648556037,33.53180005472474,35.83193917237375,20.0,0.0
2.25,76.3991248311752,38.942630326504265,122.85552460681875,33.4554124547864,33.238535597989866,35.75170395809205,20.0,0.0
2.3000000000000003,75.91085454685971,39.698667448247946,123.88683444791282,33.439921250729505,32.94015943567737,35.664707057230245,20.0,0.0
2.35,75.4090556118962,40.44579382903603,124.91753815927827,33.40422397822578,32.63717793104507,35.57095247067748,20.0,0.0
2.4000000000000004,74.89389840729766,41.18377286298632,125.94684595462071,33.34943497485573,32.33009800107711,35.47045785458664,20.0,0.0
2.45,74.3655673898821,41.91237861099867,126.97401349525623,33.2766251910144,32.01942632335745,35.36325376911775,20.0,0.0
2.5,73.82425992381468,42.63139615402504,127.99834098937212,33.186825271896055,31.705668473262854,35.24938293817951,20.0,0.0
2.5500000000000003,73.27018513156037,43.34062187591359,129.0191722298101,33.08102835770797,31.389328006486764,35.12889952186654,20.0,0.0
2.6,72.70356276863012,44.039863678030244,130.03589357721995,32.96019261833503,31.070905501218196,35.001868403180566,20.0,0.0
2.6500000000000004,72.12462212611743,44.728941128283104,131.0479328953421,32.82524353854097,30.75089757356913,34.86836449050166,20.0,0.0
2.7,71.5336009646196,45.407685547532175,132.05475844502047,32.67707596961441,30.429795879068955,34.728472037143376,20.0,0.0
2.75,70.93074448272664,46.075940036660114,133.05587774334217,32.51655596314687,30.10808611221911,34.58228397918653,20.0,0.0
2.8000000000000003,70.31630432284561,46.73355944781323,134.05083639405424,32.344522402366316,29.786247015226625,34.42990129264234,20.0,0.0
2.85,69.69053761671627,47.38041030349794,135.03921689513413,32.161788446142054,29.46474940611648,34.27143237085008,20.0,0.0
2.9000000000000004,69.05370607256957,48.01637066734126,136.02063742909473,31.969142800425942,29.14405523546361,34.106992422867805,20.0,0.0
2.95,68.406075105488,48.64132997039786,136.99475064129223,31.767350831500064,28.82461667999825,33.93670289347081,20.0,0.0
3.0,67.7479130121504,49.255188796915384,137.96124241118474,31.55715553496422,28.506875280327105,33.76069090523117,20.0,0.0
3.0500000000000003,67.0794901907861,49.8578586334589,138.91983062116003,31.33927837391871,28.191261128996477,33.57908872301577,20.0,0.0
3.1,66.40107840682663,50.44926158524805,139.87026392721947,31.114419999281406,27.878192114106582,33.39203324110956,20.0,0.0
3.1500000000000004,65.71295010442991,51.02933006348197,140.81232053547484,30.883260864626063,27.56807322268513,33.19966549304799,20.0,0.0
3.2,65.01537776376323,51.5980064473215,141.74580698808387,30.646461747344567,27.261295907054205,33.002130184126415,20.0,0.0
3.25,64.30863330366715,52.15524272406908,142.6705569619268,30.40466418732383,26.958237516485855,32.799575246447304,20.0,0.0
3.3000000000000003,63.59298752908544,52.70100011093925,143.58643008300552,30.158490853692545,26.659260795553305,32.59215141626737,20.0,0.0
3.35,62.86870962243337,53.23524866164921,144.49331075923783,29.908545849539742,26.364713449750667,32.38001183331713,20.0,0.0
3.4000000000000004,62.136066677890625,53.75796686088445,145.39110703401482,29.65541496384052,26.074927778185597,32.16331166168523,20.0,0.0
3.45,61.395323277443,54.26914120951052,146.27974946259928,29.399665879150888,25.79022037245047,31.942207731788187,20.0,0.0
3.5,60.646741107359304,54.76876580321342,147.1591900131622,29.141848342958003,25.510891880152677,31.71685820288434,20.0,0.0
3.5500000000000003,59.890578613674855,55.256841907058835,148.02940099398612,28.88249430990048,25.23722683103996,31.487422245537147,20.0,0.0
3.6,59.12709069515963,55.733377528268086,148.89037400811023,28.622118061410443,24.969493523186177,31.254059743388154,20.0,0.0
3.6500000000000004,58.356528432175914,56.19838698931744,149.7421189364514,28.361216308680138,24.707943966315483,31.01693101356308,20.0,0.0
3.7,57.57913884977609,56.65189050327982,150.58466295020935,28.100268284225518,24.452813879029165,30.77619654500576,20.0,0.0
3.75,56.79516471335402,57.09391375314487,151.41804955315285,27.839735826711493,24.20432273646116,30.532016754012545,20.0,0.0
3.8000000000000003,56.004844355142204,57.52448747667656,152.24233765418955,27.580063463122183,23.962673864720184,30.284551756225326,20.0,0.0
3.85,55.208411529839935,57.94364705819779,153.0576006704402,27.321678491807756,23.728054578373865,30.033961154332204,20.0,0.0
3.9000000000000004,54.40609529766298,58.35143212852942,153.86392566087378,27.06499106941962,23.500636357187997,29.780403840722443,20.0,0.0
3.95,53.59811993312235,58.747886174158204,154.66141249041206,26.810394304260218,23.280575058346,29.524037814344013,20.0,0.0
4.0,52.78470485786624,59.1330561565635,155.4501730242746,26.558264358123488,23.068011160434683,29.265020011019615,20.0,0.0
4.05,51.96606459595415,59.5069921424976,156.23033035221903,26.30896055828857,22.863070035584435,29.003506146487894,20.0,0.0
4.1000000000000005,51.14240874997449,59.869746945889005,157.0020180422232,26.06282552095256,22.66586224629036,28.73965057145132,20.0,0.0
4.15,50.31394199646497,60.221375781921246,157.76537942306587,25.82018528704812,22.476483863608454,28.473606137930304,20.0,0.0
4.2,49.48086409914809,60.56193593373306,158.52056689518307,25.581349471088142,22.295016803612274,28.205524076243805,20.0,0.0
4.25,48.64336993855092,60.89148643208746,159.26774126911164,25.346611423411293,22.121529179203872,27.935553881959493,20.0,0.0
4.3,47.80164955663778,61.21008774826804,160.0070711307769,25.11624840596791,21.95607566459474,27.66384321218132,20.0,0.0
4.3500000000000005,46.955888215146466,61.51780150037999,160.73873223283798,24.89052178158411,21.798697870000748,27.390537790568985,20.0,0.0
4.4,46.106266466381435,61.814690173160635,161.46290691127132,24.669677216471012,21.649424724327687,27.115781320510592,20.0,0.0
4.45,45.25296023528114,62.10081685133903,162.17978352634873,24.453944895603634,21.50827286385509,26.839715405898588,20.0,0.0
4.5,44.396140911640344,62.376244966526535,162.88955592715178,24.24353975047874,21.375247025152426,26.562479478987314,20.0,0.0
4.55,43.53597545143154,62.6410380575689,163.5924229387562,24.038661698669717,21.250340440682653,26.284210734839775,20.0,0.0
4.6000000000000005,42.672626486231664,62.89525954424598,164.28858787122064,23.839495894527783,21.133535235756856,26.005044071900286,20.0,0.0
4.65,41.80625243982166,63.13897251416586,164.97825804951916,23.646212990329857,21.024802825702967,25.725112038257734,20.0,0.0
4.7,40.93700765108551,63.372239522666916,165.66164436356917,23.458969407142224,20.924104312295512,25.444544783193564,20.0,0.0
4.75,40.06504250239299,63.59512240551268,166.33896083752228,23.277907614653174,20.831390878664674,25.163470013635603,20.0,0.0
4.800000000000001,39.19050355270613,63.807682104140156,167.01042421750677,23.10315641922542,20.74660418205621,24.882012955166203,20.0,0.0
4.8500000000000005,38.313533674702065,64.00997850320233,167.6762535770342,22.93483125942762,20.669676743953673,24.60029631725972,20.0,0.0
4.9,37.4342721952564,64.20207028012943,168.33666993930933,22.77303450832234,20.60053233719651,24.318440262449172,20.0,0.0
4.95,36.552855038679326,64.38401476642012,168.99189591571286,22.61785578181335,20.539086369833548,24.036562379146886,20.0,0.0
5.0,35.669414872142795,64.5558678203642,169.64215535975725,22.469372252386226,20.485246265541846,23.754777657866853,20.0,0.0
5.050000000000001,34.78408125278049,64.71768371089057,170.28767303584885,22.327648967611626,20.438911840516067,23.473198470618556,20.0,0.0
5.1000000000000005,33.89698077598332,64.86951501222941,170.92867430222287,22.192739172819085,20.399975676792838,23.19193455326372,20.0,0.0
5.15,33.00823722445161,65.01141250907416,171.56538480745274,22.064684637388638,20.368323492020878,22.91109299064634,20.0,0.0
5.2,32.117971717601066,65.14342511192761,172.19803019996903,21.943515984148082,20.343834505720388,22.630778204325637,20.0,0.0
5.25,31.22630286095342,65.2655997823167,172.82683585005785,21.829253021403247,20.326381802095657,22.351091942758714,20.0,0.0
5.300000000000001,30.333346895173765,65.37798146756178,173.45202658384278,21.72190507716699,20.315832689473776,22.072133273795913,20.0,0.0
5.3500000000000005,29.439217844445686,65.48061304478878,174.0738264287866,21.621471335188907,20.312049056442973,21.793998579366587,20.0,0.0
5.4,28.544027663902224,65.57353527387615,174.6924583702828,21.52794117242134,20.314887724752882,21.51678155224755,20.0,0.0
5.45,27.647886385855454,65.6567867590323,175.3081441189373,21.44129449758788,20.32420079902341,21.240573194817927,20.0,0.0
5.5,26.75090226459031,65.73040391870444,175.92110388816997,21.36150209054756,20.33983601328474,20.965461819716907,20.0,0.0
5.550000000000001,25.853181919509208,65.79442096352432,176.53155618179633,21.288525942171646,20.361637074340884,20.691533052330144,20.0,0.0
5.6000000000000005,24.954830476433294,65.84886988200233,177.1397175912747,21.222319594469447,20.389444001917806,20.418869835040653,20.0,0.0
5.65,24.05595170688348,65.8937804336869,177.74580260233,21.162828480715756,20.423093465519273,20.147552433187926,20.0,0.0
5.7,23.15664816518051,65.92918014951199,178.35002341069105,21.109990265344578,20.462419117875417,19.877658442686553,20.0,0.0
5.75,22.257021323217696,65.95509433906163,178.95258974669667,21.063735183382494,20.507251924830193,19.609262799261757,20.0,0.0
5.800000000000001,21.357171702773023,65.97154610448605,179.55370870855057,21.02398637920019,20.557420491472808,19.342437789264793,20.0,0.0
5.8500000000000005,20.45719900523922,65.9785563608102,-179.84641539598059,20.99066024436252,20.612751384281413,19.07725306203605,20.0,0.0
5.9,19.55720223866096,65.97614386238087,-179.24758119961132,20.963666754356726,20.67306944900776,18.813775643787068,20.0,0.0
5.95,18.657279841977964,65.96432523520458,-178.6495904174963,20.942909803974654,20.738198123998572,18.552069952976083,20.0,0.0
6.0,17.757529806381374,65.94311501493375,-178.05224798126233,20.92828754111922,20.80795974861615,18.292197817154076,20.0,0.0
6.050000000000001,16.85804979369836,65.9125256902638,-177.4553621652596,20.919692698797572,20.88217586639288,18.034218491259963,20.0,0.0
6.1000000000000005,15.95893725172684,65.87256775150925,-176.8587447051694,20.91701292505438,20.96066752252958,17.77818867734466,20.0,0.0
6.15,15.060289526448317,65.82324974413126,-176.26221090909587,20.920131110588326,21.043255555327754,17.524162545704513,20.0,0.0
6.2,14.162203971052207,65.76457832699427,-175.66557976126265,20.928925713783997,21.129760881130704,17.27219175740487,20.0,0.0
6.25,13.26477805171,65.69655833513309,-175.06867401843004,20.94327108288019,21.22000477233739,17.022325488173507,20.0,0.0
6.300000000000001,12.368109450041834,65.61919284681655,-174.4713202991432,20.963037774984276,21.313809128048533,16.774610453644087,20.0,0.0
6.3500000000000005,11.472296162222039,65.53248325469728,-173.87334916591917,20.988092871631725,21.410996736903375,16.529090935927528,20.0,0.0
6.4,10.577436594673625,65.43642934084123,-173.27459520047873,21.0183002905797,21.511391531671002,16.285808811488806,20.0,0.0
6.45,9.683629656304898,65.33102935543363,-172.67489707212758,21.053521093514792,21.614818835169523,16.044803580304475,20.0,0.0
6.5,8.790974847244215,65.21628009896182,-172.07409759939213,21.093613789347273,21.721105597101502,15.806112396274585,20.0,0.0
6.550000000000001,7.89957234403157,65.09217700767788,-171.4720438050154,21.138434632758287,21.83008062141278,15.569770098860772,20.0,0.0
6.6000000000000005,7.00952308122813,64.95871424214737,-170.8685869644203,21.18783791766218,21.941574783805677,15.335809245919876,20.0,0.0
6.65,6.120928829407135,64.8158847786929,-170.26358264775072,21.241676265243857,22.055421239064955,15.104260147700487,20.0,0.0
6.7,5.233892269491838,64.6636805035439,-169.6568907556024,21.299800906231077,22.17145561788593,14.875150901967459,20.0,0.0
6.75,4.3485170634082175,64.50209230950614,-169.0483755485602,21.362061957063567,22.289516212928394,14.648507430216853,20.0,0.0
6.800000000000001,3.4649079210223688,64.33111019496738,-168.43790567066137,21.428308689625343,22.409444153856747,14.424353514941842,20.0,0.0
6.8500000000000005,2.5831706633345144,64.15072336505703,-167.8253541669095,21.4983897942133,22.53108357116631,14.20271083790766,20.0,0.0
6.9,1.7034122819037276,63.96092033478016,-167.21059849496677,21.57215363542423,22.65428174863635,13.983599019391171,20.0,0.0
6.95,0.825740994479586,63.761689033948066,-166.59352053115848,21.649448500653666,22.778889264292953,13.767035658338841,20.0,0.0
7.0,-0.049733703180796396,63.55301691372962,-165.97400657092678,21.730122840913612,22.904760119807943,13.553036373394747,20.0,0.0
7.050000000000001,-0.9229009893296259,63.33489105464939,-165.3519473238767,21.81402550369178,23.03175185830371,13.3416148447481,20.0,0.0
7.1000000000000005,-1.7936486720960505,63.10729827586038,-164.72723790356088,21.90100595759263,23.159725670577274,13.132782856748221,20.0,0.0
7.15,-2.661863149218936,62.870225245521134,-164.09977781215517,21.990914508520106,23.28854648979943,12.92655034123301,20.0,0.0
7.2,-3.5274293716565794,62.623658592108654,-163.4694709201807,22.083602507182917,23.41808307478853,12.722925421515612,20.0,0.0
7.25,-4.390230811082416,62.36758501650058,-162.8362254414329,22.178922547726174,23.548208081997107,12.521914456972645,20.0,0.0
7.300000000000001,-5.250149431272936,62.101991404661675,-162.19995390328174,22.276728657316955,23.67879812639097,12.323522088176048,20.0,0.0
7.3500000000000005,-6.107065663391028,61.82686494077183,-161.560573112511,22.376876476536527,23.809733831436464,12.127751282509898,20.0,0.0
7.4,-6.960858385164893,61.542193220634445,-160.9180041168683,22.47922343045795,23.940899868447755,11.934603380212458,20.0,0.0
7.45,-7.8114049039594065,61.247964365206336,-160.27217216249994,22.583628890314365,24.07218498557785,11.744078140783557,20.0,0.0
7.5,-8.658580943733478,60.94416713409203,-159.6230066474484,22.68995432569033,24.20348202676888,11.556173789696572,20.0,0.0
7.550000000000001,-9.502260635873482,60.630791038847754,-158.97044107139155,22.79806344719594,24.33468794100305,11.370887065354466,20.0,0.0
7.6000000000000005,-10.342316513889234,60.30782645594247,-158.31441298180582,22.907822339610735,24.465703782221954,11.188213266229141,20.0,0.0
7.65,-11.178619511955326,59.97526473922561,-157.6548639167361,23.019099585511537,24.596434700302364,11.00814629812372,20.0,0.0
7.7,-12.01103896727684,59.63309833175369,-156.991739344357,23.131766379425166,24.726789923496945,10.830678721497492,20.0,0.0
7.75,-12.839442626254595,59.28132087683046,-156.32498859951093,23.24569663257315,24.85668273276267,10.655801798794307,20.0,0.0
7.800000000000001,-13.663696654421168,58.91992732811774,-155.65456481740827,23.360767068300973,24.986030428413788,10.483505541715381,20.0,0.0
7.8500000000000005,-14.483665650114899,58.54891405867712,-154.98042486467548,23.476857308309032,25.1147542895459,10.313778758378895,20.0,0.0
7.9,-15.299212661855092,58.16827896880541,-154.30252926793636,23.59384994982595,25.24277952668436,10.146609100309526,20.0,0.0
7.95,-16.110199209377516,57.778021592529626,-153.62084214011057,23.711630633887268,25.37003522811542,9.981983109202446,20.0,0.0
8.0,-16.916485308285235,57.37814320263068,-152.93533110461317,23.830088104903563,25.496454300360128,9.819886263407618,20.0,0.0
8.05,-17.717929498265697,56.96864691406806,-152.24596721763618,23.94911426172189,25.621973403249765,9.660303024081848,20.0,0.0
8.1,-18.51438887482091,56.54953778568109,-151.5527248886921,24.06860420040245,25.746532880059597,9.503216880957503,20.0,0.0
8.15,-19.30571912445349,56.12082292004609,-150.85558179959696,24.18845624894939,25.870076683151837,9.348610397678726,20.0,0.0
8.200000000000001,-20.09177456324734,55.68251156137214,-150.15451882206733,24.308571994249565,25.992552295571556,9.196465256657802,20.0,0.0
8.25,-20.872408178777732,55.234615191322156,-149.44951993410348,24.42885630148685,26.113910649030984,9.046762303406133,20.0,0.0
8.3,-21.647471675281665,54.777147622649686,-148.74057213532697,24.549217326311428,26.234106038705967,8.899481590296517,20.0,0.0
8.35,-22.41681552201562,54.31012509054594,-148.02766536143798,24.669566520053895,26.353096035256947,8.754602419715411,20.0,0.0
8.4,-23.18028900472402,53.8335663415956,-147.31079239795375,24.789818628282685,26.470841394473236,8.61210338656602,20.0,0.0
8.450000000000001,-23.93774028013813,53.347492720244325,-146.589948793385,24.90989168301058,26.587305964924536,8.471962420085312,20.0,0.0
8.5,-24.6890164334217,52.851928252684914,-145.8651327720039,25.029706988861577,26.702456593988575,8.33415682494023,20.0,0.0
8.55,-25.433963538476227,52.3468997280738,-145.1363451463516,25.149189103513507,26.816263032606912,8.198663321570805,20.0,0.0
8.6,-26.17242672101557,51.83243677699387,-144.40358922962957,25.268265812734462,26.928697839104597,8.065458085750059,20.0,0.0
8.65,-26.904250224316538,51.3085719470842,-143.6668707481137,25.38686810033233,27.0397362823915,7.9345167873328535,20.0,0.0
8.700000000000001,-27.629277477549316,50.77534077576191,-142.92619775372495,25.504930113336556,27.149356244845777,7.8058146281683705,20.0,0.0
8.75,-28.347351166588737,50.232781859966295,-142.18158053688614,25.622389122730073,27.257538125161616,7.679326379153032,20.0,0.0
8.8,-29.058313307205054,49.68093692285962,-141.4330315397878,25.73918548004661,27.3642647414257,7.555026416402995,20.0,0.0
8.85,-29.762005320530417,49.11985087742443,-140.68056527018223,25.85526257014512,27.469521234668857,7.432888756527774,20.0,0.0
8.9,-30.458268110695226,48.54957188690145,-139.92419821581814,25.970566760468245,27.573294973121268,7.312887090988575,20.0,0.0
8.950000000000001,-31.146942144526562,47.97015142201737,-139.1639487596238,26.08504734708632,27.67557545738221,7.194994819527352,20.0,0.0
9.0,-31.827867533199207,47.38164431495663,-138.39983709574076,26.19865649782174,27.776354226698196,7.07918508265459,20.0,0.0
9.05,-32.50088411572828,46.78410881003589,-137.63188514650417,26.31134919274149,27.87562476652601,6.9654307931861155,20.0,0.0
9.1,-33.165831544191235,46.17760661104523,-136.86011648046122,26.423083162297527,27.973382417541412,6.853704666821123,20.0,0.0
9.15,-33.82254937056582,45.56220292522441,-136.08455623151264,26.533818823386376,28.069624286237552,6.743979251755775,20.0,0.0
9.200000000000001,-34.47087713506991,44.93796650384777,-135.30523101925766,26.643519213590032,28.1643491572427,6.636226957328553,20.0,0.0
9.25,-35.11065445588838,44.30496967939575,-134.5221688706163,26.752149923850936,28.257557407471413,6.530420081695581,20.0,0.0
9.3,-35.741721120171675,43.66328839929607,-133.73539914279837,26.859679029823827,28.349250922209553,6.426530838535776,20.0,0.0
9.35,-36.36391717619081,43.01300225622194,-132.94495244768277,26.966077022137096,28.439433013220032,6.324531382787541,20.0,0.0
9.4,-36.97708302653326,42.35419451493939,-132.1508605776651,27.071316735785878,28.52810833894347,6.224393835420365,20.0,0.0
9.450000000000001,-37.581059522224535,41.68695213570041,-131.35315643302718,27.175373278868562,28.61528282685558,6.126090307246237,20.0,0.0
9.5,-38.175688057660665,41.011365794182844,-130.55187395087594,27.278223960867635,28.700963598032068,6.029592921777379,20.0,0.0
9.55,-38.76081066623736,40.327529897982295,-129.7470480356953,27.379848220665096,28.785158893961157,5.934873837138099,20.0,0.0
9.600000000000001,-39.33627011656249,39.6355425996657,-128.9387144915484,27.480227554471956,28.867878005633013,5.841905267040104,20.0,0.0
9.65,-39.90191000913942,38.93550580640012,-128.1269099559644,27.5793454438406,28.949131204927443,5.750659500831723,20.0,0.0
9.700000000000001,-40.457574873410024,38.22752518617445,-127.31167183553768,27.677187283918233,29.028929678311226,5.661108922632685,20.0,0.0
9.75,-41.003110265047354,37.51171017063544,-126.49303824326424,27.773740312089163,29.107285462849017,5.573226029567387,20.0,0.0
9.8,-41.538362863389665,36.788173954563426,-125.67104793763507,27.86899353714344,29.184211384524627,5.486983449110376,20.0,0.0
9.850000000000001,-42.06318056890894,36.057033492016394,-124.84574026350195,27.962937669099237,29.259720998862008,5.40235395555888,20.0,0.0
9.9,-42.577412600608966,35.31840948917485,-124.01715509472757,28.05556504979658,29.333828533829767,5.31931048564806,20.0,0.0
9.950000000000001,-43.08090959324989,34.57242639392299,-123.18533277862755,28.14686958437038,29.406548835007168,5.237826153325344,20.0,0.0
10.0,-43.57352369429832,33.81921238220504,-122.3503140822085,28.236846673701578,29.477897312984133,5.157874263701167,20.0,0.0
10.05,-44.0551086605041,33.05889934119851,-121.5121401402025,28.325493147936047,29.547889892964257,5.079428326193785,20.0,0.0
10.100000000000001,-44.52551995400724,32.291622849349125,-120.67085240489533,28.412807201152347,29.616542966534364,5.002462066886636,20.0,0.0
10.15,-44.98461483788095,31.5175221533147,-119.82649259774212,28.498788327251063,29.683873345562084,4.926949440117113,20.0,0.0
10.200000000000001,-45.432252471019005,30.73674014186813,-118.9791026627613,28.58343725713042,29.7498982181784,4.852864639316152,20.0,0.0
10.25,-45.8682940022784,29.949423316811682,-118.12872472169504,28.666755897205274,29.81463510680048,4.780182107118186,20.0,0.0
10.3,-46.29260266379079,29.155721760957366,-117.27540103092116,28.748747269319217,29.878101828147297,4.708876544761665,20.0,0.0
10.350000000000001,-46.70504386335905,28.355789103230048,-116.4191739400996,28.82941545209265,29.940316455198186,4.638922920800269,20.0,0.0
10.4,-47.10548527585778,27.549782480952025,-115.56008585253338,28.90876552374305,30.00129728104421,4.5702964791453695,20.0,0.0
10.450000000000001,-47.493796933559594,26.737862499369562,-114.69817918722276,28.986803506407416,30.061062784578937,4.5029727464602445,20.0,0.0
10.5,-47.86985131531186,25.92019318848348,-113.8334963425883,29.063536311991097,30.119631597976234,4.436927538926831,20.0,0.0
10.55,-48.23352343449125,25.09694195724749,-112.96607966183734,29.138971689561465,30.177022475900348,4.372136968405663,20.0,0.0
10.600000000000001,-48.584690925666465,24.268279545199192,-112.09597139994614,29.21311817429996,30.233254266394063,4.3085774480097285,20.0,0.0
10.65,-48.92323412990246,23.43437997158998,-111.22321369222911,29.285985038020968,30.288345883389972,4.246225697112891,20.0,0.0
10.700000000000001,-49.24903617864218,22.5954204820811,-110.34784852446418,29.35758224126161,30.342316280789984,4.185058745813464,20.0,0.0
10.75,-49.561983076104916,21.751581493074045,-109.46991770454288,29.42792038694221,30.395184428058236,4.125053938873364,20.0,0.0
10.8,-49.861963780143235,20.903046533744334,-108.58946283561197,29.497010675593348,30.44696928727313,4.066188939153058,20.0,0.0
10.850000000000001,-50.14887028150318,20.05000218584828,-107.70652529067314,29.564864862141903,30.497689791584257,4.008441730562396,20.0,0.0
10.9,-50.42259768143549,19.19263802137306,-106.82114618860557,29.63149521424493,30.547364825020832,3.9517906205471434,20.0,0.0
10.950000000000001,-50.683044267608324,18.33114653810064,-105.93336637157607,29.69691447215749,30.59601320359905,3.89621424213081,20.0,0.0
11.0,-50.930111588274656,17.46572309315663,-105.04322638380069,29.761135810117604,30.64365365767625,3.84169155553095,20.0,0.0
11.05,-51.163704524650534,16.596565834615177,-104.15076645162091,29.824172799228936,30.69030481550104,3.7882018493689884,20.0,0.0
11.100000000000001,-51.38373136146286,15.723875631231202,-103.25602646485771,29.886039371819805,30.735985187909343,3.7357247414921133,20.0,0.0
11.15,-51.59010385562816,14.847856000371259,-102.35904595940569,29.94674978725477,30.780713154117098,3.6842401794256574,20.0,0.0
11.200000000000001,-51.78273730302641,13.96871303421418,-101.4598641010301,30.006318599173508,30.824506948562494,3.633728440473611,20.0,0.0
11.25,-51.96155060333651,13.08665532429254,-100.55851967032885,30.06476062412986,30.867384648750182,3.5841701314850596,20.0,0.0
11.3,-52.12646632290265,12.201893884445628,-99.65505104882173,30.122090911602744,30.909364164052587,3.535546188303485,20.0,0.0
11.350000000000001,-52.277410755603036,11.31464207225432,-98.7494962061296,30.17832471534916,30.95046322542405,3.487837874915712,20.0,0.0
11.4,-52.41431398169512,10.425115509027805,-97.84189268820555,30.23347746606879,30.99069937598442,3.441026782316719,20.0,0.0
11.450000000000001,-52.53710992461363,9.533531998411577,-96.93227760658095,30.287564745348483,31.03008996243091,3.3950948271062984,20.0,0.0
11.5,-52.64573640569995,8.640111443685639,-96.02068762858961,30.34060226085437,31.068652127237495,3.3500242498328063,20.0,0.0
11.55,-52.74013519684383,7.745075763821101,-95.10715896853287,30.392605822738883,31.106402801602833,3.305797613099223,20.0,0.0
11.600000000000001,-52.820252071020235,6.848648808362821,-94.19172737974992,30.443591321229164,31.14335869910896,3.262397799445779,20.0,0.0
11.65,-52.88603685070647,5.951056271204878,-93.274428147557,30.493574705363432,31.179536310054125,3.2198080090235734,20.0,0.0
11.700000000000001,-52.937443454166555,5.052525603324979,-92.35529608302062,30.54257196284134,31.2149518964247,3.178011757072454,20.0,0.0
11.75,-52.97442993959195,4.153285924543022,-91.43436551752973,30.59059910095444,31.24962148747191,3.1369928712167834,20.0,0.0
11.8,-52.99695854708928,3.2535679343681942,-90.5116702981327,30.63767212856283,31.283560875861046,3.096735488591463,20.0,0.0
11.850000000000001,-53.00499573850789,2.353603821998095,-89.58724378360577,30.683807039084133,31.316785614361383,3.0572240528107884,20.0,0.0
11.9,-52.998512235101515,1.4536271755324328,-88.66111884121969,30.729019794461085,31.34931101304673,3.0184433107918736,20.0,0.0
11.950000000000001,-52.97748305302012,0.553872890462899,-87.73332784417269,30.773326310074346,31.381152136977363,2.980378309444184,20.0,0.0
12.0,-52.94188753662952,-0.3454229225001587,-86.803902669658,30.816742440567424,31.412323804335713,2.94301439223608,20.0,0.0
12.05,-52.89170938965799,-1.2440230302046387,-85.87287469753524,30.85928396655087,31.44284058498881,2.906337195649016,20.0,0.0
12.100000000000001,-52.82693670417043,-2.1416891703785508,-84.9402748095756,30.90096658215358,31.47271679945196,2.8703326455295297,20.0,0.0
12.15,-52.7475619873722,-3.0381821454392597,-84.00613338925166,30.94180588338918,31.501966518229064,2.8349869533488103,20.0,0.0
12.200000000000001,-52.65358218624589,-3.933261916733562,-83.07048032204308,30.981817357306316,31.530603561506222,2.8002866123790753,20.0,0.0
12.25,-52.54499871002575,-4.8266876991530925,-82.13334499623072,31.021016371892024,31.558641499175867,2.7662183937958886,20.0,0.0
12.3,-52.42181745051555,-5.718218056070612,-81.19475630415197,31.059418166698013,31.586093651170327,2.7327693427146684,20.0,0.0
12.350000000000001,-52.28404880025699,-6.60761099454378,-80.25474264389153,31.09703784416032,31.612973088083987,2.69992677416991,20.0,0.0
12.4,-52.131707668556714,-7.494624060734059,-79.31333192138186,31.133890361583436,31.639292632064784,2.667678269044565,20.0,0.0
12.450000000000001,-51.96481349538107,-8.379014435489472,-78.37055155288911,31.169990523760674,31.665064857956075,2.6360116699572913,20.0,0.0
12.5,-51.78339026312884,-9.260539030040952,-77.42642846786066,31.2053529762032,31.690302094671456,2.6049150771144056,20.0,0.0
12.55,-51.58746650629296,-10.138954581763096,-76.48098911211119,31.239992198950933,31.715016426785198,2.5743768441334254,20.0,0.0
12.600000000000001,-51.37707531902335,-11.014017749951131,-75.53425945132548,31.273922500939094,31.739219696322596,2.5443855738444867,20.0,0.0
12.65,-51.152254360603465,-11.885485211566976,-74.58626497485612,31.307158014895055,31.76292350473455,2.514930114075689,20.0,0.0
12.700000000000001,-50.91304585885447,-12.753113756908242,-73.63703069979579,31.339712692740736,31.786139215042088,2.485999553428151,20.0,0.0
12.75,-50.65949661148121,-13.616660385155065,-72.68658117530433,31.371600301476544,31.808877954136715,2.4575832170461993,20.0,0.0
12.8,-50.3916579853752,-14.47588239975062,-71.7349404871712,31.402834419523703,31.831150615223734,2.4296706623877,20.0,0.0
12.850000000000001,-50.109585913890314,-15.330537503572172,-70.78213226259543,31.43342843350228,31.852967860395935,2.4022516749994978,20.0,0.0
12.9,-49.813340892107696,-16.18038389385045,-69.82817967516499,31.463395535423256,31.87434012332567,2.375316264302441,20.0,0.0
12.950000000000001,-49.502987970106766,-17.025180356796103,-68.87310545001905,31.492748720273426,31.895277612064483,2.3488546593903123,20.0,0.0
13.0,-49.17859674425995,-17.86468636189291,-67.91693186917676,31.521500783972787,31.915790311939382,2.322857304846586,20.0,0.0
13.05,-48.84024134656926,-18.698662155818354,-66.95968077701708,31.549664321684688,31.93588798853583,2.2973148565829007,20.0,0.0
13.100000000000001,-48.488000432063224,-19.52686885595302,-66.00137358589483,31.577251726459775,31.95558019075804,2.2722181777026904,20.0,0.0
13.15,-48.1219571642733,-20.349068543441206,-65.04203128187889,31.604275188195363,31.97487625395749,2.2475583343932186,20.0,0.0
13.200000000000001,-47.74219919880923,-21.165024355765986,-64.08167443059888,31.630746692892657,31.99378530312126,2.2233265918492435,20.0,0.0
13.25,-47.34881866505328,-21.97450057880276,-63.1203231831875,31.656678022194704,32.0123162561123,2.1995144102308757,20.0,0.0
13.3,-46.941912145993605,-22.777262738316235,-62.15799728230633,31.682080753188814,32.030477826953835,2.176113440658561,20.0,0.0
13.350000000000001,-46.521580656217495,-23.57307769086651,-61.19471606824313,31.706966258457744,32.048278529151204,2.1531155212474147,20.0,0.0
13.4,-46.08792961808543,-24.361713714090772,-60.23049848506999,31.73134570636442,32.065726679044204,2.1305126731832047,20.0,0.0
13.450000000000001,-45.64106883610735,-25.142940596327893,-59.26536308685119,31.755230061555835,32.082830399183756,2.108297096842101,20.0,0.0
13.5,-45.1811124695427,-25.916529725553897,-58.29932804389132,31.778630085672113,32.099597621726936,2.0864611679559744,20.0,0.0
13.55,-44.70817900324628,-26.682254177597095,-57.33241114901381,31.801556338247458,32.11603609184502,2.0649974338250487,20.0,0.0
13.600000000000001,-44.22239121678201,-27.439888803602365,-56.36462982386103,31.824019177790138,32.132153371139246,2.0438986095794007,20.0,0.0
13.65,-43.72387615182711,-28.18921031671474,-55.39600112520745,31.84602876302936,32.14795684105947,2.0231575744907317,20.0,0.0
13.700000000000001,-43.21276507788942,-28.92999737795316,-54.42654175127794,31.867595054317224,32.16345370632109,2.002767368335661,20.0,0.0
13.75,-42.6891934563607,-29.66203068124597,-53.45626804806361,31.888727815174644,32.17865099831644,1.9827211878116913,20.0,0.0
13.8,-42.15330090292917,-30.385093037600274,-52.48519601562795,31.909436613970488,32.193555578515976,1.963012383006756,20.0,0.0
13.850000000000001,-41.6052311483746,-31.098969458378058,-51.51334131439692,31.929730825723738,32.208174141856304,1.9436344539233303,20.0,0.0
13.9,-41.04513199776947,-31.803447237652467,-50.540719271426376,31.94961963401892,32.2225132201112,1.9245810470576927,20.0,0.0
13.950000000000001,-40.47315528810994,-32.498316033618345,-49.56734488664127,31.969112033025507,32.236579185242675,1.9058459520350866,20.0,0.0
14.0,-39.88945684440071,-33.18336794903164,-48.593232839041,31.98821682961245,32.25037825272906,1.8874230983012623,20.0,0.0
14.05,-39.29419643421759,-33.85839761065298,-47.61839749286566,32.00694264554935,32.26391648486721,1.869306551870828,20.0,0.0
14.100000000000001,-38.68753772077229,-34.52320224767117,-46.64285290371882,32.02529791978633,32.27719979404695,1.851490512132692,20.0,0.0
14.15,-38.06964821450375,-35.177581769083034,-45.66661282464195,32.043290910804956,32.29023394599458,1.8339693087129092,20.0,0.0
14.200000000000001,-37.44069922322058,-35.82133884000643,-44.689690712136745,32.06092969903278,32.303024562984184,1.816737398394963,20.0,0.0
14.25,-36.800865800819366,-36.454278956904034,-43.71209973213131,32.07822218931503,32.31557712701399,1.7997893620977266,20.0,0.0
14.3,-36.15032669460375,-37.07621052169568,-42.73385276588688,32.09517611343638,32.327896982946925,1.7831199019108723,20.0,0.0
14.350000000000001,-35.48926429122921,-37.68694491473793,-41.7549624158418,32.11179903268714,32.33998934161289,1.7667238381878647,20.0,0.0
14.4,-34.81786456129883,-38.28629656664974,-40.775441011389766,32.12809834046755,32.351859282871914,1.7505961066962499,20.0,0.0
14.450000000000001,-34.136317002635224,-38.874083028963796,-39.795300614589785,32.144081264925006,32.36351175863656,1.7347317558250595,20.0,0.0
14.5,-33.444814582254146,-39.45012504358348,-38.81455302580518,32.15975487161869,32.37495159585262,1.7191259438491713,20.0,0.0
14.55,-32.7435536770653,-40.01424661102593,-37.83320978926974,32.17512606620682,32.38618349943686,1.7037739362501156,20.0,0.0
14.600000000000001,-32.03273401332604,-40.56627505743211,-36.85128219857875,32.19020159715183,32.397212055171096,1.688671103093121,20.0,0.0
14.65,-31.312558604873814,-41.106041100325385,-35.86878130210336,32.204988058438914,32.40804173255158,1.6738129164598874,20.0,0.0
14.700000000000001,-30.583233690163222,-41.633378913100444,-34.88571790832655,32.21949189230411,32.41867688759329,1.6591949479367258,20.0,0.0
14.75,-29.844968668133866,-42.14812618822484,-33.90210259109949,32.233719391967625,32.42912176558829,1.6448128661574017,20.0,0.0
14.8,-29.097976032935087,-42.65012419913602,-32.91794569481688,32.2476767043691,32.439380503817645,1.6306624344002856,20.0,0.0
14.850000000000001,-28.342471307533962,-43.13921786081707,-31.9332573395105,32.26136983290114,32.44945713421677,1.6167395082392275,20.0,0.0
14.9,-27.578672976232976,-43.6152557890348,-30.948047425859933,32.274804640137965,32.45935558599357,1.6030400332474244,20.0,0.0
14.950000000000001,-26.806802416123915,-44.0780903582244,-29.96232564011986,32.28798685055622,32.469079688199315,1.5895600427538241,20.0,0.0
15.0,-26.027083827504686,-44.52757775800512,-28.97610145896331,32.30092205324502,32.478633172252046,1.5762956556512364,20.0,0.0
15.05,-25.239744163285827,-44.96357804831206,-27.98938415424051,32.31361570460266,32.488019674412485,1.563243074255631,20.0,0.0
15.100000000000001,-24.44501305741364,-45.385955213129435,-27.00218279765294,32.32607313101765,32.49724273821213,1.5503985822157773,20.0,0.0
15.15,-23.643122752336932,-45.79457721281128,-26.014506265342575,32.33829953153154,32.506305816833965,1.537758542472588,20.0,0.0
15.200000000000001,-22.834308025544573,-46.18931603497576,-25.026363242396194,32.350299980481715,32.5152122754458,1.5253193952673954,20.0,0.0
15.25,-22.01880611520104,-46.57004774395998,-24.037762227264817,32.36207943012201,32.523965393485994,1.513077656198405,20.0,0.0
15.3,-21.196856644907374,-46.936652528822314,-23.04871153609825,32.37364271321943,32.53256836690223,1.5010299143245902,20.0,0.0
15.350000000000001,-20.368701547614982,-47.28901474987989,-22.0592193069955,32.38499454562535,32.54102431034344,1.4891728303161855,20.0,0.0
15.4,-19.53458498871991,-47.62702298376931,-21.069293504170755,32.396139528819496,32.54933625930501,1.477503134651073,20.0,0.0
15.450000000000001,-18.694753288365224,-47.95057006701896,-20.078941922035863,32.4070821524256,32.55750717222774,1.4660176258561606,20.0,0.0
15.5,-17.849454842979323,-48.25955313812186,-19.088172189199526,32.417826796697184,32.565539932551,1.454713168793056,20.0,0.0
15.55,-16.998940046078083,-48.553873678098334,-18.096991772383916,32.42837773497246,32.57343735072022,1.443586692987175,20.0,0.0
15.600000000000001,-16.143461208358804,-48.833437549538246,-17.105407980259304,32.4387391360973,32.58120216614931,1.43263519099947,20.0,0.0
15.65,-15.283272477114068,-49.09815503411297,-16.11342796719747,32.448915066815296,32.58883704913865,1.42185571683995,20.0,0.0
15.700000000000001,-14.4186297549937,-49.34794086854776,-15.12105873694453,32.45890949412411,32.596344602748694,1.4112453844222301,20.0,0.0
15.75,-13.549790618143113,-49.58271427904547,-14.128307146214027,32.46872628759729,32.60372736463002,1.4008013660582748,20.0,0.0
15.8,-12.677014233746375,-49.8023990141532,-13.135179908201327,32.47836922167106,32.61098780881031,1.390520890992498,20.0,0.0
15.850000000000001,-11.800561277002501,-50.00692337606377,-12.141683596019964,32.48784197789529,32.61812834743889,1.3804012439743758,20.0,0.0
15.9,-10.92069384756348,-50.19622025034428,-11.147824646060974,32.4971481471484,32.62515133248902,1.3704397638689088,20.0,0.0
15.950000000000001,-10.037675385462652,-50.37022713408481,-10.153609361276331,32.50629123181559,32.63205905741906,1.3606338423039332,20.0,0.0
16.0,-9.151770586562131,-50.52888616246021,-9.159043914387281,32.51527464793012,32.63885375879272,1.350980922353635,20.0,0.0
16.05,-8.263245317548044,-50.67214413369897,-8.164134351018673,32.52410172727745,32.64553761785908,1.3414784972573912,20.0,0.0
16.1,-7.372366530502402,-50.79995253245307,-7.168886592760596,32.532775719461846,32.65211276209328,1.332124109173165,20.0,0.0
16.150000000000002,-6.479402177080499,-50.912267551563616,-6.173306440157972,32.54129979393552,32.65858126669801,1.3229153479647238,20.0,0.0
16.2,-5.58462112232278,-51.009050112217196,-5.177399575629639,32.54967704198999,32.66494515606699,1.313849850021768,20.0,0.0
16.25,-4.688293058130192,-51.090265882488545,-4.181171566317754,32.55791047870977,32.67120640521063,1.304925297112412,20.0,0.0
16.3,-3.790688416432045,-51.1558852942654,-3.184627866868912,32.56600304488841,32.6773669411449,1.296139415267028,20.0,0.0
16.35,-2.8920782820754853,-51.20588355855213,-2.1877738221478538,32.57395760890673,32.68342864424378,1.2874899736929208,20.0,0.0
16.400000000000002,-1.9927343054657,-51.240240679148854,-1.1906146698851576,32.581776968573664,32.68939334955603,1.2789747837189225,20.0,0.0
16.45,-1.0929286149860076,-51.258941464703575,-0.19315554326005732,32.58946385292955,32.695262848087175,1.2705916977692269,20.0,0.0
16.5,-0.1929337292270139,-51.26197553913506,0.8045985265805606,32.59702092401224,32.70103888804713,1.2623386083658374,20.0,0.0
16.55,0.7069775309459678,-51.249337350424796,1.8026426080656743,32.60445077858616,32.706723176063946,1.2542134471587474,20.0,0.0
16.6,1.606532130458024,-51.221026177776814,2.80097186680494,32.61175594983458,32.71231737836505,1.2462141839833052,20.0,0.0
16.650000000000002,2.5054569081930618,-51.17704613714458,3.7995815632537817,32.61893890901533,32.71782312192581,1.2383388259439698,20.0,0.0
16.7,3.403478665236325,-51.11740618512472,4.798467050437466,32.62600206708036,32.723241995586534,1.2305854165238514,20.0,0.0
16.75,4.300324253161803,-51.042120121217756,5.797623771732827,32.63294777625937,32.72857555113883,1.2229520347192988,20.0,0.0
16.8,5.195720662335342,-50.95120658845649,6.797047258706763,32.63977833160791,32.73382530438112,1.215436794198979,20.0,0.0
16.85,6.089395110204278,-50.844689072403256,7.7967331290100725,32.64649597252028,32.73899273614503,1.2080378424866325,20.0,0.0
16.900000000000002,6.9810751295444735,-50.72259589851762,8.796677084325642,32.65310288420776,32.74407929329245,1.2007533601670843,20.0,0.0
16.95,7.870488656635625,-50.58496022789667,9.796874908369656,32.65960119914238,32.749086389684365,1.1935815601147226,20.0,0.0
17.0,8.757364119335806,-50.43182005139051,10.797322464944742,32.665992998466805,32.754015407122026,1.1865206867439255,20.0,0.0
17.05,9.641430525026228,-50.263218182095954,11.798015696043953,32.67228031337075,32.75886769626097,1.1795690152807836,20.0,0.0
17.1,10.52241754839726,-50.07920224623211,12.798950620004469,32.67846512643434,32.7636445774986,1.1727248510555413,20.0,0.0
17.150000000000002,11.400055619046853,-49.87982467240179,13.800123329709692,32.68454937293893,32.76834734183606,1.165986528815253,20.0,0.0
17.2,12.27407600886252,-49.665142679243374,14.801529990838846,32.69053494214587,32.772977251714806,1.1593524120559593,20.0,0.0
17.25,13.144210919158207,-49.43521826147806,15.803166840162891,32.69642367854365,32.77753554182852,1.152820892373981,20.0,0.0
17.3,14.010193567537359,-49.19011817435807,16.80503018388569,32.702217383063996,32.78202341991128,1.146390388835627,20.0,0.0
17.35,14.871758274453704,-48.92991391652175,17.80711639602924,32.707917814267375,32.786442067502094,1.1400593473649678,20.0,0.0
17.400000000000002,15.728640549441295,-48.6546817112621,18.80942191686206,32.71352668949843,32.79079264068672,1.1338262401490127,20.0,0.0
17.45,16.580577176985518,-48.36450248621563,19.811943251369655,32.719045686011874,32.79507627081723,1.1276895650598604,20.0,0.0
17.5,17.42730630200689,-48.05946185147897,20.81467696776594,32.7244764420694,32.799294065209885,1.1216478450932925,20.0,0.0
17.55,18.26856751492957,-47.73965007616126,21.817619696044638,32.72982055800801,32.80344710782203,1.115699627823389,20.0,0.0
17.6,19.104101936306698,-47.40516206338056,22.820768126569757,32.73507959728044,32.80753645990821,1.1098434848725844,20.0,0.0
17.650000000000002,19.933652300974828,-47.056097323713296,23.824119008704056,32.740255087468135,32.811563160656426,1.1040780113968651,20.0,0.0
17.7,20.756963041709763,-46.692559947106034,24.827669149474495,32.7453485212673,32.81552822780485,1.0984018255854622,20.0,0.0
17.75,21.573780372356488,-46.314658573259415,25.83141541227385,32.750361357448554,32.81943265823965,1.0928135681747904,20.0,0.0
17.8,22.383852370405833,-45.922506360494594,26.83535471559746,32.75529502179078,32.82327742857415,1.0873119019761077,20.0,0.0
17.85,23.186929058990863,-45.51622095311291,27.839484031814244,32.76015090798959,32.82706349571039,1.0818955114164623,20.0,0.0
17.900000000000002,23.98276248827608,-45.09592444726003,28.843800385970972,32.764930378541074,32.83079179738285,1.0765631020925994,20.0,0.0
17.95,24.77110681621278,-44.66174335530641,29.84830085462906,32.769634765601204,32.83446325268548,1.0713134003373739,20.0,0.0
18.0,25.551718388634075,-44.213808568756015,30.852982564733004,32.77426537182151,32.83807876258214,1.0661451527982848,20.0,0.0
18.05,26.324355818663363,-43.75225531969613,31.857842692509415,32.77882347116156,32.84163921040102,1.061057126027798,20.0,0.0
18.1,27.08878006541018,-43.27722314080131,32.86287846239606,32.78331030967866,32.84514546231349,1.0560481060850648,20.0,0.0
18.150000000000002,27.84475451192768,-42.78885582390494,33.86808714599998,32.787727106295435,32.84859836779777,1.0511168981486705,20.0,0.0
18.2,28.592045042406188,-42.287301377152495,34.87346606108383,32.79207505354561,32.85199876008806,1.0462623261400736,20.0,0.0
18.25,29.330420118577543,-41.77271198075091,35.879012570579825,32.79635531829864,32.85534745660929,1.0414832323574714,20.0,0.0
18.3,30.05965085530518,-41.24524394132893,36.88472408163033,32.800569042463685,32.858645259398024,1.0367784771196185,20.0,0.0
18.35,30.77951109533519,-40.70505764492376,37.89059804465454,32.80471734367328,32.86189295551005,1.0321469384194017,20.0,0.0
18.400000000000002,31.48977748318392,-40.152317508609855,38.896631952440366,32.808801315947335,32.86509131741479,1.0275875115868516,20.0,0.0
18.45,32.19022953813783,-39.587191930785906,39.90282333926081,32.81282203033786,32.8682411033772,1.0230991089612473,20.0,0.0
18.5,32.880649726341744,-39.00985324013676,40.90916978001432,32.816780535554955,32.871343057827424,1.0186806595719986,20.0,0.0
18.55,33.56082353195194,-38.420477643287235,41.91566888938821,32.82067785857442,32.87439791171833,1.0143311088281664,20.0,0.0
18.6,34.23053952733065,-37.81924517116526,42.922318321044635,32.82451500522755,32.87740638287191,1.0100494182161412,20.0,0.0
18.650000000000002,34.889589442259094,-37.20633962409229,43.92911576682835,32.82829296077358,32.88036917631426,1.0058345650053724,20.0,0.0
18.7,35.53776823214636,-36.58194851561918,44.93605895599575,32.83201269045506,32.883286984599664,1.0016855419618835,20.0,0.0
18.75,36.17487414521181,-35.94626301512618,45.94314565446445,32.83567514003682,32.88616048812461,0.9976013570691578,20.0,0.0
18.8,36.80070878861895,-35.29947788920609,46.950373664082925,32.8392812363288,32.88899035543116,0.9935810332563833,20.0,0.0
18.85,37.41507719353925,-34.64179144185014,47.95774082191949,32.84283188769325,32.891777243500826,0.9896236081336696,20.0,0.0
18.900000000000002,38.017787879124526,-33.97340545345621,48.965244999570075,32.84632798453666,32.89452179803884,0.985728133734014,20.0,0.0
18.95,38.608652915366974,-33.29452511867974,49.97288410248444,32.84977039978681,32.89722465374919,0.9818936762618833,20.0,0.0
19.0,39.18748798482632,-32.60535898314783,50.980656069309966,32.853159989355554,32.89988643460078,0.9781193158481116,20.0,0.0
19.05,39.75411244320387,-31.906118879057438,51.98855887125257,32.85649759258736,32.902507754085036,0.9744041463109454,20.0,0.0
19.1,40.308349378743685,-31.197019859679017,52.99659051145453,32.859784032694336,32.90508921546498,0.9707472749230277,20.0,0.0
19.150000000000002,40.850025670441404,-30.47828013278714,54.00474902438832,32.86302011717795,32.907631412016464,0.9671478221841383,20.0,0.0
19.200000000000003,41.37897204504177,-29.750120993040113,55.01303247526623,32.86620663823785,32.910134927261424,0.9636049215994404,20.0,0.0
19.25,41.89502313280616,-29.012766753330872,56.02143895946512,32.869344373168104,32.91260033519376,0.9601177194631703,20.0,0.0
19.3,42.398017522031935,-28.266444675131794,57.02996660196591,32.872434084741364,32.91502820049779,0.9566853746474919,20.0,0.0
19.35,42.88779781230581,-27.511384897856356,58.03861355680753,32.87547652158111,32.91741907875974,0.9533070583963408,20.0,0.0
19.400000000000002,43.36421066647385,-26.747820367260896,59.047378006554595,32.87847241852244,32.91977351667242,0.9499819541241976,20.0,0.0
19.450000000000003,43.827106861311066,-25.975986762910043,60.05625816177847,32.881422496961726,32.92209205223326,0.9467092572195241,20.0,0.0
19.5,44.2763413368742,-25.196122424729666,61.065252260551624,32.884327465195405,32.92437521493614,0.9434881748527317,20.0,0.0
19.55,44.71177324452146,-24.40846827867147,62.074358567954285,32.88718801874831,32.92662352595696,0.9403179257885697,20.0,0.0
19.6,45.1332659935837,-23.61326776151372,63.08357537559354,32.89000484069179,32.92883749833332,0.9371977402028051,20.0,0.0
19.650000000000002,45.54068729667162,-22.81076674482269,64.0929010011344,32.8927786019519,32.93101763713855,0.9341268595029177,20.0,0.0
19.700000000000003,45.93390921360446,-22.001213458099905,65.10233378784199,32.89550996160809,32.933164439650064,0.9311045361528869,20.0,0.0
19.75,46.312808193945635,-21.1848584111403,66.11187210413526,32.89819956718252,32.935278395512675,0.9281300335017235,20.0,0.0
19.8,46.677265118131714,-20.361954315626843,67.12151434315135,32.90084805492039,32.9373599868964,0.9252026256158388,20.0,0.0
19.85,47.027165337181096,-19.532756005987228,68.13125892232037,32.903456050061536,32.939409688649704,0.922321597114923,20.0,0.0
19.900000000000002,47.36239871096966,-18.69752035953867,69.1411042829503,32.906024167103546,32.94142796844761,0.9194862430113631,20.0,0.0
19.950000000000003,47.682859645060844,-17.856506215946897,70.15104888982188,32.90855301005669,32.94341528693552,0.9166958685529991,20.0,0.0
20.0,47.98844712607823,-17.00997429602571,71.16109123079298,32.91104317269089,32.945372097868244,0.9139497890692141,20.0,0.0
20.05,48.27906475560904,-16.158187119903708,72.17122981641184,32.913495238774985,32.94729884824514,0.9112473298200925,20.0,0.0
20.1,48.55462078262772,-15.301408924584942,73.18146317953996,32.91590978230857,32.949195978440756,0.9085878258487128,20.0,0.0
20.150000000000002,48.815028134428886,-14.43990558093043,74.19178987498285,32.91828736774658,32.95106392233176,0.9059706218363885,20.0,0.0
20.200000000000003,49.06020444605972,-13.573944510087694,75.20220847912978,32.92062855021695,32.9529031074199,0.9033950719607517,20.0,0.0
20.25,49.290072088242276,-12.703794599395616,76.21271758960138,32.922933875731445,32.95471395495127,0.9008605397566285,20.0,0.0
20.3,49.50455819377658,-11.82972611779207,77.22331582490519,32.925203881390004,32.95649688003207,0.8983663979796503,20.0,0.0
20.35,49.70359468241604,-10.95201063075195,78.2340018240988,32.92743909557872,32.95825229174089,0.8959120284723809,20.0,0.0
20.400000000000002,49.88711828420709,-10.070920914783343,79.24477424646058,32.929640038161736,32.95998059323768,0.8934968220330717,20.0,0.0
20.450000000000003,50.055070561285575,-9.186730871509754,80.2556317711671,32.93180722066716,32.96168218186977,0.8911201782867835,20.0,0.0
20.5,50.20739792812274,-8.299715441366368,81.26657309697826,32.93394114646735,32.96335744927431,0.8887815055589527,20.0,0.0
20.55,50.34405167021442,-7.41015051693851,82.27759694192848,32.93604231095356,32.96500678147827,0.8864802207512028,20.0,0.0
20.6,50.464987961207314,-6.518312855970505,83.28870204302478,32.938111201705325,32.966630558995334,0.8842157492194147,20.0,0.0
20.650000000000002,50.5701678784569,-5.624479994073288,84.29988715595097,32.94014829865461,32.96822915692026,0.8819875246539937,20.0,0.0
20.700000000000003,50.659557417011925,-4.72893015715916,85.31115105477835,32.94215407424502,32.96980294502029,0.8797949889621464,20.0,0.0
20.75,50.73312750202109,-3.83194217363221,86.32249253168189,32.94412899358611,32.97135228782436,0.8776375921523112,20.0,0.0
20.8,50.79085399955785,-2.9337953863629247,87.3339103966626,32.94607351460313,32.972877544709625,0.8755147922204856,20.0,0.0
20.85,50.83271772585995,-2.034769564475643,88.34540347727527,32.947988088182164,32.97437906998584,0.8734260550385287,20.0,0.0
20.900000000000002,50.85870445498079,-1.1351448149774979,89.35697061836163,32.94987315831099,32.97585721297732,0.8713708542442689,20.0,0.0
20.950000000000003,50.86880492485008,-0.2352014942575652,90.36861068178897,32.951729162215734,32.97731231810285,0.8693486711335154,20.0,0.0
21.0,50.863014841742036,0.6647798805150477,91.38032254619367,32.95355653049339,32.9787447249534,0.8673589945537472,20.0,0.0
21.05,50.841334883149614,1.5645187200654092,92.3921051067298,32.955355687240534,32.98015476836794,0.8654013207995916,20.0,0.0
21.1,50.80377069906402,2.4637344517304993,93.40395727482256,32.95712705017821,32.98154277850719,0.8634751535099028,20.0,0.0
21.150000000000002,50.75033291165904,3.362146608191697,94.4158779779263,32.95887103077313,32.982909080925694,0.861580003566516,20.0,0.0
21.200000000000003,50.68103711338047,4.259474916193254,95.42786615928725,32.96058803435545,32.98425399664185,0.8597153889945375,20.0,0.0
21.25,50.5959038634413,5.155439385218,96.4399207777104,32.96227846023305,32.985577842206446,0.8578808348642397,20.0,0.0
21.3,50.4949586827238,6.049760396091562,97.45204080733085,32.96394270180259,32.98688092976953,0.8560758731943565,20.0,0.0
21.35,50.3782320470903,6.942158789486399,98.4642252373893,32.965581146657364,32.988163567145506,0.8543000428569414,20.0,0.0
21.400000000000002,50.245759379104925,7.832355954297003,99.47647307201152,32.96719417669223,32.98942605787679,0.8525528894835546,20.0,0.0
21.450000000000003,50.09758103816893,8.720073915857688,100.48878332999192,32.968782168205415,32.99066870129614,0.850833965372928,20.0,0.0
21.5,49.93374230907299,9.605035423974412,101.5011550445806,32.970345491997605,32.99189179258729,0.8491428293998808,20.0,0.0
21.55,49.7542933889702,10.4869640407422,102.51358726327446,32.971884513468304,32.993095622844415,0.8474790469256561,20.0,0.0
21.6,49.55928937277405,11.365584228119756,103.52607904761174,32.973399592709455,32.99428047913032,0.8458421897094723,20.0,0.0
21.650000000000002,49.348790236986204,12.240621435233013,104.53862947297017,32.974891084596656,32.99544664453309,0.8442318358213683,20.0,0.0
21.700000000000003,49.1228608219593,13.111802185379387,105.55123762836827,32.97635933887783,32.99659439822194,0.8426475695562488,20.0,0.0
21.75,48.881570812600714,13.978854162704698,106.56390261627048,32.977804700259554,32.99772401550143,0.8410889813491735,20.0,0.0
21.8,48.62499471752344,14.84150629852475,107.576623552395,32.979227508491114,32.99883576786502,0.8395556676917906,20.0,0.0
21.85,48.353211846651014,15.699488857263761,108.58939956552507,32.980628098446395,32.999929923047105,0.8380472310499059,20.0,0.0
21.900000000000002,48.066306287283666,16.552533521981918,109.60222979732336,32.98200680020359,33.00100674507434,0.8365632797822045,20.0,0.0
21.950000000000003,47.76436687863362,17.4003734794645,110.61511340214916,32.98336393912293,33.002066494315734,0.8351034280600658,20.0,0.0
22.0,47.44748718483772,18.24274350484516,111.62804954687859,32.98469983592242,33.00310942753198,0.8336672957884232,20.0,0.0
22.05,47.11576546645618,19.079380045736126,112.64103741072769,32.986014806751676,33.004135797923624,0.8322545085277397,20.0,0.0
22.1,46.769304650466815,19.910021305838214,113.6540761850782,32.98730916326396,33.0051458551785,0.8308646974169491,20.0,0.0
22.150000000000002,46.40821229876429,20.734407328003762,114.6671650733061,32.98858321268642,33.00613984551826,0.8294974990974424,20.0,0.0
22.200000000000003,46.03260057517482,21.552280076725804,115.68030329061276,32.9898372578887,33.00711801174403,0.82815255563807,20.0,0.0
22.25,45.642586210996875,22.363383520026886,116.69349006385869,32.991071597449796,33.008080593281264,0.8268295144610818,20.0,0.0
22.3,45.23829046907909,23.16746371072129,117.70672463139978,32.99228652572347,33.00902782622387,0.8255280282690194,20.0,0.0
22.35,44.81983910644703,23.96426886702449,118.720006242926,32.993482332902076,33.00995994337751,0.8242477549726033,20.0,0.0
22.400000000000002,44.38736233549084,24.753549452484002,119.73333415930247,32.99465930507889,33.01087717430236,0.822988357619451,20.0,0.0
22.450000000000003,43.94099478372645,25.535058255205936,120.74670765241304,32.995817724309134,33.01177974535474,0.8217495043237975,20.0,0.0
22.5,43.480875452143195,26.308550466351836,121.76012600500583,32.99695786866954,33.01266787972861,0.8205308681970607,20.0,0.0
22.55,43.00714767215136,27.07378375788064,122.7735885105414,32.99808001231661,33.01354179749613,0.8193321272792389,20.0,0.0
22.6,42.51995906114365,27.830518359510815,123.78709447304287,32.99918442554372,33.014401715647374,0.818152964471274,20.0,0.0
22.650000000000002,42.01946147668474,28.57851713487799,124.80064320694815,33.00027137483684,33.01524784812999,0.816993067468168,20.0,0.0
22.700000000000003,41.5058109693438,29.31754565686371,125.81423403696442,33.001341122929205,33.01608040588776,0.8158521286929528,20.0,0.0
22.75,40.97916773418522,30.047372282071166,126.82786629792466,33.002393928854815,33.01689959689882,0.8147298452315468,20.0,0.0
22.8,40.43969606093305,30.767768224424056,127.84153933464604,33.003430048000816,33.01770562621327,0.8136259187683095,20.0,0.0
22.85,39.887564282825345,31.47850762786502,128.8552525017906,33.004449732158854,33.01849869599018,0.8125400555225184,20.0,0.0
22.900000000000002,39.32294472417472,32.17936763813039,129.86900516372734,33.00545322957537,33.01927900553434,0.8114719661854863,20.0,0.0
22.950000000000003,38.74601364665218,32.87012847357829,130.8827966943967,33.00644078500102,33.02004675133217,0.8104213658585948,20.0,0.0
23.0,38.156951194311354,33.55057349504749,131.8966264771767,33.00741263973895,33.02080212708722,0.8093879739919885,20.0,0.0
23.05,37.55594133737084,34.220489274724564,132.91049390475098,33.0083690316924,33.02154532375547,0.8083715143240795,20.0,0.0
23.1,36.94317181477278,34.87966566399753,133.92439837897845,33.009310195411196,33.022276529579685,0.8073717148217625,20.0,0.0
23.150000000000002,36.318834075536074,35.52789586027413,134.9383393107649,33.01023636213752,33.02299593012381,0.8063883076213543,20.0,0.0
23.200000000000003,35.68312321892308,36.16497647274351,135.95231611993617,33.01114775985082,33.02370370830656,0.805421028970315,20.0,0.0
23.25,35.03623793343898,36.790707587060325,136.96632823511322,33.01204461331195,33.02440004443476,0.8044696191696019,20.0,0.0
23.3,34.37838043468348,37.40489282893052,137.98037509358872,33.012927144106435,33.025085116236276,0.8035338225167763,20.0,0.0
23.35,33.70975640207461,38.00733942657869,138.9944561412052,33.01379557068714,33.0257590988924,0.8026133872498065,20.0,0.0
23.400000000000002,33.030574914465106,38.597858272076905,140.0085708322351,33.014650108416085,33.02642216506995,0.8017080654915318,20.0,0.0
23.450000000000003,32.34104838467188,39.176263981515625,141.0227186292621,33.01549096960565,33.02707448495308,0.8008176131948304,20.0,0.0
23.5,31.641392492939577,39.74237495399741,142.036899003064,33.01631836355904,33.0277162262745,0.7999417900884396,20.0,0.0
23.55,30.9318261193596,40.29601342943473,143.05111143249766,33.017132496610145,33.02834755434632,0.7990803596234457,20.0,0.0
23.6,30.21257127526615,40.83700554513339,144.0653554043846,33.017933572162725,33.02896863209085,0.7982330889204476,20.0,0.0
23.650000000000002,29.483853033631313,41.36518139114362,145.07963041339872,33.018721790729025,33.02957962007081,0.7973997487173037,20.0,0.0
23.700000000000003,28.74589945848142,41.88037506436127,146.0939359619554,33.01949734996772,33.030180676519,0.7965801133176242,20.0,0.0
23.75,27.998941533357296,42.38242472136171,147.10827156010166,33.02026044472138,33.03077195736811,0.7957739605397904,20.0,0.0
23.8,27.243213088841234,42.871172629949896,148.12263672540828,33.02101126705329,33.03135361627978,0.794981071666669,20.0,0.0
23.85,26.478950729173906,43.34646521941004,149.13703098286294,33.02175000628376,33.031925804673556,0.794201231395931,20.0,0.0
23.900000000000002,25.706393757984642,43.80815312943896,150.15145386476482,33.022476849025885,33.032488671755395,0.7934342277909465,20.0,0.0
23.950000000000003,24.92578410315879,44.25609125774762,151.1659049106205,33.023191979220854,33.033042364546084,0.7926798522323395,20.0,0.0
24.0,24.137366240866182,44.690138806315694,152.18038366704147,33.023895578172656,33.03358702790901,0.7919378993701187,20.0,0.0
24.05,23.341387118774957,45.11015932628452,153.1948896876426,33.0245878245824,33.03412280457786,0.7912081670763911,20.0,0.0
24.1,22.53809607847523,45.516020761474145,154.20942253294223,33.02526889458208,33.03464983518405,0.7904904563986861,20.0,0.0
24.150000000000002,21.727744777137403,45.907595490510744,155.22398177026318,33.02593896176793,33.03516825828369,0.7897845715138274,20.0,0.0
24.200000000000003,20.910587108430057,46.28476036755099,156.2385669736354,33.02659819723334,33.035678210384354,0.7890903196824368,20.0,0.0
24.25,20.08687912272272,46.64739676159047,157.25317772369976,33.02724676960127,33.03617982597163,0.7884075112039213,20.0,0.0
24.3,19.256878946598864,46.99539059434382,158.26781360761282,33.0278848450563,33.03667323753522,0.7877359593721422,20.0,0.0
24.35,18.420846701704868,47.32863237668437,159.28247421895313,33.02851258737622,33.03715857559498,0.7870754804315041,20.0,0.0
24.400000000000002,17.57904442296078,47.647017243632,160.2971591576287,33.02913015796327,33.037635968726434,0.7864258935337318,20.0,0.0
24.450000000000003,16.731735976158905,47.950444987877965,161.31186802978542,33.02973771587492,33.038105543586255,0.7857870206950821,20.0,0.0
24.5,15.879186974976522,48.238820091836196,162.32660044771697,33.0303354178543,33.03856742493728,0.7851586867541798,20.0,0.0
24.55,15.021664697429104,48.51205175821089,163.34135602977568,33.03092341836023,33.03902173567346,0.7845407193303231,20.0,0.0
24.6,14.159438001790685,48.77005393907076,164.35613440028445,33.031501869596894,33.03946859684437,0.7839329487823932,20.0,0.0
24.650000000000002,13.29277724200809,49.01274536342081,165.3709351894501,33.032070921543145,33.039908127679595,0.7833352081682037,20.0,0.0
24.700000000000003,12.421954182635984,49.2400495632628,166.38575803327782,33.032630721981455,33.040340445612664,0.7827473332044619,20.0,0.0
24.75,11.547241913319777,49.451894898136366,167.40060257348608,33.033181416526546,33.04076566630506,0.7821691622271558,20.0,0.0
24.8,10.668914762853593,49.64821457813293,168.4154684574236,33.03372314865358,33.04118390366967,0.7816005361525242,20.0,0.0
24.85,9.787248212840627,49.82894668537521,169.4303553379868,33.03425605972616,33.04159526989411,0.7810412984385025,20.0,0.0
24.900000000000002,8.90251881098335,49.99403419395556,170.44526287353835,33.03478028902387,33.041999875463816,0.7804912950466587,20.0,0.0
24.950000000000003,8.015004084031109,50.143424988326856,171.4601907278269,33.03529597376958,33.0423978291849,0.7799503744046348,20.0,0.0
25.0,7.124982450412788,50.277071880140234,172.4751385699079,33.03580324915639,33.04278923820666,0.7794183873690912,20.0,0.0
25.05,6.232733132582301,50.39493262352424,173.4901060740653,33.03630224837426,33.04317420804404,0.7788951871891072,20.0,0.0
25.1,5.338536069104737,50.4969699288008,174.50509291973435,33.03679310263639,33.043552842599674,0.7783806294701066,20.0,0.0
25.150000000000002,4.442671826511098,50.58315147463357,175.52009879142537,33.037275941205195,33.04392524418573,0.7778745721382023,20.0,0.0
25.200000000000003,3.5454215109496006,50.65344991860493,176.5351233786486,33.03775089141809,33.04429151354565,0.7773768754050678,20.0,0.0
25.25,2.647066679661605,50.707842906218374,177.5501663758399,33.038218078712916,33.044651749875484,0.7768874017332408,20.0,0.0
25.3,1.7478892523102467,50.74631307832344,178.56522748228753,33.038677626653104,33.0450060508451,0.7764060158018893,20.0,0.0
25.35,0.8481714221899298,50.768848076960865,179.58030640205993,33.03912965695253,33.04535451261914,0.775932584473054,20.0,0.0
25.400000000000002,-0.0518044326551631,50.77544054962629,-179.40459715606576,33.039574289500145,33.045697229877746,0.775466976758338,20.0,0.0
25.450000000000003,-0.9517558383753417,50.76608815195112,-178.389483478674,33.04001164238426,33.04603429583708,0.7750090637860225,20.0,0.0
25.5,-1.8514003142942546,50.74079354879976,-177.37435284778036,33.04044183191661,33.04636580226952,0.7745587187686738,20.0,0.0
25.55,-2.750455461894095,50.699564413783015,-176.35920554090004,33.0408649726561,33.0466918395239,0.7741158169711113,20.0,0.0
25.6,-3.6486390537789566,50.642413427187776,-175.3440418311155,33.041281177432374,33.04701249654512,0.7736802356788957,20.0,0.0
25.650000000000002,-4.5456691225881345,50.56935827232378,-174.32886198714326,33.041690557369,33.04732786089392,0.7732518541671993,20.0,0.0
25.700000000000003,-5.441264049831198,50.48042163028862,-173.3136662733996,33.04209322190649,33.04763801876625,0.7728305536701043,20.0,0.0
25.75,-6.335142654616684,50.375631173152705,-172.29845495006575,33.042489278825045,33.04794305501244,0.772416217350326,20.0,0.0
25.8,-7.227024282246292,50.2550195555665,-171.28322827315165,33.042878834267,33.048243053156135,0.7720087302693628,20.0,0.0
25.85,-8.116628892646531,50.118624404792584,-170.26798649455955,33.04326199275908,33.04853809541315,0.771607979358059,20.0,0.0
25.900000000000002,-9.003677148609798,49.96648830916592,-169.25272986214608,33.04363885723436,33.04882826270989,0.7712138533875574,20.0,0.0
25.950000000000003,-9.887890503816944,49.79865880498587,-168.237458619784,33.044009529054044,33.04911363470183,0.7708262429406432,20.0,0.0
26.0,-10.768991290613474,49.615188361844375,-167.22217300742267,33.04437410802889,33.04939428979153,0.7704450403835494,20.0,0.0
26.05,-11.646702807511563,49.41613436639476,-166.2068732611482,33.044732692440505,33.04967030514656,0.7700701398380829,20.0,0.0
26.1,-12.520749406390228,49.20155910456657,-165.19155961324225,33.04508537906236,33.04994175671733,0.7697014371542181,20.0,0.0
26.150000000000002,-13.39085657936603,48.97152974223198,-164.17623229224043,33.04543226318057,33.050208719254435,0.7693388298829618,20.0,0.0
26.200000000000003,-14.256751045306821,48.726118304330015,-163.16089152298971,33.04577343861442,33.0504712663261,0.76898221724975,20.0,0.0
26.25,-15.118160835961183,48.465401652455206,-162.1455375267051,33.04610899773669,33.050729470335185,0.7686315001280946,20.0,0.0
26.3,-15.974815381676285,48.18946146091789,-161.13017052102543,33.04643903149372,33.05098340253615,0.7682865810136619,20.0,0.0
26.35,-16.82644559667707,47.898384191283654,-160.1147907200686,33.04676362942533,33.051233133051724,0.7679473639987222,20.0,0.0
26.400000000000002,-17.67278396387977,47.59226106540019,-159.09939833448593,33.04708287968435,33.051478730889436,0.7676137547469608,20.0,0.0
26.450000000000003,-18.513564619212985,47.27118803691998,-158.0839935715155,33.04739686905614,33.051720263957904,0.7672856604686089,20.0,0.0
26.5,-19.348523435419583,46.935265761328026,-157.06857663503536,33.04770568297769,33.051957799082956,0.7669629898960153,20.0,0.0
26.55,-20.17739810531301,46.58459956448399,-156.05314772561533,33.04800940555664,33.05219140202357,0.7666456532594879,20.0,0.0
26.6,-20.999928224461634,46.21929940968886,-155.03770704056856,33.04830811959,33.05242113748749,0.7663335622635401,20.0,0.0
26.650000000000002,-21.81585537327503,45.83947986328657,-154.02225477400216,33.048601906582675,33.052647069147,0.7660266300634149,20.0,0.0
26.700000000000003,-22.62492319846623,45.44526005881147,-153.00679111686708,33.04889084676584,33.05286925965398,0.7657247712420698,20.0,0.0
26.75,-23.42687749386422,45.03676365969306,-151.99131625700733,33.04917501911499,33.05308777065529,0.7654279017873691,20.0,0.0
26.8,-24.22146628055116,44.61411882052975,-150.9758303792086,33.04945450136787,33.05330266280761,0.7651359390696726,20.0,0.0
26.85,-25.008439886298955,44.177458146944055,-149.96033366524614,33.04972937004214,33.05351399579231,0.7648488018197668,20.0,0.0
26.900000000000002,-25.787551024280187,43.72691865403185,-148.94482629393178,33.049999700452865,33.053721828329934,0.7645664101070864,20.0,0.0
26.950000000000003,-26.558554871028427,43.26264172341887,-147.9293084411606,33.0502655667298,33.05392621819473,0.7642886853182489,20.0,0.0
27.0,-27.321209143623406,42.78477305893811,-146.91378027995654,33.050527041834435,33.05412722222884,0.76401555013598,20.0,0.0
27.05,-28.07527417607661,42.29346264094217,-145.8982419805179,33.05078419757689,33.0543248963564,0.7637469285182377,20.0,0.0
27.1,-28.820512994893217,41.788864679264925,-144.8826937102615,33.05103710463257,33.05451929559723,0.76348274567777,20.0,0.0
27.150000000000002,-29.5566913937865,41.27113756484757,-143.8671356338669,33.05128583255861,33.054710474080835,0.7632229280618574,20.0,0.0
27.200000000000003,-30.283578007521122,40.740443820044206,-142.85156791331934,33.0515304498102,33.054898485059645,0.7629674033324747,20.0,0.0
27.25,-31.000944384862002,40.19695004762283,-141.83599070795262,33.051771023756594,33.055083380922575,0.762716100346637,20.0,0.0
27.3,-31.70856506060576,39.64082687847777,-140.82040417449096,33.05200762069702,33.055265213208024,0.7624689491371583,20.0,0.0
27.35,-32.40621762667196,39.07224891807018,-139.8048084670904,33.052240305876374,33.055444032617,0.7622258808935669,20.0,0.0
27.400000000000002,-33.09368280223176,38.49139469161354,-138.78920373737958,33.05246914350071,33.05561988902587,0.7619868279434598,20.0,0.0
27.450000000000003,-33.77074450285183,37.89844658802145,-137.77359013450004,33.052694196752505,33.05579283149911,0.761751723734001,20.0,0.0
27.5,-34.437189908631716,37.29359080263548,-136.75796780514563,33.05291552780584,33.055962908301694,0.7615205028137808,20.0,0.0
27.55,-35.09280953131317,36.677017278751244,-135.7423368936017,33.053133197841255,33.05613016691157,0.7612931008149317,20.0,0.0
27.6,-35.73739728034027,36.04891964796111,-134.7266975417834,33.05334726706056,33.056294654031625,0.7610694544355354,20.0,0.0
27.650000000000002,-36.37075052784946,35.40949516933242,-133.71104988927365,33.05355779470135,33.05645641560185,0.7608495014222356,20.0,0.0
27.700000000000003,-36.99267017256912,34.75894466744055,-132.6953940733604,33.05376483905138,33.05661549681112,0.7606331805532065,20.0,0.0
27.75,-37.602960702608385,34.09747246927619,-131.67973022907339,33.053968457462794,33.056771942108846,0.7604204316213128,20.0,0.0
27.8,-38.20143025711548,33.42528634004704,-130.6640584892203,33.054168706366085,33.05692579521658,0.7602111954175541,20.0,0.0
27.85,-38.78789068678618,32.74259741789401,-129.6483789844226,33.05436564128397,33.057077099139285,0.7600054137147794,20.0,0.0
27.900000000000002,-39.36215761320317,32.04962014754268,-128.6326918431505,33.054559316845065,33.057225896176625,0.7598030292516214,20.0,0.0
27.950000000000003,-39.92405048698783,31.346572212910896,-127.61699719175748,33.05474978679732,33.05737222793388,0.7596039857167369,20.0,0.0
28.0,-40.473392644745815,30.633674468693815,-126.6012951545147,33.05493710402136,33.05751613533306,0.7594082277331893,20.0,0.0
28.05,-41.010011364788795,29.911150870948088,-125.58558585364423,33.05512132054363,33.05765765862345,0.7592157008431784,20.0,0.0
28.1,-41.53373792161458,29.179228406696986,-124.56986940935232,33.055302487549326,33.05779683739233,0.7590263514929632,20.0,0.0
28.150000000000002,-42.04440763912853,28.43813702257879,-123.55414593986185,33.05548065539526,33.05793371057537,0.7588401270180327,20.0,0.0
28.200000000000003,-42.54185994258949,27.688109552560935,-122.53841556144447,33.055655873622406,33.058068316467015,0.7586569756284689,20.0,0.0
28.25,-43.02593840926388,26.92938164474274,-121.52267838845214,33.05582819096845,33.05820069273052,0.7584768463945935,20.0,0.0
28.3,-43.49649081777197,26.16219168726986,-120.5069345333482,33.055997655380025,33.05833087640802,0.7582996892328282,20.0,0.0
28.35,-43.9533691961108,25.38678073338381,-119.49118410673809,33.05616431402488,33.05845890393046,0.75812545489174,20.0,0.0
28.400000000000002,-44.396429868338636,24.60339242563023,-118.4754272173994,33.05632821330385,33.05858481112725,0.7579540949383627,20.0,0.0
28.450000000000003,-44.82553349990623,23.81227291924987,-117.4596639723116,33.05648939886267,33.05870863323589,0.7577855617446758,20.0,0.0
28.5,-45.24054514162061,23.01367080477638,-116.44389447668532,33.056647915603605,33.058830404911404,0.7576198084743595,20.0,0.0
28.55,-45.641334272227596,22.207837029865388,-115.42811883399104,33.05680380769702,33.05895016023571,0.7574567890696997,20.0,0.0
28.6,-46.027774839599594,21.395024820379575,-114.41233714598751,33.05695711859264,33.05906793272672,0.7572964582387485,20.0,0.0
28.650000000000002,-46.3997453005157,20.575489600754537,-113.39654951274962,33.057107891030796,33.05918375534743,0.7571387714426479,20.0,0.0
28.700000000000003,-46.75712865902162,19.749488913670664,-112.38075603269586,33.05725616705341,33.05929766051487,0.7569836848832168,20.0,0.0
28.75,-47.09981250335732,18.917282339056342,-111.3649568026154,33.057401988014945,33.059409680108864,0.7568311554906657,20.0,0.0
28.8,-47.42768904144076,18.079131412448003,-110.34915191769464,33.05754539459308,33.05951984548069,0.7566811409115246,20.0,0.0
28.85,-47.74065513489656,17.235299542732825,-109.33334147154355,33.057686426799336,33.05962818746155,0.7565335994968407,20.0,0.0
28.900000000000002,-48.03861233161894,16.386051929300002,-108.3175255562213,33.057825123989495,33.059734736371055,0.7563884902904405,20.0,0.0
28.950000000000003,-48.32146689685856,15.531655478626718,-107.30170426226177,33.057961524873896,33.05983952202554,0.7562457730174614,20.0,0.0
29.0,-48.58912984282365,14.672378720325128,-106.28587767869851,33.05809566752758,33.05994257374604,0.7561054080730827,20.0,0.0
29.05,-48.84151695678598,13.808491722676845,-105.27004589308935,33.05822758940033,33.060043920366546,0.7559673565113627,20.0,0.0
29.1,-49.07854882768288,12.940266007681537,-104.25420899154061,33.05835732732649,33.06014359024176,0.7558315800343394,20.0,0.0
29.150000000000002,-49.300150871206974,12.06797446564645,-103.23836705873093,33.05848491753473,33.06024161125495,0.7556980409812155,20.0,0.0
29.200000000000003,-49.506253353375676,11.191891269343783,-102.22252017793475,33.058610395657595,33.0603380108256,0.7555667023178287,20.0,0.0
29.25,-49.69679141257313,10.31229178776295,-101.20666843104539,33.05873379674103,33.06043281591707,0.7554375276261922,20.0,0.0
29.3,-49.871705080057524,9.429452499484977,-100.19081189859777,33.0588551552536,33.06052605304388,0.755310481094277,20.0,0.0
29.35,-50.03093929892752,8.54365090570629,-99.17495065979075,33.05897450509577,33.060617748279164,0.7551855275059154,20.0,0.0
29.400000000000002,-50.174443941541654,7.655165442939346,-98.15908479250918,33.059091879608864,33.060707927261824,0.7550626322308744,20.0,0.0
29.450000000000003,-50.30217382538538,6.764275395417617,-97.14321437334551,33.059207311584075,33.060796615203714,0.7549417612151146,20.0,0.0
29.5,-50.4140887273807,5.871260807232532,-96.1273394776212,33.059320833271194,33.06088383689659,0.7548228809712114,20.0,0.0
29.55,-50.5101533966339,4.976402394230076,-95.11146017940753,33.05943247638729,33.06096961671902,0.75470595856887,20.0,0.0
29.6,-50.590337565617425,4.079981455694824,-94.09557655154639,33.05954227212528,33.06105397864314,0.7545909616256807,20.0,0.0
29.650000000000002,-50.65461595978233,3.182279785849223,-93.07968866567047,33.05965025116227,33.06113694624136,0.7544778582979745,20.0,0.0
29.700000000000003,-50.702968305598375,2.2835795851960317,-92.06379659222337,33.059756443667915,33.06121854269299,0.7543666172718346,20.0,0.0
29.75,-50.73537933701917,1.3841633717318533,-91.04790040047911,33.059860879312566,33.061298790790644,0.7542572077542644,20.0,0.0
29.8,-50.75183880037037,0.4843138920597304,-90.03200015856159,33.059963587275284,33.06137771294666,0.7541495994644904,20.0,0.0
29.85,-50.75234145765949,-0.41568596757117515,-89.01609593346356,33.06006459625181,33.06145533119934,0.7540437626254359,20.0,0.0
29.900000000000002,-50.73688708830613,-1.3155532702707955,-88.0001877910654,33.06016393446235,33.06153166721917,0.7539396679552937,20.0,0.0
29.950000000000003,-50.70548048929226,-2.2150051175302146,-86.98427579615347,33.06026162965927,33.06160674231489,0.7538372866592553,20.0,0.0
30.0,-50.65813147373243,-3.1137587382325265,-85.96836001243831,33.06035770913467,33.06168057743947,0.7537365904213971,20.0,0.0
30.05,-50.59485486786442,-4.011531577624443,-84.95244050257243,33.06045219972787,33.06175319319598,0.7536375513966718,20.0,0.0
30.1,-50.51567050646126,-4.908041386220631,-83.9365173281679,33.06054512783274,33.06182460984348,0.7535401422030361,20.0,0.0
30.150000000000002,-50.420603226666124,-5.803006308612762,-82.92059054981348,33.06063651940493,33.061894847302554,0.7534443359137342,20.0,0.0
30.200000000000003,-50.30968286025198,-6.696144972155301,-81.90466022709181,33.06072639996904,33.06196392516116,0.7533501060496803,20.0,0.0
30.25,-50.18294422430857,-7.5871765755000995,-80.88872641859592,33.06081479462563,33.062031862679916,0.7532574265719632,20.0,0.0
30.3,-50.04042711035952,-8.475820976951903,-79.87278918194579,33.06090172805807,33.06209867879772,0.7531662718745267,20.0,0.0
30.35,-49.88217627191317,-9.361798782616935,-78.85684857380441,33.06098722453948,33.06216439213703,0.7530766167768874,20.0,0.0
30.400000000000002,-49.708241410450924,-10.244831434316808,-77.84090464989379,33.0610713079393,33.062229021009095,0.7529884365170574,20.0,0.0
30.450000000000003,-49.51867715985769,-11.124641297240057,-76.82495746501048,33.06115400173,33.062292583419236,0.7529017067445167,20.0,0.0
30.5,-49.31354306929917,-12.000951747303692,-75.8090070730411,33.061235328993526,33.06235509707183,0.7528164035133713,20.0,0.0
30.55,-49.092903584551564,-12.873487258197265,-74.79305352697733,33.06131531242769,33.062416579375416,0.7527325032755598,20.0,0.0
30.6,-48.856828027789426,-13.741973488082026,-73.77709687893086,33.06139397435253,33.06247704744761,0.752649982874189,20.0,0.0
30.650000000000002,-48.6053905758382,-14.606137365917865,-72.76113718014807,33.06147133671646,33.06253651811986,0.7525688195370392,20.0,0.0
30.700000000000003,-48.338670236898196,-15.465707177390865,-71.74517448102432,33.06154742110241,33.062595007942456,0.7524889908700629,20.0,0.0
30.75,-48.056750825747386,-16.320412650414397,-70.72920883111826,33.06162224873385,33.06265253318897,0.7524104748511249,20.0,0.0
30.8,-47.759720937430835,-17.169985040176833,-69.71324027916565,33.06169584048064,33.06270910986102,0.7523332498237494,20.0,0.0
30.85,-47.44767391944507,-18.0141572137091,-68.69726887309308,33.061768216864955,33.062764753692825,0.7522572944910095,20.0,0.0
30.900000000000002,-47.12070784242616,-18.852663733945445,-67.68129466003148,33.061839398066944,33.06281948015565,0.7521825879094948,20.0,0.0
30.950000000000003,-46.77892546935071,-19.685240943250935,-66.6653176863294,33.06190940393042,33.06287330446217,0.7521091094834347,20.0,0.0
31.0,-46.42243422325959,-20.511627046389414,-65.64933799756592,33.061978253968405,33.06292624157086,0.7520368389588583,20.0,0.0
31.05,-46.05134615351441,-21.331562192905768,-64.63335563856364,33.06204596736858,33.062978306190246,0.7519657564178814,20.0,0.0
31.1,-45.665777900597504,-22.144788558896572,-63.61737065340114,33.0621125629987,33.063029512783025,0.7518958422730861,20.0,0.0
31.150000000000002,-45.2658506594665,-22.951050428143372,-62.601383085425496,33.06217805941187,33.0630798755703,0.7518270772619928,20.0,0.0
31.200000000000003,-44.85169014147496,-23.750094272583073,-61.58539297726442,33.06224247485176,33.06312940853556,0.7517594424416529,20.0,0.0
31.25,-44.42342653487114,-24.541668832090064,-60.56940037083819,33.062305827257745,33.06317812542861,0.7516929191832418,20.0,0.0
31.3,-43.981194463887334,-25.325525193545005,-59.55340530737162,33.06236813426995,33.06322603976966,0.7516274891668573,20.0,0.0
31.35,-43.52513294643267,-26.101416869165348,-58.537407827405445,33.06242941323421,33.06327316485302,0.7515631343763474,20.0,0.0
31.400000000000002,-43.05538535040264,-26.869099874072976,-57.52140797080791,33.06248968120698,33.06331951375095,0.7514998370942152,20.0,0.0
31.450000000000003,-42.57209934861922,-27.628332803074475,-56.50540577678585,33.06254895496012,33.06336509931738,0.7514375798966526,20.0,0.0
31.5,-42.075426872415726,-28.378876906629948,-55.48940128389584,33.062607250985636,33.063409934191625,0.7513763456485805,20.0,0.0
31.55,-41.565524063881014,-29.120496165986403,-54.47339453005497,33.06266458550035,33.063454030801964,0.7513161174988667,20.0,0.0
31.6,-41.04255122677811,-29.852957367452078,-53.45738555255151,33.062720974450464,33.063497401369126,0.7512568788755871,20.0,0.0
31.650000000000002,-40.506672776152676,-30.576030175788336,-52.44137438805539,33.06277643351608,33.06354005790984,0.7511986134813071,20.0,0.0
31.700000000000003,-39.958057186647245,-31.28948720669602,-51.42536107262861,33.062830978115635,33.063582012240275,0.7511413052885487,20.0,0.0
31.75,-39.396876939537464,-31.993104098373447,-50.4093456417353,33.062884623410255,33.06362327597942,0.7510849385352429,20.0,0.0
31.8,-38.82330846850702,-32.686659582123525,-49.39332813025166,33.06293738430805,33.06366386055229,0.7510294977203102,20.0,0.0
31.85,-38.23753210417839,-33.36993555198778,-48.37730857247586,33.062989275468354,33.06370377719332,0.7509749675993049,20.0,0.0
31.900000000000002,-37.63973201741677,-34.04271713338534,-47.361287002137615,33.06304031130585,33.063743036949546,0.7509213331801163,20.0,0.0
31.950000000000003,-37.030096161425156,-34.704792750735336,-46.345263452407735,33.06309050599468,33.06378165068367,0.7508685797187695,20.0,0.0
32.0,-36.40881621264876,-35.355954194041374,-45.32923795590735,33.063139873472466,33.06381962907726,0.7508166927152686,20.0,0.0
32.050000000000004,-35.776087510507324,-35.99599668441714,-44.31321054471718,33.06318842744424,33.06385698263373,0.7507656579095183,20.0,0.0
32.1,-35.13210899597443,-36.62471893853259,-43.29718125038652,33.063236181386344,33.063893721681445,0.7507154612773377,20.0,0.0
32.15,-34.47708314902299,-37.24192323196026,-42.28115010394206,33.063283148550276,33.063929856376504,0.7506660890265167,20.0,0.0
32.2,-33.81121592495676,-37.84741546140201,-41.26511713589666,33.06332934196643,33.06396539670577,0.7506175275929152,20.0,0.0
32.25,-33.13471668964786,-38.44100520577641,-40.24908237625791,33.063374774447816,33.06400035248969,0.7505697636367188,20.0,0.0
32.300000000000004,-32.44779815370062,-39.022505786147654,-39.233045854536506,33.063419458593664,33.06403473338502,0.7505227840386297,20.0,0.0
32.35,-31.75067630556262,-39.59173432447709,-38.21700759975461,33.06346340679305,33.06406854888771,0.7504765758962364,20.0,0.0
32.4,-31.043570343603918,-40.14851180117892,-37.20096764045395,33.06350663122838,33.06410180833549,0.7504311265203683,20.0,0.0
32.45,-30.326702607185783,-40.692663111461954,-36.18492600470386,33.06354914387889,33.06413452091057,0.75038642343155,20.0,0.0
32.5,-29.600298506740767,-41.22401712043965,-35.16888272010914,33.063590956524,33.06416669564235,0.7503424543565131,20.0,0.0
32.550000000000004,-28.864586452886,-41.74240671699112,-34.1528378138178,33.06363208074674,33.06419834140983,0.7502992072247352,20.0,0.0
32.6,-28.119797784592127,-42.247668866356214,-33.13679131252869,33.063672527936966,33.064229466944276,0.7502566701650935,20.0,0.0
32.65,-27.366166696430415,-42.739644661448004,-32.120743242498975,33.06371230929463,33.06426008083163,0.7502148315025181,20.0,0.0
32.7,-26.603930164921014,-43.218179372866636,-31.10469362955152,33.06375143583299,33.064290191514964,0.7501736797547238,20.0,0.0
32.75,-25.833327874005466,-43.683122497598795,-30.088642499082066,33.0637899183817,33.064319807296904,0.7501332036290336,20.0,0.0
32.800000000000004,-25.054602139667004,-44.134327806387404,-29.07258987606644,33.06382776758993,33.06434893634203,0.7500933920191599,20.0,0.0
32.85,-24.267997833722326,-44.57165338975669,-28.05653578506748,33.063864993929364,33.06437758667909,0.7500542340021568,20.0,0.0
32.9,-23.47376230680883,-44.99496170267819,-27.04048025024196,33.063901607697204,33.06440576620339,0.7500157188353569,20.0,0.0
32.95,-22.67214531059158,-45.40411960786351,-26.02442329534732,33.06393761901908,33.064433482679,0.749977835953338,20.0,0.0
33.0,-21.863398919214454,-45.798998417670354,-25.008364943748347,33.06397303785193,33.06446074374094,0.7499405749650023,20.0,0.0
33.050000000000004,-21.047777450020217,-46.17947393460861,-23.99230521842369,33.06400787398686,33.06448755689735,0.7499039256506919,20.0,0.0
33.1,-20.225537383564475,-46.54542649043362,-22.97624414197233,33.06404213705189,33.0645139295317,0.7498678779592893,20.0,0.0
33.15,-19.39693728294868,-46.896740983814546,-21.960181736619834,33.06407583651473,33.06453986890476,0.7498324220054471,20.0,0.0
33.2,-18.562237712497573,-47.23330691656582,-20.94411802422465,33.06410898168545,33.064565382156765,0.7497975480668515,20.0,0.0
33.25,-17.721701155806645,-47.55501842843035,-19.92805302628417,33.06414158171912,33.06459047630943,0.7497632465814448,20.0,0.0
33.300000000000004,-16.875591933185458,-47.86177433040351,-18.911986763940746,33.064173645618425,33.06461515826784,0.7497295081448385,20.0,0.0
33.35,-16.02417611852274,-48.153478136587495,-17.895919257987615,33.06420518223624,33.06463943482255,0.749696323507635,20.0,0.0
33.4,-15.167721455599485,-48.4300380945659,-16.879850528874705,33.064236200278124,33.06466331265145,0.7496636835728907,20.0,0.0
33.45,-14.30649727387635,-48.69136721428912,-15.863780596714312,33.064266708304785,33.06468679832156,0.7496315793935722,20.0,0.0
33.5,-13.440774403781852,-48.93738329546136,-14.847709481286769,33.06429671473455,33.06470989829113,0.7496000021700482,20.0,0.0
33.550000000000004,-12.57082509152807,-49.16800895342068,-13.831637202045922,33.06432622784574,33.06473261891116,0.7495689432476667,20.0,0.0
33.6,-11.696922913480606,-49.383171643504014,-12.81556377812459,33.064355255778985,33.06475496642748,0.749538394114353,20.0,0.0
33.65,-10.819342690109778,-49.58280368388934,-11.799489228339876,33.064383806539595,33.06477694698229,0.7495083463982155,20.0,0.0
33.7,-9.938360399550128,-49.76684227690796,-10.783413571198462,33.06441188799978,33.064798566616105,0.7494787918652364,20.0,0.0
33.75,-9.054253090795436,-49.935229528820145,-9.767336824901719,33.06443950790095,33.06481983126926,0.7494497224169905,20.0,0.0
33.800000000000004,-8.167298796556564,-50.08791246804789,-8.751259007350777,33.06446667385583,33.064840746783744,0.7494211300883862,20.0,0.0
33.85,-7.277776445809537,-50.224843061859076,-7.735180136151558,33.06449339335068,33.06486131890478,0.7493930070454553,20.0,0.0
33.9,-6.385965776061414,-50.34597823149781,-6.719100228619663,33.064519673747405,33.06488155328243,0.749365345583179,20.0,0.0
33.95,-5.492147245361515,-50.45127986575614,-5.70301930178518,33.06454552228562,33.06490145547325,0.7493381381233704,20.0,0.0
34.0,-4.596601944085727,-50.540714832982935,-4.6869373723974475,33.064570946084736,33.06492103094182,0.7493113772125355,20.0,0.0
34.050000000000004,-3.6996115065216193,-50.61425499152608,-3.6708544569296744,33.06459595214596,33.06494028506226,0.7492850555198487,20.0,0.0
34.1,-2.801458022282218,-50.67187719860481,-2.654770571583557,33.06462054735427,33.064959223119786,0.7492591658350776,20.0,0.0
34.15,-1.902423947576289,-50.71356331760927,-1.6386857322938015,33.064644738480375,33.06497785031219,0.7492337010666219,20.0,0.0
34.2,-1.0027920163630641,-50.739300223825126,-0.6225999547325015,33.064668532182644,33.064996171751275,0.7492086542395455,20.0,0.0
34.25,-0.10284515141936312,-50.749079808581335,0.39348674568643327,33.06469193500897,33.06501419246436,0.7491840184936223,20.0,0.0
34.300000000000004,0.7971336246529087,-50.742898981819835,1.4095743538030798,33.06471495339864,33.06503191739562,0.7491597870814459,20.0,0.0
34.35,1.6968612784508803,-50.72075967308633,2.4256628547072014,33.06473759368414,33.065049351407474,0.7491359533665971,20.0,0.0
34.4,2.5960548547984446,-50.68266883094182,3.441752233734176,33.064759862092956,33.06506649928202,0.749112510821746,20.0,0.0
34.45,3.494431565749584,-50.6286384207952,4.4578424764608755,33.06478176474931,33.06508336572237,0.7490894530269046,20.0,0.0
34.5,4.39170887953929,-50.558685421157364,5.473933568701721,33.06480330767596,33.065099955353865,0.7490667736676144,20.0,0.0
34.550000000000004,5.287604609454081,-50.472831818318326,6.4900254965046615,33.06482449679581,33.0651162727255,0.7490444665332276,20.0,0.0
34.6,6.181837002594172,-50.37110459944872,7.506118246147386,33.06484533793365,33.065132322311136,0.7490225255151728,20.0,0.0
34.65,7.074124828499349,-50.25353574412805,8.522211804133477,33.06486583681775,33.06514810851073,0.749000944605271,20.0,0.0
34.7,7.96418746761068,-50.120162214302326,9.538306157188671,33.06488599908154,33.06516363565169,0.7489797178940876,20.0,0.0
34.75,8.851744999540216,-49.97102594267415,10.554401292257177,33.06490583026512,33.06517890798994,0.7489588395692977,20.0,0.0
34.800000000000004,9.736518291120923,-49.80617381952907,11.570497196498076,33.064925335816895,33.06519392971116,0.7489383039140591,20.0,0.0
34.85,10.618229084209137,-49.62565767800219,12.586593857281741,33.06494452109506,33.065208704931976,0.748918105305485,20.0,0.0
34.9,11.496600083211904,-49.42953427778977,13.602691262186378,33.06496339136912,33.065223237701154,0.7488982382130303,20.0,0.0
34.95,12.371355042311695,-49.21786528731095,14.618789398994531,33.064981951821416,33.06523753200061,0.7488786971970356,20.0,0.0
35.0,13.242218852361024,-48.99071726432513,15.634888255689736,33.0650002075485,33.06525159174666,0.7488594769071639,20.0,0.0
35.050000000000004,14.10891762741965,-48.74816163501119,16.650987820453206,33.065018163562655,33.065265420791,0.7488405720809581,20.0,0.0
35.1,14.971178790907132,-48.490274671515145,17.66708808166052,33.065035824793256,33.065279022921864,0.7488219775424056,20.0,0.0
35.15,15.828731161343626,-48.21713746797314,18.683189027878477,33.06505319608815,33.065292401864994,0.7488036882004749,20.0,0.0
35.2,16.68130503765196,-47.928835915017586,19.699290647861826,33.06507028221507,33.06530556128484,0.7487856990477368,20.0,0.0
35.25,17.52863228399413,-47.62546067277427,20.715392930550284,33.06508708786291,33.065318504785324,0.7487680051590004,20.0,0.0
35.300000000000004,18.37044641411557,-47.307107142358966,21.73149586506541,33.06510361764308,33.065331235911124,0.7487506016899133,20.0,0.0
35.35,19.20648267517059,-46.97387543588261,22.74759944070759,33.065119876090804,33.06534375814848,0.7487334838756752,20.0,0.0
35.4,20.036478131002696,-46.625870344974366,23.7637036469531,33.06513586766635,33.06535607492618,0.7487166470297026,20.0,0.0
35.45,20.86017174485351,-46.26320130783253,24.7798084734512,33.06515159675634,33.06536818961661,0.7487000865423354,20.0,0.0
35.5,21.677304461474332,-45.885982374813686,25.79591391002132,33.06516706767493,33.0653801055366,0.7486837978796004,20.0,0.0
35.550000000000004,22.487619288614482,-45.49433217257088,26.81201994665015,33.06518228466505,33.06539182594839,0.7486677765819181,20.0,0.0
35.6,23.290861377860775,-45.08837386675211,27.828126573488987,33.065197251899576,33.06540335406052,0.7486520182629164,20.0,0.0
35.65,24.086778104802747,-44.66823512327088,28.84423378085094,33.0652119734825,33.06541469302872,0.7486365186082153,20.0,0.0
35.7,24.875119148498335,-44.23404806816105,29.860341559208305,33.06522645345009,33.06542584595679,0.7486212733742263,20.0,0.0
35.75,25.65563657021511,-43.78594924602847,30.876449899189872,33.06524069577199,33.0654368158975,0.7486062783870011,20.0,0.0
35.800000000000004,26.428084891422174,-43.32407957711268,31.892558791578473,33.065254704352384,33.065447605853336,0.7485915295410805,20.0,0.0
35.85,27.192221171008317,-42.848584312971965,32.908668227308276,33.065268483031026,33.06545821877746,0.7485770227983863,20.0,0.0
35.9,27.947805081702022,-42.35961299080592,33.92477819746244,33.065282035584346,33.06546865757444,0.7485627541870699,20.0,0.0
35.95,28.69459898566935,-41.85731938642972,34.94088869327053,33.06529536572649,33.06547892510108,0.7485487198004748,20.0,0.0
36.0,29.432368009265915,-41.34186146591499,35.95699970610621,33.06530847711039,33.0654890241672,0.7485349157960073,20.0,0.0
36.050000000000004,30.160880116919394,-40.81340133591247,36.97311122748477,33.065321373328736,33.065498957536434,0.7485213383941414,20.0,0.0
36.1,30.879906184119392,-40.27210519267209,37.9892232490609,33.065334057914995,33.065508727927025,0.7485079838773316,20.0,0.0
36.15,31.589220069491635,-39.71814326977655,39.005335762626295,33.06534653434443,33.06551833801248,0.748494848589047,20.0,0.0
36.2,32.28859868593387,-39.151689784604685,40.02144876010743,33.065358806035,33.06552779042241,0.7484819289327049,20.0,0.0
36.25,32.977822070791056,-38.57292288354174,41.037562233563364,33.06537087634838,33.0655370877432,0.7484692213707262,20.0,0.0
36.300000000000004,33.65667345504782,-37.98202458595351,42.05367617518354,33.06538274859087,33.06554623251875,0.748456722423569,20.0,0.0
36.35,34.324939331516354,-37.37918072694212,43.06979057728559,33.065394426014294,33.06555522725115,0.7484444286687406,20.0,0.0
36.4,34.98240952199832,-36.76458089890146,44.08590543231333,33.065405911816924,33.065564074401394,0.7484323367399099,20.0,0.0
36.45,35.62887724339969,-36.1384183918906,45.102020732834575,33.065417209144385,33.06557277639007,0.7484204433259336,20.0,0.0
36.5,36.26413917277764,-35.500890132843985,46.11813647153915,33.06542832109051,33.065581335598,0.7484087451699821,20.0,0.0
36.550000000000004,36.887995511299074,-34.8521966236375,47.134252641236884,33.06543925069819,33.06558975436689,0.7483972390686375,20.0,0.0
36.6,37.5002500470907,-34.192541878029935,48.15036923485563,33.06545000096024,33.06559803500004,0.7483859218710265,20.0,0.0
36.65,38.10071021696081,-33.52213335749968,49.1664862454393,33.06546057482023,33.065606179762874,0.748374790477925,20.0,0.0
36.7,38.68918716697339,-32.84118190599679,50.18260366614598,33.06547097517328,33.06561419088368,0.7483638418409484,20.0,0.0
36.75,39.265495811855516,-32.14990168363098,51.198721490245994,33.06548120486687,33.06562207055414,0.7483530729616987,20.0,0.0
36.800000000000004,39.82945489321934,-31.44851009931643,52.214839711120206,33.06549126670168,33.06562982092997,0.7483424808909547,20.0,0.0
36.85,40.38088703658032,-30.737227742394566,53.23095832225804,33.065501163432266,33.06563744413149,0.7483320627278403,20.0,0.0
36.9,40.9196188071538,-30.016278313256322,54.24707731725575,33.06551089776793,33.06564494224421,0.7483218156190574,20.0,0.0
36.95,41.4454807644124,-29.285888552985718,55.26319668981472,33.06552047237338,33.06565231731943,0.7483117367580832,20.0,0.0
37.0,41.95830751538698,-28.54628817204689,56.279316433739574,33.065529889869524,33.065659571374866,0.7483018233844305,20.0,0.0
37.050000000000004,42.45793776669448,-27.797709778037014,57.295436542936734,33.065539152834184,33.065666706395,0.7482920727828599,20.0,0.0
37.1,42.944214375276275,-27.04038880252783,58.3115570114125,33.06554826380282,33.06567372433182,0.7482824822826686,20.0,0.0
37.15,43.41698439783104,-26.274563427018787,59.32767783327156,33.065557225269174,33.065680627105316,0.7482730492569232,20.0,0.0
37.2,43.87609913892658,-25.500474508025125,60.34379900271527,33.06556603968603,33.0656874166039,0.7482637711217919,20.0,0.0
37.25,44.32141419777553,-24.718365501324428,61.35992051404017,33.065574709465885,33.065694094685135,0.748254645335777,20.0,0.0
37.300000000000004,44.752789513660225,-23.928482385385507,62.37604236163636,33.065583236981546,33.065700663175996,0.7482456693990684,20.0,0.0
37.35,45.17008940999233,-23.13107358400367,63.392164539985956,33.06559162456686,33.06570712387354,0.7482368408528401,20.0,0.0
37.4,45.57318263699352,-22.32638988816675,64.40828704366162,33.065599874517346,33.06571347854534,0.7482281572785823,20.0,0.0
37.45,45.96194241298375,-21.51468437717645,65.42440986732495,33.06560798909077,33.065719728930056,0.7482196162974262,20.0,0.0
37.5,46.33624646426402,-20.69621233904981,66.44053300572524,33.065615970507864,33.0657258767377,0.7482112155695404,20.0,0.0
37.550000000000004,46.69597706358123,-19.871231190225863,67.45665645369786,33.06562382095285,33.06573192365038,0.748202952793406,20.0,0.0
37.6,47.04102106716296,-19.040000394602714,68.47278020616291,33.0656315425741,33.065737871322526,0.7481948257052835,20.0,0.0
37.65,47.37126995031052,-18.202781381930528,69.48890425812378,33.0656391374847,33.06574372138148,0.748186832078531,20.0,0.0
37.7,47.686619841539105,-17.35983746558608,70.50502860466581,33.06564660776305,33.06574947542794,0.7481789697230141,20.0,0.0
37.75,47.98697155525429,-16.511433759754738,71.52115324095504,33.0656539554534,33.065755135036305,0.7481712364845023,20.0,0.0
37.800000000000004,48.27223062295461,-15.657837096045965,72.53727816223673,33.065661182566465,33.06576070175518,0.7481636302441004,20.0,0.0
37.85,48.54230732295036,-14.7993159395685,73.55340336383408,33.065668291079945,33.06576617710782,0.74815614891763,20.0,0.0
37.9,48.797116708589385,-13.936140304491685,74.5695288411471,33.06567528293908,33.065771562592445,0.7481487904551116,20.0,0.0
37.95,49.03657863498082,-13.06858166911947,75.58565458965123,33.06568216005717,33.06577685968275,0.7481415528401669,20.0,0.0
38.0,49.26061778420851,-12.1969128905038,76.60178060489599,33.06568892431614,33.065782069828344,0.7481344340894722,20.0,0.0
38.050000000000004,49.46916368902611,-11.32140811862428,77.61790688250404,33.06569557756702,33.06578719445494,0.7481274322522324,20.0,0.0
38.1,49.66215075502643,-10.442342710161071,78.6340334181698,33.065702121630444,33.06579223496499,0.7481205454096269,20.0,0.0
38.15,49.83951828127806,-9.55999314188817,79.65016020765826,33.065708558297196,33.06579719273792,0.7481137716742978,20.0,0.0
38.2,50.00121047942278,-8.674636923714305,80.66628724680393,33.065714889328675,33.06580206913052,0.7481071091898599,20.0,0.0
38.25,50.14717649122774,-7.786552511398812,81.68241453150955,33.065721116457375,33.065806865477455,0.7481005561303249,20.0,0.0
38.300000000000004,50.27737040458688,-6.896019218969926,82.69854205774517,33.06572724138738,33.06581158309136,0.7480941106996823,20.0,0.0
38.35,50.391751267966626,-6.00331713087306,83.71466982154679,33.06573326579481,33.065816223263504,0.7480877711313383,20.0,0.0
38.400000000000006,50.4902831032912,-5.1087270138766945,84.73079781901556,33.06573919132829,33.06582078726391,0.7480815356876889,20.0,0.0
38.45,50.57293491726361,-4.212530228763586,85.74692604631647,33.0657450196094,33.06582527634182,0.7480754026596372,20.0,0.0
38.5,50.63968071111867,-3.3150086418350835,86.76305449967747,33.06575075223314,33.06582969172599,0.7480693703660606,20.0,0.0
38.550000000000004,50.690499488805074,-2.4164445362563773,87.77918317538834,33.06575639076835,33.065834034625055,0.7480634371534478,20.0,0.0
38.6,50.72537526359382,-1.5171205232705764,88.79531206979975,33.065761936758115,33.065838306227825,0.7480576013953879,20.0,0.0
38.650000000000006,50.74429706311106,-0.6173194533095381,89.81144117932214,33.065767391720236,33.06584250770364,0.7480518614921436,20.0,0.0
38.7,50.74725893279369,0.2826756729705897,90.82757050042493,33.06577275714762,33.06584664020273,0.748046215870211,20.0,0.0
38.75,50.734259937766595,1.1825817937011278,91.84370002963536,33.0657780345087,33.06585070485638,0.7480406629818717,20.0,0.0
38.800000000000004,50.70530416314102,2.082115874831928,92.85982976353763,33.06578322524782,33.06585470277738,0.7480352013048233,20.0,0.0
38.85,50.66040071273395,2.980994999153736,93.87595969877198,33.06578833078565,33.06585863506036,0.7480298293416965,20.0,0.0
38.900000000000006,50.59956370620886,3.8789364552838483,94.89208983203376,33.065793352519556,33.0658625027819,0.7480245456196926,20.0,0.0
38.95,50.52281227463877,4.775657826587076,95.90822016007246,33.06579829182401,33.06586630700105,0.7480193486901712,20.0,0.0
39.0,50.43017055449303,5.670877080004047,96.92435067969097,33.06580315005094,33.06587004875939,0.7480142371282454,20.0,0.0
39.050000000000004,50.32166768004968,6.564312654758898,97.94048138774458,33.06580792853012,33.06587372908153,0.7480092095323911,20.0,0.0
39.1,50.19733777423578,7.455683550918463,98.95661228114015,33.0658126285695,33.06587734897523,0.7480042645240772,20.0,0.0
39.150000000000006,50.057219937898594,8.344709417775096,99.97274335683525,33.06581725145563,33.065880909431776,0.747999400747382,20.0,0.0
39.2,49.90135823751107,9.231110642025328,100.9888746118374,33.065821798453925,33.06588441142618,0.747994616868624,20.0,0.0
39.25,49.72980169131533,10.114608435716626,102.00500604320314,33.06582627080908,33.06588785591754,0.7479899115759991,20.0,0.0
39.300000000000004,49.54260425390871,10.994924923934583,103.02113764803735,33.0658306697454,33.065891243849144,0.7479852835792045,20.0,0.0
39.35,49.33982479927706,11.871783232202965,104.03726942349233,33.065834996467096,33.06589457614892,0.7479807316091254,20.0,0.0
39.400000000000006,49.121527102280695,12.74490757356912,105.05340136676713,33.06583925215865,33.06589785372953,0.7479762544174378,20.0,0.0
39.45,48.88777981859888,13.614023335347362,106.06953347510675,33.065843437985144,33.06590107748869,0.7479718507763238,20.0,0.0
39.5,48.63865646313901,14.478857165493023,107.08566574580134,33.06584755509254,33.065904248309444,0.747967519478081,20.0,0.0
39.550000000000004,48.37423538691743,15.339137058580047,108.10179817618551,33.065851604608035,33.06590736706032,0.7479632593348313,20.0,0.0
39.6,48.094599752419086,16.194592441355038,109.11793076363763,33.06585558764034,33.065910434595615,0.7479590691781794,20.0,0.0
39.650000000000006,47.79983750744376,17.044954257840885,110.13406350557902,33.06585950528,33.0659134517557,0.7479549478588865,20.0,0.0
39.7,47.49004135744716,17.889955053963163,111.15019639947332,33.06586335859969,33.06591641936707,0.7479508942465998,20.0,0.0
39.75,47.1653087363855,18.729329061672733,112.16632944282578,33.065867148654505,33.065919338242736,0.7479469072294691,20.0,0.0
39.800000000000004,46.825741776072796,19.562812282538033,113.18246263318258,33.065870876482236,33.065922209182396,0.7479429857139124,20.0,0.0
39.85,46.47144727406053,20.390142570780814,114.19859596813009,33.06587454310368,33.06592503297262,0.7479391286242887,20.0,0.0
39.900000000000006,46.102536660049694,21.21105971572916,115.21472944529441,33.06587814952289,33.06592781038709,0.7479353349025857,20.0,0.0
39.95,45.71912596084588,22.0253055236619,116.23086306234042,33.06588169672747,33.065930542186805,0.7479316035081638,20.0,0.0
40.0,45.32133576386839,22.832623899018618,117.24699681697139,33.065885185688856,33.065933229120326,0.7479279334174578,20.0,0.0
40.050000000000004,44.90929117922487,23.63276092494977,118.26313070692828,33.06588861736254,33.06593587192389,0.7479243236236996,20.0,0.0
40.1,44.48312180036336,24.425464943181538,119.27926472998905,33.06589199268835,33.06593847132174,0.7479207731366273,20.0,0.0
40.150000000000006,44.042961663314124,25.210486633170294,120.29539888396822,33.06589531259073,33.06594102802619,0.7479172809822359,20.0,0.0
40.2,43.58894920453423,25.987579090521823,121.31153316671605,33.065898577978984,33.06594354273787,0.7479138462025077,20.0,0.0
40.25,43.1212272173679,26.756497904650583,122.32766757611813,33.06590178974748,33.06594601614598,0.7479104678551423,20.0,0.0
40.300000000000004,42.63994280713652,27.517001235654615,123.3438021100947,33.06590494877594,33.06594844892842,0.7479071450132935,20.0,0.0
40.35,42.14524734487234,28.268849890381897,124.35993676660019,33.06590805592969,33.065950841751935,0.7479038767653279,20.0,0.0
40.400000000000006,41.63729641971047,29.011807397664242,125.37607154362254,33.06591111205985,33.065953195272364,0.7479006622145832,20.0,0.0
40.45,41.11624978995409,29.745640082695047,126.39220643918269,33.065914118003604,33.065955510134806,0.7478975004791124,20.0,0.0
40.5,40.582271332828334,30.47011714052752,127.40834145133408,33.065917074584405,33.065957786973776,0.747894390691414,20.0,0.0
40.550000000000004,40.03552899293857,31.185010708670266,128.42447657816209,33.065919982612215,33.06596002641339,0.747891331998261,20.0,0.0
40.6,39.47619472944939,31.89009593875739,129.4406118177835,33.06592284288373,33.06596222906754,0.747888323560403,20.0,0.0
40.650000000000006,38.904444462000804,32.58515106727057,130.456747168346,33.06592565618258,33.065964395540036,0.7478853645523813,20.0,0.0
40.7,38.32045801537879,33.269957485290874,131.47288262802772,33.06592842327954,33.0659665264248,0.7478824541622728,20.0,0.0
40.75,37.72441906295746,33.944299807258346,132.48901819503655,33.06593114493277,33.06596862230603,0.7478795915914844,20.0,0.0
40.800000000000004,37.116515068930745,34.60796593871781,133.50515386760992,33.065933821888,33.065970683758344,0.7478767760545324,20.0,0.0
40.85,36.4969372293517,35.26074714302946,134.52128964401413,33.065936454878745,33.0659727113469,0.7478740067788294,20.0,0.0
40.900000000000006,35.865880411998035,35.90243810702339,135.53742552254394,33.06593904462647,33.06597470562766,0.7478712830044714,20.0,0.0
40.95,35.22354309508268,36.532837005577306,136.5535615015221,33.06594159184084,33.065976667147446,0.7478686039840028,20.0,0.0
41.0,34.57012730482884,37.151745565097166,137.56969757929883,33.065944097219884,33.065978596444054,0.7478659689822749,20.0,0.0
41.050000000000004,33.90583855192895,37.75896912588077,138.58583375425155,33.06594656145018,33.06598049404651,0.7478633772761754,20.0,0.0
41.1,33.23088576690776,38.35431670334467,139.60197002478424,33.06594898520706,33.06598236047517,0.7478608281544936,20.0,0.0
41.150000000000006,32.54548123440963,38.93760104809517,140.61810638932695,33.06595136915478,33.06598419624188,0.7478583209176506,20.0,0.0
41.2,31.849840526430924,39.50863870482446,141.63424284633575,33.06595371394672,33.065986001850035,0.7478558548776064,20.0,0.0
41.25,31.144182434518378,40.067250070013486,142.6503793942918,33.06595602022553,33.065987777794824,0.7478534293575692,20.0,0.0
41.300000000000004,30.428728900954795,40.61325944842322,143.66651603170135,33.065958288623335,33.065989524563285,0.7478510436918882,20.0,0.0
41.35,29.703704948953725,41.14649510835675,144.68265275709513,33.0659605197619,33.065991242634496,0.7478486972258196,20.0,0.0
41.400000000000006,28.96933861188508,41.6667893356747,145.69878956902795,33.065962714252805,33.06599293247964,0.7478463893153844,20.0,0.0
41.45,28.22586086155394,42.173978486546986,146.7149264660784,33.06596487269758,33.06599459456218,0.7478441193271834,20.0,0.0
41.5,27.473505535555116,42.66790303892437,147.7310634468483,33.0659669956879,33.06599622933803,0.7478418866381844,20.0,0.0
41.550000000000004,26.71250926372632,43.14840764271363,148.74720050996254,33.06596908380577,33.065997837255594,0.7478396906356224,20.0,0.0
41.6,25.943111393723065,43.61534116864045,149.7633376540685,33.06597113762361,33.0659994187559,0.7478375307167724,20.0,0.0
41.650000000000006,25.165553915738716,44.068556755784826,150.77947487783578,33.06597315770449,33.06600097427274,0.7478354062888144,20.0,0.0
41.7,24.38008138639337,44.5079118577739,151.79561217995587,33.06597514460223,33.066002504232856,0.7478333167686557,20.0,0.0
41.75,23.586940851815495,44.933268287617764,152.81174955914165,33.06597709886156,33.06600400905591,0.7478312615827818,20.0,0.0
41.800000000000004,22.78638176994052,45.34449226117414,153.8278870141272,33.06597902101829,33.06600548915471,0.7478292401670998,20.0,0.0
41.85,21.978655932050838,45.741454439228185,154.8440245436674,33.06598091159947,33.06600694493531,0.7478272519667755,20.0,0.0
41.900000000000006,21.164017383581886,46.1240299681743,155.86016214653748,33.06598277112346,33.06600837679709,0.7478252964360763,20.0,0.0
41.95,20.342722344219194,46.49209851928704,156.87629982153285,33.06598460010015,33.066009785132884,0.7478233730382442,20.0,0.0
42.0,19.515029127311564,46.84554432656886,157.8924375674687,33.06598639903106,33.06601117032904,0.7478214812453459,20.0,0.0
42.050000000000004,18.681198058625714,47.18425622316273,158.90857538317962,33.06598816840948,33.06601253276562,0.7478196205381025,20.0,0.0
42.1,17.84149139446794,47.508127676318175,159.92471326751937,33.06598990872064,33.06601387281643,0.7478177904057546,20.0,0.0
42.150000000000006,16.996173239198548,47.81705682089983,160.94085121936047,33.065991620441764,33.06601519084917,0.7478159903459485,20.0,0.0
42.2,16.145509462165013,48.1109464914278,161.95698923759403,33.065993304042294,33.0660164872255,0.7478142198645727,20.0,0.0
42.25,15.289767614079972,48.38970425263994,162.97312732112937,33.065994959983946,33.066017762301065,0.7478124784756446,20.0,0.0
42.300000000000004,14.429216842870375,48.653242428566244,163.9892654688937,33.065996588720886,33.06601901642572,0.7478107657011392,20.0,0.0
42.35,13.564127809024233,48.90147813010643,165.0054036798318,33.06599819069981,33.06602024994366,0.7478090810709048,20.0,0.0
42.400000000000006,12.694772600461638,49.134333281101824,166.0215419529058,33.06599976636008,33.066021463193344,0.7478074241224917,20.0,0.0
42.45,11.821424646956768,49.35173464289345,167.0376802870949,33.066001316133885,33.06602265650771,0.7478057944010601,20.0,0.0
42.5,10.944358634137844,49.55361383735864,168.0538186813951,33.066002840446295,33.06602383021418,0.7478041914592524,20.0,0.0
42.550000000000004,10.06385041709207,49.73990736841883,169.0699571348187,33.066004339715434,33.06602498463489,0.7478026148570294,20.0,0.0
42.6,9.180176933602727,49.910556642011805,170.08609564639445,33.066005814352536,33.06602612008661,0.7478010641615924,20.0,0.0
42.650000000000006,8.293616117045719,50.06550798452219,171.10223421516693,33.06600726476211,33.06602723688096,0.7477995389472625,20.0,0.0
42.7,7.4044468089729545,50.20471265966423,172.11837284019646,33.06600869134203,33.06602833532443,0.747798038795338,20.0,0.0
42.75,6.51294867141008,50.32812688381172,173.1345115205587,33.06601009448363,33.06602941571848,0.7477965632940027,20.0,0.0
42.800000000000004,5.619402098896132,50.43571183977014,174.15065025534457,33.06601147457183,33.06603047835961,0.7477951120382045,20.0,0.0
42.85,4.724088130292779,50.527433688986754,175.1667890436599,33.06601283198524,33.06603152353948,0.7477936846295492,20.0,0.0
42.900000000000006,3.827288360390896,50.60326358219471,176.1829278846252,33.06601416709626,33.06603255154495,0.7477922806761796,20.0,0.0
42.95,2.9292848513422705,50.66317766848796,177.19906677737544,33.06601548027116,33.06603356265816,0.7477908997926761,20.0,0.0
43.0,2.030360043944299,50.70715710282402,178.2152057210598,33.06601677187024,33.06603455715662,0.7477895415999569,20.0,0.0
43.050000000000004,1.1307966688055753,50.73518805195223,179.23134471484138,33.06601804224783,33.06603553531328,0.7477882057251648,20.0,0.0
43.1,0.23087765742031519,50.74726169876568,-179.7525162421029,33.06601929175251,33.06603649739664,0.7477868918015602,20.0,0.0
43.150000000000006,-0.6691139468204168,50.74337424507546,-178.73637715058265,33.066020520727086,33.06603744367077,0.7477855994684433,20.0,0.0
43.2,-1.5688950776526849,50.72352691280623,-177.72023801139417,33.066021729508776,33.06603837439539,0.7477843283710328,20.0,0.0
43.25,-2.468182734970865,50.68772594361294,-176.70409882532064,33.066022918429255,33.066039289825994,0.7477830781603743,20.0,0.0
43.300000000000004,-3.3666940738380333,50.635982596918616,-175.6879595931325,33.06602408781473,33.066040190213826,0.7477818484932541,20.0,0.0
43.35,-4.264146493447555,50.56831314637396,-174.67182031558738,33.066025237986096,33.066041075806076,0.7477806390320723,20.0,0.0
43.400000000000006,-5.160257726007904,50.48473887473985,-173.6556809934306,33.06602636925896,33.066041946845814,0.7477794494448133,20.0,0.0
43.45,-6.054745925522749,50.3852860671943,-172.6395416273951,33.066027481943735,33.06604280357217,0.7477782794048835,20.0,0.0
43.5,-6.94732975643838,50.269986003066066,-171.6234022182019,33.06602857634576,33.06604364622027,0.7477771285910819,20.0,0.0
43.550000000000004,-7.837728482130607,50.138874945997415,-170.60726276656015,33.066029652765366,33.066044475021485,0.7477759966874657,20.0,0.0
43.6,-8.725662053203274,49.991994132539226,-169.59112327316728,33.066030711497945,33.06604529020327,0.7477748833832933,20.0,0.0
43.650000000000006,-9.61085119557065,49.82938975918195,-168.57498373870936,33.06603175283404,33.06604609198945,0.7477737883729105,20.0,0.0
43.7,-10.49301749829595,49.65111296782656,-167.55884416386112,33.06603277705943,33.066046880600126,0.7477727113557151,20.0,0.0
43.75,-11.371883501158411,49.457219829700016,-166.54270454928624,33.06603378445519,33.066047656251754,0.7477716520360289,20.0,0.0
43.800000000000004,-12.247172781921325,49.247771327720315,-165.5265648956375,33.06603477529781,33.06604841915731,0.7477706101230197,20.0,0.0
43.85,-13.118610043273621,49.02283333731671,-164.51042520355693,33.0660357498592,33.0660491695262,0.7477695853306443,20.0,0.0
43.900000000000006,-13.98592119941764,48.7824766057111,-163.49428547367606,33.06603670840684,33.06604990756445,0.7477685773775775,20.0,0.0
43.95,-14.848833462275847,48.526776729667084,-162.47814570661598,33.066037651203814,33.066050633474646,0.7477675859870843,20.0,0.0
44.0,-15.707075427289414,48.2558141317137,-161.46200590298764,33.06603857850887,33.0660513474561,0.7477666108870125,20.0,0.0
44.050000000000004,-16.560377158781634,47.96967403485137,-160.4458660633919,33.066039490576536,33.06605204970482,0.7477656518096438,20.0,0.0
44.1,-17.40847027485934,47.66844643574796,-159.42972618841978,33.06604038765713,33.06605274041358,0.7477647084916796,20.0,0.0
44.150000000000006,-18.25108803182565,47.35222607643334,-158.41358627865256,33.06604126999688,33.066053419772025,0.7477637806741484,20.0,0.0
44.2,-19.087965408077437,47.02111241450148,-157.39744633466205,33.06604213783796,33.06605408796668,0.7477628681023347,20.0,0.0
44.25,-19.918839187461185,46.675209591829315,-156.38130635701054,33.066042991418584,33.066054745180956,0.7477619705257013,20.0,0.0
44.300000000000004,-20.74344804206097,46.3146264018223,-155.3651663462512,33.06604383097304,33.06605539159532,0.7477610876978318,20.0,0.0
44.35,-21.561532614392565,45.939476255196944,-154.34902630292802,33.066044656731776,33.066056027387226,0.7477602193763602,20.0,0.0
44.400000000000006,-22.372835598977808,45.54987714431105,-153.33288622757615,33.06604546892145,33.06605665273126,0.7477593653229064,20.0,0.0
44.45,-23.177101823273528,45.14595160605293,-152.31674612072186,33.06604626776501,33.066057267799074,0.7477585253029915,20.0,0.0
44.5,-23.974078327929664,44.72782668330127,-151.30060598288281,33.066047053481725,33.06605787275957,0.7477576990860086,20.0,0.0
44.550000000000004,-24.763514446351255,44.295633884967636,-150.28446581456816,33.06604782628728,33.06605846777882,0.7477568864451385,20.0,0.0
44.6,-25.545161883539304,43.849509144634446,-149.26832561627867,33.066048586393826,33.06605905302018,0.7477560871572848,20.0,0.0
44.650000000000006,-26.318774794185735,43.389592777801134,-148.25218538850692,33.066049334009996,33.06605962864437,0.7477553010030036,20.0,0.0
44.7,-27.084109859997866,42.91602943775216,-147.23604513173737,33.06605006934102,33.06606019480939,0.7477545277664817,20.0,0.0
44.75,-27.840926366228054,42.42896807006064,-146.2199048464465,33.06605079258876,33.06606075167071,0.7477537672354302,20.0,0.0
44.800000000000004,-28.588986277384496,41.928561865741976,-145.20376453310303,33.066051503951755,33.06606129938122,0.7477530192010704,20.0,0.0
44.85,-29.32805431209931,41.41496821307211,-144.18762419216787,33.06605220362528,33.066061838091294,0.7477522834580341,20.0,0.0
44.900000000000006,-30.057898017130412,40.888348648085696,-143.17148382409448,33.066052891801434,33.06606236794883,0.7477515598043425,20.0,0.0
44.95,-30.778287840473844,40.34886880376969,-142.15534342932878,33.0660535686691,33.06606288909935,0.7477508480413277,20.0,0.0
45.0,-31.488997203563624,39.79669835796829,-141.13920300830938,33.06605423441412,33.066063401685895,0.7477501479735906,20.0,0.0
45.050000000000004,-32.18980257253637,39.232010980015694,-140.12306256146775,33.066054889219245,33.066063905849234,0.7477494594089507,20.0,0.0
45.1,-32.880483528538285,38.65498427611345,-139.10692208922816,33.06605553326425,33.06606440172779,0.7477487821583608,20.0,0.0
45.150000000000006,-33.560822837052406,38.06579973346953,-138.090781592008,33.06605616672593,33.06606488945769,0.7477481160359218,20.0,0.0
45.2,-34.2306065162243,37.46464266321671,-137.0746410702177,33.0660567897782,33.06606536917287,0.74774746085874,20.0,0.0
45.25,-34.88962390416473,36.85170214212826,-136.05850052426106,33.06605740259211,33.066065841005006,0.7477468164469698,20.0,0.0
45.300000000000004,-35.53766772520809,36.22717095314926,-135.04235995453521,33.06605800533589,33.06606630508369,0.7477461826237004,20.0,0.0
45.35,-36.1745341551058,35.59124552476215,-134.0262193614307,33.06605859817502,33.06606676153633,0.7477455592149269,20.0,0.0
45.400000000000006,-36.8000228851342,34.94412586920573,-133.01007874533173,33.06605918127225,33.06606721048826,0.747744946049508,20.0,0.0
45.45,-37.4139371850966,34.28601551956695,-131.99393810661616,33.06605975478768,33.06606765206273,0.7477443429591233,20.0,0.0
45.5,-38.016083965199954,33.61712146576534,-130.9777974456556,33.066060318878755,33.06606808638097,0.7477437497782091,20.0,0.0
45.550000000000004,-38.60627383678642,32.93765408945007,-129.96165676281564,33.06606087370034,33.06606851356227,0.7477431663439233,20.0,0.0
45.6,-39.18432117190088,32.24782709783038,-128.9455160584558,33.06606141940477,33.06606893372392,0.7477425924961025,20.0,0.0
45.650000000000006,-39.750044161675625,31.547857456459894,-127.92937533292971,33.06606195614185,33.06606934698123,0.7477420280772122,20.0,0.0
45.7,-40.30326487351381,30.837965320996165,-126.91323458658518,33.066062484058946,33.066069753447714,0.7477414729323115,20.0,0.0
45.75,-40.84380930705379,30.118373967956856,-125.89709381976432,33.066063003301,33.06607015323495,0.7477409269090032,20.0,0.0
45.800000000000004,-41.371507448896615,29.3893097244943,-124.88095303280357,33.066063514010565,33.06607054645273,0.7477403898573911,20.0,0.0
45.85,-41.886193326079564,28.651001897210573,-123.86481222603393,33.066064016327864,33.06607093320897,0.7477398616300519,20.0,0.0
45.900000000000006,-42.38770505827885,27.903682700035446,-122.8486713997809,33.066064510390795,33.06607131360991,0.7477393420819851,20.0,0.0
45.95,-42.875884908725084,27.147587181189916,-121.83253055436461,33.06606499633502,33.06607168775996,0.7477388310705564,20.0,0.0
46.0,-43.350579333815524,26.382953149258263,-120.8163896901,33.06606547429394,33.06607205576188,0.7477383284554904,20.0,0.0
46.050000000000004,-43.811639031407445,25.610021098391922,-119.80024880729678,33.0660659443988,33.06607241771668,0.7477378340988068,20.0,0.0
46.1,-44.25891898777746,24.829034132668653,-118.78410790625959,33.066066406778646,33.066072773723775,0.7477373478648133,20.0,0.0
46.150000000000006,-44.69227852323206,24.040237889630838,-117.76796698728803,33.066066861560444,33.06607312388087,0.7477368696200273,20.0,0.0
46.2,-45.11158133635497,23.243880463026922,-116.75182605067685,33.066067308869044,33.06607346828413,0.7477363992331689,20.0,0.0
46.25,-45.51669554687746,22.44021232478033,-115.7356850967159,33.066067748827265,33.0660738070281,0.7477359365751113,20.0,0.0
46.300000000000004,-45.907493737158035,21.62948624621037,-114.71954412569028,33.0660681815559,33.066074140205814,0.7477354815188519,20.0,0.0
46.35,-46.28385299225863,20.81195721852993,-113.70340313788037,33.06606860717375,33.066074467908706,0.7477350339394775,20.0,0.0
46.400000000000006,-46.645654938604494,19.987882372644957,-112.68726213356203,33.066069025797674,33.06607479022678,0.7477345937141209,20.0,0.0
46.45,-46.99278578121576,19.157520898280936,-111.6711211130065,33.06606943754261,33.06607510724852,0.7477341607219401,20.0,0.0
46.5,-47.32513633949891,18.32113396246183,-110.65498007648061,33.0660698425216,33.06607541906097,0.7477337348440898,20.0,0.0
46.550000000000004,-47.642602081586936,17.478984627367097,-109.63883902424676,33.06607024084584,33.06607572574975,0.7477333159636501,20.0,0.0
46.6,-47.94508315721732,16.631337767592647,-108.62269795656312,33.066070632624694,33.06607602739905,0.7477329039656482,20.0,0.0
46.650000000000006,-48.23248442913759,15.77845998684173,-107.60655687368353,33.06607101796572,33.066076324091696,0.7477324987369869,20.0,0.0
46.7,-48.504715503028486,14.920619534071978,-106.5904157758577,33.06607139697471,33.06607661590914,0.7477321001664308,20.0,0.0
46.75,-48.76169075593535,14.05808621912498,-105.57427466333124,33.066071769755744,33.066076902931506,0.7477317081445776,20.0,0.0
46.800000000000004,-49.00332936319884,13.191131327864909,-104.55813353634568,33.06607213641116,33.06607718523758,0.7477313225638156,20.0,0.0
46.85,-49.229555323876454,12.320027536852901,-103.54199239513866,33.06607249704162,33.06607746290488,0.7477309433183095,20.0,0.0
46.900000000000006,-49.44029748464687,11.445048827584031,-102.52585123994386,33.066072851746135,33.06607773600966,0.7477305703039505,20.0,0.0
46.95,-49.63548956218958,10.566470400313843,-101.5097100709911,33.0660732006221,33.06607800462688,0.7477302034183566,20.0,0.0
47.0,-49.81507016403285,9.68456858750155,-100.49356888850649,33.0660735437653,33.066078268830275,0.7477298425608225,20.0,0.0
47.050000000000004,-49.97898280786331,8.799620766897132,-99.47742769271237,33.066073881269936,33.06607852869241,0.7477294876322915,20.0,0.0
47.1,-50.12717593929123,7.9119052742996505,-98.46128648382744,33.06607421322869,33.066078784284606,0.747729138535334,20.0,0.0
47.150000000000006,-50.259602948065854,7.021701316014244,-97.4451452620668,33.06607453973268,33.06607903567704,0.7477287951741332,20.0,0.0
47.2,-50.37622218273567,6.129288881035311,-96.42900402764204,33.066074860871566,33.06607928293872,0.7477284574544498,20.0,0.0
47.25,-50.476996963748974,5.234948652983526,-95.41286278076126,33.066075176733506,33.066079526137564,0.7477281252835724,20.0,0.0
47.300000000000004,-50.56189559499076,4.338961921824369,-94.39672152162912,33.06607548740523,33.06607976534031,0.747727798570331,20.0,0.0
47.35,-50.63089137375207,3.441610495395949,-93.38058025044694,33.06607579297202,33.06608000061264,0.7477274772250411,20.0,0.0
47.400000000000006,-50.68396259912892,2.543176610773936,-92.36443896741272,33.06607609351778,33.06608023201912,0.74772716115951,20.0,0.0
47.45,-50.72109257884792,1.643942845501487,-91.34829767272123,33.066076389125016,33.06608045962332,0.7477268502869734,20.0,0.0
47.5,-50.742269634516695,0.7441920287120818,-90.332156366564,33.0660766798749,33.06608068348769,0.7477265445221093,20.0,0.0
47.550000000000004,-50.747487105297175,-0.15579284782677139,-89.31601504912945,33.06607696584724,33.06608090367371,0.7477262437809813,20.0,0.0
47.6,-50.73674335000087,-1.0557287187209887,-88.29987372060287,33.06607724712055,33.06608112024181,0.7477259479810598,20.0,0.0
47.650000000000006,-50.71004174760526,-1.955332533980521,-87.28373238116654,33.06607752377207,33.06608133325146,0.747725657041137,20.0,0.0
47.7,-50.66739069619127,-2.854321348045124,-86.26759103099971,33.066077795877746,33.06608154276114,0.747725370881362,20.0,0.0
47.75,-50.6088036103021,-3.752412408777283,-85.25144967027872,33.06607806351227,33.06608174882834,0.7477250894231915,20.0,0.0
47.800000000000004,-50.53429891672425,-4.649323246394307,-84.23530829917695,33.06607832674913,33.06608195150966,0.7477248125893823,20.0,0.0
47.85,-50.44390004869209,-5.544771762311613,-83.21916691786501,33.06607858566059,33.06608215086073,0.7477245403039348,20.0,0.0
47.900000000000006,-50.33763543851781,-6.438476317869268,-82.20302552651067,33.06607884031775,33.06608234693627,0.7477242724921354,20.0,0.0
47.95,-50.21553850864892,-7.3301558229138735,-81.18688412527891,33.0660790907905,33.0660825397901,0.74772400908045,20.0,0.0
48.0,-50.077647661156426,-8.219529824207932,-80.17074271433206,33.06607933714761,33.06608272947522,0.7477237499966023,20.0,0.0
48.050000000000004,-49.92400626565663,-9.10631859363889,-79.15460129382976,33.066079579456726,33.06608291604361,0.747723495169474,20.0,0.0
48.1,-49.75466264567059,-9.990243216200128,-78.13845986392899,33.06607981778436,33.06608309954655,0.7477232445291193,20.0,0.0
48.150000000000006,-49.56967006342546,-10.871025677716181,-77.1223184247842,33.06608005219595,33.066083280034384,0.7477229980067506,20.0,0.0
48.2,-49.369086703102475,-11.74838895228467,-76.10617697654727,33.06608028275584,33.066083457556694,0.7477227555346957,20.0,0.0
48.25,-49.15297565253686,-12.622057089407356,-75.0900355193676,33.066080509527325,33.06608363216216,0.7477225170464195,20.0,0.0
48.300000000000004,-48.921404883375445,-13.491755300782998,-74.07389405339214,33.06608073257267,33.06608380389877,0.7477222824764524,20.0,0.0
48.35,-48.67444722969818,-14.35721004673464,-73.05775257876542,33.066080951953104,33.06608397281364,0.7477220517604195,20.0,0.0
48.400000000000006,-48.412180365110316,-15.218149122244197,-72.04161109562955,33.06608116772886,33.066084138953116,0.7477218248350042,20.0,0.0
48.45,-48.134686778312435,-16.07430174256726,-71.0254696041244,33.06608137995916,33.06608430236287,0.747721601637906,20.0,0.0
48.5,-47.842053747156015,-16.925398628401187,-70.00932810438745,33.06608158870228,33.06608446308767,0.7477213821078834,20.0,0.0
48.550000000000004,-47.53437331119271,-17.7711720905797,-68.99318659655398,33.066081794015524,33.066084621171704,0.7477211661846823,20.0,0.0
48.6,-47.21174224272592,-18.611356114267355,-67.97704508075701,33.06608199595525,33.06608477665834,0.7477209538090293,20.0,0.0
48.650000000000006,-46.87426201637386,-19.44568644262739,-66.96090355712738,33.0660821945769,33.06608492959026,0.7477207449226455,20.0,0.0
48.7,-46.52203877715359,-20.273900659936647,-65.94476202579382,33.066082389935,33.06608508000945,0.7477205394681903,20.0,0.0
48.75,-46.15518330709611,-21.095738274121413,-64.92862048688289,33.066082582083176,33.0660852279572,0.7477203373892891,20.0,0.0
48.800000000000004,-45.773810990403014,-21.910940798688248,-63.9124789405191,33.06608277107418,33.0660853734741,0.747720138630477,20.0,0.0
48.85,-45.37804177715563,-22.719251834023993,-62.89633738682491,33.06608295695989,33.06608551660013,0.7477199431371915,20.0,0.0
48.900000000000006,-44.96800014558811,-23.52041714803942,-61.880195825920744,33.06608313979133,33.06608565737456,0.7477197508557865,20.0,0.0
48.95,-44.543815062936275,-24.314184756131144,-60.864054257925105,33.066083319618706,33.06608579583603,0.7477195617334971,20.0,0.0
49.0,-44.10561994487461,-25.100305000436634,-59.84791268295448,33.06608349649137,33.066085932022546,0.747719375718404,20.0,0.0
49.050000000000004,-43.65355261355407,-25.878530628357435,-58.83177110112348,33.066083670457886,33.06608606597148,0.7477191927594617,20.0,0.0
49.1,-43.18775525425397,-26.648616870325863,-57.815629512544845,33.066083841566005,33.06608619771962,0.7477190128064564,20.0,0.0
49.150000000000006,-42.70837437066159,-27.41032151679074,-56.79948791732944,33.066084009862685,33.066086327303125,0.747718835809998,20.0,0.0
49.2,-42.21556073879346,-28.163404994397933,-55.78334631558628,33.066084175394145,33.06608645475755,0.7477186617215139,20.0,0.0
49.25,-41.709469359573,-28.90763044134176,-54.76720470742265,33.06608433820582,33.06608658011789,0.7477184904932201,20.0,0.0
49.300000000000004,-41.190259410079264,-29.64276378186354,-53.751063092944044,33.0660844983424,33.06608670341857,0.7477183220781285,20.0,0.0
49.35,-40.658094193482185,-30.36857379987389,-52.73492147225422,33.06608465584784,33.06608682469341,0.7477181564300182,20.0,0.0
49.400000000000006,-40.113141087680084,-31.084832211675558,-51.71877984545522,33.06608481076538,33.066086943975684,0.7477179935034144,20.0,0.0
49.45,-39.55557149265559,-31.791313737763975,-50.70263821264741,33.06608496313754,33.06608706129816,0.7477178332536241,20.0,0.0
49.5,-38.98556077656647,-32.48779617368291,-49.68649657392954,33.06608511300616,33.066087176693046,0.7477176756366433,20.0,0.0
49.550000000000004,-38.40328822058847,-33.174060459912965,-48.67035492939871,33.066085260412365,33.06608729019199,0.7477175206092426,20.0,0.0
49.6,-37.80893696252729,-33.84989075077088,-47.65421327915042,33.06608540539662,33.06608740182616,0.7477173681288534,20.0,0.0
49.650000000000006,-37.20269393921768,-34.51507448229806,-46.63807162327863,33.06608554799873,33.06608751162621,0.7477172181536318,20.0,0.0
49.7,-36.58474982772756,-35.16940243911688,-45.62192996187572,33.066085688257836,33.06608761962223,0.7477170706424232,20.0,0.0
49.75,-35.95529898538583,-35.81266882023382,-44.60578829503256,33.066085826212436,33.0660877258439,0.7477169255547409,20.0,0.0
49.800000000000004,-35.31453938865256,-36.44467130376867,-43.58964662283857,33.0660859619004,33.06608783032039,0.747716782850766,20.0,0.0
49.85,-34.66267257085097,-37.0652111105895,-42.57350494538162,33.06608609535897,33.06608793308034,0.7477166424913335,20.0,0.0
49.900000000000006,-33.99990355878062,-37.67409306683332,-41.55736326274821,33.06608622662478,33.06608803415195,0.7477165044379319,20.0,0.0
49.95,-33.326440808231865,-38.27112566529282,-40.541221575023386,33.066086355733866,33.06608813356301,0.7477163686526609,20.0,0.0
50.0,-32.64249613842178,-38.856121125649885,-39.5250798822908,33.06608648272166,33.06608823134076,0.7477162350982667,20.0,0.0
50.050000000000004,-31.948284665372228,-39.42889545353686,-38.50893818463275,33.06608660762302,33.06608832751205,0.7477161037380853,20.0,0.0
50.1,-31.24402473425102,-39.98926849840711,-37.492796482130125,33.066086730472236,33.06608842210326,0.747715974536078,20.0,0.0
50.150000000000006,-30.52993785069738,-40.537064010196545,-36.47665477486255,33.06608685130302,33.06608851514039,0.7477158474567815,20.0,0.0
50.2,-29.80624861115342,-41.072109694758424,-35.46051306290832,33.06608697014855,33.06608860664894,0.7477157224653226,20.0,0.0
50.25,-29.07318463222347,-41.59423726805387,-34.44437134634439,33.06608708704143,33.06608869665405,0.7477155995273961,20.0,0.0
50.300000000000004,-28.330976479083468,-42.10328250908113,-33.428229625246544,33.06608720201377,33.0660887851804,0.7477154786092584,20.0,0.0
50.35,-27.579857592963,-42.59908531152697,-32.412087899689254,33.0660873150971,33.06608887225229,0.7477153596777342,20.0,0.0
50.400000000000006,-26.820064217722713,-43.08148973412379,-31.3959461697458,33.06608742632247,33.06608895789362,0.7477152427001812,20.0,0.0
50.45,-26.05183532555027,-43.550344049696875,-30.379804435488246,33.066087535720406,33.06608904212792,0.7477151276444829,20.0,0.0
50.5,-25.275412541798158,-44.005500792886096,-29.363662696987447,33.06608764332094,33.06608912497827,0.7477150144790912,20.0,0.0
50.550000000000004,-24.491040068987,-44.446816806527245,-28.34752095431315,33.06608774915361,33.06608920646744,0.7477149031729269,20.0,0.0
50.6,-23.69896460999834,-44.874153286678315,-27.331379207533928,33.06608785324745,33.066089286617796,0.7477147936954509,20.0,0.0
50.650000000000006,-22.89943529048095,-45.2873758262766,-26.315237456717206,33.06608795563105,33.06608936545128,0.7477146860166215,20.0,0.0
50.7,-22.092703580495144,-45.686354457412875,-25.29909570192932,33.06608805633249,33.0660894429896,0.7477145801068801,20.0,0.0
50.75,-21.279023215419716,-46.07096369220934,-24.28295394323554,33.066088155379425,33.06608951925402,0.7477144759371654,20.0,0.0
50.800000000000004,-20.458650116146398,-46.44108256228852,-23.2668121807,33.06608825279904,33.066089594265435,0.7477143734788925,20.0,0.0
50.85,-19.631842308586887,-46.79659465682067,-22.250670414385862,33.066088348618074,33.06608966804446,0.7477142727039379,20.0,0.0
50.900000000000006,-18.798859842517828,-47.13738815913771,-21.234528644355184,33.066088442862814,33.06608974061135,0.7477141735846544,20.0,0.0
50.95,-17.959964709789222,-47.46335588190218,-20.218386870669,33.06608853555914,33.066089811985975,0.7477140760938354,20.0,0.0
51.0,-17.11542076192202,-47.77439530082024,-19.20224509338742,33.06608862673249,33.066089882187974,0.747713980204729,20.0,0.0
51.050000000000004,-16.265493627120797,-48.070408586887915,-18.186103312569493,33.066088716407876,33.06608995123661,0.7477138858910024,20.0,0.0
51.1,-15.410450626727625,-48.351302637160686,-17.169961528273312,33.066088804609926,33.0660900191508,0.747713793126799,20.0,0.0
51.150000000000006,-14.550560691143403,-48.61698910403652,-16.153819740556052,33.066088891362845,33.06609008594921,0.7477137018866458,20.0,0.0
51.2,-13.686094275243114,-48.867384423043305,-15.13767794947389,33.066088976690445,33.066090151650165,0.7477136121455032,20.0,0.0
51.25,-12.81732327331159,-49.102409839121854,-14.12153615508212,33.06608906061614,33.0660902162717,0.747713523878744,20.0,0.0
51.300000000000004,-11.94452093352655,-49.32199143139625,-13.105394357435117,33.06608914316296,33.066090279831535,0.7477134370621599,20.0,0.0
51.35,-11.067961772015803,-49.52606013642369,-12.089252556586363,33.066089224353576,33.066090342347124,0.747713351671905,20.0,0.0
51.400000000000006,-10.187921486515663,-49.71455176991662,-11.073110752588478,33.06608930421026,33.06609040383564,0.7477132676845528,20.0,0.0
51.45,-9.304676869657706,-49.8874070469302,-10.056968945493166,33.066089382754924,33.06609046431391,0.7477131850770604,20.0,0.0
51.5,-8.418505721911167,-50.04457160050887,-9.04082713535134,33.06608946000914,33.06609052379858,0.7477131038267544,20.0,0.0
51.550000000000004,-7.529686764208336,-50.18599599878601,-8.024685322213049,33.066089535994095,33.06609058230595,0.7477130239113308,20.0,0.0
51.6,-6.63849955028046,-50.31163576053153,-7.0085435061275305,33.06608961073066,33.0660906398521,0.7477129453088622,20.0,0.0
51.650000000000006,-5.745224378731702,-50.42145136914223,-5.992401687143203,33.06608968423933,33.06609069645281,0.7477128679977838,20.0,0.0
51.7,-4.850142204878822,-50.51540828507077,-4.976259865307698,33.066089756540286,33.06609075212359,0.7477127919568716,20.0,0.0
51.75,-3.953534552384302,-50.593476956689194,-3.960118040667861,33.066089827653386,33.06609080687976,0.747712717165264,20.0,0.0
51.800000000000004,-3.0556834247107183,-50.655632829583666,-2.943976213269745,33.066089897598125,33.066090860736324,0.7477126436024335,20.0,0.0
51.85,-2.156871216424201,-50.701856354277425,-1.9278343831586666,33.06608996639371,33.06609091370806,0.7477125712481865,20.0,0.0
51.900000000000006,-1.2573806243748855,-50.73213299237963,-0.9116925503792301,33.06609003405902,33.06609096580951,0.7477125000826774,20.0,0.0
51.95,-0.3574945587822831,-50.746453221158056,0.10444928502474926,33.06609010061263,33.066091017054994,0.7477124300863593,20.0,0.0
52.0,0.5425039457464553,-50.74481253653426,1.120591123010143,33.06609016607279,33.06609106745853,0.7477123612400405,20.0,0.0
52.050000000000004,1.442331819237399,-50.72721145450029,2.136732963534561,33.06609023045748,33.06609111703396,0.7477122935248204,20.0,0.0
52.1,2.3417060453818226,-50.693655510956425,3.1528748065562744,33.06609029378438,33.066091165794916,0.7477122269221184,20.0,0.0
52.150000000000006,3.240343750551313,-50.64415525997007,4.169016652034241,33.066090356070845,33.066091213754774,0.7477121614136522,20.0,0.0
52.2,4.137962292767999,-50.578726270456315,5.1851584999281055,33.06609041733398,33.0660912609267,0.7477120969814521,20.0,0.0
52.25,5.034279350601924,-50.49738912128119,6.201300350198201,33.066090477590606,33.06609130732361,0.7477120336078258,20.0,0.0
52.300000000000004,5.929013011967598,-50.4001693947892,7.21744220280547,33.066090536857246,33.066091352958246,0.7477119712753861,20.0,0.0
52.35,6.821881862791802,-50.28709766875716,8.233584057711516,33.06609059515017,33.06609139784315,0.7477119099670304,20.0,0.0
52.400000000000006,7.71260507552476,-50.15820950677679,9.249725914878582,33.06609065248538,33.06609144199064,0.747711849665933,20.0,0.0
52.45,8.60090249746683,-50.013545447069234,10.265867774269514,33.06609070887861,33.06609148541282,0.7477117903555381,20.0,0.0
52.5,9.486494738882945,-49.853150989734885,11.28200963584778,33.06609076434534,33.066091528121575,0.7477117320195816,20.0,0.0
52.550000000000004,10.369103260877083,-49.67707658244262,12.298151499577424,33.06609081890079,33.06609157012867,0.7477116746420478,20.0,0.0
52.6,11.248450462999129,-49.4853776045629,13.314293365423103,33.06609087255992,33.06609161144566,0.7477116182071839,20.0,0.0
52.650000000000006,12.124259770556572,-49.27811434974972,14.330435233350059,33.06609092533747,33.06609165208383,0.7477115626995143,20.0,0.0
52.7,12.996255721603584,-49.05535200697694,15.346577103324124,33.066090977247924,33.06609169205432,0.7477115081037979,20.0,0.0
52.75,13.864164053580108,-48.81716064003488,16.362718975311633,33.06609102830552,33.06609173136815,0.7477114544050494,20.0,0.0
52.800000000000004,14.727711789573721,-48.563615165493715,17.378860849279505,33.06609107852428,33.06609177003608,0.7477114015885462,20.0,0.0
52.85,15.58662732417712,-48.29479532914053,18.39500272519523,33.066091127917986,33.06609180806872,0.7477113496397862,20.0,0.0
52.900000000000006,16.44064050891425,-48.01078568089747,19.411144603026788,33.06609117650018,33.066091845476514,0.7477112985445089,20.0,0.0
52.95,17.289482737208182,-47.71167554822893,20.427286482742716,33.06609122428421,33.066091882269745,0.7477112482886881,20.0,0.0
53.0,18.132887028864047,-47.397559008046045,21.443428364312037,33.06609127128317,33.066091918458454,0.7477111988585463,20.0,0.0
53.050000000000004,18.970588114040417,-47.06853485711738,22.459570247704303,33.06609131750998,33.06609195405266,0.7477111502405123,20.0,0.0
53.1,19.802322516682747,-46.72470658099511,23.475712132889587,33.06609136297731,33.066091989062045,0.747711102421242,20.0,0.0
53.150000000000006,20.62782863739263,-46.366182321466525,24.4918540198384,33.06609140769765,33.06609202349627,0.7477110553876116,20.0,0.0
53.2,21.44684683570681,-45.99307484254096,25.50799590852178,33.066091451683256,33.06609205736476,0.747711009126725,20.0,0.0
53.25,22.259119511760062,-45.60550149498299,26.52413779891124,33.06609149494623,33.06609209067682,0.7477109636258703,20.0,0.0
53.300000000000004,23.06439118730623,-45.203584179402945,27.540279690978736,33.06609153749841,33.06609212344161,0.7477109188725635,20.0,0.0
53.35,23.862408586072018,-44.78744930791645,28.55642158469671,33.06609157935149,33.06609215566807,0.7477108748545334,20.0,0.0
53.400000000000006,24.652920713418165,-44.357227764384895,29.57256348003804,33.066091620516964,33.06609218736511,0.7477108315596865,20.0,0.0
53.45,25.435678935283022,-43.91305486324957,30.58870537697606,33.06609166100612,33.06609221854136,0.747710788976157,20.0,0.0
53.5,26.21043705638365,-43.455070306972154,31.60484727548453,33.066091700830064,33.06609224920542,0.747710747092249,20.0,0.0
53.550000000000004,26.9769513976499,-42.98341814209515,32.62098917553766,33.066091739999735,33.066092279365684,0.7477107058964663,20.0,0.0
53.6,27.734980872867048,-42.49824671393597,33.63713107711008,33.06609177852587,33.06609230903044,0.747710665377511,20.0,0.0
53.650000000000006,28.484287064502947,-41.999708619928995,34.653272980176794,33.06609181641906,33.06609233820783,0.7477106255242632,20.0,0.0
53.7,29.224634298695797,-41.48796066163019,35.669414884713284,33.066091853689684,33.066092366905856,0.7477105863257734,20.0,0.0
53.75,29.95578971937899,-40.963163795399474,36.6855567906954,33.066091890347984,33.066092395132394,0.7477105477712982,20.0,0.0
53.800000000000004,30.677523361519672,-40.42548308177628,37.70169869809938,33.066091926404006,33.0660924228952,0.7477105098502506,20.0,0.0
53.85,31.38960822344802,-39.87508763356428,38.71784060690186,33.06609196186766,33.06609245020188,0.747710472552221,20.0,0.0
53.900000000000006,32.09182033825447,-39.312150562641555,39.733982517079866,33.06609199674868,33.06609247705994,0.7477104358669777,20.0,0.0
53.95,32.78393884423246,-38.736848925513,40.7501244286108,33.066092031056634,33.06609250347673,0.7477103997844594,20.0,0.0
54.0,33.46574605434447,-38.149363667621984,41.76626634147246,33.06609206480092,33.06609252945952,0.7477103642947469,20.0,0.0
54.050000000000004,34.13702752468963,-37.54987956643894,42.78240825564295,33.066092097990825,33.06609255501542,0.74771032938812,20.0,0.0
54.1,34.7975721219512,-36.93858517334462,43.79855017110078,33.06609213063544,33.066092580151455,0.7477102950549934,20.0,0.0
54.150000000000006,35.44717208980287,-36.31567275432642,44.814692087824795,33.06609216274372,33.06609260487453,0.7477102612859383,20.0,0.0
54.2,36.08562311425288,-35.68133822950633,45.830834005794195,33.0660921943245,33.06609262919144,0.7477102280716892,20.0,0.0
54.25,36.71272438790546,-35.03578111151962,46.84697592498851,33.06609222538642,33.066092653108825,0.7477101954031369,20.0,0.0
54.300000000000004,37.32827867311935,-34.37920444276355,47.863117845387656,33.066092255938024,33.066092676633275,0.7477101632713072,20.0,0.0
54.35,37.93209236404358,-33.71181473153595,48.87925976697179,33.06609228598768,33.0660926997712,0.7477101316673966,20.0,0.0
54.400000000000006,38.52397554751092,-33.033821887083626,49.89540168972146,33.06609231554365,33.06609272252903,0.7477101005827151,20.0,0.0
54.45,39.10374206276999,-32.34543915358113,50.9115436136175,33.066092344614034,33.066092744912964,0.7477100700087362,20.0,0.0
54.5,39.671209560037,-31.646883043060644,51.92768553864114,33.066092373206814,33.0660927669291,0.7477100399370755,20.0,0.0
54.550000000000004,40.22619955784902,-30.938373267313963,52.943827464773804,33.066092401329826,33.06609278858355,0.7477100103594836,20.0,0.0
54.6,40.76853749920045,-30.220132668788164,53.95996939199726,33.06609242899081,33.06609280988223,0.7477099812678318,20.0,0.0
54.650000000000006,41.298052806445206,-29.492387150496576,54.97611132029362,33.06609245619734,33.06609283083099,0.7477099526541409,20.0,0.0
54.7,41.81457893494733,-28.755365604967135,55.9922532496452,33.06609248295688,33.0660928514356,0.7477099245105592,20.0,0.0
54.75,42.317953425463074,-28.00929984225046,57.00839518003472,33.06609250927679,33.06609287170166,0.7477098968293703,20.0,0.0
54.800000000000004,42.80801795523807,-27.254424517010317,58.02453711144511,33.06609253516428,33.06609289163479,0.7477098696029643,20.0,0.0
54.85,43.28461838780348,-26.49097705471938,59.0406790438596,33.06609256062646,33.06609291124042,0.7477098428238804,20.0,0.0
54.900000000000006,43.74760482145542,-25.719197576983508,60.05682097726169,33.06609258567031,33.06609293052396,0.7477098164847575,20.0,0.0
54.95,44.19683163640253,-24.93932882601802,61.07296291163519,33.06609261030272,33.066092949490645,0.7477097905783765,20.0,0.0
55.0,44.632157540566716,-24.15161608829974,62.08910484696408,33.06609263453043,33.066092968145725,0.7477097650976319,20.0,0.0
55.050000000000004,45.05344561402277,-23.356307117418808,63.10524678323268,33.06609265836009,33.06609298649434,0.7477097400355177,20.0,0.0
55.1,45.4605633520628,-22.553652056154522,64.12138872042559,33.06609268179825,33.066093004541486,0.7477097153851702,20.0,0.0
55.150000000000006,45.853382706872026,-21.74390335779974,65.13753065852757,33.066092704851336,33.066093022292144,0.7477096911398107,20.0,0.0
55.2,46.23178012780277,-20.927315706758556,66.15367259752371,33.066092727525685,33.06609303975118,0.7477096672927956,20.0,0.0
55.25,46.59563660023395,-20.10414593844224,67.16981453739932,33.066092749827504,33.06609305692335,0.747709643837581,20.0,0.0
55.300000000000004,46.94483768300392,-19.274652958488655,68.18595647813999,33.066092771762925,33.06609307381338,0.747709620767715,20.0,0.0
55.35,47.279273544404845,-18.43909766133052,69.20209841973146,33.06609279333796,33.06609309042592,0.7477095980768809,20.0,0.0
55.400000000000006,47.59883899672731,-17.597742848138168,70.21824036215976,33.06609281455853,33.06609310676554,0.7477095757588472,20.0,0.0
55.45,47.903433529344255,-16.750853144162576,71.23438230541113,33.06609283543046,33.06609312283671,0.7477095538074963,20.0,0.0
55.5,48.19296134032388,-15.898694915504691,72.2505242494721,33.06609285595948,33.066093138643815,0.7477095322167955,20.0,0.0
55.550000000000004,48.46733136656158,-15.041536185337211,73.26666619432932,33.06609287615122,33.066093154191215,0.747709510980819,20.0,0.0
55.6,48.726457312421346,-14.179646549605186,74.28280813996972,33.06609289601122,33.06609316948321,0.7477094900937331,20.0,0.0
55.650000000000006,48.970257676877765,-13.31329709223194,75.29895008638043,33.066092915544935,33.06609318452394,0.7477094695498252,20.0,0.0
55.7,49.198655779149945,-12.44276029985699,76.31509203354877,33.06609293475772,33.06609319931759,0.7477094493434393,20.0,0.0
55.75,49.4115797828194,-11.568309976132785,77.33123398146232,33.06609295365485,33.06609321386817,0.7477094294690332,20.0,0.0
55.800000000000004,49.608962718424266,-10.690221155607205,78.34737593010883,33.06609297224152,33.06609322817971,0.747709409921157,20.0,0.0
55.85,49.79074250452271,-9.80877001721892,79.36351787947628,33.06609299052282,33.066093242256095,0.7477093906944461,20.0,0.0
55.900000000000006,49.95686196721901,-8.924233797432816,80.37965982955282,33.06609300850376,33.06609325610121,0.7477093717836283,20.0,0.0
55.95,50.10726885814604,-8.036890703042792,81.39580178032674,33.0660930261893,33.066093269718905,0.7477093531834953,20.0,0.0
56.0,50.24191587089861,-7.147019823669379,82.41194373178664,33.066093043584274,33.06609328311284,0.7477093348889667,20.0,0.0
56.050000000000004,50.360760655912394,-6.254901043979686,83.42808568392128,33.066093060693454,33.06609329628669,0.7477093168950049,20.0,0.0
56.1,50.46376583378389,-5.36081495565728,84.4442276367195,33.06609307752154,33.066093309244145,0.7477092991966785,20.0,0.0
56.150000000000006,50.55089900702707,-4.465042769149698,85.46036959017043,33.06609309407315,33.0660933219887,0.7477092817891275,20.0,0.0
56.2,50.62213277026317,-3.5678662252213456,86.47651154426337,33.06609311035284,33.06609333452386,0.7477092646675771,20.0,0.0
56.25,50.677444718840306,-2.669567506339592,87.49265349898775,33.066093126365054,33.06609334685309,0.7477092478273306,20.0,0.0
56.300000000000004,50.71681745588027,-1.7704291479219443,88.50879545433321,33.0660931421142,33.06609335897973,0.7477092312637623,20.0,0.0
56.35,50.74023859775024,-0.8707339494722101,89.5249374102895,33.0660931576046,33.06609337090716,0.7477092149723248,20.0,0.0
56.400000000000006,50.74770077795777,0.02923511436640347,90.54107936684663,33.066093172840496,33.06609338263862,0.7477091989485487,20.0,0.0
56.45,50.73920164946767,0.9291949828132742,91.55722132399474,33.06609318782607,33.06609339417732,0.7477091831880429,20.0,0.0
56.5,50.71474388544027,1.8288625979794422,92.57336328172406,33.06609320256545,33.06609340552649,0.7477091676864731,20.0,0.0
56.550000000000004,50.67433517839065,2.7279549938957786,93.58950524002509,33.066093217062665,33.06609341668917,0.7477091524395902,20.0,0.0
56.6,50.61798823776914,3.626189385512241,94.60564719888846,33.0660932313217,33.066093427668434,0.7477091374432092,20.0,0.0
56.650000000000006,50.54572078596398,4.52328325764023,95.62178915830489,33.066093245346465,33.066093438467306,0.7477091226932089,20.0,0.0
56.7,50.45755555272719,5.4189544538100645,96.63793111826527,33.066093259140814,33.0660934490888,0.7477091081855534,20.0,0.0
56.75,50.353520268025584,6.3129212650156346,97.65407307876069,33.06609327270853,33.066093459535765,0.7477090939162494,20.0,0.0
56.800000000000004,50.233647653319046,7.204902518318313,98.67021503978236,33.066093286053324,33.06609346981111,0.747709079881389,20.0,0.0
56.85,50.09797541126892,8.094617665282268,99.68635700132167,33.06609329917888,33.06609347991762,0.747709066077114,20.0,0.0
56.900000000000006,49.94654621387966,8.981786870213348,100.70249896337006,33.066093312088796,33.06609348985806,0.7477090524996299,20.0,0.0
56.95,49.77940768907752,9.866131098173799,101.71864092591922,33.0660933247866,33.066093499635194,0.7477090391452279,20.0,0.0
57.0,49.59661240573052,10.747372202745122,102.73478288896086,33.06609333727578,33.06609350925171,0.7477090260102344,20.0,0.0
57.050000000000004,49.39821785711429,11.625233013511478,103.75092485248692,33.06609334955978,33.06609351871023,0.7477090130910469,20.0,0.0
57.1,49.18428644282919,12.499437423236103,104.7670668164894,33.066093361641954,33.066093528013376,0.7477090003841127,20.0,0.0
57.150000000000006,48.9548854491742,13.369710474703343,105.78320878096052,33.066093373525625,33.066093537163674,0.7477089878859431,20.0,0.0
57.2,48.710087027983846,14.235778447198983,106.79935074589258,33.06609338521406,33.066093546163614,0.7477089755931274,20.0,0.0
57.25,48.44996817393481,15.097368942601653,107.81549271127803,33.06609339671045,33.06609355501568,0.7477089635022764,20.0,0.0
57.300000000000004,48.174610700329374,15.954210971058258,108.83163467710935,33.06609340801797,33.06609356372233,0.7477089516100719,20.0,0.0
57.35,47.884101213363245,16.80603503621648,109.84777664337929,33.066093419139705,33.06609357228592,0.7477089399132524,20.0,0.0
57.400000000000006,47.57853108488598,17.652573219987527,110.86391861008062,33.06609343007872,33.066093580708824,0.7477089284086063,20.0,0.0
57.45,47.25799642366243,18.493559266812508,111.88006057720625,33.06609344083802,33.06609358899332,0.7477089170929787,20.0,0.0
57.5,46.92259804514437,19.328728667405855,112.89620254474917,33.066093451420535,33.066093597141716,0.7477089059632647,20.0,0.0
57.550000000000004,46.57244143976171,20.157818741949566,113.91234451270256,33.06609346182919,33.066093605156254,0.7477088950164017,20.0,0.0
57.6,46.207636739743414,20.980568722711983,114.92848648105965,33.06609347206684,33.0660936130391,0.7477088842493984,20.0,0.0
57.650000000000006,45.82829868447835,21.79671983606521,115.94462844981388,33.06609348213628,33.06609362079243,0.747708873659299,20.0,0.0
57.7,45.43454658442717,22.606015383875334,116.96077041895863,33.066093492040295,33.066093628418386,0.747708863243183,20.0,0.0
57.75,45.02650428359645,23.40820082423983,117.97691238848755,33.06609350178159,33.06609363591906,0.7477088529982012,20.0,0.0
57.800000000000004,44.60430012058695,24.20302385154682,118.99305435839426,33.06609351136284,33.06609364329651,0.7477088429215399,20.0,0.0
57.85,44.168066888228154,24.990234475830945,120.00919632867262,33.06609352078667,33.06609365055275,0.7477088330104422,20.0,0.0
57.900000000000006,43.717941791811946,25.769585101400914,121.0253382993165,33.06609353005568,33.066093657689756,0.7477088232621725,20.0,0.0
57.95,43.2540664059384,26.54083060471401,122.04148027031991,33.0660935391724,33.066093664709506,0.7477088136740733,20.0,0.0
58.0,42.77658662998736,27.30372841147304,123.05762224167695,33.066093548139335,33.066093671613906,0.7477088042435014,20.0,0.0
58.050000000000004,42.285652642229714,28.058038572921486,124.07376421338178,33.066093556958954,33.0660936784049,0.7477087949678634,20.0,0.0
58.1,41.781418852592985,28.803523841312877,125.08990618542867,33.066093565633665,33.066093685084326,0.7477087858446225,20.0,0.0
58.150000000000006,41.26404385409583,29.53994974453062,126.10604815781204,33.06609357416585,33.06609369165399,0.7477087768712849,20.0,0.0
58.2,40.73369037296694,30.267084659834836,127.12219013052639,33.066093582557855,33.066093698115694,0.7477087680453707,20.0,0.0
58.25,40.190525217463936,30.984699886712995,128.13833210356617,33.06609359081199,33.06609370447127,0.747708759364464,20.0,0.0
58.300000000000004,39.63471922540836,31.692569718811466,129.15447407692616,33.06609359893051,33.06609371072242,0.7477087508261846,20.0,0.0
58.35,39.066447210453305,32.3904715149253,130.17061605060104,33.06609360691564,33.066093716870846,0.7477087424281876,20.0,0.0
58.400000000000006,38.48588790710052,33.078185769023996,131.18675802458563,33.066093614769585,33.06609372291827,0.7477087341681639,20.0,0.0
58.45,37.893223914484345,33.75549617929114,132.20289999887484,33.06609362249449,33.06609372886633,0.7477087260438537,20.0,0.0
58.5,37.28864163894011,34.42218971615629,133.21904197346367,33.06609363009248,33.066093734716674,0.7477087180530191,20.0,0.0
58.550000000000004,36.67233123537512,35.07805668929761,134.2351839483472,33.066093637565636,33.06609374047091,0.7477087101934714,20.0,0.0
58.6,36.04448654746056,35.72289081359429,135.25132592352062,33.066093644916016,33.066093746130576,0.7477087024630578,20.0,0.0
58.650000000000006,35.40530504666327,36.35648927400793,136.26746789897916,33.066093652145625,33.066093751697274,0.7477086948596465,20.0,0.0
58.7,34.75498777013648,36.978652789372475,137.28360987471808,33.06609365925646,33.066093757172496,0.7477086873811558,20.0,0.0
58.75,34.093739257489,37.589185675072734,138.29975185073283,33.06609366625046,33.066093762557784,0.7477086800255393,20.0,0.0
58.800000000000004,33.42176748645287,38.18789590459163,139.3158938270188,33.06609367312955,33.066093767854575,0.7477086727907789,20.0,0.0
58.85,32.73928380746964,38.774595169906924,140.33203580357167,33.06609367989562,33.06609377306434,0.7477086656748781,20.0,0.0
58.900000000000006,32.0465028772158,39.34909894071842,141.34817778038692,33.06609368655053,33.06609377818854,0.7477086586758901,20.0,0.0
58.95,31.343642591088397,39.91122652248692,142.3643197574603,33.06609369309611,33.06609378322853,0.7477086517918963,20.0,0.0
59.0,30.630924014671937,40.46080111326682,143.38046173478756,33.066093699534136,33.06609378818573,0.7477086450209995,20.0,0.0
59.050000000000004,29.908571314208228,40.99764985931433,144.39660371236457,33.06609370586639,33.066093793061455,0.7477086383613525,20.0,0.0
59.1,29.176811686090982,41.52160390945395,145.4127456901872,33.06609371209461,33.06609379785708,0.7477086318111219,20.0,0.0
59.150000000000006,28.435875285407377,42.032498468186006,146.42888766825132,33.0660937182205,33.06609380257393,0.747708625368503,20.0,0.0
59.2,27.685995153549015,42.53017284751861,147.44502964655314,33.06609372424574,33.066093807213264,0.7477086190317408,20.0,0.0
59.25,26.92740714491511,43.01447051750768,148.4611716250886,33.06609373017199,33.06609381177639,0.7477086127990873,20.0,0.0
59.300000000000004,26.160349852730885,43.48523915548923,149.47731360385396,33.06609373600088,33.06609381626455,0.7477086066688372,20.0,0.0
59.35,25.385064534004563,43.942330693988275,150.49345558284534,33.066093741734,33.06609382067897,0.7477086006393066,20.0,0.0
59.400000000000006,24.601795033646543,44.385601367289475,151.50959756205918,33.06609374737293,33.066093825020836,0.7477085947088327,20.0,0.0
59.45,23.810787707774608,44.81491175665471,152.52573954149173,33.06609375291921,33.06609382929137,0.7477085888758026,20.0,0.0
59.5,23.012291346229304,45.230126834173475,153.54188152113932,33.06609375837436,33.06609383349177,0.7477085831386034,20.0,0.0
59.550000000000004,22.20655709432387,45.631116005232236,154.55802350099853,33.06609376373989,33.066093837623164,0.7477085774956649,20.0,0.0
59.6,21.3938383738533,46.01775314958942,155.57416548106588,33.06609376901727,33.06609384168666,0.7477085719454379,20.0,0.0
59.650000000000006,20.574390803387406,46.38991666104311,156.5903074613379,33.06609377420794,33.066093845683405,0.747708566486402,20.0,0.0
59.7,19.748472117872954,46.74748948567899,157.6064494418112,33.066093779313334,33.06609384961449,0.747708561117058,20.0,0.0
59.75,18.916342087570143,47.090359158686454,158.6225914224826,33.06609378433484,33.06609385348097,0.7477085558359278,20.0,0.0
59.800000000000004,18.07826243634893,47.41841783973137,159.6387334033488,33.06609378927385,33.06609385728393,0.7477085506415619,20.0,0.0
59.85,17.2344967593709,47.73156234687433,160.65487538440652,33.06609379413171,33.06609386102439,0.7477085455325465,20.0,0.0
59.900000000000006,16.385310440182575,48.029694189023715,161.67101736565263,33.06609379890976,33.06609386470345,0.7477085405074675,20.0,0.0
59.95,15.530970567246245,48.312719596913425,162.6871593470841,33.066093803609306,33.066093868322014,0.7477085355649464,20.0,0.0
60.0,14.671745849934538,48.58054955259542,163.70330132869785,33.06609380823165,33.066093871881144,0.7477085307036333,20.0,0.0
60.050000000000004,13.807906534015206,48.833099817437926,164.71944331049093,33.06609381277804,33.06609387538176,0.7477085259221923,20.0,0.0
60.1,12.939724316652654,49.07029095862039,165.73558529246029,33.06609381724974,33.06609387882491,0.7477085212193018,20.0,0.0
60.150000000000006,12.067472260952991,49.292048374116945,166.75172727460313,33.06609382164796,33.06609388221147,0.7477085165936828,20.0,0.0
60.2,11.191424710079453,49.49830231616042,167.76786925691655,33.06609382597392,33.0660938855424,0.7477085120440563,20.0,0.0
60.25,10.311857200965214,49.68898791317963,168.78401123939776,33.066093830228816,33.0660938888186,0.747708507569179,20.0,0.0
60.300000000000004,9.429046377650744,49.86404519020297,169.80015322204403,33.0660938344138,33.06609389204095,0.7477085031678357,20.0,0.0
60.35,8.543269904272936,50.0234190877219,170.8162952048526,33.06609383853002,33.066093895210386,0.7477084988387972,20.0,0.0
60.400000000000006,7.654806377733408,50.167059479008415,171.83243718782086,33.066093842578624,33.06609389832772,0.747708494580877,20.0,0.0
60.45,6.763935240073417,50.29492118588109,172.8485791709461,33.066093846560705,33.06609390139386,0.7477084903929168,20.0,0.0
60.5,5.870936690582965,50.4069639929146,173.86472115422586,33.06609385047736,33.06609390440961,0.7477084862737655,20.0,0.0
60.550000000000004,4.9760915976717275,50.503152660088425,174.88086313765746,33.06609385432966,33.066093907375844,0.7477084822222864,20.0,0.0
60.6,4.0796814105295285,50.583456933870636,175.89700512123852,33.06609385811867,33.06609391029331,0.747708478237378,20.0,0.0
60.650000000000006,3.181988070604154,50.647851556733315,176.91314710496653,33.06609386184543,33.06609391316285,0.747708474317939,20.0,0.0
60.7,2.2832939229243308,50.696316275096635,177.92928908883914,33.066093865510965,33.06609391598522,0.7477084704628894,20.0,0.0
60.75,1.3838816272957726,50.728835845699074,178.94543107285386,33.066093869116266,33.066093918761254,0.7477084666711846,20.0,0.0
60.800000000000004,0.4840340693982238,50.74540004039178,179.96157305700845,33.066093872662336,33.06609392149168,0.7477084629417732,20.0,0.0
60.85,-0.41596572818854183,50.746003649355536,-179.0222849586994,33.06609387615015,33.06609392417724,0.7477084592736318,20.0,0.0
60.900000000000006,-1.3158346950017799,50.7306464827394,-178.00614297427202,33.066093879580656,33.06609392681867,0.7477084556657587,20.0,0.0
60.95,-2.2152898017278946,50.69933337072041,-176.99000098971155,33.066093882954796,33.066093929416695,0.7477084521171662,20.0,0.0
61.0,-3.114048149221615,50.652074161984366,-175.97385900502022,33.0660938862735,33.06609393197208,0.7477084486268666,20.0,0.0
61.050000000000004,-4.011827057484232,50.58888372062823,-174.95771702020016,33.06609388953768,33.06609393448544,0.747708445193922,20.0,0.0
61.1,-4.908344154572906,50.509781921485,-173.94157503525352,33.06609389274824,33.066093936957515,0.7477084418173803,20.0,0.0
61.150000000000006,-5.803317465413088,50.41479364387264,-172.92543305018233,33.06609389590605,33.06609393938897,0.7477084384963106,20.0,0.0
61.2,-6.696465500486112,50.30394876376897,-171.90929106498865,33.066093899011975,33.06609394178049,0.7477084352298107,20.0,0.0
61.25,-7.587507344364072,50.177282144414995,-170.8931490796745,33.06609390206687,33.066093944132696,0.7477084320169709,20.0,0.0
61.300000000000004,-8.476162744064133,50.0348336253496,-169.87700709424186,33.06609390507157,33.06609394644627,0.7477084288569174,20.0,0.0
61.35,-9.362152197194492,49.87664800987914,-168.86086510869268,33.0660939080269,33.06609394872184,0.7477084257487903,20.0,0.0
61.400000000000006,-10.245197039864253,49.702775050985764,-167.84472312302887,33.06609391093368,33.06609395096,0.7477084226917228,20.0,0.0
61.45,-11.125019534329581,49.513269435678964,-166.82858113725229,33.066093913792706,33.066093953161406,0.7477084196848764,20.0,0.0
61.5,-12.00134295634856,49.30819076779528,-165.81243915136486,33.06609391660476,33.066093955326636,0.7477084167274413,20.0,0.0
61.550000000000004,-12.873891682217282,49.087603549251526,-164.79629716536832,33.0660939193706,33.06609395745628,0.747708413818593,20.0,0.0
61.6,-13.742391275459786,48.85157715975746,-163.78015517926454,33.06609392209101,33.066093959550955,0.7477084109575358,20.0,0.0
61.650000000000006,-14.6065685731446,48.600185834994306,-162.7640131930552,33.06609392476672,33.06609396161121,0.747708408143481,20.0,0.0
61.7,-15.466151771800707,48.33350864326592,-161.7478712067421,33.06609392739847,33.06609396363762,0.7477084053756613,20.0,0.0
61.75,-16.320870512905945,48.05162946063003,-160.73172922032694,33.066093929986984,33.066093965630735,0.7477084026533234,20.0,0.0
61.800000000000004,-17.170455967920926,47.75463694451727,-159.71558723381136,33.066093932532965,33.0660939675911,0.7477083999757141,20.0,0.0
61.85,-18.01464092284175,47.44262450584643,-158.69944524719705,33.06609393503712,33.066093969519265,0.7477083973420946,20.0,0.0
61.900000000000006,-18.853159862244905,47.11569027964457,-157.6833032604856,33.06609393750013,33.06609397141575,0.74770839475174,20.0,0.0
61.95,-19.685749052797924,46.77393709418133,-156.6671612736786,33.06609393992267,33.06609397328108,0.7477083922039398,20.0,0.0
62.0,-20.51214662620954,46.417472438627094,-155.65101928677765,33.066093942305415,33.06609397511574,0.7477083896980048,20.0,0.0
62.050000000000004,-21.33209266159323,46.0464084292452,-154.6348772997843,33.06609394464901,33.066093976920286,0.7477083872332386,20.0,0.0
62.1,-22.14532926721828,45.6608617741288,-153.6187353127,33.066093946954105,33.06609397869516,0.7477083848089734,20.0,0.0
62.150000000000006,-22.951600661622606,45.26095373649351,-152.60259332552633,33.066093949221326,33.066093980440876,0.7477083824245341,20.0,0.0
62.2,-23.750653254061866,44.846810096537396,-151.5864513382647,33.06609395145129,33.066093982157916,0.7477083800792741,20.0,0.0
62.25,-24.542235724269528,44.41856111188018,-150.5703093509166,33.066093953644625,33.066093983846734,0.7477083777725468,20.0,0.0
62.300000000000004,-25.326099101502837,43.976341476594285,-149.5541673634834,33.06609395580192,33.06609398550783,0.7477083755037128,20.0,0.0
62.35,-26.101996842849797,43.52029027884047,-148.53802537596655,33.06609395792377,33.06609398714162,0.747708373272161,20.0,0.0
62.400000000000006,-26.869684910772527,43.05055095712143,-147.52188338836737,33.066093960010754,33.06609398874858,0.7477083710772661,20.0,0.0
62.45,-27.628921849862657,42.567271255167114,-146.50574140068727,33.066093962063455,33.066093990329115,0.7477083689184383,20.0,0.0
62.5,-28.37946886278454,42.070603175465955,-145.48959941292756,33.066093964082434,33.06609399188369,0.7477083667950808,20.0,0.0
62.550000000000004,-29.121089885382485,41.56070293145662,-144.4734574250895,33.06609396606824,33.066093993412736,0.7477083647066038,20.0,0.0
62.6,-29.853551660928304,41.03773089839532,-143.45731543717443,33.06609396802142,33.06609399491664,0.7477083626524461,20.0,0.0
62.650000000000006,-30.57662381348588,40.50185156291414,-142.44117344918362,33.0660939699425,33.06609399639585,0.747708360632032,20.0,0.0
62.7,-31.29007892036967,39.95323347128624,-141.4250314611183,33.066093971832025,33.06609399785075,0.7477083586448217,20.0,0.0
62.75,-31.9936925836743,39.39204917641419,-140.40888947297967,33.066093973690506,33.06609399928175,0.7477083566902536,20.0,0.0
62.800000000000004,-32.68724350085285,38.81847518355818,-139.392747484769,33.066093975518456,33.06609400068924,0.747708354767795,20.0,0.0
62.85,-33.37051353432156,38.232691894821066,-138.37660549648737,33.06609397731636,33.066094002073605,0.747708352876927,20.0,0.0
62.900000000000006,-34.04328778006905,37.6348835524078,-137.36046350813604,33.06609397908474,33.066094003435225,0.7477083510171312,20.0,0.0
62.95,-34.705354635248554,37.02523818067705,-136.3443215197161,33.06609398082406,33.06609400477449,0.7477083491878886,20.0,0.0
63.0,-35.356505864731844,36.40394752700326,-135.32817953122873,33.0660939825348,33.066094006091724,0.747708347388695,20.0,0.0
63.050000000000004,-35.99653666660392,35.77120700146773,-134.31203754267497,33.066093984217446,33.06609400738734,0.7477083456190599,20.0,0.0
63.1,-36.62524573657791,35.12721561539767,-133.29589555405596,33.06609398587244,33.06609400866166,0.7477083438785073,20.0,0.0
63.150000000000006,-37.24243533130982,34.4721759187726,-132.27975356537277,33.06609398750024,33.06609400991504,0.7477083421665398,20.0,0.0
63.2,-37.84791133059337,33.8062939365178,-131.2636115766264,33.0660939891013,33.066094011147825,0.7477083404827027,20.0,0.0
63.25,-38.4414832984152,33.12977910370471,-130.24746958781796,33.06609399067605,33.06609401236036,0.7477083388265342,20.0,0.0
63.300000000000004,-39.02296454285136,32.44284419967889,-129.23132759894844,33.06609399222493,33.066094013552956,0.7477083371975795,20.0,0.0
63.35,-39.59217217478617,31.745705281135983,-128.2151856100188,33.06609399374836,33.06609401472597,0.7477083355953837,20.0,0.0
63.400000000000006,-40.14892716543501,31.038581614167036,-127.19904362103013,33.06609399524676,33.06609401587971,0.7477083340195136,20.0,0.0
63.45,-40.69305440265299,30.321695605294266,-126.18290163198333,33.06609399672054,33.06609401701451,0.7477083324695286,20.0,0.0
63.5,-41.224382746011685,29.595272731519145,-125.16675964287934,33.06609399817011,33.06609401813066,0.7477083309450165,20.0,0.0
63.550000000000004,-41.74274508062671,28.85954146940474,-124.15061765371914,33.066093999595864,33.06609401922845,0.7477083294455511,20.0,0.0
63.6,-42.24797836971919,28.114733223214625,-123.13447566450363,33.06609400099819,33.06609402030821,0.7477083279707202,20.0,0.0
63.650000000000006,-42.73992370589451,27.36108225213096,-122.11833367523373,33.066094002377476,33.06609402137023,0.7477083265201188,20.0,0.0
63.7,-43.21842636112235,26.598825596574635,-121.10219168591034,33.0660940037341,33.06609402241482,0.747708325093349,20.0,0.0
63.75,-43.68333583540215,25.828203003650653,-120.08604969653433,33.06609400506844,33.06609402344224,0.747708323690027,20.0,0.0
63.800000000000004,-44.134505904098816,25.04945685174219,-119.06990770710658,33.06609400638085,33.06609402445278,0.7477083223097551,20.0,0.0
63.85,-44.57179466393371,24.262832074277064,-118.0537657176279,33.06609400767171,33.06609402544671,0.7477083209521638,20.0,0.0
63.900000000000006,-44.99506457761645,23.468576082690596,-117.03762372809915,33.06609400894135,33.06609402642432,0.7477083196168763,20.0,0.0
63.95,-45.40418251710354,22.666938688609058,-116.02148173852117,33.066094010190135,33.06609402738585,0.7477083183035305,20.0,0.0
64.0,-45.79901980547017,21.858172025278225,-115.00533974889474,33.0660940114184,33.0660940283316,0.7477083170117567,20.0,0.0
64.05,-46.17945225738204,21.042530468261713,-113.98919775922069,33.06609401262648,33.066094029261805,0.7477083157412068,20.0,0.0
64.10000000000001,-46.5453602181545,20.220270555434062,-112.97305576949977,33.06609401381472,33.06609403017672,0.7477083144915326,20.0,0.0
64.15,-46.89662860138667,19.391650906293727,-111.95691377973276,33.066094014983435,33.06609403107662,0.7477083132623932,20.0,0.0
64.2,-47.23314692515874,18.55693214062134,-110.94077178992042,33.06609401613295,33.066094031961725,0.7477083120534402,20.0,0.0
64.25,-47.55480934678105,17.716376796508843,-109.92462980006349,33.06609401726357,33.06609403283228,0.7477083108643541,20.0,0.0
64.3,-47.86151469608403,16.870249247785285,-108.90848781016271,33.06609401837562,33.06609403368856,0.7477083096948078,20.0,0.0
64.35000000000001,-48.15316650723854,16.018815620865198,-107.8923458202188,33.0660940194694,33.06609403453074,0.7477083085444747,20.0,0.0
64.4,-48.42967304909656,15.16234371104578,-106.87620383023246,33.06609402054521,33.06609403535909,0.747708307413042,20.0,0.0
64.45,-48.690947354042734,14.30110289827917,-105.8600618402044,33.06609402160334,33.066094036173844,0.747708306300197,20.0,0.0
64.5,-48.93690724534769,13.4353640624463,-104.84391985013531,33.06609402264409,33.06609403697521,0.7477083052056344,20.0,0.0
64.55,-49.16747536301447,12.565399498158996,-103.82777786002583,33.06609402366774,33.06609403776341,0.7477083041290555,20.0,0.0
64.60000000000001,-49.382579188110014,11.69148282911711,-102.81163586987667,33.06609402467458,33.06609403853867,0.7477083030701621,20.0,0.0
64.65,-49.582151065574045,10.813888922047626,-101.79549387968844,33.06609402566487,33.06609403930116,0.7477083020286699,20.0,0.0
64.7,-49.76612822549811,9.932893800252803,-100.7793518894618,33.066094026638886,33.06609404005114,0.7477083010042946,20.0,0.0
64.75,-49.934452802868144,9.048774556794546,-99.76320989919736,33.066094027596904,33.066094040788805,0.747708299996745,20.0,0.0
64.8,-50.08707185576436,8.161809267342324,-98.7470679088958,33.066094028539176,33.06609404151434,0.7477082990057511,20.0,0.0
64.85000000000001,-50.223937382012664,7.272276902712024,-97.73092591855767,33.06609402946597,33.06609404222796,0.7477082980310357,20.0,0.0
64.9,-50.345006334282466,6.380457241123263,-96.71478392818359,33.06609403037755,33.066094042929855,0.7477082970723288,20.0,0.0
64.95,-50.450240633626024,5.486630780202761,-95.69864193777417,33.06609403127414,33.066094043620204,0.7477082961293817,20.0,0.0
65.0,-50.539607181455146,4.5910786487614335,-94.68249994732996,33.066094032155995,33.06609404429924,0.7477082952019174,20.0,0.0
65.05,-50.61307786995147,3.69408251837297,-93.66635795685156,33.066094033023376,33.066094044967116,0.7477082942897013,20.0,0.0
65.10000000000001,-50.67062959090698,2.795924514781698,-92.6502159663395,33.066094033876496,33.066094045624,0.7477082933924706,20.0,0.0
65.15,-50.71224424299209,1.8968871291675988,-91.63407397579437,33.066094034715604,33.066094046270095,0.7477082925099836,20.0,0.0
65.2,-50.73790873744894,0.9972531292963877,-90.61793198521667,33.06609403554093,33.06609404690559,0.7477082916419846,20.0,0.0
65.25,-50.74761500220807,0.0973054705826013,-89.60178999460696,33.06609403635269,33.066094047530626,0.7477082907882533,20.0,0.0
65.3,-50.741359984427305,-0.8026727929063356,-88.58564800396577,33.06609403715111,33.066094048145395,0.7477082899485481,20.0,0.0
65.35000000000001,-50.719145651451925,-1.702398597477072,-87.56950601329362,33.066094037936416,33.06609404875007,0.7477082891226416,20.0,0.0
65.4,-50.6809789901959,-2.6015889588403196,-86.553364022591,33.06609403870882,33.06609404934481,0.7477082883102995,20.0,0.0
65.45,-50.62687200494433,-3.4999610611158674,-85.53722203185842,33.06609403946853,33.066094049929774,0.7477082875113013,20.0,0.0
65.5,-50.55684171357787,-4.397232345784628,-84.52108004109638,33.066094040215766,33.06609405050513,0.747708286725441,20.0,0.0
65.55,-50.47091014222015,-5.293120600559739,-83.50493805030537,33.06609404095072,33.06609405107104,0.7477082859524842,20.0,0.0
65.60000000000001,-50.369104318310114,-6.187344048148763,-82.48879605948584,33.0660940416736,33.066094051627644,0.7477082851922319,20.0,0.0
65.65,-50.25145626210125,-7.079621434879075,-81.47265406863826,33.066094042384606,33.06609405217512,0.7477082844444709,20.0,0.0
65.7,-50.11800297659049,-7.969672119158563,-80.45651207776311,33.06609404308392,33.066094052713574,0.7477082837089952,20.0,0.0
65.75,-49.968786435879935,-8.857216159743803,-79.44037008686082,33.066094043771756,33.0660940532432,0.7477082829855988,20.0,0.0
65.8,-49.80385357197503,-9.741974403787976,-78.42422809593187,33.066094044448285,33.066094053764104,0.7477082822740897,20.0,0.0
65.85000000000001,-49.623256260023396,-10.623668574640798,-77.40808610497669,33.06609404511371,33.06609405427647,0.747708281574269,20.0,0.0
65.9,-49.427051301998894,-11.502021359372879,-76.39194411399568,33.06609404576819,33.0660940547804,0.7477082808859521,20.0,0.0
65.95,-49.21530040883611,-12.376756495996968,-75.3758021229893,33.06609404641192,33.06609405527606,0.7477082802089399,20.0,0.0
66.0,-48.98807018102087,-13.247598860358645,-74.35966013195794,33.06609404704507,33.0660940557636,0.7477082795430476,20.0,0.0
66.05,-48.745432087642875,-14.11427455266915,-73.34351814090203,33.066094047667825,33.066094056243095,0.7477082788880978,20.0,0.0
66.10000000000001,-48.48746244391702,-14.976510983653109,-72.32737614982196,33.06609404828034,33.066094056714725,0.7477082782439126,20.0,0.0
66.15,-48.214242387180526,-15.834036960284083,-71.31123415871814,33.066094048882796,33.0660940571786,0.7477082776103074,20.0,0.0
66.2,-47.92585785137341,-16.686582771080964,-70.29509216759094,33.06609404947535,33.06609405763488,0.7477082769871117,20.0,0.0
66.25,-47.622399540010285,-17.533880270938386,-69.27895017644076,33.066094050058176,33.066094058083635,0.7477082763741549,20.0,0.0
66.3,-47.30396289765205,-18.37566296546448,-68.26280818526797,33.06609405063142,33.066094058525024,0.7477082757712736,20.0,0.0
66.35000000000001,-46.970648079886374,-19.211666094799433,-67.24666619407296,33.06609405119525,33.06609405895915,0.7477082751782973,20.0,0.0
66.4,-46.622559921826515,-20.041626716888516,-66.23052420285607,33.06609405174981,33.066094059386174,0.7477082745950554,20.0,0.0
66.45,-46.25980790513826,-20.865283790183344,-65.21438221161766,33.06609405229526,33.06609405980615,0.7477082740213987,20.0,0.0
66.5,-45.88250612360545,-21.682378255745416,-64.1982402203581,33.06609405283175,33.066094060219235,0.747708273457171,20.0,0.0
66.55,-45.49077324724489,-22.492653118726047,-63.18209822907774,33.066094053359436,33.06609406062553,0.7477082729022158,20.0,0.0
66.60000000000001,-45.0847324849819,-23.29585352919711,-62.16595623777691,33.066094053878444,33.06609406102517,0.7477082723563768,20.0,0.0
66.65,-44.66451154589832,-24.09172686230717,-61.14981424645593,33.06609405438892,33.06609406141821,0.7477082718194978,20.0,0.0
66.7,-44.23024259906509,-24.88002279773774,-60.13367225511518,33.06609405489102,33.066094061804826,0.7477082712914438,20.0,0.0
66.75,-43.78206223197206,-25.660493398434753,-59.117530263754944,33.06609405538486,33.066094062185066,0.7477082707720726,20.0,0.0
66.8,-43.32011140756809,-26.432893188590402,-58.10138827237557,33.066094055870586,33.06609406255909,0.7477082702612279,20.0,0.0
66.85000000000001,-42.84453541992501,-27.196979230850896,-57.085246280977344,33.06609405634834,33.06609406292695,0.7477082697587818,20.0,0.0
66.9,-42.35548384853931,-27.952511202725795,-56.06910428956059,33.066094056818244,33.06609406328877,0.7477082692645851,20.0,0.0
66.95,-41.853110511285976,-28.699251472174918,-55.0529622981256,33.066094057280424,33.066094063644634,0.7477082687785099,20.0,0.0
67.0,-41.33757341603927,-29.436965172349037,-54.03682030667269,33.06609405773501,33.06609406399467,0.7477082683004213,20.0,0.0
67.05,-40.80903471097564,-30.165420275460864,-53.02067831520215,33.066094058182124,33.06609406433894,0.7477082678301841,20.0,0.0
67.10000000000001,-40.267660633574415,-30.88438766576308,-52.004536323714255,33.06609405862189,33.066094064677564,0.7477082673676705,20.0,0.0
67.15,-39.71362145833234,-31.59364121161046,-50.98839433220931,33.06609405905444,33.06609406501061,0.7477082669127597,20.0,0.0
67.2,-39.14709144320835,-32.29295783658345,-49.972252340687575,33.06609405947989,33.066094065338184,0.7477082664653238,20.0,0.0
67.25,-38.56824877481548,-32.98211758965077,-48.956110349149355,33.06609405989833,33.06609406566039,0.7477082660252421,20.0,0.0
67.3,-37.977275512377076,-33.660903714349054,-47.9399683575949,33.06609406030991,33.0660940659773,0.7477082655923795,20.0,0.0
67.35000000000001,-37.374357530465076,-34.32910271695768,-46.923826366024485,33.066094060714725,33.06609406628899,0.7477082651666436,20.0,0.0
67.4,-36.75968446053816,-34.986504433647426,-45.907684374438354,33.066094061112885,33.06609406659556,0.7477082647478923,20.0,0.0
67.45,-36.13344963129837,-35.63290209658179,-44.891542382836796,33.06609406150451,33.06609406689713,0.7477082643360262,20.0,0.0
67.5,-35.49585000788479,-36.26809239895019,-43.875400391220026,33.06609406188969,33.066094067193696,0.7477082639309245,20.0,0.0
67.55,-34.84708612992355,-36.891875558912595,-42.85925839958835,33.06609406226855,33.06609406748542,0.7477082635324805,20.0,0.0
67.60000000000001,-34.1873620484535,-37.50405538243548,-41.84311640794196,33.066094062641184,33.06609406777234,0.7477082631405807,20.0,0.0
67.65,-33.51688526174756,-38.104439324999305,-40.826974416281125,33.0660940630077,33.066094068054554,0.7477082627551184,20.0,0.0
67.7,-32.83586665004972,-38.692838552158165,-39.81083242460606,33.06609406336818,33.06609406833213,0.747708262375987,20.0,0.0
67.75,-32.14452040924842,-39.26906799893255,-38.79469043291703,33.06609406372275,33.06609406860513,0.747708262003087,20.0,0.0
67.8,-31.443063983507074,-39.832946428016484,-37.77854844121423,33.06609406407149,33.06609406887365,0.7477082616363191,20.0,0.0
67.85000000000001,-30.731717996872877,-40.384296486780805,-36.762406449497924,33.06609406441451,33.06609406913777,0.7477082612755694,20.0,0.0
67.9,-30.010706183885553,-40.9229447630546,-35.746264457768305,33.06609406475188,33.06609406939756,0.7477082609207528,20.0,0.0
67.95,-29.280255319207708,-41.44872183966729,-34.73012246602561,33.06609406508371,33.06609406965306,0.7477082605717627,20.0,0.0
68.0,-28.540595146299044,-41.96146234773421,-33.713980474270016,33.0660940654101,33.066094069904366,0.7477082602285066,20.0,0.0
68.05,-27.79195830515679,-42.461005018668885,-32.69783848250177,33.066094065731114,33.066094070151536,0.7477082598908851,20.0,0.0
68.10000000000001,-27.034580259145123,-42.94719273490568,-31.68169649072109,33.066094066046865,33.06609407039466,0.74770825955882,20.0,0.0
68.15,-26.268699220936558,-43.41987257931685,-30.665554498928145,33.066094066357415,33.06609407063378,0.7477082592322049,20.0,0.0
68.2,-25.49455607758864,-43.878895883308495,-29.649412507123163,33.06609406666287,33.06609407086898,0.7477082589109543,20.0,0.0
68.25,-24.712394314779463,-44.32411827358019,-28.633270515306325,33.06609406696331,33.0660940711003,0.747708258594983,20.0,0.0
68.3,-23.92245994022587,-44.7553997175337,-27.61712852347783,33.06609406725881,33.06609407132784,0.7477082582842058,20.0,0.0
68.35000000000001,-23.125001406308417,-45.17260456731642,-26.600986531637886,33.06609406754945,33.066094071551625,0.7477082579785304,20.0,0.0
68.4,-22.320269531927426,-45.57560160248573,-25.584844539786673,33.06609406783532,33.06609407177174,0.7477082576778855,20.0,0.0
68.45,-21.508517423614727,-45.964264071280816,-24.568702547924364,33.06609406811649,33.06609407198823,0.7477082573821718,20.0,0.0
68.5,-20.69000039592587,-46.33846973048896,-23.55256055605114,33.06609406839305,33.06609407220117,0.7477082570913183,20.0,0.0
68.55,-19.864975891137888,-46.69810088389387,-22.536418564167203,33.06609406866506,33.06609407241062,0.7477082568052467,20.0,0.0
68.60000000000001,-19.03370339827781,-47.04304441929379,-21.520276572272707,33.0660940689326,33.06609407261662,0.7477082565238717,20.0,0.0
68.65,-18.19644437150746,-47.37319184407788,-20.50413458036783,33.06609406919574,33.06609407281923,0.7477082562471224,20.0,0.0
68.7,-17.353462147890138,-47.688439319349605,-19.487992588452748,33.066094069454564,33.066094073018505,0.7477082559749206,20.0,0.0
68.75,-16.505021864565126,-47.98868769258645,-18.471850596527645,33.06609406970913,33.066094073214536,0.7477082557071881,20.0,0.0
68.8,-15.651390375356003,-48.27384252882567,-17.455708604592665,33.06609406995952,33.06609407340732,0.7477082554438539,20.0,0.0
68.85000000000001,-14.792836166839024,-48.54381414036618,-16.43956661264797,33.066094070205786,33.06609407359695,0.7477082551848468,20.0,0.0
68.9,-13.929629273897971,-48.798517614977456,-15.423424620693703,33.06609407044801,33.066094073783454,0.747708254930096,20.0,0.0
68.95,-13.062041194792029,-49.037872842606305,-14.40728262873005,33.066094070686255,33.06609407396691,0.7477082546795302,20.0,0.0
69.0,-12.190344805763374,-49.26180454057335,-13.391140636757159,33.066094070920585,33.06609407414734,0.7477082544330784,20.0,0.0
69.05,-11.314814275211386,-49.47024227725113,-12.374998644775186,33.06609407115107,33.06609407432479,0.7477082541906768,20.0,0.0
69.10000000000001,-10.435724977460426,-49.66312049421646,-11.358856652784281,33.06609407137776,33.06609407449936,0.7477082539522542,20.0,0.0
69.15,-9.553353406148327,-49.84037852687003,-10.342714660784573,33.06609407160074,33.06609407467105,0.7477082537177537,20.0,0.0
69.2,-8.66797708726284,-50.00196062351686,-9.326572668776212,33.06609407182004,33.06609407483991,0.7477082534871116,20.0,0.0
69.25,-7.779874491853378,-50.1478159629014,-8.310430676759355,33.066094072035746,33.06609407500599,0.7477082532602566,20.0,0.0
69.3,-6.889324948445524,-50.27789867019204,-7.294288684734124,33.06609407224791,33.06609407516934,0.7477082530371248,20.0,0.0
69.35000000000001,-5.996608555185831,-50.39216783140977,-6.278146692700677,33.066094072456586,33.06609407533004,0.7477082528176595,20.0,0.0
69.4,-5.102006091744566,-50.49058750629656,-5.262004700659112,33.06609407266183,33.066094075488074,0.7477082526018037,20.0,0.0
69.45,-4.205798931004104,-50.57312673961938,-4.245862708609608,33.066094072863706,33.066094075643534,0.7477082523894865,20.0,0.0
69.5,-3.30826895056073,-50.63975957090635,-3.229720716552268,33.06609407306227,33.066094075796414,0.7477082521806651,20.0,0.0
69.55,-2.409698444067711,-50.690465042611876,-2.2135787244872183,33.06609407325757,33.066094075946786,0.7477082519752685,20.0,0.0
69.60000000000001,-1.510370032447499,-50.7252272067083,-1.1974367324145858,33.066094073449655,33.06609407609468,0.7477082517732541,20.0,0.0
69.65,-0.6105665750010034,-50.74403512970189,-0.1812947403345236,33.06609407363859,33.06609407624015,0.7477082515745579,20.0,0.0
69.7,0.2894289195581099,-50.74688289607171,0.8348472517528666,33.06609407382441,33.06609407638326,0.747708251379116,20.0,0.0
69.75,1.189333382116117,-50.73376961013016,1.8509892438474829,33.06609407400719,33.066094076523974,0.7477082511868929,20.0,0.0
69.8,2.088863772190928,-50.70469939630469,2.8671312359491727,33.06609407418696,33.0660940766624,0.7477082509978246,20.0,0.0
69.85000000000001,2.987737166954777,-50.65968139784059,3.883273228057835,33.066094074363775,33.06609407679855,0.7477082508118684,20.0,0.0
69.9,3.885670850219905,-50.59872977392522,4.899415220173366,33.06609407453769,33.066094076932444,0.7477082506289676,20.0,0.0
69.95,4.78238240135925,-50.52186369523462,5.915557212295641,33.066094074708744,33.06609407706417,0.7477082504490724,20.0,0.0
70.0,5.677589784134177,-50.4291073379039,6.9316992044245564,33.06609407487699,33.06609407719371,0.747708250272126,20.0,0.0
70.05,6.571011435401312,-50.3204898759233,7.9478411965599856,33.06609407504247,33.06609407732111,0.7477082500980927,20.0,0.0
70.10000000000001,7.462366353670566,-50.19604547196229,8.963983188701826,33.06609407520523,33.06609407744645,0.747708249926923,20.0,0.0
70.15,8.351374187486524,-50.055813266624654,9.980125180850004,33.06609407536532,33.06609407756971,0.7477082497585599,20.0,0.0
70.2,9.237755323605365,-49.89983736613784,10.996267173004389,33.06609407552278,33.06609407769095,0.7477082495929608,20.0,0.0
70.25,10.12123097493961,-49.72816682848059,12.01240916516488,33.06609407567765,33.066094077810185,0.7477082494300831,20.0,0.0
70.3,11.001523268243023,-49.54085564795305,13.028551157331378,33.066094075829966,33.06609407792745,0.7477082492698841,20.0,0.0
70.35000000000001,11.878355331508077,-49.33796273819436,14.044693149503779,33.06609407597979,33.06609407804282,0.7477082491123141,20.0,0.0
70.4,12.751451381048527,-49.119551913652955,15.060835141681979,33.06609407612715,33.06609407815629,0.7477082489573306,20.0,0.0
70.45,13.620536808239667,-48.88569186951545,16.076977133865906,33.066094076272094,33.06609407826788,0.7477082488048978,20.0,0.0
70.5,14.485338265889,-48.63645616010047,17.093119126055456,33.06609407641465,33.06609407837766,0.7477082486549662,20.0,0.0
70.55,15.345583754210178,-48.37192317572413,18.109261118250526,33.06609407655487,33.06609407848562,0.7477082485075002,20.0,0.0
70.60000000000001,16.20100270637313,-48.092176118044456,19.125403110451042,33.06609407669278,33.066094078591824,0.7477082483624571,20.0,0.0
70.65,17.051326073603512,-47.79730297389262,20.141545102656902,33.06609407682842,33.06609407869625,0.7477082482197943,20.0,0.0
70.7,17.89628640980467,-47.48739648759905,21.157687094868027,33.06609407696184,33.06609407879899,0.7477082480794763,20.0,0.0
70.75,18.73561795567555,-47.16255413182321,22.17382908708432,33.06609407709306,33.066094078900036,0.7477082479414676,20.0,0.0
70.8,19.569056722298058,-46.82287807689623,23.1899710793057,33.06609407722213,33.06609407899943,0.7477082478057184,20.0,0.0
70.85000000000001,20.3963405741676,-46.46847515868605,24.206113071532094,33.06609407734908,33.06609407909718,0.7477082476722074,20.0,0.0
70.9,21.217209311640666,-46.09945684499502,25.222255063763424,33.06609407747394,33.06609407919331,0.7477082475408849,20.0,0.0
70.95,22.03140475277357,-45.7159392005008,26.238397055999588,33.06609407759675,33.06609407928786,0.7477082474117225,20.0,0.0
71.0,22.83867081452656,-45.31804285025136,27.25453904824051,33.066094077717544,33.06609407938088,0.7477082472846774,20.0,0.0
71.05,23.638753593307747,-44.905892941725625,28.270681040486114,33.06609407783636,33.066094079472364,0.7477082471597285,20.0,0.0
71.10000000000001,24.43140144483162,-44.47961910547176,29.286823032736322,33.06609407795322,33.06609407956233,0.7477082470368259,20.0,0.0
71.15,25.216365063266892,-44.039355414335404,30.30296502499106,33.066094078068154,33.066094079650874,0.7477082469159413,20.0,0.0
71.2,25.993397559648862,-43.58524034129069,31.31910701725028,33.06609407818121,33.06609407973791,0.7477082467970462,20.0,0.0
71.25,26.762254539531643,-43.11741671588735,32.335249009513866,33.0660940782924,33.06609407982353,0.747708246680105,20.0,0.0
71.3,27.52269417985579,-42.636031679327544,33.351391001781764,33.06609407840177,33.06609407990775,0.7477082465650824,20.0,0.0
71.35000000000001,28.274477305007157,-42.141236638186626,34.3675329940539,33.06609407850934,33.06609407999056,0.7477082464519569,20.0,0.0
71.4,29.017367462043094,-41.63318721679229,35.38367498633022,33.066094078615144,33.06609408007205,0.7477082463406788,20.0,0.0
71.45,29.751130995062287,-41.112043208277186,36.39981697861063,33.0660940787192,33.066094080152176,0.747708246231241,20.0,0.0
71.5,30.475537118694874,-40.57796852432033,37.41595897089509,33.06609407882156,33.06609408023099,0.7477082461235938,20.0,0.0
71.55,31.190357990689698,-40.03113114359316,38.432100963183515,33.066094078922234,33.06609408030852,0.7477082460177158,20.0,0.0
71.60000000000001,31.895368783575908,-39.471703058926366,39.44824295547586,33.066094079021255,33.06609408038473,0.7477082459135858,20.0,0.0
71.65,32.590347755376314,-38.89986022321427,40.464384947772025,33.06609407911864,33.06609408045974,0.7477082458111539,20.0,0.0
71.7,33.275076319350305,-38.3157824940736,41.480526940071975,33.06609407921444,33.0660940805335,0.7477082457104132,20.0,0.0
71.75,33.94933911274436,-37.71965357727419,42.49666893237564,33.066094079308655,33.06609408060606,0.7477082456113209,20.0,0.0
71.8,34.612924064528556,-37.11166096895928,43.512810924682974,33.066094079401324,33.0660940806774,0.7477082455138628,20.0,0.0
71.85000000000001,35.26562246209774,-36.49199589667375,44.528952916993894,33.06609407949247,33.066094080747575,0.7477082454180035,20.0,0.0
71.9,35.90722901691639,-35.86085325921868,45.545094909308354,33.06609407958213,33.06609408081661,0.7477082453237216,20.0,0.0
71.95,36.537541929086565,-35.21843156535121,46.561236901626295,33.06609407967031,33.06609408088449,0.7477082452309887,20.0,0.0
72.0,37.156362950818576,-34.56493287134903,47.577378893947646,33.06609407975703,33.06609408095129,0.7477082451397763,20.0,0.0
72.05,37.76349744878441,-33.90056271745907,48.59352088627236,33.06609407984234,33.06609408101696,0.7477082450500703,20.0,0.0
72.10000000000001,38.35875446533439,-33.22553006325039,49.609662878600396,33.06609407992624,33.066094081081545,0.747708244961828,20.0,0.0
72.15,38.94194677855769,-32.54004722189164,50.6258048709317,33.06609408000876,33.066094081145074,0.7477082448750352,20.0,0.0
72.2,39.5128909611679,-31.844329793373735,51.641946863266206,33.066094080089925,33.06609408120756,0.7477082447896706,20.0,0.0
72.25,40.071407438195074,-31.138596596698708,52.658088855603815,33.06609408016976,33.066094081269036,0.7477082447057128,20.0,0.0
72.3,40.61732054346621,-30.423069601056174,53.674230847944536,33.066094080248284,33.066094081329496,0.7477082446231265,20.0,0.0
72.35000000000001,41.150458574856195,-29.697973856008936,54.6903728402883,33.06609408032551,33.066094081388975,0.7477082445419043,20.0,0.0
72.4,41.67065384829211,-28.963537420709777,55.70651483263507,33.06609408040148,33.06609408144747,0.7477082444620109,20.0,0.0
72.45,42.17774275049364,-28.219991292171642,56.722656824984796,33.066094080476184,33.066094081505,0.747708244383432,20.0,0.0
72.5,42.67156579043322,-27.46756933261382,57.73879881733742,33.066094080549675,33.066094081561566,0.7477082443061462,20.0,0.0
72.55,43.15196764949958,-26.70650819590693,58.75494080969289,33.06609408062195,33.066094081617216,0.7477082442301253,20.0,0.0
72.60000000000001,43.61879723034901,-25.937047253139887,59.77108280205116,33.06609408069304,33.066094081671935,0.747708244155362,20.0,0.0
72.65,44.0719077044289,-25.15942851733223,60.78722479441218,33.066094080762966,33.06609408172578,0.7477082440818208,20.0,0.0
72.7,44.51115655815869,-24.373896567315512,61.8033667867759,33.06609408083173,33.06609408177875,0.7477082440094875,20.0,0.0
72.75,44.93640563775363,-23.580698470807675,62.81950877914231,33.066094080899376,33.066094081830826,0.7477082439383409,20.0,0.0
72.8,45.3475211926773,-22.780083706704612,63.83565077151132,33.06609408096591,33.06609408188208,0.7477082438683667,20.0,0.0
72.85000000000001,45.7443739177092,-21.97230408661337,64.85179276388293,33.06609408103135,33.06609408193245,0.7477082437995435,20.0,0.0
72.9,46.1268389936142,-21.15761367565165,65.86793475625707,33.06609408109571,33.066094081982015,0.747708243731843,20.0,0.0
72.95,46.49479612640105,-20.336268712538534,66.88407674863372,33.06609408115902,33.06609408203076,0.7477082436652651,20.0,0.0
73.0,46.84812958515754,-19.50852752900157,67.90021874101281,33.06609408122129,33.0660940820787,0.7477082435997815,20.0,0.0
73.05,47.18672823845055,-18.67465046852553,68.91636073339433,33.066094081282536,33.06609408212585,0.7477082435353637,20.0,0.0
73.10000000000001,47.51048558927942,-17.834899804468474,69.93250272577819,33.066094081342776,33.066094082172235,0.7477082434720117,20.0,0.0
73.15,47.81929980857167,-16.989539657570766,70.9486447181644,33.06609408140202,33.06609408221787,0.7477082434096971,20.0,0.0
73.2,48.11307376721058,-16.138835912883096,71.96478671055296,33.06609408146029,33.06609408226274,0.7477082433484057,20.0,0.0
73.25,48.39171506658449,-15.283056136139558,72.98092870294374,33.06609408151761,33.066094082306854,0.7477082432881232,20.0,0.0
73.3,48.65513606764831,-14.422469489602129,73.99707069533677,33.066094081573986,33.06609408235026,0.7477082432288285,20.0,0.0
73.35000000000001,48.903253918487955,-13.55734664740299,75.01321268773194,33.06609408162944,33.06609408239295,0.7477082431705142,20.0,0.0
73.4,49.1359905803792,-12.687959710411342,76.0293546801293,33.06609408168398,33.06609408243494,0.7477082431131592,20.0,0.0
73.45,49.353272852332616,-11.814582120651469,77.04549667252874,33.06609408173761,33.066094082476276,0.7477082430567421,20.0,0.0
73.5,49.55503239411696,-10.937488575298994,78.06163866493027,33.066094081790375,33.0660940825169,0.7477082430012487,20.0,0.0
73.55,49.741205747753725,-10.056954940282342,79.07778065733388,33.066094081842266,33.06609408255684,0.7477082429466719,20.0,0.0
73.60000000000001,49.91173435747615,-9.173258163516614,80.09392264973948,33.06609408189331,33.06609408259615,0.7477082428929904,20.0,0.0
73.65,50.066564588146306,-8.286676187797152,81.11006464214707,33.06609408194351,33.066094082634784,0.74770824284019,20.0,0.0
73.7,50.20564774212461,-7.397487863380189,82.12620663455658,33.06609408199289,33.06609408267283,0.7477082427882564,20.0,0.0
73.75,50.32894007458631,-6.50597286027808,83.14234862696803,33.06609408204145,33.066094082710194,0.7477082427371826,20.0,0.0
73.8,50.43640280728025,-5.612411580296706,84.15849061938137,33.066094082089215,33.06609408274698,0.7477082426869401,20.0,0.0
73.85000000000001,50.52800214072551,-4.717085068842708,85.17463261179653,33.0660940821362,33.06609408278316,0.747708242637529,20.0,0.0
73.9,50.60370926484211,-3.820274926528297,86.19077460421353,33.06609408218242,33.06609408281876,0.7477082425889279,20.0,0.0
73.95,50.663500368012436,-2.9222632206014336,87.2069165966323,33.06609408222786,33.06609408285376,0.7477082425411226,20.0,0.0
74.0,50.707356644570545,-2.0233323962292475,88.22305858905287,33.06609408227257,33.06609408288818,0.7477082424940988,20.0,0.0
74.05,50.735264300716985,-1.1237651876625878,89.23920058147515,33.066094082316546,33.066094082922035,0.7477082424478496,20.0,0.0
74.10000000000001,50.74721455885723,-0.22384452930965182,90.25534257389913,33.0660940823598,33.06609408295534,0.7477082424023678,20.0,0.0
74.15,50.743203660362454,0.6761465332533408,91.27148456632482,33.06609408240233,33.06609408298809,0.7477082423576249,20.0,0.0
74.2,50.72323286675171,1.5759249323064393,92.28762655875215,33.06609408244417,33.06609408302029,0.747708242313621,20.0,0.0
74.25,50.68730845929513,2.4752076670172163,93.30376855118111,33.066094082485314,33.06609408305198,0.7477082422703347,20.0,0.0
74.3,50.63544173703836,3.3737118924509866,94.31991054361164,33.066094082525794,33.06609408308315,0.7477082422277661,20.0,0.0
74.35000000000001,50.56764901324872,4.27115500853199,95.33605253604375,33.066094082565606,33.0660940831138,0.7477082421858938,20.0,0.0
74.4,50.48395161028431,5.167254748927562,96.35219452847738,33.066094082604764,33.066094083143966,0.7477082421447108,20.0,0.0
74.45,50.38437585288766,6.061729269827339,97.36833652091255,33.06609408264328,33.066094083173624,0.7477082421041956,20.0,0.0
74.5,50.268953059905996,6.954297238589557,98.3844785133492,33.06609408268116,33.06609408320283,0.7477082420643555,20.0,0.0
74.55,50.137719534440734,7.844677922226595,99.40062050578732,33.06609408271843,33.06609408323151,0.7477082420251691,20.0,0.0
74.60000000000001,49.99071655242934,8.732591275701898,100.4167624982269,33.06609408275507,33.066094083259735,0.7477082419866292,20.0,0.0
74.65,49.82799034966309,9.61775803001053,101.43290449066792,33.066094082791125,33.06609408328746,0.7477082419487218,20.0,0.0
74.7,49.64959210724488,10.499899780015648,102.44904648311031,33.066094082826574,33.066094083314766,0.7477082419114325,20.0,0.0
74.75,49.45557793549158,11.378739072013271,103.46518847555407,33.06609408286144,33.066094083341625,0.7477082418747614,20.0,0.0
74.8,49.24600885628609,12.253999490997794,104.48133046799921,33.066094082895745,33.06609408336804,0.7477082418386871,20.0,0.0
74.85000000000001,49.02095078388452,13.125405747600816,105.49747246044568,33.066094082929474,33.066094083394006,0.7477082418032097,20.0,0.0
74.9,48.7804745041847,13.992683764675926,106.5136144528934,33.06609408296266,33.06609408341958,0.7477082417683079,20.0,0.0
74.95,48.52465565246238,14.855560763502218,107.52975644534247,33.06609408299529,33.0660940834447,0.7477082417339886,20.0,0.0
75.0,48.25357468958219,15.713765349579424,108.5458984377928,33.066094083027394,33.06609408346941,0.7477082417002308,20.0,0.0
75.05,47.96731687669089,16.567027597987668,109.56204043024435,33.066094083058964,33.06609408349373,0.7477082416670271,20.0,0.0
75.10000000000001,47.6659722484008,17.415079138285016,110.57818242269713,33.066094083090015,33.06609408351764,0.7477082416343706,20.0,0.0
75.15,47.349635584471834,18.257653238916106,111.59432441515112,33.06609408312056,33.06609408354117,0.747708241602254,20.0,0.0
75.2,47.01840638000112,19.0944848911053,112.61046640760628,33.06609408315061,33.0660940835643,0.7477082415706562,20.0,0.0
75.25,46.67238881412952,19.925310892207992,113.62660840006261,33.066094083180154,33.06609408358706,0.7477082415395842,20.0,0.0
75.3,46.31169171727491,20.749869928493847,114.64275039252007,33.066094083209215,33.06609408360945,0.7477082415090237,20.0,0.0
75.35000000000001,45.93642853690254,21.56790265733592,115.65889238497869,33.06609408323781,33.066094083631455,0.7477082414789606,20.0,0.0
75.4,45.5467173018432,22.379151788779847,116.67503437743844,33.066094083265924,33.0660940836531,0.747708241449395,20.0,0.0
75.45,45.14268058517048,23.183362166467383,117.69117636989925,33.06609408329358,33.06609408367439,0.7477082414203124,20.0,0.0
75.5,44.72444546564874,23.980280847888917,118.70731836236114,33.06609408332078,33.06609408369534,0.7477082413917131,20.0,0.0
75.55,44.29214348776392,24.769657183939646,119.72346035482408,33.06609408334754,33.066094083715925,0.7477082413635827,20.0,0.0
75.60000000000001,43.84591062034983,25.551242897754445,120.73960234728804,33.06609408337385,33.06609408373619,0.7477082413359071,20.0,0.0
75.65,43.3858872138228,26.32479216279661,121.75574433975308,33.06609408339973,33.0660940837561,0.7477082413086933,20.0,0.0
75.7,42.91221795603834,27.09006168017589,122.77188633221908,33.06609408342519,33.066094083775695,0.7477082412819271,20.0,0.0
75.75,42.42505182678345,27.846810755171568,123.78802832468611,33.066094083450224,33.066094083794965,0.7477082412555944,20.0,0.0
75.8,41.92454205091912,28.594801372936416,124.80417031715405,33.06609408347485,33.06609408381395,0.7477082412296951,20.0,0.0
75.85000000000001,41.41084605018759,29.33379827335781,125.820312309623,33.066094083499074,33.066094083832574,0.7477082412042151,20.0,0.0
75.9,40.88412539369961,30.063569025052395,126.83645430209287,33.0660940835229,33.066094083850906,0.7477082411791613,20.0,0.0
75.95,40.34454574711733,30.78388409847106,127.85259629456365,33.066094083546325,33.06609408386894,0.7477082411545197,20.0,0.0
76.0,39.79227682054858,31.494516938091213,128.86873828703537,33.06609408356937,33.06609408388669,0.747708241130276,20.0,0.0
76.05,39.22749231516925,32.19524403367367,129.88488027950797,33.066094083592034,33.066094083904105,0.7477082411064373,20.0,0.0
76.10000000000001,38.65036986859026,32.88584499056171,130.90102227198142,33.066094083614324,33.0660940839213,0.7477082410829894,20.0,0.0
76.15,38.0610909989865,33.56610259900024,131.91716426445575,33.06609408363625,33.06609408393818,0.7477082410599252,20.0,0.0
76.2,37.45984104800521,34.23580290245321,132.93330625693093,33.066094083657816,33.06609408395479,0.7477082410372446,20.0,0.0
76.25,36.84680912247182,34.89473526489781,133.9494482494069,33.06609408367903,33.066094083971144,0.7477082410149336,20.0,0.0
76.3,36.22218803491152,35.54269243707433,134.96559024188375,33.066094083699895,33.0660940839872,0.747708240992992,20.0,0.0
76.35000000000001,35.586174242905344,36.17947062167076,135.9817322343614,33.066094083720415,33.066094084003005,0.7477082409714058,20.0,0.0
76.4,34.93896778729976,36.80486953742171,136.99787422683983,33.0660940837406,33.06609408401856,0.7477082409501818,20.0,0.0
76.45,34.28077222928927,37.41869248210141,138.01401621931905,33.066094083760454,33.06609408403385,0.747708240929299,20.0,0.0
76.5,33.611794586391774,38.0207463943911,139.03015821179906,33.06609408377998,33.0660940840489,0.7477082409087572,20.0,0.0
76.55,32.932245267336825,38.61084191460114,140.04630020427982,33.06609408379919,33.066094084063664,0.7477082408885636,20.0,0.0
76.60000000000001,32.2423380058873,39.18879344422903,141.06244219676134,33.066094083818086,33.0660940840782,0.7477082408686968,20.0,0.0
76.65,31.542289793615236,39.75441920433432,142.07858418924357,33.06609408383667,33.06609408409251,0.7477082408491569,20.0,0.0
76.7,30.83232081165305,40.307541292712266,143.09472618172654,33.06609408385494,33.06609408410659,0.7477082408299296,20.0,0.0
76.75,30.112654361441546,40.84798573984811,144.1108681742102,33.06609408387292,33.06609408412042,0.7477082408110292,20.0,0.0
76.80000000000001,29.383516794496504,41.37558256363448,145.12701016669456,33.0660940838906,33.066094084134036,0.7477082407924271,20.0,0.0
76.85000000000001,28.645137441215983,41.89016582283462,146.1431521591796,33.066094083907984,33.06609408414742,0.7477082407741378,20.0,0.0
76.9,27.897748538750665,42.391573669274706,147.15929415166534,33.066094083925094,33.06609408416058,0.7477082407561468,20.0,0.0
76.95,27.141585157959984,42.87964839874879,148.17543614415172,33.06609408394191,33.06609408417354,0.7477082407384543,20.0,0.0
77.0,26.376885129476968,43.354236500620374,149.19157813663878,33.066094083958454,33.06609408418627,0.747708240721046,20.0,0.0
77.05000000000001,25.603888968905085,43.81518870610499,150.20772012912647,33.066094083974725,33.06609408419879,0.7477082407039362,20.0,0.0
77.10000000000001,24.82283980117061,44.262360035218656,151.22386212161476,33.066094083990734,33.06609408421113,0.7477082406870963,20.0,0.0
77.15,24.033983284054262,44.69560984237737,152.24000411410367,33.06609408400647,33.06609408422326,0.7477082406705406,20.0,0.0
77.2,23.237567530926256,45.114801860633385,153.25614610659318,33.066094084021955,33.066094084235196,0.747708240654255,20.0,0.0
77.25,22.43384303270897,45.519804244534235,154.27228809908328,33.06609408403719,33.06609408424694,0.7477082406382323,20.0,0.0
77.30000000000001,21.623062579091847,45.91048961159117,155.28843009157404,33.06609408405217,33.066094084258474,0.7477082406224795,20.0,0.0
77.35000000000001,20.80548117902326,46.286735082343824,156.30457208406537,33.066094084066904,33.0660940842698,0.7477082406069826,20.0,0.0
77.4,19.981355980504393,46.648422319008645,157.32071407655724,33.0660940840814,33.06609408428097,0.7477082405917415,20.0,0.0
77.45,19.150946189710314,46.9954375626988,158.3368560690497,33.06609408409565,33.06609408429193,0.747708240576749,20.0,0.0
77.5,18.314512989463736,47.32767166920393,159.35299806154268,33.06609408410967,33.06609408430275,0.7477082405619981,20.0,0.0
77.55000000000001,17.472319457087046,47.64502014331854,160.3691400540362,33.06609408412346,33.06609408431337,0.747708240547496,20.0,0.0
77.60000000000001,16.624630481658496,47.94738317170808,161.38528204653025,33.06609408413702,33.066094084323815,0.7477082405332283,20.0,0.0
77.65,15.771712680698542,48.23466565430254,162.40142403902485,33.06609408415037,33.066094084334104,0.747708240519195,20.0,0.0
77.7,14.913834316312549,48.50677723420757,163.41756603151995,33.066094084163495,33.066094084344215,0.7477082405053963,20.0,0.0
77.75,14.051265210816242,48.76363232612381,164.43370802401557,33.0660940841764,33.06609408435416,0.7477082404918249,20.0,0.0
77.80000000000001,13.184276661870433,49.00515014326541,165.4498500165117,33.066094084189096,33.06609408436393,0.747708240478481,20.0,0.0
77.85000000000001,12.313141357151718,49.2312547227693,166.46599200900835,33.06609408420158,33.066094084373525,0.7477082404653501,20.0,0.0
77.9,11.438133288585977,49.441874949587266,167.48213400150544,33.066094084213866,33.066094084382996,0.7477082404524324,20.0,0.0
77.95,10.559527666171672,49.63694457885325,168.49827599400305,33.066094084225945,33.06609408439229,0.747708240439728,20.0,0.0
78.0,9.677600831420012,49.81640225671887,169.51441798650112,33.066094084237825,33.066094084401435,0.7477082404272295,20.0,0.0
78.05000000000001,8.792630170439258,49.98019153965058,170.53055997899963,33.066094084249514,33.06609408441042,0.7477082404149371,20.0,0.0
78.10000000000001,7.904894026690452,50.12826091218251,171.54670197149858,33.06609408426101,33.06609408441929,0.7477082404028508,20.0,0.0
78.15,7.014671613442056,50.26056380311919,172.56284396399795,33.066094084272315,33.066094084428016,0.7477082403909634,20.0,0.0
78.2,6.122242925951008,50.37705860018329,173.5789859564978,33.06609408428343,33.06609408443658,0.747708240379275,20.0,0.0
78.25,5.227888653397824,50.47770866310361,174.59512794899805,33.06609408429437,33.066094084445005,0.7477082403677713,20.0,0.0
78.30000000000001,4.33189009060345,50.562482335139315,175.61126994149876,33.06609408430513,33.0660940844533,0.7477082403564665,20.0,0.0
78.35000000000001,3.434529049555623,50.63135295303665,176.62741193399987,33.066094084315715,33.06609408446143,0.7477082403453394,20.0,0.0
78.4,2.536087770772573,50.68429885541519,177.6435539265014,33.06609408432612,33.06609408446945,0.7477082403344042,20.0,0.0
78.45,1.6368488345319405,50.721303389580825,178.65969591900333,33.066094084336356,33.066094084477335,0.7477082403236395,20.0,0.0
78.5,0.7370950719928324,50.74235491676339,179.67583791150568,33.066094084346425,33.06609408448508,0.7477082403130595,20.0,0.0
78.55000000000001,-0.1628905237610283,50.747446815777344,-179.3080200959916,33.06609408435633,33.06609408449269,0.74770824030265,20.0,0.0
78.60000000000001,-1.062824886729084,50.736577485104284,-178.29187810348847,33.06609408436607,33.066094084500186,0.747708240292404,20.0,0.0
78.65,-1.9624249670246556,50.709750343396664,-177.275736110985,33.06609408437565,33.06609408450757,0.7477082402823356,20.0,0.0
78.7,-2.8614078199005912,50.66697382840252,-176.25959411848115,33.06609408438507,33.06609408451482,0.7477082402724307,20.0,0.0
78.75,-3.759490694741842,50.60826139431165,-175.24345212597692,33.06609408439434,33.06609408452196,0.747708240262682,20.0,0.0
78.80000000000001,-4.65639112399698,50.53363150752392,-174.22731013347234,33.06609408440345,33.066094084528984,0.7477082402530968,20.0,0.0
78.85000000000001,-5.5518270120206905,50.44310764084121,-173.2111681409674,33.06609408441242,33.06609408453589,0.747708240243675,20.0,0.0
78.9,-6.445516723799283,50.33671826608463,-172.19502614846212,33.06609408442124,33.06609408454266,0.7477082402344024,20.0,0.0
78.95,-7.337179173531332,50.21449684513952,-171.1788841559565,33.06609408442991,33.06609408454935,0.747708240225279,20.0,0.0
79.0,-8.22653391303557,50.07648181943091,-170.16274216345053,33.06609408443845,33.066094084555914,0.747708240216312,20.0,0.0
79.05000000000001,-9.113301219958242,49.9227165978328,-169.14660017094425,33.06609408444684,33.066094084562394,0.747708240207487,20.0,0.0
79.10000000000001,-9.99720218575216,49.75324954301512,-168.13045817843764,33.066094084455095,33.066094084568746,0.7477082401988113,20.0,0.0
79.15,-10.877958803399816,49.568133956232536,-167.1143161859307,33.06609408446321,33.06609408457498,0.7477082401902777,20.0,0.0
79.2,-11.755294054852916,49.36742806055997,-166.09817419342346,33.06609408447119,33.06609408458113,0.7477082401818862,20.0,0.0
79.25,-12.628931998160889,49.15119498258018,-165.0820322009159,33.06609408447905,33.066094084587185,0.7477082401736368,20.0,0.0
79.30000000000001,-13.498597854260915,48.91950273252893,-164.06589020840804,33.06609408448677,33.06609408459314,0.7477082401655153,20.0,0.0
79.35000000000001,-14.364018093402214,48.672424182904294,-163.04974821589988,33.06609408449437,33.06609408459898,0.7477082401575359,20.0,0.0
79.4,-15.224920521177392,48.41003704554653,-162.03360622339142,33.06609408450184,33.066094084604735,0.7477082401496844,20.0,0.0
79.45,-16.081034364133792,48.13242384719597,-161.01746423088267,33.06609408450919,33.06609408461038,0.7477082401419537,20.0,0.0
79.5,-16.93209035493792,47.83967190353649,-160.00132223837363,33.066094084516415,33.06609408461594,0.747708240134358,20.0,0.0
79.55000000000001,-17.77782081706616,47.53187329173269,-158.9851802458643,33.06609408452353,33.06609408462144,0.7477082401268831,20.0,0.0
79.60000000000001,-18.617959748995162,47.209124821469544,-157.9690382533547,33.06609408453052,33.06609408462682,0.747708240119529,20.0,0.0
79.65,-19.45224290786537,46.87152800450358,-156.95289626084485,33.0660940845374,33.0660940846321,0.7477082401123027,20.0,0.0
79.7,-20.280407892591438,46.51918902273507,-155.93675426833474,33.06609408454416,33.06609408463732,0.7477082401051902,20.0,0.0
79.75,-21.10219422639336,46.152218694811424,-154.92061227582434,33.06609408455081,33.06609408464243,0.7477082400981985,20.0,0.0
79.80000000000001,-21.917343438722366,45.77073244127218,-153.90447028331366,33.066094084557356,33.066094084647474,0.7477082400913133,20.0,0.0
79.85000000000001,-22.72559914655578,45.374850248246645,-152.88832829080275,33.066094084563794,33.06609408465242,0.747708240084549,20.0,0.0
79.9,-23.526707135035355,44.964696629715476,-151.87218629829158,33.066094084570125,33.066094084657294,0.7477082400778912,20.0,0.0
79.95,-24.320415437423634,44.540400588348234,-150.8560443057802,33.066094084576356,33.06609408466207,0.7477082400713471,20.0,0.0
80.0,-25.106474414353244,44.102095574929066,-149.83990231326854,33.06609408458248,33.06609408466679,0.7477082400649095,20.0,0.0
80.05000000000001,-25.88463683234416,43.64991944638342,-148.82376032075666,33.06609408458851,33.06609408467143,0.7477082400585786,20.0,0.0
80.10000000000001,-26.654657941564285,43.18401442241887,-147.80761832824456,33.066094084594425,33.06609408467598,0.7477082400523472,20.0,0.0
80.15,-27.416295552808855,42.7045270407938,-146.79147633573223,33.06609408460025,33.06609408468048,0.7477082400462223,20.0,0.0
80.2,-28.169310113674456,42.21160811122791,-145.77533434321964,33.066094084605986,33.06609408468488,0.7477082400401969,20.0,0.0
80.25,-28.91346478390374,41.705412667969135,-144.75919235070685,33.06609408461162,33.066094084689226,0.7477082400342709,20.0,0.0
80.30000000000001,-29.64852550987707,41.18609992103184,-143.74305035819384,33.06609408461716,33.066094084693496,0.7477082400284374,20.0,0.0
80.35000000000001,-30.374261098227738,40.653833206121625,-142.72690836568063,33.06609408462261,33.06609408469769,0.7477082400227033,20.0,0.0
80.4,-31.090443288557537,40.10877993326253,-141.7107663731672,33.06609408462798,33.06609408470182,0.7477082400170616,20.0,0.0
80.45,-31.79684682522988,39.55111153414276,-140.69462438065355,33.06609408463325,33.06609408470589,0.7477082400115123,20.0,0.0
80.5,-32.49324952821783,38.98100340819551,-139.6784823881397,33.066094084638436,33.066094084709896,0.7477082400060553,20.0,0.0
80.55000000000001,-33.17943236298477,38.398634867431845,-138.66234039562568,33.06609408464354,33.06609408471382,0.7477082400006907,20.0,0.0
80.60000000000001,-33.855179509375795,37.80418908004296,-137.64619840311144,33.06609408464856,33.06609408471768,0.7477082399954114,20.0,0.0
80.65,-34.52027842949804,37.19785301278964,-136.63005641059698,33.06609408465349,33.06609408472149,0.7477082399902173,20.0,0.0
80.7,-35.17451993456873,36.57981737219693,-135.61391441808235,33.06609408465835,33.06609408472522,0.7477082399851156,20.0,0.0
80.75,-35.81769825070978,35.950276544572574,-134.5977724255675,33.066094084663135,33.0660940847289,0.7477082399800921,20.0,0.0
80.80000000000001,-36.44961108366843,35.309428534868104,-133.5816304330525,33.06609408466783,33.066094084732505,0.7477082399751538,20.0,0.0
80.85000000000001,-37.07005968244334,34.65747490440176,-132.56548844053734,33.06609408467245,33.06609408473607,0.7477082399703008,20.0,0.0
80.9,-37.67884890179638,33.99462070746285,-131.54934644802196,33.06609408467699,33.06609408473957,0.7477082399655188,20.0,0.0
80.95,-38.27578726363019,33.32107442681752,-130.53320445550642,33.06609408468147,33.066094084743014,0.7477082399608221,20.0,0.0
81.0,-38.86068701721247,32.637047908136125,-129.5170624629907,33.06609408468586,33.066094084746396,0.7477082399562036,20.0,0.0
81.05000000000001,-39.433364198227835,31.942756293362983,-128.5009204704748,33.066094084690185,33.06609408474971,0.7477082399516561,20.0,0.0
81.10000000000001,-39.99363868663879,31.238417953049293,-127.48477847795874,33.066094084694434,33.066094084753,0.7477082399471797,20.0,0.0
81.15,-40.5413342633376,30.52425441767063,-126.46863648544252,33.06609408469862,33.066094084756216,0.7477082399427815,20.0,0.0
81.2,-41.07627866557124,29.80049030795055,-125.45249449292612,33.06609408470273,33.06609408475937,0.7477082399384543,20.0,0.0
81.25,-41.598303641121895,29.06735326421225,-124.4363525004096,33.06609408470678,33.06609408476248,0.7477082399342052,20.0,0.0
81.30000000000001,-42.1072450012262,28.325073874780493,-123.42021050789288,33.066094084710755,33.06609408476554,0.7477082399300201,20.0,0.0
81.35000000000001,-42.60294267221629,27.57388560345632,-122.40406851537601,33.06609408471467,33.06609408476855,0.747708239925899,20.0,0.0
81.4,-43.085240745866656,26.81402471608736,-121.38792652285899,33.06609408471852,33.066094084771514,0.7477082399218489,20.0,0.0
81.45,-43.55398752843083,26.04573020625683,-120.37178453034184,33.0660940847223,33.066094084774434,0.7477082399178698,20.0,0.0
81.5,-44.009035588352525,25.269243720114602,-119.35564253782455,33.066094084726025,33.066094084777305,0.7477082399139476,20.0,0.0
81.55000000000001,-44.450241802636214,24.484809480373976,-118.33950054530709,33.06609408472969,33.06609408478011,0.7477082399100965,20.0,0.0
81.60000000000001,-44.877467401862596,23.692674209498062,-117.32335855278951,33.06609408473329,33.06609408478289,0.7477082399063093,20.0,0.0
81.65,-45.29057801383473,22.893087052099943,-116.30721656027178,33.06609408473683,33.066094084785625,0.747708239902579,20.0,0.0
81.7,-45.68944370584117,22.086299496581006,-115.29107456775392,33.06609408474032,33.0660940847883,0.7477082398989126,20.0,0.0
81.75,-46.07393902552275,21.272565296032106,-114.27493257523592,33.066094084743746,33.06609408479095,0.747708239895303,20.0,0.0
81.80000000000001,-46.44394304033022,20.452140388422425,-113.25879058271778,33.06609408474712,33.06609408479354,0.7477082398917574,20.0,0.0
81.85000000000001,-46.799339375560294,19.62528281610115,-112.24264859019952,33.06609408475043,33.06609408479609,0.7477082398882615,20.0,0.0
81.9,-47.140016250958155,18.792252644637266,-111.22650659768112,33.06609408475369,33.066094084798614,0.7477082398848367,20.0,0.0
81.95,-47.46586651587487,17.95331188102299,-110.21036460516261,33.0660940847569,33.06609408480107,0.7477082398814616,20.0,0.0
82.0,-47.77678768296875,17.108724391266612,-109.19422261264396,33.06609408476006,33.066094084803495,0.7477082398781434,20.0,0.0
82.05000000000001,-48.07268196043993,16.258755817400605,-108.17808062012519,33.06609408476316,33.06609408480589,0.747708239874882,20.0,0.0
82.10000000000001,-48.353456282788116,15.403673493931153,-107.1619386276063,33.06609408476621,33.06609408480825,0.7477082398716703,20.0,0.0
82.15,-48.61902234008384,14.543746363755343,-106.1457966350873,33.06609408476922,33.06609408481056,0.7477082398685084,20.0,0.0
82.2,-48.86929660574391,13.679244893572493,-105.12965464256818,33.06609408477217,33.06609408481283,0.7477082398653963,20.0,0.0
82.25,-49.104200362802466,12.810440988816204,-104.11351265004895,33.066094084775074,33.06609408481507,0.7477082398623409,20.0,0.0
82.30000000000001,-49.32365972866922,11.9376079081339,-103.0973706575296,33.06609408477793,33.06609408481728,0.7477082398593353,20.0,0.0
82.35000000000001,-49.527605678367244,11.061020177440748,-102.08122866501014,33.066094084780744,33.06609408481945,0.7477082398563724,20.0,0.0
82.4,-49.71597406624289,10.180953503574994,-101.06508667249057,33.06609408478351,33.06609408482155,0.7477082398534733,20.0,0.0
82.45,-49.88870564614106,9.297684687581878,-100.04894467997089,33.06609408478623,33.06609408482365,0.7477082398506099,20.0,0.0
82.5,-50.04574609003948,8.411491537653383,-99.0328026874511,33.0660940847889,33.066094084825714,0.7477082398478032,20.0,0.0
82.55000000000001,-50.18704600513609,7.522652781751227,-98.01666069493122,33.06609408479152,33.06609408482774,0.7477082398450392,20.0,0.0
82.60000000000001,-50.31256094938422,6.63144797994056,-97.00051870241124,33.066094084794116,33.06609408482973,0.7477082398423178,20.0,0.0
82.65,-50.42225144547063,5.738157436461946,-95.98437670989115,33.06609408479666,33.06609408483168,0.7477082398396462,20.0,0.0
82.7,-50.516082993232,4.843062111569281,-94.96823471737096,33.06609408479916,33.066094084833615,0.7477082398370101,20.0,0.0
82.75,-50.594026080506055,3.9464435331613887,-93.95209272485067,33.06609408480162,33.06609408483552,0.7477082398344166,20.0,0.0
82.80000000000001,-50.656056192413786,3.048583708235073,-92.9359507323303,33.06609408480404,33.066094084837395,0.7477082398318657,20.0,0.0
82.85000000000001,-50.702153819069956,2.1497650341874825,-91.91980873980981,33.06609408480643,33.066094084839214,0.7477082398293646,20.0,0.0
82.9,-50.73230446171938,1.2502702099956884,-90.90366674728925,33.06609408480877,33.06609408484101,0.747708239826899,20.0,0.0
82.95,-50.74649863729715,0.3503821473014066,-89.88752475476859,33.06609408481107,33.06609408484279,0.7477082398244761,20.0,0.0
83.0,-50.744731881411234,-0.5496161185711669,-88.87138276224785,33.06609408481334,33.06609408484453,0.7477082398220887,20.0,0.0
83.05000000000001,-50.72700474974666,-1.4494415176364228,-87.855240769727,33.06609408481556,33.066094084846256,0.7477082398197439,20.0,0.0
83.10000000000001,-50.693322817890746,-2.348811034279306,-86.83909877720608,33.066094084817756,33.066094084847926,0.7477082398174417,20.0,0.0
83.15,-50.643696679579406,-3.247441796270183,-85.82295678468508,33.066094084819916,33.06609408484959,0.7477082398151751,20.0,0.0
83.2,-50.578141943365225,-4.14505116373461,-84.80681479216399,33.06609408482203,33.06609408485121,0.747708239812944,20.0,0.0
83.25,-50.49667922770819,-5.041356818050024,-83.79067279964282,33.06609408482412,33.06609408485282,0.7477082398107484,20.0,0.0
83.30000000000001,-50.39933415449073,-5.936076850641385,-82.77453080712156,33.06609408482617,33.06609408485442,0.7477082398085884,20.0,0.0
83.35000000000001,-50.28613734095902,-6.82892985164786,-81.75838881460024,33.06609408482819,33.06609408485597,0.7477082398064638,20.0,0.0
83.4,-50.1571243900932,-7.719634998432639,-80.74224682207883,33.06609408483017,33.066094084857504,0.7477082398043677,20.0,0.0
83.45,-50.01233587940939,-8.607912143908061,-79.72610482955734,33.06609408483212,33.06609408485899,0.7477082398023143,20.0,0.0
83.5,-49.85181734819715,-9.493481904648267,-78.70996283703577,33.06609408483404,33.066094084860474,0.7477082398002963,20.0,0.0
83.55000000000001,-49.67561928319634,-10.376065748761658,-77.69382084451414,33.06609408483593,33.066094084861945,0.7477082397983068,20.0,0.0
83.60000000000001,-49.48379710271787,-11.255386083495528,-76.67767885199243,33.066094084837786,33.06609408486336,0.7477082397963528,20.0,0.0
83.65,-49.27641113921341,-12.131166342545322,-75.66153685947064,33.06609408483961,33.066094084864766,0.7477082397944343,20.0,0.0
83.7,-49.05352662029941,-13.003131073041041,-74.64539486694879,33.06609408484141,33.06609408486615,0.7477082397925443,20.0,0.0
83.75,-48.81521364824157,-13.871006022183462,-73.62925287442688,33.06609408484318,33.06609408486753,0.7477082397906898,20.0,0.0
83.80000000000001,-48.56154717790605,-14.734518223502889,-72.61311088190489,33.06609408484491,33.06609408486887,0.7477082397888566,20.0,0.0
83.85000000000001,-48.29260699318449,-15.593396082713342,-71.59696888938282,33.066094084846625,33.066094084870166,0.7477082397870589,20.0,0.0
83.9,-48.00847768190011,-16.447369463135157,-70.5808268968607,33.0660940848483,33.06609408487148,0.7477082397852897,20.0,0.0
83.95,-47.70924860920294,-17.29616977065913,-69.56468490433852,33.06609408484996,33.06609408487276,0.7477082397835488,20.0,0.0
84.0,-47.395013889462426,-18.13953003822549,-68.54854291181626,33.066094084851585,33.06609408487398,0.7477082397818364,20.0,0.0
84.05000000000001,-47.06587235666634,-18.977185009791135,-67.53240091929393,33.066094084853184,33.06609408487523,0.7477082397801524,20.0,0.0
84.10000000000001,-46.721927533335204,-19.808871223758707,-66.51625892677156,33.06609408485476,33.06609408487644,0.7477082397784969,20.0,0.0
84.15,-46.36328759796211,-20.63432709584127,-65.50011693424912,33.0660940848563,33.06609408487762,0.7477082397768626,20.0,0.0
84.2,-45.990065350988125,-21.453293001336544,-64.48397494172661,33.06609408485782,33.06609408487881,0.7477082397752639,20.0,0.0
84.25,-45.60237817932396,-22.26551135678478,-63.46783294920405,33.06609408485933,33.06609408487995,0.7477082397736865,20.0,0.0
84.30000000000001,-45.20034801942913,-23.07072670098466,-62.45169095668143,33.0660940848608,33.06609408488108,0.7477082397721446,20.0,0.0
84.35000000000001,-44.78410131896012,-23.868685775341653,-61.43554896415874,33.06609408486226,33.06609408488219,0.747708239770617,20.0,0.0
84.4,-44.35376899699977,-24.659137603523618,-60.41940697163599,33.06609408486368,33.066094084883275,0.7477082397691177,20.0,0.0
84.45,-43.90948640288018,-25.441833570398604,-59.4032649791132,33.06609408486508,33.066094084884355,0.7477082397676398,20.0,0.0
84.5,-43.45139327361229,-26.21652750022996,-58.387122986590356,33.06609408486645,33.066094084885414,0.7477082397661903,20.0,0.0
84.55000000000001,-42.9796336899354,-26.982975734104244,-57.37098099406746,33.06609408486781,33.06609408488645,0.7477082397647621,20.0,0.0
84.60000000000001,-42.49435603100047,-27.74093720656748,-56.354839001544505,33.066094084869135,33.06609408488749,0.7477082397633623,20.0,0.0
84.65,-41.99571292770152,-28.490173521445765,-55.33869700902151,33.06609408487045,33.0660940848885,0.7477082397619768,20.0,0.0
84.7,-41.48386121466971,-29.230449026826296,-54.32255501649846,33.066094084871736,33.06609408488949,0.7477082397606196,20.0,0.0
84.75,-40.95896188094528,-29.961530889175275,-53.30641302397536,33.06609408487301,33.066094084890466,0.7477082397592909,20.0,0.0
84.80000000000001,-40.42118001934283,-30.683189166569363,-52.29027103145221,33.06609408487425,33.06609408489141,0.7477082397579764,20.0,0.0
84.85000000000001,-39.87068477452584,-31.39519688101766,-51.274129038929004,33.06609408487548,33.06609408489237,0.7477082397566761,20.0,0.0
84.9,-39.30764928980686,-32.097330089851475,-50.25798704640575,33.06609408487669,33.06609408489331,0.7477082397554042,20.0,0.0
84.95,-38.73225065268994,-32.789367956159374,-49.24184505388245,33.066094084877875,33.0660940848942,0.7477082397541537,20.0,0.0
85.0,-38.1446698391726,-33.47109281824547,-48.22570306135912,33.06609408487904,33.066094084895106,0.7477082397529244,20.0,0.0
85.05000000000001,-37.54509165682473,-34.142290258088934,-47.20956106883574,33.066094084880184,33.066094084895994,0.7477082397517165,20.0,0.0
85.10000000000001,-36.93370468666241,-34.802749168783414,-46.1934190763123,33.066094084881314,33.06609408489687,0.7477082397505228,20.0,0.0
85.15,-36.310701223834876,-35.452261820934936,-45.17727708378882,33.06609408488242,33.06609408489772,0.7477082397493504,20.0,0.0
85.2,-35.67627721714331,-36.09062392799755,-44.161135091265315,33.06609408488352,33.06609408489857,0.7477082397482064,20.0,0.0
85.25,-35.03063220741045,-36.71763471052609,-43.14499309874176,33.0660940848846,33.0660940848994,0.7477082397470696,20.0,0.0
85.30000000000001,-34.373969264720486,-37.333096959325935,-42.12885110621815,33.06609408488565,33.06609408490019,0.7477082397459611,20.0,0.0
85.35000000000001,-33.706494924548856,-37.93681709747974,-41.112709113694514,33.066094084886686,33.066094084901,0.7477082397448669,20.0,0.0
85.4,-33.02841912280214,-38.52860524123184,-40.09656712117083,33.06609408488771,33.06609408490179,0.7477082397437869,20.0,0.0
85.45,-32.339955129788436,-39.10827525971099,-39.080425128647114,33.06609408488872,33.066094084902566,0.7477082397427282,20.0,0.0
85.5,-31.641319483138957,-39.67564483347281,-38.06428313612335,33.066094084889706,33.066094084903334,0.7477082397416908,20.0,0.0
85.55000000000001,-30.932731919702036,-40.23053551184336,-37.048141143599565,33.06609408489068,33.06609408490409,0.7477082397406676,20.0,0.0
85.60000000000001,-30.214415306430855,-40.77277276904598,-36.03199915107572,33.066094084891645,33.06609408490483,0.7477082397396586,20.0,0.0
85.65,-29.486595570286713,-41.30218605909362,-35.01585715855186,33.06609408489258,33.06609408490555,0.7477082397386638,20.0,0.0
85.7,-28.749501627179843,-41.81860886942946,-33.99971516602795,33.066094084893514,33.06609408490627,0.7477082397376904,20.0,0.0
85.75,-28.003365309970125,-42.32187877329887,-32.983573173504006,33.066094084894424,33.066094084906965,0.7477082397367312,20.0,0.0
85.80000000000001,-27.24842129555038,-42.81183748083635,-31.967431180980014,33.06609408489532,33.066094084907675,0.7477082397357862,20.0,0.0
85.85000000000001,-26.48490703103512,-43.28833088885133,-30.951289188456,33.0660940848962,33.06609408490833,0.7477082397348624,20.0,0.0
85.9,-25.713062659078027,-43.75120912929708,-29.935147195931957,33.06609408489707,33.066094084909004,0.747708239733953,20.0,0.0
85.95,-24.933130942341588,-44.20032661640769,-28.919005203407863,33.06609408489792,33.06609408490966,0.7477082397330506,20.0,0.0
86.0,-24.145357187142725,-44.63554209248808,-27.902863210883744,33.06609408489876,33.0660940849103,0.7477082397321695,20.0,0.0
86.05000000000001,-23.349989166298347,-45.05671867234277,-26.8867212183596,33.06609408489959,33.06609408491093,0.7477082397312955,20.0,0.0
86.10000000000001,-22.547277041195148,-45.463723886329404,-25.87057922583543,33.06609408490039,33.06609408491157,0.7477082397304358,20.0,0.0
86.15,-21.737473283108155,-45.85642972202348,-24.85443723331121,33.066094084901195,33.06609408491217,0.7477082397295973,20.0,0.0
86.2,-20.92083259379274,-46.23471266448116,-23.838295240786966,33.06609408490198,33.066094084912784,0.747708239728766,20.0,0.0
86.25,-20.097611825375107,-46.59845373508755,-22.822153248262694,33.06609408490275,33.06609408491338,0.747708239727956,20.0,0.0
86.30000000000001,-19.268069899566456,-46.9475385289782,-21.806011255738397,33.066094084903504,33.06609408491397,0.7477082397271531,20.0,0.0
86.35000000000001,-18.432467726226175,-47.281857251022004,-20.789869263214076,33.06609408490425,33.06609408491454,0.7477082397263715,20.0,0.0
86.4,-17.591068121299756,-47.601304750354316,-19.77372727068973,33.06609408490499,33.06609408491513,0.747708239725597,20.0,0.0
86.45,-16.744135724157175,-47.90578055344928,-18.75758527816533,33.066094084905714,33.066094084915676,0.7477082397248367,20.0,0.0
86.5,-15.891936914357776,-48.19518889572104,-17.741443285640905,33.066094084906425,33.06609408491623,0.7477082397240835,20.0,0.0
86.55000000000001,-15.034739727867821,-48.469438751643885,-16.725301293116456,33.06609408490713,33.06609408491676,0.7477082397233445,20.0,0.0
86.60000000000001,-14.172813772757065,-48.72844386338188,-15.709159300591981,33.06609408490781,33.06609408491729,0.7477082397226198,20.0,0.0
86.65,-13.30643014440087,-48.97212276791888,-14.693017308067482,33.066094084908485,33.06609408491781,0.7477082397219093,20.0,0.0
86.7,-12.435861340214522,-49.200398822680555,-13.676875315542956,33.06609408490915,33.066094084918326,0.7477082397212129,20.0,0.0
86.75,-11.56138117394658,-49.413200229640175,-12.660733323018405,33.06609408490981,33.06609408491883,0.7477082397205237,20.0,0.0
86.80000000000001,-10.683264689558206,-49.610460057900774,-11.644591330493828,33.06609408491045,33.06609408491933,0.7477082397198416,20.0,0.0
86.85000000000001,-9.80178807471556,-49.792116264746426,-10.628449337969226,33.066094084911086,33.06609408491982,0.7477082397191808,20.0,0.0
86.9,-8.917228573922484,-49.958111715156086,-9.612307345444599,33.06609408491171,33.066094084920294,0.7477082397185271,20.0,0.0
86.95,-8.029864401320781,-50.10839419977387,-8.596165352919947,33.06609408491232,33.06609408492077,0.7477082397178805,20.0,0.0
87.0,-7.139974653185514,-50.242916451330075,-7.580023360395268,33.066094084912926,33.06609408492122,0.7477082397172481,20.0,0.0
87.05000000000001,-6.247839220142869,-50.36163615950784,-6.563881367870564,33.066094084913516,33.06609408492167,0.7477082397166299,20.0,0.0
87.10000000000001,-5.353738699138164,-50.46451598425067,-5.547739375345834,33.066094084914106,33.066094084922135,0.7477082397160117,20.0,0.0
87.15,-4.457954305181708,-50.551523567506756,-4.53159738282108,33.066094084914674,33.06609408492256,0.7477082397154078,20.0,0.0
87.2,-3.5607677829002684,-50.622631543406335,-3.5154553902963257,33.06609408491524,33.06609408492299,0.7477082397148109,20.0,0.0
87.25,-2.6624613179219545,-50.67781754686885,-2.4993133977715454,33.0660940849158,33.06609408492342,0.7477082397142283,20.0,0.0
87.30000000000001,-1.763317448122403,-50.7170642206373,-1.48317140524674,33.066094084916344,33.06609408492385,0.7477082397136527,20.0,0.0
87.35000000000001,-0.8636189747601697,-50.74035922073747,-0.467029412721909,33.06609408491688,33.06609408492427,0.7477082397130843,20.0,0.0
87.4,0.03635112647071681,-50.74769522036041,0.5491125798029474,33.0660940849174,33.066094084924664,0.7477082397125301,20.0,0.0
87.45,0.9363097944430672,-50.73906991216691,1.5652545723278293,33.06609408491793,33.06609408492505,0.747708239711983,20.0,0.0
87.5,1.8359739716257124,-50.71448600901314,2.581396564852711,33.06609408491843,33.06609408492547,0.747708239711443,20.0,0.0
87.55000000000001,2.735060693111555,-50.67395124309747,3.5975385573776184,33.06609408491894,33.06609408492585,0.7477082397109172,20.0,0.0
87.60000000000001,3.6332871756164877,-50.617478363528456,4.6136805499025515,33.066094084919435,33.066094084926235,0.7477082397103985,20.0,0.0
87.65,4.530370906421186,-50.545085132315,5.629822542427509,33.06609408491992,33.0660940849266,0.7477082397098869,20.0,0.0
87.7,5.4260297322278035,-50.45679431877978,6.645964534952467,33.066094084920394,33.06609408492698,0.7477082397093824,20.0,0.0
87.75,6.319981947903622,-50.35263369239775,7.662106527477451,33.06609408492086,33.06609408492735,0.747708239708885,20.0,0.0
87.80000000000001,7.21194638508374,-50.23263601406207,8.67824852000246,33.06609408492133,33.0660940849277,0.7477082397084018,20.0,0.0
87.85000000000001,8.10164250060494,-50.09683902577997,9.694390512527495,33.06609408492178,33.06609408492804,0.7477082397079258,20.0,0.0
87.9,8.98879046474291,-49.94528543880212,10.710532505052528,33.06609408492223,33.06609408492838,0.7477082397074568,20.0,0.0
87.95,9.87311124922508,-49.77802292018889,11.726674497577589,33.06609408492267,33.06609408492872,0.747708239706995,20.0,0.0
88.0,10.754326714991372,-49.59510407781802,12.742816490102674,33.0660940849231,33.066094084929055,0.7477082397065402,20.0,0.0
88.05000000000001,11.632159699675286,-49.39658644383824,13.75895848262776,33.06609408492353,33.0660940849294,0.7477082397060926,20.0,0.0
88.10000000000001,12.506334104777785,-49.18253245657406,14.77510047515287,33.06609408492395,33.06609408492972,0.747708239705652,20.0,0.0
88.15,13.376574982506568,-48.953009440887534,15.791242467677982,33.06609408492436,33.066094084930036,0.7477082397052186,20.0,0.0
88.2,14.24260862225343,-48.70808958700304,16.807384460203117,33.066094084924764,33.06609408493035,0.7477082397047923,20.0,0.0
88.25,15.104162636682483,-48.44784992780179,17.82352645272828,33.06609408492517,33.06609408493066,0.7477082397043731,20.0,0.0
88.30000000000001,15.960966047402197,-48.17237231459326,18.83966844525344,33.06609408492556,33.06609408493096,0.7477082397039609,20.0,0.0
88.35000000000001,16.812749370194275,-47.881743391371074,19.85581043777863,33.06609408492595,33.066094084931265,0.7477082397035488,20.0,0.0
88.4,17.659244699772596,-47.57605456756149,20.871952430303843,33.06609408492633,33.06609408493154,0.7477082397031509,20.0,0.0
88.45,18.50018579404554,-47.25540198927305,21.888094422829052,33.0660940849267,33.066094084931834,0.7477082397027601,20.0,0.0
88.5,19.335308157855184,-46.919886509056425,22.90423641535429,33.06609408492707,33.06609408493212,0.7477082397023764,20.0,0.0
88.55000000000001,20.164349126167085,-46.56961365418402,23.92037840787953,33.066094084927435,33.066094084932395,0.7477082397019927,20.0,0.0
88.60000000000001,20.98704794668441,-46.2046935934592,24.936520400404792,33.06609408492779,33.066094084932665,0.7477082397016233,20.0,0.0
88.65,21.803145861860482,-45.82524110256572,25.95266239293006,33.066094084928146,33.06609408493295,0.7477082397012538,20.0,0.0
88.7,22.612386190283946,-45.431375527968136,26.968804385455346,33.06609408492849,33.06609408493321,0.7477082397008985,20.0,0.0
88.75,23.414514407410906,-45.023220749374616,27.984946377980634,33.06609408492882,33.06609408493349,0.7477082397005361,20.0,0.0
88.80000000000001,24.20927822561872,-44.60090514077397,29.00108837050595,33.066094084929155,33.06609408493374,0.747708239700188,20.0,0.0
88.85000000000001,24.996427673556205,-44.16456153005907,30.017230363031263,33.06609408492948,33.066094084933994,0.7477082396998469,20.0,0.0
88.9,25.77571517476532,-43.71432715724947,31.033372355556605,33.0660940849298,33.066094084934235,0.7477082396995129,20.0,0.0
88.95,26.546895625549627,-43.25034363132629,32.04951434808194,33.06609408493012,33.066094084934484,0.7477082396991861,20.0,0.0
89.0,27.309726472064987,-42.772756885692935,33.06565634060731,33.066094084930434,33.066094084934726,0.7477082396988592,20.0,0.0
89.05000000000001,28.063967786608274,-42.281717132275745,34.081798333132674,33.06609408493074,33.06609408493497,0.7477082396985395,20.0,0.0
89.10000000000001,28.809382343080113,-41.7773788142789,35.097940325658065,33.066094084931045,33.06609408493519,0.7477082396982269,20.0,0.0
89.15,29.5457356915979,-41.259900557608496,36.114082318183456,33.06609408493134,33.06609408493543,0.7477082396979213,20.0,0.0
89.2,30.27279623223565,-40.72944512098111,37.13022431070887,33.066094084931635,33.06609408493565,0.7477082396976158,20.0,0.0
89.25,30.990335287867428,-40.18617934473245,38.14636630323429,33.06609408493192,33.06609408493587,0.7477082396973103,20.0,0.0
89.30000000000001,31.698127176091553,-39.63027409834227,39.16250829575973,33.0660940849322,33.0660940849361,0.7477082396970118,20.0,0.0
89.35000000000001,32.39594928021285,-39.061904226692015,40.17865028828517,33.06609408493248,33.06609408493631,0.7477082396967205,20.0,0.0
89.4,33.08358211926066,-38.481248495072116,41.19479228081061,33.06609408493276,33.06609408493651,0.7477082396964363,20.0,0.0
89.45,33.76080941702066,-37.888489532956235,42.21093427333608,33.06609408493302,33.066094084936736,0.7477082396961521,20.0,0.0
89.5,34.42741817005861,-37.28381377656014,43.22707626586155,33.06609408493329,33.06609408493695,0.7477082396958821,20.0,0.0
89.55000000000001,35.083198714714825,-36.66741141020323,44.24321825838704,33.066094084933546,33.06609408493714,0.7477082396956121,20.0,0.0
89.60000000000001,35.727944793048174,-36.03947630649126,45.25936025091253,33.0660940849338,33.06609408493733,0.7477082396953492,20.0,0.0
89.65,36.36145361770891,-35.40020596533896,46.27550224343803,33.06609408493406,33.06609408493753,0.7477082396950863,20.0,0.0
89.7,36.9835259357199,-34.74980145185183,47.291644235963545,33.066094084934306,33.06609408493772,0.7477082396948305,20.0,0.0
89.75,37.593966091146264,-34.088467333086555,48.30778622848906,33.06609408493455,33.06609408493791,0.7477082396945747,20.0,0.0
89.80000000000001,38.19258208663359,-33.41641161371002,49.323928221014604,33.06609408493479,33.0660940849381,0.7477082396943189,20.0,0.0
89.85000000000001,38.77918564379552,-32.73384567057707,50.340070213540145,33.066094084935024,33.06609408493827,0.7477082396940702,20.0,0.0
89.9,39.353592262431576,-32.0409841862477,51.35621220606569,33.06609408493525,33.06609408493845,0.7477082396938357,20.0,0.0
89.95,39.91562127855667,-31.338045081464465,52.37235419859123,33.066094084935486,33.06609408493865,0.7477082396935941,20.0,0.0
90.0,40.46509592122409,-30.625249446611452,53.38849619111683,33.06609408493571,33.0660940849388,0.7477082396933596,20.0,0.0
90.05000000000001,41.00184336812396,-29.9028214721763,54.40463818364242,33.416094084935935,33.06609408493896,0.7477082396931323,20.0,0.0
90.10000000000001,41.52569479993979,-29.170988378237183,55.43441002355045,33.741094084936144,33.05792272987566,0.747708239692912,20.0,0.0
90.15,42.03630916376992,-28.429858854165747,56.47693687482077,34.042296131003255,33.04211690160513,0.747494150744366,20.0,0.0
90.2,42.5333545060547,-27.67956162791937,57.5313713420035,34.32085475747482,33.01918781691471,0.7468656909124789,20.0,0.0
90.25,43.016508474760215,-26.920244670039388,58.596893763575274,34.577878547434814,32.98962311969783,0.7456360138869655,20.0,0.0
90.30000000000001,43.48545878973093,-26.1520743750599,59.672712427930186,34.814431731167886,32.953888761633245,0.7436313272123982,20.0,0.0
90.35000000000001,43.939903678770285,-25.37523472440733,60.75806371254041,35.0,32.91243068676713,0.7406905019864496,20.0,0.0
90.4,44.37955227749187,-24.589926434853382,61.85093140923847,35.0,32.866454235573016,0.7366646757759838,20.0,0.0
90.45,44.804142729876865,-23.796375587242782,62.94379910593653,35.0,32.82052398011344,0.7314369680999917,20.0,0.0
90.5,45.2135205649209,-22.99487088471468,64.03666680263458,35.0,32.77465432413266,0.7250089096022094,20.0,0.0
90.55000000000001,45.60753684614884,-22.185703924114268,65.12953449933264,35.0,32.72885986770141,0.717382382978748,20.0,0.0
90.60000000000001,45.98604822579966,-21.36916908990642,66.2224021960307,35.0,32.68315540552479,0.7085596227952777,20.0,0.0
90.65,46.348916996978026,-20.545563447075157,67.31526989272875,35.0,32.63755592502475,0.6985432152695026,20.0,0.0
90.7,46.69601114375371,-19.7151866330479,68.40813758942681,35.0,32.59207660419189,0.6873360980184202,20.0,0.0
90.75,47.02720438919051,-18.878340748683854,69.50100528612487,35.0,32.54673280920164,0.6749415597701116,20.0,0.0
90.80000000000001,47.3423762412873,-18.035330248366165,70.59387298282293,35.0,32.50154009178984,0.6613632400395986,20.0,0.0
90.85000000000001,47.64141203681443,-17.18646182923782,71.68674067952098,35.0,32.45651418638247,0.6466051287682575,20.0,0.0
90.9,47.92420298302958,-16.332044319621627,72.77960837621904,35.0,32.411671006974444,0.6306715659263844,20.0,0.0
90.95,48.19064619725782,-15.472388566664826,73.8724760729171,35.0,32.36702664375263,0.6135672410781581,20.0,0.0
91.0,48.44064474432154,-14.607807323249247,74.96534376961515,35.0,32.322597359457546,0.5952971929085535,20.0,0.0
91.05000000000001,48.67410767180662,-13.738615134208125,76.05821146631321,35.0,32.27839958547895,0.5758668087114103,20.0,0.0
91.10000000000001,48.89095004315197,-12.86512822189099,77.15107916301126,35.0,32.234449917680216,0.5552818238379231,20.0,0.0
91.15,49.09109296855048,-11.987664371118248,78.24394685970933,35.0,32.190765111946355,0.5335483211049024,20.0,0.0
91.2,49.27446363365002,-11.106542813567332,79.33681455640738,35.0,32.147362079450716,0.5106727301617155,20.0,0.0
91.25,49.4409953260442,-10.222084111632453,80.42968225310544,35.0,32.10425788163549,0.4866618268153431,20.0,0.0
91.30000000000001,49.59062745954311,-9.334610041800232,81.52254994980349,35.0,32.06146972490115,0.46152273231227525,20.0,0.0
91.35000000000001,49.72330559621526,-8.444443477583622,82.61541764650156,35.0,32.0190149549999,0.43526291257651906,20.0,0.0
91.4,49.83898146619281,-7.5519082720567265,83.7082853431996,35.0,31.976911051128614,0.40789017740247857,20.0,0.0
91.45,49.937612985232654,-6.657329140033241,84.80115303989767,35.0,31.935175619716638,0.37941267960169966,20.0,0.0
91.5,50.019164270027176,-5.761031539931376,85.89402073659572,35.0,31.89382638790399,0.3498389141022713,20.0,0.0
91.55000000000001,50.08360565125904,-4.863341555368259,86.98688843329377,35.0,31.852881196705592,0.31917771699968966,20.0,0.0
91.60000000000001,50.13091368439523,-3.9645857765268735,88.07975612999184,35.0,31.812357993857557,0.2874382645579203,20.0,0.0
91.65,50.16107115821643,-3.0650911813387065,89.17262382668989,35.0,31.77227482634142,0.2546300721592445,20.0,0.0
91.7,50.17406710107868,-2.1651850165253292,90.26549152338795,35.0,31.732649832582606,0.22076299320163884,20.0,0.0
91.75,50.16989678490499,-1.2651946785421866,91.358359220086,35.0,31.693501234319584,0.18584721794214687,20.0,0.0
91.80000000000001,50.148561726905484,-0.3654475944679132,92.45122691678407,35.0,31.65484732814035,0.14989327228475702,20.0,0.0
91.85000000000001,50.11006968902539,0.5337288971174914,93.54409461348212,35.0,31.616706476683337,0.1129120165112667,20.0,0.0
91.9,50.054434675121165,1.4320076652222915,94.63696231018018,35.0,31.579097099499727,0.07491464395348402,20.0,0.0
91.95,49.98167692586575,2.3290619054571207,95.72983000687823,35.0,31.542037663574934,0.035912679605154096,20.0,0.0
92.0,49.89182291138474,3.2245652589302654,96.82269770357628,35.0,31.50554667350689,-0.004082021328223107,20.0,0.0
92.05000000000001,49.784905321626276,4.1181919309808706,97.91556540027435,35.0,31.46964266133965,-0.04505727494336753,20.0,0.0
92.10000000000001,49.66096305446801,5.009616809706874,99.0084330969724,35.0,31.434344176050445,-0.08700057021884078,20.0,0.0
92.15,49.52004120156566,5.898515584244542,100.10130079367046,35.0,31.39966977268961,-0.12989907066222628,20.0,0.0
92.2,49.36219103194808,6.784564862756579,101.19416849036851,35.0,31.36563800117241,-0.17373961602690713,20.0,0.0
92.25,49.187469973365005,7.667442290085882,102.28703618706658,35.0,31.332267394722923,-0.21850872410026767,20.0,0.0
92.30000000000001,48.99594159139417,8.546826665032148,103.37990388376463,35.0,31.299576457970076,-0.26419259256552863,20.0,0.0
92.35000000000001,48.7876755663154,9.422398057208644,104.47277158046269,35.0,31.267583654696743,-0.3107771009393048,20.0,0.0
92.4,48.562747667760085,10.293837923436653,105.56563927716074,35.0,31.236307395243344,-0.358247812587031,20.0,0.0
92.45,48.321239727145326,11.16082922363523,106.65850697385879,35.0,31.205766023567886,-0.40658997681851616,20.0,0.0
92.5,48.06323960790267,12.023056536164109,107.75137467055686,35.0,31.1759778039647,-0.4557885310658847,20.0,0.0
92.55000000000001,47.788841173512395,12.880206172577825,108.8442423672549,35.0,31.146960907445536,-0.5058281031462712,20.0,0.0
92.60000000000001,47.49814425335484,13.731966291749243,109.93711006395297,35.0,31.118733397786283,-0.5566930136116142,20.0,0.0
92.65,47.191254606391304,14.578027013321046,111.02997776065102,35.0,31.091313217244263,-0.6083672781880338,20.0,0.0
92.7,46.86828388268773,15.418080530443847,112.12284545734909,35.0,31.064718171951014,-0.6608346103072194,20.0,0.0
92.75,46.52934958279504,16.25182122175995,113.21571315404714,35.0,31.038965916986694,-0.7140784237324382,20.0,0.0
92.80000000000001,46.174575015001096,17.078945762591996,114.3085808507452,35.0,31.014073941142673,-0.7680818352816701,20.0,0.0
92.85000000000001,45.804089250469666,17.899153235296044,115.40144854744325,35.0,30.990059551380142,-0.8228276676505146,20.0,0.0
92.9,45.41802707628283,18.712145238738966,116.4943162441413,35.0,30.966939856992912,-0.8782984523375674,20.0,0.0
92.95,45.01652894640385,19.517625996860275,117.58718394083937,35.0,30.944731753483552,-0.9344764326749271,20.0,0.0
93.0,44.59974093057836,20.315302466278954,118.68005163753742,35.0,30.923451906163596,-0.9913435669665915,20.0,0.0
93.05000000000001,44.16781466119248,21.104884442906076,119.77291933423548,35.0,30.903116733488183,-1.0488815317375142,20.0,0.0
93.10000000000001,43.720907278107155,21.88608466752447,120.86578703093353,35.0,30.88374239013771,-1.1070717250961408,20.0,0.0
93.15,43.25918137148885,22.65861893029701,121.9586547276316,35.0,30.865344749859396,-1.165895270213234,20.0,0.0
93.2,42.78280492265731,23.42220617416549,123.05152242432965,35.0,30.847939388082796,-1.2253330189198834,20.0,0.0
93.25,42.291951242972,24.176568597102495,124.14439012102771,35.0,30.831541564324407,-1.2853655554275676,20.0,0.0
93.30000000000001,41.78679891077935,24.921431753179057,125.23725781772576,35.0,30.81616620439751,-1.3459732001731268,20.0,0.0
93.35000000000001,41.26753170644392,25.6565246524113,126.33012551442383,35.0,30.801827882444613,-1.4071360137916642,20.0,0.0
93.4,40.734338545486864,26.38157985934979,127.42299321112188,35.0,30.78854080281077,-1.4688338012201925,20.0,0.0
93.45,40.18741340985629,27.096333590375718,128.51586090781993,35.0,30.776318781777263,-1.5310461159349913,20.0,0.0
93.5,39.626955277354334,27.800525809668446,129.60872860451798,35.0,30.765175229176343,-1.5937522643256088,20.0,0.0
93.55000000000001,39.05316804924668,28.49390032380964,130.70159630121606,35.0,30.75512312990891,-1.6569313102084848,20.0,0.0
93.60000000000001,38.4662604760809,29.17620487498943,131.7944639979141,35.0,30.74617502538798,-1.7205620794829457,20.0,0.0
93.65,37.86644608174052,29.84719123278077,132.88733169461216,35.0,30.738342994932054,-1.7846231649326683,20.0,0.0
93.7,37.25394308576255,30.506615284448596,133.9801993913102,35.0,30.73163863713399,-1.849092931175349,20.0,0.0
93.75,36.62897432394662,31.154237123760915,135.0730670880083,35.0,30.72607305123143,-1.913949519763392,20.0,0.0
93.80000000000001,35.99176716728472,31.789821138269502,136.16593478470634,35.0,30.721656818507025,-1.9791708544385855,20.0,0.0
93.85000000000001,35.34255343924092,32.4131360950285,137.2588024814044,35.0,30.71839998374683,-2.044734646543347,20.0,0.0
93.9,34.68156933141131,33.02395522471968,138.35167017810244,35.0,30.7163120367872,-2.110618400591349,20.0,0.0
93.95,34.00905531759467,33.62205630415377,139.4445378748005,35.0,30.715401894181213,-2.1767994200001226,20.0,0.0
94.0,33.325256066305315,34.20722173711791,140.53740557149857,35.0,30.715677881016894,-2.2432548129882335,20.0,0.0
94.05000000000001,32.630420351759774,34.77923863353968,141.63027326819662,35.0,30.71714771292087,-2.309961498639602,20.0,0.0
94.10000000000001,31.92480096336983,35.337898886939,142.72314096489467,35.0,30.719818478281365,-2.376896213137222,20.0,0.0
94.15,31.208654613774737,35.88299925013978,143.81600866159272,35.0,30.72369662072659,-2.444035516168789,20.0,0.0
94.2,30.48224184544615,36.41434140921357,144.9088763582908,35.0,30.728787921894714,-2.51135579750634,20.0,0.0
94.25,29.745826935899704,36.93173205562854,146.00174405498885,35.0,30.735097484532638,-2.578833283762023,20.0,0.0
94.30000000000001,28.99967780154774,37.43498295657737,147.0946117516869,35.0,30.742629715962067,-2.6464440453220135,20.0,0.0
94.35000000000001,28.24406590022817,37.92391102345861,148.18747944838495,35.0,30.751388311952034,-2.714164003460432,20.0,0.0
94.4,27.479266132444902,38.3983383784864,149.280347145083,35.0,30.761376241037155,-2.7819689376349075,20.0,0.0
94.45,26.705556741355828,38.85809241940456,150.37321484178108,35.0,30.772595729322735,-2.8498344929653356,20.0,0.0
94.5,25.923219211544662,39.30300588228129,151.46608253847913,35.0,30.785048245817336,-2.9177361878972974,20.0,0.0
94.55000000000001,25.13253816661355,39.73291690236178,152.55895023517718,35.0,30.798734488334425,-2.9856494220512175,20.0,0.0
94.60000000000001,24.33380126563365,40.14766907295649,153.65181793187523,35.0,30.8136543700052,-3.0535494842583333,20.0,0.0
94.65,23.52729909849137,40.54711150234376,154.7446856285733,35.0,30.82980700644452,-3.1214115607842743,20.0,0.0
94.7,22.713325080168357,40.931098868666,155.83755332527136,35.0,30.847190703612405,-3.189210743740759,20.0,0.0
94.75,21.892175343993664,41.29949147279946,156.9304210219694,35.0,30.8658029464138,-3.256922039685925,20.0,0.0
94.80000000000001,21.064148633906967,41.65215528917846,158.02328871866746,35.0,30.88564038807849,-3.324520378413233,20.0,0.0
94.85000000000001,20.229546195771995,41.98896201455543,159.1161564153655,35.0,30.90669884036355,-3.3919806219288873,20.0,0.0
94.9,19.388671667779747,42.309789114679184,160.2090241120636,35.0,30.928973264620286,-3.4592775736174204,20.0,0.0
94.95,18.541830969981337,42.61451986887427,161.30189180876164,35.0,30.952457763766464,-3.526385987594651,20.0,0.0
95.0,17.689332192990683,42.903043412505355,162.3947595054597,35.0,30.9771455752051,-3.593280578247125,20.0,0.0
95.05000000000001,16.831485485897517,43.1752547773111,163.48762720215774,35.0,31.003029064729,-3.659936029956711,20.0,0.0
95.10000000000001,15.968602943431483,43.431054929592825,164.58049489885582,35.0,31.030099721450526,-3.726327007008855,20.0,0.0
95.15,15.100998492418418,43.67035080624413,165.67336259555387,35.0,31.05834815379393,-3.792428163682409,20.0,0.0
95.2,14.228987777570065,43.89305534860837,166.76623029225192,35.0,31.08776408658667,-3.85821415451894,20.0,0.0
95.25,13.35288804664882,44.09908753415161,167.85909798894997,35.0,31.11833635928506,-3.923659644768847,20.0,0.0
95.30000000000001,12.473018035049254,44.288372405939555,168.95196568564802,35.0,31.15005292536719,-3.9887393210112947,20.0,0.0
95.35000000000001,11.58969784983843,44.46084109990781,170.0448333823461,35.0,31.18290085292466,-4.053427901944623,20.0,0.0
95.4,10.703248853297183,44.616430869915405,171.13770107904415,35.0,31.216866326482695,-4.1177001493435625,20.0,0.0
95.45,9.813993546004737,44.75508511057257,172.2305687757422,35.0,31.251934650075953,-4.181530879179107,20.0,0.0
95.5,8.9222554495092,44.87675337783449,173.32343647244025,35.0,31.288090251604782,-4.244894972896461,20.0,0.0
95.55000000000001,8.028358988626618,44.98139140735338,174.41630416913833,35.0,31.325316688494407,-4.307767388846209,20.0,0.0
95.60000000000001,7.132629373411407,45.068961130582416,175.50917186583638,35.0,31.36359665467682,-4.370123173863377,20.0,0.0
95.65,6.2353924808411065,45.139430688625524,176.60203956253443,35.0,31.40291198891206,-4.431937474988501,20.0,0.0
95.7,5.336974736258499,45.19277444382799,177.69490725923248,35.0,31.4432436844625,-4.493185551324579,20.0,0.0
95.75,4.437702994614231,45.22897298910378,178.78777495593053,35.0,31.48457190013129,-4.553842786023289,20.0,0.0
95.80000000000001,3.5379044215531286,45.24801315499603,179.8806426526286,35.0,31.52687597267129,-4.613884698393285,20.0,0.0
95.85000000000001,2.6379063743874918,45.24988801446827,-179.02648965067334,35.0,31.57013443056924,-4.673286956123178,20.0,0.0
95.9,1.738036283000647,45.234596885424544,-177.93362195397532,35.0,31.61432500920444,-4.732025387611095,20.0,0.0
95.95,0.838621530724102,45.2021453309576,-176.84075425727727,35.0,31.65942466737897,-4.790075994392495,20.0,0.0
96.0,-0.06001066476836392,45.15254515732493,-175.74788656057925,35.0,31.70540960521178,-4.847414963657364,20.0,0.0
96.05000000000001,-0.9575333705063404,45.085814409653544,-174.65501886388122,35.0,31.752255283385292,-4.904018680847443,20.0,0.0
96.10000000000001,-1.8536200571648496,45.00197736537493,-173.56215116718317,35.0,31.799936443729376,-4.959863742323769,20.0,0.0
96.15,-2.747944717859558,44.90106452539262,-172.46928347048515,35.0,31.84842713112292,-5.014926968094365,20.0,0.0
96.2,-3.640181986751918,44.78311260298564,-171.37641577378713,35.0,31.897700716690032,-5.0691854145914235,20.0,0.0
96.25,-4.53000725742109,44.64816451045176,-170.28354807708908,35.0,31.947729922262667,-5.1226163874869854,20.0,0.0
96.30000000000001,-5.417096800959581,44.49626934349549,-169.19068038039106,35.0,31.99848684607826,-5.175197454535699,20.0,0.0
96.35000000000001,-6.301127883749628,44.32748236336652,-168.09781268369304,35.0,32.04994298967611,-5.22690645843268,20.0,0.0
96.4,-7.18177888487749,44.14186497675499,-167.00494498699499,35.0,32.10206928595282,-5.277721529674487,20.0,0.0
96.45,-8.05872941314292,43.93948471345102,-165.91207729029696,35.0,32.15483612833222,-5.327621099410308,20.0,0.0
96.5,-8.93166042362126,43.72041520177661,-164.81920959359894,35.0,32.20821340100208,-5.376583912270661,20.0,0.0
96.55000000000001,-9.80025433373573,43.484736141798734,-163.7263418969009,35.0,32.26217051016495,-5.424589039160132,20.0,0.0
96.60000000000001,-10.66419513879772,43.23253327633357,-162.63347420020287,35.0,32.31667641624804,-5.471615890000606,20.0,0.0
96.65,-11.523168526973004,42.963898359752214,-161.54060650350485,35.0,32.371699667011846,-5.517644226411072,20.0,0.0
96.7,-12.376861993632096,42.67892912459939,-160.4477388068068,35.0,32.42720843149481,-5.562654174309728,20.0,0.0
96.75,-13.2249649550431,42.37772924603719,-159.35487111010877,35.0,32.48317053472752,-5.606626236424042,20.0,0.0
96.80000000000001,-14.067168861365742,42.060408304126824,-158.26200341341075,35.0,32.53955349314677,-5.649541304694054,20.0,0.0
96.85000000000001,-14.903167308905418,41.727081743962096,-157.1691357167127,35.0,32.596324550636766,-5.69138067255399,20.0,0.0
96.9,-15.73265615158648,41.37787083366914,-156.07626802001468,35.0,32.65345071512239,-5.732126047077216,20.0,0.0
96.95,-16.555333611604148,41.012902620287655,-154.98340032331666,35.0,32.71089879563627,-5.771759560969329,20.0,0.0
97.0,-17.37090038921483,40.632309883549645,-153.8905326266186,35.0,32.76863543978008,-5.810263784394117,20.0,0.0
97.05000000000001,-18.1790597716249,40.23623108757266,-152.7976649299206,35.0,32.82662717149724,-5.847621736616958,20.0,0.0
97.10000000000001,-18.979517740938284,39.824810330484866,-151.70479723322256,35.0,32.88484042907413,-5.883816897450373,20.0,0.0
97.15,-19.771983081123658,39.398197292000475,-150.6119295365245,35.0,32.943241603283916,-5.9188332184862205,20.0,0.0
97.2,-20.556167483962245,38.9565471789645,-149.5190618398265,35.0,33.00179707558713,-5.9526551340992455,20.0,0.0
97.25,-21.331785653937757,38.50002066888667,-148.42619414312847,35.0,33.060473256301975,-5.985267572206631,20.0,0.0
97.30000000000001,-22.098555412030247,38.02878385148507,-147.33332644643042,35.0,33.11923662265676,-6.016655964768397,20.0,0.0
97.35000000000001,-22.85619779837617,37.543008168260755,-146.2404587497324,35.0,33.17805375663729,-6.046806258013632,20.0,0.0
97.4,-23.604437173757255,37.04287035012527,-145.14759105303438,35.0,33.236891382541515,-6.075704922377604,20.0,0.0
97.45,-24.343001319881306,36.52855235310392,-144.05472335633635,35.0,33.29571640415493,-6.103338962135211,20.0,0.0
97.5,-25.071621538418412,36.000241292138,-142.9618556596383,35.0,33.35449594146112,-6.129695924716408,20.0,0.0
97.55000000000001,-25.790032748756573,35.458129373010166,-141.86898796294028,35.0,33.413197366802606,-6.154763909689542,20.0,0.0
97.60000000000001,-26.497973584441134,34.902413822417735,-140.77612026624226,35.0,33.471788340408935,-6.178531577398772,20.0,0.0
97.65,-27.195186488262987,34.333296816219274,-139.6832525695442,35.0,33.53023684521152,-6.20098815724247,20.0,0.0
97.7,-27.88141780596092,33.75098540588065,-138.5903848728462,35.0,33.5885112208658,-6.222123455579492,20.0,0.0
97.75,-28.556417878504,33.15569144314725,-137.49751717614816,35.0,33.646580196904694,-6.241927863250986,20.0,0.0
97.80000000000001,-29.2199411329205,32.54763150296985,-136.40464947945011,35.0,33.7044129249498,-6.260392362705687,20.0,0.0
97.85000000000001,-29.871746171640208,31.927026804712092,-135.3117817827521,35.0,33.76197900991009,-6.277508534717448,20.0,0.0
97.9,-30.51159586031772,31.294103131668262,-134.21891408605407,35.0,33.81924854010084,-6.29326856468392,20.0,0.0
97.95,-31.1392574141047,30.64909074892068,-133.12604638935602,35.0,33.876192116219805,-6.3076652484963915,20.0,0.0
98.0,-31.75450248233976,29.992224319566557,-132.033178692658,35.0,33.932780879120834,-6.320691997970918,20.0,0.0
98.05000000000001,-32.35710723162509,29.32374281934478,-130.94031099595998,35.0,33.98898653632961,-6.332342845832002,20.0,0.0
98.10000000000001,-32.94685242725973,28.643889449693745,-129.84744329926193,35.0,34.04478138725039,-6.342612450240374,20.0,0.0
98.15,-33.523523512999674,27.952911549271803,-128.7545756025639,35.0,34.10013834701699,-6.351496098857467,20.0,0.0
98.2,-34.08691068911601,27.251060503972546,-127.66170790586587,35.0,34.15503096894598,-6.358989712439701,20.0,0.0
98.25,-34.63680898872251,26.538591655467656,-126.56884020916783,35.0,34.209433465554476,-6.36508984795654,20.0,0.0
98.30000000000001,-35.17301835234498,25.815764208310604,-125.47597251246981,35.0,34.263320728110195,-6.369793701227039,20.0,0.0
98.35000000000001,-35.695343700705294,25.082841135634975,-124.38310481577177,35.0,34.31666834468601,-6.373099109070523,20.0,0.0
98.4,-36.20359500569348,24.34008908348176,-123.29023711907375,35.0,34.369452616696115,-6.375004550967553,20.0,0.0
98.45,-36.697587359502215,23.587778273790377,-122.19736942237571,35.0,34.421650573896336,-6.375509150228538,20.0,0.0
98.5,-37.177141041898466,22.82618240608875,-121.10450172567768,35.0,34.47323998783573,-6.374612674667894,20.0,0.0
98.55000000000001,-37.64208158560781,22.055578557918203,-120.01163402897966,35.0,34.524199383751544,-6.372315536782658,20.0,0.0
98.60000000000001,-38.09223983978769,21.27624708402938,-118.91876633228162,35.0,34.57450805090495,-6.368618793435189,20.0,0.0
98.65,-38.52745203156647,20.4884715143859,-117.82589863558358,35.0,34.62414605135953,-6.363524145040564,20.0,0.0
98.7,-38.94755982562595,19.69253845101281,-116.73303093888556,35.0,34.67309422720934,-6.357033934260031,20.0,0.0
98.75,-39.352410381805626,18.88873746372739,-115.64016324218753,35.0,34.72133420626796,-6.349151144202686,20.0,0.0
98.80000000000001,-39.741856410707705,18.077360984790268,-114.54729554548949,35.0,34.76884840623484,-6.3398793961385564,20.0,0.0
98.85000000000001,-40.11575622728275,17.25870420251509,-113.45442784879147,35.0,34.81562003735934,-6.329222946726873,20.0,0.0
98.9,-40.47397380237636,16.433064953875558,-112.36156015209343,35.0,34.86163310362711,-6.317186684764209,20.0,0.0
98.95,-40.81637881221819,15.600743616148824,-111.2686924553954,35.0,34.90687240249788,-6.303776127458079,20.0,0.0
99.0,-41.14284668583524,14.762042997634708,-110.17582475869737,35.0,34.951323523227146,-6.288997416232149,20.0,0.0
99.05000000000001,-41.45325865037228,13.917268227490467,-109.08295706199934,35.0,34.99497284380813,-6.272857312070116,20.0,0.0
99.10000000000001,-41.74750177430279,13.066726644721221,-107.9900893653013,35.0,35.0,-6.255363190406051,20.0,0.0
99.15,-42.02546900851478,12.210727686366402,-106.89722166860328,35.0,35.0,-6.236523035569583,20.0,0.0
99.2,-42.287059225256534,11.34958277492292,-105.80435397190524,35.0,35.0,-6.21634543479518,20.0,0.0
99.25,-42.53217725492805,10.48360520504599,-104.7114862752072,35.0,35.0,-6.1948395718051685,20.0,0.0
99.30000000000001,-42.76073392070488,9.61311002956885,-103.61861857850919,35.0,35.0,-6.172015219977112,20.0,0.0
99.35000000000001,-42.972646070981696,8.73841394488283,-102.52575088181115,35.0,35.0,-6.1478827351063785,20.0,0.0
99.4,-43.16783660962385,7.859835175719478,-101.43288318511311,35.0,35.0,-6.122453047775586,20.0,0.0
99.45,-43.3462345240158,6.977693359376663,-100.34001548841509,35.0,35.0,-6.09573765534298,20.0,0.0
99.5,-43.5077749108964,6.0923094294307525,-99.24714779171705,35.0,35.0,-6.067748613562301,20.0,0.0
99.55000000000001,-43.65239899997144,5.2040054989772075,-98.15428009501902,35.0,35.0,-6.038498527847203,20.0,0.0
99.60000000000001,-43.78005417529495,4.313104743442044,-97.061412398321,35.0,35.0,-6.008000544193685,20.0,0.0
99.65,-43.890693994411535,3.4199312830068105,-95.96854470162296,35.0,35.0,-5.976268339774272,20.0,0.0
99.7,-43.98427820525267,2.524810064689849,-94.87567700492492,35.0,35.0,-5.943316113218138,20.0,0.0
99.75,-44.06077276078089,1.628066744126746,-93.7828093082269,35.0,35.0,-5.909158574591672,20.0,0.0
99.80000000000001,-44.12014983137649,0.7300275670929786,-92.68994161152887,35.0,35.0,-5.873810935094042,20.0,0.0
99.85000000000001,-44.16238781496225,-0.16898074918813843,-91.59707391483083,35.0,35.0,-5.837288896482789,20.0,0.0
99.9,-44.18747134486257,-1.0686311349090247,-90.50420621813281,35.0,35.0,-5.799608640244507,20.0,0.0
99.95,-44.195391295394025,-1.9685962866696802,-89.41133852143477,35.0,35.0,-5.760786816525773,20.0,0.0
100.0,-44.186144785185384,-2.868548786554514,-88.31847082473675,35.0,35.0,-5.7208405328397305,20.0,0.0
100.05000000000001,-44.159735178225894,-3.768161221250837,-87.22560312803871,35.0,35.0,-5.679787342563664,20.0,0.0
100.10000000000001,-44.116172082641434,-4.667106301165678,-86.13273543134068,35.0,35.0,-5.637645233242949,20.0,0.0
100.15,-44.05547134719896,-5.565056979497591,-85.03986773464266,35.0,35.0,-5.594432614716844,20.0,0.0
100.2,-43.97765505554052,-6.461686571220131,-83.94700003794462,35.0,35.0,-5.550168307081357,20.0,0.0
100.25,-43.882751518148986,-7.356668871933712,-82.85413234124658,35.0,35.0,-5.504871528504545,20.0,0.0
100.30000000000001,-43.77079526204836,-8.249678276542607,-81.76126464454856,35.0,35.0,-5.458561882909372,20.0,0.0
100.35000000000001,-43.64182701824244,-9.140389897713913,-80.66839694785052,35.0,35.0,-5.411259347539023,20.0,0.0
100.4,-43.49589370689638,-10.028479684075391,-79.57552925115249,35.0,35.0,-5.36298426041968,20.0,0.0
100.45,-43.33304842026662,-10.913624538109165,-78.48266155445447,35.0,35.0,-5.3137573077351945,20.0,0.0
100.5,-43.15335040338527,-11.795502433698406,-77.38979385775643,35.0,35.0,-5.263599511128113,20.0,0.0
100.55000000000001,-42.956865032506066,-12.673792533284223,-76.2969261610584,35.0,35.0,-5.21253221494127,20.0,0.0
100.60000000000001,-42.74366379131975,-13.548175304590139,-75.20405846436037,35.0,35.0,-5.16057707341357,20.0,0.0
100.65,-42.51382424494742,-14.4183326368717,-74.11119076766234,35.0,35.0,-5.1077560378437,20.0,0.0
100.7,-42.26743001172147,-15.283947956648905,-73.0183230709643,35.0,35.0,-5.05409134373491,20.0,0.0
100.75,-42.00457073276422,-16.14470634287937,-71.92545537426628,35.0,35.0,-4.999605497933665,20.0,0.0
100.80000000000001,-41.725342039375434,-17.0002946415303,-70.83258767756824,35.0,35.0,-4.944321265774782,20.0,0.0
100.85000000000001,-41.42984551824054,-17.85040157950762,-69.7397199808702,35.0,35.0,-4.8882616582450495,20.0,0.0
100.9,-41.11818867447218,-18.69471787790079,-68.64685228417218,35.0,35.0,-4.831449919177217,20.0,0.0
100.95,-40.79048489249859,-19.532936364502106,-67.55398458747415,35.0,35.0,-4.7739095124855595,20.0,0.0
101.0,-40.44685339481301,-20.36475208555958,-66.46111689077611,35.0,35.0,-4.715664109453918,20.0,0.0
101.05000000000001,-40.08741919859915,-21.18986241672269,-65.36824919407809,35.0,35.0,-4.656737576086869,20.0,0.0
101.10000000000001,-39.71231307024844,-22.00796717314068,-64.27538149738005,35.0,35.0,-4.597153960533895,20.0,0.0
101.15,-39.32167147778571,-22.81876871867336,-63.182513800682024,35.0,35.0,-4.536937480596265,20.0,0.0
101.2,-38.91563654122049,-23.621972074174618,-62.08964610398399,35.0,35.0,-4.476112511325866,20.0,0.0
101.25,-38.494355980842094,-24.41728502480931,-60.99677840728596,35.0,35.0,-4.414703572724562,20.0,0.0
101.30000000000001,-38.057983063477224,-25.204418226364467,-59.90391071058793,35.0,35.0,-4.352735317552572,20.0,0.0
101.35000000000001,-37.60667654672971,-25.983085310516113,-58.8110430138899,35.0,35.0,-4.290232519253522,20.0,0.0
101.4,-37.14060062122262,-26.75300298901344,-57.718175317191864,35.0,35.0,-4.227220060003745,20.0,0.0
101.45,-36.659924850863774,-27.513891156742396,-56.625307620493835,35.0,35.0,-4.163722918892653,20.0,0.0
101.5,-36.164824111156406,-28.26547299363125,-55.532439923795806,35.0,35.0,-4.099766160240783,20.0,0.0
101.55000000000001,-35.655478525577394,-29.007475065360957,-54.43957222709777,35.0,35.0,-4.03537492206155,20.0,0.0
101.60000000000001,-35.13207340004622,-29.739627422843807,-53.34670453039974,35.0,35.0,-3.970574404672412,20.0,0.0
101.65,-34.59479915550848,-30.46166370043407,-52.25383683370171,35.0,35.0,-3.905389859460648,20.0,0.0
101.7,-34.04385125865854,-31.17332121283496,-51.160969137003676,35.0,35.0,-3.839846577808551,20.0,0.0
101.75,-33.4794301508264,-31.874341050666633,-50.06810144030565,35.0,35.0,-3.7739698801824844,20.0,0.0
101.80000000000001,-32.90174117505484,-32.56446817466046,-48.97523374360762,35.0,35.0,-3.7077851053897746,20.0,0.0
101.85000000000001,-32.31099450139313,-33.24345150844534,-47.88236604690958,35.0,35.0,-3.6413176000070706,20.0,0.0
101.9,-31.70740505043477,-33.9110440298922,-46.78949835021155,35.0,35.0,-3.5745927079834416,20.0,0.0
101.95,-31.091192415126788,-34.5670028609836,-45.69663065351352,35.0,35.0,-3.507635760420982,20.0,0.0
102.0,-30.46258078087928,-35.21108935617557,-44.60376295681549,35.0,35.0,-3.4404720655355447,20.0,0.0
102.05000000000001,-29.821798844004093,-35.8430691892197,-43.51089526011746,35.0,35.0,-3.3731268987997183,20.0,0.0
102.10000000000001,-29.16907972851243,-36.46271243841376,-42.41802756341943,35.0,35.0,-3.305625493269872,20.0,0.0
102.15,-28.50466090130158,-37.069793670249965,-41.3251598667214,35.0,35.0,-3.2379930300987283,20.0,0.0
102.2,-27.82878408576168,-37.66409202143028,-40.232292170023364,35.0,35.0,-3.1702546292347407,20.0,0.0
102.25,-27.141695173833885,-38.245391279219135,-39.139424473325334,35.0,35.0,-3.1024353403091,20.0,0.0
102.30000000000001,-26.443644136551992,-38.81347996010415,-38.046556776627305,35.0,35.0,-3.034560133711018,20.0,0.0
102.35000000000001,-25.73488493310004,-39.36815138673631,-36.95368907992927,35.0,35.0,-2.9666538918515,20.0,0.0
102.4,-25.015675418418965,-39.90920376312164,-35.86082138323124,35.0,35.0,-2.8987414006159185,20.0,0.0
102.45,-24.286277249395933,-40.436440248036945,-34.76795368653321,35.0,35.0,-2.830847341004855,20.0,0.0
102.5,-23.54695578967049,-40.94966902664298,-33.675085989835175,35.0,35.0,-2.762996280963165,20.0,0.0
102.55000000000001,-22.797980013092154,-41.44870338026894,-32.582218293137146,35.0,35.0,-2.6952126673962624,20.0,0.0
102.60000000000001,-22.03962240586454,-41.93336175434289,-31.489350596439113,35.0,35.0,-2.6275208183731067,20.0,0.0
102.65,-21.272158867411697,-42.403467824443496,-30.396482899741084,35.0,35.0,-2.5599449155145138,20.0,0.0
102.7,-20.495868610002628,-42.85885056044889,-29.30361520304305,35.0,35.0,-2.492508996565803,20.0,0.0
102.75,-19.7110340571706,-43.29934428875947,-28.210747506345022,35.0,35.0,-2.425236948152154,20.0,0.0
102.80000000000001,-18.917940740964127,-43.72478875257187,-27.11787980964699,35.0,35.0,-2.358152498715313,20.0,0.0
102.85000000000001,-18.116877198067044,-44.13502917018229,-26.025012112948957,35.0,35.0,-2.2912792116296288,20.0,0.0
102.9,-17.308134864825483,-44.52991629129793,-24.932144416250928,35.0,35.0,-2.2246404784957363,20.0,0.0
102.95,-16.492007971219884,-44.90930645133595,-23.839276719552895,35.0,35.0,-2.1582595126098596,20.0,0.0
103.0,-15.668793433820671,-45.27306162369038,-22.746409022854863,35.0,35.0,-2.0921593426064717,20.0,0.0
103.05000000000001,-14.838790747766508,-45.62104946994779,-21.653541326156834,35.0,35.0,-2.0263628062721892,20.0,0.0
103.10000000000001,-14.00230187780444,-45.9531433880336,-20.5606736294588,35.0,35.0,-1.9608925445284484,20.0,0.0
103.15,-13.15963114843157,-46.269222558271366,-19.467805932760772,35.0,35.0,-1.8957709955806692,20.0,0.0
103.2,-12.311085133178217,-46.56917198733843,-18.37493823606274,35.0,35.0,-1.8310203892311208,20.0,0.0
103.25,-11.456972543072864,-46.852882550101825,-17.282070539364707,35.0,35.0,-1.7666627413532439,20.0,0.0
103.30000000000001,-10.597604114329442,-47.1202510293193,-16.189202842666678,35.0,35.0,-1.7027198485244028,20.0,0.0
103.35000000000001,-9.733292495297853,-47.37118015319095,-15.096335145968645,35.0,35.0,-1.639213282814623,20.0,0.0
103.4,-8.864352132718807,-47.60557863074786,-14.003467449270614,35.0,35.0,-1.5761643867283723,20.0,0.0
103.45,-7.9910991573244,-47.82336118506481,-12.910599752572583,35.0,35.0,-1.5135942682966643,20.0,0.0
103.5,-7.113851268826036,-48.024448584285054,-11.81773205587455,35.0,35.0,-1.4515237963165646,20.0,0.0
103.55000000000001,-6.232927620331528,-48.20876767044578,-10.72486435917652,35.0,35.0,-1.389973595735313,20.0,0.0
103.60000000000001,-5.348648702233443,-48.37625138609384,-9.631996662478489,35.0,35.0,-1.3289640431760503,20.0,0.0
103.65,-4.461336225610925,-48.52683879868206,-8.539128965780458,35.0,35.0,-1.2685152626023282,20.0,0.0
103.7,-3.5713130051874162,-48.66047512273718,-7.446261269082426,35.0,35.0,-1.2086471211184318,20.0,0.0
103.75,-2.678902841886862,-48.77711173979151,-6.353393572384395,35.0,35.0,-1.1493792249026171,20.0,0.0
103.80000000000001,-1.7844304050311215,-48.876706216070836,-5.260525875686364,35.0,35.0,-1.0907309152702922,20.0,0.0
103.85000000000001,-0.8882211142214494,-48.95922231793238,-4.167658178988332,35.0,35.0,-1.0327212648642572,20.0,0.0
103.9,0.009398979052987366,-49.024630025046996,-3.0747904822903007,35.0,35.0,-0.9753690739690839,20.0,0.0
103.95,0.9081033100364789,-49.07290554132093,-1.9819227855922694,35.0,35.0,-0.9186928669467349,20.0,0.0
104.0,1.8075649195148742,-49.104031303553114,-0.8890550888942381,35.0,35.0,-0.8627108887905308,20.0,0.0
104.05000000000001,2.707456572767192,-49.11799598782488,0.20381260780379318,35.0,35.0,-0.8074411017946659,20.0,0.0
104.10000000000001,3.6074508786174646,-49.1147945136197,1.2966803045018245,35.0,35.0,-0.7529011823363803,20.0,0.0
104.15,4.5072204085435,-49.09442804567158,2.3895480011998558,35.0,35.0,-0.6991085177680105,20.0,0.0
104.2,5.406437815799233,-49.05690399354129,3.482415697897887,35.0,35.0,-0.6460802034161475,20.0,0.0
104.25,6.304775954507327,-49.00223600892069,4.575283394595918,35.0,35.0,-0.5938330396852436,20.0,0.0
104.30000000000001,7.201907998678689,-48.93044398066607,5.66815109129395,35.0,35.0,-0.5423835292628283,20.0,0.0
104.35000000000001,8.09750756111562,-48.84155402756237,6.761018787991981,35.0,34.98903135337615,-0.4917478744238224,20.0,0.0
104.4,8.99124881215531,-48.73559848882083,7.853886484690013,34.99921652524115,34.9545986251016,-0.44194197443125205,20.0,0.0
104.45,9.882806598210513,-48.61261591231364,8.946722375319744,34.996029532374045,34.91974787719011,-0.3929814230308466,20.0,0.0
104.5,10.771856637761491,-48.47265153407974,10.039428892547829,34.990580842718046,34.884536791958155,-0.34488100740459515,20.0,0.0
104.55000000000001,11.658075857030822,-48.315758272918984,11.131914247957194,34.98300626766377,34.849020376931044,-0.29765367535025433,20.0,0.0
104.60000000000001,12.541142604854114,-48.141996600249804,12.224092200962763,34.97343584689714,34.81325107302118,-0.2513106253667132,20.0,0.0
104.65,13.42073685831538,-47.95143440757266,13.3158818345742,34.96199407733457,34.7772788566391,-0.20586139349443044,20.0,0.0
104.7,14.296540419366291,-47.744146871887224,14.407207337975658,34.94880013299918,34.741151336203174,-0.16131393699355812,20.0,0.0
104.75,15.16823710265647,-47.52021631939181,15.497997795869177,34.933968076085186,34.70491384347759,-0.11767471494341208,20.0,0.0
104.80000000000001,16.03551291480832,-47.27973208777495,16.588186984508578,34.917607059470356,34.66860952013408,-0.0749487658474095,20.0,0.0
104.85000000000001,16.898056225375147,-47.02279038739057,17.677713174333388,34.89982152094634,34.6322793999023,-0.033139782327616274,20.0,0.0
104.9,17.755557929725132,-46.749494161589936,18.76651893909798,34.88071136944319,34.59596248664441,0.007749817006931892,20.0,0.0
104.95,18.607711604096604,-46.45995294646643,19.85455097137874,34.860372163529,34.55969582866249,0.04771881843473125,20.0,0.0
105.0,19.45421365307185,-46.15428273025178,20.941759904332155,34.83889528246711,34.523514589522506,0.0867671466564559,20.0,0.0
105.05000000000001,20.294763449717514,-45.83260581258603,22.028100139568156,34.81636809011392,34.48745211565577,0.124895800908007,20.0,0.0
105.10000000000001,21.129063468639718,-45.49505066386747,23.11352968099688,34.79287409193834,34.451540000976706,0.16210679357151037,20.0,0.0
105.15,21.95681941220125,-45.141751784873264,24.198009974501915,34.76849308544108,34.41580814873665,0.19840309120526456,20.0,0.0
105.2,22.77774033014668,-44.772849566826764,25.281505753288908,34.74330130424791,34.38028483081478,0.23378855791478514,20.0,0.0
105.25,23.59153873287927,-44.388490152072954,26.363984888756864,34.717371556145544,34.34499674463029,0.2682679009891942,20.0,0.0
105.30000000000001,24.397930698630685,-43.988825295509905,27.445418246736818,34.690773355323024,34.30996906784477,0.3018466187283977,20.0,0.0
105.35000000000001,25.19663597476163,-43.57401222691082,28.52577954894311,34.66357304907457,34.27522551100841,0.33453095038857583,20.0,0.0
105.4,25.987378073427575,-43.144213514258745,29.60504523948179,34.6358339392127,34.240788368291646,0.36632782817515874,20.0,0.0
105.45,26.769884361839935,-42.699596928203846,30.683194356262106,34.607616398432626,34.20667856643058,0.39724483121430865,20.0,0.0
105.5,27.54388614734854,-42.24033530774173,31.760208407158395,34.57897798186105,34.17291571200341,0.427290141435833,20.0,0.0
105.55000000000001,28.309118757566534,-41.76660642720039,32.836071250771475,34.54997353401408,34.13951813714553,0.4564725013021729,20.0,0.0
105.60000000000001,29.065321615753813,-41.27859286461284,33.9107689816413,34.52065529138061,34.106502943800145,0.4848011733201929,20.0,0.0
105.65,29.81223831166993,-40.77648187154283,34.98428981976517,34.49107298083915,34.07388604659371,0.5122859012741685,20.0,0.0
105.7,30.549616668101834,-40.26046524442139,36.056624004278994,34.46127391410733,34.04168221441633,0.5389368731201927,20.0,0.0
105.75,31.277208803266294,-39.7307391974435,37.12776369116208,34.43130307841512,34.00990511078105,0.5647646854842137,20.0,0.0
105.80000000000001,31.994771189280986,-39.18750423706548,38.19770285482958,34.40120322358412,33.97856733302807,0.589780309707514,20.0,0.0
105.85000000000001,32.702064706892386,-38.63096503813617,39.2664371934804,34.37101494568726,33.94768045043455,0.6139950593852603,20.0,0.0
105.9,33.398854696642644,-38.06133032168725,40.33396403807156,34.34077676745492,33.91725504128459,0.6374205593456139,20.0,0.0
105.95,34.08491100665142,-37.47881273440155,41.40028226479427,34.31052521558561,33.88730072894884,0.660068716018209,20.0,0.0
106.0,34.76000803718277,-36.88362872977126,42.465392210930446,34.28029489511156,33.8578262170187,0.6819516891429416,20.0,0.0
106.05000000000001,35.4239247821609,-36.27599845095227,43.52929559397223,34.25011856096207,33.82883932353541,0.7030818647711499,20.0,0.0
106.10000000000001,36.076444867792404,-35.65614561531509,44.59199543389071,34.220027186860165,33.80034701435082,0.7234718295131941,20.0,0.0
106.15,36.71735658844663,-35.02429740068752,45.65349597844415,34.190050031680926,33.772355435652685,0.7431343459876487,20.0,0.0
106.2,37.34645293993959,-34.38068433327959,46.713802631419306,34.160214703393194,33.744869945684265,0.7620823294291057,20.0,0.0
106.25,37.96353165036076,-33.72554017727654,47.7729218837031,34.1305472206997,33.71789514568541,0.7803288254126741,20.0,0.0
106.30000000000001,38.56839520857608,-33.05910182608185,48.83086124708583,34.10107207248439,33.69143491007913,0.7978869886549731,20.0,0.0
106.35000000000001,39.16085089053452,-32.38160919518823,49.88762919070012,34.07181227516973,33.66549241592535,0.8147700628525669,20.0,0.0
106.4,39.740710783499644,-31.693305116651374,50.94323508000335,34.042789428080845,33.64007017166227,0.8309913615200415,20.0,0.0
106.45,40.30779180832175,-30.994435235137864,51.99768911821482,34.014023766908096,33.61517004515244,0.8465642497914061,20.0,0.0
106.5,40.861915739860514,-30.285247905516115,53.0510022901219,33.98553421535412,33.59079329105005,0.861502127149457,20.0,0.0
106.55000000000001,41.402909225662285,-29.565994091956505,54.10318630817231,33.95733843504669,33.566940577504106,0.8758184110490532,20.0,0.0
106.60000000000001,41.930603802990845,-28.83692726850475,55.15425356077314,33.92945287379364,33.5436120122107,0.8895265214014643,20.0,0.0
106.65,42.44483591430473,-28.098303321090597,56.20421706271995,33.90189281225201,33.520807167826305,0.9026398658877426,20.0,0.0
106.7,42.94544692126923,-27.35038045093219,57.253090407681725,33.87467240907874,33.49852510675344,0.9151718260705337,20.0,0.0
106.75,43.432283117385666,-26.593419079294982,58.30088772267063,33.847804744626934,33.47676440530861,0.9271357442744304,20.0,0.0
106.80000000000001,43.905195739315744,-25.827681753562963,59.34762362442788,33.82130186324706,33.45552317728207,0.9385449112060797,20.0,0.0
106.85000000000001,44.36404097697366,-25.053433054578814,60.393313177659635,33.795174814249556,33.43479909689798,0.9494125542862406,20.0,0.0
106.9,44.808679982453945,-24.270939505208915,61.43797185505888,33.76943369158159,33.41458942118297,0.9597518266668956,20.0,0.0
106.95,45.23897887785823,-23.48046948008851,62.48161549905232,33.744087672267405,33.39489101175098,0.969575796907229,20.0,0.0
107.0,45.65480876207974,-22.68229311650191,63.524260285212115,33.71914505365908,33.37570035601136,0.9788974392834717,20.0,0.0
107.05000000000001,46.056045716599805,-21.876682226352415,64.56592268727645,33.69461328954139,33.357013587807295,0.9877296247080878,20.0,0.0
107.10000000000001,46.44257081034646,-21.06391020917654,65.60661944372272,33.67049902513181,33.33882650749096,0.9960851122348089,20.0,0.0
107.15,46.81427010366109,-20.24425196615729,66.64636752584084,33.6468081310146,33.32113460144207,1.0039765411266686,20.0,0.0
107.2,47.17103465141509,-19.41798381509138,67.68518410725477,33.62354573604514,33.30393306103593,1.0114164234649934,20.0,0.0
107.25,47.51276050531477,-18.585383406265795,68.72308653484313,33.60071625925877,33.28721680106728,1.0184171372779787,20.0,0.0
107.30000000000001,47.83934871542884,-17.746729639199497,69.76009230101064,33.57832344081652,33.27098047763596,1.0249909201681788,20.0,0.0
107.35000000000001,48.150705330969515,-16.9023025802068,70.79621901726456,33.556370372017916,33.255218505500295,1.031149863418925,20.0,0.0
107.4,48.446741400354746,-16.052383380739613,71.83148438905066,33.53485952440951,33.239925074905,1.036905906560321,20.0,0.0
107.45,48.7273729705758,-15.197254196466696,72.86590619180642,33.51379277801633,33.2250941678887,1.0422708323760403,20.0,0.0
107.5,48.9925210858914,-14.337198107048927,73.89950224818885,33.4931714487215,33.21071957407834,1.0472562623328514,20.0,0.0
107.55000000000001,49.24211178586655,-13.472499036570696,74.9322904064372,33.47299631481842,33.19679490597582,1.0518736524153027,20.0,0.0
107.60000000000001,49.47607610277146,-12.603441674588634,75.96428851983069,33.45326764275823,33.18331361374402,1.0561342893485275,20.0,0.0
107.65,49.69435005835313,-11.730311397760067,76.99551442720399,33.43398521211436,33.170268999498205,1.0600492871928324,20.0,0.0
107.7,49.89687465998977,-10.853394192014894,78.02598593448356,33.415148339784636,33.15765423110956,1.0636295842940626,20.0,0.0
107.75,50.0835958962356,-9.972976575235887,79.05572079720928,33.3967559034507,33.14546235552775,1.066885940574359,20.0,0.0
107.80000000000001,50.254464731761495,-9.089345520413783,80.08473670400687,33.37880636431335,33.133686311629184,1.0698289351484505,20.0,0.0
107.85000000000001,50.40943710169459,-8.202788379245026,81.11305126097791,33.36129778912162,33.12231894259826,1.0724689642509873,20.0,0.0
107.9,50.548473905358065,-7.313592806141423,82.1406819769752,33.344227871512814,33.11135300784823,1.0748162394610006,20.0,0.0
107.95,50.671540999410254,-6.422046682622538,83.16764624973173,33.32759395267963,33.10078119448988,1.0768807862098981,20.0,0.0
108.0,50.77860919038067,-5.5284380420631924,84.19396135281309,33.31139304138036,33.09059612835445,1.0786724425600553,20.0,0.0
108.05000000000001,50.86965422659862,-4.633054994769984,85.21964442336395,33.29562183330708,33.08079038457921,1.0802008582412057,20.0,0.0
108.10000000000001,50.944656789508684,-3.736185653362373,86.24471245061945,33.28027672982652,33.071356497762935,1.0814754939324729,20.0,0.0
108.15,51.003602484365864,-2.8381180584354633,87.26918226515419,33.265353856107694,33.06228697169935,1.0825056207781287,20.0,0.0
108.2,51.04648183030193,-1.9391401044832568,88.2930705288416,33.25084907864995,33.05357428869626,1.0833003201257583,20.0,0.0
108.25,51.07329024975313,-1.0395394660627804,89.31639372549735,33.236758022224684,33.04521091848883,1.0838684834755838,20.0,0.0
108.30000000000001,51.08402805723856,-0.1396035241811341,90.3391681521818,33.22307608624355,33.03718932675463,1.0842188126303896,20.0,0.0
108.35000000000001,51.07870044747729,0.7603807071108545,91.36140991113601,33.20979846056577,33.02950198323939,1.0843598200355515,20.0,0.0
108.4,51.0573174828315,1.6601266539330433,92.38313490232792,33.196920140756745,33.02214136950122,1.0842998292993187,20.0,0.0
108.45,51.01989408006221,2.559348255611499,93.40435881658514,33.18443594280992,33.01509998628208,1.08404697588346,20.0,0.0
108.5,50.96644999638325,3.4577600375465516,94.42509712929154,33.17234051734364,33.00837036051481,1.0836092079552273,20.0,0.0
108.55000000000001,50.89700981479873,4.355077183923187,95.44536509462561,33.160628363284445,33.00194505197458,1.0829942873912444,20.0,0.0
108.60000000000001,50.811602928708616,5.2510156102720025,96.46517774031953,33.14929384104803,32.99581665958283,1.0822097909249635,20.0,0.0
108.65,50.710263525766614,6.145292035887349,97.48454986291766,33.138331185229084,32.98997782737283,1.0812631114289886,20.0,0.0
108.7,50.59303057097424,7.037624056107766,98.50349602351409,33.12773451681078,32.98442125012542,1.0801614593243158,20.0,0.0
108.75,50.459947788994675,7.927730214462251,99.52203054395048,33.117497854904684,32.9791396786833,1.0789118641085196,20.0,0.0
108.80000000000001,50.31106364566977,8.815330074684416,100.54016750345416,33.10761512803173,32.97412592495294,1.0775211759955141,20.0,0.0
108.85000000000001,50.14643132872352,9.700144292595109,101.55792073569813,33.098080184954675,32.96937286660259,1.075996067659311,20.0,0.0
108.9,49.966108727635266,10.581894687852612,102.57530382626553,33.088886805072384,32.96487345146482,1.074343036075092,20.0,0.0
108.95,49.77015841266575,11.460304315568148,103.59233011049982,33.08002870838613,32.96062070165302,1.0725684044504789,20.0,0.0
109.0,49.558647613019595,12.335097537783,104.60901267172528,33.07149956504805,32.95660771739927,1.0706783242407383,20.0,0.0
109.05000000000001,49.33164819412751,13.206000094802242,105.62536433981965,33.0632930045017,32.95282768062316,1.0686787772415443,20.0,0.0
109.10000000000001,49.089236634032034,14.072739176378743,106.64139769012407,33.05540262422467,32.94927385823958,1.0665755777531842,20.0,0.0
109.15,48.83149399886079,14.935043492739844,107.65712504267411,33.047821998082874,32.945939605213816,1.0643743748105479,20.0,0.0
109.2,48.558505917371534,15.79264334544786,108.67255846173694,33.04054468430651,32.94281836737278,1.062080654473185,20.0,0.0
109.25,48.27036255455367,16.645270698084413,109.68770975564007,33.03356423309696,32.939903683979914,1.0596997421700962,20.0,0.0
109.30000000000001,47.96715858427141,17.492659246747348,110.70259047687695,33.02687419387431,32.93718919008298,1.0572368050941208,20.0,0.0
109.35000000000001,47.64899316093402,18.334544490348005,111.71721192247634,33.020468122174925,32.93466861864167,1.05469685464098,20.0,0.0
109.4,47.31596989017936,19.17066380069544,112.73158513462143,33.014339586208266,32.932335802444044,1.052084748888113,20.0,0.0
109.45,46.9681967985573,20.000756492353204,113.7457209015058,33.00848217308225,32.93018467581901,1.0494051951089531,20.0,0.0
109.5,46.60578630220023,20.824563892253337,114.75962975841412,33.0028894947063,32.928209276153,1.0466627523180634,20.0,0.0
109.55000000000001,46.228855174468535,21.641829409051223,115.77332198901445,32.99755519338106,32.92640374521853,1.0438618338430672,20.0,0.0
109.60000000000001,45.8375245125596,22.452298602204124,116.78680762685154,32.99247294708373,32.92476233032155,1.0410067099194222,20.0,0.0
109.65,45.431919703069454,23.255719250755345,117.80009645702853,32.987636474457865,32.92327938527601,1.0381015103040738,20.0,0.0
109.7,45.01217038649707,24.051841421805122,118.81319801806663,32.983039539516305,32.92194937121204,1.0351502269044417,20.0,0.0
109.75,44.57841042068193,24.840417538648666,119.8261216039318,32.978675956066,32.92076685722547,1.0321567164191805,20.0,0.0
109.80000000000001,44.13077784316635,25.621202448560968,120.83887626621848,32.974539591863106,32.91972652087505,1.0291247029874953,20.0,0.0
109.85000000000001,43.669414832474786,26.39395349020738,121.85147081647965,32.97062437250681,32.918823148535,1.0260577808436935,20.0,0.0
109.9,43.194467668303105,27.15843056065834,122.86391382869415,32.96692428508026,32.91805163560898,1.022959416974068,20.0,0.0
109.95,42.706086690611784,27.914396181985968,123.87621364186168,32.963433381546594,32.91740698661231,1.0198329537731965,20.0,0.0
110.0,42.20442625761768,28.661615567419837,124.88837836271627,32.96014578190843,32.91688431512879,1.016681611696896,20.0,0.0
110.05000000000001,41.689644702680006,29.39985668703859,125.90041586855008,32.957055677138456,32.9164788436482,1.013508491909306,20.0,0.0
110.10000000000001,41.161904290076876,30.128890332973725,126.9123338101384,32.95415733188916,32.916185903291144,1.0103165789216249,20.0,0.0
110.15,40.62137116966982,30.848490184101426,127.92413961475826,32.951445086989295,32.91600093342628,1.0071087432201438,20.0,0.0
110.2,40.0682153304544,31.558432870197905,128.93584048929293,32.948913361734796,32.91591948118646,1.0038877438813358,20.0,0.0
110.25,39.50261055299608,32.25849803553348,129.94744342341417,32.94655665598135,32.915937200889246,1.0006562311721083,20.0,0.0
110.30000000000001,38.924734360751316,32.94846840188024,130.95895519283582,32.9443695520462,32.91604985336692,0.9974167491330377,20.0,0.0
110.35000000000001,38.33476797027475,33.628129830907994,131.97038236263128,32.94234671642624,32.916253305211704,0.9941717381428461,20.0,0.0
110.4,37.73289624031432,34.297271385942835,132.98173129060837,32.94048290133949,32.91654352794121,0.9909235374624217,20.0,0.0
110.45,37.11930761979701,34.95568539306273,133.9930081307349,32.938772946096755,32.91691659708899,0.9876743877566909,20.0,0.0
110.5,36.494194094708774,35.60316750150416,135.00421883660962,32.937211778310484,32.91736869122519,0.984426433592823,20.0,0.0
110.55000000000001,35.85775113387314,36.239516743353924,136.0153691649716,32.935794414947246,32.9178960909119,0.9811817259134301,20.0,0.0
110.60000000000001,35.210177633633926,36.86453559250004,137.02646467924285,32.93451596323043,32.918495177597855,0.9779422244833,20.0,0.0
110.65,34.55167586144833,37.47803002281578,138.03751075309955,32.93337162139954,32.919162432456545,0.9747098003085455,20.0,0.0
110.7,33.882451398397485,38.07980956555075,139.04851257406494,32.93235667933218,32.91989443517246,0.9714862380270191,20.0,0.0
110.75,33.20271308062257,38.6696873659031,140.05947514712088,32.931466519035055,32.920687862678975,0.9682732382688357,20.0,0.0
110.80000000000001,32.51267293969538,39.247480238746974,141.07040329833208,32.93069661500962,32.921539487852385,0.9650724199861642,20.0,0.0
110.85000000000001,31.81254614193302,39.81300872348936,142.08130167847887,32.93004253449839,32.92244617816543,0.9618853227513284,20.0,0.0
110.9,31.102550926667444,40.366097138030824,143.0921747666946,32.929499937617464,32.923404894304035,0.9587134090224296,20.0,0.0
110.95,30.38290854348113,40.906573631804534,144.10302687410282,32.92906457738079,32.92441268875107,0.9555580663756871,20.0,0.0
111.0,29.653843188421224,41.434270237868446,145.11386214745127,32.92873229962152,32.925466704339996,0.952420609703978,20.0,0.0
111.05000000000001,28.91558193920519,41.94902292402558,146.12468457273806,32.9284990428157,32.926564172782115,0.9493022833808098,20.0,0.0
111.10000000000001,28.168354689431784,42.45067164294757,147.13549797882766,32.92836083781331,32.927702413170046,0.9462042633893049,20.0,0.0
111.15,27.412394081812014,42.93906038127714,148.146306041052,32.92831380748165,32.92887883046088,0.9431276594157154,20.0,0.0
111.2,26.647935440435443,43.41403720768521,149.15711228479492,32.92835416626588,32.930090913941456,0.9400735169070131,20.0,0.0
111.25,25.875216702087997,43.875454319858925,150.16792008905614,32.928478219671284,32.93133623567855,0.9370428190922837,20.0,0.0
111.30000000000001,25.094478346638116,44.323168090397,151.1787326899923,32.928682363671804,32.93261244895684,0.9340364889675286,20.0,0.0
111.35000000000001,24.30596332650887,44.75703911158944,152.18955318443255,32.9289630840493,32.93391728670646,0.931055391243774,20.0,0.0
111.4,23.509916995254255,45.17693223905888,153.2003845333655,32.92931695566767,32.93524855992359,0.9281003342581258,20.0,0.0
111.45,22.70658703525869,45.58271663424125,154.21122956539654,32.929740641685946,32.93660415608493,0.9251720718478467,20.0,0.0
111.5,21.896223384579287,45.974265805684055,155.22209098017214,32.93023089271445,32.937982037559316,0.9222713051871523,20.0,0.0
111.55000000000001,21.079078162951156,46.35145764914082,156.2329713517694,32.93078454591765,32.939380240018096,0.9193986845867954,20.0,0.0
111.60000000000001,20.255405596976647,46.71417448644089,157.24387313204983,32.93139852406769,32.94079687084598,0.9165548112564039,20.0,0.0
111.65,19.425461944519974,47.0623031031142,158.254798653974,32.93206983455185,32.942230107554366,0.913740239029643,20.0,0.0
111.7,18.58950541832932,47.39573478475117,159.26575013487735,32.932795568337745,32.94367819619902,0.9109554760521803,20.0,0.0
111.75,17.747796108909032,47.714365352078325,160.27672967970375,32.933572898899264,32.945139449803335,0.9082009864326182,20.0,0.0
111.80000000000001,16.900595906665092,48.01809519473102,161.28773928419685,32.9343990811067,32.946612246789094,0.905477191856626,20.0,0.0
111.85000000000001,16.048168423347548,48.30682930370486,162.2987808380475,32.93527145008401,32.94809502941585,0.9027844731642105,20.0,0.0
111.9,15.19077891281411,48.580477302468296,163.30985612799577,32.93618742003628,32.94958630223045,0.9001231718906055,20.0,0.0
111.95,14.328694191139615,48.83895347671925,164.32096684088702,32.93714448305015,32.95108463052779,0.897493591770754,20.0,0.0
112.0,13.462182556096472,49.08217680276932,165.33211456668076,32.938140207869985,32.95258863882446,0.894896000207865,20.0,0.0
112.05000000000001,12.591513706031717,49.31007097453972,166.3433008014117,32.939172238652446,32.95409700934555,0.8923306297061728,20.0,0.0
112.10000000000001,11.716958658166659,49.52256442915361,167.35452695010176,32.94023829370195,32.95560848052653,0.8897976792682627,20.0,0.0
112.15,10.838789666345559,49.71959037111028,168.3657943296233,32.94133616418942,32.95712184553033,0.8872973157573085,20.0,0.0
112.2,9.95728013826012,49.90108679502709,169.3771041715118,32.94246371285663,32.95863595078144,0.8848296752245872,20.0,0.0
112.25,9.072704552176969,50.06699650693586,170.38845762472863,32.9436188727084,32.96014969451684,0.8823948642024888,20.0,0.0
112.30000000000001,8.185338373195602,50.21726714412093,171.39985575837267,32.944799645694715,32.96166202535535,0.8799929609637047,20.0,0.0
112.35000000000001,7.295457969064652,50.35185119348689,172.4112995643409,32.94600410138476,32.963171940885424,0.8776240167466511,20.0,0.0
112.4,6.403340525584585,50.47070600844442,173.42278995993772,32.9472303756348,32.96467848627262,0.8752880569478592,20.0,0.0
112.45,5.509263961625227,50.573793824303664,174.43432779043238,32.94847666925179,32.96618075288682,0.8729850822815166,20.0,0.0
112.5,4.613506843786814,50.66108177216486,175.44591383156495,32.94974124665429,32.967677876950034,0.8707150699068009,20.0,0.0
112.55000000000001,3.7163483007334515,50.73254189129692,176.45754879200038,32.95102243453256,32.96916903820508,0.8684779745232873,20.0,0.0
112.60000000000001,2.8180679372281467,50.788151139995115,177.46923331573086,32.95231862050917,32.9706534586056,0.8662737294351075,20.0,0.0
112.65,1.9189457478987402,50.82789140490987,178.48096798442623,32.953628251801774,32.97213040102784,0.8641022475840927,20.0,0.0
112.7,1.0192620307642684,50.851749508839134,179.49275331973308,32.954949833889344,32.97359916800452,0.8619634225526056,20.0,0.0
112.75,0.1192973005514566,50.85971721697768,-179.49541021447777,32.95628192918329,32.975059100480756,0.859857129536401,20.0,0.0
112.80000000000001,-0.7806677981688135,50.85179124161723,-178.48352220991507,32.95762315570453,32.9765095765929,0.8577832262881486,20.0,0.0
112.85000000000001,-1.6803525779950887,50.827973245292036,-177.4715823117218,32.95897218576798,32.97795001046969,0.8557415540320079,20.0,0.0
112.9,-2.5794763958288884,50.788269842365175,-176.45959021638078,32.960327744675254,32.97937985105676,0.8537319383497959,20.0,0.0
112.95,-3.477758740098025,50.732692599051525,-175.44754566967032,32.96168860941679,32.9807985809637,0.8517541900393581,20.0,0.0
113.0,-4.374919318039439,50.66125803187408,-174.43544846467012,32.963053607384424,32.98220571533456,0.8498081059454989,20.0,0.0
113.05000000000001,-5.270678143011219,50.57398760455087,-173.42329843981662,32.96442161509515,32.98360080074134,0.8478934697641307,20.0,0.0
113.10000000000001,-6.164755621803454,50.47090772331054,-172.4110954770076,32.965791556927016,32.98498341410071,0.8460100528201195,20.0,0.0
113.15,-7.0568726419174945,50.35204973063506,-171.39883949975516,32.967162403867995,32.9863531616138,0.8441576148193235,20.0,0.0
113.2,-7.946750658783251,50.21744989742911,-170.38653047138723,32.968533172278406,32.98770967772932,0.8423359045753855,20.0,0.0
113.25,-8.834111782884092,50.06714941361588,-169.3741683932966,32.96990292266776,32.98905262412958,0.840544660711771,20.0,0.0
113.30000000000001,-9.71867886675899,49.90119437716004,-168.3617533032367,32.97127075848646,32.99038168873957,0.8387836123396681,20.0,0.0
113.35000000000001,-10.600175591851547,49.71963578151913,-167.34928527366438,32.972635824933114,32.991696584758984,0.8370524797121064,20.0,0.0
113.4,-11.47832655517561,49.52252950152526,-166.33676441012827,32.973997307777815,32.99299704971691,0.8353509748549826,20.0,0.0
113.45,-12.352857355767252,49.30993627769972,-165.32419084970238,32.97535443220204,32.994282844549176,0.8336788021754344,20.0,0.0
113.5,-13.223494680892971,49.08192169900368,-164.31156475946466,32.976706461655404,32.99555375269826,0.8320356590480529,20.0,0.0
113.55000000000001,-14.08996639198402,48.83855618402888,-163.29888633501918,32.9780526967299,32.99680957923519,0.83042123637955,20.0,0.0
113.60000000000001,-14.952001610266972,48.57991496063271,-162.2861557990618,32.97939247405171,32.99805015000386,0.8288352191522534,20.0,0.0
113.65,-15.80933080206064,48.30607804402281,-161.27337339998857,32.980725165191146,32.999275310786956,0.8272772869470728,20.0,0.0
113.7,-16.661685863709703,48.01713021329688,-160.26053941054596,32.98205017559085,33.00048492649357,0.8257471144463508,20.0,0.0
113.75,-17.50880020612547,47.71316098644406,-159.24765412652232,32.983366943512465,33.00167888036826,0.8242443719170964,20.0,0.0
113.80000000000001,-18.350408838904407,47.394264593814775,-158.23471786548,32.98467493900217,33.00285707322121,0.8227687256751679,20.0,0.0
113.85000000000001,-19.18624845399521,47.06053995006658,-157.22173096552717,32.985973662874954,33.0040194226792,0.8213198385308118,20.0,0.0
113.9,-20.016057508885414,46.7120906245941,-156.20869378412883,32.98726264571812,33.00516586245725,0.8198973702161254,20.0,0.0
113.95,-20.839576309278705,46.34902481045182,-155.19560669695616,32.988541446913764,33.00629634165058,0.8185009777947769,20.0,0.0
114.0,-21.65654709123431,45.971455291778966,-154.18247009677347,32.98980965368068,33.00741082404658,0.8171303160546586,20.0,0.0
114.05000000000001,-22.466714102740056,45.5794994097363,-153.1692843923621,32.991066880135385,33.008509287456384,0.8157850378837566,20.0,0.0
114.10000000000001,-23.269823684690987,45.17327902696532,-152.15605000748053,32.992312766372606,33.00959172306608,0.8144647946297923,20.0,0.0
114.15,-24.065624351245518,44.75292049058076,-151.14276737985975,32.993546977564996,33.010658134806874,0.813169236444061,20.0,0.0
114.2,-24.853866869531544,44.31855459370797,-150.12943696023336,32.99476920308228,33.0117085387441,0.811898012609916,20.0,0.0
114.25,-25.63430433867504,43.870316535577146,-149.11605921140188,32.995979155629556,33.012742962484644,0.8106507718563591,20.0,0.0
114.30000000000001,-26.406692268124033,43.408345880187106,-148.10263460732983,32.99717657040492,33.01376144460264,0.8094271626571157,20.0,0.0
114.35000000000001,-27.17078865524106,42.93278651355166,-147.08916363227559,32.998361204276186,33.014764034082845,0.8082268335156542,20.0,0.0
114.4,-27.926354062137616,42.443786599542214,-146.07564677995288,32.99953283497666,33.015750789781585,0.8070494332366209,20.0,0.0
114.45,-28.67315169172422,41.94149853434075,-145.06208455272326,33.00069126031987,33.01672177990478,0.8058946111839944,20.0,0.0
114.5,-29.410947462950265,41.426078899517854,-144.0484774608189,33.00183629743308,33.01767708150295,0.8047620175264569,20.0,0.0
114.55000000000001,-30.139510085207885,40.89768841375084,-143.03482602159494,33.0029677820095,33.018616779982516,0.8036513034702821,20.0,0.0
114.60000000000001,-30.858611131874657,40.356491883197705,-142.0211307588107,33.004085567579,33.01954096863337,0.802562121480257,20.0,0.0
114.65,-31.568025112970062,39.80265815054289,-141.0073922019389,33.00518952479717,33.02044974817217,0.8014941254889365,20.0,0.0
114.7,-32.26752954690111,39.23636004273146,-139.9936108855026,33.00627954075253,33.02134322630125,0.8004469710945585,20.0,0.0
114.75,-32.956905031272846,38.65777431740873,-138.97978734843844,33.007355518291725,33.02222151728256,0.7994203157481294,20.0,0.0
114.80000000000001,-33.635935312739825,38.067081608082745,-137.9659221334864,33.00841737536249,33.02308474152642,0.7984138189299159,20.0,0.0
114.85000000000001,-34.304407355874936,37.46446636802756,-136.95201578660453,33.0094650443742,33.02393302519478,0.7974271423157262,20.0,0.0
114.9,-34.96211141103247,36.85011681294565,-135.93806885640865,33.01049847157567,33.02476649981864,0.7964599499333858,20.0,0.0
114.95,-35.60884108118254,36.2242248624082,-134.92408189363587,33.01151761645016,33.02558530192924,0.7955119083096349,20.0,0.0
115.0,-36.24439338769451,35.5869860800924,-133.91005545063163,33.01252245112724,33.02638957270276,0.7945826866078676,20.0,0.0
115.05000000000001,-36.8685688350473,34.93859961283545,-132.89599008085935,33.01351295981121,33.027179457618224,0.7936719567570378,20.0,0.0
115.10000000000001,-37.481171474445034,34.279268128525075,-131.88188633843222,33.014489138226,33.02795510612807,0.7927793935719478,20.0,0.0
115.15,-38.08200896631676,33.609197752847045,-130.86774477766656,33.015450993076136,33.02871667134156,0.79190467486535,20.0,0.0
115.2,-38.67089264167935,32.92859800491039,-129.85356595265557,33.01639854152367,33.02946430972004,0.7910474815520914,20.0,0.0
115.25,-39.247637562343364,32.23768173177141,-128.839350416864,33.01733181068055,33.0301981807844,0.7902074977456053,20.0,0.0
115.30000000000001,-39.81206257994162,31.53666504187793,-127.82509872274176,33.01825083711654,33.030918446833795,0.7893844108470489,20.0,0.0
115.35000000000001,-40.363990393761185,30.8257672374557,-126.81081142135696,33.01915566638206,33.03162527267602,0.7885779116273568,20.0,0.0
115.4,-40.9032476073595,30.10521074585898,-125.79648906204733,33.02004635254592,33.03231882536849,0.7877876943024944,20.0,0.0
115.45,-41.429664783945974,29.37522104990791,-124.78213219208943,33.02092295774753,33.032999273970255,0.7870134566021321,20.0,0.0
115.5,-41.9430765005108,28.636026617235448,-123.76774135638529,33.021785551763436,33.03366678930402,0.7862548998320804,20.0,0.0
115.55000000000001,-42.44332140068326,27.88785882866697,-122.7533170971657,33.022634211587764,33.03432154372863,0.7855117289306861,20.0,0.0
115.60000000000001,-42.93024224630206,27.13095190565604,-121.7388599537099,33.02346902102639,33.03496371092103,0.7847836525193728,20.0,0.0
115.65,-43.40368596768083,26.36554283680003,-120.72437046208086,33.02429007030458,33.03559346566812,0.7840703829477533,20.0,0.0
115.7,-43.86350371255241,25.591871303459676,-119.70984915487568,33.02509745568769,33.036210983667495,0.7833716363332996,20.0,0.0
115.75,-44.30955089367582,24.810179604506782,-118.69529656099097,33.025891279114816,33.036816441337415,0.7826871325960028,20.0,0.0
115.80000000000001,-44.741687235090524,24.020712580224757,-117.680713205402,33.026671647845,33.03741001563542,0.7820165954881162,20.0,0.0
115.85000000000001,-45.159776817002864,23.22371753538673,-116.66609960895596,33.02743867411574,33.03799188388538,0.7813597526192524,20.0,0.0
115.9,-45.5636881192901,22.419444161536376,-115.6514562881781,33.02819247481357,33.03856222361272,0.7807163354770452,20.0,0.0
115.95,-45.953294063607984,21.60814445849676,-114.63678375509087,33.02893317115637,33.03912121238774,0.7800860794435138,20.0,0.0
116.0,-46.32847205408826,20.790072655132786,-113.62208251704534,33.029660888387184,33.039669027676396,0.779468723807426,20.0,0.0
116.05000000000001,-46.68910401661286,19.965485129393002,-112.6073530765643,33.03037575547927,33.040205846698726,0.7788640117727326,20.0,0.0
116.10000000000001,-47.035076436652275,19.1346403276568,-111.59259593119702,33.03107790485208,33.0407318462944,0.778271690463356,20.0,0.0
116.15,-47.366280395655856,18.297798683413188,-110.57781157338493,33.03176747209797,33.04124720279532,0.7776915109244555,20.0,0.0
116.2,-47.682611605982345,17.45522253529755,-109.5630004903379,33.032444595719205,33.0417520919049,0.7771232281203737,20.0,0.0
116.25,-47.983970444359535,16.607176044513025,-108.54816316392063,33.03310941687533,33.04224668858387,0.7765666009293781,20.0,0.0
116.30000000000001,-48.270261983862305,15.753925111663179,-107.53330007054898,33.03376207914022,33.042731166942545,0.7760213921354264,20.0,0.0
116.35000000000001,-48.54139602439886,14.895737293023037,-106.51841168109569,33.03440272826895,33.043205700138955,0.7754873684170818,20.0,0.0
116.4,-48.79728712169543,14.032881716275483,-105.50349846080508,33.035031511973955,33.04367046028311,0.7749643003336999,20.0,0.0
116.45,-49.03785461477036,13.165628995740319,-104.48856086921646,33.035648579710326,33.044125618346655,0.7744519623090866,20.0,0.0
116.5,-49.2630226518887,12.294251147123385,-103.4735993600959,33.03625408247006,33.04457134407838,0.7739501326127254,20.0,0.0
116.55000000000001,-49.47272021498929,11.419021501813267,-102.45861438137601,33.03684817258494,33.045007805924655,0.7734585933387379,20.0,0.0
116.60000000000001,-49.66688114257654,10.540214620753238,-101.44360637510326,33.037431003537776,33.045435170955244,0.7729771303827135,20.0,0.0
116.65,-49.845444151069785,9.658106207916221,-100.42857577739271,33.03800272978188,33.045853604793855,0.7725055334164779,20.0,0.0
116.7,-50.00835285460342,8.772973023410641,-99.41352301838982,33.03856350656845,33.04626327155347,0.7720435958610281,20.0,0.0
116.75,-50.15555578327184,7.885092796245152,-98.39844852223881,33.03911348978166,33.046664333776285,0.7715911148576353,20.0,0.0
116.80000000000001,-50.287006399813336,6.994744136780299,-97.38335270705745,33.03965283578128,33.047056952377986,0.7711478912372982,20.0,0.0
116.85000000000001,-50.4026631147279,6.10220644889526,-96.36823598491819,33.04018170125248,33.04744128659623,0.7707137294886905,20.0,0.0
116.9,-50.50248929982429,5.207759841897894,-95.35309876183474,33.040700243062744,33.047817493943185,0.770288437724588,20.0,0.0
116.95,-50.58645330019214,4.311685042206357,-94.33794143775458,33.04120861812564,33.04818573016196,0.769871827647016,20.0,0.0
117.0,-50.65452844459562,3.414263304830643,-93.32276440655652,33.04170698327109,33.048546149186805,0.7694637145111045,20.0,0.0
117.05000000000001,-50.70669305428542,2.515776324682399,-92.30756805605336,33.04219549512221,33.04889890310685,0.7690639170878271,20.0,0.0
117.10000000000001,-50.74293045022649,1.6165061477414477,-91.29235276799949,33.04267430997825,33.049244142133375,0.7686722576256528,20.0,0.0
117.15,-50.76322895873951,0.7167350821074461,-90.27711891810279,33.04314358370362,33.049582014570184,0.7682885618112323,20.0,0.0
117.2,-50.76758191555438,-0.1832543910348614,-89.26186687604104,33.04360347162266,33.04991266678736,0.7679126587292089,20.0,0.0
117.25,-50.75598766827475,-1.0831797065083284,-88.24659700548236,33.044054128420136,33.050236243197915,0.7675443808211995,20.0,0.0
117.30000000000001,-50.72844957725302,-1.9827583042655665,-87.23130966410945,33.044495708047116,33.05055288623738,0.7671835638440427,20.0,0.0
117.35000000000001,-50.68497601487571,-2.8817077185121223,-86.21600520364763,33.04492836363214,33.05086273634611,0.7668300468274083,20.0,0.0
117.4,-50.62558036325964,-3.779745666802228,-85.20068396989626,33.04535224739742,33.05116593195434,0.7664836720308017,20.0,0.0
117.45,-50.550281010359996,-4.6765901390787175,-84.18534630276345,33.045767510580056,33.05146260946958,0.7661442849000579,20.0,0.0
117.5,-50.459101344491586,-5.5719594866287245,-83.16999253630371,33.04617430335788,33.05175290326667,0.7658117340233659,20.0,0.0
117.55000000000001,-50.352069747265325,-6.465572510926824,-82.15462299875877,33.04657277477994,33.05203694567986,0.7654858710869092,20.0,0.0
117.60000000000001,-50.22921958494247,-7.357148552337342,-81.13923801260079,33.04696307270136,33.052314866997364,0.7651665508301804,20.0,0.0
117.65,-50.09058919820948,-8.246407578647595,-80.12383789457832,33.047345343722505,33.05258679545768,0.7648536310010101,20.0,0.0
117.7,-49.93622189037703,-9.133070273403927,-79.10842295576457,33.04771973313216,33.05285285724819,0.764546972310356,20.0,0.0
117.75,-49.76616591400714,-10.016858124022436,-78.09299350160785,33.048086384854734,33.053113176505406,0.7642464383869338,20.0,0.0
117.80000000000001,-49.580474455972904,-10.897493509646429,-77.07754983198419,33.048445441401206,33.05336787531719,0.7639518957317577,20.0,0.0
117.85000000000001,-49.37920562095571,-11.77469978872269,-76.0620922412517,33.04879704382378,33.05361707372648,0.7636632136725368,20.0,0.0
117.9,-49.162422413385485,-12.648201386268777,-75.04662101830687,33.04914133167397,33.05386088973677,0.7633802643180871,20.0,0.0
117.95,-48.930192717829875,-13.51772388080365,-74.03113644664235,33.04947844296417,33.054099439319124,0.7631029225127364,20.0,0.0
118.0,-48.6825892778388,-14.382994090914103,-73.01563880440645,33.04980851413239,33.0543328364204,0.7628310657907988,20.0,0.0
118.05000000000001,-48.41968967325126,-15.24374016142951,-72.00012836446373,33.050131680010104,33.05456119297311,0.762564574331094,20.0,0.0
118.10000000000001,-48.14157629597187,-16.09969164917765,-70.98460539445709,33.05044807379318,33.054784618906396,0.762303330911628,20.0,0.0
118.15,-47.848336324224945,-16.950579608294397,-69.96907015687087,33.05075782701555,33.055003222158184,0.7620472208644316,20.0,0.0
118.2,-47.54006169529448,-17.796136675060318,-68.95352290909506,33.051061069525744,33.05521710868863,0.7617961320305611,20.0,0.0
118.25,-47.21684907675895,-18.636097152237312,-67.93796390349031,33.05135792946595,33.05542638249439,0.7615499547153277,20.0,0.0
118.30000000000001,-46.87879983623009,-19.470197092878635,-66.92239338745397,33.0516485332537,33.055631145624154,0.7613085816438101,20.0,0.0
118.35000000000001,-46.526020009605574,-20.298174383585803,-65.90681160348656,33.05193300556587,33.055831498194806,0.7610719079165733,20.0,0.0
118.4,-46.15862026784574,-21.119768827186057,-64.89121878925914,33.05221146932508,33.05602753840872,0.7608398309657574,20.0,0.0
118.45,-45.77671588228505,-21.934722224804297,-63.87561517768106,33.052484045688196,33.05621936257167,0.7606122505114428,20.0,0.0
118.5,-45.380426688489514,-22.742778457303547,-62.86000099696826,33.052750854037015,33.05640706511164,0.7603890685183927,20.0,0.0
118.55000000000001,-44.96987704867159,-23.543683566068236,-61.84437647071181,33.05301201197092,33.05659073859817,0.7601701891531434,20.0,0.0
118.60000000000001,-44.54519581267474,-24.33718583310481,-60.82874181794688,33.05326763530144,33.05677047376245,0.7599555187414708,20.0,0.0
118.65,-44.10651627754001,-25.123035860434438,-59.81309725322187,33.053517838048656,33.05694635951796,0.7597449657262985,20.0,0.0
118.7,-43.65397614566768,-25.900986648752678,-58.7974429866677,33.05376273243932,33.05711848298169,0.7595384406259882,20.0,0.0
118.75,-43.18771748158734,-26.67079367533143,-57.78177922406708,33.05400242890663,33.05728692949576,0.7593358559930721,20.0,0.0
118.80000000000001,-42.70788666735022,-27.432214971138517,-56.76610616692401,33.05423703609157,33.05745178264958,0.7591371263734885,20.0,0.0
118.85000000000001,-42.21463435655796,-28.185011197150637,-55.750424012533,33.05446666084571,33.05761312430234,0.7589421682661808,20.0,0.0
118.9,-41.70811542704256,-28.928945719835646,-54.734732954048404,33.05469140823548,33.05777103460595,0.7587509000832569,20.0,0.0
118.95,-41.18848893221262,-29.6637846857804,-53.71903318055341,33.05491138154765,33.05792559202823,0.758563242110597,20.0,0.0
119.0,-40.65591805108131,-30.389297095440647,-52.703324877128935,33.05512668229626,33.05807687337631,0.7583791164690012,20.0,0.0
119.05000000000001,-40.11057003699196,-31.105254875989754,-51.68760822492221,33.05533741023055,33.05822495382052,0.7581984470757348,20.0,0.0
119.10000000000001,-39.55261616505773,-31.81143295324336,-50.67188340121511,33.05554366334412,33.05836990691826,0.7580211596067201,20.0,0.0
119.15,-38.982231678331935,-32.50760932263732,-49.656150579492085,33.05574553788513,33.0585118046381,0.7578471814591694,20.0,0.0
119.2,-38.39959573272622,-33.19356511923659,-48.64040992950768,33.05594312836749,33.05865071738408,0.7576764417147572,20.0,0.0
119.25,-37.804891340694034,-33.86908468675305,-47.62466161735372,33.05613652758296,33.05878671402013,0.757508871103326,20.0,0.0
119.30000000000001,-37.19830531369737,-34.53395564555062,-46.60890580552598,33.05632582661418,33.058919861894566,0.7573444019671243,20.0,0.0
119.35000000000001,-36.580028203474946,-35.18796895961617,-45.59314265299034,33.05651111484849,33.059050226864585,0.7571829682256279,20.0,0.0
119.4,-35.95025424213053,-35.8309190024753,-44.577372315248354,33.0566924799925,33.05917787332085,0.75702450534083,20.0,0.0
119.45,-35.30918128106034,-36.46260362203216,-43.561594944402465,33.05687000808738,33.05930286421216,0.7568689502831205,20.0,0.0
119.5,-34.65701072873902,-37.0828242043131,-42.54581068922037,33.05704378352487,33.05942526106992,0.7567162414977417,20.0,0.0
119.55000000000001,-33.9939474873837,-37.69138573609389,-41.53001969519891,33.057213889063796,33.05954512403276,0.7565663188717124,20.0,0.0
119.60000000000001,-33.32019988851644,-38.28809686639113,-40.51422210462738,33.0573804058473,33.05966251187107,0.7564191237013986,20.0,0.0
119.65,-32.63597962744525,-38.872769966798245,-39.498418056649996,33.05754341342042,33.059777482011285,0.7562745986605393,20.0,0.0
119.7,-31.941501696684593,-39.445221190647395,-38.48260768732784,33.05770298974834,33.059890090560295,0.7561326877689041,20.0,0.0
119.75,-31.236984318336347,-40.00527053097851,-37.46679112970006,33.05785921123491,33.060000392329734,0.7559933363614562,20.0,0.0
119.80000000000001,-30.522648875452674,-40.552741877297365,-36.450968513844344,33.05801215274169,33.060108440859906,0.7558564910580543,20.0,0.0
119.85000000000001,-29.798719842402456,-41.08746307110492,-35.43513996693658,33.05816188760727,33.060214288443824,0.7557220997337453,20.0,0.0
119.9,-29.06542471426337,-41.609265960180366,-34.419305613309945,33.05830848766703,33.060317986151,0.7555901114895534,20.0,0.0
119.95,-28.322993935261874,-42.117986451600984,-33.403465574513106,33.05845202327303,33.06041958385102,0.7554604766238455,20.0,0.0
120.0,-27.571660826283765,-42.61346456348212,-32.38761996936762,33.058592563314306,33.060519130237,0.7553331466041797,20.0,0.0
120.05000000000001,-26.811661511478185,-43.09554447542105,-31.371768914024702,33.05873017523736,33.060616672848774,0.7552080740397926,20.0,0.0
120.10000000000001,-26.043234843978254,-43.56407457762896,-30.355912522021043,33.05886492506674,33.06071225809599,0.7550852126545138,20.0,0.0
120.15,-25.26662233076183,-44.018907518735546,-29.340050904333957,33.058996877425976,33.06080593128092,0.754964517260234,20.0,0.0
120.2,-24.482068056676077,-44.45990025225139,-28.3241841694356,33.05912609555847,33.06089773662087,0.7548459437309489,20.0,0.0
120.25,-23.689818607649848,-44.88691408167338,-27.308312423346432,33.05925264134864,33.06098771727076,0.7547294489772725,20.0,0.0
120.30000000000001,-22.890122993118123,-45.2998147042192,-26.292435769687952,33.05937657534308,33.06107591534502,0.7546149909214606,20.0,0.0
120.35000000000001,-22.08323256768297,-45.69847225317705,-25.276554309734493,33.059497956771786,33.06116237193962,0.7545025284729476,20.0,0.0
120.4,-21.269400952035767,-46.08276133885744,-24.26066814246418,33.05961684356949,33.06124712715339,0.7543920215044437,20.0,0.0
120.45,-20.448883953165602,-46.45256108813412,-23.24477736460921,33.05973329239691,33.06133022010963,0.7542834308284299,20.0,0.0
120.5,-19.621939483879046,-46.807755182561905,-22.22888207070518,33.05984735866211,33.061411688976946,0.7541767181742642,20.0,0.0
120.55000000000001,-18.78882748165667,-47.14823189505929,-21.212982353139594,33.05995909654174,33.06149157099005,0.7540718461656368,20.0,0.0
120.60000000000001,-17.949809826871896,-47.47388412514448,-20.197078302199653,33.06006855900233,33.06156990247037,0.7539687782986277,20.0,0.0
120.65,-17.105150260397952,-47.7846094327138,-19.18117000611908,33.06017579782148,33.06164671884604,0.753867478920192,20.0,0.0
120.7,-16.255114300628936,-48.08031007035188,-18.165257551124263,33.060280863608945,33.06172205467202,0.7537679132071062,20.0,0.0
120.75,-15.3999691599411,-48.36089301416348,-17.149341021479422,33.06038380582774,33.06179594364947,0.7536700471453912,20.0,0.0
120.80000000000001,-14.539983660620736,-48.62626999311739,-16.13342049953115,33.06048467281501,33.061868418645325,0.7535738475101539,20.0,0.0
120.85000000000001,-13.675428150285104,-48.87635751689316,-15.117496065751986,33.06058351180288,33.061939511711124,0.7534792818459763,20.0,0.0
120.9,-12.806574416823095,-49.11107690222195,-14.10156779878323,33.06068036893919,33.062009254101774,0.7533863184476246,20.0,0.0
120.95,-11.933695602882402,-49.33035429771334,-13.085635775477034,33.06077528930795,33.06207767629402,0.7532949263412831,20.0,0.0
121.0,-11.057066119930154,-49.53412070716022,-12.069700070937587,33.06086831694981,33.06214480800452,0.7532050752661945,20.0,0.0
121.05000000000001,-10.176961561914075,-49.72231201131459,-11.053760758561536,33.06095949488228,33.062210678207656,0.7531167356566968,20.0,0.0
121.10000000000001,-9.293658618551369,-49.89486898812741,-10.037817910077688,33.06104886511981,33.06227531515295,0.7530298786247158,20.0,0.0
121.15,-8.407434988272632,-50.05173733144619,-9.021871595585853,33.061136468693604,33.06233874638251,0.7529444759426269,20.0,0.0
121.2,-7.518569290848224,-50.19286766816449,-8.005921883594947,33.06122234567138,33.06240099874763,0.7528605000265784,20.0,0.0
121.25,-6.627340979724593,-50.318215573817994,-6.989968841060408,33.061306535176826,33.062462098425556,0.7527779239201493,20.0,0.0
121.30000000000001,-5.734030254098177,-50.42774158662228,-5.974012533420694,33.061389075408876,33.06252207093577,0.7526967212784399,20.0,0.0
121.35000000000001,-4.838917970754549,-50.52141121994791,-4.958053024633201,33.0614700036608,33.062580941155915,0.7526168663525112,20.0,0.0
121.4,-3.94228555570058,-50.599194973228954,-3.942090377209336,33.06154935633903,33.06263873333751,0.7525383339742291,20.0,0.0
121.45,-3.0444149156174203,-50.661068341301636,-2.9261246522488804,33.06162716898178,33.06269547112134,0.7524610995414562,20.0,0.0
121.5,-2.1455883491621934,-50.70701182217007,-1.9101559094736933,33.06170347627746,33.06275117755256,0.7523851390036214,20.0,0.0
121.55000000000001,-1.2460884581463088,-50.73701092319679,-0.8941842072605661,33.06177831208282,33.06280587509543,0.752310428847629,20.0,0.0
121.60000000000001,-0.3461980586183597,-50.751056165716186,0.1217903973264138,33.061851709440866,33.06285958564785,0.7522369460841603,20.0,0.0
121.65,0.5537999081204084,-50.74914308806925,1.137767848504414,33.061923700598506,33.06291233055559,0.7521646682342151,20.0,0.0
121.7,1.4536224645400542,-50.73127224705902,2.1537480917409924,33.061994317024016,33.062964130626185,0.7520935733161238,20.0,0.0
121.75,2.3529866859173,-50.69744921782595,3.169731073723844,33.06206358942417,33.063015006142514,0.7520236398327782,20.0,0.0
121.80000000000001,3.2516097893542737,-50.64768459214363,4.185716742331337,33.0621315477612,33.063064976876234,0.7519548467592259,20.0,0.0
121.85000000000001,4.149209222752625,-50.58199397513511,5.2017050466036565,33.06219822126941,33.06311406210079,0.751887173530605,20.0,0.0
121.9,5.045502753715006,-50.50039798041118,6.217695936714538,33.062263638471656,33.06316228060419,0.7518206000303351,20.0,0.0
121.95,5.940208558345949,-50.40292222363188,7.233689363943737,33.0623278271954,33.063209650701545,0.7517551065786421,20.0,0.0
122.0,6.8330453099241995,-50.28959731449361,8.24968528065003,33.0623908145887,33.06325619024731,0.7516906739213951,20.0,0.0
122.05000000000001,7.72373226741859,-50.160458847144085,9.26568364024488,33.06245262713574,33.06330191664719,0.751627283219193,20.0,0.0
122.10000000000001,8.611989363819623,-50.01554738902842,10.281684397166716,33.06251329067227,33.06334684686996,0.7515649160367275,20.0,0.0
122.15,9.497537294258946,-49.854908468169775,11.297687506855787,33.062572830400676,33.063390997458775,0.7515035543325155,20.0,0.0
122.2,10.380097603889022,-49.67859255888855,12.313692925729615,33.06263127090483,33.06343438454239,0.7514431804487671,20.0,0.0
122.25,11.259392775495316,-49.4866550659648,13.329700611159021,33.06268863616465,33.063477023846126,0.751383777101637,20.0,0.0
122.30000000000001,12.135146316813454,-49.279156307248655,14.345710521444644,33.06274494957047,33.06351893070254,0.75132532737166,20.0,0.0
122.35000000000001,13.007082847523876,-49.05616149472452,15.361722615794164,33.06280023393705,33.06356012006179,0.7512678146944651,20.0,0.0
122.4,13.874928185896607,-48.81774071403475,16.377736854299968,33.062854511517386,33.06360060650185,0.751211222851758,20.0,0.0
122.45,14.738409435058905,-48.56396890246948,17.39375319791736,33.06290780401628,33.06364040423848,0.7511555359624893,20.0,0.0
122.5,15.597255068858626,-48.29492582542947,18.40977160844325,33.06296013260358,33.06367952713483,0.7511007384743422,20.0,0.0
122.55000000000001,16.451195017296303,-48.01069605136937,19.425792048495534,33.06301151792724,33.063717988711076,0.7510468151553411,20.0,0.0
122.60000000000001,17.299960751499075,-47.71136892522937,20.441814481492745,33.06306198012608,33.06375580215347,0.7509937510858151,20.0,0.0
122.65,18.1432853682097,-47.39703854036358,21.457838871634383,33.06311153884233,33.0637929803235,0.7509415316504544,20.0,0.0
122.7,18.98090367376412,-47.067803708973976,22.473865183881625,33.063160213233836,33.06382953576657,0.7508901425306718,20.0,0.0
122.75,19.81255226753112,-46.72376793105928,23.489893383938572,33.06320802198618,33.06386548072071,0.7508395696971277,20.0,0.0
122.80000000000001,20.63796962478785,-46.3650393618885,24.50592343823391,33.063254983324356,33.063900827124776,0.7507897994024901,20.0,0.0
122.85000000000001,21.45689617900515,-45.99173077800945,25.5219553139031,33.06330111502439,33.06393558662674,0.7507408181743429,20.0,0.0
122.9,22.26907440351676,-45.60395954180289,26.537988978770855,33.06334643442456,33.06396977059153,0.7506926128083506,20.0,0.0
122.95,23.074248892546787,-45.20184756459351,27.554024401334324,33.063390958436486,33.06400339010886,0.7506451703615724,20.0,0.0
123.0,23.872166441569846,-44.78552126832934,28.570061550746416,33.063434703555934,33.064036456000714,0.7505984781459816,20.0,0.0
123.05000000000001,24.66257612697869,-44.355111545841694,29.586100396799782,33.063477685873416,33.06406897882873,0.7505525237221278,20.0,0.0
123.10000000000001,25.445229385034224,-43.91075371969811,30.60214090991099,33.06351992108451,33.064100968901286,0.7505072948930263,20.0,0.0
123.15,26.219880090073065,-43.452587499661284,31.61818306110531,33.063561424499994,33.064132436280595,0.7504627796981751,20.0,0.0
123.2,26.986284631948056,-42.980756938767456,32.634226822001764,33.06360221105575,33.06416339078939,0.7504189664077785,20.0,0.0
123.25,27.744201992677382,-42.49541038803789,33.65027216479853,33.063642295322445,33.06419384201754,0.7503758435170838,20.0,0.0
123.30000000000001,28.49339382227818,-41.996700449837924,34.66631906225891,33.06368169151495,33.06422379932859,0.750333399740903,20.0,0.0
123.35000000000001,29.233624513760738,-41.48478392989815,35.68236748769736,33.063720413501635,33.06425327186584,0.7502916240083124,20.0,0.0
123.4,29.9646612772598,-40.95982178801284,36.69841741496624,33.06375847481336,33.06428226855862,0.7502505054574513,20.0,0.0
123.45,30.68627421327954,-40.42197908743118,37.71446881844255,33.063795888652315,33.06431079812812,0.7502100334304913,20.0,0.0
123.5,31.398236385029236,-39.871424942957226,38.730521673015325,33.063832667900584,33.064338869093135,0.7501701974687478,20.0,0.0
123.55000000000001,32.100323889826896,-39.30833246777486,39.746575954073165,33.06386882512862,33.064366489775715,0.7501309873079478,20.0,0.0
123.60000000000001,32.79231592954831,-38.732878719014636,40.76263163749211,33.06390437260342,33.064393668306685,0.7500923928735759,20.0,0.0
123.65,33.47399488009946,-38.14524464207943,41.77868869962402,33.063939322296505,33.06442041263073,0.7500544042764048,20.0,0.0
123.7,34.14514635989036,-37.545615013746676,42.79474711728489,33.0639736858918,33.0644467305119,0.7500170118081257,20.0,0.0
123.75,34.80555929728883,-36.93417838406481,43.81080686774389,33.064007474793236,33.06447262953825,0.7499802059371135,20.0,0.0
123.80000000000001,35.45502599703296,-36.31112701706248,44.82686792871247,33.06404070013217,33.06449811712695,0.7499439773043335,20.0,0.0
123.85000000000001,36.09334220558139,-35.67665683028901,45.84293027833368,33.06407337277465,33.064523200528974,0.7499083167192637,20.0,0.0
123.9,36.72030717538086,-35.0309673332052,46.858993895172,33.064105503328534,33.06454788683369,0.7498732151560787,20.0,0.0
123.95,37.33572372803078,-34.374261564443806,47.87505875820332,33.064137102150326,33.064572182973215,0.7498386637498484,20.0,0.0
124.0,37.93939831632499,-33.70674602795959,48.891124846805155,33.06416817935197,33.06459609572699,0.749804653792836,20.0,0.0
124.05000000000001,38.53114108515119,-33.02863062808881,49.90719214074712,33.06419874480732,33.06461963172582,0.7497711767309596,20.0,0.0
124.10000000000001,39.11076593122883,-32.3401286035388,50.92326062018181,33.064228808158646,33.064642797456,0.7497382241603177,20.0,0.0
124.15,39.678090561666764,-31.64145646032822,51.939330265635725,33.06425837882274,33.06466559926338,0.7497057878237925,20.0,0.0
124.2,40.23293655132214,-30.932833903699272,52.95540105800057,33.06428746599707,33.06468804335711,0.7496738596078103,20.0,0.0
124.25,40.7751293989426,-30.214483769023143,53.971472978524744,33.06431607866564,33.06471013581345,0.7496424315391224,20.0,0.0
124.30000000000001,41.304498582074054,-29.48663195172051,54.987546008805054,33.06434422560477,33.0647318825794,0.7496114957817426,20.0,0.0
124.35000000000001,41.82087761071672,-28.749507336219132,56.00362013077865,33.06437191538867,33.06475328947629,0.7495810446339064,20.0,0.0
124.4,42.324104079712704,-28.003341723970866,57.01969532671524,33.06439915639493,33.064774362203124,0.7495510705251576,20.0,0.0
124.45,42.814019719848474,-27.24836976055079,58.03577157920939,33.0644259568098,33.064795106339915,0.7495215660135344,20.0,0.0
124.5,43.290470447656226,-26.48482886186136,59.051848871173185,33.06445232463338,33.064815527350994,0.7494925237827559,20.0,0.0
124.55000000000001,43.75330641389853,-25.712959139464793,60.06792718582892,33.064478267684635,33.064835630588064,0.7494639366395717,20.0,0.0
124.60000000000001,44.20238205072089,-24.933003325067215,61.08400650670214,33.064503793606306,33.06485542129331,0.7494357975111399,20.0,0.0
124.65,44.6375561174575,-24.145206694178302,62.100086817614745,33.064528909869665,33.064874904602284,0.7494080994425047,20.0,0.0
124.7,45.058691745075684,-23.349816988970446,63.116168102678486,33.06455362377913,33.064894085546776,0.7493808355940885,20.0,0.0
124.75,45.465656479245126,-22.547084340361714,64.13225034628833,33.064577942476824,33.06491296905764,0.7493539992393252,20.0,0.0
124.80000000000001,45.858322322018324,-21.737261189347112,65.14833353311624,33.06460187294688,33.064931559967405,0.7493275837623301,20.0,0.0
124.85000000000001,46.23656577210908,-20.920602207602933,66.16441764810503,33.06462542201977,33.06494986301298,0.7493015826555975,20.0,0.0
124.9,46.6002678637565,-20.09736421738911,67.18050267646245,33.06464859637643,33.06496788283809,0.7492759895178125,20.0,0.0
124.95,46.94931420416213,-19.26780611077485,68.19658860365526,33.064671402552264,33.06498562399583,0.7492507980517118,20.0,0.0
125.0,47.28359500948855,-18.432188768212885,69.21267541540378,33.0646938469411,33.065003090950945,0.749226002061981,20.0,0.0
125.05000000000001,47.6030051394081,-17.590774976488042,70.22876309767629,33.06471593579894,33.06502028808217,0.7492015954532221,20.0,0.0
125.10000000000001,47.907444130190775,-16.743829346065862,71.24485163668366,33.06473767524774,33.06503721968447,0.7491775722279783,20.0,0.0
125.15,48.19681622632103,-15.891618227867337,72.26094101887414,33.064759071278935,33.06505388997133,0.7491539264848015,20.0,0.0
125.2,48.47103041063344,-15.034409629495922,73.27703123092843,33.06478012975696,33.06507030307657,0.7491306524164187,20.0,0.0
125.25,48.73000043295771,-14.172473130943176,74.29312225975461,33.06480085642265,33.06508646305668,0.7491077443078282,20.0,0.0
125.30000000000001,48.9736448372642,-13.306079799799559,75.30921409248344,33.06482125689651,33.06510237389259,0.7490851965346152,20.0,0.0
125.35000000000001,49.20188698730123,-12.435502105997061,76.32530671646366,33.06484133668194,33.0651180394917,0.7490630035611545,20.0,0.0
125.4,49.41465509071617,-11.561013836110488,77.34140011925737,33.064861101168354,33.065133463689676,0.7490411599389688,20.0,0.0
125.45,49.611882221652785,-10.68289000724436,78.35749428863576,33.06488055563416,33.065148650252304,0.7490196603050521,20.0,0.0
125.5,49.79350634181769,-9.801406780532517,79.37358921257476,33.06489970524974,33.065163602877085,0.7489984993803347,20.0,0.0
125.55000000000001,49.95947032000922,-8.916841374277647,80.38968487925077,33.06491855508027,33.06517832519514,0.7489776719680492,20.0,0.0
125.60000000000001,50.10972195010266,-8.029471976758067,81.4057812770366,33.06493711008847,33.065192820772666,0.7489571729522666,20.0,0.0
125.65,50.24421396748622,-7.139577658729179,82.4218783944976,33.064955375137345,33.06520709311263,0.7489369972964255,20.0,0.0
125.7,50.36290406394238,-6.247438285647132,83.4379762203877,33.06497335499272,33.06522114565621,0.7489171400418542,20.0,0.0
125.75,50.46575490097021,-5.353334429642319,84.45407474364566,33.06499105432584,33.065234981784386,0.7488975963063922,20.0,0.0
125.80000000000001,50.552734121544205,-4.457547281270374,85.4701739533914,33.06500847771573,33.06524860481929,0.7488783612830261,20.0,0.0
125.85000000000001,50.62381436030614,-3.560358561068461,86.4862738389224,33.06502562965169,33.06526201802569,0.7488594302385465,20.0,0.0
125.9,50.67897325218662,-2.6620504309446615,87.50237438971034,33.065042514535556,33.06527522461224,0.7488407985122336,20.0,0.0
125.95,50.718193439453685,-1.7629054054283455,88.51847559539749,33.065059136683885,33.06528822773289,0.748822461514628,20.0,0.0
126.0,50.74146257718617,-0.8632062628094439,89.53457744579366,33.065075500330245,33.06530103048809,0.7488044147262443,20.0,0.0
126.05000000000001,50.748773337170206,0.036764043805421975,90.55067993087276,33.06509160962724,33.065313635926074,0.7487866536964063,20.0,0.0
126.10000000000001,50.74012341021756,0.9367224754919716,91.5667830407698,33.065107468648584,33.065326047044,0.7487691740420388,20.0,0.0
126.15,50.71551550690508,1.8363859965344578,92.58288676577783,33.065123081391114,33.065338266789134,0.7487519714465236,20.0,0.0
126.2,50.674957356735106,2.7354716634510146,93.59899109634479,33.06513845177669,33.06535029806002,0.748735041658577,20.0,0.0
126.25,50.61846170571699,3.6336967139901537,94.61509602307075,33.06515358365407,33.065362143707496,0.7487183804911481,20.0,0.0
126.30000000000001,50.54604631237056,4.530778656070408,95.63120153670516,33.06516848080074,33.06537380653574,0.7487019838203608,20.0,0.0
126.35000000000001,50.457733942152785,5.42643535663515,96.64730762814384,33.06518314692467,33.06538528930341,0.74868584758444,20.0,0.0
126.4,50.353552360309386,6.32038513039462,97.66341428842648,33.06519758566601,33.06539659472444,0.7486699677827247,20.0,0.0
126.45,50.23353432315359,7.212346828427261,98.67952150873398,33.06521180059875,33.0654077254692,0.74865434047463,20.0,0.0
126.5,50.097717567774886,8.102039926612473,99.69562928038579,33.06522579523235,33.06541868416527,0.7486389617787026,20.0,0.0
126.55000000000001,49.94614480018088,8.989184613866978,100.71173759483753,33.06523957301327,33.06542947339849,0.7486238278716115,20.0,0.0
126.60000000000001,49.77886368187613,9.873501880157031,101.72784644367843,33.0652531373265,33.06544009571368,0.7486089349872813,20.0,0.0
126.65,49.59592681488207,10.754713604258791,102.74395581862909,33.06526649149702,33.065450553615584,0.7485942794159328,20.0,0.0
126.7,49.397391725202745,11.63254264123924,103.76006571153893,33.0652796387912,33.06546084956973,0.7485798575031808,20.0,0.0
126.75,49.18332084474167,12.506712909630142,104.77617611438419,33.06529258241824,33.065470986003085,0.7485656656492097,20.0,0.0
126.80000000000001,48.95378149167534,13.376949478267596,105.7922870192655,33.06530532553144,33.06548096530499,0.7485517003078499,20.0,0.0
126.85000000000001,48.70884584928969,14.24297865276989,106.80839841840579,33.06531787122955,33.065490789827884,0.748537957985782,20.0,0.0
126.9,48.4485909432861,15.104528061626436,107.82451030414818,33.065330222558,33.0655004618879,0.7485244352417055,20.0,0.0
126.95,48.17309861756415,15.9613267418707,108.84062266895391,33.06534238251014,33.06550998376573,0.7485111286855144,20.0,0.0
127.0,47.88245550848863,16.81310522431019,109.85673550540034,33.06535435402839,33.06551935770724,0.7484980349775441,20.0,0.0
127.05000000000001,47.57675301764903,17.659595618286673,110.8728488061789,33.06536614000545,33.06552858592414,0.7484851508277686,20.0,0.0
127.10000000000001,47.25608728311998,18.50053169593999,111.88896256409323,33.06537774328536,33.0655376705947,0.748472472995033,20.0,0.0
127.15,46.920559149231764,19.335648975948907,112.90507677205733,33.0653891666646,33.06554661386424,0.7484599982863571,20.0,0.0
127.2,46.57027413486031,20.1646848067227,113.9211914230936,33.06540041289314,33.0655554178459,0.7484477235561613,20.0,0.0
127.25,46.2053424002468,20.98737844901731,114.9373065103311,33.06541148467548,33.06556408462113,0.7484356457055839,20.0,0.0
127.30000000000001,45.82587871235712,21.803471157950042,115.95342202700378,33.0654223846716,33.06557261624036,0.7484237616817495,20.0,0.0
127.35000000000001,45.43200240879225,22.612706264387025,116.96953796644877,33.065433115497946,33.06558101472347,0.7484120684771085,20.0,0.0
127.4,45.023837360260835,23.41482925567785,117.98565432210471,33.06544367972834,33.06558928206036,0.7484005631287545,20.0,0.0
127.45,44.601511931625744,24.20958785571197,119.00177108750997,33.06545407989491,33.06559742021153,0.7483892427177423,20.0,0.0
127.5,44.16515894153696,24.996732104271647,120.01788825630122,33.06546431848895,33.06560543110857,0.7483781043684843,20.0,0.0
127.55000000000001,43.71491562066336,25.776014435656567,121.03400582221174,33.065474397961786,33.06561331665465,0.7483671452480678,20.0,0.0
127.60000000000001,43.25092356853668,26.5471897565553,122.05012377906979,33.06548432072556,33.065621078725066,0.7483563625656373,20.0,0.0
127.65,42.77332870902107,27.31001552313917,123.06624212079734,33.06549408915409,33.065628719167556,0.7483457535717974,20.0,0.0
127.7,42.282281244422464,28.06425181735424,124.08236084140835,33.06550370558363,33.06563623980298,0.7483353155579948,20.0,0.0
127.75,41.77793560825196,28.80966142238745,125.09847993500732,33.06551317231358,33.06564364242569,0.7483250458559141,20.0,0.0
127.80000000000001,41.26045041665826,29.546009897283152,126.11459939578806,33.065522491607304,33.06565092880388,0.7483149418369237,20.0,0.0
127.85000000000001,40.72998841854435,30.273065650686565,127.13071921803206,33.065531665692774,33.06565810068018,0.7483050009114649,20.0,0.0
127.9,40.186716444384174,30.990600013690944,128.1468393961073,33.0655406967633,33.065665159771875,0.7482952205285258,20.0,0.0
127.95,39.63080535375529,31.69838731176559,129.16295992446678,33.0655495869782,33.065672107771576,0.7482855981750447,20.0,0.0
128.0,39.062429981604204,32.39620493574202,130.17908079764726,33.06555833846344,33.065678946347326,0.7482761313754054,20.0,0.0
128.05,38.481769083261064,33.083833411836004,131.195202010268,33.06556695331229,33.06568567714319,0.7482668176908618,20.0,0.0
128.1,37.889005278221205,33.76105647068343,132.21132355702935,33.06557543358593,33.06569230177961,0.7482576547190405,20.0,0.0
128.15,37.2843249927111,34.42766111536828,133.22744543271173,33.06558378131405,33.0656988218537,0.7482486400934079,20.0,0.0
128.20000000000002,36.667918401056845,35.08343768842132,134.24356763217415,33.06559199849545,33.065705238939636,0.7482397714827584,20.0,0.0
128.25,36.03997936587361,35.72817993776842,135.2596901503532,33.0656000870986,33.06571155458912,0.7482310465907105,20.0,0.0
128.3,35.40070537709488,36.36168508160778,136.27581298226184,33.06560804906221,33.06571777033148,0.7482224631552228,20.0,0.0
128.35,34.75029748986061,36.98375387219565,137.2919361229882,33.065615886295724,33.065723887674295,0.748214018948083,20.0,0.0
128.4,34.08896026128392,37.59419065852042,138.30805956769453,33.06562360067991,33.065729908103464,0.7482057117744603,20.0,0.0
128.45000000000002,33.4169016861162,38.19280344784548,139.32418331161594,33.06563119406731,33.06573583308371,0.7481975394724074,20.0,0.0
128.5,32.734333131330736,38.77940396610138,140.34030735005942,33.065638668282766,33.065741664058855,0.748189499912371,20.0,0.0
128.55,32.041469269645695,39.35380771710837,141.35643167840266,33.06564602512392,33.06574740245213,0.7481815909968077,20.0,0.0
128.6,31.3385280120071,39.915834040610626,142.37255629209326,33.06565326636164,33.06575304966636,0.7481738106596652,20.0,0.0
128.65,30.625730439053203,40.465306169104,143.38868118664735,33.06566039374055,33.06575860708442,0.7481661568659632,20.0,0.0
128.70000000000002,29.9033007315818,41.002051283439265,144.4048063576488,33.0656674089794,33.06576407606944,0.7481586276113461,20.0,0.0
128.75,29.171466100042288,41.52590056718357,145.42093180074806,33.065674313771545,33.06576945796513,0.7481512209216632,20.0,0.0
128.8,28.430456713074715,42.036689259722806,146.43705751166138,33.06568110978537,33.065774754096005,0.7481439348525356,20.0,0.0
128.85,27.680505625118276,42.53425670808831,147.45318348616954,33.065687798664705,33.06577996576776,0.7481367674889086,20.0,0.0
128.9,26.92184870311202,43.018446417491546,148.46930972011734,33.06569438202921,33.065785094267376,0.7481297169446961,20.0,0.0
128.95000000000002,26.154724552310828,43.48910610055092,149.48543620941214,33.065700861474795,33.06579014086351,0.7481227813623264,20.0,0.0
129.0,25.379374441240017,43.94608772519515,150.5015629500233,33.065707238573985,33.06579510680674,0.7481159589123507,20.0,0.0
129.05,24.596042225812145,44.389247561228224,151.51768993798123,33.06571351487633,33.06579999332979,0.7481092477930602,20.0,0.0
129.1,23.804974272629913,44.81844622554124,152.53381716937633,33.06571969190872,33.06580480164774,0.7481026462300733,20.0,0.0
129.15,23.006419381499285,45.233548725956915,153.54994464035832,33.065725771175785,33.06580953295833,0.7480961524759522,20.0,0.0
129.20000000000002,22.20062870717718,45.63442450369302,154.56607234713525,33.06573175416026,33.06581418844219,0.7480897648098406,20.0,0.0
129.25,21.38785568037839,46.02094747443128,155.58220028597262,33.06573764232325,33.06581876926304,0.7480834815370869,20.0,0.0
129.3,20.568355928066524,46.39299606797894,156.59832845319264,33.065743437104665,33.065823276568,0.7480773009888395,20.0,0.0
129.35,19.7423871930541,46.750453266510426,157.61445684517346,33.065749139923476,33.06582771148764,0.7480712215217267,20.0,0.0
129.4,18.91020925293704,47.093206641377144,158.63058545834807,33.06575475217806,33.06583207513649,0.7480652415174731,20.0,0.0
129.45000000000002,18.072083838389073,47.42114838847379,159.64671428920386,33.06576027524651,33.065836368612956,0.7480593593825375,20.0,0.0
129.5,17.228274550841775,47.734175362150054,160.6628433342816,33.06576571048697,33.065840592999734,0.7480535735477787,20.0,0.0
129.55,16.3790467795761,48.032189107657096,161.6789725901748,33.06577105923789,33.06584474936394,0.7480478824681001,20.0,0.0
129.6,15.524667618251517,48.315095892118514,162.69510205352876,33.065776322818316,33.065848838757354,0.748042284622116,20.0,0.0
129.65,14.66540578089897,48.58280673401612,163.71123172104004,33.06578150252825,33.06585286221664,0.7480367785118034,20.0,0.0
129.70000000000002,13.80153151740414,48.83523743118123,164.72736158945563,33.06578659964885,33.06585682076344,0.7480313626621751,20.0,0.0
129.75,12.933316528507538,49.07230858728267,165.74349165557211,33.06579161544275,33.06586071540473,0.7480260356209598,20.0,0.0
129.8,12.061033880348207,49.29394563680315,166.75962191623518,33.065796551154314,33.06586454713289,0.7480207959582543,20.0,0.0
129.85,11.184957918577886,49.500078868496175,167.77575236833871,33.06580140800993,33.065868316925936,0.7480156422662461,20.0,0.0
129.9,10.305364182072676,49.69064344731607,168.7918830088241,33.065806187218215,33.065872025747794,0.7480105731588438,20.0,0.0
129.95000000000002,9.422529316269326,49.86557943481431,169.80801383467977,33.06581088997033,33.065875674548295,0.7480055872714146,20.0,0.0
130.0,8.536730986153424,50.02483180799561,170.82414484294017,33.065815517440186,33.06587926426364,0.748000683260436,20.0,0.0
130.05,7.6482477889268345,50.168350476628014,171.84027603068535,33.065820070784724,33.065882795816314,0.7479958598032397,20.0,0.0
130.1,6.757359166381885,50.296090299001314,172.85640739504032,33.065824551144125,33.06588627011537,0.7479911155976637,20.0,0.0
130.15,5.864345317009837,50.40801109612909,173.87253893317416,33.06582895964207,33.06588968805664,0.7479864493617967,20.0,0.0
130.20000000000002,4.969487107871301,50.504077664389705,174.88867064229967,33.06583329738597,33.065893050522874,0.7479818598336578,20.0,0.0
130.25,4.073065986256316,50.58425978660241,175.9048025196725,33.06583756546718,33.06589635838395,0.7479773457709342,20.0,0.0
130.3,3.1753638911618793,50.64853224153497,176.92093456259073,33.065841764961235,33.06589961249698,0.747972905950661,20.0,0.0
130.35,2.276663164614766,50.69687481183994,177.937066768394,33.065845896928074,33.065902813706494,0.7479685391689799,20.0,0.0
130.4,1.3772464628675438,50.729272290416965,178.95319913446323,33.06584996241225,33.06590596284465,0.7479642442408476,20.0,0.0
130.45000000000002,0.47739666749570375,50.745714485199215,179.9693316582198,33.065853962443136,33.06590906073141,0.747960019999752,20.0,0.0
130.5,-0.4226032035761236,50.746196222362386,-179.0145356628751,33.065857898035155,33.06591210817456,0.7479558652974632,20.0,0.0
130.55,-1.3224700850908777,50.73071734795526,-177.99840283132076,33.06586177018797,33.06591510597013,0.747951779003742,20.0,0.0
130.6,-2.2219209534907094,50.69928272795137,-176.9822698495778,33.0658655798867,33.065918054902234,0.7479477600061131,20.0,0.0
130.65,-3.1206729159355424,50.65190224672164,-175.9661367200686,33.06586932810209,33.065920955743515,0.7479438072095519,20.0,0.0
130.70000000000002,-4.018443299280564,50.58859080392863,-174.95000344517786,33.065873015790764,33.06592380925505,0.747939919536293,20.0,0.0
130.75,-4.914949738984647,50.50936830984324,-173.93387002725325,33.06587664389535,33.06592661618671,0.7479360959255317,20.0,0.0
130.8,-5.809910267921742,50.41425967908538,-172.91773646860585,33.065880213344734,33.06592937727719,0.7479323353331964,20.0,0.0
130.85,-6.703043405067312,50.30329482279064,-171.90160277151065,33.0658837250542,33.065932093254254,0.747928636731686,20.0,0.0
130.9,-7.594068244031897,50.176508639205295,-170.88546893820723,33.06588717992563,33.065934764834644,0.7479249991096424,20.0,0.0
130.95000000000002,-8.482704541413977,50.033941002712766,-169.86933497090013,33.06589057884771,33.065937392724656,0.7479214214717089,20.0,0.0
131.0,-9.368672804944339,49.87563675129482,-168.85320087175944,33.06589392269606,33.065939977619784,0.7479179028382816,20.0,0.0
131.05,-10.25169438139421,49.7016456724316,-167.8370666429213,33.06589721233347,33.06594252020525,0.7479144422452961,20.0,0.0
131.1,-11.131491544219523,49.512022487444824,-166.82093228648836,33.06590044861002,33.06594502115593,0.7479110387439789,20.0,0.0
131.15,-12.007787580913744,49.306826834289105,-165.80479780453032,33.0659036323633,33.06594748113658,0.74790769140062,20.0,0.0
131.20000000000002,-12.880306880041768,49.08612324879684,-164.7886631990844,33.065906764418536,33.06594990080196,0.747904399296381,20.0,0.0
131.25,-13.748775017927537,48.84998114438251,-163.77252847215576,33.06590984558878,33.06595228079692,0.7479011615270181,20.0,0.0
131.3,-14.61291884496808,48.59847479021283,-162.75639362571806,33.06591287667508,33.06595462175661,0.7478979772027188,20.0,0.0
131.35,-15.472466571546859,48.33168328784956,-161.74025866171397,33.06591585846662,33.06595692430658,0.7478948454478385,20.0,0.0
131.4,-16.32714785351937,48.04969054637236,-160.7241235820554,33.0659187917409,33.06595918906288,0.7478917654007304,20.0,0.0
131.45000000000002,-17.17669387724413,47.75258525598956,-159.7079883886242,33.0659216772639,33.065961416632184,0.7478887362135254,20.0,0.0
131.5,-18.02083744413229,47.44046086014499,-158.69185308327246,33.0659245157902,33.06596360761203,0.7478857570518755,20.0,0.0
131.55,-18.859313054689288,47.113415526129856,-157.67571766782308,33.06592730806319,33.06596576259076,0.7478828270948412,20.0,0.0
131.6,-19.691856992022114,46.77155211420873,-156.65958214407004,33.06593005481516,33.065967882147845,0.7478799455346063,20.0,0.0
131.65,-20.518207404785905,46.414978145269444,-155.64344651377897,33.065932756767495,33.065969966853814,0.7478771115763152,20.0,0.0
131.70000000000002,-21.338104389543783,46.04380576700708,-154.6273107786875,33.0659354146308,33.06597201727054,0.7478743244378876,20.0,0.0
131.75,-22.151290072514055,45.65815171865263,-153.6111749405057,33.06593802910507,33.065974033951285,0.7478715833497986,20.0,0.0
131.8,-22.957508690679017,45.25813729425749,-152.59503900091647,33.0659406008798,33.065976017440775,0.7478688875549011,20.0,0.0
131.85,-23.756506672229907,44.84388830454525,-151.57890296157603,33.06594313063415,33.06597796827537,0.7478662363082478,20.0,0.0
131.9,-24.548032716322645,44.415535037342934,-150.5627668241142,33.065945619037095,33.065979886983236,0.7478636288768783,20.0,0.0
131.95000000000002,-25.331837872119326,43.9732122166039,-149.5466305901348,33.06594806674753,33.06598177408432,0.7478610645396699,20.0,0.0
132.0,-26.107675617090564,43.51705896003551,-148.53049426121626,33.06595047441444,33.06598363009063,0.7478585425871174,20.0,0.0
132.05,-26.875301934554088,43.047218735344835,-147.5143578389117,33.06595284267703,33.06598545550616,0.7478560623211976,20.0,0.0
132.1,-27.63447539042518,42.56383931511603,-146.4982213247495,33.06595517216483,33.06598725082716,0.7478536230551498,20.0,0.0
132.15,-28.384957209154837,42.06707273033377,-145.48208472023362,33.065957463497845,33.065989016542225,0.7478512241133473,20.0,0.0
132.20000000000002,-29.126511348831734,41.557075222567256,-144.4659480268439,33.06595971728673,33.065990753132255,0.7478488648310773,20.0,0.0
132.25,-29.858904575424422,41.034007194829805,-143.44981124603663,33.065961934132844,33.06599246107074,0.7478465445544344,20.0,0.0
132.3,-30.58190653614035,40.49803316112955,-142.43367437924468,33.06596411462841,33.06599414082378,0.7478442626400863,20.0,0.0
132.35,-31.29528983187868,39.949321694727104,-141.41753742787796,33.06596625935665,33.065995792850195,0.7478420184551595,20.0,0.0
132.4,-31.998830088754083,39.38804537511644,-140.40140039332377,33.065968368891895,33.06599741760166,0.7478398113770481,20.0,0.0
132.45000000000002,-32.69230602866903,38.81438073374565,-139.38526327694714,33.065970443799735,33.065999015522756,0.7478376407932785,20.0,0.0
132.5,-33.375499538912386,38.228508198494715,-138.36912608009115,33.06597248463709,33.06600058705113,0.7478355061013247,20.0,0.0
132.55,-34.048195740762395,37.630612036927694,-137.3529888040773,33.06597449195238,33.06600213261754,0.7478334067084873,20.0,0.0
132.6,-34.71018305707249,37.020880298337225,-136.3368514502058,33.06597646628561,33.06600365264598,0.7478313420317093,20.0,0.0
132.65,-35.361253278818694,36.399504754599505,-135.32071401975597,33.06597840816849,33.066005147553774,0.7478293114974335,20.0,0.0
132.70000000000002,-36.00120163058762,35.766680839858424,-134.30457651398635,33.06598031812459,33.066006617751704,0.7478273145414605,20.0,0.0
132.75,-36.62982683498457,35.122607589057786,-133.28843893413537,33.06598219666938,33.066008063643984,0.7478253506088208,20.0,0.0
132.8,-37.24693117594132,34.467487575340954,-132.27230128142133,33.065984044310426,33.06600948562856,0.7478234191535762,20.0,0.0
132.85,-37.85232056090388,33.801526846337616,-131.25616355704292,33.06598586154744,33.06601088409701,0.747821519638741,20.0,0.0
132.9,-38.44580458188048,33.12493485935769,-130.2400257621794,33.0659876488724,33.06601225943472,0.7478196515360835,20.0,0.0
132.95000000000002,-39.02719657533073,32.437924415512796,-129.22388789799098,33.06598940676971,33.06601361202097,0.7478178143260408,20.0,0.0
133.0,-39.59631368087697,31.740711592785996,-128.20774996561903,33.065991135716224,33.066014942228996,0.7478160074975406,20.0,0.0
133.05,-40.1529768988195,31.0335156780708,-127.19161196618647,33.06599283618142,33.06601625042618,0.7478142305478883,20.0,0.0
133.1,-40.697011146437504,30.31655909820092,-126.17547390079802,33.065994508627476,33.06601753697395,0.7478124829826243,20.0,0.0
133.15,-41.228245313057926,29.590067349992374,-125.15933577054045,33.06599615350937,33.06601880222805,0.7478107643154175,20.0,0.0
133.20000000000002,-41.74651231387511,28.854268929319996,-124.1431975764829,33.06599777127499,33.06602004653853,0.747809074067888,20.0,0.0
133.25,-42.251649142504135,28.10939525925063,-123.12705931967712,33.06599936236524,33.06602127024985,0.7478074117695499,20.0,0.0
133.3,-42.74349692225142,27.35568061725562,-122.11092100115773,33.06600092721414,33.06602247370091,0.7478057769575983,20.0,0.0
133.35,-43.221900956086394,26.593362061525518,-121.09478262194261,33.06600246624891,33.06602365722526,0.7478041691768809,20.0,0.0
133.4,-43.68671077529858,25.822679356410152,-120.07864418303298,33.066003979890084,33.06602482115103,0.7478025879797059,20.0,0.0
133.45000000000002,-44.13778018682473,25.043874897007502,-119.06250568541377,33.06600546855157,33.066025965801174,0.7478010329257501,20.0,0.0
133.5,-44.57496731923118,24.25719363292514,-118.04636713005387,33.06600693264083,33.066027091493375,0.7477995035819376,20.0,0.0
133.55,-44.99813466733693,23.46288299123818,-117.03022851790637,33.06600837255887,33.06602819854023,0.7477979995223407,20.0,0.0
133.6,-45.4071491354634,22.661192798667997,-116.01408984990879,33.06600978870039,33.066029287249336,0.7477965203280235,20.0,0.0
133.65,-45.80188207929731,21.852375203006144,-114.99795112698332,33.06601118145389,33.06603035792327,0.7477950655869776,20.0,0.0
133.70000000000002,-46.18220934635344,21.03668459380826,-113.98181235003716,33.0660125512017,33.06603141085979,0.7477936348939664,20.0,0.0
133.75,-46.54801131502467,20.214377522382836,-112.9656735199626,33.066013898320136,33.06603244635183,0.7477922278504749,20.0,0.0
133.8,-46.899172932206824,19.38571262110005,-111.94953463763738,33.06601522317954,33.06603346468753,0.7477908440645251,20.0,0.0
133.85,-47.23558374948672,18.550950522046033,-110.93339570392484,33.066016526144395,33.06603446615044,0.7477894831506333,20.0,0.0
133.9,-47.55713795788182,17.710353775048166,-109.91725671967421,33.0660178075734,33.066035451019495,0.7477881447296824,20.0,0.0
133.95000000000002,-47.863734421120704,16.86418676509717,-108.90111768572082,33.06601906781955,33.06603641956908,0.7477868284288149,20.0,0.0
134.0,-48.15527670745385,16.012715629191998,-107.88497860288625,33.06602030723023,33.06603737206916,0.7477855338813484,20.0,0.0
134.05,-48.431673119984694,15.156208172633633,-106.86883947197866,33.0660215261473,33.06603830878528,0.7477842607266396,20.0,0.0
134.1,-48.69283672551148,14.294933784794164,-105.85270029379295,33.06602272490716,33.0660392299787,0.7477830086100283,20.0,0.0
134.15,-48.93868538187076,13.429163354387619,-104.83656106911093,33.066023903840836,33.06604013590645,0.7477817771827162,20.0,0.0
134.20000000000002,-49.169141763774064,12.559169184269198,-103.82042179870162,33.0660250632741,33.066041026821274,0.7477805661016887,20.0,0.0
134.25,-49.384133387129424,11.685224905789713,-102.80428248332137,33.066026203527464,33.06604190297192,0.7477793750295945,20.0,0.0
134.3,-49.58359263184029,10.807605392732164,-101.78814312371411,33.06602732491635,33.06604276460299,0.747778203634688,20.0,0.0
134.35,-49.76745676307457,9.92658667485753,-100.77200372061154,33.066028427751114,33.06604361195509,0.7477770515907025,20.0,0.0
134.4,-49.93566795099713,9.042445851086972,-99.75586427473333,33.06602951233711,33.06604444526498,0.7477759185767852,20.0,0.0
134.45000000000002,-50.088173288959524,8.15546100234773,-98.73972478678725,33.06603057897482,33.066045264765435,0.7477748042774053,20.0,0.0
134.5,-50.22492481014126,7.265911104110154,-97.72358525746951,33.06603162795986,33.0660460706855,0.7477737083822689,20.0,0.0
134.55,-50.34587950263737,6.374075938643367,-96.70744568746477,33.06603265958312,33.066046863250456,0.7477726305862049,20.0,0.0
134.6,-50.45099932298751,5.480236007017154,-95.69130607744646,33.066033674130786,33.06604764268186,0.7477715705891228,20.0,0.0
134.65,-50.54025120814237,4.584672440877762,-94.67516642807686,33.06603467188443,33.06604840919762,0.7477705280959199,20.0,0.0
134.70000000000002,-50.61360708586359,3.6876669140253635,-93.65902674000739,33.06603565312109,33.06604916301215,0.7477695028163609,20.0,0.0
134.75,-50.67104388355396,2.789501553820977,-92.64288701387869,33.06603661811331,33.066049904336275,0.7477684944650633,20.0,0.0
134.8,-50.71254353551509,1.8904588524507333,-91.62674725032083,33.066037567129236,33.06605063337733,0.7477675027613628,20.0,0.0
134.85,-50.73809298863025,0.9908215780753791,-90.61060744995349,33.06603850043267,33.066051350339315,0.7477665274292633,20.0,0.0
134.9,-50.74768420647068,0.09087268589297448,-89.59446761338609,33.06603941828315,33.06605205542282,0.7477655681973374,20.0,0.0
134.95000000000002,-50.74131417182398,-0.8091047708572487,-88.578327741218,33.06604032093598,33.06605274882514,0.747764624798684,20.0,0.0
135.0,-50.71898488764381,-1.7088277299218717,-87.56218783403871,33.06604120864235,33.06605343074032,0.7477636969708428,20.0,0.0
135.05,-50.68070337642067,-2.6080132090631176,-86.54604789242794,33.06604208164934,33.06605410135921,0.7477627844556807,20.0,0.0
135.1,-50.62648167797383,-3.5063783950635212,-85.52990791695582,33.06604294020005,33.0660547608695,0.7477618869993918,20.0,0.0
135.15,-50.556336845665264,-4.403640732677445,-84.5137679081831,33.06604378453358,33.066055409455785,0.7477610043523697,20.0,0.0
135.20000000000002,-50.47029094103662,-5.299518013501465,-83.49762786666119,33.066044614885165,33.066056047299654,0.7477601362691644,20.0,0.0
135.25,-50.36837102687103,-6.193728464735669,-82.48148779293243,33.0660454314862,33.06605667457958,0.7477592825084045,20.0,0.0
135.3,-50.250609158681875,-7.0859908378079615,-81.46534768753013,33.0660462345643,33.06605729147121,0.7477584428327333,20.0,0.0
135.35,-50.11704237463122,-7.976024496833486,-80.44920755097884,33.06604702434336,33.06605789814723,0.7477576170087445,20.0,0.0
135.4,-49.96771268388106,-8.863549506881352,-79.43306738379437,33.06604780104364,33.06605849477746,0.7477568048068974,20.0,0.0
135.45000000000002,-49.80266705338111,-9.748286722020893,-78.416927186484,33.066048564881775,33.06605908152889,0.7477560060014952,20.0,0.0
135.5,-49.621957393097134,-10.629957873119789,-77.40078695954664,33.06604931607085,33.066059658565806,0.7477552203705713,20.0,0.0
135.55,-49.42564053968471,-11.508285655366397,-76.3846467034729,33.06605005482049,33.06606022604972,0.7477544476958755,20.0,0.0
135.6,-49.21377823861327,-12.382993815488799,-75.36850641874524,33.06605078133686,33.06606078413948,0.7477536877627671,20.0,0.0
135.65,-48.986437124746345,-13.253807238643118,-74.35236610583819,33.06605149582276,33.06606133299131,0.7477529403601864,20.0,0.0
135.70000000000002,-48.74368870138382,-14.120452034943774,-73.33622576521834,33.06605219847766,33.0660618727588,0.7477522052805838,20.0,0.0
135.75,-48.485609317773054,-14.982655625608466,-72.32008539734461,33.06605288949774,33.066062403593044,0.7477514823198632,20.0,0.0
135.8,-48.21228014509578,-15.84014682869078,-71.30394500266826,33.066053569075976,33.066062925642576,0.7477507712773388,20.0,0.0
135.85,-47.923787150938374,-16.692655944373477,-70.2878045816331,33.06605423740216,33.06606343905351,0.747750071955636,20.0,0.0
135.9,-47.62022107225353,-17.539914839795596,-69.27166413467555,33.06605489466297,33.06606394396948,0.7477493841606844,20.0,0.0
135.95000000000002,-47.301677386821886,-18.381657033386738,-68.2555236622248,33.06605554104201,33.06606444053178,0.7477487077016391,20.0,0.0
136.0,-46.968256283222495,-19.21761777868197,-67.23938316470294,33.06605617671985,33.066064928879335,0.7477480423908318,20.0,0.0
136.05,-46.62006262932162,-20.04753414759101,-66.22324264252504,33.0660568018741,33.06606540914871,0.7477473880437202,20.0,0.0
136.1,-46.257205939289854,-20.87114511309547,-65.20710209609925,33.06605741667943,33.066065881474316,0.7477467444788246,20.0,0.0
136.15,-45.879800339157725,-21.6881916313482,-64.19096152582699,33.06605802130764,33.06606634598819,0.7477461115176993,20.0,0.0
136.20000000000002,-45.4879645309209,-22.498416723148864,-63.17482093210299,33.06605861592768,33.066066802820224,0.7477454889848474,20.0,0.0
136.25,-45.081821755206,-23.301565554770125,-62.15868031531543,33.066059200705716,33.066067252098186,0.7477448767077206,20.0,0.0
136.3,-44.661499752509,-24.09738551810906,-61.142539675846095,33.06605977580518,33.066067693947694,0.747744274516613,20.0,0.0
136.35,-44.22713072301824,-24.885626310138537,-60.12639901407035,33.06606034138679,33.06606812849223,0.7477436822446677,20.0,0.0
136.4,-43.77885128503478,-25.666040011633605,-59.11025833035738,33.0660608976086,33.06606855585325,0.747743099727785,20.0,0.0
136.45000000000002,-43.316802432003136,-26.438381165148126,-58.094117625070204,33.06606144462607,33.06606897615019,0.7477425268046005,20.0,0.0
136.5,-42.841129488165926,-27.202406852217116,-57.07797689856586,33.06606198259208,33.066069389500484,0.747741963316443,20.0,0.0
136.55,-42.351982062856365,-27.957876769760514,-56.061836151195386,33.066062511656966,33.0660697960196,0.7477414091072845,20.0,0.0
136.6,-41.849514003443,-28.70455330566436,-55.04569538330408,33.06606303196858,33.066070195821105,0.747740864023676,20.0,0.0
136.65,-41.33388334694144,-29.442201613515586,-54.02955459523141,33.066063543672335,33.06607058901667,0.7477403279147268,20.0,0.0
136.70000000000002,-40.805252270308415,-30.170589686466954,-53.01341378731127,33.066064046911215,33.06607097571604,0.7477398006320684,20.0,0.0
136.75,-40.263787039433616,-30.889488430208864,-51.997272959871985,33.066064541825845,33.066071356027194,0.7477392820297908,20.0,0.0
136.8,-39.70965795684553,-31.598671735025107,-50.98113211323643,33.06606502855452,33.066071730056294,0.7477387719644142,20.0,0.0
136.85,-39.14303930814764,-32.29791654690989,-49.96499124772212,33.06606550723321,33.066072097907735,0.747738270294839,20.0,0.0
136.9,-38.56410930720184,-32.987002937723766,-48.94885036364128,33.06606597799568,33.066072459684136,0.7477377768823104,20.0,0.0
136.95000000000002,-37.973050040076295,-33.66571417436643,-47.93270946130095,33.06606644097342,33.06607281548644,0.747737291590397,20.0,0.0
137.0,-37.370047407775424,-34.33383678694455,-46.91656854100309,33.06606689629578,33.06607316541387,0.7477368142849272,20.0,0.0
137.05,-36.755291067769974,-34.99116063591331,-45.90042760304462,33.06606734408993,33.06607350956403,0.747736344833946,20.0,0.0
137.1,-36.1289743743456,-35.63747897817041,-44.88428664771755,33.066067784480936,33.066073848032865,0.7477358831077225,20.0,0.0
137.15,-35.49129431778869,-36.27258853208184,-43.86814567530902,33.066068217591784,33.06607418091472,0.7477354289786504,20.0,0.0
137.20000000000002,-34.842451462428585,-36.89628954141896,-42.85200468610141,33.066068643543424,33.066074508302385,0.7477349823212691,20.0,0.0
137.25,-34.182649883555655,-37.508385838186705,-41.8358636803724,33.06606906245478,33.06607483028706,0.7477345430121858,20.0,0.0
137.3,-33.51209710323513,-38.108684904323255,-40.81972265839505,33.0660694744428,33.066075146958454,0.7477341109300681,20.0,0.0
137.35,-32.83100402503679,-38.69699793225168,-39.8035816204379,33.06606987962249,33.06607545840477,0.7477336859556019,20.0,0.0
137.4,-32.13958486770112,-39.27313988426458,-38.787440566765035,33.066070278106935,33.066075764712735,0.7477332679714479,20.0,0.0
137.45000000000002,-31.438057097762716,-39.836929550722964,-37.771299497636136,33.066070670007356,33.066076065967614,0.7477328568622212,20.0,0.0
137.5,-30.726641361152243,-40.38818960705117,-36.75515841330658,33.06607105543309,33.06607636225327,0.7477324525144411,20.0,0.0
137.55,-30.005561413798326,-40.9267466695098,-35.73901731402751,33.06607143449167,33.06607665365215,0.747732054816538,20.0,0.0
137.6,-29.275044051251314,-41.45243134972918,-34.722876200045874,33.06607180728885,33.06607694024534,0.7477316636587759,20.0,0.0
137.65,-28.53531903735099,-41.96507830798619,-33.70673507160455,33.0660721739286,33.06607722211253,0.7477312789332373,20.0,0.0
137.70000000000002,-27.786619031960683,-42.46452630520767,-32.69059392894235,33.06607253451317,33.066077499332124,0.74773090053381,20.0,0.0
137.75,-27.029179517790496,-42.95061825368412,-31.67445277229413,33.06607288914309,33.0660777719812,0.7477305283561293,20.0,0.0
137.8,-26.263238726332702,-43.42320126647765,-30.658311601890855,33.066073237917244,33.06607804013552,0.7477301622975787,20.0,0.0
137.85,-25.489037562932552,-43.88212670550871,-29.64217041795966,33.06607358093283,33.066078303869624,0.7477298022572398,20.0,0.0
137.9,-24.70681953101811,-44.32725022830648,-28.62602922072393,33.06607391828546,33.06607856325682,0.747729448135857,20.0,0.0
137.95000000000002,-23.91683065551291,-44.758431833408125,-27.609888010403267,33.066074250069136,33.06607881836912,0.7477290998358228,20.0,0.0
138.0,-23.119319405455556,-45.17553590439276,-26.593746787213696,33.06607457637628,33.06607906927737,0.7477287572611786,20.0,0.0
138.05,-22.314536615850564,-45.578431252536184,-25.577605551367633,33.06607489729778,33.06607931605124,0.7477284203175216,20.0,0.0
138.1,-21.502735408775074,-45.966991158073,-24.561464303073972,33.066075212923025,33.06607955875924,0.7477280889120266,20.0,0.0
138.15,-20.6841711137662,-46.34109341005316,-23.545323042538154,33.0660755233399,33.06607979746874,0.7477277629534171,20.0,0.0
138.20000000000002,-19.859101187514092,-46.70062034478036,-22.52918176996218,33.066075828634816,33.06608003224595,0.7477274423519091,20.0,0.0
138.25,-19.027785132885935,-47.04545888282023,-21.51304048554472,33.06607612889275,33.066080263156,0.7477271270192318,20.0,0.0
138.3,-18.1904844173064,-47.37550056456664,-20.496899189481137,33.06607642419727,33.06608049026295,0.7477268168685711,20.0,0.0
138.35,-17.34746239052018,-47.69064158435501,-19.480757881963566,33.066076714630526,33.06608071362974,0.747726511814534,20.0,0.0
138.4,-16.49898420176248,-47.990782823111786,-18.46461656318095,33.066077000273324,33.06608093331832,0.7477262117731627,20.0,0.0
138.45000000000002,-15.645316716363528,-48.2758298795299,-17.448475233319087,33.06607728120511,33.06608114938952,0.747725916661885,20.0,0.0
138.5,-14.786728431813348,-48.545693099760406,-16.432333892560724,33.066077557504,33.06608136190328,0.7477256263994789,20.0,0.0
138.55,-13.923489393313147,-48.80028760561088,-15.416192541085543,33.06607782924681,33.06608157091841,0.7477253409061007,20.0,0.0
138.6,-13.05587110883993,-49.039533321241805,-14.40005117907026,33.06607809650907,33.06608177649282,0.7477250601031997,20.0,0.0
138.65,-12.184146463751025,-49.26335499835245,-13.383909806688656,33.066078359365044,33.06608197868345,0.7477247839135543,20.0,0.0
138.70000000000002,-11.308589634955387,-49.47168223984843,-12.367768424111647,33.06607861788779,33.066082177546214,0.7477245122611862,20.0,0.0
138.75,-10.429476004678683,-49.66444952198343,-11.35162703150729,33.0660788721491,33.066082373136204,0.7477242450714101,20.0,0.0
138.8,-9.547082073849266,-49.84159621496811,-10.335485629040896,33.06607912221961,33.06608256550753,0.7477239822707489,20.0,0.0
138.85,-8.661685375132292,-50.00306660203981,-9.319344216875008,33.06607936816875,33.0660827547134,0.7477237237869545,20.0,0.0
138.9,-7.773564385639327,-50.14880989698691,-8.303202795169465,33.0660796100648,33.06608294080613,0.7477234695489798,20.0,0.0
138.95000000000002,-6.882998439340906,-50.2787802601225,-7.287061364081491,33.06607984797489,33.06608312383722,0.7477232194869359,20.0,0.0
139.0,-5.990267639209579,-50.3929368127022,-6.270919923765683,33.066080081965055,33.06608330385723,0.747722973532106,20.0,0.0
139.05,-5.095652769121094,-50.491243649781644,-5.254778474374099,33.06608031210021,33.06608348091595,0.7477227316169035,20.0,0.0
139.1,-4.199435205541413,-50.57366985150961,-4.23863701605625,33.06608053844419,33.066083655062286,0.7477224936748499,20.0,0.0
139.15,-3.301896829027339,-50.6401894928532,-3.2224955489591793,33.06608076105977,33.06608382634433,0.7477222596405895,20.0,0.0
139.20000000000002,-2.403319935568604,-50.69078165175208,-2.206354073227514,33.066080980008664,33.066083994809446,0.7477220294498252,20.0,0.0
139.25,-1.503987147799279,-50.72543041569907,-1.1902125890034618,33.06608119535158,33.06608416050412,0.7477218030393331,20.0,0.0
139.3,-0.6041813261064511,-50.74412488674521,-0.17407109642689167,33.06608140714819,33.066084323474115,0.7477215803469406,20.0,0.0
139.35,0.2958145203358812,-50.746859184927565,0.8420704043646442,33.06608161545718,33.06608448376441,0.7477213613114699,20.0,0.0
139.4,1.195717322579712,-50.73363245011881,1.8582119132358577,33.06608182033627,33.066084641419245,0.7477211458728021,20.0,0.0
139.45000000000002,2.095244040934734,-50.7044488422979,2.8743534300537252,33.06608202184219,33.066084796482144,0.7477209339717774,20.0,0.0
139.5,2.994111753990845,-50.65931754024182,3.8904949546874112,33.066082220030765,33.06608494899587,0.7477207255502165,20.0,0.0
139.55,3.8920377476034536,-50.598252738638855,4.906636487008269,33.06608241495684,33.06608509900247,0.7477205205509136,20.0,0.0
139.6,4.788739603813595,-50.52127364362413,5.922778026889713,33.066082606674385,33.06608524654335,0.7477203189176009,20.0,0.0
139.65,5.6839352896748965,-50.42840446673903,6.938919574207318,33.06608279523645,33.06608539165914,0.7477201205949413,20.0,0.0
139.70000000000002,6.577343245959441,-50.31967441731628,7.9550611288386985,33.066082980695214,33.06608553438989,0.7477199255285001,20.0,0.0
139.75,7.468682475714646,-50.19511769329305,8.971202690663477,33.06608316310198,33.066085674774904,0.7477197336647663,20.0,0.0
139.8,8.357672632643286,-50.054773470455096,9.987344259563283,33.06608334250719,33.066085812852876,0.7477195449510816,20.0,0.0
139.85,9.244034109278882,-49.898685890115196,11.003485835421685,33.066083518960454,33.066085948661865,0.7477193593356759,20.0,0.0
139.9,10.1274881249287,-49.72690404522985,12.019627418124182,33.06608369251055,33.06608608223926,0.7477191767676246,20.0,0.0
139.95000000000002,11.007756813356716,-49.539481964958554,13.035769007558185,33.066083863205456,33.06608621362183,0.7477189971968627,20.0,0.0
140.0,11.88456331017897,-49.33647859767051,14.051910603612932,33.066084031092345,33.06608634284582,0.7477188205741143,20.0,0.0
140.05,12.757631839943812,-49.11795779240415,15.06805220617952,33.066084196217595,33.066086469946754,0.7477186468509487,20.0,0.0
140.1,13.626687802869649,-48.88398827878528,16.08419381515083,33.06608435862682,33.066086594959636,0.7477184759797169,20.0,0.0
140.15,14.491457861212924,-48.63464364541017,17.10033543042152,33.066084518364875,33.06608671791884,0.7477183079135656,20.0,0.0
140.20000000000002,15.351670025239159,-48.37000231670035,18.11647705188796,33.06608467547588,33.06608683885823,0.7477181426064092,20.0,0.0
140.25,16.20705373877001,-48.09014752823646,19.132618679448285,33.06608483000319,33.06608695781109,0.747717980012915,20.0,0.0
140.3,17.057339964279443,-47.795167300578875,20.148760313002256,33.06608498198947,33.06608707481011,0.7477178200885106,20.0,0.0
140.35,17.90226126751226,-47.48515441158333,21.164901952451345,33.066085131476655,33.06608718988749,0.7477176627893414,20.0,0.0
140.4,18.741551901598342,-47.16020636722027,22.181043597698586,33.066085278506,33.066087303074845,0.7477175080722986,20.0,0.0
140.45000000000002,19.574947890636217,-46.82042537090708,23.197185248648662,33.06608542311806,33.06608741440333,0.747717355894963,20.0,0.0
140.5,20.40218711271956,-46.4659182913629,24.21332690520781,33.06608556535272,33.06608752390355,0.7477172062156185,20.0,0.0
140.55,21.22300938238061,-46.096796628996024,25.229468567283824,33.066085705249215,33.066087631605576,0.7477170589932527,20.0,0.0
140.6,22.037156532424518,-45.71317648083462,26.245610234786017,33.06608584284609,33.06608773753901,0.7477169141874995,20.0,0.0
140.65,22.844372495128912,-45.3151785040116,27.261751907625182,33.066085978181306,33.06608784173297,0.7477167717586823,20.0,0.0
140.70000000000002,23.64440338278311,-44.90292787781531,28.27789358571361,33.06608611129214,33.06608794421609,0.7477166316677568,20.0,0.0
140.75,24.436997567541695,-44.476554264317855,29.29403526896502,33.06608624221527,33.06608804501649,0.7477164938763465,20.0,0.0
140.8,25.22190576056729,-44.036191767593515,30.31017695729455,33.06608637098679,33.066088144161895,0.7477163583466933,20.0,0.0
140.85,25.99888109043767,-43.58197889153999,31.32631865061875,33.066086497642154,33.06608824167951,0.7477162250416427,20.0,0.0
140.9,26.767679180792552,-43.11405849631588,32.34246034885553,33.06608662221625,33.06608833759612,0.7477160939246801,20.0,0.0
140.95000000000002,27.528058227195608,-42.632577753407936,33.35860205192419,33.06608674474339,33.06608843193806,0.7477159649598946,20.0,0.0
141.0,28.279779073187562,-42.13768809934237,34.37474375974531,33.06608686525729,33.06608852473122,0.7477158381119366,20.0,0.0
141.05,29.02260528550645,-41.629545188054635,35.3908854722408,33.066086983791145,33.066088616001075,0.7477157133460537,20.0,0.0
141.1,29.756303228451344,-41.10830884193281,36.40702718933387,33.06608710037757,33.06608870577269,0.7477155906280686,20.0,0.0
141.15,30.480642137366203,-40.57414300154985,37.423168910948995,33.066087215048654,33.066088794070694,0.7477154699243656,20.0,0.0
141.20000000000002,31.1953941912207,-40.0272156741006,38.439310637011864,33.066087327835945,33.06608888091929,0.747715351201883,20.0,0.0
141.25,31.90033458426522,-39.46769888055975,39.455452367449425,33.06608743877047,33.06608896634233,0.7477152344280924,20.0,0.0
141.3,32.59524159673748,-38.89576860157735,40.47159410218982,33.06608754788274,33.06608905036323,0.747715119571005,20.0,0.0
141.35,33.279896664598525,-38.31160472212897,41.487735841162355,33.06608765520278,33.06608913300505,0.7477150065991722,20.0,0.0
141.4,33.954084448276205,-37.71539097493776,42.5038775842975,33.066087760760084,33.066089214290464,0.7477148954816357,20.0,0.0
141.45000000000002,34.61759290039444,-37.107314882686424,43.52001933152691,33.06608786458368,33.06608929424173,0.74771478618797,20.0,0.0
141.5,35.27021333246707,-36.487567699037044,44.53616108278334,33.06608796670211,33.066089372880825,0.7477146786882329,20.0,0.0
141.55,35.91174048053519,-35.85634434847752,45.55230283800065,33.06608806714345,33.06608945022925,0.7477145729529937,20.0,0.0
141.6,36.54197256972744,-35.213843365013396,46.56844459711378,33.06608816593529,33.06608952630825,0.7477144689532835,20.0,0.0
141.65,37.1607113777229,-34.560266829724405,47.58458636005874,33.06608826310479,33.06608960113867,0.7477143666606239,20.0,0.0
141.70000000000002,37.76776229709658,-33.895820307205426,48.600728126772644,33.06608835867864,33.066089674741036,0.747714266046998,20.0,0.0
141.75,38.36293439652801,-33.22071278091174,49.61686989719354,33.06608845268309,33.06608974713551,0.7477141670848511,20.0,0.0
141.8,38.94604048085353,-32.53515658742899,50.633011671260626,33.066088545143984,33.06608981834192,0.747714069747083,20.0,0.0
141.85,39.51689714994355,-31.839367349688537,51.64915344891395,33.0660886360867,33.0660898883798,0.7477139740070413,20.0,0.0
141.9,40.07532485638614,-31.13356390914912,52.665295230094685,33.0660887255362,33.06608995726833,0.7477138798384999,20.0,0.0
141.95000000000002,40.62114796195883,-30.417968256966283,53.68143701474493,33.06608881351707,33.06609002502639,0.7477137872156803,20.0,0.0
142.0,41.15419479287097,-29.692805464171087,54.69757880280767,33.066088900053444,33.06609009167254,0.7477136961132089,20.0,0.0
142.05,41.67429769375907,-28.95830361088018,55.71372059422695,33.066088985169095,33.06609015722501,0.7477136065061458,20.0,0.0
142.1,42.18129308041836,-28.2146937145594,56.72986238894759,33.06608906888738,33.06609022170181,0.7477135183699417,20.0,0.0
142.15,42.675021491253766,-27.46220965736354,57.74600418691539,33.06608915123126,33.06609028512059,0.7477134316804666,20.0,0.0
142.20000000000002,43.155327637434354,-26.701088112575093,58.76214598807709,33.066089232223355,33.066090347498694,0.7477133464139882,20.0,0.0
142.25,43.62206045173522,-25.93156847016511,59.778287792380205,33.06608931188588,33.06609040885324,0.7477132625471441,20.0,0.0
142.3,44.0750731360517,-25.153892761499616,60.794429599773245,33.06608939024069,33.06609046920097,0.7477131800569836,20.0,0.0
142.35,44.514223207570744,-24.368305583215232,61.81057141020541,33.06608946730928,33.06609052855849,0.7477130989209044,20.0,0.0
142.4,44.93937254358511,-23.57505402028797,62.826713223626854,33.0660895431128,33.066090586941996,0.7477130191167021,20.0,0.0
142.45000000000002,45.350387424936144,-22.774387568319362,63.84285503998849,33.06608961767203,33.0660906443675,0.7477129406225131,20.0,0.0
142.5,45.747138578071606,-21.966558055064443,64.85899685924205,33.06608969100742,33.06609070085072,0.7477128634168508,20.0,0.0
142.55,46.12950121570519,-21.151819561226148,65.87513868134009,33.06608976313909,33.066090756407114,0.7477127874785694,20.0,0.0
142.6,46.497355076065034,-20.330428340541168,66.8912805062359,33.0660898340868,33.0660908110519,0.7477127127868712,20.0,0.0
142.65,46.85058446071886,-19.502642739182292,67.90742233388357,33.06608990387003,33.06609086480004,0.7477126393213069,20.0,0.0
142.70000000000002,47.18907827096385,-18.66872311450265,68.92356416423793,33.06608997250788,33.06609091766623,0.747712567061761,20.0,0.0
142.75,47.51273004276973,-17.828931753147394,69.93970599725453,33.0660900400192,33.066090969664984,0.7477124959884378,20.0,0.0
142.8,47.821437980264264,-16.98353278855856,70.95584783288972,33.066090106422465,33.0660910208105,0.7477124260818755,20.0,0.0
142.85,48.11510498775037,-16.132792117899072,71.97198967110045,33.066090171735894,33.06609107111678,0.7477123573229392,20.0,0.0
142.9,48.39363870024505,-15.276977318422029,72.98813151184453,33.06609023597739,33.06609112059761,0.7477122896927852,20.0,0.0
142.95000000000002,48.65695151253029,-14.41635756331154,74.00427335508033,33.06609029916454,33.06609116926655,0.7477122231729112,20.0,0.0
143.0,48.904960606706986,-13.551203537021621,75.02041520076699,33.06609036131469,33.06609121713685,0.7477121577450987,20.0,0.0
143.05,49.13758797824309,-12.681787350139757,76.03655704886427,33.066090422444844,33.066091264221676,0.7477120933914065,20.0,0.0
143.1,49.354760460507904,-11.808382453801903,77.0526988993326,33.06609048257176,33.06609131053391,0.7477120300942346,20.0,0.0
143.15,49.556409747784684,-10.931263553685865,78.06884075213307,33.066090541711915,33.0660913560862,0.7477119678362456,20.0,0.0
143.20000000000002,49.74247241675439,-10.05070652361009,79.0849826072274,33.066090599881505,33.06609140089103,0.7477119066003795,20.0,0.0
143.25,49.91288994644383,-9.166988318765046,80.10112446457795,33.066090657096474,33.066091444960676,0.7477118463698673,20.0,0.0
143.3,50.06760873663191,-8.280386888604493,81.1172663241477,33.06609071337249,33.06609148830717,0.7477117871282246,20.0,0.0
143.35,50.20658012470812,-7.391181089424027,82.1334081859003,33.06609076872497,33.06609153094234,0.7477117288592225,20.0,0.0
143.4,50.32976040097813,-6.499650596654406,83.14955004979983,33.06609082316906,33.06609157287792,0.7477116715468881,20.0,0.0
143.45000000000002,50.43711082241153,-5.606075816897238,84.16569191581104,33.0660908767197,33.066091614125355,0.7477116151755396,20.0,0.0
143.5,50.52859762482743,-4.710737799730696,85.18183378389935,33.06609092939153,33.066091654695974,0.747711559729737,20.0,0.0
143.55,50.60419203351408,-3.8139181493130017,86.19797565403063,33.06609098119898,33.0660916946008,0.7477115051942889,20.0,0.0
143.6,50.66387027227929,-2.9158989358114846,87.21411752617142,33.06609103215625,33.0660917338508,0.7477114515542667,20.0,0.0
143.65,50.70761357092856,-2.016962606685066,88.23025940028867,33.06609108227729,33.066091772456716,0.7477113987949622,20.0,0.0
143.70000000000002,50.73540817116881,-1.117391897848076,89.24640127634999,33.06609113157582,33.0660918104291,0.7477113469019301,20.0,0.0
143.75,50.747245330935705,-0.21746974474334602,90.26254315432345,33.06609118006534,33.06609184777832,0.7477112958609666,20.0,0.0
143.8,50.74312132714329,0.6825208066474562,91.27868503417767,33.066091227759124,33.06609188451466,0.7477112456580741,20.0,0.0
143.85,50.72303745685501,1.5822966888282597,92.2948269158818,33.066091274670235,33.066091920648105,0.7477111962795178,20.0,0.0
143.9,50.68700003687579,2.4815749018197906,93.31096879940546,33.066091320811516,33.06609195618861,0.7477111477117546,20.0,0.0
143.95000000000002,50.635020401765296,3.3800726021695358,94.32711068471878,33.06609136619559,33.06609199114587,0.7477110999414904,20.0,0.0
144.0,50.56711490027301,4.277507191912477,95.34325257179239,33.0660914108349,33.066092025529464,0.747711052955637,20.0,0.0
144.05,50.483304890196194,5.173596407454615,96.35939446059746,33.06609145474165,33.066092059348755,0.7477110067413193,20.0,0.0
144.1,50.38361673166241,6.068058408351323,97.37553635110557,33.06609149792788,33.06609209261302,0.7477109612858825,20.0,0.0
144.15,50.26808177883869,6.960611865952616,98.39167824328872,33.06609154040539,33.06609212533136,0.7477109165768638,20.0,0.0
144.20000000000002,50.136736370070004,7.850976051887443,99.40782013711947,33.06609158218581,33.06609215751273,0.7477108726020347,20.0,0.0
144.25,49.98962181644999,8.738870926359182,100.42396203257071,33.06609162328059,33.066092189165964,0.7477108293493231,20.0,0.0
144.3,49.826784388827754,9.624017226224563,101.4401039296159,33.06609166370097,33.06609222029969,0.7477107868068913,20.0,0.0
144.35,49.64827530325466,10.506136552828314,102.45624582822889,33.06609170345802,33.06609225092245,0.7477107449630793,20.0,0.0
144.4,49.4541507048757,11.38495145956591,103.47238772838394,33.06609174256263,33.06609228104259,0.7477107038064332,20.0,0.0
144.45000000000002,49.24447165027066,12.260185539146873,104.48852963005575,33.06609178102548,33.06609231066839,0.7477106633256625,20.0,0.0
144.5,49.0193040882504,13.131563510531192,105.50467153321941,33.06609181885712,33.06609233980793,0.7477106235096755,20.0,0.0
144.55,48.77871883911452,13.998811305511511,106.52081343785045,33.066091856067885,33.0660923684692,0.7477105843475726,20.0,0.0
144.6,48.52279157237675,14.861656154913844,107.5369553439248,33.06609189266798,33.06609239666003,0.7477105458286104,20.0,0.0
144.65,48.251602782965215,15.719826674389727,108.55309725141875,33.06609192866741,33.06609242438816,0.7477105079422373,20.0,0.0
144.70000000000002,47.965237765904966,16.57305294977281,109.56923916030904,33.06609196407604,33.066092451661156,0.7477104706780793,20.0,0.0
144.75,47.66378658949077,17.421066621973026,110.58538107057271,33.066091998903545,33.06609247848647,0.7477104340259118,20.0,0.0
144.8,47.34734406695858,18.263600971381678,111.60152298218723,33.066092033159464,33.06609250487148,0.7477103979757018,20.0,0.0
144.85,47.016009726664656,19.10039100176086,112.61766489513046,33.06609206685318,33.06609253082337,0.7477103625175658,20.0,0.0
144.9,46.66988778078165,19.931173523590825,113.63380680938057,33.06609209999392,33.06609255634926,0.7477103276417836,20.0,0.0
144.95000000000002,46.30908709252151,20.755687236849134,114.64994872491613,33.066092132590725,33.06609258145615,0.7477102933387911,20.0,0.0
145.0,45.93372114189553,21.573672813195476,115.66609064171598,33.06609216465254,33.06609260615093,0.7477102595992022,20.0,0.0
145.05,45.54390799002235,22.384872977536368,116.68223255975944,33.066092196188144,33.06609263044028,0.7477102264137585,20.0,0.0
145.1,45.13977024199501,23.189032588944073,117.69837447902607,33.06609222720615,33.066092654330944,0.7477101937733579,20.0,0.0
145.15,44.72143500831893,23.985898720904252,118.71451639949582,33.06609225771506,33.06609267782939,0.7477101616690689,20.0,0.0
145.20000000000002,44.28903386493272,24.77522074086714,119.7306583211489,33.06609228772323,33.06609270094209,0.7477101300920808,20.0,0.0
145.25,43.842702811824594,25.556750389077234,120.74680024396588,33.06609231723886,33.06609272367537,0.7477100990337462,20.0,0.0
145.3,43.382582230257285,26.33024185665665,121.76294216792773,33.06609234627005,33.06609274603543,0.7477100684855387,20.0,0.0
145.35,42.90881683861494,27.095451862917656,122.77908409301558,33.06609237482471,33.066092768028426,0.7477100384391022,20.0,0.0
145.4,42.421555646885906,27.85213973188002,123.795226019211,33.06609240291069,33.06609278966032,0.7477100088861874,20.0,0.0
145.45000000000002,41.92095190979572,28.6000674679691,124.81136794649578,33.06609243053567,33.066092810937114,0.7477099798186941,20.0,0.0
145.5,41.40716307860499,29.338999830870918,125.82750987485208,33.0660924577072,33.066092831864566,0.7477099512286571,20.0,0.0
145.55,40.880350751587414,30.06870440952061,126.84365180426224,33.06609248443272,33.06609285244846,0.747709923108232,20.0,0.0
145.6,40.34068062320345,30.788951695201042,127.859793734709,33.066092510719564,33.06609287269439,0.7477098954497166,20.0,0.0
145.65,39.78832243198562,31.499515153728545,128.87593566617537,33.06609253657491,33.066092892607884,0.7477098682455292,20.0,0.0
145.70000000000002,39.22344990715191,32.20017129670311,129.89207759864456,33.066092562005835,33.0660929121945,0.7477098414881951,20.0,0.0
145.75,38.64624071396397,32.8906997518006,130.9082195321002,33.06609258701931,33.066092931459465,0.7477098151704027,20.0,0.0
145.8,38.056876397847326,33.57088333208489,131.924361466526,33.06609261162218,33.06609295040813,0.7477097892849116,20.0,0.0
145.85,37.45554232729124,34.24050810431815,132.94050340190608,33.06609263582118,33.06609296904566,0.7477097638246377,20.0,0.0
145.9,36.842427635546095,34.89936345624774,133.95664533822477,33.06609265962293,33.066092987377196,0.7477097387826035,20.0,0.0
145.95000000000002,36.21772516113668,35.547242162848555,134.97278727546663,33.06609268303395,33.066093005407716,0.747709714151938,20.0,0.0
146.0,35.58163138721006,36.18394045150009,135.9889292136166,33.066092706060644,33.06609302314216,0.7477096899258768,20.0,0.0
146.05,34.93434637973721,36.809258066077575,137.00507115265967,33.06609272870932,33.06609304058541,0.7477096660977907,20.0,0.0
146.1,34.27607372458765,37.422998329937094,138.02121309258118,33.066092750986186,33.066093057742236,0.7477096426611354,20.0,0.0
146.15,33.60702046349709,38.024968207774926,139.03735503336677,33.066092772897335,33.066093074617335,0.7477096196094948,20.0,0.0
146.20000000000002,32.927397028948086,38.614978366341546,140.05349697500222,33.06609279444876,33.066093091215315,0.7477095969365379,20.0,0.0
146.25,32.2374171779842,39.19284323399129,141.06963891747355,33.06609281564637,33.06609310754076,0.7477095746360547,20.0,0.0
146.3,31.537297924978574,39.758381059048865,142.0857808607672,33.06609283649597,33.066093123598066,0.7477095527019202,20.0,0.0
146.35,30.827259473377957,40.31141396697442,143.10192280486945,33.06609285700326,33.066093139391704,0.7477095311281161,20.0,0.0
146.4,30.10752514644369,40.85176801630919,144.11806474976714,33.06609287717386,33.06609315492598,0.7477095099087379,20.0,0.0
146.45000000000002,29.37832131701147,41.37927325338402,145.13420669544718,33.0660928970133,33.06609317020516,0.7477094890379519,20.0,0.0
146.5,28.639877336291907,41.89376376577375,146.15034864189676,33.066092916527,33.06609318523339,0.7477094685100454,20.0,0.0
146.55,27.892425461734373,42.39507773448041,147.16649058910323,33.06609293572031,33.066093200014826,0.7477094483193838,20.0,0.0
146.6,27.136200783976715,42.88305748482905,148.18263253705408,33.06609295459849,33.066093214553526,0.747709428460432,20.0,0.0
146.65,26.371441152903905,43.35754953606003,149.19877448573723,33.06609297316671,33.066093228853426,0.7477094089277401,20.0,0.0
146.70000000000002,25.598387102838817,43.81840464960219,150.21491643514057,33.06609299143005,33.06609324291849,0.7477093897159435,20.0,0.0
146.75,24.817281776888706,44.265477876011886,151.23105838525225,33.066093009393505,33.06609325675255,0.7477093708197842,20.0,0.0
146.8,24.02837085047116,44.69862860056283,152.24720033606073,33.06609302706201,33.0660932703594,0.7477093522340681,20.0,0.0
146.85,23.231902454043563,45.11772058747269,153.26334228755448,33.06609304444039,33.0660932837428,0.7477093339537078,20.0,0.0
146.9,22.42812709506043,45.52262202275236,154.27948423972228,33.06609306153342,33.066093296906374,0.7477093159736796,20.0,0.0
146.95000000000002,21.61729757918308,45.91320555566447,155.2956261925531,33.06609307834578,33.066093309853755,0.7477092982890525,20.0,0.0
147.0,20.799668930766504,46.28934833877812,156.31176814603597,33.066093094882056,33.06609332258847,0.7477092808949735,20.0,0.0
147.05,19.97549831264838,46.650932066607226,157.32791010016027,33.066093111146806,33.06609333511402,0.7477092637866818,20.0,0.0
147.1,19.1450449452655,46.997843012820276,158.3440520549154,33.06609312714446,33.06609334743384,0.7477092469594666,20.0,0.0
147.15,18.308570025123025,47.3299720660099,159.3601940102911,33.06609314287942,33.06609335955127,0.7477092304087236,20.0,0.0
147.20000000000002,17.46633664264223,47.64721476401091,160.37633596627714,33.066093158355976,33.06609337146967,0.7477092141299124,20.0,0.0
147.25,16.618609699412563,47.94947132675602,161.3924779228634,33.06609317357839,33.06609338319231,0.7477091981185566,20.0,0.0
147.3,15.765655824874056,48.23664668765899,162.40861988004013,33.06609318855081,33.06609339472241,0.7477091823702722,20.0,0.0
147.35,14.90774329245628,48.50865052351524,163.42476183779758,33.06609320327735,33.066093406063096,0.7477091668807319,20.0,0.0
147.4,14.045141935200226,48.76539728291059,164.4409037961262,33.066093217762045,33.06609341721752,0.7477091516456866,20.0,0.0
147.45000000000002,13.178123060889668,49.00680621312912,165.45704575501665,33.06609323200886,33.066093428188715,0.7477091366609656,20.0,0.0
147.5,12.306959366718667,49.23280138555175,166.47318771445973,33.06609324602171,33.06609343897967,0.7477091219224477,20.0,0.0
147.55,11.431924853522084,49.44331171953757,167.4893296744463,33.06609325980442,33.06609344959338,0.7477091074260898,20.0,0.0
147.6,10.553294739596065,49.638271004780286,168.5054716349675,33.06609327336078,33.06609346003272,0.7477090931679129,20.0,0.0
147.65,9.67134537413561,49.81761792213294,169.52161359601445,33.06609328669449,33.066093470300586,0.7477090791440091,20.0,0.0
147.70000000000002,8.786354150316438,49.98129606289414,170.5377555575786,33.06609329980921,33.06609348039979,0.7477090653505272,20.0,0.0
147.75,7.8985994180485095,50.12925394654992,171.55389751965143,33.06609331270854,33.06609349033308,0.74770905178368,20.0,0.0
147.8,7.008360396428628,50.26144503696557,172.5700394822246,33.066093325396004,33.06609350010319,0.7477090384397584,20.0,0.0
147.85,6.115917085919659,50.37782775702225,173.58618144528984,33.06609333787509,33.06609350971282,0.747709025315082,20.0,0.0
147.9,5.221550180283996,50.47836550169404,174.60232340883917,33.06609335014921,33.066093519164546,0.7477090124060553,20.0,0.0
147.95000000000002,4.325540978298967,50.56302664956101,175.61846537286453,33.066093362221736,33.06609352846099,0.7477089997091468,20.0,0.0
148.0,3.4281712952819494,50.631784572754896,176.6346073373582,33.06609337409597,33.06609353760472,0.7477089872208467,20.0,0.0
148.05,2.5297233744530185,50.68461764533421,177.65074930231242,33.06609338577516,33.06609354659826,0.7477089749377512,20.0,0.0
148.1,1.6304797981630164,50.721509250086065,178.66689126771962,33.06609339726253,33.06609355544402,0.7477089628564784,20.0,0.0
148.15,0.730723399014952,50.74244778375271,179.6830332335724,33.06609340856121,33.06609356414447,0.7477089509737169,20.0,0.0
148.20000000000002,-0.16926282909330803,50.747426660681,-179.3008248001366,33.066093419674296,33.06609357270196,0.7477089392862126,20.0,0.0
148.25,-1.0691958199770792,50.73644431489376,-178.2846828334146,33.066093430604845,33.0660935811189,0.7477089277907396,20.0,0.0
148.3,-1.9687925241956346,50.70950420058233,-177.26854086626855,33.06609344135585,33.066093589397525,0.7477089164841573,20.0,0.0
148.35,-2.867769998077715,50.66661479102014,-176.25239889870556,33.06609345193025,33.06609359754016,0.7477089053633534,20.0,0.0
148.4,-3.7658454927137717,50.60778957589769,-175.2362569307324,33.066093462330954,33.066093605549014,0.747708894425287,20.0,0.0
148.45000000000002,-4.662736542886951,50.53304705707975,-174.2201149623558,33.066093472560816,33.066093613426254,0.7477088836669523,20.0,0.0
148.5,-5.558161055914855,50.44241074278608,-173.20397299358245,33.066093482622634,33.0660936211741,0.7477088730853865,20.0,0.0
148.55,-6.451837400374128,50.335909140197614,-172.1878310244188,33.066093492519165,33.06609362879466,0.7477088626776904,20.0,0.0
148.6,-7.343484494679965,50.213575746490264,-171.17168905487134,33.06609350225313,33.06609363629,0.7477088524410149,20.0,0.0
148.65,-8.232821895492691,50.075449038299325,-170.1555470849463,33.06609351182719,33.0660936436622,0.7477088423725462,20.0,0.0
148.70000000000002,-9.119569885923589,49.9215724596177,-169.13940511464992,33.066093521243985,33.06609365091327,0.7477088324695202,20.0,0.0
148.75,-10.00344956351225,49.75199440813177,-168.12326314398825,33.06609353050607,33.06609365804519,0.7477088227292157,20.0,0.0
148.8,-10.88418292794776,49.56676821999924,-167.10712117296737,33.06609353961601,33.06609366505994,0.7477088131489538,20.0,0.0
148.85,-11.761492968506147,49.3659521530737,-166.09097920159311,33.06609354857629,33.06609367195942,0.7477088037261197,20.0,0.0
148.9,-12.635103751176572,49.1496093685812,-165.07483722987135,33.06609355738937,33.06609367874558,0.7477087944581129,20.0,0.0
148.95000000000002,-13.504740505448883,48.917807911254634,-164.05869525780776,33.066093566057674,33.066093685420206,0.7477087853423967,20.0,0.0
149.0,-14.370129710735204,48.67062068793209,-163.0425532854079,33.06609357458357,33.066093691985174,0.7477087763764771,20.0,0.0
149.05,-15.230999182398412,48.40812544462602,-162.0264113126774,33.0660935829694,33.06609369844227,0.7477087675578744,20.0,0.0
149.1,-16.08707815736041,48.130404742070354,-161.01026933962163,33.06609359121747,33.066093704793275,0.7477087588841869,20.0,0.0
149.15,-16.9380973792633,47.83754592975323,-159.99412736624592,33.066093599330024,33.066093711039905,0.74770875035302,20.0,0.0
149.20000000000002,-17.783789183156667,47.52964111844366,-158.97798539255555,33.066093607309305,33.06609371718392,0.7477087419620361,20.0,0.0
149.25,-18.62388757968429,47.206787151220524,-157.96184341855567,33.066093615157484,33.06609372322697,0.747708733708933,20.0,0.0
149.3,-19.45812833874389,46.86908557301329,-156.9457014442514,33.066093622876735,33.06609372917074,0.7477087255914441,20.0,0.0
149.35,-20.28624907259352,46.51664259866375,-155.92955946964773,33.06609363046917,33.066093735016814,0.7477087176073454,20.0,0.0
149.4,-21.1079893183785,46.1495690795191,-154.91341749474955,33.06609363793685,33.066093740766824,0.7477087097544342,20.0,0.0
149.45000000000002,-21.923090620052935,45.76798046856662,-153.89727551956176,33.06609364528185,33.066093746422396,0.7477087020305646,20.0,0.0
149.5,-22.731296609670036,45.37199678412111,-152.88113354408904,33.066093652506176,33.06609375198502,0.7477086944336122,20.0,0.0
149.55,-23.532353088015697,44.961742572076375,-151.86499156833614,33.06609365961181,33.06609375745623,0.7477086869614951,20.0,0.0
149.6,-24.32600810455995,44.53734686673272,-150.84884959230763,33.06609366660069,33.06609376283756,0.7477086796121597,20.0,0.0
149.65,-25.11201203670116,44.098943150212705,-149.83270761600804,33.06609367347476,33.06609376813045,0.7477086723835811,20.0,0.0
149.70000000000002,-25.890117668278023,43.646669310478,-148.8165656394418,33.06609368023588,33.06609377333637,0.747708665273791,20.0,0.0
149.75,-26.660080267324712,43.18066759796048,-147.80042366261333,33.066093686885914,33.06609377845675,0.7477086582808212,20.0,0.0
149.8,-27.421657663044652,42.701084580821174,-146.78428168552693,33.06609369342669,33.066093783492974,0.7477086514027675,20.0,0.0
149.85,-28.17461032197876,42.208071098851306,-145.76813970818685,33.06609369986,33.06609378844647,0.7477086446377328,20.0,0.0
149.9,-28.918701423344213,41.7017822160297,-144.75199773059722,33.0660937061876,33.06609379331855,0.7477086379838553,20.0,0.0
149.95000000000002,-29.653696933519957,41.18237717175163,-143.73585575276218,33.06609371241124,33.06609379811059,0.7477086314393233,20.0,0.0
150.0,-30.37936567965565,40.65001933074443,-142.71971377468572,33.06609371853263,33.06609380282388,0.7477086250023248,20.0,0.0
150.05,-31.095479422380787,40.10487613168551,-141.70357179637182,33.066093724553426,33.06609380745971,0.7477086186710977,20.0,0.0
150.1,-31.801812927591207,39.54711903453912,-140.6874298178244,33.0660937304753,33.06609381201936,0.7477086124439083,20.0,0.0
150.15,-32.498144037290345,38.97692346662828,-139.67128783904732,33.06609373629988,33.06609381650409,0.7477086063190441,20.0,0.0
150.20000000000002,-33.184253739463,38.394468767458854,-138.65514586004429,33.06609374202875,33.06609382091514,0.7477086002948283,20.0,0.0
150.25,-33.85992623695963,37.799938132313216,-137.63900388081908,33.066093747663494,33.06609382525369,0.7477085943695982,20.0,0.0
150.3,-34.52494901536945,37.193518554631154,-136.62286190137527,33.06609375320565,33.06609382952096,0.7477085885417267,20.0,0.0
150.35,-35.1791129098611,36.575400767196165,-135.60671992171652,33.06609375865674,33.066093833718085,0.7477085828096222,20.0,0.0
150.4,-35.82221217096973,35.94577918214564,-134.59057794184636,33.06609376401827,33.06609383784626,0.7477085771717071,20.0,0.0
150.45000000000002,-36.45404452930994,35.30485182982383,-133.57443596176822,33.0660937692917,33.0660938419066,0.7477085716264327,20.0,0.0
150.5,-37.074411259194086,34.65282029649676,-132.55829398148555,33.066093774478475,33.06609384590023,0.7477085661722782,20.0,0.0
150.55,-37.683117241136074,33.98988966094879,-131.54215200100168,33.06609377958003,33.066093849828206,0.7477085608077516,20.0,0.0
150.6,-38.27997102322087,33.31626842998061,-130.52601002031994,33.066093784597754,33.06609385369165,0.7477085555313678,20.0,0.0
150.65,-38.864784881320496,32.63216847282915,-129.50986803944357,33.066093789533035,33.06609385749157,0.7477085503416916,20.0,0.0
150.70000000000002,-39.4373748781376,31.93780495452984,-128.49372605837578,33.066093794387214,33.066093861229085,0.7477085452372876,20.0,0.0
150.75,-39.99756092105787,31.233396268242313,-127.47758407711974,33.066093799161635,33.066093864905184,0.747708540216756,20.0,0.0
150.8,-40.545166818793334,30.519163966560757,-126.4614420956785,33.066093803857605,33.06609386852088,0.7477085352787185,20.0,0.0
150.85,-41.080020336798505,29.7953326918306,-125.44530011405513,33.06609380847641,33.06609387207714,0.747708530421825,20.0,0.0
150.9,-41.6019532514421,29.06213010549334,-124.42915813225258,33.066093813019314,33.066093875574964,0.7477085256447396,20.0,0.0
150.95000000000002,-42.110801402917176,28.31978681648185,-123.41301615027383,33.06609381748758,33.06609387901533,0.7477085209461478,20.0,0.0
151.0,-42.6064047468732,27.568536308688607,-122.39687416812178,33.06609382188242,33.06609388239914,0.7477085163247708,20.0,0.0
151.05,-43.0886074047536,26.808614867529666,-121.38073218579925,33.06609382620504,33.06609388572735,0.7477085117793223,20.0,0.0
151.1,-43.55725771282315,26.040261505627527,-120.36459020330908,33.06609383045663,33.066093889000854,0.7477085073085732,20.0,0.0
151.15,-44.012208269869674,25.263717887636197,-119.34844822065398,33.06609383463836,33.066093892220586,0.74770850291128,20.0,0.0
151.20000000000002,-44.4533159835651,24.47922825423216,-118.33230623783669,33.06609383875138,33.0660938953874,0.7477084985862419,20.0,0.0
151.25,-44.88044211547125,23.6870393452951,-117.31616425485988,33.06609384279681,33.06609389850218,0.7477084943322652,20.0,0.0
151.3,-45.293452324676274,22.88740032230259,-116.30002227172616,33.066093846775765,33.066093901565765,0.7477084901481987,20.0,0.0
151.35,-45.692216710047916,22.08056268996311,-115.2838802884381,33.066093850689334,33.06609390457902,0.7477084860328702,20.0,0.0
151.4,-46.07660985109038,21.2667802171121,-114.26773830499823,33.06609385453859,33.06609390754275,0.7477084819851711,20.0,0.0
151.45000000000002,-46.44651084739196,20.446308856895854,-113.25159632140908,33.06609385832461,33.06609391045779,0.7477084780039789,20.0,0.0
151.5,-46.80180335665097,19.61940666626843,-112.23545433767308,33.066093862048405,33.06609391332491,0.7477084740882063,20.0,0.0
151.55,-47.14237563126805,18.786333724826836,-111.21931235379265,33.06609386571101,33.06609391614492,0.7477084702367804,20.0,0.0
151.6,-47.46812055349335,17.947352053010082,-110.20317036977015,33.066093869313434,33.06609391891859,0.7477084664486426,20.0,0.0
151.65,-47.77893566911749,17.10272552968776,-109.18702838560792,33.06609387285666,33.0660939216467,0.7477084627227342,20.0,0.0
151.70000000000002,-48.07472321969578,16.25271980916413,-108.17088640130827,33.06609387634167,33.066093924329955,0.7477084590580532,20.0,0.0
151.75,-48.35539017329546,15.397602237623776,-107.15474441687343,33.066093879769404,33.06609392696911,0.7477084554535907,20.0,0.0
151.8,-48.620848253756385,14.53764176904513,-106.13860243230565,33.06609388314081,33.06609392956494,0.747708451908359,20.0,0.0
151.85,-48.87101396845586,13.673108880608318,-105.12246044760708,33.06609388645682,33.066093932118065,0.7477084484213705,20.0,0.0
151.9,-49.10580863456903,12.804275487623904,-104.10631846277992,33.06609388971834,33.066093934629265,0.7477084449916873,20.0,0.0
151.95000000000002,-49.325158403816374,11.931414858009338,-103.09017647782625,33.06609389292626,33.0660939370992,0.7477084416183573,20.0,0.0
152.0,-49.52899428569071,11.054801526339947,-102.07403449274815,33.066093896081476,33.06609393952853,0.7477084383004495,20.0,0.0
152.05,-49.717252169156275,10.174711207501554,-101.05789250754768,33.066093899184835,33.06609394191795,0.7477084350370617,20.0,0.0
152.1,-49.88987284281311,9.291420709971858,-100.04175052222682,33.0660939022372,33.06609394426808,0.7477084318272986,20.0,0.0
152.15,-50.04680201352041,8.40520784875785,-99.02560853678759,33.06609390523941,33.066093946579635,0.747708428670272,20.0,0.0
152.20000000000002,-50.187990323472945,7.516351358016657,-98.0094665512319,33.06609390819228,33.0660939488532,0.747708425565115,20.0,0.0
152.25,-50.31339336572521,6.6251308033872895,-96.99332456556166,33.06609391109663,33.06609395108938,0.7477084225109891,20.0,0.0
152.3,-50.42297169815845,5.73182649406087,-95.9771825797788,33.06609391395325,33.06609395328883,0.7477084195070418,20.0,0.0
152.35,-50.51669085588608,4.836719394616997,-94.96104059388512,33.06609391676294,33.06609395545212,0.7477084165524559,20.0,0.0
152.4,-50.59452136209372,3.9400910366539765,-93.94489860788245,33.06609391952645,33.06609395757988,0.7477084136464143,20.0,0.0
152.45000000000002,-50.65643873731028,3.0422234302407083,-92.92875662177262,33.066093922244555,33.06609395967266,0.7477084107881211,20.0,0.0
152.5,-50.702423507107355,2.143398975218088,-91.91261463555735,33.066093924917986,33.066093961731056,0.7477084079767948,20.0,0.0
152.55,-50.73246120822435,1.243900372377813,-90.89647264923839,33.06609392754749,33.066093963755634,0.7477084052116609,20.0,0.0
152.6,-50.74654239311752,0.34401053454653474,-89.88033066281743,33.06609393013378,33.06609396574694,0.7477084024919591,20.0,0.0
152.65,-50.74466263293145,-0.5559875023966815,-88.86418867629617,33.06609393267758,33.06609396770553,0.7477083998169434,20.0,0.0
152.70000000000002,-50.72682251889202,-1.4558106685415968,-87.84804668967622,33.06609393517957,33.066093969631936,0.7477083971858818,20.0,0.0
152.75,-50.69302766212045,-2.3551759489787445,-86.83190470295924,33.06609393764046,33.066093971526676,0.7477083945980496,20.0,0.0
152.8,-50.643288691868484,-3.253800472814075,-85.8157627161468,33.0660939400609,33.06609397339029,0.7477083920527363,20.0,0.0
152.85,-50.577621252175256,-4.151401602138307,-84.79962072924049,33.066093942441576,33.06609397522329,0.7477083895492456,20.0,0.0
152.9,-50.49604599694687,-5.047697020922998,-83.78347874224184,33.06609394478313,33.06609397702614,0.7477083870868881,20.0,0.0
152.95000000000002,-50.39858858346028,-5.942404823815375,-82.76733675515236,33.066093947086195,33.06609397879938,0.747708384664989,20.0,0.0
153.0,-50.28527966429351,-6.835243604804003,-81.75119476797356,33.066093949351426,33.0660939805435,0.7477083822828874,20.0,0.0
153.05,-50.1561548776847,-7.725932545727392,-80.7350527807069,33.06609395157943,33.06609398225894,0.7477083799399225,20.0,0.0
153.1,-50.011254836323076,-8.61419150459772,-79.71891079335381,33.066093953770824,33.066093983946196,0.7477083776354547,20.0,0.0
153.15,-49.85062511457534,-9.499741103711877,-78.70276880591574,33.06609395592621,33.06609398560574,0.7477083753688518,20.0,0.0
153.20000000000002,-49.67431623415147,-10.382302817522126,-77.68662681839405,33.06609395804618,33.066093987238,0.7477083731394885,20.0,0.0
153.25,-49.482383648214544,-11.261599060238744,-76.67048483079014,33.066093960131305,33.066093988843434,0.7477083709467607,20.0,0.0
153.3,-49.27488772393939,-12.13735327313709,-75.65434284310535,33.06609396218217,33.066093990422495,0.7477083687900574,20.0,0.0
153.35,-49.051893723525794,-13.009290011541626,-74.63820085534103,33.06609396419934,33.066093991975606,0.747708366668796,20.0,0.0
153.4,-48.813471783672,-13.877135031459558,-73.62205886749845,33.06609396618335,33.0660939935032,0.7477083645823797,20.0,0.0
153.45000000000002,-48.55969689351516,-14.740615375836823,-72.60591687957891,33.06609396813477,33.06609399500568,0.7477083625302541,20.0,0.0
153.5,-48.29064887104551,-15.59945946040932,-71.5897748915837,33.06609397005412,33.06609399648349,0.7477083605118366,20.0,0.0
153.55,-48.00641233800182,-16.45339715912235,-70.57363290351404,33.06609397194193,33.06609399793701,0.7477083585265873,20.0,0.0
153.60000000000002,-47.707076693255914,-17.30215988909142,-69.55749091537116,33.06609397379872,33.06609399936665,0.747708356573952,20.0,0.0
153.65,-47.392736084694675,-18.1454806950777,-68.54134892715626,33.066093975625,33.066094000772814,0.7477083546533976,20.0,0.0
153.70000000000002,-47.06348937960842,-18.98309433345153,-67.52520693887053,33.066093977421275,33.06609400215585,0.7477083527644055,20.0,0.0
153.75,-46.719440133594844,-19.814737355617584,-66.50906495051511,33.066093979188025,33.066094003516156,0.7477083509064428,20.0,0.0
153.8,-46.36069655798846,-20.640148190875486,-65.49292296209117,33.06609398092575,33.06609400485412,0.7477083490790122,20.0,0.0
153.85000000000002,-45.98737148582564,-21.45906722868974,-64.47678097359984,33.06609398263491,33.0660940061701,0.7477083472816091,20.0,0.0
153.9,-45.599582336356065,-22.271236900343187,-63.46063898504221,33.066093984316,33.066094007464464,0.747708345513729,20.0,0.0
153.95000000000002,-45.19745107811169,-23.076401759948222,-62.44449699641939,33.06609398596946,33.06609400873755,0.747708343774903,20.0,0.0
154.0,-44.781104190544866,-23.874308564790375,-61.428355007732414,33.06609398759575,33.066094009989726,0.747708342064648,20.0,0.0
154.05,-44.35067262424765,-24.66470635497891,-60.41221301898237,33.06609398919532,33.06609401122131,0.7477083403824949,20.0,0.0
154.10000000000002,-43.906291759764876,-25.447346532379445,-59.39607103017026,33.06609399076861,33.06609401243266,0.7477083387279819,20.0,0.0
154.15,-43.448101365013876,-26.221982938803723,-58.379929041297146,33.06609399231604,33.06609401362411,0.7477083371006472,20.0,0.0
154.20000000000002,-42.97624555132429,-26.988371933432,-57.363787052364025,33.066093993838045,33.066094014796,0.7477083355000431,20.0,0.0
154.25,-42.49087272811176,-27.746272469443618,-56.34764506337185,33.06609399533504,33.066094015948615,0.7477083339257433,20.0,0.0
154.3,-41.99213555619979,-28.49544616983175,-55.33150307432161,33.06609399680744,33.06609401708228,0.7477083323773144,20.0,0.0
154.35000000000002,-41.48019089980443,-29.235657402378404,-54.31536108521427,33.06609399825564,33.066094018197354,0.7477083308543229,20.0,0.0
154.4,-40.95519977719689,-29.96667335376611,-53.29921909605075,33.06609399968005,33.06609401929408,0.7477083293563496,20.0,0.0
154.45000000000002,-40.417327310059655,-30.68826410280306,-52.28307710683199,33.06609400108105,33.06609402037279,0.7477083278829966,20.0,0.0
154.5,-39.86674267155192,-31.40020269273853,-51.26693511755888,33.06609400245903,33.06609402143377,0.7477083264338447,20.0,0.0
154.55,-39.30361903310078,-32.10226520264598,-50.25079312823232,33.06609400381437,33.06609402247731,0.7477083250084959,20.0,0.0
154.60000000000002,-38.72813350993488,-32.79423081785129,-49.23465113885318,33.066094005147434,33.0660940235037,0.7477083236065809,20.0,0.0
154.65,-38.1404671053776,-33.475881899384014,-48.218509149422346,33.0660940064586,33.06609402451325,0.7477083222276875,20.0,0.0
154.70000000000002,-37.54080465391744,-34.147004052429786,-47.202367159940664,33.06609400774822,33.06609402550621,0.7477083208714532,20.0,0.0
154.75,-36.9293347630733,-34.807386193762405,-46.18622517040897,33.066094009016645,33.06609402648286,0.7477083195375016,20.0,0.0
154.8,-36.306249754073136,-35.45682061813431,-45.17008318082806,33.06609401026423,33.066094027443434,0.7477083182254631,20.0,0.0
154.85000000000002,-35.67174560136456,-36.09510306360463,-44.153941191198754,33.066094011491316,33.066094028388235,0.7477083169349896,20.0,0.0
154.9,-35.026021870976386,-36.72203277578422,-43.137799201521865,33.066094012698244,33.066094029317526,0.7477083156657116,20.0,0.0
154.95000000000002,-34.36928165775057,-37.33741257097749,-42.121657211798166,33.06609401388533,33.066094030231554,0.747708314417288,20.0,0.0
155.0,-33.70173152146425,-37.94104889820119,-41.1055152220284,33.06609401505292,33.06609403113054,0.7477083131893778,20.0,0.0
155.05,-33.02358142186198,-38.532751900060596,-40.089373232213354,33.066094016201326,33.066094032014746,0.747708311981647,20.0,0.0
155.10000000000002,-32.335044652618606,-39.112335472464004,-39.07323124235378,33.066094017330855,33.06609403288445,0.7477083107937474,20.0,0.0
155.15,-31.636337774253544,-39.67961732315672,-38.05708925245039,33.06609401844183,33.06609403373986,0.7477083096253736,20.0,0.0
155.20000000000002,-30.927680546017545,-40.234419029056106,-37.04094726250391,33.066094019534546,33.066094034581205,0.7477083084761986,20.0,0.0
155.25,-30.2092958567734,-40.77656609236974,-36.02480527251505,33.066094020609306,33.066094035408746,0.7477083073459028,20.0,0.0
155.3,-29.481409654892325,-41.30588799547893,-35.00866328248449,33.06609402166641,33.06609403622266,0.7477083062341734,20.0,0.0
155.35000000000002,-28.744250877188012,-41.82221825457042,-33.99252129241294,33.06609402270614,33.06609403702321,0.7477083051407121,20.0,0.0
155.4,-27.998051376910816,-42.32539447199933,-32.976379302301055,33.06609402372879,33.06609403781062,0.7477083040652133,20.0,0.0
155.45000000000002,-27.243045850824593,-42.81525838736692,-31.960237312149502,33.06609402473463,33.06609403858509,0.7477083030073786,20.0,0.0
155.5,-26.47947176538922,-43.29165592729711,-30.944095321958944,33.06609402572395,33.06609403934683,0.7477083019669308,20.0,0.0
155.55,-25.707569282071983,-43.75443725389606,-29.927953331730013,33.066094026697016,33.06609404009607,0.7477083009435788,20.0,0.0
155.60000000000002,-24.92758118181131,-44.203456811879605,-28.911811341463327,33.06609402765409,33.06609404083297,0.7477082999370381,20.0,0.0
155.65,-24.139752788656626,-44.63857337435374,-27.89566935115954,33.06609402859544,33.06609404155778,0.7477082989470389,20.0,0.0
155.70000000000002,-23.344331892608352,-45.05965008723366,-26.879527360819242,33.06609402952132,33.0660940422707,0.747708297973297,20.0,0.0
155.75,-22.541568671682292,-45.46655451228753,-25.863385370443016,33.066094030431984,33.06609404297186,0.7477082970155635,20.0,0.0
155.8,-21.73171561322294,-45.85915866879129,-24.847243380031472,33.066094031327694,33.066094043661536,0.7477082960735544,20.0,0.0
155.85000000000002,-20.915027434490444,-46.237339073781555,-23.831101389585196,33.06609403220868,33.066094044339884,0.747708295147028,20.0,0.0
155.9,-20.091761002546235,-46.6009767808938,-22.81495939910475,33.066094033075196,33.06609404500708,0.7477082942357214,20.0,0.0
155.95000000000002,-19.262175253462463,-46.949957417773724,-21.798817408590693,33.06609403392748,33.06609404566332,0.747708293339393,20.0,0.0
156.0,-18.42653111088069,-47.28417122204993,-20.78267541804358,33.06609403476575,33.06609404630876,0.74770829245778,20.0,0.0
156.05,-17.585091403945466,-47.60351307585673,-19.76653342746395,33.066094035590254,33.0660940469436,0.7477082915906621,20.0,0.0
156.10000000000002,-16.738120784638564,-47.90788253889611,-18.75039143685234,33.0660940364012,33.06609404756803,0.7477082907377834,20.0,0.0
156.15,-15.885885644539886,-48.19718388002848,-17.734249446209276,33.06609403719884,33.06609404818218,0.7477082898989238,20.0,0.0
156.20000000000002,-15.028654031041246,-48.47132610738231,-16.718107455535275,33.06609403798336,33.06609404878625,0.7477082890738416,20.0,0.0
156.25,-14.166695563039339,-48.73022299697314,-15.70196546483084,33.06609403875499,33.06609404938039,0.7477082882623236,20.0,0.0
156.3,-13.300281346134456,-48.97379311982301,-14.685823474096484,33.06609403951395,33.06609404996477,0.7477082874641283,20.0,0.0
156.35000000000002,-12.429683887361588,-49.201959867571716,-13.669681483332687,33.06609404026044,33.066094050539526,0.7477082866790568,20.0,0.0
156.4,-11.555177009480737,-49.4146514765719,-12.653539492539934,33.066094040994656,33.066094051104876,0.7477082859068744,20.0,0.0
156.45000000000002,-10.677035764853423,-49.611801050460336,-11.637397501718711,33.066094041716816,33.066094051660926,0.7477082851473824,20.0,0.0
156.5,-9.795536348932437,-49.79334658119839,-10.621255510869473,33.06609404242711,33.066094052207845,0.7477082844003746,20.0,0.0
156.55,-8.91095601339207,-49.959230968574936,-9.605113519992678,33.06609404312573,33.06609405274577,0.7477082836656308,20.0,0.0
156.60000000000002,-8.023572978926136,-50.10940203816569,-8.588971529088784,33.066094043812875,33.066094053274846,0.7477082829429591,20.0,0.0
156.65,-7.13366634774122,-50.24381255774326,-7.572829538158226,33.06609404448873,33.06609405379522,0.7477082822321677,20.0,0.0
156.70000000000002,-6.241516015772661,-50.36242025213275,-6.556687547201459,33.06609404515348,33.066094054307065,0.7477082815330434,20.0,0.0
156.75,-5.347402584650903,-50.46518781650827,-5.540545556218918,33.066094045807304,33.066094054810506,0.7477082808454085,20.0,0.0
156.8,-4.451607273445874,-50.55208292812616,-4.524403565211008,33.06609404645039,33.066094055305655,0.7477082801690713,20.0,0.0
156.85000000000002,-3.5544118302171785,-50.62307825649123,-3.5082615741781624,33.066094047082906,33.066094055792675,0.747708279503847,20.0,0.0
156.9,-2.656098443397901,-50.67815147195283,-2.4921195831207883,33.066094047705036,33.06609405627172,0.7477082788495508,20.0,0.0
156.95000000000002,-1.756949653039909,-50.717285252728004,-1.475977592039268,33.06609404831694,33.06609405674286,0.7477082782060052,20.0,0.0
157.0,-0.8572482619485594,-50.740467290349635,-0.4598356009340329,33.06609404891879,33.06609405720628,0.7477082775730395,20.0,0.0
157.05,0.04272275326523378,-50.7476902935377,0.55630639019456,33.06609404951076,33.06609405766207,0.747708276950469,20.0,0.0
157.10000000000002,0.9426803311875996,-50.73895199049256,1.5724483813461037,33.066094050093,33.06609405811039,0.7477082763381233,20.0,0.0
157.15,1.8423414146309833,-50.7142551296095,2.588590372520242,33.06609405066567,33.066094058551336,0.7477082757358389,20.0,0.0
157.20000000000002,2.7414230396620876,-50.67360747861428,3.6047323637165936,33.06609405122893,33.06609405898502,0.7477082751434523,20.0,0.0
157.25,3.6396424246004857,-50.61702182212002,4.620874354934776,33.06609405178294,33.066094059411604,0.747708274560793,20.0,0.0
157.3,4.536717058959911,-50.54451595760615,5.63701634617446,33.06609405232785,33.06609405983116,0.7477082739877119,20.0,0.0
157.35000000000002,5.43236479230425,-50.45611268982069,6.653158337435287,33.0660940528638,33.06609406024381,0.7477082734240454,20.0,0.0
157.4,6.326303922990291,-50.351839823607634,7.669300328716903,33.06609405339094,33.06609406064972,0.7477082728696445,20.0,0.0
157.45000000000002,7.218253286769315,-50.23173015516169,8.68544232001895,33.06609405390942,33.06609406104893,0.7477082723243456,20.0,0.0
157.5,8.107932345219671,-50.095821461713165,9.701584311341124,33.06609405441938,33.0660940614416,0.7477082717880066,20.0,0.0
157.55,8.995061273982508,-49.944156489646105,10.717726302683069,33.06609405492097,33.0660940618278,0.7477082712604783,20.0,0.0
157.60000000000002,9.879361050772914,-49.77678294105363,11.733868294044479,33.06609405541431,33.066094062207675,0.7477082707416116,20.0,0.0
157.65,10.7605535431388,-49.593753458734525,12.750010285425022,33.06609405589955,33.0660940625813,0.7477082702312714,20.0,0.0
157.70000000000002,11.63836159593989,-49.39512560963587,13.76615227682437,33.06609405637682,33.06609406294878,0.7477082697293227,20.0,0.0
157.75,12.512509118519343,-49.18096186674693,14.782294268242241,33.06609405684624,33.066094063310224,0.7477082692356163,20.0,0.0
157.8,13.382721171540565,-48.95132958944996,15.798436259678304,33.06609405730796,33.066094063665744,0.7477082687500243,20.0,0.0
157.85000000000002,14.248724053461894,-48.706301002334186,16.81457825113228,33.066094057762086,33.06609406401541,0.7477082682724046,20.0,0.0
157.9,15.110245386621983,-48.44595317247947,17.830720242603864,33.06609405820875,33.06609406435935,0.7477082678026434,20.0,0.0
157.95000000000002,15.967014202908793,-48.170367985216984,18.846862234092775,33.066094058648076,33.06609406469763,0.7477082673405917,20.0,0.0
158.0,16.818761028985236,-47.87963211837441,19.863004225598736,33.066094059080186,33.06609406503034,0.7477082668861286,20.0,0.0
158.05,17.665217971044697,-47.57383701501377,20.879146217121463,33.0660940595052,33.06609406535759,0.7477082664391332,20.0,0.0
158.10000000000002,18.506118799069746,-47.25307885467052,21.895288208660677,33.06609405992322,33.06609406567945,0.747708265999492,20.0,0.0
158.15,19.34119903056754,-46.91745852310286,22.9114302002161,33.066094060334386,33.06609406599604,0.7477082655670628,20.0,0.0
158.20000000000002,20.17019601375562,-46.56708158056088,23.927572191787476,33.066094060738784,33.06609406630743,0.7477082651417462,20.0,0.0
158.25,20.992849010171874,-46.20205822858547,24.943714183374528,33.066094061136546,33.066094066613715,0.747708264723407,20.0,0.0
158.3,21.80889927668273,-45.822503275347394,25.959856174977023,33.06609406152777,33.066094066914935,0.7477082643119459,20.0,0.0
158.35000000000002,22.618090146863793,-45.42853609953751,26.975998166594685,33.066094061912565,33.06609406721122,0.7477082639072421,20.0,0.0
158.4,23.42016711172727,-45.020280612819455,27.992140158227254,33.06609406229104,33.06609406750263,0.747708263509189,20.0,0.0
158.45000000000002,24.214877899770862,-44.597865220856605,29.008282149874507,33.066094062663296,33.06609406778928,0.7477082631176799,20.0,0.0
158.5,25.001972556322908,-44.161422782925534,30.024424141536212,33.06609406302944,33.0660940680712,0.7477082627325942,20.0,0.0
158.55,25.78120352215883,-43.71109057012879,31.040566133212113,33.06609406338956,33.066094068348484,0.7477082623538465,20.0,0.0
158.60000000000002,26.55232571136415,-43.24701022221995,32.05670812490199,33.06609406374377,33.06609406862122,0.747708261981316,20.0,0.0
158.65,27.315096588419618,-42.76932770305473,33.0728501166056,33.06609406409216,33.06609406888948,0.7477082616149033,20.0,0.0
158.70000000000002,28.069276244484143,-42.27819325468199,34.08899210832272,33.06609406443483,33.066094069153316,0.747708261254509,20.0,0.0
158.75,28.81462747285162,-41.77376135008921,35.10513410005313,33.06609406477187,33.066094069412834,0.7477082609000405,20.0,0.0
158.8,29.550915843557828,-41.2561906446172,36.12127609179661,33.066094065103364,33.06609406966809,0.7477082605513985,20.0,0.0
158.85000000000002,30.27790977711402,-40.725643926059355,37.137418083552966,33.06609406542942,33.06609406991915,0.7477082602084764,20.0,0.0
158.9,30.995380617343947,-40.18228806346122,38.15356007532195,33.06609406575011,33.066094070166066,0.7477082598711959,20.0,0.0
158.95000000000002,31.703102703301447,-39.626293954636346,39.169702067103366,33.06609406606554,33.06609407040896,0.7477082595394506,20.0,0.0
159.0,32.40085344024595,-39.057836472415026,40.185844058897025,33.06609406637578,33.06609407064783,0.7477082592131623,20.0,0.0
159.05,33.088413369653615,-38.47709440964281,41.20198605070272,33.06609406668093,33.0660940708828,0.7477082588922244,20.0,0.0
159.10000000000002,33.76556623824203,-37.884250422946074,42.21812804252025,33.066094066981066,33.06609407111391,0.7477082585765658,20.0,0.0
159.15,34.43209906598682,-37.27949097528235,43.23427003434943,33.06609406727627,33.0660940713412,0.7477082582660941,20.0,0.0
159.20000000000002,35.087802213108695,-36.663006277293455,44.250412026190055,33.06609406756662,33.06609407156476,0.7477082579607242,20.0,0.0
159.25,35.73246944600998,-36.034990227479916,45.26655401804194,33.066094067852205,33.06609407178466,0.7477082576603635,20.0,0.0
159.3,36.36589800213976,-35.395640351215484,46.2826960099049,33.06609406813309,33.06609407200093,0.7477082573649483,20.0,0.0
159.35000000000002,36.98788865376732,-34.74515773862087,47.29883800177876,33.06609406840936,33.06609407221366,0.7477082570743789,20.0,0.0
159.4,37.59824577064386,-34.083746981316324,48.314979993663336,33.066094068681096,33.06609407242289,0.7477082567885844,20.0,0.0
159.45000000000002,38.19677738153259,-33.41161610807293,49.33112198555845,33.06609406894837,33.066094072628694,0.7477082565074866,20.0,0.0
159.5,38.78329523458816,-32.728976519382755,50.3472639774639,33.066094069211246,33.066094072831135,0.7477082562310002,20.0,0.0
159.55,39.35761485656608,-32.03604292096864,51.3634059693796,33.066094069469806,33.0660940730302,0.7477082559590684,20.0,0.0
159.60000000000002,39.91955561084381,-31.333033256254296,52.37954796130531,33.06609406972412,33.06609407322602,0.7477082556915988,20.0,0.0
159.65,40.46894075423507,-30.620168637816153,53.395689953240904,33.06609406997426,33.0660940734186,0.7477082554285204,20.0,0.0
159.70000000000002,41.00559749257963,-29.897673277838408,54.41183194518616,33.06609407022028,33.06609407360805,0.7477082551697691,20.0,0.0
159.75,41.529357035091,-29.16577441759317,55.42797393714098,33.06609407046227,33.06609407379436,0.7477082549152669,20.0,0.0
159.8,42.04005464744499,-28.424702255967908,56.44411592910517,33.066094070700274,33.066094073977645,0.7477082546649427,20.0,0.0
159.85000000000002,42.5375297035924,-27.674689877062644,57.46025792107862,33.06609407093437,33.066094074157874,0.7477082544187326,20.0,0.0
159.9,43.02162573627959,-26.91597317687968,58.47639991306113,33.06609407116462,33.066094074335176,0.7477082541765725,20.0,0.0
159.95000000000002,43.492190486261,-26.148790789128938,59.4925419050526,33.06609407139109,33.066094074509536,0.7477082539383915,20.0,0.0
160.0,43.94907595018815,-25.373384010172195,60.50868389705281,33.06609407161384,33.06609407468106,0.7477082537041113,20.0,0.0
160.05,44.392138427160084,-24.589996723129893,61.52482588906168,33.06609407183293,33.06609407484975,0.7477082534736894,20.0,0.0
160.10000000000002,44.82123856392055,-23.79887532117432,62.54096788107905,33.066094072048415,33.06609407501567,0.7477082532470547,20.0,0.0
160.15,45.236241398687824,-23.00026863003335,63.557109873104764,33.06609407226036,33.06609407517888,0.7477082530241361,20.0,0.0
160.20000000000002,45.637016403603226,-22.194427829729058,64.57325186513872,33.06609407246883,33.066094075339386,0.7477082528048911,20.0,0.0
160.25,46.02343752578513,-21.381606375575885,65.58939385718071,33.06609407267386,33.06609407549728,0.7477082525892413,20.0,0.0
160.3,46.395383226975476,-20.56205991846316,66.6055358492307,33.066094072875536,33.06609407565257,0.7477082523771372,20.0,0.0
160.35000000000002,46.752736521766316,-19.736046224447055,67.62167784128853,33.0660940730739,33.066094075805296,0.7477082521685219,20.0,0.0
160.4,47.09538501439439,-18.903825093677288,68.63781983335403,33.066094073269,33.06609407595551,0.7477082519633242,20.0,0.0
160.45000000000002,47.423220934092164,-18.065658278684047,69.65396182542707,33.066094073460896,33.06609407610328,0.7477082517615017,20.0,0.0
160.5,47.7361411689842,-17.221809402050848,70.6701038175076,33.06609407364964,33.0660940762486,0.7477082515629974,20.0,0.0
160.55,48.03404729851818,-16.372543873499218,71.68624580959545,33.06609407383528,33.066094076391536,0.7477082513677544,20.0,0.0
160.60000000000002,48.31684562442043,-15.518128806411282,72.70238780169046,33.06609407401787,33.06609407653214,0.7477082511757089,20.0,0.0
160.65,48.58444720016615,-14.658832933816512,73.71852979379257,33.06609407419746,33.066094076670424,0.7477082509868254,20.0,0.0
160.70000000000002,48.83676785895515,-13.794926523869064,74.73467178590163,33.0660940743741,33.06609407680644,0.7477082508010469,20.0,0.0
160.75,49.073728240184174,-12.926681294842268,75.75081377801757,33.06609407454784,33.06609407694022,0.7477082506183166,20.0,0.0
160.8,49.295253814407694,-12.054370329667039,76.76695577014023,33.06609407471873,33.066094077071824,0.7477082504385919,20.0,0.0
160.85000000000002,49.50127490677907,-11.178267990041064,77.78309776226949,33.066094074886806,33.06609407720125,0.7477082502618231,20.0,0.0
160.9,49.69172671896489,-10.298649830135792,78.79923975440533,33.06609407505213,33.06609407732852,0.7477082500879533,20.0,0.0
160.95000000000002,49.86654934952553,-9.415792509928355,79.81538174654759,33.06609407521473,33.066094077453705,0.7477082499169398,20.0,0.0
161.0,50.02568781275553,-8.5299737081857,80.83152373869615,33.06609407537465,33.066094077576835,0.7477082497487402,20.0,0.0
161.05,50.16909205597783,-7.641472035128277,81.8476657308509,33.06609407553195,33.06609407769793,0.7477082495833045,20.0,0.0
161.10000000000002,50.29671697528649,-6.750566944800775,82.86380772301173,33.066094075686664,33.066094077817084,0.747708249420576,20.0,0.0
161.15,50.40852242973293,-5.857538647177443,83.87994971517855,33.06609407583883,33.06609407793425,0.7477082492605334,20.0,0.0
161.20000000000002,50.50447325395111,-4.962668020029668,84.89609170735129,33.06609407598851,33.06609407804951,0.7477082491031126,20.0,0.0
161.25,50.58453926921789,-4.0662365205835025,85.91223369952982,33.06609407613572,33.06609407816286,0.7477082489482854,20.0,0.0
161.3,50.64869529294491,-3.16852609699495,86.92837569171411,33.06609407628052,33.066094078274354,0.7477082487960018,20.0,0.0
161.35000000000002,50.696921146599074,-2.2698190996708347,87.94451768390398,33.066094076422935,33.06609407838402,0.7477082486462123,20.0,0.0
161.4,50.729201662049206,-1.3703981924631616,88.96065967609937,33.06609407656302,33.066094078491886,0.7477082484988884,20.0,0.0
161.45000000000002,50.74552668633672,-0.47054626376488284,89.97680166830018,33.06609407670079,33.06609407859797,0.7477082483539874,20.0,0.0
161.5,50.74589108486898,0.429453662464953,90.99294366050634,33.0660940768363,33.06609407870233,0.7477082482114596,20.0,0.0
161.55,50.73029474303426,1.3293185157186926,92.00908565271776,33.06609407696959,33.06609407880498,0.7477082480712767,20.0,0.0
161.60000000000002,50.69874256623776,2.2287652679722116,93.02522764493435,33.066094077100686,33.066094078905905,0.747708247933403,20.0,0.0
161.65,50.65124447835878,3.127511022703682,94.04136963715604,33.066094077229636,33.066094079005204,0.7477082477977888,20.0,0.0
161.70000000000002,50.5878154186294,4.025273103870985,95.05751162938272,33.06609407735646,33.066094079102875,0.7477082476643986,20.0,0.0
161.75,50.50847533693578,4.9217691448197725,96.07365362161433,33.0660940774812,33.06609407919892,0.7477082475332111,20.0,0.0
161.8,50.41324918754345,5.8167171770942225,97.08979561385077,33.0660940776039,33.066094079293386,0.7477082474041694,20.0,0.0
161.85000000000002,50.30216692124862,6.70983571912255,98.10593760609194,33.06609407772457,33.06609407938632,0.7477082472772523,20.0,0.0
161.9,50.17526347595798,7.600843864749383,99.12207959833779,33.066094077843275,33.066094079477736,0.747708247152417,20.0,0.0
161.95000000000002,50.032578765699945,8.489461371587156,100.13822159058829,33.06609407796002,33.06609407956762,0.7477082470296352,20.0,0.0
162.0,49.87415766807075,9.375408749158737,101.1543635828433,33.06609407807485,33.06609407965605,0.7477082469088714,20.0,0.0
162.05,49.70005001011945,10.258407346803553,102.17050557510275,33.06609407818779,33.066094079743024,0.74770824679009,20.0,0.0
162.10000000000002,49.51031055267615,11.138179441319584,103.18664756736662,33.06609407829888,33.06609407982853,0.7477082466732696,20.0,0.0
162.15,49.30499897312852,12.014448324313644,104.20278955963477,33.06609407840814,33.06609407991266,0.7477082465583607,20.0,0.0
162.20000000000002,49.084179846651836,12.88693838923248,105.21893155190719,33.066094078515604,33.066094079995395,0.7477082464453346,20.0,0.0
162.25,48.84792262589867,13.755375218047327,106.23507354418379,33.066094078621305,33.06609408007677,0.7477082463341773,20.0,0.0
162.3,48.5963016191544,14.619485667564632,107.25121553646446,33.066094078725264,33.06609408015682,0.747708246224839,20.0,0.0
162.35000000000002,48.3293959669656,15.478997955335824,108.26735752874914,33.06609407882752,33.06609408023556,0.7477082461172984,20.0,0.0
162.4,48.047289617248495,16.333641745139094,109.2834995210378,33.066094078928096,33.06609408031301,0.7477082460115199,20.0,0.0
162.45000000000002,47.750071298885466,17.183148232006292,110.29964151333037,33.06609407902702,33.06609408038916,0.7477082459074822,20.0,0.0
162.5,47.437834493817746,18.027250226768242,111.31578350562675,33.06609407912431,33.06609408046408,0.7477082458051569,20.0,0.0
162.55,47.110677407643266,18.865682240091818,112.33192549792692,33.06609407922001,33.06609408053778,0.7477082457045086,20.0,0.0
162.60000000000002,46.768702938728715,19.698180565982394,113.34806749023079,33.066094079314134,33.06609408061026,0.7477082456055228,20.0,0.0
162.65,46.41201864584568,20.524483364725402,114.36420948253833,33.06609407940671,33.06609408068155,0.7477082455081572,20.0,0.0
162.70000000000002,46.04073671434094,21.34433074524089,115.38035147484942,33.06609407949777,33.06609408075169,0.7477082454123902,20.0,0.0
162.75,45.65497392085163,22.1574648468252,116.39649346716408,33.06609407958734,33.06609408082064,0.7477082453182007,20.0,0.0
162.8,45.25485159657633,22.963629920254043,117.4126354594822,33.06609407967543,33.06609408088848,0.747708245225553,20.0,0.0
162.85000000000002,44.840495589113615,23.762572408221455,118.42877745180378,33.066094079762074,33.066094080955175,0.747708245134433,20.0,0.0
162.9,44.41203622288013,24.554041025089365,119.44491944412873,33.066094079847296,33.06609408102078,0.7477082450448052,20.0,0.0
162.95000000000002,43.96960825812059,25.337786835922653,120.46106143645692,33.06609407993112,33.06609408108533,0.7477082449566552,20.0,0.0
163.0,43.51335084852258,26.113563334784867,121.47720342878837,33.06609408001356,33.06609408114882,0.7477082448699477,20.0,0.0
163.05,43.04340749744959,26.88112652226997,122.49334542112302,33.06609408009465,33.066094081211254,0.7477082447846684,20.0,0.0
163.10000000000002,42.55992601280591,27.64023498224571,123.50948741346085,33.06609408017441,33.066094081272674,0.7477082447007888,20.0,0.0
163.15,42.06305846054766,28.390649957784504,124.52562940580177,33.06609408025285,33.06609408133306,0.7477082446182877,20.0,0.0
163.20000000000002,41.5529611168546,29.132135426257946,125.54177139814574,33.06609408033002,33.06609408139246,0.7477082445371437,20.0,0.0
163.25,41.029794418977694,29.8644581735713,126.55791339049266,33.066094080405904,33.066094081450906,0.7477082444573355,20.0,0.0
163.3,40.49372291477795,30.58738786751465,127.57405538284253,33.066094080480546,33.06609408150838,0.7477082443788277,20.0,0.0
163.35000000000002,39.94491521097234,31.30069713020764,128.59019737519532,33.06609408055397,33.066094081564906,0.7477082443016201,20.0,0.0
163.4,39.38354392010317,32.00416160961501,129.60633936755093,33.06609408062617,33.06609408162051,0.7477082442256773,20.0,0.0
163.45000000000002,38.809785606247466,32.69756005011041,130.62248135990936,33.0660940806972,33.06609408167519,0.7477082441509779,20.0,0.0
163.5,38.22382072948356,33.38067436206637,131.63862335227054,33.06609408076705,33.066094081728984,0.7477082440775078,20.0,0.0
163.55,37.6258335891323,34.053289690448445,132.65476534463446,33.06609408083576,33.06609408178188,0.7477082440052527,20.0,0.0
163.60000000000002,37.01601226579066,34.71519448239201,133.670907337001,33.06609408090334,33.0660940818339,0.7477082439341771,20.0,0.0
163.65,36.39454856217614,35.36618055374049,134.68704932937024,33.06609408096981,33.066094081885076,0.7477082438642668,20.0,0.0
163.70000000000002,35.76163794280044,36.00604315452403,135.703191321742,33.06609408103518,33.066094081935425,0.7477082437955076,20.0,0.0
163.75,35.11747947249138,36.63458103335799,136.71933331411628,33.066094081099486,33.066094081984915,0.7477082437278781,20.0,0.0
163.8,34.4622757537825,37.251596500741144,137.73547530649307,33.06609408116273,33.06609408203361,0.7477082436613571,20.0,0.0
163.85000000000002,33.79623286318992,37.856895491233516,138.75161729887233,33.06609408122493,33.066094082081506,0.7477082435959375,20.0,0.0
163.9,33.11956028639659,38.45028762449438,139.76775929125395,33.06609408128612,33.06609408212863,0.7477082435315907,20.0,0.0
163.95000000000002,32.43247085236426,39.03158626516123,140.783901283638,33.0660940813463,33.06609408217498,0.7477082434682956,20.0,0.0
164.0,31.73518066639391,39.600608581550865,141.80004327602433,33.06609408140549,33.066094082220545,0.7477082434060449,20.0,0.0
164.05,31.027909042155702,40.15717560316412,142.816185268413,33.0660940814637,33.06609408226537,0.7477082433448174,20.0,0.0
164.10000000000002,30.31087843270985,40.70111227697616,143.83232726080388,33.066094081520966,33.06609408230948,0.7477082432845918,20.0,0.0
164.15,29.584314360540027,41.23224752249467,144.848469253197,33.06609408157729,33.06609408235285,0.7477082432253539,20.0,0.0
164.20000000000002,28.84844534662142,41.750414285568546,145.86461124559233,33.066094081632684,33.06609408239551,0.7477082431670894,20.0,0.0
164.25,28.10350283854567,42.25544959093027,146.88075323798978,33.066094081687176,33.066094082437466,0.7477082431097912,20.0,0.0
164.3,27.3497211377253,42.74719459345531,147.89689523038933,33.06609408174077,33.06609408247875,0.747708243053431,20.0,0.0
164.35000000000002,26.587337325700613,43.225494628122576,148.91303722279102,33.06609408179348,33.06609408251932,0.7477082429979944,20.0,0.0
164.4,25.81659118957211,43.690199258660066,149.92917921519472,33.06609408184533,33.06609408255923,0.7477082429434745,20.0,0.0
164.45000000000002,25.03772514658199,44.14116232486052,150.94532120760047,33.06609408189632,33.06609408259848,0.7477082428898427,20.0,0.0
164.5,24.250984167868396,44.57824198855213,151.96146320000815,33.066094081946474,33.06609408263711,0.747708242837092,20.0,0.0
164.55,23.4566157014164,45.00130077820991,152.97760519241777,33.06609408199581,33.06609408267511,0.7477082427852153,20.0,0.0
164.60000000000002,22.65486959422997,45.41020563219358,153.99374718482932,33.06609408204433,33.06609408271245,0.7477082427341841,20.0,0.0
164.65,21.845998013749387,45.80482794059852,155.00988917724277,33.06609408209205,33.0660940827492,0.7477082426839985,20.0,0.0
164.70000000000002,21.030255368538832,46.18504358570652,156.02603116965804,33.06609408213899,33.066094082785355,0.74770824263463,20.0,0.0
164.75,20.20789822826909,46.55073298102359,157.04217316207513,33.06609408218515,33.06609408282091,0.7477082425860786,20.0,0.0
164.8,19.379185243020533,46.90178110889273,158.05831515449407,33.06609408223057,33.06609408285585,0.7477082425383159,20.0,0.0
164.85000000000002,18.544377061931772,47.2380775566695,159.07445714691474,33.06609408227523,33.06609408289023,0.747708242491349,20.0,0.0
164.9,17.70373625121956,47.5595165514494,160.09059913933712,33.06609408231916,33.06609408292406,0.7477082424451424,20.0,0.0
164.95000000000002,16.857527211595716,47.86599699333581,161.1067411317612,33.06609408236236,33.06609408295734,0.7477082423997032,20.0,0.0
165.0,16.006016095107082,48.15742248723824,162.12288312418698,33.06609408240486,33.06609408299005,0.7477082423550101,20.0,0.0
165.05,15.149470721424624,48.433701373190786,163.13902511661442,33.06609408244666,33.06609408302222,0.7477082423110488,20.0,0.0
165.10000000000002,14.288160493608041,48.69474675518125,164.15516710904348,33.06609408248777,33.06609408305387,0.7477082422678123,20.0,0.0
165.15,13.422356313372358,48.94047652848195,165.17130910147412,33.06609408252821,33.06609408308499,0.7477082422252792,20.0,0.0
165.20000000000002,12.552330495883151,49.17081340547354,166.18745109390633,33.06609408256798,33.06609408311562,0.7477082421834496,20.0,0.0
165.25,11.678356684107218,49.38568493995367,167.20359308634008,33.066094082607094,33.066094083145735,0.7477082421423091,20.0,0.0
165.3,10.800709762745626,49.585023549923044,168.21973507877533,33.06609408264556,33.06609408317537,0.7477082421018437,20.0,0.0
165.35000000000002,9.9196657717762,49.76876653884144,169.2358770712121,33.066094082683406,33.066094083204526,0.7477082420620391,20.0,0.0
165.4,9.035501819632652,49.93685611534724,170.2520190636503,33.06609408272063,33.06609408323318,0.7477082420228882,20.0,0.0
165.45000000000002,8.148495996047656,50.08923941143412,171.26816105608992,33.06609408275724,33.06609408326139,0.7477082419843839,20.0,0.0
165.5,7.258927284587285,50.22586849907924,172.284303048531,33.06609408279325,33.06609408328912,0.747708241946512,20.0,0.0
165.55,6.36707547490432,50.3467004053177,173.3004450409735,33.06609408282867,33.06609408331637,0.7477082419092653,20.0,0.0
165.60000000000002,5.473221074738011,50.45169712575852,174.31658703341736,33.06609408286351,33.0660940833432,0.7477082418726297,20.0,0.0
165.65,4.577645221688003,50.540825636537896,175.33272902586256,33.06609408289776,33.0660940833696,0.747708241836591,20.0,0.0
165.70000000000002,3.6806295947901417,50.61405790470595,176.34887101830913,33.066094082931464,33.06609408339552,0.7477082418011491,20.0,0.0
165.75,2.7824563259219963,50.67137089704373,177.36501301075694,33.06609408296461,33.06609408342105,0.7477082417662828,20.0,0.0
165.8,1.8834079110659436,50.71274658730769,178.38115500320612,33.06609408299722,33.06609408344614,0.7477082417319991,20.0,0.0
165.85000000000002,0.983767121457739,50.73817196189935,179.3972969956565,33.066094083029284,33.06609408347084,0.7477082416982697,20.0,0.0
165.9,0.08381691464851193,50.74763902395837,-179.58656101189192,33.06609408306082,33.066094083495145,0.7477082416650944,20.0,0.0
165.95000000000002,-0.8161596544918391,50.74114479587775,-178.57041901943904,33.06609408309184,33.06609408351903,0.7477082416324663,20.0,0.0
166.0,-1.7158795228018597,50.71869132024035,-177.55427702698498,33.06609408312236,33.066094083542524,0.7477082416003782,20.0,0.0
166.05,-2.6150597078583617,50.68028565917646,-176.53813503452974,33.06609408315237,33.06609408356564,0.7477082415688159,20.0,0.0
166.10000000000002,-3.513417396980851,50.625939892142576,-175.52199304207335,33.06609408318189,33.06609408358837,0.7477082415377723,20.0,0.0
166.15,-4.410670036182566,50.555671112122155,-174.50585104961579,33.06609408321092,33.066094083610714,0.7477082415072331,20.0,0.0
166.20000000000002,-5.306535419040152,50.46950142024949,-173.4897090571571,33.06609408323948,33.06609408363271,0.7477082414772056,20.0,0.0
166.25,-6.200731775454023,50.367457918858385,-172.4735670646973,33.066094083267565,33.06609408365433,0.7477082414476683,20.0,0.0
166.3,-7.09297786027148,50.249572702957835,-171.45742507223642,33.0660940832952,33.06609408367561,0.7477082414186143,20.0,0.0
166.35000000000002,-7.982993041744732,50.11588285013745,-170.44128307977445,33.06609408332237,33.06609408369653,0.7477082413900362,20.0,0.0
166.4,-8.870497389795979,49.9664304089057,-169.42514108731146,33.06609408334909,33.066094083717104,0.7477082413619343,20.0,0.0
166.45000000000002,-9.75521176406181,49.80126238546467,-168.40899909484742,33.066094083375376,33.06609408373733,0.747708241334287,20.0,0.0
166.5,-10.636857901689215,49.620430728925555,-167.39285710238235,33.066094083401225,33.06609408375725,0.7477082413070946,20.0,0.0
166.55,-11.515158504855599,49.42399231496951,-166.3767151099163,33.06609408342666,33.066094083776825,0.7477082412803497,20.0,0.0
166.60000000000002,-12.389837327985271,49.2120089279589,-165.36057311744926,33.066094083451674,33.06609408379609,0.7477082412540454,20.0,0.0
166.65,-13.260619264634986,48.984547241504735,-164.34443112498124,33.06609408347627,33.06609408381503,0.7477082412281746,20.0,0.0
166.70000000000002,-14.12723043402119,48.7416787974963,-163.32828913251225,33.06609408350047,33.06609408383367,0.747708241202723,20.0,0.0
166.75,-14.989398267161775,48.48347998359959,-162.31214714004233,33.06609408352427,33.06609408385198,0.7477082411776905,20.0,0.0
166.8,-15.846851592605248,48.21003200923165,-161.2960051475715,33.06609408354768,33.06609408387001,0.7477082411530702,20.0,0.0
166.85000000000002,-16.699320721720333,47.92142088001836,-160.27986315509975,33.066094083570704,33.066094083887734,0.7477082411288549,20.0,0.0
166.9,-17.5465375335192,47.61773737074371,-159.2637211626271,33.06609408359335,33.06609408390518,0.7477082411050375,20.0,0.0
166.95000000000002,-18.388235558987628,47.29907699679906,-158.24757917015359,33.066094083615624,33.06609408392233,0.747708241081618,20.0,0.0
167.0,-19.224150064895596,46.965539984141344,-157.23143717767923,33.06609408363753,33.066094083939184,0.7477082410585751,20.0,0.0
167.05,-20.05401813706192,46.61723123776975,-156.21529518520398,33.066094083659074,33.066094083955754,0.7477082410359159,20.0,0.0
167.10000000000002,-20.877578763046756,46.25426030873071,-155.19915319272792,33.06609408368026,33.0660940839721,0.7477082410136191,20.0,0.0
167.15,-21.694572914245974,45.87674135966156,-154.18301120025103,33.06609408370111,33.066094083988155,0.7477082409916989,20.0,0.0
167.20000000000002,-22.504743627361552,45.48479312888383,-153.16686920777335,33.06609408372161,33.06609408400394,0.7477082409701339,20.0,0.0
167.25,-23.307836085222412,45.0785388930573,-152.15072721529486,33.066094083741774,33.06609408401946,0.7477082409489242,20.0,0.0
167.3,-24.103597696930223,44.65810642840668,-151.1345852228156,33.06609408376161,33.06609408403475,0.7477082409280627,20.0,0.0
167.35000000000002,-24.891778177304992,44.223627970533116,-150.11844323033554,33.06609408378112,33.06609408404977,0.7477082409075493,20.0,0.0
167.4,-25.672129625605486,43.775240172823004,-149.10230123785476,33.06609408380031,33.06609408406454,0.7477082408873699,20.0,0.0
167.45000000000002,-26.444406603499644,43.31308406346745,-148.0861592453732,33.06609408381919,33.06609408407907,0.7477082408675244,20.0,0.0
167.5,-27.20836621226055,42.83730500110564,-147.07001725289095,33.06609408383775,33.06609408409337,0.7477082408479987,20.0,0.0
167.55,-27.96376816916362,42.34805262910627,-146.05387526040795,33.066094083856,33.066094084107434,0.7477082408287998,20.0,0.0
167.60000000000002,-28.710374883060997,41.84548082850126,-145.03773326792424,33.06609408387396,33.066094084121254,0.7477082408099136,20.0,0.0
167.65,-29.447951529109382,41.32974766958667,-144.02159127543982,33.06609408389163,33.06609408413484,0.7477082407913329,20.0,0.0
167.70000000000002,-30.176266122627815,40.801015362206016,-143.00544928295474,33.066094083909,33.06609408414822,0.7477082407730649,20.0,0.0
167.75,-30.89508959206215,40.25945020473151,-141.989307290469,33.06609408392608,33.06609408416139,0.7477082407550952,20.0,0.0
167.8,-31.604195851033264,39.70522253175948,-140.97316529798258,33.066094083942886,33.06609408417433,0.747708240737424,20.0,0.0
167.85000000000002,-32.30336186944641,39.13850666053625,-139.9570233054955,33.06609408395942,33.06609408418706,0.7477082407200442,20.0,0.0
167.9,-32.99236774363925,38.559480836131364,-138.9408813130078,33.06609408397568,33.066094084199584,0.7477082407029414,20.0,0.0
167.95000000000002,-33.670996765546576,37.96832717537546,-137.92473932051945,33.06609408399167,33.06609408421191,0.7477082406861228,20.0,0.0
168.0,-34.33903549085995,37.36523160958038,-136.9085973280305,33.0660940840074,33.06609408422403,0.7477082406695885,20.0,0.0
168.05,-34.99627380616079,36.75038382605952,-135.89245533554094,33.06609408402287,33.06609408423594,0.7477082406533171,20.0,0.0
168.10000000000002,-35.642504995005844,36.12397720846684,-134.87631334305078,33.0660940840381,33.066094084247645,0.7477082406373157,20.0,0.0
168.15,-36.27752580294425,35.48620877597331,-133.86017135056,33.06609408405306,33.06609408425919,0.7477082406215771,20.0,0.0
168.20000000000002,-36.90113650144565,34.837279121299865,-132.84402935806867,33.06609408406779,33.06609408427051,0.7477082406060944,20.0,0.0
168.25,-37.5131409507194,34.17739234762643,-131.82788736557674,33.066094084082266,33.066094084281666,0.7477082405908675,20.0,0.0
168.3,-38.113346661405004,33.50675600439682,-130.81174537308428,33.06609408409651,33.06609408429264,0.7477082405758892,20.0,0.0
168.35000000000002,-38.70156485511441,32.825581022039685,-129.79560338059125,33.06609408411052,33.06609408430341,0.7477082405611597,20.0,0.0
168.4,-39.27761052380712,32.134081645626104,-128.77946138809764,33.066094084124295,33.06609408431402,0.7477082405466717,20.0,0.0
168.45000000000002,-39.841302487979426,31.432475367484603,-127.76331939560353,33.066094084137845,33.06609408432445,0.7477082405324182,20.0,0.0
168.5,-40.39246345364951,30.720982858794866,-126.7471774031089,33.066094084151175,33.066094084334715,0.7477082405184063,20.0,0.0
168.55,-40.93092006812045,29.999827900181604,-125.73103541061374,33.066094084164284,33.06609408434479,0.7477082405046147,20.0,0.0
168.60000000000002,-41.456502974503586,29.26923731133046,-124.71489341811807,33.06609408417717,33.066094084354724,0.7477082404910576,20.0,0.0
168.65,-41.969046864985124,28.529440879648035,-123.69875142562192,33.06609408418986,33.06609408436448,0.7477082404777207,20.0,0.0
168.70000000000002,-42.46839053281923,27.780671287988504,-122.68260943312525,33.066094084202334,33.06609408437407,0.7477082404645969,20.0,0.0
168.75,-42.95437692303121,27.02316404146955,-121.66646744062811,33.0660940842146,33.066094084383515,0.7477082404517006,20.0,0.0
168.8,-43.426853181814906,26.25715739340064,-120.6503254481305,33.06609408422666,33.06609408439282,0.7477082404390103,20.0,0.0
168.85000000000002,-43.88567070460867,25.48289227034692,-119.63418345563241,33.066094084238536,33.06609408440195,0.7477082404265261,20.0,0.0
168.9,-44.33068518283493,24.70061219635231,-118.61804146313386,33.06609408425021,33.066094084410935,0.747708240414255,20.0,0.0
168.95000000000002,-44.761756649288486,23.91056321634564,-117.60189947063486,33.06609408426169,33.06609408441977,0.7477082404021758,20.0,0.0
169.0,-45.178749522159436,23.11299381875391,-116.58575747813542,33.06609408427298,33.066094084428464,0.7477082403903026,20.0,0.0
169.05,-45.5815326476767,22.30815485734701,-115.56961548563555,33.06609408428409,33.06609408443701,0.7477082403786213,20.0,0.0
169.10000000000002,-45.96997934135892,21.496299472338478,-114.55347349313524,33.06609408429501,33.06609408444543,0.7477082403671247,20.0,0.0
169.15,-46.34396742785959,20.677683010767144,-113.53733150063451,33.06609408430575,33.0660940844537,0.7477082403558271,20.0,0.0
169.20000000000002,-46.70337927939398,19.852562946184648,-112.52118950813338,33.06609408431632,33.06609408446185,0.7477082403447071,20.0,0.0
169.25,-47.04810185273579,19.021198797674142,-111.50504751563182,33.066094084326714,33.066094084469846,0.7477082403337789,20.0,0.0
169.3,-47.3780267247718,18.18385204822561,-110.48890552312986,33.06609408433693,33.06609408447772,0.7477082403230284,20.0,0.0
169.35000000000002,-47.693050126603424,17.340786062493514,-109.4727635306275,33.06609408434699,33.066094084485464,0.7477082403124484,20.0,0.0
169.4,-47.993072976184386,16.49226600396259,-108.45662153812476,33.066094084356884,33.06609408449309,0.7477082403020461,20.0,0.0
169.45000000000002,-48.2780009094843,15.6385587515479,-107.44047954562163,33.06609408436661,33.066094084500584,0.7477082402918214,20.0,0.0
169.5,-48.54774431016828,14.7799328156553,-106.42433755311812,33.066094084376175,33.066094084507945,0.747708240281753,20.0,0.0
169.55,-48.80221833778335,13.916658253728817,-105.40819556061425,33.06609408438559,33.06609408451519,0.7477082402718551,20.0,0.0
169.60000000000002,-49.04134295444271,13.049006585311407,-104.39205356811,33.06609408439485,33.06609408452233,0.7477082402621207,20.0,0.0
169.65,-49.26504294999943,12.17725070664587,-103.3759115756054,33.06609408440395,33.066094084529325,0.7477082402525497,20.0,0.0
169.70000000000002,-49.473247965701816,11.301664804842757,-102.35976958310044,33.0660940844129,33.06609408453622,0.7477082402431279,20.0,0.0
169.75,-49.66589251632279,10.422524271642265,-101.34362759059513,33.066094084421714,33.066094084543,0.7477082402338695,20.0,0.0
169.8,-49.842916010756525,9.540105616797259,-100.3274855980895,33.06609408443038,33.06609408454968,0.7477082402247603,20.0,0.0
169.85000000000002,-50.00426277107571,8.65468638110464,-99.31134360558352,33.0660940844389,33.06609408455625,0.7477082402157933,20.0,0.0
169.9,-50.14988205004354,7.766545049112433,-98.29520161307721,33.066094084447286,33.0660940845627,0.7477082402069826,20.0,0.0
169.95000000000002,-50.27972804707486,6.875960961530053,-97.27905962057056,33.06609408445553,33.06609408456903,0.747708240198314,20.0,0.0
170.0,-50.393759922641536,5.983214227369269,-96.2629176280636,33.06609408446364,33.06609408457528,0.7477082401897874,20.0,0.0
170.05,-50.491941811117364,5.0885856358435335,-95.24677563555633,33.066094084471615,33.066094084581415,0.7477082401813959,20.0,0.0
170.10000000000002,-50.574242832058665,4.192356568053373,-94.23063364304876,33.06609408447946,33.06609408458746,0.7477082401731465,20.0,0.0
170.15,-50.64063709991688,3.294808908485609,-93.21449165054088,33.066094084487176,33.0660940845934,0.7477082401650321,20.0,0.0
170.20000000000002,-50.69110373218016,2.3962249563542555,-92.19834965803268,33.066094084494765,33.06609408459925,0.7477082401570527,20.0,0.0
170.25,-50.72562685594139,1.4968873368109792,-91.1822076655242,33.066094084502225,33.06609408460497,0.7477082401492083,20.0,0.0
170.3,-50.7441956128906,0.5970789120530415,-90.16606567301544,33.066094084509565,33.06609408461064,0.7477082401414847,20.0,0.0
170.35000000000002,-50.74680416273012,-0.30291730764331626,-89.14992368050638,33.06609408451679,33.066094084616196,0.747708240133889,20.0,0.0
170.4,-50.733451685011524,-1.2028182529360603,-88.13378168799704,33.06609408452389,33.06609408462167,0.7477082401264212,20.0,0.0
170.45000000000002,-50.704142379393645,-2.10234088444913,-87.11763969548744,33.066094084530874,33.06609408462705,0.7477082401190671,20.0,0.0
170.5,-50.65888546432171,-3.0012022817947783,-86.10149770297755,33.066094084537745,33.06609408463233,0.747708240111848,20.0,0.0
170.55,-50.59769517412792,-3.8991197325584883,-85.08535571046741,33.066094084544496,33.066094084637534,0.7477082401047426,20.0,0.0
170.60000000000002,-50.52059075455442,-4.795810821218476,-84.06921371795701,33.066094084551146,33.06609408464266,0.7477082400977579,20.0,0.0
170.65,-50.42759645670008,-5.690993517971814,-83.05307172544633,33.06609408455768,33.066094084647695,0.7477082400908799,20.0,0.0
170.70000000000002,-50.31874152939299,-6.584386267439241,-82.03692973293542,33.066094084564114,33.06609408465264,0.7477082400841155,20.0,0.0
170.75,-50.19406020999101,-7.475708077220748,-81.02078774042425,33.06609408457044,33.066094084657514,0.7477082400774648,20.0,0.0
170.8,-50.05359171361334,-8.3646786062741,-80.00464574791285,33.06609408457666,33.06609408466229,0.7477082400709207,20.0,0.0
170.85000000000002,-49.89738022080651,-9.251018253088493,-78.9885037554012,33.06609408458278,33.066094084667014,0.7477082400644903,20.0,0.0
170.9,-49.72547486364852,-10.134448243625595,-77.9723617628893,33.0660940845888,33.06609408467165,0.7477082400581594,20.0,0.0
170.95000000000002,-49.53792971029575,-11.014690719000356,-76.95621977037719,33.06609408459471,33.0660940846762,0.747708240051935,20.0,0.0
171.0,-49.334803747977254,-11.891468822873955,-75.94007777786483,33.066094084600536,33.06609408468069,0.7477082400458173,20.0,0.0
171.05,-49.11616086444194,-12.76450678853144,-74.92393578535226,33.066094084606256,33.066094084685105,0.747708240039799,20.0,0.0
171.10000000000002,-48.8820698278644,-13.633530025616649,-73.90779379283944,33.06609408461189,33.06609408468944,0.747708240033873,20.0,0.0
171.15,-48.63260426521579,-14.498265206497138,-72.89165180032641,33.066094084617426,33.06609408469369,0.7477082400280466,20.0,0.0
171.20000000000002,-48.36784263910643,-15.358440352231963,-71.87550980781317,33.066094084622875,33.06609408469789,0.7477082400223196,20.0,0.0
171.25,-48.087868223107535,-16.213784918115255,-70.85936781529973,33.066094084628226,33.06609408470201,0.747708240016685,20.0,0.0
171.3,-47.79276907555978,-17.064029878768707,-69.84322582278607,33.0660940846335,33.06609408470607,0.7477082400111428,20.0,0.0
171.35000000000002,-47.48263801187695,-17.908907812756187,-68.8270838302722,33.06609408463868,33.06609408471005,0.7477082400056929,20.0,0.0
171.4,-47.15757257535335,-18.74815298669389,-67.81094183775815,33.06609408464377,33.06609408471399,0.7477082400003283,20.0,0.0
171.45000000000002,-46.81767500648424,-19.58150143882953,-66.7947998452439,33.06609408464879,33.066094084717854,0.747708239995049,20.0,0.0
171.5,-46.463052210808854,-20.408691062064356,-65.77865785272944,33.06609408465373,33.066094084721655,0.747708239989862,20.0,0.0
171.55,-46.093815725286184,-21.2294616863918,-64.76251586021479,33.06609408465858,33.06609408472537,0.7477082399847603,20.0,0.0
171.60000000000002,-45.710081683214035,-22.043555160726886,-63.74637386769996,33.06609408466335,33.06609408472905,0.7477082399797439,20.0,0.0
171.65,-45.31197077770247,-22.85071543410062,-62.73023187518493,33.066094084668045,33.06609408473266,0.7477082399748056,20.0,0.0
171.70000000000002,-44.89960822371308,-23.650688636193884,-61.71408988266971,33.06609408467266,33.06609408473621,0.7477082399699455,20.0,0.0
171.75,-44.473123718676014,-24.443223157185425,-60.697947890154346,33.066094084677204,33.0660940847397,0.7477082399651707,20.0,0.0
171.8,-44.03265140169718,-25.22806972688889,-59.681805897638775,33.066094084681666,33.066094084743135,0.747708239960474,20.0,0.0
171.85000000000002,-43.57832981136843,-26.004981493153988,-58.665663905123054,33.06609408468606,33.066094084746524,0.7477082399558554,20.0,0.0
171.9,-43.11030184219401,-26.773714099507114,-57.649521912607156,33.06609408469038,33.06609408474985,0.7477082399513151,20.0,0.0
171.95000000000002,-42.62871469964701,-27.534025762007047,-56.6333799200911,33.066094084694626,33.066094084753125,0.7477082399468458,20.0,0.0
172.0,-42.13371985386984,-28.285677345291507,-55.61723792757487,33.066094084698804,33.06609408475635,0.7477082399424475,20.0,0.0
172.05,-41.625472992033444,-29.02843243779068,-54.60109593505849,33.06609408470292,33.06609408475951,0.7477082399381274,20.0,0.0
172.10000000000002,-41.104133969370125,-29.762057426084056,-53.58495394254195,33.06609408470696,33.06609408476264,0.7477082399338713,20.0,0.0
172.15,-40.56986675889543,-30.486321568377175,-52.568811950025236,33.06609408471093,33.0660940847657,0.7477082399296862,20.0,0.0
172.20000000000002,-40.022839399834886,-31.200997067075185,-51.55266995750837,33.06609408471485,33.066094084768714,0.7477082399255721,20.0,0.0
172.25,-39.46322394477185,-31.905859140430383,-50.53652796499135,33.0660940847187,33.06609408477167,0.7477082399215291,20.0,0.0
172.3,-38.89119640553302,-32.60068609324121,-49.52038597247418,33.06609408472248,33.066094084774576,0.7477082399175501,20.0,0.0
172.35000000000002,-38.30693669782873,-33.28525938658042,-48.50424397995688,33.0660940847262,33.06609408477746,0.7477082399136279,20.0,0.0
172.4,-37.710628584665336,-33.95936370653061,-47.48810198743943,33.06609408472987,33.066094084780275,0.7477082399097768,20.0,0.0
172.45000000000002,-37.102459618547556,-34.62278703190531,-46.471959994921825,33.066094084733464,33.06609408478305,0.7477082399059896,20.0,0.0
172.5,-36.48262108248893,-35.27532070093451,-45.455818002404094,33.06609408473701,33.066094084785774,0.7477082399022663,20.0,0.0
172.55,-35.85130792984898,-35.916759476893525,-44.439676009886206,33.0660940847405,33.066094084788446,0.747708239898607,20.0,0.0
172.60000000000002,-35.20871872301587,-36.54690161265465,-43.4235340173682,33.066094084743916,33.06609408479109,0.7477082398950046,20.0,0.0
172.65,-34.55505557095407,-37.165548914141226,-42.407392024850054,33.06609408474729,33.06609408479367,0.747708239891459,20.0,0.0
172.70000000000002,-33.89052406563642,-37.772506802664196,-41.39125003233179,33.0660940847506,33.06609408479625,0.7477082398879773,20.0,0.0
172.75,-33.21533321738081,-38.367584376121535,-40.3751080398134,33.066094084753864,33.06609408479874,0.7477082398845525,20.0,0.0
172.8,-32.529695389111644,-38.95059446904133,-39.35896604729488,33.06609408475707,33.06609408480123,0.7477082398811774,20.0,0.0
172.85000000000002,-31.833826229566856,-39.52135371144957,-38.34282405477623,33.06609408476022,33.06609408480366,0.7477082398778663,20.0,0.0
172.9,-31.12794460547147,-40.07968258654422,-37.326682062257454,33.06609408476333,33.066094084806025,0.7477082398746049,20.0,0.0
172.95000000000002,-30.41227253269901,-40.62540548715732,-36.31054006973855,33.06609408476638,33.06609408480839,0.7477082398713932,20.0,0.0
173.0,-29.687035106442462,-41.158350770987454,-35.29439807721955,33.06609408476938,33.0660940848107,0.7477082398682384,20.0,0.0
173.05,-28.952460430416682,-41.678350814585166,-34.278256084700416,33.06609408477233,33.066094084812974,0.7477082398651334,20.0,0.0
173.10000000000002,-28.208779545114588,-42.18524206607437,-33.26211409218116,33.06609408477524,33.066094084815205,0.7477082398620851,20.0,0.0
173.15,-27.456226355139645,-42.67886509659314,-32.2459720996618,33.06609408477809,33.06609408481739,0.7477082398590795,20.0,0.0
173.20000000000002,-26.695037555637533,-43.15906465043772,-31.229830107142334,33.06609408478089,33.06609408481957,0.7477082398561237,20.0,0.0
173.25,-25.925452557850132,-43.62568969389399,-30.213688114622745,33.06609408478366,33.06609408482169,0.7477082398532175,20.0,0.0
173.3,-25.147713413815215,-44.07859346274101,-29.197546122103052,33.06609408478637,33.06609408482377,0.7477082398503612,20.0,0.0
173.35000000000002,-24.362064740235567,-44.51763350841172,-28.18140412958326,33.06609408478904,33.06609408482582,0.7477082398475545,20.0,0.0
173.4,-23.568753641541445,-44.94267174279626,-27.165262137063365,33.06609408479167,33.066094084827846,0.7477082398447834,20.0,0.0
173.45000000000002,-22.768029632170606,-45.35357448167383,-26.149120144543367,33.06609408479425,33.06609408482984,0.7477082398420691,20.0,0.0
173.5,-21.96014455809032,-45.75021248675944,-25.13297815202327,33.066094084796795,33.066094084831796,0.7477082398393904,20.0,0.0
173.55,-21.145352517586065,-46.13246100635227,-24.11683615950307,33.066094084799296,33.06609408483371,0.7477082398367685,20.0,0.0
173.60000000000002,-20.323909781341825,-46.500199814572966,-23.10069416698277,33.066094084801755,33.066094084835605,0.747708239834175,20.0,0.0
173.65,-19.496074711837114,-46.85331324917738,-22.08455217446239,33.06609408480417,33.066094084837474,0.7477082398316313,20.0,0.0
173.70000000000002,-18.662107682086074,-47.19169024793502,-21.06841018194191,33.06609408480655,33.0660940848393,0.7477082398291302,20.0,0.0
173.75,-17.822270993744233,-47.51522438356063,-20.05226818942133,33.06609408480889,33.0660940848411,0.7477082398266717,20.0,0.0
173.8,-16.976828794608647,-47.823813897188,-19.03612619690067,33.06609408481119,33.066094084842874,0.7477082398242487,20.0,0.0
173.85000000000002,-16.126046995537386,-48.117361730375485,-18.01998420437991,33.06609408481346,33.0660940848446,0.7477082398218613,20.0,0.0
173.9,-15.270193186814513,-48.39577555563305,-17.003842211859077,33.06609408481568,33.066094084846334,0.7477082398195165,20.0,0.0
173.95000000000002,-14.409536553986827,-48.6589678054614,-15.987700219338162,33.06609408481787,33.066094084848025,0.7477082398172143,20.0,0.0
174.0,-13.544347793198876,-48.90685569989396,-14.971558226817148,33.06609408482003,33.06609408484969,0.7477082398149406,20.0,0.0
174.05,-12.674899026052834,-49.139361272533044,-13.955416234296058,33.06609408482215,33.06609408485132,0.7477082398127166,20.0,0.0
174.10000000000002,-11.80146371402006,-49.35641139507208,-12.939274241774891,33.066094084824236,33.06609408485291,0.7477082398105281,20.0,0.0
174.15,-10.924316572431216,-49.557937800296116,-11.923132249253621,33.06609408482628,33.06609408485449,0.7477082398083681,20.0,0.0
174.20000000000002,-10.043733484072044,-49.743877103553444,-10.906990256732277,33.0660940848283,33.06609408485605,0.7477082398062436,20.0,0.0
174.25,-9.159991412411918,-49.914170822691496,-9.890848264210856,33.06609408483028,33.06609408485757,0.7477082398041617,20.0,0.0
174.3,-8.273368314492528,-50.06876539645081,-8.874706271689357,33.06609408483223,33.06609408485907,0.7477082398021082,20.0,0.0
174.35000000000002,-7.384143053504044,-50.207612201311285,-7.858564279167783,33.06609408483414,33.06609408486055,0.7477082398000903,20.0,0.0
174.4,-6.492595311076284,-50.33066756678539,-6.8424222866461335,33.06609408483603,33.066094084862,0.7477082397981007,20.0,0.0
174.45000000000002,-5.599005499312459,-50.4378927891535,-5.826280294124406,33.06609408483789,33.06609408486341,0.7477082397961468,20.0,0.0
174.5,-4.70365467259317,-50.52925414363714,-4.810138301602629,33.06609408483972,33.06609408486482,0.7477082397942212,20.0,0.0
174.55,-3.8068244391783943,-50.60472289500616,-3.793996309080775,33.06609408484151,33.06609408486622,0.7477082397923311,20.0,0.0
174.60000000000002,-2.908796872635264,-50.664275306616645,-2.7778543165588445,33.06609408484327,33.06609408486758,0.7477082397904695,20.0,0.0
174.65,-2.009854423119495,-50.70789264787661,-1.761712324036838,33.06609408484501,33.06609408486891,0.7477082397886434,20.0,0.0
174.70000000000002,-1.1102798285383666,-50.73556120013723,-0.7455703315147806,33.06609408484671,33.06609408487023,0.7477082397868386,20.0,0.0
174.75,-0.2103560256232031,-50.74727226100762,0.2705716610073533,33.066094084848395,33.06609408487152,0.7477082397850694,20.0,0.0
174.8,0.6896339390606839,-50.743022147092,1.286713653529538,33.06609408485005,33.06609408487281,0.7477082397833357,20.0,0.0
174.85000000000002,1.5894069981385976,-50.72281219514813,2.3028556460517993,33.06609408485168,33.06609408487405,0.7477082397816233,20.0,0.0
174.9,2.4886801524576017,-50.68664876166694,3.318997638574111,33.06609408485327,33.06609408487529,0.7477082397799393,20.0,0.0
174.95000000000002,3.387170560096211,-50.634543220873226,4.335139631096499,33.066094084854846,33.06609408487649,0.7477082397782908,20.0,0.0
175.0,4.284595625324627,-50.56651196114821,5.351281623618939,33.06609408485639,33.06609408487769,0.7477082397766566,20.0,0.0
175.05,5.180673087487543,-50.48257637987502,6.367423616141454,33.06609408485791,33.06609408487887,0.7477082397750578,20.0,0.0
175.10000000000002,6.075121109781557,-50.38276287670873,7.3835656086640205,33.0660940848594,33.06609408488001,0.7477082397734804,20.0,0.0
175.15,6.967658367899278,-50.26710284527306,8.399707601186638,33.06609408486087,33.066094084881165,0.7477082397719244,20.0,0.0
175.20000000000002,7.8580041385122374,-50.13563266328635,9.415849593709305,33.06609408486232,33.06609408488227,0.7477082397704038,20.0,0.0
175.25,8.745878387564778,-49.98839368111998,10.43199158623205,33.06609408486375,33.06609408488337,0.7477082397689045,20.0,0.0
175.3,9.631001858351155,-49.825432208792684,11.448133578754845,33.06609408486515,33.06609408488445,0.7477082397674266,20.0,0.0
175.35000000000002,10.51309615934814,-49.646799501405035,12.464275571277692,33.06609408486653,33.06609408488551,0.7477082397659771,20.0,0.0
175.4,11.391883851775503,-49.45255174301852,13.48041756380059,33.066094084867885,33.06609408488655,0.747708239764556,20.0,0.0
175.45000000000002,12.267088536856848,-49.242750028984375,14.496559556323538,33.06609408486922,33.066094084887574,0.7477082397631563,20.0,0.0
175.5,13.138434942753317,-49.01746034672772,15.512701548846536,33.06609408487053,33.06609408488859,0.7477082397617778,20.0,0.0
175.55,14.005649011142877,-48.77675355499298,16.528843541369586,33.06609408487182,33.066094084889585,0.7477082397604207,20.0,0.0
175.60000000000002,14.868457983417905,-48.52070536155723,17.544985533892685,33.06609408487309,33.066094084890565,0.747708239759092,20.0,0.0
175.65,15.726590486473999,-48.24939629941834,18.561127526415838,33.066094084874344,33.066094084891525,0.7477082397577703,20.0,0.0
175.70000000000002,16.579776618063008,-47.96291170146553,19.57726951893904,33.066094084875566,33.06609408489247,0.7477082397564843,20.0,0.0
175.75,17.427748031683443,-47.66134167364021,20.593411511462293,33.066094084876774,33.06609408489341,0.7477082397552124,20.0,0.0
175.8,18.270238020981573,-47.34478106659562,21.609553503985598,33.06609408487797,33.06609408489431,0.7477082397539618,20.0,0.0
175.85000000000002,19.106981603636665,-47.01332944586415,22.62569549650893,33.06609408487914,33.06609408489521,0.7477082397527326,20.0,0.0
175.9,19.937715604703964,-46.66709106054167,23.64183748903231,33.06609408488029,33.0660940848961,0.7477082397515176,20.0,0.0
175.95000000000002,20.762178739389213,-46.30617481049885,24.657979481555742,33.06609408488142,33.06609408489698,0.747708239750331,20.0,0.0
176.0,21.580111695228688,-45.930694212129644,25.67412147407922,33.066094084882536,33.066094084897834,0.7477082397491657,20.0,0.0
176.05,22.391257213648874,-45.54076736264779,26.69026346660273,33.06609408488363,33.066094084898666,0.7477082397480217,20.0,0.0
176.10000000000002,23.19536017088017,-45.13651690294257,27.70640545912629,33.0660940848847,33.06609408489949,0.7477082397468919,20.0,0.0
176.15,23.992167658199122,-44.71806997900542,28.7225474516499,33.066094084885755,33.06609408490031,0.7477082397457835,20.0,0.0
176.20000000000002,24.781429061473983,-44.285558201939644,29.738689444173534,33.06609408488679,33.066094084901124,0.7477082397446893,20.0,0.0
176.25,25.562896139988588,-43.839117606565694,30.75483143669722,33.06609408488782,33.06609408490191,0.7477082397436092,20.0,0.0
176.3,26.336323104519717,-43.37888860863514,31.770973429220955,33.066094084888825,33.066094084902666,0.7477082397425576,20.0,0.0
176.35000000000002,27.101466694643406,-42.90501596066669,32.787115421744716,33.06609408488981,33.06609408490343,0.7477082397415202,20.0,0.0
176.4,27.858086255245908,-42.417648706418234,33.80325741426853,33.066094084890786,33.066094084904165,0.747708239740497,20.0,0.0
176.45000000000002,28.60594381221521,-41.91694013400918,34.81939940679237,33.06609408489174,33.066094084904925,0.7477082397394881,20.0,0.0
176.5,29.34480414728932,-41.40304772770785,35.83554139931626,33.06609408489268,33.06609408490563,0.7477082397385004,20.0,0.0
176.55,30.074434872037788,-40.87613311839907,36.851683391840176,33.0660940848936,33.06609408490635,0.7477082397375199,20.0,0.0
176.60000000000002,30.794606500953154,-40.33636203274758,37.86782538436412,33.06609408489451,33.06609408490705,0.7477082397365677,20.0,0.0
176.65,31.50509252362938,-39.783904241073216,38.88396737688811,33.06609408489541,33.06609408490774,0.7477082397356298,20.0,0.0
176.70000000000002,32.205669476004545,-39.21893350395427,39.90010936941212,33.066094084896285,33.06609408490841,0.7477082397347061,20.0,0.0
176.75,32.896117010645376,-38.64162751757582,40.91625136193619,33.06609408489715,33.066094084909075,0.7477082397337895,20.0,0.0
176.8,33.576217966051566,-38.05216785784024,41.93239335446028,33.066094084898005,33.06609408490973,0.7477082397328942,20.0,0.0
176.85000000000002,34.245758434958,-37.45073992325742,42.9485353469844,33.06609408489884,33.06609408491036,0.7477082397320132,20.0,0.0
176.9,34.90452783161347,-36.83753287663272,43.96467733950855,33.06609408489966,33.06609408491102,0.7477082397311392,20.0,0.0
176.95000000000002,35.552318958014716,-36.212739585570944,44.980819332032716,33.06609408490048,33.066094084911654,0.7477082397302866,20.0,0.0
177.0,36.1889280690749,-35.576556561815075,45.996961324556935,33.06609408490127,33.06609408491226,0.7477082397294481,20.0,0.0
177.05,36.814154936706096,-34.929183899438854,47.01310331708118,33.066094084902055,33.066094084912855,0.7477082397286239,20.0,0.0
177.10000000000002,37.427802912795606,-34.27082521191264,48.02924530960545,33.06609408490282,33.06609408491345,0.7477082397278139,20.0,0.0
177.15,38.02967899105625,-33.601687568062296,49.04538730212975,33.06609408490358,33.066094084914035,0.747708239727018,20.0,0.0
177.20000000000002,38.61959386773126,-32.921981426941365,50.06152929465407,33.06609408490433,33.066094084914624,0.7477082397262365,20.0,0.0
177.25,39.19736200113463,-32.231920571636856,51.07767128717845,33.06609408490507,33.06609408491519,0.7477082397254691,20.0,0.0
177.3,39.7628016700082,-31.531722042029614,52.093813279702815,33.06609408490579,33.06609408491576,0.7477082397247088,20.0,0.0
177.35000000000002,40.31573503067716,-30.821606066530308,53.10995527222724,33.0660940849065,33.0660940849163,0.7477082397239627,20.0,0.0
177.4,40.85598817298592,-30.101795992812583,54.126097264751664,33.0660940849072,33.06609408491685,0.7477082397232309,20.0,0.0
177.45000000000002,41.38339117499682,-29.372518217565123,55.14223925727614,33.06609408490789,33.066094084917395,0.7477082397225061,20.0,0.0
177.5,41.89777815643448,-28.634002115284712,56.15838124980061,33.06609408490857,33.06609408491792,0.7477082397217956,20.0,0.0
177.55,42.3989873308589,-27.88647996613274,57.174523242325144,33.06609408490924,33.06609408491844,0.7477082397210921,20.0,0.0
177.60000000000002,42.88686105655103,-27.130186882877783,58.19066523484967,33.06609408490989,33.066094084918966,0.74770823972041,20.0,0.0
177.65,43.361245886094615,-26.365360736947284,59.20680722737424,33.06609408491054,33.066094084919456,0.747708239719735,20.0,0.0
177.70000000000002,43.82199261463898,-25.59224208361155,60.22294921989882,33.06609408491118,33.06609408491995,0.7477082397190742,20.0,0.0
177.75,44.26895632682732,-24.811074086323632,61.239091212423446,33.06609408491181,33.066094084920444,0.7477082397184205,20.0,0.0
177.8,44.70199644237591,-24.022102440238893,62.25523320494808,33.06609408491242,33.06609408492093,0.747708239717781,20.0,0.0
177.85000000000002,45.12097676028977,-23.225575294938245,63.27137519747275,33.06609408491303,33.06609408492139,0.7477082397171415,20.0,0.0
177.9,45.525765501701045,-22.421743176379476,64.28751718999743,33.06609408491363,33.066094084921865,0.7477082397165233,20.0,0.0
177.95000000000002,45.9162353513164,-21.610858908101097,65.30365918252215,33.06609408491422,33.06609408492231,0.7477082397159123,20.0,0.0
178.0,46.29226349746064,-20.793177531703588,66.31980117504689,33.066094084914795,33.066094084922746,0.7477082397153154,20.0,0.0
178.05,46.65373167070374,-19.968956226632983,67.33594316757167,33.06609408491536,33.06609408492317,0.7477082397147257,20.0,0.0
178.10000000000002,47.00052618105932,-19.13845422929208,68.35208516009645,33.066094084915925,33.0660940849236,0.747708239714143,20.0,0.0
178.15,47.3325379537427,-18.301932751504665,69.36822715262127,33.06609408491647,33.06609408492402,0.7477082397135675,20.0,0.0
178.20000000000002,47.649662563477435,-17.459654898358455,70.38436914514611,33.06609408491701,33.06609408492444,0.7477082397130062,20.0,0.0
178.25,47.951800267339436,-16.61188558545252,71.40051113767095,33.06609408491754,33.06609408492485,0.747708239712459,20.0,0.0
178.3,48.23885603612839,-15.758891455575306,72.41665313019583,33.06609408491806,33.06609408492524,0.747708239711919,20.0,0.0
178.35000000000002,48.51073958425662,-14.900940794839384,73.4327951227207,33.066094084918575,33.06609408492564,0.7477082397113861,20.0,0.0
178.4,48.76736539814596,-14.038303448299349,74.44893711524564,33.06609408491908,33.06609408492603,0.7477082397108603,20.0,0.0
178.45000000000002,49.008652763123735,-13.171250735079395,75.46507910777058,33.06609408491958,33.066094084926405,0.7477082397103416,20.0,0.0
178.5,49.23452578880934,-12.300055363037263,76.4812211002955,33.06609408492007,33.06609408492679,0.7477082397098371,20.0,0.0
178.55,49.444913432983526,-11.424991342991394,77.49736309282049,33.06609408492055,33.06609408492715,0.7477082397093398,20.0,0.0
178.60000000000002,49.639749523932785,-10.546333902538283,78.51350508534547,33.06609408492102,33.06609408492751,0.7477082397088495,20.0,0.0
178.65,49.818972781261856,-9.664359399487113,79.52964707787051,33.06609408492148,33.06609408492786,0.7477082397083663,20.0,0.0
178.70000000000002,49.982526835167825,-8.779345234938926,80.54578907039554,33.06609408492194,33.06609408492819,0.7477082397078973,20.0,0.0
178.75,50.130360244169694,-7.891569766037648,81.56193106292058,33.06609408492238,33.06609408492856,0.7477082397074284,20.0,0.0
178.8,50.26242651128793,-7.001312218420411,82.57807305544561,33.066094084922824,33.066094084928906,0.7477082397069665,20.0,0.0
178.85000000000002,50.37868409866878,-6.10885259839473,83.59421504797069,33.06609408492326,33.06609408492924,0.7477082397065118,20.0,0.0
178.9,50.479096440648924,-5.214471604870123,84.61035704049578,33.066094084923684,33.06609408492956,0.7477082397060713,20.0,0.0
178.95000000000002,50.56363195525617,-4.318450541071907,85.62649903302092,33.0660940849241,33.06609408492986,0.7477082397056378,20.0,0.0
179.0,50.63226405414273,-3.4210712260649108,86.64264102554606,33.066094084924515,33.06609408493017,0.7477082397052044,20.0,0.0
179.05,50.68497115094785,-2.522615906114956,87.65878301807119,33.06609408492493,33.06609408493048,0.7477082397047781,20.0,0.0
179.10000000000002,50.721736668087225,-1.6233671659159639,88.67492501059633,33.06609408492532,33.0660940849308,0.747708239704366,20.0,0.0
179.15,50.742549041967,-0.7236078397106234,89.69106700312152,33.066094084925716,33.0660940849311,0.7477082397039609,20.0,0.0
179.20000000000002,50.747401726620815,0.17637907766742988,90.7072089956467,33.06609408492609,33.06609408493141,0.7477082397035559,20.0,0.0
179.25,50.736293195768646,1.076310519801944,91.72335098817194,33.066094084926476,33.06609408493166,0.747708239703158,20.0,0.0
179.3,50.709226943296855,1.9759034377248972,92.73949298069718,33.066094084926846,33.06609408493194,0.7477082397027743,20.0,0.0
179.35000000000002,50.666211482159284,2.8748748889418545,93.75563497322241,33.06609408492721,33.06609408493221,0.7477082397023906,20.0,0.0
179.4,50.60726034169974,3.772942126423837,94.77177696574765,33.06609408492756,33.066094084932516,0.747708239702007,20.0,0.0
179.45000000000002,50.53239206339672,4.669822687537713,95.78791895827288,33.06609408492792,33.06609408493281,0.7477082397016375,20.0,0.0
179.5,50.44163019503165,5.5652344828871385,96.80406095079817,33.06609408492827,33.06609408493306,0.7477082397012751,20.0,0.0
179.55,50.33500328328262,6.458895885036109,97.82020294332347,33.066094084928615,33.06609408493331,0.7477082397009127,20.0,0.0
179.60000000000002,50.21254486474577,7.350525817087212,98.83634493584876,33.06609408492895,33.06609408493359,0.7477082397005645,20.0,0.0
179.65,50.07429345538729,8.239843841086723,99.85248692837405,33.06609408492928,33.06609408493385,0.7477082397002164,20.0,0.0
179.70000000000002,49.92029253842925,9.126570246228738,100.86862892089938,33.0660940849296,33.0660940849341,0.7477082396998753,20.0,0.0
179.75,49.75059055067314,10.010426136830608,101.88477091342473,33.06609408492993,33.066094084934335,0.7477082396995414,20.0,0.0
179.8,49.565240867265395,10.891133520051987,102.90091290595007,33.06609408493025,33.066094084934576,0.7477082396992145,20.0,0.0
179.85000000000002,49.36430178490969,11.768415393329924,103.9170548984754,33.06609408493056,33.06609408493484,0.7477082396988948,20.0,0.0
179.9,49.14783650353131,12.641995831502491,104.93319689100079,33.06609408493087,33.06609408493507,0.7477082396985821,20.0,0.0
179.95000000000002,48.915913106399294,13.51160007359354,105.94933888352618,33.066094084931166,33.06609408493528,0.7477082396982624,20.0,0.0
180.0,48.66860453871275,14.37695460923129,106.96548087605157,33.06609408493146,33.066094084935514,0.7477082396979569,20.0,0.0
180.05,48.40598858465788,15.237787264673594,107.98162286857696,33.06609408493175,33.06609408493575,0.7477082396976584,20.0,0.0
180.10000000000002,48.12814784294309,16.093827288412776,108.99776486110241,33.06609408493203,33.066094084935976,0.74770823969736,20.0,0.0
180.15,47.83516970081984,16.94480543633316,110.01390685362784,33.06609408493232,33.06609408493617,0.7477082396970758,20.0,0.0
180.20000000000002,47.52714630659731,17.790454056394488,111.03004884615329,33.06609408493259,33.06609408493638,0.7477082396967916,20.0,0.0
180.25,47.20417454065969,18.630507172814596,112.04619083867874,33.066094084932864,33.06609408493659,0.7477082396965073,20.0,0.0
180.3,46.866355984995096,19.464700569724858,113.06233283120417,33.06609408493313,33.06609408493682,0.7477082396962302,20.0,0.0
180.35000000000002,46.513796891245676,20.29277187427211,114.07847482372966,33.06609408493339,33.06609408493702,0.7477082396959602,20.0,0.0
180.4,46.146608147289086,21.11446063914089,115.09461681625515,33.06609408493365,33.06609408493721,0.7477082396956831,20.0,0.0
180.45000000000002,45.76490524236171,21.92950842447007,116.11075880878066,33.06609408493391,33.06609408493741,0.7477082396954202,20.0,0.0
180.5,45.36880823073466,22.737658879138085,117.12690080130615,33.06609408493416,33.06609408493762,0.7477082396951573,20.0,0.0
180.55,44.95844169395395,23.538657821391197,118.14304279383168,33.0660940849344,33.066094084937774,0.7477082396949015,20.0,0.0
180.60000000000002,44.53393470165679,24.332253318789476,119.15918478635723,33.06609408493464,33.06609408493796,0.7477082396946528,20.0,0.0
180.65,44.095420770976226,25.11819576744528,120.17532677888278,33.06609408493488,33.066094084938136,0.7477082396944041,20.0,0.0
180.70000000000002,43.643037824546944,25.89623797052938,121.19146877140832,33.066094084935116,33.066094084938314,0.7477082396941626,20.0,0.0
180.75,43.17692814712547,26.666135216020006,122.20761076393386,33.066094084935344,33.06609408493849,0.747708239693921,20.0,0.0
180.8,42.69723834083838,27.427645353670357,123.2237527564594,33.066094084935564,33.06609408493867,0.7477082396936865,20.0,0.0
180.85000000000002,42.20411927907256,28.18052887117037,124.23989474898495,33.06609408493579,33.06609408493887,0.747708239693452,20.0,0.0
180.9,41.69772605902209,28.92454896947882,125.25603674151054,33.06609408493601,33.06609408493903,0.7477082396932317,20.0,0.0
180.95000000000002,41.17821795290665,29.659471637302005,126.27217873403613,33.066094084936225,33.06609408493919,0.7477082396930044,20.0,0.0
181.0,40.645758357876765,30.385065724695647,127.28832072656174,33.06609408493644,33.066094084939344,0.7477082396927841,20.0,0.0
181.05,40.100514744621684,31.10110301576682,128.30446271908733,33.066094084936644,33.0660940849395,0.7477082396925709,20.0,0.0
181.10000000000002,39.542658604696015,31.807358300453053,129.32060471161296,33.06609408493685,33.06609408493964,0.7477082396923578,20.0,0.0
181.15,38.97236539658172,32.503609445356034,130.33674670413862,33.06609408493705,33.066094084939785,0.7477082396921517,20.0,0.0
181.20000000000002,38.38981449050244,33.189637463607625,131.35288869666425,33.06609408493725,33.066094084939934,0.7477082396919457,20.0,0.0
181.25,37.79518911200742,33.865226583746235,132.3690306891899,33.06609408493743,33.06609408494008,0.7477082396917396,20.0,0.0
181.3,37.18867628434296,34.530164317581864,133.38517268171555,33.066094084937625,33.066094084940225,0.7477082396915407,20.0,0.0
181.35000000000002,36.57046676962929,35.18424152702849,134.4013146742412,33.06609408493781,33.066094084940374,0.7477082396913417,20.0,0.0
181.4,35.940755008861544,35.82725248988277,135.41745666676684,33.066094084937994,33.06609408494051,0.7477082396911499,20.0,0.0
181.45000000000002,35.29973906075362,36.45899496452834,136.4335986592925,33.06609408493817,33.06609408494067,0.747708239690958,20.0,0.0
181.5,34.64762053944424,37.07927025354545,137.44974065181813,33.06609408493835,33.06609408494083,0.7477082396907733,20.0,0.0
181.55,33.984604551084644,37.68788326620583,138.46588264434382,33.06609408493853,33.06609408494095,0.7477082396905956,20.0,0.0
181.60000000000002,33.31089962932806,38.284642579833154,139.48202463686954,33.066094084938705,33.06609408494107,0.7477082396904109,20.0,0.0
181.65,32.62671766974112,38.86936050000986,140.49816662939523,33.066094084938875,33.0660940849412,0.7477082396902333,20.0,0.0
181.70000000000002,31.932273863157846,39.44185311961132,141.51430862192092,33.06609408493904,33.066094084941334,0.7477082396900627,20.0,0.0
181.75,31.227786627997247,40.001940376648804,142.53045061444666,33.0660940849392,33.06609408494144,0.7477082396898922,20.0,0.0
181.8,30.513477541565724,40.549446110903126,143.5465926069724,33.066094084939365,33.06609408494153,0.7477082396897288,20.0,0.0
181.85000000000002,29.789571270365965,41.08419811933101,144.56273459949816,33.066094084939515,33.06609408494163,0.7477082396895582,20.0,0.0
181.9,29.056295499434203,41.60602821022692,145.5788765920239,33.06609408493967,33.066094084941746,0.7477082396893877,20.0,0.0
181.95000000000002,28.313880860728073,42.114772256123125,146.59501858454965,33.06609408493981,33.06609408494186,0.7477082396892243,20.0,0.0
182.0,27.562560860587606,42.610270245411606,147.6111605770754,33.06609408493996,33.06609408494196,0.747708239689068,20.0,0.0
182.05,26.80257180629215,43.0923663326713,148.62730256960114,33.066094084940104,33.06609408494206,0.7477082396889116,20.0,0.0
182.10000000000002,26.034152731736356,43.56090888768505,149.6434445621269,33.06609408494024,33.066094084942186,0.7477082396887553,20.0,0.0
182.15,25.257545322248543,44.0157505431308,150.65958655465263,33.06609408494038,33.06609408494229,0.7477082396886061,20.0,0.0
182.20000000000002,24.472993838575167,44.45674824093194,151.67572854717838,33.066094084940524,33.066094084942414,0.7477082396884498,20.0,0.0
182.25,23.68074504005524,44.883763277252356,152.69187053970413,33.06609408494065,33.066094084942534,0.7477082396883006,20.0,0.0
182.3,22.881048107008876,45.29666134612195,153.70801253222987,33.06609408494079,33.06609408494266,0.7477082396881514,20.0,0.0
182.35000000000002,22.07415456236442,45.69531258167893,154.72415452475562,33.06609408494092,33.066094084942776,0.7477082396880093,20.0,0.0
182.4,21.260318192548727,46.079591599015565,155.74029651728137,33.06609408494106,33.06609408494291,0.7477082396878671,20.0,0.0
182.45000000000002,20.43979496766555,46.44937753361464,156.75643850980717,33.06609408494119,33.06609408494299,0.7477082396877321,20.0,0.0
182.5,19.612842960987102,46.80455407936406,157.77258050233297,33.06609408494132,33.06609408494308,0.7477082396875971,20.0,0.0
182.55,18.779722267784134,47.145009525137816,158.78872249485877,33.06609408494144,33.06609408494318,0.7477082396874621,20.0,0.0
182.60000000000002,17.940694923520024,47.47063678993165,159.80486448738458,33.06609408494156,33.066094084943266,0.7477082396873342,20.0,0.0
182.65,17.096024821434654,47.78133345654249,160.82100647991035,33.06609408494168,33.06609408494337,0.7477082396872063,20.0,0.0
182.70000000000002,16.24597762954396,48.077001803780995,161.83714847243616,33.0660940849418,33.066094084943465,0.7477082396870784,20.0,0.0
182.75,15.390820707081296,48.35754883720709,162.85329046496201,33.06609408494193,33.066094084943536,0.7477082396869577,20.0,0.0
182.8,14.530823020406835,48.62288631837885,163.86943245748785,33.066094084942044,33.066094084943614,0.7477082396868298,20.0,0.0
182.85000000000002,13.66625505841153,48.87293079260551,164.8855744500137,33.06609408494216,33.06609408494369,0.747708239686709,20.0,0.0
182.9,12.797388747442177,49.10760361519583,165.90171644253957,33.066094084942264,33.066094084943764,0.7477082396865882,20.0,0.0
182.95000000000002,11.924497365774384,49.3268309761937,166.9178584350654,33.06609408494237,33.06609408494384,0.7477082396864745,20.0,0.0
183.0,11.047855457660308,49.530543923593,167.93400042759126,33.06609408494248,33.066094084943934,0.7477082396863537,20.0,0.0
183.05,10.167738746978237,49.71867838502464,168.9501424201171,33.066094084942584,33.066094084944005,0.74770823968624,20.0,0.0
183.10000000000002,9.284424050511133,49.89117518790871,169.96628441264295,33.066094084942684,33.06609408494407,0.7477082396861263,20.0,0.0
183.15,8.398189190881439,50.04798007806567,170.9824264051688,33.06609408494278,33.066094084944154,0.7477082396860197,20.0,0.0
183.20000000000002,7.50931290916953,50.18904373678049,171.99856839769464,33.06609408494288,33.06609408494423,0.747708239685906,20.0,0.0
183.25,6.618074777243282,50.31432179631452,173.0147103902205,33.066094084942975,33.06609408494432,0.7477082396858066,20.0,0.0
183.3,5.724755109826344,50.423774853860166,174.03085238274636,33.066094084943074,33.066094084944396,0.7477082396857,20.0,0.0
183.35000000000002,4.829634876332758,50.51736848393395,175.0469943752722,33.06609408494317,33.06609408494448,0.7477082396855934,20.0,0.0
183.4,3.9329956124956755,50.59507324920414,176.06313636779805,33.066094084943266,33.06609408494457,0.7477082396854939,20.0,0.0
183.45000000000002,3.0351193318179424,50.656864709749435,177.07927836032388,33.06609408494336,33.06609408494465,0.7477082396853945,20.0,0.0
183.5,2.1362884368724195,50.702723430745884,178.09542035284974,33.066094084943444,33.06609408494474,0.747708239685295,20.0,0.0
183.55,1.2367856304799325,50.7326349885796,179.1115623453756,33.066094084943536,33.06609408494484,0.7477082396851955,20.0,0.0
183.60000000000002,0.33689382679278435,50.74658997538329,-179.87229566209857,33.06609408494363,33.066094084944915,0.747708239685096,20.0,0.0
183.65,-0.5631039376881986,50.744584001995264,-178.85615366957265,33.06609408494372,33.06609408494497,0.7477082396850108,20.0,0.0
183.70000000000002,-1.4629245931351027,50.72661769933991,-177.84001167704676,33.066094084943806,33.06609408494503,0.7477082396849184,20.0,0.0
183.75,-2.3622851254248465,50.692696718229264,-176.82386968452087,33.0660940849439,33.0660940849451,0.747708239684826,20.0,0.0
183.8,-3.2609026651535773,50.6428317275857,-175.80772769199496,33.066094084943984,33.066094084945156,0.7477082396847408,20.0,0.0
183.85000000000002,-4.158494576605553,50.57703841108631,-174.79158569946907,33.06609408494406,33.06609408494523,0.7477082396846555,20.0,0.0
183.9,-5.05477854664852,50.495337462230026,-173.77544370694315,33.06609408494415,33.06609408494528,0.7477082396845702,20.0,0.0
183.95000000000002,-5.949472673527637,50.39775457782905,-172.75930171441726,33.06609408494423,33.066094084945355,0.747708239684485,20.0,0.0
184.0,-6.842295555530004,50.284320449926604,-171.74315972189137,33.06609408494431,33.06609408494541,0.7477082396844068,20.0,0.0
184.05,-7.732966379491923,50.15507075614361,-170.72701772936543,33.06609408494439,33.06609408494547,0.7477082396843215,20.0,0.0
184.10000000000002,-8.621205009121041,50.010046148457235,-169.7108757368395,33.06609408494447,33.066094084945526,0.7477082396842434,20.0,0.0
184.15,-9.50673207310561,49.84929224041494,-168.6947337443136,33.06609408494454,33.06609408494557,0.7477082396841652,20.0,0.0
184.20000000000002,-10.389269052983131,49.672859592787965,-167.67859175178765,33.066094084944616,33.06609408494563,0.7477082396840871,20.0,0.0
184.25,-11.26853837074077,49.48080369766881,-166.66244975926173,33.06609408494469,33.06609408494569,0.7477082396840089,20.0,0.0
184.3,-12.144263476119967,49.273184961017726,-165.64630776673582,33.06609408494476,33.06609408494574,0.7477082396839378,20.0,0.0
184.35000000000002,-13.016168933597815,49.05006868366364,-164.6301657742099,33.06609408494483,33.066094084945796,0.7477082396838597,20.0,0.0
184.4,-13.8839805090178,48.81152504076557,-163.61402378168395,33.0660940849449,33.06609408494587,0.7477082396837886,20.0,0.0
184.45000000000002,-14.747425255842709,48.55762905974092,-162.597881789158,33.066094084944964,33.066094084945895,0.7477082396837247,20.0,0.0
184.5,-15.606231601002538,48.28846059666767,-161.58173979663206,33.06609408494503,33.06609408494594,0.7477082396836536,20.0,0.0
184.55,-16.46012943031042,48.004104311167794,-160.56559780410612,33.06609408494509,33.066094084945995,0.7477082396835897,20.0,0.0
184.60000000000002,-17.308850173419696,47.70464963977989,-159.54945581158017,33.066094084945156,33.06609408494603,0.7477082396835186,20.0,0.0
184.65,-18.15212688829542,47.390190767829345,-158.5333138190542,33.06609408494522,33.06609408494608,0.7477082396834476,20.0,0.0
184.70000000000002,-18.989694345173717,47.06082659980492,-157.51717182652825,33.066094084945284,33.06609408494613,0.7477082396833836,20.0,0.0
184.75,-19.821289109982587,46.716660728250986,-156.5010298340023,33.06609408494534,33.06609408494617,0.7477082396833197,20.0,0.0
184.8,-20.646649627197945,46.357801401185355,-155.48488784147636,33.0660940849454,33.06609408494622,0.7477082396832557,20.0,0.0
184.85000000000002,-21.465516302108785,45.98436148805278,-154.46874584895042,33.066094084945455,33.066094084946265,0.7477082396831918,20.0,0.0
184.9,-22.277631582465645,45.59645844422494,-153.45260385642445,33.06609408494551,33.06609408494631,0.7477082396831278,20.0,0.0
184.95000000000002,-23.08274003948667,45.19421427405808,-152.4364618638985,33.06609408494557,33.066094084946364,0.7477082396830639,20.0,0.0
185.0,-23.88058844819578,44.777755492519816,-151.42031987137253,33.06609408494563,33.06609408494641,0.747708239683007,20.0,0.0
185.05,-24.670925867067712,44.3472130853973,-150.40417787884655,33.06609408494569,33.066094084946435,0.7477082396829431,20.0,0.0
185.10000000000002,-25.45350371695485,43.90272246809922,-149.38803588632058,33.06609408494574,33.06609408494647,0.7477082396828862,20.0,0.0
185.15,-26.228075859271026,43.44442344306455,-148.3718938937946,33.06609408494579,33.066094084946506,0.7477082396828294,20.0,0.0
185.20000000000002,-26.994398673407748,42.97246015579151,-147.35575190126863,33.06609408494584,33.06609408494654,0.7477082396827726,20.0,0.0
185.25,-27.752231133358407,42.486981049500486,-146.33960990874266,33.06609408494589,33.066094084946585,0.7477082396827157,20.0,0.0
185.3,-28.501334883526482,41.988138818445286,-145.32346791621669,33.06609408494594,33.06609408494663,0.7477082396826589,20.0,0.0
185.35000000000002,-29.241474313693793,41.4760903598873,-144.3073259236907,33.066094084945995,33.06609408494666,0.7477082396826091,20.0,0.0
185.4,-29.972416633125295,40.950996724747725,-143.2911839311647,33.066094084946045,33.06609408494671,0.7477082396825523,20.0,0.0
185.45000000000002,-30.693931943787085,40.413023066953386,-142.27504193863874,33.066094084946094,33.066094084946734,0.7477082396825026,20.0,0.0
185.5,-31.40579331265456,39.862338591492055,-141.25889994611276,33.06609408494614,33.06609408494677,0.7477082396824528,20.0,0.0
185.55,-32.10777684308805,39.299116501193616,-140.2427579535868,33.06609408494618,33.06609408494682,0.7477082396824031,20.0,0.0
185.60000000000002,-32.79966174525339,38.723533942253844,-139.22661596106082,33.06609408494623,33.066094084946855,0.7477082396823533,20.0,0.0
185.65,-33.4812304055654,38.13577194851787,-138.2104739685348,33.06609408494627,33.066094084946904,0.7477082396823036,20.0,0.0
185.70000000000002,-34.15226845513229,37.536015384540896,-137.1943319760088,33.066094084946315,33.06609408494691,0.747708239682261,20.0,0.0
185.75,-34.812564837179565,36.9244528874441,-136.1781899834828,33.06609408494636,33.06609408494694,0.7477082396822112,20.0,0.0
185.8,-35.46191187343223,36.30127680758393,-135.1620479909568,33.0660940849464,33.06609408494697,0.7477082396821615,20.0,0.0
185.85000000000002,-36.10010532943431,35.66668314805358,-134.1459059984308,33.066094084946435,33.06609408494699,0.7477082396821189,20.0,0.0
185.9,-36.72694447878524,35.02087150303547,-133.1297640059048,33.06609408494648,33.06609408494702,0.7477082396820762,20.0,0.0
185.95000000000002,-37.34223216627295,34.36404499502439,-132.1136220133788,33.06609408494651,33.06609408494705,0.7477082396820265,20.0,0.0
186.0,-37.945774869883614,33.69641021094081,-131.0974800208528,33.06609408494655,33.066094084947096,0.7477082396819839,20.0,0.0
186.05,-38.53738276166877,33.01817713715458,-130.0813380283268,33.06609408494659,33.06609408494711,0.7477082396819483,20.0,0.0
186.10000000000002,-39.116869767450545,32.329559093439435,-129.0651960358008,33.06609408494663,33.06609408494715,0.7477082396819057,20.0,0.0
186.15,-39.6840536253462,31.630772665879057,-128.0490540432748,33.06609408494666,33.06609408494718,0.7477082396818631,20.0,0.0
186.20000000000002,-40.23875594309369,30.922037638745813,-127.0329120507488,33.066094084946705,33.06609408494721,0.7477082396818275,20.0,0.0
186.25,-40.78080225416007,30.203576925373582,-126.0167700582228,33.06609408494674,33.06609408494725,0.7477082396817849,20.0,0.0
186.3,-41.310022072615205,29.47561649804644,-125.0006280656968,33.06609408494678,33.06609408494728,0.7477082396817494,20.0,0.0
186.35000000000002,-41.82624894675349,28.738385316925196,-123.9844860731708,33.06609408494682,33.066094084947316,0.7477082396817138,20.0,0.0
186.4,-42.329320511446696,27.992115258034232,-122.9683440806448,33.066094084946855,33.066094084947345,0.7477082396816712,20.0,0.0
186.45000000000002,-42.81907853921154,27.23704104033117,-121.9522020881188,33.0660940849469,33.06609408494739,0.7477082396816286,20.0,0.0
186.5,-43.2953689899758,26.473400151882434,-120.93606009559277,33.06609408494693,33.066094084947395,0.7477082396815931,20.0,0.0
186.55,-43.75804205952745,25.70143277516781,-119.91991810306675,33.06609408494697,33.06609408494741,0.7477082396815575,20.0,0.0
186.60000000000002,-44.206952226631486,24.9213817115376,-118.90377611054072,33.066094084947,33.066094084947444,0.7477082396815149,20.0,0.0
186.65,-44.641958298799715,24.133492304846044,-117.88763411801469,33.066094084947025,33.06609408494745,0.7477082396814865,20.0,0.0
186.70000000000002,-45.062923456698954,23.338012364285085,-116.87149212548866,33.06609408494706,33.06609408494747,0.747708239681451,20.0,0.0
186.75,-45.46971529718388,22.535192086442724,-115.85535013296264,33.06609408494709,33.0660940849475,0.7477082396814083,20.0,0.0
186.8,-45.86220587494083,21.72528397661049,-114.83920814043661,33.066094084947125,33.066094084947515,0.7477082396813799,20.0,0.0
186.85000000000002,-46.24027174272948,20.90854276936476,-113.82306614791058,33.066094084947146,33.066094084947544,0.7477082396813444,20.0,0.0
186.9,-46.603793990209894,20.08522534844693,-112.80692415538455,33.066094084947174,33.06609408494757,0.747708239681316,20.0,0.0
186.95000000000002,-46.952658281342465,19.255590665967603,-111.79078216285853,33.0660940849472,33.06609408494758,0.7477082396812875,20.0,0.0
187.0,-47.28675489034924,18.41989966096027,-110.7746401703325,33.066094084947224,33.06609408494761,0.747708239681252,20.0,0.0
187.05,-47.605978736225204,17.57841517731,-109.75849817780647,33.06609408494725,33.066094084947615,0.7477082396812165,20.0,0.0
187.10000000000002,-47.910229415788606,16.73140188108307,-108.74235618528044,33.066094084947274,33.066094084947665,0.747708239681188,20.0,0.0
187.15,-48.19941123526007,15.87912617728343,-107.72621419275443,33.0660940849473,33.066094084947686,0.7477082396811596,20.0,0.0
187.20000000000002,-48.47343324036049,15.02185612606226,-106.7100722002284,33.06609408494733,33.06609408494771,0.7477082396811241,20.0,0.0
187.25,-48.732209244918195,14.15986135840694,-105.69393020770237,33.06609408494735,33.0660940849477,0.7477082396810957,20.0,0.0
187.3,-48.975657857976486,13.293412991335947,-104.67778821517634,33.06609408494738,33.06609408494774,0.7477082396810601,20.0,0.0
187.35000000000002,-49.20370250939295,12.422783542626368,-103.6616462226503,33.0660940849474,33.06609408494776,0.7477082396810317,20.0,0.0
187.4,-49.41627147392249,11.54824684510085,-102.64550423012426,33.06609408494743,33.06609408494778,0.7477082396810104,20.0,0.0
187.45000000000002,-49.6132978937766,10.670077960500926,-101.62936223759822,33.06609408494745,33.066094084947814,0.747708239680982,20.0,0.0
187.5,-49.794719799651595,9.78855309297382,-100.61322024507218,33.06609408494748,33.06609408494782,0.7477082396809536,20.0,0.0
187.55,-49.96048013021945,8.903949502199943,-99.59707825254614,33.06609408494751,33.06609408494783,0.7477082396809251,20.0,0.0
187.60000000000002,-50.11052675007483,8.016545416188404,-98.5809362600201,33.06609408494753,33.06609408494786,0.7477082396808967,20.0,0.0
187.65,-50.24481246613289,7.126619943767945,-97.56479426749407,33.06609408494756,33.06609408494788,0.7477082396808754,20.0,0.0
187.70000000000002,-50.363295042472565,6.234452986800857,-96.54865227496802,33.06609408494758,33.066094084947885,0.7477082396808541,20.0,0.0
187.75,-50.46593721362074,5.340325152147451,-95.53251028244199,33.0660940849476,33.066094084947906,0.7477082396808257,20.0,0.0
187.8,-50.55270669627309,4.444517663408803,-94.51636828991595,33.06609408494762,33.06609408494794,0.7477082396808044,20.0,0.0
187.85000000000002,-50.62357619944791,3.547312272475515,-93.5002262973899,33.06609408494764,33.06609408494794,0.7477082396807759,20.0,0.0
187.9,-50.67852343306976,2.6489911709103198,-92.48408430486387,33.066094084947665,33.06609408494798,0.7477082396807546,20.0,0.0
187.95000000000002,-50.717531114980204,1.749836901192395,-91.46794231233783,33.066094084947686,33.066094084947984,0.7477082396807333,20.0,0.0
188.0,-50.740586976373415,0.8501322678513097,-90.45180031981178,33.0660940849477,33.066094084948006,0.747708239680712,20.0,0.0
188.05,-50.74768376565503,-0.04983975148145403,-89.43565832728574,33.06609408494772,33.06609408494803,0.7477082396806907,20.0,0.0
188.10000000000002,-50.73881925072293,-0.949796095075419,-88.41951633475968,33.06609408494774,33.06609408494804,0.7477082396806622,20.0,0.0
188.15,-50.71399621966928,-1.8494537061304857,-87.40337434223363,33.06609408494776,33.066094084948055,0.7477082396806409,20.0,0.0
188.20000000000002,-50.67322247990362,-2.748529621804753,-86.38723234970757,33.06609408494778,33.06609408494806,0.7477082396806196,20.0,0.0
188.25,-50.61651085569724,-3.6467410622127865,-85.37109035718153,33.0660940849478,33.066094084948084,0.7477082396805912,20.0,0.0
188.3,-50.54387918414968,-4.5438055193663445,-84.35494836465547,33.06609408494782,33.0660940849481,0.7477082396805699,20.0,0.0
188.35000000000002,-50.45535030957853,-5.439440846029583,-83.33880637212943,33.066094084947835,33.06609408494811,0.7477082396805486,20.0,0.0
188.4,-50.35095207633439,-6.333365344460799,-82.32266437960337,33.066094084947856,33.066094084948126,0.7477082396805272,20.0,0.0
188.45000000000002,-50.23071732004317,-7.225297855012798,-81.30652238707731,33.06609408494788,33.06609408494814,0.747708239680513,20.0,0.0
188.5,-50.094683857278554,-8.114957844564012,-80.29038039455126,33.06609408494789,33.066094084948155,0.7477082396804917,20.0,0.0
188.55,-49.94289447366781,-9.002065494752573,-79.2742384020252,33.06609408494791,33.06609408494817,0.7477082396804775,20.0,0.0
188.60000000000002,-49.77539691043475,-9.886341789985565,-78.25809640949916,33.066094084947935,33.06609408494818,0.7477082396804633,20.0,0.0
188.65,-49.592243849384,-10.767508605195795,-77.2419544169731,33.06609408494795,33.0660940849482,0.747708239680442,20.0,0.0
188.70000000000002,-49.393492896331395,-11.645288793318471,-76.22581242444706,33.06609408494797,33.06609408494821,0.7477082396804278,20.0,0.0
188.75,-49.179206562985634,-12.519406272460278,-75.209670431921,33.06609408494799,33.06609408494822,0.7477082396804136,20.0,0.0
188.8,-48.94945224728691,-13.389586112733431,-74.19352843939495,33.066094084948006,33.06609408494823,0.7477082396803922,20.0,0.0
188.85000000000002,-48.70430221220872,-14.255554622727393,-73.1773864468689,33.06609408494803,33.06609408494826,0.7477082396803709,20.0,0.0
188.9,-48.44383356302953,-15.11703943559107,-72.16124445434284,33.06609408494805,33.06609408494826,0.7477082396803567,20.0,0.0
188.95000000000002,-48.16812822308138,-15.973769594698403,-71.14510246181676,33.06609408494806,33.066094084948276,0.7477082396803425,20.0,0.0
189.0,-47.87727290798315,-16.825475638870397,-70.1289604692907,33.06609408494807,33.06609408494828,0.7477082396803212,20.0,0.0
189.05,-47.5713590983665,-17.67188968712682,-69.11281847676463,33.066094084948084,33.0660940849483,0.747708239680307,20.0,0.0
189.10000000000002,-47.25048301110315,-18.512745522940882,-68.09667648423857,33.0660940849481,33.066094084948304,0.7477082396802928,20.0,0.0
189.15,-46.914745569042445,-19.34777867797039,-67.08053449171251,33.06609408494811,33.066094084948304,0.7477082396802786,20.0,0.0
189.20000000000002,-46.56425236926885,-20.176726515239096,-66.06439249918644,33.06609408494812,33.06609408494832,0.7477082396802643,20.0,0.0
189.25,-46.19911364988923,-20.999328311742005,-65.04825050666038,33.06609408494813,33.06609408494833,0.7477082396802501,20.0,0.0
189.3,-45.819444255360466,-21.815325340448705,-64.0321085141343,33.06609408494815,33.06609408494833,0.7477082396802288,20.0,0.0
189.35000000000002,-45.425363600368264,-22.624460951678934,-63.01596652160825,33.06609408494816,33.066094084948354,0.7477082396802146,20.0,0.0
189.4,-45.01699563226849,-23.426480653824747,-61.9998245290822,33.066094084948176,33.06609408494836,0.7477082396802004,20.0,0.0
189.45000000000002,-44.5944687921029,-24.221132193393938,-60.983682536556145,33.06609408494818,33.06609408494838,0.7477082396801791,20.0,0.0
189.5,-44.15791597420153,-25.008165634349513,-59.96754054403009,33.0660940849482,33.06609408494841,0.747708239680172,20.0,0.0
189.55,-43.707474484384356,-25.787333436720278,-58.951398551504035,33.06609408494821,33.066094084948425,0.7477082396801578,20.0,0.0
189.60000000000002,-43.24328599677552,-26.558390534457807,-57.93525655897798,33.066094084948226,33.06609408494844,0.7477082396801435,20.0,0.0
189.65,-42.76549650924356,-27.321094412515308,-56.91911456645193,33.06609408494824,33.06609408494847,0.7477082396801293,20.0,0.0
189.70000000000002,-42.27425629748177,-28.07520518312413,-55.90297257392588,33.066094084948254,33.06609408494849,0.7477082396801151,20.0,0.0
189.75,-41.76971986774304,-28.820485661243946,-54.88683058139983,33.066094084948276,33.0660940849485,0.7477082396801009,20.0,0.0
189.8,-41.25204590824415,-29.556701439162854,-53.87068858887375,33.0660940849483,33.06609408494851,0.7477082396800867,20.0,0.0
189.85000000000002,-40.72139723925467,-30.28362096022395,-52.854546596347674,33.066094084948304,33.06609408494851,0.7477082396800796,20.0,0.0
189.9,-40.1779407618863,-31.001015591655182,-51.838404603821594,33.06609408494832,33.06609408494852,0.7477082396800654,20.0,0.0
189.95000000000002,-39.62184740559863,-31.708659696479575,-50.82226261129552,33.06609408494833,33.06609408494852,0.7477082396800583,20.0,0.0
190.0,-39.05329207443797,-32.406330704483196,-49.80612061876944,33.06609408494835,33.06609408494852,0.7477082396800441,20.0,0.0
190.05,-38.472453592026,-33.09380918221858,-48.78997862624336,33.06609408494836,33.066094084948524,0.747708239680037,20.0,0.0
190.10000000000002,-37.87951464531567,-33.770878902021536,-47.77383663371729,33.06609408494837,33.06609408494854,0.7477082396800228,20.0,0.0
190.15,-37.27466172713201,-34.43732691001969,-46.75769464119121,33.06609408494838,33.06609408494854,0.7477082396800085,20.0,0.0
190.20000000000002,-36.65808507751585,-35.09294359311135,-45.74155264866513,33.066094084948396,33.066094084948546,0.7477082396800014,20.0,0.0
190.25,-36.029978623889,-35.73752274489358,-44.725410656139054,33.06609408494841,33.066094084948546,0.7477082396799872,20.0,0.0
190.3,-35.39053992005965,-36.37086163051884,-43.709268663612974,33.066094084948425,33.06609408494855,0.7477082396799801,20.0,0.0
190.35000000000002,-34.739970084087204,-36.9927610504597,-42.693126671086894,33.06609408494843,33.06609408494855,0.7477082396799659,20.0,0.0
190.4,-34.07847373502604,-37.603025403161666,-41.67698467856082,33.06609408494844,33.06609408494856,0.7477082396799588,20.0,0.0
190.45000000000002,-33.406258928568164,-38.2014627465643,-40.66084268603474,33.066094084948446,33.06609408494857,0.7477082396799517,20.0,0.0
190.5,-32.723537091604946,-38.787884858471394,-39.64470069350866,33.06609408494845,33.066094084948574,0.7477082396799375,20.0,0.0
190.55,-32.03052295572854,-39.36210729575114,-38.62855870098259,33.06609408494846,33.06609408494858,0.7477082396799304,20.0,0.0
190.60000000000002,-31.32743448969391,-39.92394945234769,-37.61241670845651,33.06609408494847,33.066094084948595,0.7477082396799162,20.0,0.0
190.65,-30.614492830862652,-40.47323461608592,-36.59627471593043,33.066094084948475,33.06609408494859,0.7477082396799091,20.0,0.0
190.70000000000002,-29.89192221565028,-41.00979002425139,-35.580132723404354,33.06609408494848,33.066094084948595,0.747708239679902,20.0,0.0
190.75,-29.159949908998748,-41.53344691792819,-34.563990730878274,33.06609408494849,33.06609408494861,0.7477082396798949,20.0,0.0
190.8,-28.418806132896442,-42.04404059507746,-33.547848738352194,33.06609408494849,33.06609408494861,0.7477082396798878,20.0,0.0
190.85000000000002,-27.66872399396811,-42.54141046233995,-32.53170674582612,33.066094084948496,33.06609408494861,0.7477082396798806,20.0,0.0
190.9,-26.909939410157516,-43.02540008554625,-31.51556475330004,33.0660940849485,33.06609408494863,0.7477082396798664,20.0,0.0
190.95000000000002,-26.14269103652586,-43.495857238918994,-30.499422760773964,33.06609408494851,33.06609408494863,0.7477082396798593,20.0,0.0
191.0,-25.36722019018932,-43.95263395295124,-29.483280768247887,33.06609408494852,33.06609408494864,0.7477082396798593,20.0,0.0
191.05,-24.583770774419314,-44.39558656094631,-28.467138775721807,33.066094084948524,33.066094084948645,0.7477082396798522,20.0,0.0
191.10000000000002,-23.792589201929353,-44.82457574420425,-27.45099678319573,33.06609408494853,33.06609408494865,0.7477082396798451,20.0,0.0
191.15,-22.993924317372624,-45.23946657584071,-26.434854790669654,33.06609408494854,33.06609408494866,0.747708239679838,20.0,0.0
191.20000000000002,-22.188027319074674,-45.64012856322453,-25.418712798143574,33.066094084948546,33.066094084948666,0.7477082396798238,20.0,0.0
191.25,-21.3751516800258,-46.02643568902069,-24.402570805617497,33.066094084948546,33.06609408494867,0.7477082396798167,20.0,0.0
191.3,-20.555553068158016,-46.398266450825574,-23.38642881309142,33.06609408494855,33.06609408494867,0.7477082396798167,20.0,0.0
191.35000000000002,-19.72948926593165,-46.7555038993823,-22.37028682056534,33.06609408494856,33.06609408494868,0.7477082396798025,20.0,0.0
191.4,-18.897220089256887,-47.0980356753639,-21.354144828039264,33.06609408494857,33.06609408494869,0.7477082396798025,20.0,0.0
191.45000000000002,-18.05900730577573,-47.42575404471291,-20.338002835513187,33.066094084948574,33.06609408494871,0.7477082396797883,20.0,0.0
191.5,-17.215114552530114,-47.73855593252617,-19.321860842987107,33.06609408494859,33.066094084948716,0.7477082396797812,20.0,0.0
191.55,-16.36580725304204,-48.03634295547424,-18.30571885046103,33.066094084948595,33.066094084948716,0.7477082396797812,20.0,0.0
191.60000000000002,-15.511352533831813,-48.31902145274521,-17.289576857934954,33.0660940849486,33.06609408494872,0.7477082396797741,20.0,0.0
191.65,-14.652019140400672,-48.586502515503156,-16.273434865408873,33.06609408494861,33.06609408494873,0.7477082396797741,20.0,0.0
191.70000000000002,-13.788077352704185,-48.83870201485199,-15.257292872882797,33.06609408494861,33.06609408494874,0.747708239679767,20.0,0.0
191.75,-12.919798900143052,-49.07554062829592,-14.24115088035672,33.06609408494862,33.06609408494874,0.7477082396797599,20.0,0.0
191.8,-12.047456876097996,-49.2969438646882,-13.225008887830642,33.066094084948624,33.06609408494875,0.7477082396797599,20.0,0.0
191.85000000000002,-11.171325652035675,-49.50284208766028,-12.208866895304563,33.06609408494863,33.06609408494876,0.7477082396797528,20.0,0.0
191.9,-10.29168079121259,-49.69317053752402,-11.192724902778487,33.06609408494864,33.06609408494876,0.7477082396797456,20.0,0.0
191.95000000000002,-9.408798962004159,-49.867869351640124,-10.176582910252408,33.066094084948645,33.06609408494878,0.7477082396797385,20.0,0.0
192.0,-8.522957850886197,-50.026883583246274,-9.160440917726332,33.06609408494866,33.06609408494879,0.7477082396797314,20.0,0.0
192.05,-7.634436075096191,-50.17016321873916,-8.144298925200253,33.066094084948666,33.06609408494879,0.7477082396797314,20.0,0.0
192.10000000000002,-6.743513095001816,-50.29766319340489,-7.128156932674176,33.066094084948666,33.06609408494881,0.7477082396797243,20.0,0.0
192.15,-5.850469126204282,-50.40934340559285,-6.112014940148097,33.06609408494868,33.066094084948816,0.7477082396797172,20.0,0.0
192.20000000000002,-4.955585051404126,-50.505168729328645,-5.09587294762202,33.066094084948695,33.066094084948816,0.7477082396797101,20.0,0.0
192.25,-4.059142332057204,-50.585109025361966,-4.079730955095942,33.0660940849487,33.066094084948816,0.747708239679703,20.0,0.0
192.3,-3.1614229198486354,-50.64913915064609,-3.0635889625698645,33.06609408494871,33.06609408494883,0.747708239679703,20.0,0.0
192.35000000000002,-2.2627091680125684,-50.69723896624595,-2.047446970043787,33.066094084948716,33.06609408494884,0.7477082396796959,20.0,0.0
192.4,-1.3632837425256488,-50.729393343672264,-1.0313049775177092,33.06609408494872,33.06609408494884,0.7477082396796959,20.0,0.0
192.45000000000002,-0.4634295332021202,-50.74559216963982,-0.015162984991631472,33.06609408494873,33.06609408494885,0.7477082396796959,20.0,0.0
192.5,0.4365704352814761,-50.74583034924832,1.0009790075344462,33.06609408494873,33.06609408494886,0.7477082396796888,20.0,0.0
192.55,1.3364330924040175,-50.73010780758485,2.017121000060524,33.06609408494874,33.066094084948865,0.7477082396796888,20.0,0.0
192.60000000000002,2.235875410831937,-50.69842948974742,3.033262992586602,33.066094084948745,33.066094084948865,0.7477082396796888,20.0,0.0
192.65,3.1346144954377757,-50.65080535928965,4.049404985112679,33.06609408494875,33.06609408494887,0.7477082396796888,20.0,0.0
192.70000000000002,4.032367672277155,-50.587250395086976,5.065546977638757,33.06609408494876,33.06609408494889,0.7477082396796817,20.0,0.0
192.75,4.928852577496178,-50.507784586625476,6.0816889701648345,33.066094084948766,33.0660940849489,0.7477082396796817,20.0,0.0
192.8,5.823787246141306,-50.41243292771471,7.097830962690913,33.06609408494878,33.06609408494891,0.7477082396796746,20.0,0.0
192.85000000000002,6.716890200843767,-50.30122540862659,8.11397295521699,33.06609408494879,33.06609408494891,0.7477082396796746,20.0,0.0
192.9,7.6078805403506085,-50.174197006662766,9.130114947743069,33.06609408494879,33.066094084948915,0.7477082396796746,20.0,0.0
192.95000000000002,8.496478027874552,-50.031387675153454,10.146256940269145,33.066094084948794,33.066094084948915,0.7477082396796675,20.0,0.0
193.0,9.382403179234853,-49.872842330891224,11.162398932795224,33.0660940849488,33.066094084948936,0.7477082396796675,20.0,0.0
193.05,10.265377350761451,-49.698610840003624,12.1785409253213,33.066094084948816,33.066094084948936,0.7477082396796675,20.0,0.0
193.10000000000002,11.145122826934767,-49.50874800226915,13.194682917847404,33.06609408494882,33.06609408494893,0.7477082396796746,20.0,0.0
193.15,12.021362907733558,-49.30331353388147,14.210824910373507,33.06609408494883,33.066094084948915,0.7477082396796746,20.0,0.0
193.20000000000002,12.893821995663394,-49.08237204866732,15.22696690289961,33.06609408494884,33.06609408494891,0.7477082396796675,20.0,0.0
193.25,13.76222568243836,-48.84599303776397,16.243108895425713,33.066094084948844,33.06609408494891,0.7477082396796746,20.0,0.0
193.3,14.626300835288713,-48.59425084776269,17.25925088795182,33.06609408494885,33.06609408494891,0.7477082396796675,20.0,0.0
193.35000000000002,15.485775682867372,-48.32722465732504,18.27539288047792,33.06609408494885,33.0660940849489,0.7477082396796675,20.0,0.0
193.4,16.34037990072821,-48.044998452279394,19.291534873004025,33.06609408494885,33.06609408494889,0.7477082396796675,20.0,0.0
193.45000000000002,17.18984469634925,-47.74766099920545,20.307676865530127,33.06609408494885,33.06609408494889,0.7477082396796675,20.0,0.0
193.5,18.033902893674064,-47.43530581751514,21.323818858056228,33.06609408494885,33.06609408494888,0.7477082396796675,20.0,0.0
193.55,18.872289017144713,-47.108031150038634,22.339960850582333,33.06609408494885,33.066094084948865,0.7477082396796604,20.0,0.0
193.60000000000002,19.704739375199882,-46.76593993212473,23.356102843108435,33.06609408494885,33.06609408494886,0.7477082396796604,20.0,0.0
193.65,20.53099214321189,-46.40913975926534,24.37224483563454,33.06609408494885,33.066094084948844,0.7477082396796604,20.0,0.0
193.70000000000002,21.350787445836502,-46.03774285325423,25.38838682816064,33.06609408494885,33.066094084948844,0.7477082396796533,20.0,0.0
193.75,22.16386743874966,-45.65186602689076,26.404528820686746,33.06609408494885,33.06609408494884,0.7477082396796533,20.0,0.0
193.8,22.969976389745394,-45.25163064723954,27.420670813212848,33.06609408494885,33.06609408494883,0.7477082396796462,20.0,0.0
193.85000000000002,23.768860759169453,-44.83716259745774,28.436812805738953,33.06609408494885,33.066094084948816,0.7477082396796391,20.0,0.0
193.9,24.56026927966329,-44.40859223720198,29.452954798265054,33.06609408494885,33.06609408494882,0.747708239679632,20.0,0.0
193.95000000000002,25.343953035193397,-43.966054361627215,30.46909679079116,33.06609408494885,33.066094084948816,0.747708239679632,20.0,0.0
194.0,26.11966553934106,-43.5096881589906,31.48523878331726,33.06609408494885,33.0660940849488,0.747708239679632,20.0,0.0
194.05,26.887162812827967,-43.03963716687361,32.501380775843366,33.06609408494885,33.06609408494879,0.7477082396796249,20.0,0.0
194.10000000000002,27.646203460253258,-42.55604922703619,33.51752276836947,33.066094084948844,33.06609408494879,0.7477082396796177,20.0,0.0
194.15,28.39654874601788,-42.05907643891716,34.53366476089557,33.06609408494884,33.06609408494879,0.7477082396796177,20.0,0.0
194.20000000000002,29.137962669412396,-41.548875111795454,35.54980675342168,33.06609408494883,33.06609408494878,0.7477082396796106,20.0,0.0
194.25,29.870212038844564,-41.02560571562729,36.56594874594778,33.06609408494882,33.066094084948766,0.7477082396796106,20.0,0.0
194.3,30.593066545183436,-40.489432830574735,37.58209073847388,33.066094084948816,33.06609408494876,0.7477082396796035,20.0,0.0
194.35000000000002,31.306298834196824,-39.94052509524144,38.59823273099998,33.06609408494881,33.06609408494877,0.7477082396795964,20.0,0.0
194.4,32.009684578059385,-39.379055153632,39.61437472352609,33.06609408494881,33.06609408494875,0.7477082396795893,20.0,0.0
194.45000000000002,32.703002545908866,-38.80519960085145,40.63051671605219,33.0660940849488,33.06609408494874,0.7477082396795893,20.0,0.0
194.5,33.38603467342822,-38.219138927562085,41.64665870857829,33.066094084948794,33.06609408494874,0.7477082396795822,20.0,0.0
194.55,34.05856613143184,-37.62105746321502,42.662800701104395,33.06609408494879,33.06609408494873,0.7477082396795751,20.0,0.0
194.60000000000002,34.72038539343421,-37.01114331807438,43.678942693630496,33.06609408494879,33.06609408494873,0.747708239679568,20.0,0.0
194.65,35.37128430217985,-36.38958832405234,44.695084686156605,33.06609408494878,33.06609408494873,0.747708239679568,20.0,0.0
194.70000000000002,36.01105813511347,-35.75658797437359,45.711226678682706,33.06609408494878,33.066094084948716,0.7477082396795538,20.0,0.0
194.75,36.639505668769935,-35.11234136208827,46.72736867120881,33.06609408494877,33.066094084948716,0.7477082396795467,20.0,0.0
194.8,37.2564292420636,-34.45705111745268,47.74351066373491,33.066094084948766,33.0660940849487,0.7477082396795396,20.0,0.0
194.85000000000002,37.86163481845723,-33.790923344197395,48.75965265626102,33.06609408494876,33.0660940849487,0.7477082396795325,20.0,0.0
194.9,38.45493204699096,-33.11416755470299,49.77579464878712,33.06609408494875,33.066094084948695,0.7477082396795183,20.0,0.0
194.95000000000002,39.03613432215196,-32.426996604103586,50.79193664131322,33.066094084948745,33.06609408494869,0.7477082396795112,20.0,0.0
195.0,39.605058842566145,-31.72962662333908,51.80807863383932,33.06609408494874,33.06609408494869,0.7477082396795041,20.0,0.0
195.05,40.161526668493394,-31.022276951177002,52.82422062636543,33.06609408494873,33.06609408494868,0.747708239679497,20.0,0.0
195.10000000000002,40.70536277810817,-30.305170065225493,53.84036261889153,33.06609408494873,33.06609408494867,0.7477082396794827,20.0,0.0
195.15,41.23639612254786,-29.578531511959014,54.856504611417634,33.06609408494872,33.06609408494868,0.7477082396794756,20.0,0.0
195.20000000000002,41.754459679711566,-28.84258983577884,55.872646603943735,33.06609408494872,33.066094084948666,0.7477082396794685,20.0,0.0
195.25,42.259390506792364,-28.09757650713062,56.888788596469844,33.066094084948716,33.06609408494867,0.7477082396794614,20.0,0.0
195.3,42.75102979152652,-27.34372584970165,57.904930588995946,33.066094084948716,33.066094084948666,0.7477082396794543,20.0,0.0
195.35000000000002,43.22922290214358,-26.58127496672073,58.92107258152205,33.06609408494871,33.066094084948666,0.7477082396794472,20.0,0.0
195.4,43.6938194360016,-25.810463666383793,59.93721457404815,33.0660940849487,33.066094084948666,0.7477082396794401,20.0,0.0
195.45000000000002,44.14467326689216,-25.03153438642874,60.95335656657425,33.0660940849487,33.06609408494865,0.747708239679433,20.0,0.0
195.5,44.581642591000474,-24.24473211788325,61.96949855910036,33.066094084948695,33.06609408494865,0.7477082396794259,20.0,0.0
195.55,45.00458997150584,-23.450304328009523,62.98564055162646,33.06609408494869,33.066094084948645,0.7477082396794117,20.0,0.0
195.60000000000002,45.4133823818087,-22.64850088247017,64.00178254415256,33.06609408494869,33.06609408494866,0.7477082396794046,20.0,0.0
195.65,45.80789124737054,-21.839573966739763,65.01792453667866,33.06609408494869,33.06609408494864,0.7477082396793975,20.0,0.0
195.70000000000002,46.187992486153505,-21.023778006786753,66.03406652920476,33.06609408494868,33.06609408494864,0.7477082396793833,20.0,0.0
195.75,46.55356654764702,-20.20136958905069,67.05020852173087,33.06609408494867,33.06609408494863,0.7477082396793762,20.0,0.0
195.8,46.904498450469184,-19.37260737973995,68.06635051425698,33.06609408494867,33.06609408494864,0.747708239679362,20.0,0.0
195.85000000000002,47.240677818531005,-18.537752043475304,69.08249250678308,33.06609408494867,33.06609408494864,0.7477082396793548,20.0,0.0
195.9,47.56199891575221,-17.697066161304942,70.09863449930918,33.06609408494867,33.066094084948624,0.7477082396793477,20.0,0.0
195.95000000000002,47.868360679317675,-16.850814148116754,71.11477649183529,33.066094084948666,33.066094084948624,0.7477082396793406,20.0,0.0
196.0,48.159666751463945,-15.999262169473809,72.13091848436139,33.066094084948666,33.06609408494861,0.7477082396793335,20.0,0.0
196.05,48.43582550978598,-15.142678057899218,73.14706047688745,33.06609408494866,33.06609408494866,0.7477082396793193,20.0,0.0
196.10000000000002,48.69675009605448,-14.28133122863669,74.16320246941349,33.06609408494866,33.06609408494868,0.7477082396793122,20.0,0.0
196.15,48.942358443534786,-13.415492594913298,75.17934446193955,33.06609408494866,33.066094084948716,0.747708239679298,20.0,0.0
196.20000000000002,49.17257330279874,-12.545434482731084,76.1954864544656,33.066094084948666,33.06609408494874,0.7477082396792909,20.0,0.0
196.25,49.38732226602138,-11.671430545214323,77.21162844699165,33.066094084948666,33.06609408494876,0.7477082396792838,20.0,0.0
196.3,49.58653778975486,-10.79375567653937,78.2277704395177,33.06609408494867,33.06609408494879,0.7477082396792838,20.0,0.0
196.35000000000002,49.77015721617241,-9.912685925474172,79.2439124320438,33.06609408494868,33.06609408494879,0.7477082396792767,20.0,0.0
196.4,49.938122792775644,-9.028498408554631,80.2600544245699,33.06609408494869,33.06609408494879,0.7477082396792767,20.0,0.0
196.45000000000002,50.09038169055905,-8.141471222925135,81.27619641709602,33.066094084948695,33.06609408494879,0.7477082396792696,20.0,0.0
196.5,50.2268860206259,-7.251883358870662,82.29233840962212,33.0660940849487,33.06609408494879,0.7477082396792625,20.0,0.0
196.55,50.34759284925042,-6.360014612067967,83.30848040214822,33.06609408494871,33.06609408494878,0.7477082396792554,20.0,0.0
196.60000000000002,50.45246421138141,-5.466145495583461,84.32462239467432,33.066094084948716,33.06609408494877,0.7477082396792554,20.0,0.0
196.65,50.54146712258313,-4.570557151645456,85.34076438720042,33.06609408494872,33.066094084948766,0.7477082396792483,20.0,0.0
196.70000000000002,50.614573589409645,-3.6735312632185146,86.35690637972652,33.06609408494873,33.06609408494876,0.7477082396792412,20.0,0.0
196.75,50.67176061820942,-2.7753499654077363,87.37304837225263,33.06609408494873,33.06609408494878,0.747708239679234,20.0,0.0
196.8,50.713010222357326,-1.876295756720829,88.38919036477873,33.06609408494873,33.06609408494878,0.747708239679227,20.0,0.0
196.85000000000002,50.738309427911865,-0.976651410215884,89.40533235730484,33.06609408494874,33.066094084948766,0.747708239679227,20.0,0.0
196.9,50.747650277695755,-0.07669988456279919,90.42147434983094,33.06609408494874,33.06609408494877,0.7477082396792198,20.0,0.0
196.95000000000002,50.741029833798656,0.8232757649536783,91.43761634235705,33.06609408494874,33.06609408494877,0.7477082396792127,20.0,0.0
197.0,50.7184501785012,1.722992475461296,92.45375833488315,33.06609408494874,33.06609408494877,0.7477082396792056,20.0,0.0
197.05,50.67991841362007,2.6221672655300265,93.46990032740925,33.06609408494874,33.066094084948766,0.7477082396791985,20.0,0.0
197.10000000000002,50.62544665827432,3.520517324176183,94.48604231993535,33.06609408494874,33.06609408494875,0.7477082396791914,20.0,0.0
197.15,50.55505204507363,4.417760099812925,95.50218431246145,33.06609408494874,33.06609408494876,0.7477082396791843,20.0,0.0
197.20000000000002,50.46875671472971,5.313613389119179,96.51832630498755,33.06609408494874,33.06609408494875,0.7477082396791772,20.0,0.0
197.25,50.36658780909254,6.207795425799017,97.53446829751367,33.06609408494874,33.06609408494875,0.7477082396791701,20.0,0.0
197.3,50.24857746261366,7.1000249692035915,98.55061029003977,33.06609408494874,33.06609408494875,0.7477082396791559,20.0,0.0
197.35000000000002,50.11476279223911,7.990021392787726,99.56675228256587,33.06609408494874,33.06609408494875,0.7477082396791488,20.0,0.0
197.4,49.965185885735345,8.877504772373374,100.58289427509197,33.06609408494874,33.06609408494875,0.7477082396791417,20.0,0.0
197.45000000000002,49.79989378845164,9.762195974192153,101.59903626761808,33.06609408494874,33.06609408494875,0.7477082396791346,20.0,0.0
197.5,49.618938488523284,10.643816742679283,102.61517826014418,33.06609408494874,33.06609408494876,0.7477082396791275,20.0,0.0
197.55,49.4223769005201,11.522089787991312,103.63132025267028,33.06609408494874,33.066094084948766,0.7477082396791204,20.0,0.0
197.60000000000002,49.21027084754553,12.396738873220096,104.64746224519638,33.06609408494874,33.06609408494875,0.7477082396791204,20.0,0.0
197.65,48.982687041791856,13.267488901275607,105.66360423772248,33.06609408494874,33.06609408494875,0.7477082396791133,20.0,0.0
197.70000000000002,48.739697063557685,14.134066001410243,106.6797462302486,33.06609408494874,33.066094084948745,0.7477082396791062,20.0,0.0
197.75,48.48137733873432,14.996197615357431,107.6958882227747,33.06609408494874,33.06609408494876,0.747708239679092,20.0,0.0
197.8,48.20780911476808,15.853612583057412,108.7120302153008,33.06609408494874,33.066094084948766,0.747708239679092,20.0,0.0
197.85000000000002,47.919078435106115,16.70604122794327,109.7281722078269,33.06609408494874,33.066094084948766,0.7477082396790848,20.0,0.0
197.9,47.61527611213377,17.55321544176036,110.744314200353,33.06609408494874,33.06609408494876,0.7477082396790706,20.0,0.0
197.95000000000002,47.29649769861204,18.394868768892483,111.7604561928791,33.06609408494874,33.06609408494876,0.7477082396790635,20.0,0.0
198.0,46.96284345762405,19.230736490168237,112.7765981854052,33.06609408494874,33.06609408494875,0.7477082396790564,20.0,0.0
198.05,46.61441833103997,20.06055570612125,113.79274017793131,33.06609408494874,33.066094084948766,0.7477082396790493,20.0,0.0
198.10000000000002,46.251331906510494,20.88406541967805,114.80888217045742,33.06609408494874,33.06609408494876,0.7477082396790422,20.0,0.0
198.15,45.87369838299895,21.701006618247604,115.82502416298347,33.06609408494874,33.066094084948794,0.747708239679028,20.0,0.0
198.20000000000002,45.48163653486317,22.51112235518669,116.84116615550953,33.066094084948745,33.06609408494883,0.7477082396790209,20.0,0.0
198.25,45.0752696744982,23.314157830615464,117.85730814803557,33.06609408494875,33.06609408494886,0.7477082396790138,20.0,0.0
198.3,44.654725613551776,24.10986047155785,118.87345014056163,33.06609408494876,33.06609408494889,0.7477082396790067,20.0,0.0
198.35000000000002,44.220136622724624,24.8979800113815,119.88959213308767,33.066094084948766,33.066094084948915,0.7477082396789996,20.0,0.0
198.4,43.77163939016832,25.678268568512344,120.90573412561373,33.06609408494878,33.06609408494894,0.7477082396789996,20.0,0.0
198.45000000000002,43.309374978493736,26.45048072439902,121.92187611813978,33.06609408494879,33.06609408494898,0.7477082396789925,20.0,0.0
198.5,42.83348878040364,27.2143736007026,122.93801811066584,33.0660940849488,33.06609408494901,0.7477082396789925,20.0,0.0
198.55,42.34413047296338,27.96970693568736,123.95416010319188,33.066094084948816,33.06609408494904,0.7477082396789925,20.0,0.0
198.60000000000002,41.841453970524,28.716243159788583,124.97030209571794,33.06609408494884,33.06609408494907,0.7477082396789925,20.0,0.0
198.65,41.325617376312714,29.453747470333614,125.98644408824404,33.06609408494885,33.066094084949064,0.7477082396789925,20.0,0.0
198.70000000000002,40.7967829327058,30.181987905392646,127.00258608077014,33.066094084948865,33.06609408494907,0.7477082396789925,20.0,0.0
198.75,40.25511697019969,30.900735416736037,128.01872807329624,33.06609408494888,33.066094084949086,0.7477082396789996,20.0,0.0
198.8,39.7007898550962,31.60976394187522,129.03487006582236,33.066094084948894,33.06609408494907,0.7477082396789996,20.0,0.0
198.85000000000002,39.13397593591849,32.30885047516449,130.05101205834845,33.06609408494891,33.06609408494907,0.7477082396790067,20.0,0.0
198.9,38.55485348857446,32.99777513794138,131.06715405087456,33.066094084948915,33.066094084949064,0.7477082396790067,20.0,0.0
198.95000000000002,37.96360466028488,33.676321247683525,132.08329604340065,33.06609408494893,33.06609408494907,0.7477082396790067,20.0,0.0
199.0,37.360415412293975,34.344275386160234,133.09943803592677,33.06609408494894,33.06609408494907,0.7477082396790067,20.0,0.0
199.05,36.745475461380344,35.001427466557416,134.11558002845285,33.06609408494895,33.06609408494906,0.7477082396790138,20.0,0.0
199.10000000000002,36.118978220186726,35.64757079955466,135.13172202097897,33.06609408494896,33.066094084949064,0.7477082396790138,20.0,0.0
199.15,35.48112073638729,36.28250215833374,136.14786401350509,33.066094084948965,33.06609408494907,0.7477082396790067,20.0,0.0
199.20000000000002,34.832103630711664,36.90602184249811,137.16400600603117,33.06609408494897,33.066094084949064,0.7477082396790067,20.0,0.0
199.25,34.17213103384513,37.51793374088321,138.1801479985573,33.06609408494897,33.066094084949064,0.7477082396790067,20.0,0.0
199.3,33.50141052222488,38.11804539323789,139.19628999108338,33.06609408494898,33.066094084949064,0.7477082396790067,20.0,0.0
199.35000000000002,32.82015305275246,38.70616805075759,140.2124319836095,33.066094084948986,33.066094084949064,0.7477082396790067,20.0,0.0
199.4,32.128572896443046,39.28211673545011,141.22857397613558,33.06609408494899,33.066094084949064,0.7477082396790067,20.0,0.0
199.45000000000002,31.426887571032303,39.845710298315424,142.2447159686617,33.066094084949,33.06609408494907,0.7477082396790067,20.0,0.0
199.5,30.715317772562102,40.39677147632116,143.2608579611878,33.06609408494901,33.06609408494908,0.7477082396790067,20.0,0.0
199.55,29.994087305966577,40.9351269481559,144.2769999537139,33.066094084949015,33.066094084949064,0.7477082396790067,20.0,0.0
199.60000000000002,29.26342301468037,41.46060738874263,145.29314194624,33.06609408494902,33.06609408494908,0.7477082396790067,20.0,0.0
199.65,28.523554709291197,41.97304752249539,146.3092839387661,33.06609408494903,33.06609408494908,0.7477082396790067,20.0,0.0
199.70000000000002,27.774715095259168,42.47228617530221,147.32542593129222,33.06609408494903,33.066094084949064,0.7477082396790067,20.0,0.0
199.75,27.017139699725625,42.958166325218,148.3415679238183,33.06609408494903,33.066094084949064,0.7477082396790067,20.0,0.0
199.8,26.251066797434472,43.43053515185161,149.35770991634442,33.06609408494903,33.06609408494907,0.7477082396790067,20.0,0.0
199.85000000000002,25.47673733578933,43.88924408443124,150.3738519088705,33.06609408494903,33.06609408494908,0.7477082396790067,20.0,0.0
199.9,24.694394859070098,44.33414884853342,151.38999390139662,33.06609408494903,33.06609408494907,0.7477082396790067,20.0,0.0
199.95000000000002,23.9042854318327,44.765109511460544,152.40613589392274,33.06609408494903,33.06609408494907,0.7477082396790067,20.0,0.0
200.0,23.106657561516187,45.181990526252946,153.42227788644882,33.06609408494903,33.06609408494908,0.7477082396789996,20.0,0.0
200.05,22.30176212028147,45.58466077432147,154.43841987897494,33.06609408494903,33.06609408494907,0.7477082396789996,20.0,0.0
200.10000000000002,21.4898522661063,45.97299360668728,155.45456187150103,33.06609408494903,33.066094084949086,0.7477082396789996,20.0,0.0
200.15,20.67118336316132,46.346866883815856,156.47070386402714,33.066094084949036,33.06609408494907,0.7477082396790067,20.0,0.0
200.20000000000002,19.846012901492188,46.70616301403263,157.48684585655323,33.066094084949036,33.06609408494907,0.7477082396790067,20.0,0.0
200.25,19.014600416033105,47.0507689905083,158.50298784907935,33.066094084949036,33.066094084949064,0.7477082396789996,20.0,0.0
200.3,18.17720740497715,47.38057642680203,159.51912984160543,33.066094084949036,33.06609408494907,0.7477082396790067,20.0,0.0
200.35000000000002,17.334097247529126,47.69548159095144,160.53527183413155,33.066094084949036,33.066094084949064,0.7477082396790067,20.0,0.0
200.4,16.4855351210668,47.99538543809871,161.55141382665767,33.066094084949036,33.06609408494907,0.7477082396790067,20.0,0.0
200.45000000000002,15.631787917736563,48.28019364164243,162.56755581918375,33.066094084949036,33.06609408494907,0.7477082396790067,20.0,0.0
200.5,14.77312416050977,48.54981662290546,163.58369781170987,33.066094084949036,33.066094084949086,0.7477082396790067,20.0,0.0
200.55,13.909813918726128,48.80416957930949,164.59983980423596,33.06609408494904,33.06609408494907,0.7477082396790067,20.0,0.0
200.60000000000002,13.042128723150737,49.04317251104736,165.61598179676207,33.06609408494904,33.06609408494907,0.7477082396790067,20.0,0.0
200.65,12.17034148057147,49.26675024624485,166.63212378928816,33.06609408494904,33.06609408494907,0.7477082396790138,20.0,0.0
200.70000000000002,11.294726387963552,49.474832464603914,167.64826578181427,33.06609408494904,33.066094084949086,0.7477082396790138,20.0,0.0
200.75,10.415558846248372,49.66735371952006,168.66440777434036,33.06609408494904,33.066094084949064,0.7477082396790209,20.0,0.0
200.8,9.533115373673597,49.84425345866676,169.68054976686648,33.06609408494904,33.06609408494907,0.7477082396790138,20.0,0.0
200.85000000000002,8.647673518841884,50.00547604304059,170.6966917593926,33.06609408494904,33.06609408494907,0.7477082396790138,20.0,0.0
200.9,7.759511773415508,50.150970764460894,171.71283375191868,33.06609408494904,33.066094084949064,0.7477082396790138,20.0,0.0
200.95000000000002,6.868909484524384,50.28069186151873,172.7289757444448,33.06609408494904,33.06609408494908,0.7477082396790138,20.0,0.0
201.0,5.976146766905019,50.39459853396985,173.74511773697088,33.06609408494904,33.06609408494907,0.7477082396790138,20.0,0.0
201.05,5.08150441479804,50.49265495556728,174.761259729497,33.06609408494904,33.066094084949064,0.7477082396790138,20.0,0.0
201.10000000000002,4.185263813632002,50.574830285329554,175.7774017220231,33.06609408494904,33.066094084949064,0.7477082396790138,20.0,0.0
201.15,3.287706851521245,50.641098677240855,176.7935437145492,33.06609408494904,33.066094084949064,0.7477082396790138,20.0,0.0
201.20000000000002,2.3891158306056575,50.69143928838019,177.80968570707532,33.06609408494904,33.06609408494908,0.7477082396790138,20.0,0.0
201.25,1.4897733782602098,50.72583628547697,178.8258276996014,33.06609408494904,33.06609408494908,0.7477082396790138,20.0,0.0
201.3,0.5899623582021998,50.74427884989095,179.84196969212752,33.06609408494904,33.06609408494908,0.7477082396790138,20.0,0.0
201.35000000000002,-0.31003421847584034,50.74676118101488,-179.1418883153464,33.06609408494904,33.066094084949064,0.7477082396790138,20.0,0.0
201.4,-1.209933282319588,50.73328249809902,-178.12574632282028,33.06609408494904,33.066094084949064,0.7477082396790138,20.0,0.0
201.45000000000002,-2.109451794544732,50.70384704049661,-177.1096043302942,33.06609408494904,33.066094084949064,0.7477082396790138,20.0,0.0
201.5,-3.008306836059127,50.658464066330566,-176.09346233776807,33.06609408494904,33.06609408494906,0.7477082396790138,20.0,0.0
201.55,-3.9062156964472994,50.59714784958154,-175.077320345242,33.06609408494904,33.06609408494906,0.7477082396790138,20.0,0.0
201.60000000000002,-4.802895962889327,50.51991767559847,-174.06117835271587,33.06609408494904,33.066094084949064,0.7477082396790138,20.0,0.0
201.65,-5.6980656089861075,50.426797835032865,-173.04503636018975,33.06609408494904,33.06609408494906,0.7477082396790138,20.0,0.0
201.70000000000002,-6.591443083463101,50.31781761619886,-172.02889436766367,33.06609408494904,33.066094084949064,0.7477082396790209,20.0,0.0
201.75,-7.482747398724625,50.19301129586135,-171.01275237513755,33.06609408494904,33.066094084949064,0.7477082396790138,20.0,0.0
201.8,-8.371698219230861,50.052418128455216,-169.99661038261146,33.06609408494904,33.066094084949064,0.7477082396790138,20.0,0.0
201.85000000000002,-9.258015949669783,49.896082333738846,-168.98046839008535,33.06609408494904,33.06609408494907,0.7477082396790209,20.0,0.0
201.9,-10.141421822896255,49.72405308288605,-167.96432639755926,33.06609408494904,33.066094084949064,0.7477082396790209,20.0,0.0
201.95000000000002,-11.021637987610662,49.5363844830206,-166.94818440503315,33.06609408494904,33.066094084949064,0.7477082396790209,20.0,0.0
202.0,-11.898387595749481,49.33313556019829,-165.93204241250703,33.06609408494904,33.066094084949064,0.747708239679028,20.0,0.0
202.05,-12.77139488956031,49.11437024084193,-164.91590041998094,33.06609408494904,33.06609408494906,0.747708239679028,20.0,0.0
202.10000000000002,-13.640385288333977,48.880157331634976,-163.89975842745483,33.06609408494904,33.06609408494906,0.747708239679028,20.0,0.0
202.15,-14.50508547476643,48.630570497880306,-162.88361643492874,33.06609408494904,33.06609408494906,0.747708239679028,20.0,0.0
202.20000000000002,-15.36522348092327,48.365688240330776,-161.86747444240262,33.06609408494904,33.066094084949064,0.747708239679028,20.0,0.0
202.25,-16.22052877377987,48.08559387049895,-160.85133244987654,33.06609408494904,33.066094084949064,0.747708239679028,20.0,0.0
202.3,-17.070732340310173,47.79037548445372,-159.83519045735042,33.06609408494904,33.06609408494906,0.747708239679028,20.0,0.0
202.35000000000002,-17.915566772097446,47.4801259351121,-158.81904846482433,33.06609408494904,33.066094084949064,0.747708239679028,20.0,0.0
202.4,-18.754766349440303,47.15494280303485,-157.80290647229822,33.06609408494904,33.066094084949064,0.747708239679028,20.0,0.0
202.45000000000002,-19.588067124927633,46.81492836573518,-156.7867644797721,33.06609408494904,33.066094084949064,0.747708239679028,20.0,0.0
202.5,-20.41520700645607,46.460189565510106,-155.77062248724602,33.06609408494904,33.06609408494906,0.7477082396790351,20.0,0.0
202.55,-21.23592583966394,46.090837975804696,-154.7544804947199,33.06609408494904,33.066094084949064,0.747708239679028,20.0,0.0
202.60000000000002,-22.049965489755746,45.70698976611966,-153.7383385021938,33.06609408494904,33.066094084949064,0.747708239679028,20.0,0.0
202.65,-22.857069922691455,45.308765665473395,-152.7221965096677,33.06609408494904,33.066094084949064,0.7477082396790351,20.0,0.0
202.70000000000002,-23.656985285715027,44.896290924429934,-151.7060545171416,33.06609408494904,33.066094084949064,0.747708239679028,20.0,0.0
202.75,-24.449459987196914,44.46969527570483,-150.6899125246155,33.06609408494904,33.06609408494906,0.7477082396790351,20.0,0.0
202.8,-25.234244775765358,44.02911289336121,-149.6737705320894,33.06609408494904,33.066094084949064,0.7477082396790351,20.0,0.0
202.85000000000002,-26.01109281870164,43.574682350609,-148.6576285395633,33.06609408494904,33.066094084949064,0.7477082396790351,20.0,0.0
202.9,-26.779759779574597,43.10654657622049,-147.64148654703718,33.06609408494904,33.06609408494908,0.7477082396790351,20.0,0.0
202.95000000000002,-27.540003895090003,42.624852809575955,-146.6253445545111,33.06609408494904,33.066094084949064,0.7477082396790351,20.0,0.0
203.0,-28.29158605113064,42.12975255435353,-145.60920256198497,33.06609408494904,33.066094084949064,0.7477082396790351,20.0,0.0
203.05,-29.034269857963146,41.62140153087784,-144.59306056945888,33.06609408494904,33.06609408494906,0.7477082396790351,20.0,0.0
203.10000000000002,-29.76782172458797,41.099959627142404,-143.57691857693277,33.06609408494904,33.066094084949064,0.7477082396790351,20.0,0.0
203.15,-30.49201093220909,40.56559084852122,-142.56077658440668,33.06609408494904,33.06609408494906,0.7477082396790351,20.0,0.0
203.20000000000002,-31.20660970680031,40.01846326618532,-141.54463459188057,33.06609408494904,33.066094084949064,0.7477082396790351,20.0,0.0
203.25,-31.91139329074541,39.45874896424057,-140.52849259935448,33.06609408494904,33.06609408494906,0.7477082396790351,20.0,0.0
203.3,-32.606140013529526,38.88662398560327,-139.51235060682836,33.06609408494904,33.066094084949064,0.747708239679028,20.0,0.0
203.35000000000002,-33.29063136145961,38.30226827663068,-138.49620861430225,33.06609408494904,33.066094084949064,0.747708239679028,20.0,0.0
203.4,-33.96465204639193,37.70586563052374,-137.48006662177616,33.06609408494904,33.06609408494906,0.7477082396790351,20.0,0.0
203.45000000000002,-34.627990073445154,37.097603629519945,-136.46392462925004,33.06609408494904,33.06609408494907,0.7477082396790351,20.0,0.0
203.5,-35.28043680767752,36.477673585894436,-135.44778263672396,33.06609408494904,33.06609408494906,0.7477082396790351,20.0,0.0
203.55,-35.921787039707326,35.84627048178795,-134.43164064419784,33.06609408494904,33.066094084949064,0.7477082396790351,20.0,0.0
203.60000000000002,-36.55183905025596,35.20359290788045,-133.41549865167175,33.06609408494904,33.066094084949064,0.747708239679028,20.0,0.0
203.65,-37.17039467359319,34.54984300092987,-132.39935665914564,33.06609408494904,33.06609408494906,0.7477082396790351,20.0,0.0
203.70000000000002,-37.777259359864814,33.88522638019545,-131.38321466661952,33.06609408494904,33.066094084949064,0.7477082396790351,20.0,0.0
203.75,-38.37224223628306,33.209952082765824,-130.36707267409344,33.06609408494904,33.066094084949064,0.7477082396790351,20.0,0.0
203.8,-38.955156167160375,32.524232497812065,-129.35093068156732,33.06609408494904,33.06609408494906,0.7477082396790351,20.0,0.0
203.85000000000002,-39.52581781276792,31.828283299786456,-128.33478868904123,33.06609408494904,33.06609408494907,0.7477082396790351,20.0,0.0
203.9,-40.08404768700007,31.122323380587954,-127.31864669651512,33.06609408494904,33.066094084949064,0.7477082396790351,20.0,0.0
203.95000000000002,-40.6296702138269,30.406574780715683,-126.30250470398902,33.06609408494904,33.06609408494907,0.7477082396790351,20.0,0.0
204.0,-41.162513782516825,29.681262619432154,-125.28636271146291,33.06609408494904,33.06609408494906,0.7477082396790422,20.0,0.0
204.05,-41.68241080161213,28.946615023958095,-124.27022071893681,33.06609408494904,33.066094084949064,0.7477082396790422,20.0,0.0
204.10000000000002,-42.189197751640286,28.20286305772126,-123.25407872641071,33.06609408494904,33.066094084949064,0.7477082396790422,20.0,0.0
204.15,-42.68271523654455,27.45024064768169,-122.23793673388461,33.06609408494904,33.06609408494906,0.7477082396790493,20.0,0.0
204.20000000000002,-43.162808033817676,26.688984510756363,-121.22179474135851,33.06609408494904,33.066094084949064,0.7477082396790493,20.0,0.0
204.25,-43.62932514332291,25.91933407936632,-120.2056527488324,33.06609408494904,33.06609408494907,0.7477082396790493,20.0,0.0
204.3,-44.08211983478701,25.141531426129692,-119.1895107563063,33.06609408494904,33.06609408494908,0.7477082396790493,20.0,0.0
204.35000000000002,-44.52104969395023,24.355821187724366,-118.17336876378019,33.06609408494904,33.06609408494907,0.7477082396790493,20.0,0.0
204.4,-44.94597666735889,23.562450487944147,-117.15722677125409,33.06609408494904,33.066094084949064,0.7477082396790564,20.0,0.0
204.45000000000002,-45.356767105786304,22.761668859972694,-116.14108477872799,33.06609408494904,33.06609408494908,0.7477082396790493,20.0,0.0
204.5,-45.75329180626853,21.953728167899644,-115.12494278620188,33.06609408494904,33.06609408494906,0.7477082396790493,20.0,0.0
204.55,-46.135426052741636,21.138882527503608,-114.10880079367578,33.06609408494904,33.066094084949064,0.7477082396790493,20.0,0.0
204.60000000000002,-46.503049655267766,20.317388226326962,-113.09265880114968,33.06609408494904,33.06609408494906,0.7477082396790493,20.0,0.0
204.65,-46.8560469878376,19.489503643067568,-112.07651680862358,33.06609408494904,33.06609408494908,0.7477082396790493,20.0,0.0
204.70000000000002,-47.19430702473738,18.65548916631278,-111.06037481609748,33.06609408494904,33.06609408494907,0.7477082396790493,20.0,0.0
204.75,-47.51772337546901,17.815607112641295,-110.04423282357136,33.06609408494904,33.066094084949064,0.7477082396790493,20.0,0.0
204.8,-47.826194318212345,16.970121644118603,-109.02809083104526,33.06609408494904,33.06609408494906,0.7477082396790564,20.0,0.0
204.85000000000002,-48.11962283181896,16.119298685211984,-108.01194883851916,33.06609408494904,33.066094084949064,0.7477082396790493,20.0,0.0
204.9,-48.397916626327564,15.263405839151215,-106.99580684599306,33.06609408494904,33.06609408494906,0.7477082396790564,20.0,0.0
204.95000000000002,-48.66098817199127,14.402712303761232,-105.97966485346696,33.06609408494904,33.06609408494906,0.7477082396790564,20.0,0.0
205.0,-48.908754726807715,13.537488786793281,-104.96352286094086,33.06609408494904,33.06609408494906,0.7477082396790564,20.0,0.0
205.05,-49.14113836254329,12.668007420781151,-103.94738086841475,33.06609408494904,33.066094084949064,0.7477082396790564,20.0,0.0
205.10000000000002,-49.35806598924336,11.794541677449292,-102.93123887588865,33.06609408494904,33.06609408494905,0.7477082396790635,20.0,0.0
205.15,-49.55946937822071,10.91736628169971,-101.91509688336255,33.06609408494904,33.06609408494906,0.7477082396790635,20.0,0.0
205.20000000000002,-49.74528518351506,10.036757125204723,-100.89895489083644,33.06609408494904,33.06609408494906,0.7477082396790635,20.0,0.0
205.25,-49.91545496181675,9.152991179632732,-99.88281289831033,33.06609408494904,33.06609408494905,0.7477082396790706,20.0,0.0
205.3,-50.06992519084855,8.266346409534322,-98.86667090578423,33.06609408494904,33.06609408494906,0.7477082396790706,20.0,0.0
205.35000000000002,-50.208647286199614,7.377101684916059,-97.85052891325813,33.06609408494904,33.06609408494906,0.7477082396790706,20.0,0.0
205.4,-50.33157761660639,6.485536693529519,-96.83438692073203,33.06609408494904,33.06609408494907,0.7477082396790706,20.0,0.0
205.45000000000002,-50.43867751767564,5.591931852903107,-95.81824492820593,33.06609408494904,33.06609408494906,0.7477082396790706,20.0,0.0
205.5,-50.5299133040453,4.6965682221443465,-94.80210293567983,33.06609408494904,33.06609408494905,0.7477082396790635,20.0,0.0
205.55,-50.60525627997926,3.799727413540381,-93.78596094315373,33.06609408494904,33.06609408494905,0.7477082396790635,20.0,0.0
205.60000000000002,-50.664682748392835,2.901691503984482,-92.76981895062761,33.06609408494904,33.06609408494905,0.7477082396790635,20.0,0.0
205.65,-50.70817401830607,2.002742946256436,-91.75367695810151,33.06609408494904,33.06609408494905,0.7477082396790635,20.0,0.0
205.70000000000002,-50.73571641072243,1.103164480184697,-90.7375349655754,33.06609408494904,33.06609408494904,0.7477082396790706,20.0,0.0
205.75,-50.74730126293121,0.2032390437182634,-89.7213929730493,33.06609408494904,33.066094084949036,0.7477082396790706,20.0,0.0
205.8,-50.742924931232096,-0.6967503160637617,-88.7052509805232,33.06609408494904,33.06609408494905,0.7477082396790706,20.0,0.0
205.85000000000002,-50.722588792081254,-1.5965205319769344,-87.6891089879971,33.06609408494904,33.06609408494905,0.7477082396790706,20.0,0.0
205.9,-50.686299241658354,-2.495788605762557,-86.672966995471,33.06609408494904,33.06609408494905,0.7477082396790635,20.0,0.0
205.95000000000002,-50.63406769385486,-3.3942716970970856,-85.6568250029449,33.06609408494904,33.06609408494903,0.7477082396790706,20.0,0.0
206.0,-50.56591057668407,-4.291687212551865,-84.6406830104188,33.06609408494904,33.066094084949036,0.7477082396790706,20.0,0.0
206.05,-50.48184932711415,-5.1877528944752065,-83.62454101789268,33.06609408494904,33.06609408494905,0.7477082396790706,20.0,0.0
206.10000000000002,-50.381910384325714,-6.082186909768861,-82.60839902536658,33.06609408494904,33.066094084949036,0.7477082396790706,20.0,0.0
206.15,-50.26612518139611,-6.974707938530957,-81.59225703284048,33.06609408494904,33.06609408494905,0.7477082396790706,20.0,0.0
206.20000000000002,-50.13453013541298,-7.865035262537527,-80.57611504031438,33.06609408494904,33.066094084949036,0.7477082396790706,20.0,0.0
206.25,-49.98716663602026,-8.752888853534788,-79.55997304778828,33.06609408494904,33.06609408494905,0.7477082396790706,20.0,0.0
206.3,-49.824081032400215,-9.637989461314426,-78.54383105526217,33.06609408494904,33.066094084949036,0.7477082396790706,20.0,0.0
206.35000000000002,-49.645324618695525,-10.520058701544148,-77.52768906273607,33.06609408494904,33.066094084949036,0.7477082396790706,20.0,0.0
206.4,-49.450953617876145,-11.398819143325907,-76.51154707020997,33.06609408494904,33.066094084949036,0.7477082396790706,20.0,0.0
206.45000000000002,-49.24102916405587,-12.273994396454249,-75.49540507768386,33.06609408494904,33.06609408494905,0.7477082396790706,20.0,0.0
206.5,-49.01561728326428,-13.145309198347341,-74.47926308515775,33.06609408494904,33.06609408494903,0.7477082396790706,20.0,0.0
206.55,-48.774788872680034,-14.012489500623325,-73.46312109263165,33.06609408494904,33.06609408494904,0.7477082396790706,20.0,0.0
206.60000000000002,-48.51861967833211,-14.875262555294793,-72.44697910010555,33.06609408494904,33.066094084949036,0.7477082396790706,20.0,0.0
206.65,-48.24719027127592,-15.733357000554244,-71.43083710757945,33.06609408494904,33.066094084949036,0.7477082396790706,20.0,0.0
206.70000000000002,-47.96058602225191,-16.586502946123574,-70.41469511505335,33.06609408494904,33.06609408494904,0.7477082396790706,20.0,0.0
206.75,-47.658897074834485,-17.434432058140708,-69.39855312252725,33.06609408494904,33.06609408494903,0.7477082396790777,20.0,0.0
206.8,-47.34221831707981,-18.276877643556737,-68.38241113000115,33.06609408494904,33.06609408494904,0.7477082396790706,20.0,0.0
206.85000000000002,-47.010649351681366,-19.11357473401696,-67.36626913747503,33.06609408494904,33.06609408494904,0.7477082396790706,20.0,0.0
206.9,-46.6642944646426,-19.944260169199477,-66.35012714494893,33.06609408494904,33.06609408494904,0.7477082396790706,20.0,0.0
206.95000000000002,-46.303262592476635,-20.76867267958511,-65.33398515242283,33.06609408494904,33.06609408494904,0.7477082396790706,20.0,0.0
207.0,-45.927667287943216,-21.586552968632624,-64.31784315989673,33.06609408494904,33.06609408494904,0.7477082396790706,20.0,0.0
207.05,-45.537626684333794,-22.39764379433342,-63.301701167370624,33.06609408494904,33.06609408494903,0.7477082396790777,20.0,0.0
207.10000000000002,-45.13326345831591,-23.201690050119993,-62.28555917484452,33.06609408494904,33.066094084949036,0.7477082396790706,20.0,0.0
207.15,-44.71470479134859,-23.99843884510279,-61.26941718231842,33.06609408494904,33.06609408494903,0.7477082396790706,20.0,0.0
207.20000000000002,-44.28208232968086,-24.787639583610147,-60.25327518979231,33.06609408494904,33.066094084949036,0.7477082396790635,20.0,0.0
207.25,-43.83553214294602,-25.56904404400635,-59.23713319726621,33.06609408494904,33.066094084949036,0.7477082396790635,20.0,0.0
207.3,-43.37519468136462,-26.342406456763,-58.22099120474011,33.06609408494904,33.06609408494903,0.7477082396790635,20.0,0.0
207.35000000000002,-42.90121473156965,-27.107483581759144,-57.20484921221401,33.06609408494904,33.06609408494904,0.7477082396790635,20.0,0.0
207.4,-42.41374137106789,-27.864034784785826,-56.1887072196879,33.06609408494904,33.066094084949036,0.7477082396790635,20.0,0.0
207.45000000000002,-41.91292792135158,-28.611822113231053,-55.1725652271618,33.06609408494904,33.066094084949036,0.7477082396790635,20.0,0.0
207.5,-41.39893189967535,-29.35061037092131,-54.156423234635696,33.06609408494904,33.06609408494903,0.7477082396790635,20.0,0.0
207.55,-40.87191496951341,-30.08016719209612,-53.140281242109594,33.06609408494904,33.066094084949036,0.7477082396790635,20.0,0.0
207.60000000000002,-40.33204288971277,-30.800263114492385,-52.124139249583486,33.06609408494904,33.06609408494903,0.7477082396790635,20.0,0.0
207.65,-39.77948546235821,-31.510671651515494,-51.107997257057384,33.06609408494904,33.06609408494903,0.7477082396790635,20.0,0.0
207.70000000000002,-39.214416479365724,-32.211169363474525,-50.09185526453128,33.06609408494904,33.06609408494903,0.7477082396790564,20.0,0.0
207.75,-38.637013667820966,-32.901535927859136,-49.07571327200518,33.06609408494904,33.06609408494904,0.7477082396790564,20.0,0.0
207.8,-38.04745863408003,-33.58155420863601,-48.05957127947907,33.06609408494904,33.066094084949036,0.7477082396790564,20.0,0.0
207.85000000000002,-37.44593680665011,-34.251010324543074,-47.04342928695297,33.06609408494904,33.06609408494905,0.7477082396790564,20.0,0.0
207.9,-36.83263737786801,-34.909693716360074,-46.02728729442687,33.06609408494904,33.066094084949036,0.7477082396790564,20.0,0.0
207.95000000000002,-36.20775324439482,-35.55739721313423,-45.01114530190077,33.06609408494904,33.06609408494905,0.7477082396790564,20.0,0.0
208.0,-35.57148094654555,-36.19391709734022,-43.99500330937467,33.06609408494904,33.06609408494906,0.7477082396790564,20.0,0.0
208.05,-34.92402060647267,-36.819053168954,-42.97886131684856,33.06609408494904,33.06609408494905,0.7477082396790564,20.0,0.0
208.10000000000002,-34.26557586522318,-37.43260880842029,-41.96271932432246,33.06609408494904,33.066094084949036,0.7477082396790564,20.0,0.0
208.15,-33.596353818688804,-38.03439103849388,-40.946577331796355,33.06609408494904,33.066094084949036,0.7477082396790564,20.0,0.0
208.20000000000002,-32.916564952469656,-38.6242105849354,-39.930435339270254,33.06609408494904,33.066094084949036,0.7477082396790564,20.0,0.0
208.25,-32.226423075671676,-39.201881936042376,-38.914293346744145,33.06609408494904,33.066094084949036,0.7477082396790564,20.0,0.0
208.3,-31.526145253658814,-39.7672234009969,-37.898151354218044,33.06609408494904,33.06609408494904,0.7477082396790564,20.0,0.0
208.35000000000002,-30.815951739781017,-40.32005716701152,-36.88200936169194,33.06609408494904,33.06609408494903,0.7477082396790564,20.0,0.0
208.4,-30.09606590609952,-40.860209355255435,-35.86586736916584,33.06609408494904,33.066094084949036,0.7477082396790564,20.0,0.0
208.45000000000002,-29.366714173131232,-41.387510075543354,-34.84972537663973,33.06609408494904,33.06609408494903,0.7477082396790564,20.0,0.0
208.5,-28.62812593863434,-41.90179347976982,-33.83358338411363,33.06609408494904,33.06609408494903,0.7477082396790493,20.0,0.0
208.55,-27.880533505457464,-42.40289781407225,-32.81744139158753,33.06609408494904,33.06609408494903,0.7477082396790564,20.0,0.0
208.60000000000002,-27.124172008475107,-42.890665469706164,-31.801299399061424,33.06609408494904,33.066094084949036,0.7477082396790493,20.0,0.0
208.65,-26.359279340632387,-43.36494303261679,-30.785157406535323,33.06609408494904,33.066094084949036,0.7477082396790493,20.0,0.0
208.70000000000002,-25.58609607812227,-43.825581331691254,-29.769015414009218,33.06609408494904,33.066094084949036,0.7477082396790493,20.0,0.0
208.75,-24.80486540471888,-44.27243548567629,-28.752873421483116,33.06609408494904,33.066094084949036,0.7477082396790493,20.0,0.0
208.8,-24.015833035290633,-44.70536494874672,-27.736731428957015,33.06609408494904,33.06609408494903,0.7477082396790493,20.0,0.0
208.85000000000002,-23.219247138517332,-45.1242335547103,-26.72058943643091,33.06609408494904,33.066094084949036,0.7477082396790422,20.0,0.0
208.9,-22.415358258835436,-45.52890955983513,-25.704447443904808,33.06609408494904,33.066094084949036,0.7477082396790422,20.0,0.0
208.95000000000002,-21.60441923763613,-45.91926568428601,-24.688305451378703,33.06609408494904,33.066094084949036,0.7477082396790493,20.0,0.0
209.0,-20.78668513374093,-46.2951791521569,-23.6721634588526,33.06609408494904,33.06609408494903,0.7477082396790493,20.0,0.0
209.05,-19.96241314317988,-46.65653173008671,-22.656021466326496,33.06609408494904,33.06609408494903,0.7477082396790493,20.0,0.0
209.10000000000002,-19.131862518297517,-47.003209764446424,-21.639879473800395,33.06609408494904,33.06609408494903,0.7477082396790493,20.0,0.0
209.15,-18.295294486212104,-47.33510421708572,-20.62373748127429,33.06609408494904,33.066094084949036,0.7477082396790564,20.0,0.0
209.20000000000002,-17.452972166653737,-47.65211069962798,-19.60759548874819,33.06609408494904,33.066094084949036,0.7477082396790564,20.0,0.0
209.25,-16.605160489207197,-47.95412950630281,-18.591453496222083,33.06609408494904,33.066094084949036,0.7477082396790564,20.0,0.0
209.3,-15.752126109985545,-48.24106564530578,-17.575311503695982,33.06609408494904,33.066094084949036,0.7477082396790635,20.0,0.0
209.35000000000002,-14.894137327760687,-48.512828868675506,-16.559169511169877,33.06609408494904,33.066094084949036,0.7477082396790564,20.0,0.0
209.4,-14.031463999577296,-48.76933370067871,-15.543027518643775,33.06609408494904,33.066094084949036,0.7477082396790564,20.0,0.0
209.45000000000002,-13.164377455876616,-49.01049946469427,-14.526885526117672,33.06609408494904,33.066094084949036,0.7477082396790564,20.0,0.0
209.5,-12.293150415156846,-49.23625030858787,-13.510743533591569,33.06609408494904,33.06609408494903,0.7477082396790635,20.0,0.0
209.55,-11.418056898196951,-49.44651522856921,-12.494601541065466,33.06609408494904,33.066094084949036,0.7477082396790564,20.0,0.0
209.60000000000002,-10.539372141870876,-49.64122809152435,-11.478459548539362,33.06609408494904,33.06609408494903,0.7477082396790564,20.0,0.0
209.65,-9.657372512579272,-49.82032765581604,-10.462317556013259,33.06609408494904,33.066094084949036,0.7477082396790564,20.0,0.0
209.70000000000002,-8.772335419325957,-49.98375759054564,-9.446175563487156,33.06609408494904,33.066094084949036,0.7477082396790564,20.0,0.0
209.75,-7.884539226466457,-50.13146649327049,-8.430033570961053,33.06609408494904,33.06609408494905,0.7477082396790564,20.0,0.0
209.8,-6.994263166156065,-50.26340790617109,-7.413891578434949,33.06609408494904,33.06609408494903,0.7477082396790564,20.0,0.0
209.85000000000002,-6.101787250524959,-50.37954033066321,-6.397749585908846,33.06609408494904,33.06609408494903,0.7477082396790635,20.0,0.0
209.9,-5.207392183607998,-50.479827240450106,-5.381607593382743,33.06609408494904,33.06609408494903,0.7477082396790635,20.0,0.0
209.95000000000002,-4.311359273056901,-50.564237093010874,-4.36546560085664,33.06609408494904,33.06609408494903,0.7477082396790635,20.0,0.0
210.0,-3.4139703416625737,-50.632743339521305,-3.3493236083305367,33.06609408494904,33.06609408494903,0.7477082396790706,20.0,0.0
210.05,-2.5155076387154103,-50.68532443320409,-2.333181615804434,33.06609408494904,33.06609408494903,0.7477082396790706,20.0,0.0
210.10000000000002,-1.6162537512314537,-50.721963836105765,-1.3170396232783304,33.06609408494904,33.06609408494903,0.7477082396790706,20.0,0.0
210.15,-0.7164915150723319,-50.7426500242983,-0.3008976307522273,33.06609408494904,33.06609408494903,0.7477082396790706,20.0,0.0
210.20000000000002,0.18349607401307166,-50.7473764915036,0.7152443617738758,33.06609408494904,33.06609408494903,0.7477082396790635,20.0,0.0
210.25,1.0834259493972378,-50.73614175113992,1.731386354299979,33.06609408494904,33.06609408494903,0.7477082396790635,20.0,0.0
210.3,1.9830150626049226,-50.70894933678938,2.747528346826082,33.06609408494904,33.06609408494903,0.7477082396790635,20.0,0.0
210.35000000000002,2.881980472338361,-50.66580780108663,3.7636703393521853,33.06609408494904,33.06609408494903,0.7477082396790635,20.0,0.0
210.4,3.7800394334687573,-50.60673071302879,4.779812331878288,33.06609408494904,33.06609408494903,0.7477082396790635,20.0,0.0
210.45000000000002,4.676909485966081,-50.53173665370774,5.795954324404391,33.06609408494904,33.06609408494903,0.7477082396790564,20.0,0.0
210.5,5.572308543739187,-50.44084921046593,6.812096316930495,33.06609408494904,33.06609408494903,0.7477082396790564,20.0,0.0
210.55,6.465954983358329,-50.33409696947759,7.828238309456598,33.06609408494904,33.06609408494903,0.7477082396790564,20.0,0.0
210.60000000000002,7.357567732632151,-50.21151350675779,8.844380301982701,33.06609408494904,33.06609408494903,0.7477082396790564,20.0,0.0
210.65,8.246866359011303,-50.073137377601945,9.860522294508804,33.06609408494904,33.06609408494903,0.7477082396790564,20.0,0.0
210.70000000000002,9.133571157790875,-49.919012104459355,10.876664287034908,33.06609408494904,33.06609408494903,0.7477082396790493,20.0,0.0
210.75,10.017403240083912,-49.749186163244374,11.892806279561011,33.06609408494904,33.066094084949036,0.7477082396790493,20.0,0.0
210.8,10.898084620538322,-49.56371296808962,12.908948272087114,33.06609408494904,33.06609408494903,0.7477082396790493,20.0,0.0
210.85000000000002,11.77533830476962,-49.36265085454603,13.925090264613218,33.06609408494904,33.06609408494903,0.7477082396790493,20.0,0.0
210.9,12.648888376481976,-49.146063061235004,14.94123225713932,33.06609408494904,33.06609408494903,0.7477082396790493,20.0,0.0
210.95000000000002,13.518460084250181,-48.914017709958394,15.957374249665424,33.06609408494904,33.06609408494903,0.7477082396790493,20.0,0.0
211.0,14.383779927935247,-48.66658778427265,16.973516242191526,33.06609408494904,33.06609408494903,0.7477082396790493,20.0,0.0
211.05,15.244575744706433,-48.403851106533835,17.98965823471763,33.06609408494904,33.06609408494903,0.7477082396790422,20.0,0.0
211.10000000000002,16.100576794642663,-48.125890313420726,19.005800227243732,33.06609408494904,33.06609408494903,0.7477082396790493,20.0,0.0
211.15,16.951513845886414,-47.83279282994366,20.021942219769837,33.06609408494904,33.06609408494903,0.7477082396790493,20.0,0.0
211.20000000000002,17.797119259323274,-47.52465084194742,21.03808421229594,33.06609408494904,33.06609408494903,0.7477082396790493,20.0,0.0
211.25,18.637127072760542,-47.20156126711663,22.054226204822044,33.06609408494904,33.06609408494903,0.7477082396790493,20.0,0.0
211.3,19.471273084578417,-46.86362572449299,23.070368197348145,33.06609408494904,33.06609408494903,0.7477082396790493,20.0,0.0
211.35000000000002,20.299294936827422,-46.51095050251372,24.08651018987425,33.06609408494904,33.06609408494903,0.7477082396790493,20.0,0.0
211.4,21.120932197745976,-46.14364652558146,25.10265218240035,33.06609408494904,33.06609408494903,0.7477082396790493,20.0,0.0
211.45000000000002,21.935926443672116,-45.76182931917599,26.118794174926457,33.06609408494904,33.06609408494903,0.7477082396790493,20.0,0.0
211.5,22.744021340323638,-45.36561897351883,27.134936167452558,33.06609408494904,33.06609408494903,0.7477082396790422,20.0,0.0
211.55,23.544962723421072,-44.955140105802144,28.15107815997866,33.06609408494904,33.06609408494902,0.7477082396790422,20.0,0.0
211.60000000000002,24.338498678628152,-44.53052182099379,29.167220152504765,33.06609408494904,33.06609408494903,0.7477082396790422,20.0,0.0
211.65,25.124379620784612,-44.09189767123084,30.183362145030866,33.06609408494904,33.06609408494903,0.7477082396790493,20.0,0.0
211.70000000000002,25.902358372406425,-43.6394056138144,31.19950413755697,33.06609408494904,33.066094084949015,0.7477082396790493,20.0,0.0
211.75,26.67219024142875,-43.17318796781889,32.21564613008307,33.06609408494904,33.066094084949015,0.7477082396790493,20.0,0.0
211.8,27.433633098167174,-42.69339136932946,33.231788122609174,33.06609408494904,33.066094084949015,0.7477082396790493,20.0,0.0
211.85000000000002,28.186447451473022,-42.20016672532158,34.24793011513528,33.06609408494904,33.06609408494903,0.7477082396790493,20.0,0.0
211.9,28.93039652405878,-41.69366916619736,35.264072107661384,33.06609408494904,33.066094084949015,0.7477082396790493,20.0,0.0
211.95000000000002,29.665246326969957,-41.1740579969935,36.280214100187486,33.06609408494904,33.06609408494902,0.7477082396790493,20.0,0.0
212.0,30.390765733179954,-40.64149664727621,37.29635609271359,33.06609408494904,33.06609408494903,0.7477082396790493,20.0,0.0
212.05,31.10672655028478,-40.09615261973892,38.312498085239696,33.06609408494904,33.066094084949015,0.7477082396790493,20.0,0.0
212.10000000000002,31.81290359227477,-39.53819743751882,39.3286400777658,33.06609408494904,33.06609408494903,0.7477082396790422,20.0,0.0
212.15,32.50907475036072,-38.96780659024893,40.3447820702919,33.06609408494904,33.06609408494903,0.7477082396790422,20.0,0.0
212.20000000000002,33.195021062832176,-38.38515947886262,41.360924062818,33.06609408494904,33.066094084949015,0.7477082396790493,20.0,0.0
212.25,33.87052678392588,-37.79043935916792,42.37706605534411,33.06609408494904,33.06609408494903,0.7477082396790422,20.0,0.0
212.3,34.535379451682736,-37.18383328420939,43.39320804787021,33.06609408494904,33.06609408494903,0.7477082396790422,20.0,0.0
212.35000000000002,35.18936995477194,-36.56553204543566,44.40935004039631,33.06609408494904,33.06609408494903,0.7477082396790422,20.0,0.0
212.4,35.83229259826127,-35.93573011269117,45.42549203292241,33.06609408494904,33.06609408494903,0.7477082396790422,20.0,0.0
212.45000000000002,36.463945168312826,-35.29462557305097,46.44163402544852,33.06609408494904,33.06609408494902,0.7477082396790422,20.0,0.0
212.5,37.08412899578391,-34.642420068517836,47.45777601797462,33.06609408494904,33.06609408494903,0.7477082396790422,20.0,0.0
212.55,37.69264901871298,-33.979318732601214,48.473918010500725,33.06609408494904,33.06609408494903,0.7477082396790422,20.0,0.0
212.60000000000002,38.2893138436711,-33.30553012579809,49.49006000302683,33.06609408494904,33.06609408494902,0.7477082396790422,20.0,0.0
212.65,38.87393580595956,-32.621266169995955,50.50620199555293,33.06609408494904,33.06609408494903,0.7477082396790351,20.0,0.0
212.70000000000002,39.446331028634674,-31.92674208181851,51.52234398807904,33.06609408494904,33.06609408494903,0.7477082396790351,20.0,0.0
212.75,40.00631948034127,-31.222176304935154,52.53848598060514,33.06609408494904,33.06609408494903,0.7477082396790351,20.0,0.0
212.8,40.553725031936686,-30.507790441355453,53.55462797313124,33.06609408494904,33.06609408494903,0.7477082396790351,20.0,0.0
212.85000000000002,41.08837551188739,-29.783809181730263,54.57076996565734,33.06609408494904,33.06609408494903,0.7477082396790351,20.0,0.0
212.9,41.61010276042085,-29.05046023468138,55.58691195818345,33.06609408494904,33.06609408494902,0.7477082396790351,20.0,0.0
212.95000000000002,42.11874268241563,-28.307974255182003,56.60305395070955,33.06609408494904,33.06609408494903,0.7477082396790351,20.0,0.0
213.0,42.61413529901302,-27.556584772010467,57.61919594323565,33.06609408494904,33.06609408494903,0.747708239679028,20.0,0.0
213.05,43.09612479793409,-26.796528114300123,58.635337935761754,33.06609408494904,33.06609408494903,0.747708239679028,20.0,0.0
213.10000000000002,43.564559582486154,-26.028043337208434,59.65147992828786,33.06609408494904,33.06609408494903,0.747708239679028,20.0,0.0
213.15,44.01929231924341,-25.25137214672867,60.667621920813964,33.06609408494904,33.06609408494903,0.747708239679028,20.0,0.0
213.20000000000002,44.46017998438667,-24.466758823667863,61.683763913340066,33.06609408494904,33.06609408494903,0.7477082396790209,20.0,0.0
213.25,44.8870839086876,-23.67445014681492,62.69990590586617,33.06609408494904,33.06609408494903,0.7477082396790209,20.0,0.0
213.3,45.299869821123366,-22.87469531532306,63.716047898392276,33.06609408494904,33.06609408494903,0.7477082396790209,20.0,0.0
213.35000000000002,45.69840789110793,-22.067745870331006,64.73218989091838,33.06609408494904,33.06609408494903,0.747708239679028,20.0,0.0
213.4,46.08257276932671,-21.25385561584755,65.74833188344448,33.06609408494904,33.06609408494903,0.7477082396790209,20.0,0.0
213.45000000000002,46.452243627161856,-20.433280538924404,66.76447387597058,33.06609408494904,33.06609408494903,0.7477082396790209,20.0,0.0
213.5,46.80730419469554,-19.60627872914243,67.78061586849668,33.06609408494904,33.06609408494903,0.7477082396790209,20.0,0.0
213.55,47.147642797279545,-18.77311029743659,68.79675786102278,33.06609408494904,33.06609408494903,0.7477082396790138,20.0,0.0
213.60000000000002,47.473152390659465,-17.934037294285112,69.81289985354888,33.06609408494904,33.06609408494903,0.7477082396790209,20.0,0.0
213.65,47.78373059464256,-17.089323627288636,70.829041846075,33.06609408494904,33.06609408494903,0.7477082396790138,20.0,0.0
213.70000000000002,48.079279725298704,-16.239234978165264,71.8451838386011,33.06609408494904,33.06609408494903,0.7477082396790138,20.0,0.0
213.75,48.35970682568415,-15.38403871918759,72.8613258311272,33.06609408494904,33.06609408494903,0.7477082396790138,20.0,0.0
213.8,48.62492369507866,-14.52400382908802,73.8774678236533,33.06609408494904,33.06609408494903,0.7477082396790138,20.0,0.0
213.85000000000002,48.8748469167266,-13.659400808458834,74.8936098161794,33.06609408494904,33.06609408494903,0.7477082396790138,20.0,0.0
213.9,49.10939788407345,-12.790501594673568,75.90975180870551,33.06609408494904,33.06609408494903,0.7477082396790138,20.0,0.0
213.95000000000002,49.32850282548935,-11.917579476356513,76.92589380123161,33.06609408494904,33.06609408494903,0.7477082396790138,20.0,0.0
214.0,49.53209282747194,-11.040909007427208,77.94203579375771,33.06609408494904,33.06609408494903,0.7477082396790067,20.0,0.0
214.05,49.72010385632125,-10.160765920746966,78.95817778628383,33.06609408494904,33.06609408494903,0.7477082396790067,20.0,0.0
214.10000000000002,49.89247677827976,-9.277427041394603,79.97431977880993,33.06609408494904,33.06609408494903,0.7477082396790067,20.0,0.0
214.15,50.04915737813128,-8.391170199598632,80.99046177133603,33.06609408494904,33.06609408494903,0.7477082396790067,20.0,0.0
214.20000000000002,50.190096376252924,-7.502274143353321,82.00660376386213,33.06609408494904,33.06609408494903,0.7477082396790067,20.0,0.0
214.25,50.31524944411465,-6.611018450746088,83.02274575638823,33.06609408494904,33.06609408494903,0.7477082396790067,20.0,0.0
214.3,50.424577218221586,-5.717683442023816,84.03888774891433,33.06609408494904,33.066094084949036,0.7477082396790067,20.0,0.0
214.35000000000002,50.51804531249476,-4.822550091425739,85.05502974144044,33.06609408494904,33.06609408494903,0.7477082396790067,20.0,0.0
214.4,50.59562432908631,-3.9258999388106357,86.07117173396654,33.06609408494904,33.06609408494905,0.7477082396789996,20.0,0.0
214.45000000000002,50.65728986762577,-3.0280150011061218,87.08731372649264,33.06609408494904,33.06609408494903,0.7477082396790067,20.0,0.0
214.5,50.70302253289453,-2.1291776836078906,88.10345571901875,33.06609408494904,33.066094084949036,0.7477082396790067,20.0,0.0
214.55,50.7328079409261,-1.2296706911568074,89.11959771154486,33.06609408494904,33.06609408494903,0.7477082396790067,20.0,0.0
214.60000000000002,50.74663672353018,-0.3297769392217864,90.13573970407096,33.06609408494904,33.066094084949036,0.7477082396790067,20.0,0.0
214.65,50.74450453123918,0.5702205350835776,91.15188169659706,33.06609408494904,33.06609408494903,0.7477082396790067,20.0,0.0
214.70000000000002,50.72641203467621,1.470038662022638,92.16802368912316,33.06609408494904,33.066094084949036,0.7477082396790067,20.0,0.0
214.75,50.69236492434417,2.3693944282675865,93.18416568164926,33.06609408494904,33.066094084949036,0.7477082396790067,20.0,0.0
214.8,50.64237390883595,3.2680049659136,94.20030767417536,33.06609408494904,33.066094084949036,0.7477082396789996,20.0,0.0
214.85000000000002,50.57645471146634,4.165587641447251,95.21644966670146,33.06609408494904,33.066094084949036,0.7477082396789996,20.0,0.0
214.9,50.49462806532668,5.0618601446411935,96.23259165922758,33.06609408494904,33.06609408494903,0.7477082396789996,20.0,0.0
214.95000000000002,50.39691970676383,5.95654057734717,97.24873365175368,33.06609408494904,33.06609408494903,0.7477082396789996,20.0,0.0
215.0,50.2833603672855,6.8493475421594106,98.26487564427978,33.06609408494904,33.066094084949036,0.7477082396789996,20.0,0.0
215.05,50.15398576389452,7.740000230920537,99.28101763680588,33.06609408494904,33.066094084949036,0.7477082396789996,20.0,0.0
215.10000000000002,50.00883658785496,8.628218513042132,100.29715962933199,33.06609408494904,33.06609408494903,0.7477082396789996,20.0,0.0
215.15,49.84795849189388,9.5137230236122,101.31330162185809,33.06609408494904,33.06609408494903,0.7477082396789996,20.0,0.0
215.20000000000002,49.671402075842444,10.396235251261809,102.32944361438419,33.06609408494904,33.06609408494903,0.7477082396789996,20.0,0.0
215.25,49.47922287072116,11.27547762576326,103.34558560691029,33.06609408494904,33.06609408494903,0.7477082396789996,20.0,0.0
215.3,49.271481321274074,12.151173605332268,104.36172759943639,33.06609408494904,33.06609408494903,0.7477082396789996,20.0,0.0
215.35000000000002,49.04824276695754,13.023047763606652,105.37786959196251,33.06609408494904,33.06609408494904,0.7477082396789925,20.0,0.0
215.4,48.809577421389484,13.890825876274215,106.39401158448861,33.06609408494904,33.066094084949036,0.7477082396789925,20.0,0.0
215.45000000000002,48.555560350265566,14.754235007322542,107.41015357701471,33.06609408494904,33.066094084949036,0.7477082396789996,20.0,0.0
215.5,48.286271447749364,15.613003594883603,108.42629556954081,33.06609408494904,33.066094084949036,0.7477082396789996,20.0,0.0
215.55,48.00179541134381,16.466861536646157,109.44243756206691,33.06609408494904,33.06609408494904,0.7477082396789996,20.0,0.0
215.60000000000002,47.70222171525188,17.315540274809088,110.45857955459302,33.06609408494904,33.06609408494904,0.7477082396789996,20.0,0.0
215.65,47.38764458223497,18.158772880548963,111.47472154711912,33.06609408494904,33.06609408494904,0.7477082396789996,20.0,0.0
215.70000000000002,47.058162953977615,18.996294137975234,112.49086353964522,33.06609408494904,33.06609408494905,0.7477082396789925,20.0,0.0
215.75,46.71388045996813,19.82784062754669,113.50700553217133,33.06609408494904,33.06609408494905,0.7477082396789925,20.0,0.0
215.8,46.35490538490474,20.6531508089229,114.52314752469744,33.06609408494904,33.06609408494905,0.7477082396789925,20.0,0.0
215.85000000000002,45.981350634637586,21.471965103224633,115.53928951722354,33.06609408494904,33.06609408494905,0.7477082396789925,20.0,0.0
215.9,45.59333370065726,22.284025974677327,116.55543150974964,33.06609408494904,33.066094084949036,0.7477082396789925,20.0,0.0
215.95000000000002,45.19097662314104,23.089078011611964,117.57157350227574,33.06609408494904,33.06609408494905,0.7477082396789925,20.0,0.0
216.0,44.77440595256848,23.88686800679787,118.58771549480184,33.06609408494904,33.06609408494905,0.7477082396789925,20.0,0.0
216.05,44.34375270991839,24.677145037082163,119.60385748732794,33.06609408494904,33.06609408494904,0.7477082396789925,20.0,0.0
216.10000000000002,43.89915234545976,25.459660542310814,120.61999947985404,33.06609408494904,33.06609408494905,0.7477082396789925,20.0,0.0
216.15,43.44074469614955,26.234168403506484,121.63614147238016,33.06609408494904,33.06609408494905,0.7477082396789925,20.0,0.0
216.20000000000002,42.968673941650785,27.00042502027855,122.65228346490626,33.06609408494904,33.06609408494906,0.7477082396789925,20.0,0.0
216.25,42.48308855898476,27.758189387440986,123.66842545743236,33.06609408494904,33.06609408494906,0.7477082396789925,20.0,0.0
216.3,41.98414127583162,28.507223170814004,124.68456744995846,33.06609408494904,33.06609408494905,0.7477082396789925,20.0,0.0
216.35000000000002,41.47198902249403,29.24729078218558,125.70070944248457,33.06609408494904,33.06609408494904,0.7477082396789925,20.0,0.0
216.4,40.94679288253902,29.978159453409322,126.71685143501067,33.06609408494904,33.06609408494906,0.7477082396789925,20.0,0.0
216.45000000000002,40.40871804213352,30.699599309615362,127.73299342753677,33.06609408494904,33.06609408494904,0.7477082396789925,20.0,0.0
216.5,39.857933738089535,31.411383441511248,128.74913542006288,33.06609408494904,33.06609408494906,0.7477082396789925,20.0,0.0
216.55,39.294613204635326,32.113287976750094,129.76527741258897,33.06609408494904,33.06609408494905,0.7477082396789925,20.0,0.0
216.60000000000002,38.71893361892928,32.80509215034354,130.7814194051151,33.06609408494904,33.06609408494905,0.7477082396789925,20.0,0.0
216.65,38.13107604533364,33.48657837409737,131.79756139764118,33.06609408494904,33.066094084949036,0.7477082396789925,20.0,0.0
216.70000000000002,37.531225378465685,34.15753230504797,132.8137033901673,33.06609408494904,33.066094084949064,0.7477082396789854,20.0,0.0
216.75,36.91957028504408,34.81774291287809,133.82984538269338,33.06609408494904,33.06609408494905,0.7477082396789854,20.0,0.0
216.8,36.29630314454895,35.46700254629066,134.8459873752195,33.06609408494904,33.06609408494905,0.7477082396789854,20.0,0.0
216.85000000000002,35.661619988714115,36.10510699831989,135.8621293677456,33.06609408494904,33.06609408494906,0.7477082396789783,20.0,0.0
216.9,35.015720439870634,36.73185557055902,136.8782713602717,33.06609408494904,33.06609408494906,0.7477082396789783,20.0,0.0
216.95000000000002,34.358807648161054,37.34705113628453,137.8944133527978,33.06609408494904,33.06609408494906,0.7477082396789783,20.0,0.0
217.0,33.69108822764403,37.950500202456986,138.9105553453239,33.06609408494904,33.066094084949064,0.7477082396789783,20.0,0.0
217.05,33.01277219130951,38.542012970579044,139.92669733785002,33.06609408494904,33.06609408494906,0.7477082396789783,20.0,0.0
217.10000000000002,32.32407288502484,39.12140339639139,140.9428393303761,33.06609408494904,33.06609408494905,0.7477082396789854,20.0,0.0
217.15,31.625206920432635,39.6884892483879,141.95898132290222,33.06609408494904,33.06609408494905,0.7477082396789854,20.0,0.0
217.20000000000002,30.91639410682147,40.24309216513161,142.9751233154283,33.06609408494904,33.06609408494906,0.7477082396789854,20.0,0.0
217.25,30.197857381990854,40.785037711353446,143.99126530795442,33.06609408494904,33.06609408494906,0.7477082396789854,20.0,0.0
217.3,29.469822742132187,41.31415543281613,145.00740730048054,33.06609408494904,33.066094084949064,0.7477082396789783,20.0,0.0
217.35000000000002,28.73251917074783,41.83027890992589,146.02354929300662,33.06609408494904,33.066094084949064,0.7477082396789783,20.0,0.0
217.4,27.986178566630535,42.333245810075226,147.03969128553274,33.06609408494904,33.06609408494906,0.7477082396789854,20.0,0.0
217.45000000000002,27.23103567092602,42.82289793870024,148.05583327805883,33.06609408494904,33.066094084949064,0.7477082396789854,20.0,0.0
217.5,26.4673279933015,43.29908128903639,149.07197527058494,33.06609408494904,33.066094084949064,0.7477082396789854,20.0,0.0
217.55,25.695295737243484,43.761646090557186,150.08811726311103,33.06609408494904,33.06609408494906,0.7477082396789854,20.0,0.0
217.60000000000002,24.915181724508308,44.2104468560804,151.10425925563715,33.06609408494904,33.066094084949064,0.7477082396789854,20.0,0.0
217.65,24.127231318749143,44.64534242752712,152.12040124816326,33.06609408494904,33.066094084949064,0.7477082396789854,20.0,0.0
217.70000000000002,23.331692348343527,45.06619602031916,153.13654324068935,33.06609408494904,33.066094084949064,0.7477082396789854,20.0,0.0
217.75,22.528815028445695,45.472875266400976,154.15268523321546,33.06609408494904,33.06609408494906,0.7477082396789854,20.0,0.0
217.8,21.718851882288206,45.8652522558724,155.16882722574155,33.06609408494904,33.066094084949064,0.7477082396789854,20.0,0.0
217.85000000000002,20.902057661757613,46.243203577219234,156.18496921826767,33.06609408494904,33.066094084949064,0.7477082396789783,20.0,0.0
217.9,20.078689267269198,46.606610356128996,157.20111121079375,33.06609408494904,33.066094084949064,0.7477082396789783,20.0,0.0
217.95000000000002,19.24900566696592,46.95535829287959,158.21725320331987,33.06609408494904,33.066094084949064,0.7477082396789783,20.0,0.0
218.0,18.413267815267037,47.28933769828917,159.23339519584596,33.06609408494904,33.06609408494907,0.7477082396789783,20.0,0.0
218.05,17.57173857079198,47.60844352821591,160.24953718837207,33.06609408494904,33.066094084949064,0.7477082396789783,20.0,0.0
218.10000000000002,16.724682613685314,47.91257541659678,161.2656791808982,33.06609408494904,33.066094084949064,0.7477082396789783,20.0,0.0
218.15,15.872366362368817,48.201637707014946,162.28182117342428,33.06609408494904,33.066094084949064,0.7477082396789854,20.0,0.0
218.20000000000002,15.015057889746789,48.475539482785905,163.2979631659504,33.06609408494904,33.06609408494907,0.7477082396789854,20.0,0.0
218.25,14.153026838891012,48.73419459555286,164.31410515847648,33.06609408494904,33.066094084949086,0.7477082396789854,20.0,0.0
218.3,13.286544338231858,48.97752169238233,165.3302471510026,33.06609408494904,33.066094084949064,0.7477082396789925,20.0,0.0
218.35000000000002,12.415882916282209,49.20544424135153,166.34638914352868,33.06609408494904,33.066094084949064,0.7477082396789925,20.0,0.0
218.4,11.541316415921026,49.41789055561937,167.3625311360548,33.06609408494904,33.06609408494908,0.7477082396789854,20.0,0.0
218.45000000000002,10.66311990826351,49.61479381597365,168.37867312858089,33.06609408494904,33.06609408494908,0.7477082396789854,20.0,0.0
218.5,9.78156960614497,49.796092091847164,169.394815121107,33.06609408494904,33.06609408494908,0.7477082396789925,20.0,0.0
218.55,8.896942777245576,49.961728360796336,170.41095711363312,33.06609408494904,33.066094084949064,0.7477082396789925,20.0,0.0
218.60000000000002,8.009517656883354,50.11165052643604,171.4270991061592,33.06609408494904,33.06609408494908,0.7477082396789925,20.0,0.0
218.65,7.119573360502834,50.24581143482511,172.44324109868532,33.06609408494904,33.06609408494908,0.7477082396789925,20.0,0.0
218.70000000000002,6.227389795886868,50.36416888929735,173.4593830912114,33.06609408494904,33.06609408494908,0.7477082396789925,20.0,0.0
218.75,5.333247575119254,50.46668566373334,174.47552508373752,33.06609408494904,33.06609408494908,0.7477082396789925,20.0,0.0
218.8,4.437427926325827,50.55332951426886,175.4916670762636,33.06609408494904,33.06609408494908,0.7477082396789925,20.0,0.0
218.85000000000002,3.5402126052218064,50.62407318943639,176.50780906878973,33.06609408494904,33.06609408494908,0.7477082396789925,20.0,0.0
218.9,2.6418838064931887,50.67889443873626,177.52395106131584,33.06609408494904,33.06609408494908,0.7477082396789996,20.0,0.0
218.95000000000002,1.742724075040085,50.71777601963497,178.54009305384193,33.06609408494904,33.06609408494908,0.7477082396789996,20.0,0.0
219.0,0.8430162171099045,50.74070570298834,179.55623504636804,33.06609408494904,33.06609408494907,0.7477082396789996,20.0,0.0
219.05,-0.056956788651663315,50.747676276887894,-179.42762296110587,33.06609408494904,33.06609408494907,0.7477082396789996,20.0,0.0
219.10000000000002,-0.9569118802038871,50.73868554892912,-178.41148096857975,33.06609408494904,33.06609408494907,0.7477082396789996,20.0,0.0
219.15,-1.8565660011404628,50.71373634690106,-177.39533897605367,33.06609408494904,33.06609408494907,0.7477082396789996,20.0,0.0
219.20000000000002,-2.7556361897172112,50.6728365178969,-176.37919698352755,33.06609408494904,33.06609408494907,0.7477082396790067,20.0,0.0
219.25,-3.653839667850001,50.61599892584587,-175.36305499100146,33.06609408494904,33.066094084949064,0.7477082396790067,20.0,0.0
219.3,-4.550893930054907,50.54324144746728,-174.34691299847535,33.06609408494904,33.06609408494907,0.7477082396790138,20.0,0.0
219.35000000000002,-5.44651683230263,50.45458696664783,-173.33077100594923,33.06609408494904,33.06609408494907,0.7477082396790138,20.0,0.0
219.4,-6.340426680759229,50.350063367244154,-172.31462901342314,33.06609408494904,33.06609408494907,0.7477082396790138,20.0,0.0
219.45000000000002,-7.23234232038526,50.22970352431268,-171.29848702089703,33.06609408494904,33.06609408494907,0.7477082396790138,20.0,0.0
219.5,-8.121983223365447,50.093545293769694,-170.28234502837094,33.06609408494904,33.06609408494907,0.7477082396790138,20.0,0.0
219.55,-9.009069577341084,49.941631500484775,-169.26620303584482,33.06609408494904,33.066094084949064,0.7477082396790209,20.0,0.0
219.60000000000002,-9.893322373417396,49.77400992481141,-168.25006104331874,33.06609408494904,33.066094084949064,0.7477082396790209,20.0,0.0
219.65,-10.774463493918216,49.590733287558976,-167.23391905079262,33.06609408494904,33.066094084949064,0.7477082396790209,20.0,0.0
219.70000000000002,-11.652215799860322,49.39185923341084,-166.2177770582665,33.06609408494904,33.06609408494907,0.7477082396790209,20.0,0.0
219.75,-12.526303218119981,49.1774503127938,-165.20163506574042,33.06609408494904,33.06609408494907,0.7477082396790209,20.0,0.0
219.8,-13.396450828264241,48.94757396220455,-164.1854930732143,33.06609408494904,33.066094084949064,0.747708239679028,20.0,0.0
219.85000000000002,-14.262384949019676,48.70230248299934,-163.16935108068822,33.06609408494904,33.06609408494908,0.747708239679028,20.0,0.0
219.9,-15.123833224351394,48.44171301865358,-162.1532090881621,33.06609408494904,33.06609408494907,0.747708239679028,20.0,0.0
219.95000000000002,-15.980524709125218,48.165887530498445,-161.137067095636,33.06609408494904,33.066094084949064,0.7477082396790351,20.0,0.0
220.0,-16.832189954326118,47.87491277194216,-160.1209251031099,33.06609408494904,33.06609408494906,0.7477082396790351,20.0,0.0
220.05,-17.678561091806067,47.56888026118408,-159.1047831105838,33.06609408494904,33.066094084949064,0.7477082396790351,20.0,0.0
220.10000000000002,-18.51937191853469,47.247886252430135,-158.0886411180577,33.06609408494904,33.06609408494906,0.7477082396790422,20.0,0.0
220.15,-19.354357980326185,46.91203170561867,-157.07249912553158,33.06609408494904,33.066094084949064,0.7477082396790351,20.0,0.0
220.20000000000002,-20.183256655016198,46.561422254666276,-156.0563571330055,33.06609408494904,33.066094084949064,0.7477082396790351,20.0,0.0
220.25,-21.005807235062484,46.19616817424346,-155.04021514047938,33.06609408494904,33.066094084949064,0.7477082396790422,20.0,0.0
220.3,-21.82175100954338,45.81638434509079,-154.0240731479533,33.06609408494904,33.06609408494906,0.7477082396790422,20.0,0.0
220.35000000000002,-22.630831345528293,45.42219021788626,-153.00793115542717,33.06609408494904,33.066094084949064,0.7477082396790422,20.0,0.0
220.4,-23.4327937687946,45.01370977567534,-151.99178916290109,33.06609408494904,33.06609408494907,0.7477082396790422,20.0,0.0
220.45000000000002,-24.227386043865607,44.59107149487546,-150.97564717037497,33.06609408494904,33.06609408494905,0.7477082396790493,20.0,0.0
220.5,-25.014358253344362,44.15440830486727,-149.95950517784888,33.06609408494904,33.06609408494905,0.7477082396790493,20.0,0.0
220.55,-25.793462876518365,43.7038575461853,-148.94336318532277,33.06609408494904,33.06609408494905,0.7477082396790493,20.0,0.0
220.60000000000002,-26.56445486721049,43.23956092732124,-147.92722119279665,33.06609408494904,33.06609408494906,0.7477082396790493,20.0,0.0
220.65,-27.327091730851592,42.761664480153385,-146.91107920027056,33.06609408494904,33.06609408494906,0.7477082396790493,20.0,0.0
220.70000000000002,-28.081133600750587,42.27031851401626,-145.89493720774445,33.06609408494904,33.06609408494906,0.7477082396790564,20.0,0.0
220.75,-28.82634331353799,41.76567756842493,-144.87879521521836,33.06609408494904,33.06609408494906,0.7477082396790564,20.0,0.0
220.8,-29.562486483759212,41.24790036446878,-143.86265322269224,33.06609408494904,33.06609408494906,0.7477082396790564,20.0,0.0
220.85000000000002,-30.289331577594126,40.71714975489012,-142.84651123016616,33.06609408494904,33.06609408494904,0.7477082396790564,20.0,0.0
220.9,-31.006649985679744,40.1735926728633,-141.83036923764004,33.06609408494904,33.06609408494906,0.7477082396790564,20.0,0.0
220.95000000000002,-31.714216095013068,39.61740007949037,-140.81422724511395,33.06609408494904,33.06609408494904,0.7477082396790564,20.0,0.0
221.0,-32.41180735991153,39.04874691002996,-139.79808525258784,33.06609408494904,33.06609408494906,0.7477082396790564,20.0,0.0
221.05,-33.09920437200868,38.46781201887613,-138.78194326006172,33.06609408494904,33.06609408494906,0.7477082396790564,20.0,0.0
221.10000000000002,-33.77619092926314,37.874778123304594,-137.76580126753564,33.06609408494904,33.06609408494905,0.7477082396790564,20.0,0.0
221.15,-34.442554103959054,37.269831746003945,-136.74965927500952,33.06609408494904,33.06609408494904,0.7477082396790635,20.0,0.0
221.20000000000002,-35.09808430967673,36.65316315641004,-135.73351728248343,33.06609408494904,33.06609408494904,0.7477082396790635,20.0,0.0
221.25,-35.742575367212346,36.024966310861906,-134.71737528995732,33.06609408494904,33.06609408494905,0.7477082396790635,20.0,0.0
221.3,-36.37582456942601,35.38543879159807,-133.70123329743123,33.06609408494904,33.06609408494904,0.7477082396790635,20.0,0.0
221.35000000000002,-36.99763274499777,34.7347817446124,-132.68509130490511,33.06609408494904,33.06609408494904,0.7477082396790635,20.0,0.0
221.4,-37.607804321071576,34.073199816389135,-131.668949312379,33.06609408494904,33.06609408494906,0.7477082396790635,20.0,0.0
221.45000000000002,-38.20614738476734,33.40090108953688,-130.6528073198529,33.06609408494904,33.06609408494905,0.7477082396790635,20.0,0.0
221.5,-38.79247374354198,32.71809701734188,-129.6366653273268,33.06609408494904,33.06609408494905,0.7477082396790564,20.0,0.0
221.55,-39.36659898438024,32.02500235726116,-128.6205233348007,33.06609408494904,33.06609408494904,0.7477082396790635,20.0,0.0
221.60000000000002,-39.928342531796766,31.321835103376355,-127.60438134227459,33.06609408494904,33.06609408494905,0.7477082396790564,20.0,0.0
221.65,-40.477527704631264,30.608816417829654,-126.58823934974849,33.06609408494904,33.066094084949036,0.7477082396790564,20.0,0.0
221.70000000000002,-41.01398177161872,29.88617056126323,-125.57209735722239,33.06609408494904,33.066094084949036,0.7477082396790564,20.0,0.0
221.75,-41.537536005717335,29.154124822284164,-124.55595536469629,33.06609408494904,33.06609408494905,0.7477082396790564,20.0,0.0
221.8,-42.048025737177035,28.412909445976975,-123.53981337217019,33.06609408494904,33.066094084949036,0.7477082396790635,20.0,0.0
221.85000000000002,-42.54529040533184,27.662757561486316,-122.52367137964409,33.06609408494904,33.06609408494905,0.7477082396790564,20.0,0.0
221.9,-43.02917360909989,26.903905108692516,-121.50752938711798,33.06609408494904,33.06609408494905,0.7477082396790564,20.0,0.0
221.95000000000002,-43.49952315617514,26.13659076400312,-120.49138739459188,33.06609408494904,33.06609408494905,0.7477082396790635,20.0,0.0
222.0,-43.956191110895276,25.36105586528371,-119.47524540206578,33.06609408494904,33.066094084949036,0.7477082396790635,20.0,0.0
222.05,-44.399033840770926,24.577544335951636,-118.45910340953967,33.06609408494904,33.06609408494905,0.7477082396790635,20.0,0.0
222.10000000000002,-44.827912061661294,23.786302608256545,-117.44296141701356,33.06609408494904,33.06609408494905,0.7477082396790635,20.0,0.0
222.15,-45.24269088158223,22.98757954577181,-116.42681942448746,33.06609408494904,33.06609408494905,0.7477082396790635,20.0,0.0
222.20000000000002,-45.643239843132825,22.181626365121257,-115.41067743196136,33.06609408494904,33.06609408494905,0.7477082396790635,20.0,0.0
222.25,-46.029432964527246,21.36869655696582,-114.39453543943526,33.06609408494904,33.06609408494905,0.7477082396790635,20.0,0.0
222.3,-46.40114877921887,20.54904580627493,-113.37839344690916,33.06609408494904,33.066094084949036,0.7477082396790635,20.0,0.0
222.35000000000002,-46.758270374104306,19.722931911907764,-112.36225145438306,33.06609408494904,33.066094084949036,0.7477082396790635,20.0,0.0
222.4,-47.10068542629521,18.89061470552963,-111.34610946185695,33.06609408494904,33.06609408494905,0.7477082396790635,20.0,0.0
222.45000000000002,-47.4282862384464,18.052355969888968,-110.32996746933084,33.06609408494904,33.06609408494905,0.7477082396790564,20.0,0.0
222.5,-47.74096977262914,17.208419356480718,-109.31382547680474,33.06609408494904,33.066094084949036,0.7477082396790564,20.0,0.0
222.55,-48.03863768273892,16.359070302621895,-108.29768348427864,33.06609408494904,33.066094084949036,0.7477082396790564,20.0,0.0
222.60000000000002,-48.32119634542753,15.504575947965513,-107.28154149175253,33.06609408494904,33.06609408494904,0.7477082396790564,20.0,0.0
222.65,-48.58855688954975,14.64520505047906,-106.26539949922643,33.06609408494904,33.06609408494904,0.7477082396790564,20.0,0.0
222.70000000000002,-48.84063522411535,13.781227901913988,-105.24925750670033,33.06609408494904,33.06609408494904,0.7477082396790635,20.0,0.0
222.75,-49.07735206473764,12.912916242792793,-104.23311551417423,33.06609408494904,33.06609408494905,0.7477082396790564,20.0,0.0
222.8,-49.298632958570195,12.040543176940421,-103.21697352164813,33.06609408494904,33.066094084949036,0.7477082396790635,20.0,0.0
222.85000000000002,-49.504408307723985,11.164383085586886,-102.20083152912203,33.06609408494904,33.06609408494904,0.7477082396790635,20.0,0.0
222.9,-49.6946133911575,10.28471154106811,-101.18468953659591,33.06609408494904,33.066094084949036,0.7477082396790635,20.0,0.0
222.95000000000002,-49.869188385033,9.401805220152141,-100.16854754406981,33.06609408494904,33.06609408494904,0.7477082396790635,20.0,0.0
223.0,-50.02807838153245,8.515941817017998,-99.15240555154371,33.06609408494904,33.06609408494904,0.7477082396790635,20.0,0.0
223.05,-50.17123340612732,7.627399955914513,-98.1362635590176,33.06609408494904,33.06609408494903,0.7477082396790706,20.0,0.0
223.10000000000002,-50.29860843329668,6.736459103526654,-97.1201215664915,33.06609408494904,33.06609408494903,0.7477082396790706,20.0,0.0
223.15,-50.410163400688766,5.843399481076871,-96.1039795739654,33.06609408494904,33.06609408494904,0.7477082396790635,20.0,0.0
223.20000000000002,-50.505863221721526,4.948501976189133,-95.0878375814393,33.06609408494904,33.06609408494905,0.7477082396790706,20.0,0.0
223.25,-50.58567779661811,4.052048054543365,-94.0716955889132,33.06609408494904,33.06609408494903,0.7477082396790706,20.0,0.0
223.3,-50.649582021873954,3.1543196713480635,-93.05555359638709,33.06609408494904,33.066094084949036,0.7477082396790635,20.0,0.0
223.35000000000002,-50.69755579815243,2.2555991826589588,-92.03941160386098,33.06609408494904,33.06609408494903,0.7477082396790706,20.0,0.0
223.4,-50.7295840366065,1.3561692565715902,-91.02326961133488,33.06609408494904,33.066094084949036,0.7477082396790635,20.0,0.0
223.45000000000002,-50.74565666362453,0.4563127843157424,-90.00712761880878,33.06609408494904,33.066094084949036,0.7477082396790635,20.0,0.0
223.5,-50.74576862399868,-0.443687208720299,-88.99098562628268,33.06609408494904,33.06609408494903,0.7477082396790706,20.0,0.0
223.55,-50.72991988251485,-1.3435476520076894,-87.97484363375658,33.06609408494904,33.06609408494903,0.7477082396790706,20.0,0.0
223.60000000000002,-50.698115423963785,-2.2429855189091636,-86.95870164123048,33.06609408494904,33.066094084949036,0.7477082396790706,20.0,0.0
223.65,-50.65036525157323,-3.1417179156973694,-85.94255964870437,33.06609408494904,33.066094084949036,0.7477082396790635,20.0,0.0
223.70000000000002,-50.58668438386169,-4.039462170531398,-84.92641765617827,33.06609408494904,33.066094084949036,0.7477082396790635,20.0,0.0
223.75,-50.50709284991477,-4.935935922363528,-83.91027566365216,33.06609408494904,33.066094084949036,0.7477082396790635,20.0,0.0
223.8,-50.41161568308556,-5.830857209748216,-82.89413367112606,33.06609408494904,33.06609408494903,0.7477082396790635,20.0,0.0
223.85000000000002,-50.300282913121066,-6.7239445595254,-81.87799167859995,33.06609408494904,33.066094084949036,0.7477082396790635,20.0,0.0
223.9,-50.17312955671721,-7.614917075350233,-80.86184968607385,33.06609408494904,33.066094084949036,0.7477082396790635,20.0,0.0
223.95000000000002,-50.030195606505224,-8.503494526041392,-79.84570769354775,33.06609408494904,33.066094084949036,0.7477082396790635,20.0,0.0
224.0,-49.871526018473105,-9.389397433720172,-78.82956570102165,33.06609408494904,33.06609408494903,0.7477082396790706,20.0,0.0
224.05,-49.6971706978259,-10.27234716171266,-77.81342370849555,33.06609408494904,33.06609408494903,0.7477082396790706,20.0,0.0
224.10000000000002,-49.50718448328938,-11.152066002187322,-76.79728171596945,33.06609408494904,33.06609408494903,0.7477082396790706,20.0,0.0
224.15,-49.30162712986204,-12.028277263500453,-75.78113972344333,33.06609408494904,33.06609408494903,0.7477082396790706,20.0,0.0
224.20000000000002,-49.08056329002076,-12.90070535722201,-74.76499773091723,33.06609408494904,33.06609408494903,0.7477082396790635,20.0,0.0
224.25,-48.84406249338615,-13.76907588481446,-73.74885573839113,33.06609408494904,33.06609408494903,0.7477082396790635,20.0,0.0
224.3,-48.59219912485385,-14.633115723937381,-72.73271374586503,33.06609408494904,33.06609408494903,0.7477082396790635,20.0,0.0
224.35000000000002,-48.325052401198846,-15.492553114350665,-71.71657175333893,33.06609408494904,33.06609408494904,0.7477082396790706,20.0,0.0
224.4,-48.042706346159946,-16.34711774338932,-70.70042976081282,33.06609408494904,33.06609408494902,0.7477082396790706,20.0,0.0
224.45000000000002,-47.74524976401241,-17.196540830982954,-69.68428776828672,33.06609408494904,33.06609408494903,0.7477082396790635,20.0,0.0
224.5,-47.43277621163698,-18.040555214193265,-68.66814577576062,33.06609408494904,33.06609408494904,0.7477082396790635,20.0,0.0
224.55,-47.105383969094106,-18.878895431242853,-67.65200378323452,33.06609408494904,33.06609408494902,0.7477082396790635,20.0,0.0
224.60000000000002,-46.763176008712634,-19.71129780500902,-66.6358617907084,33.06609408494904,33.06609408494903,0.7477082396790635,20.0,0.0
224.65,-46.406259962702634,-20.53750052595624,-65.6197197981823,33.06609408494904,33.06609408494903,0.7477082396790635,20.0,0.0
224.70000000000002,-46.03474808930264,-21.35724373448122,-64.6035778056562,33.06609408494904,33.06609408494903,0.7477082396790635,20.0,0.0
224.75,-45.64875723747186,-22.17026960264468,-63.5874358131301,33.06609408494904,33.06609408494902,0.7477082396790635,20.0,0.0
224.8,-45.24840881013852,-22.97632241526413,-62.571293820604,33.06609408494904,33.06609408494903,0.7477082396790635,20.0,0.0
224.85000000000002,-44.833828726015874,-23.775148650342107,-61.555151828077896,33.06609408494904,33.06609408494903,0.7477082396790635,20.0,0.0
224.9,-44.40514737999788,-24.56649705880465,-60.53900983555179,33.06609408494904,33.06609408494903,0.7477082396790564,20.0,0.0
224.95000000000002,-43.962499602147055,-25.350118743524853,-59.522867843025686,33.06609408494904,33.06609408494903,0.7477082396790635,20.0,0.0
225.0,-43.50602461528733,-26.125767237606684,-58.506725850499585,33.06609408494904,33.06609408494903,0.7477082396790564,20.0,0.0
225.05,-43.0358659912153,-26.893198581904464,-57.49058385797348,33.06609408494904,33.06609408494903,0.7477082396790635,20.0,0.0
225.10000000000002,-42.55217160554362,-27.652171401753563,-56.474441865447375,33.06609408494904,33.06609408494903,0.7477082396790635,20.0,0.0
225.15,-42.05509359119074,-28.402446982888254,-55.45829987292127,33.06609408494904,33.06609408494903,0.7477082396790635,20.0,0.0
225.20000000000002,-41.54478829053165,-29.143789346522784,-54.44215788039517,33.06609408494904,33.06609408494903,0.7477082396790635,20.0,0.0
225.25,-41.02141620622462,-29.875965323572096,-53.42601588786907,33.06609408494904,33.06609408494903,0.7477082396790635,20.0,0.0
225.3,-40.48514195072948,-30.59874462798882,-52.40987389534296,33.06609408494904,33.06609408494903,0.7477082396790635,20.0,0.0
225.35000000000002,-39.936134194533196,-31.31189992919349,-51.39373190281686,33.06609408494904,33.06609408494902,0.7477082396790706,20.0,0.0
225.4,-39.37456561309921,-32.015206923575185,-50.37758991029076,33.06609408494904,33.066094084949015,0.7477082396790706,20.0,0.0
225.45000000000002,-38.80061283255702,-32.708444405040154,-49.36144791776466,33.06609408494904,33.06609408494902,0.7477082396790706,20.0,0.0
225.5,-38.21445637414928,-33.39139433458616,-48.345305925238556,33.06609408494904,33.06609408494902,0.7477082396790706,20.0,0.0
225.55,-37.6162805974537,-34.063841908880725,-47.32916393271245,33.06609408494904,33.06609408494901,0.7477082396790706,20.0,0.0
225.60000000000002,-37.00627364239781,-34.72557562782169,-46.313021940186346,33.06609408494904,33.06609408494901,0.7477082396790635,20.0,0.0
225.65,-36.3846273700846,-35.3763873610588,-45.296879947660244,33.06609408494904,33.06609408494903,0.7477082396790635,20.0,0.0
225.70000000000002,-35.75153730244788,-36.016072413455475,-44.28073795513414,33.06609408494904,33.06609408494901,0.7477082396790706,20.0,0.0
225.75,-35.10720256075613,-36.644429589470064,-43.264595962608034,33.06609408494904,33.066094084949015,0.7477082396790706,20.0,0.0
225.8,-34.451825802984345,-37.26126125643646,-42.24845397008193,33.06609408494904,33.06609408494901,0.7477082396790706,20.0,0.0
225.85000000000002,-33.785613160073474,-37.86637340672409,-41.23231197755583,33.06609408494904,33.06609408494901,0.7477082396790706,20.0,0.0
225.9,-33.10877417109752,-38.45957571875769,-40.21616998502973,33.06609408494904,33.06609408494903,0.7477082396790635,20.0,0.0
225.95000000000002,-32.42152171735876,-39.04068161687786,-39.20002799250362,33.06609408494904,33.06609408494902,0.7477082396790635,20.0,0.0
226.0,-31.72407195543166,-39.609508330023296,-38.18388599997752,33.06609408494904,33.06609408494903,0.7477082396790635,20.0,0.0
226.05,-31.016644249176764,-40.16587694921649,-37.16774400745142,33.06609408494904,33.06609408494903,0.7477082396790635,20.0,0.0
226.10000000000002,-30.299461100745713,-40.709612483834675,-36.15160201492532,33.06609408494904,33.06609408494902,0.7477082396790635,20.0,0.0
226.15,-29.572748080599254,-41.24054391664838,-35.13546002239921,33.06609408494904,33.06609408494902,0.7477082396790635,20.0,0.0
226.20000000000002,-28.836733756560193,-41.758504257610234,-34.11931802987311,33.06609408494904,33.066094084949015,0.7477082396790635,20.0,0.0
226.25,-28.09164962192359,-42.263330596377166,-33.103176037347005,33.06609408494904,33.066094084949015,0.7477082396790635,20.0,0.0
226.3,-27.337730022646845,-42.7548641535494,-32.0870340448209,33.06609408494904,33.066094084949015,0.7477082396790635,20.0,0.0
226.35000000000002,-26.575212083642537,-43.23295033061021,-31.0708920522948,33.06609408494904,33.066094084949015,0.7477082396790564,20.0,0.0
226.4,-25.804335634197244,-43.69743875855069,-30.054750059768697,33.06609408494904,33.066094084949015,0.7477082396790564,20.0,0.0
226.45000000000002,-25.02534313253975,-44.14818334516421,-29.038608067242592,33.06609408494904,33.06609408494902,0.7477082396790493,20.0,0.0
226.5,-24.238479589582408,-44.5850423209958,-28.02246607471649,33.06609408494904,33.06609408494901,0.7477082396790493,20.0,0.0
226.55,-23.443992491859614,-45.007878283931795,-27.006324082190385,33.06609408494904,33.066094084949015,0.7477082396790564,20.0,0.0
226.60000000000002,-22.64213172368765,-45.416558242416016,-25.990182089664284,33.06609408494904,33.066094084949015,0.7477082396790493,20.0,0.0
226.65,-21.833149488570363,-45.81095365727861,-24.97404009713818,33.06609408494904,33.06609408494901,0.7477082396790493,20.0,0.0
226.70000000000002,-21.01730022987541,-46.19094048216455,-23.957898104612077,33.06609408494904,33.066094084949015,0.7477082396790493,20.0,0.0
226.75,-20.19484055080602,-46.556399202549045,-22.941756112085972,33.06609408494904,33.06609408494901,0.7477082396790493,20.0,0.0
226.8,-19.366029133693424,-46.907214873327604,-21.92561411955987,33.06609408494904,33.06609408494901,0.7477082396790493,20.0,0.0
226.85000000000002,-18.531126658635365,-47.24327715496886,-20.909472127033766,33.06609408494904,33.06609408494901,0.7477082396790493,20.0,0.0
226.9,-17.690395721506263,-47.56448034821889,-19.893330134507664,33.06609408494904,33.066094084949015,0.7477082396790422,20.0,0.0
226.95000000000002,-16.84410075136482,-47.870723427346064,-18.87718814198156,33.06609408494904,33.06609408494903,0.7477082396790422,20.0,0.0
227.0,-15.992507927285045,-48.16191007191589,-17.861046149455458,33.06609408494904,33.066094084949015,0.7477082396790422,20.0,0.0
227.05,-15.13588509463687,-48.43794869708602,-16.844904156929353,33.06609408494904,33.066094084949,0.7477082396790422,20.0,0.0
227.10000000000002,-14.274501680842668,-48.698752482411784,-15.828762164403251,33.06609408494904,33.06609408494901,0.7477082396790422,20.0,0.0
227.15,-13.40862861063618,-48.94423939915316,-14.812620171877148,33.06609408494904,33.066094084949015,0.7477082396790351,20.0,0.0
227.20000000000002,-12.538538220850509,-49.17433223607473,-13.796478179351045,33.06609408494904,33.066094084949015,0.7477082396790351,20.0,0.0
227.25,-11.66450417476197,-49.388958623730346,-12.780336186824941,33.06609408494904,33.06609408494901,0.7477082396790351,20.0,0.0
227.3,-10.78680137601675,-49.58805105722497,-11.764194194298838,33.06609408494904,33.06609408494901,0.7477082396790351,20.0,0.0
227.35000000000002,-9.905705882167444,-49.77154691744653,-10.748052201772735,33.06609408494904,33.066094084949015,0.7477082396790351,20.0,0.0
227.4,-9.021494817846646,-49.93938849076101,-9.731910209246632,33.06609408494904,33.066094084949015,0.7477082396790351,20.0,0.0
227.45000000000002,-8.13444628760494,-50.09152298716478,-8.715768216720528,33.06609408494904,33.066094084949015,0.7477082396790351,20.0,0.0
227.5,-7.244839288440668,-50.227902556888175,-7.699626224194426,33.06609408494904,33.066094084949015,0.7477082396790351,20.0,0.0
227.55,-6.352953622049014,-50.348484305445396,-6.683484231668323,33.06609408494904,33.066094084949015,0.747708239679028,20.0,0.0
227.60000000000002,-5.45906980681799,-50.45323030712578,-5.6673422391422195,33.06609408494904,33.066094084949015,0.747708239679028,20.0,0.0
227.65,-4.563468989598994,-50.5421076169223,-4.651200246616116,33.06609408494904,33.06609408494901,0.747708239679028,20.0,0.0
227.70000000000002,-3.666432857279723,-50.61508828089354,-3.635058254090013,33.06609408494904,33.06609408494901,0.747708239679028,20.0,0.0
227.75,-2.7682435481872134,-50.67214934495582,-2.61891626156391,33.06609408494904,33.06609408494901,0.747708239679028,20.0,0.0
227.8,-1.8691835633489036,-50.713272862102805,-1.6027742690378066,33.06609408494904,33.06609408494901,0.747708239679028,20.0,0.0
227.85000000000002,-0.9695356776396169,-50.73844589805023,-0.5866322765117036,33.06609408494904,33.066094084949015,0.7477082396790209,20.0,0.0
227.9,-0.06958285084241156,-50.747660535304036,0.42950971601439963,33.06609408494904,33.06609408494901,0.7477082396790209,20.0,0.0
227.95000000000002,0.8303918613487259,-50.7409138756506,1.4456517085405027,33.06609408494904,33.066094084949015,0.7477082396790138,20.0,0.0
228.0,1.730105396356353,-50.71820804106829,2.4617937010666058,33.06609408494904,33.06609408494901,0.7477082396790138,20.0,0.0
228.05,2.62927477374921,-50.67955017306005,3.477935693592709,33.06609408494904,33.06609408494901,0.7477082396790138,20.0,0.0
228.10000000000002,3.52761718424602,-50.62495243040725,4.494077686118812,33.06609408494904,33.06609408494901,0.7477082396790067,20.0,0.0
228.15,4.424850078665459,-50.554431985345445,5.510219678644916,33.06609408494904,33.06609408494901,0.7477082396790067,20.0,0.0
228.20000000000002,5.320691256794323,-50.468011018163345,6.526361671171019,33.06609408494904,33.06609408494901,0.7477082396790067,20.0,0.0
228.25,6.2148589561459255,-50.36571671022658,7.542503663697122,33.06609408494904,33.066094084949015,0.7477082396789996,20.0,0.0
228.3,7.107071940580835,-50.24758123542856,8.558645656223225,33.06609408494904,33.06609408494902,0.7477082396789996,20.0,0.0
228.35000000000002,7.997049588762049,-50.113641750071054,9.574787648749329,33.06609408494904,33.066094084949015,0.7477082396789996,20.0,0.0
228.4,8.884511982416814,-49.963940381177665,10.590929641275432,33.06609408494904,33.06609408494903,0.7477082396789996,20.0,0.0
228.45000000000002,9.769179994377302,-49.79852421324393,11.607071633801535,33.06609408494904,33.06609408494902,0.7477082396789996,20.0,0.0
228.5,10.65077537637247,-49.61744527342819,12.623213626327638,33.06609408494904,33.06609408494903,0.7477082396789925,20.0,0.0
228.55,11.5290208465435,-49.42076051518783,13.639355618853742,33.06609408494904,33.06609408494902,0.7477082396789925,20.0,0.0
228.60000000000002,12.403640176655255,-49.208531800366146,14.655497611379843,33.06609408494904,33.066094084949015,0.7477082396789854,20.0,0.0
228.65,13.274358278976374,-48.98082587973537,15.671639603905946,33.06609408494904,33.06609408494903,0.7477082396789925,20.0,0.0
228.70000000000002,14.140901292800626,-48.73771437200202,16.68778159643205,33.06609408494904,33.06609408494903,0.7477082396789854,20.0,0.0
228.75,15.002996670582357,-48.479273741281204,17.703923588958155,33.06609408494904,33.06609408494903,0.7477082396789854,20.0,0.0
228.8,15.86037326365891,-48.2055852730469,18.720065581484256,33.06609408494904,33.06609408494902,0.7477082396789854,20.0,0.0
228.85000000000002,16.712761407533065,-47.91673504856582,19.73620757401036,33.06609408494904,33.066094084949015,0.7477082396789854,20.0,0.0
228.9,17.55989300668867,-47.61281391782288,20.752349566536463,33.06609408494904,33.06609408494903,0.7477082396789854,20.0,0.0
228.95000000000002,18.40150161891281,-47.293917470946845,21.768491559062568,33.06609408494904,33.06609408494902,0.7477082396789783,20.0,0.0
229.0,19.23732253909794,-46.960146008144996,22.78463355158867,33.06609408494904,33.06609408494903,0.7477082396789783,20.0,0.0
229.05,20.067092882497693,-46.61160450815647,23.80077554411477,33.06609408494904,33.06609408494903,0.7477082396789783,20.0,0.0
229.10000000000002,20.890551667410136,-46.248402595234026,24.816917536640876,33.06609408494904,33.066094084949036,0.7477082396789783,20.0,0.0
229.15,21.707439897262457,-45.87065450466474,25.833059529166977,33.06609408494904,33.06609408494902,0.7477082396789783,20.0,0.0
229.20000000000002,22.5175006420713,-45.47847904684039,26.849201521693082,33.06609408494904,33.06609408494902,0.7477082396789783,20.0,0.0
229.25,23.320479119253108,-45.07199956988886,27.865343514219184,33.06609408494904,33.06609408494902,0.7477082396789783,20.0,0.0
229.3,24.116122773759045,-44.651343920878375,28.88148550674529,33.06609408494904,33.06609408494903,0.7477082396789783,20.0,0.0
229.35000000000002,24.904181357509344,-44.21664440560665,29.89762749927139,33.06609408494904,33.06609408494903,0.7477082396789783,20.0,0.0
229.4,25.684407008102017,-43.76803774698772,30.913769491797495,33.06609408494904,33.06609408494902,0.7477082396789854,20.0,0.0
229.45000000000002,26.45655432677124,-43.305665042049455,31.929911484323597,33.06609408494904,33.06609408494903,0.7477082396789854,20.0,0.0
229.5,27.220380455570865,-42.82967171755532,32.9460534768497,33.06609408494904,33.06609408494903,0.7477082396789854,20.0,0.0
229.55,27.975645153758784,-42.340207484264354,33.96219546937581,33.06609408494904,33.06609408494902,0.7477082396789854,20.0,0.0
229.60000000000002,28.72211087335812,-41.83742628984371,34.97833746190191,33.06609408494904,33.06609408494903,0.7477082396789854,20.0,0.0
229.65,29.459542833871488,-41.32148627044862,35.99447945442801,33.06609408494904,33.06609408494903,0.7477082396789854,20.0,0.0
229.70000000000002,30.187709096124816,-40.79254970098493,37.01062144695411,33.06609408494904,33.06609408494903,0.7477082396789854,20.0,0.0
229.75,30.90638063521751,-40.250782944069975,38.02676343948022,33.06609408494904,33.06609408494903,0.7477082396789854,20.0,0.0
229.8,31.615331412555996,-39.69635639770774,39.04290543200632,33.06609408494904,33.06609408494903,0.7477082396789783,20.0,0.0
229.85000000000002,32.314338446948035,-39.12944444169477,40.05904742453242,33.06609408494904,33.06609408494903,0.7477082396789783,20.0,0.0
229.9,33.003181884735376,-38.55022538277379,41.075189417058525,33.06609408494904,33.06609408494903,0.7477082396789783,20.0,0.0
229.95000000000002,33.681645068942764,-37.95888139855211,42.091331409584626,33.06609408494904,33.06609408494903,0.7477082396789783,20.0,0.0
230.0,34.34951460742148,-37.355598480202666,43.107473402110735,33.06609408494904,33.06609408494903,0.7477082396789783,20.0,0.0
230.05,35.00658043996607,-36.74056637396553,44.123615394636836,33.06609408494904,33.06609408494903,0.7477082396789783,20.0,0.0
230.10000000000002,35.65263590438303,-36.11397852146838,45.13975738716294,33.06609408494904,33.06609408494903,0.7477082396789783,20.0,0.0
230.15,36.28747780149082,-35.47603199888472,46.15589937968904,33.06609408494904,33.066094084949036,0.7477082396789783,20.0,0.0
230.20000000000002,36.91090645903062,-34.8269274549489,47.17204137221515,33.06609408494904,33.066094084949036,0.7477082396789783,20.0,0.0
230.25,37.52272579446781,-34.166869047847534,48.18818336474125,33.06609408494904,33.06609408494903,0.7477082396789783,20.0,0.0
230.3,38.12274337666442,-33.49606438100707,49.20432535726735,33.06609408494904,33.06609408494903,0.7477082396789783,20.0,0.0
230.35000000000002,38.710770486403085,-32.81472443779782,50.22046734979345,33.06609408494904,33.06609408494904,0.7477082396789783,20.0,0.0
230.4,39.28662217574357,-32.12306351517481,51.23660934231956,33.06609408494904,33.06609408494903,0.7477082396789783,20.0,0.0
230.45000000000002,39.85011732619309,-31.421299156276568,52.25275133484566,33.06609408494904,33.06609408494903,0.7477082396789783,20.0,0.0
230.5,40.40107870567225,-30.709652082002787,53.268893327371764,33.06609408494904,33.06609408494905,0.7477082396789783,20.0,0.0
230.55,40.9393330242585,-29.988346121592613,54.285035319897865,33.06609408494904,33.06609408494904,0.7477082396789783,20.0,0.0
230.60000000000002,41.46471098868987,-29.257608142225212,55.301177312423974,33.06609408494904,33.06609408494905,0.7477082396789783,20.0,0.0
230.65,41.97704735561148,-28.517667977664882,56.317319304950075,33.06609408494904,33.06609408494905,0.7477082396789783,20.0,0.0
230.70000000000002,42.47618098354838,-27.768758355973084,57.33346129747618,33.06609408494904,33.06609408494905,0.7477082396789854,20.0,0.0
230.75,42.96195488358822,-27.011114826310163,58.34960329000228,33.06609408494904,33.06609408494905,0.7477082396789854,20.0,0.0
230.8,43.43421626875783,-26.24497568484976,59.36574528252839,33.06609408494904,33.06609408494905,0.7477082396789854,20.0,0.0
230.85000000000002,43.89281660207823,-25.47058189982923,60.38188727505449,33.06609408494904,33.06609408494904,0.7477082396789854,20.0,0.0
230.9,44.33761164328287,-24.688177035759637,61.39802926758059,33.06609408494904,33.06609408494904,0.7477082396789854,20.0,0.0
230.95000000000002,44.76846149418452,-23.898007176819153,62.41417126010669,33.06609408494904,33.06609408494905,0.7477082396789783,20.0,0.0
231.0,45.185230642676416,-23.10032084945398,63.43031325263279,33.06609408494904,33.06609408494906,0.7477082396789783,20.0,0.0
231.05,45.58778800535391,-22.2953689442111,64.4464552451589,33.06609408494904,33.06609408494906,0.7477082396789854,20.0,0.0
231.10000000000002,45.976006968743185,-21.483404636827483,65.462597237685,33.06609408494904,33.06609408494905,0.7477082396789854,20.0,0.0
231.15,46.34976542912411,-20.664683308600544,66.4787392302111,33.06609408494904,33.06609408494906,0.7477082396789854,20.0,0.0
231.20000000000002,46.708945830934624,-19.839462466064898,67.4948812227372,33.06609408494904,33.06609408494905,0.7477082396789925,20.0,0.0
231.25,47.053435203744634,-19.008001660000673,68.51102321526331,33.06609408494904,33.06609408494906,0.7477082396789925,20.0,0.0
231.3,47.383125197787805,-18.17056240379888,69.52716520778941,33.06609408494904,33.06609408494906,0.7477082396789925,20.0,0.0
231.35000000000002,47.697912118040044,-17.327408091209474,70.54330720031552,33.06609408494904,33.06609408494905,0.7477082396789925,20.0,0.0
231.4,47.99769695683393,-16.478803913498027,71.55944919284163,33.06609408494904,33.06609408494906,0.7477082396789854,20.0,0.0
231.45000000000002,48.282385424998886,-15.625016776037004,72.57559118536773,33.06609408494904,33.06609408494906,0.7477082396789854,20.0,0.0
231.5,48.5518879815173,-14.766315214357952,73.59173317789383,33.06609408494904,33.06609408494906,0.7477082396789925,20.0,0.0
231.55,48.806119861687165,-13.902969309690945,74.60787517041993,33.06609408494904,33.06609408494906,0.7477082396789854,20.0,0.0
231.60000000000002,49.04500110378258,-13.035250604017873,75.62401716294603,33.06609408494904,33.06609408494906,0.7477082396789925,20.0,0.0
231.65,49.268456574203476,-12.163432014666295,76.64015915547213,33.06609408494904,33.06609408494905,0.7477082396789854,20.0,0.0
231.70000000000002,49.47641599110688,-11.287787748470716,77.65630114799824,33.06609408494904,33.066094084949064,0.7477082396789854,20.0,0.0
231.75,49.66881394651217,-10.408593215528281,78.67244314052435,33.06609408494904,33.066094084949064,0.7477082396789925,20.0,0.0
231.8,49.84558992687331,-9.526124942576015,79.68858513305045,33.06609408494904,33.06609408494906,0.7477082396789925,20.0,0.0
231.85000000000002,50.006688332111835,-8.640660486016857,80.70472712557655,33.06609408494904,33.066094084949064,0.7477082396789925,20.0,0.0
231.9,50.15205849310427,-7.752478344621843,81.72086911810266,33.06609408494904,33.066094084949064,0.7477082396789925,20.0,0.0
231.95000000000002,50.28165468761877,-6.861857871935884,82.73701111062876,33.06609408494904,33.06609408494906,0.7477082396789925,20.0,0.0
232.0,50.395436154695766,-5.969079188414707,83.75315310315486,33.06609408494904,33.066094084949064,0.7477082396789854,20.0,0.0
232.05,50.49336710746826,-5.074423093320579,84.76929509568096,33.06609408494904,33.066094084949064,0.7477082396789854,20.0,0.0
232.10000000000002,50.57541674441757,-4.178170976404537,85.78543708820706,33.06609408494904,33.066094084949064,0.7477082396789854,20.0,0.0
232.15,50.641559259061154,-3.280604729402889,86.80157908073316,33.06609408494904,33.066094084949064,0.7477082396789925,20.0,0.0
232.20000000000002,50.691773848069275,-2.382006657375831,87.81772107325928,33.06609408494904,33.06609408494906,0.7477082396789925,20.0,0.0
232.25,50.72604471780819,-1.4826593899160705,88.83386306578538,33.06609408494904,33.06609408494906,0.7477082396789925,20.0,0.0
232.3,50.74436108930758,-0.582845792255368,89.85000505831148,33.06609408494904,33.066094084949064,0.7477082396789925,20.0,0.0
232.35000000000002,50.74671720165076,0.31715112370302934,90.86614705083758,33.06609408494904,33.066094084949064,0.7477082396789925,20.0,0.0
232.4,50.73311231378665,1.2170482883980878,91.88228904336368,33.06609408494904,33.06609408494907,0.7477082396789925,20.0,0.0
232.45000000000002,50.70355070476284,2.1165626636428216,92.89843103588979,33.06609408494904,33.06609408494905,0.7477082396789925,20.0,0.0
232.5,50.65804167237974,3.015411331646259,93.91457302841589,33.06609408494904,33.06609408494907,0.7477082396789925,20.0,0.0
232.55,50.5965995302662,3.913311583997543,94.93071502094199,33.06609408494904,33.066094084949064,0.7477082396789925,20.0,0.0
232.60000000000002,50.51924360337754,4.809981010584174,95.9468570134681,33.06609408494904,33.066094084949064,0.7477082396789925,20.0,0.0
232.65,50.42599822191744,5.705137588416433,96.9629990059942,33.06609408494904,33.066094084949064,0.7477082396789925,20.0,0.0
232.70000000000002,50.316892713685505,6.598499770330045,97.97914099852031,33.06609408494904,33.06609408494908,0.7477082396789925,20.0,0.0
232.75,50.19196139485301,7.489786573539189,98.99528299104641,33.06609408494904,33.066094084949064,0.7477082396789925,20.0,0.0
232.8,50.051243559169706,8.378717668011987,100.01142498357251,33.06609408494904,33.06609408494907,0.7477082396789925,20.0,0.0
232.85000000000002,49.894783465604995,9.265013464640699,101.02756697609861,33.06609408494904,33.06609408494908,0.7477082396789925,20.0,0.0
232.9,49.72263032442752,10.148395203178874,102.04370896862471,33.06609408494904,33.066094084949086,0.7477082396789925,20.0,0.0
232.95000000000002,49.53483828172738,11.028585039917806,103.05985096115081,33.06609408494904,33.06609408494908,0.7477082396789925,20.0,0.0
233.0,49.33146640238597,11.90530613507472,104.07599295367692,33.06609408494904,33.06609408494908,0.7477082396789996,20.0,0.0
233.05,49.11257865149871,12.778282739865201,105.09213494620303,33.06609408494904,33.066094084949064,0.7477082396789996,20.0,0.0
233.10000000000002,48.878243874256576,13.64724028323247,106.10827693872913,33.06609408494904,33.06609408494908,0.7477082396789996,20.0,0.0
233.15,48.62853577429272,14.511905458206254,107.12441893125524,33.06609408494904,33.066094084949064,0.7477082396789996,20.0,0.0
233.20000000000002,48.36353289050099,15.372006307864053,108.14056092378134,33.06609408494904,33.06609408494908,0.7477082396789925,20.0,0.0
233.25,48.08331857233365,16.227272310867804,109.15670291630744,33.06609408494904,33.06609408494909,0.7477082396789925,20.0,0.0
233.3,47.78798095358609,17.077434466549015,110.17284490883354,33.06609408494904,33.06609408494909,0.7477082396789925,20.0,0.0
233.35000000000002,47.47761292467673,17.9222253795156,111.18898690135964,33.06609408494904,33.06609408494908,0.7477082396789996,20.0,0.0
233.4,47.15231210343084,18.761379343753838,112.20512889388574,33.06609408494904,33.06609408494907,0.7477082396789925,20.0,0.0
233.45000000000002,46.81218080437756,19.59463242619898,113.22127088641186,33.06609408494904,33.06609408494907,0.7477082396789996,20.0,0.0
233.5,46.45732600656961,20.42172254974821,114.23741287893796,33.06609408494904,33.06609408494907,0.7477082396789996,20.0,0.0
233.55,46.08785931993594,21.242389575689874,115.25355487146406,33.06609408494904,33.06609408494907,0.7477082396789996,20.0,0.0
233.60000000000002,45.70389695017786,22.056375385523044,116.26969686399016,33.06609408494904,33.066094084949086,0.7477082396789996,20.0,0.0
233.65,45.305559662219714,22.86342396214167,117.28583885651626,33.06609408494904,33.066094084949086,0.7477082396789996,20.0,0.0
233.70000000000002,44.89297274222554,23.663281470357802,118.30198084904237,33.06609408494904,33.06609408494907,0.7477082396789996,20.0,0.0
233.75,44.46626595819371,24.455696336738548,119.31812284156847,33.06609408494904,33.066094084949086,0.7477082396789996,20.0,0.0
233.8,44.02557351914196,25.240419328731658,120.33426483409457,33.06609408494904,33.06609408494908,0.7477082396790067,20.0,0.0
233.85000000000002,43.571034032895554,26.01720363305484,121.35040682662067,33.06609408494904,33.06609408494908,0.7477082396790067,20.0,0.0
233.9,43.10279046249199,26.785804933324183,122.36654881914679,33.06609408494904,33.066094084949086,0.7477082396790067,20.0,0.0
233.95000000000002,42.62099008121586,27.545981486897215,123.38269081167289,33.06609408494904,33.06609408494908,0.7477082396790067,20.0,0.0
234.0,42.125784426278024,28.297494200906492,124.39883280419899,33.06609408494904,33.06609408494908,0.7477082396790067,20.0,0.0
234.05,41.61732925115373,29.040106707459756,125.41497479672509,33.06609408494904,33.06609408494908,0.7477082396790067,20.0,0.0
234.10000000000002,41.09578447659456,29.773585437983023,126.43111678925119,33.06609408494904,33.06609408494907,0.7477082396790138,20.0,0.0
234.15,40.56131414032973,30.497699696683235,127.4472587817773,33.06609408494904,33.06609408494907,0.7477082396790138,20.0,0.0
234.20000000000002,40.01408634547247,31.21222173310735,128.4634007743034,33.06609408494904,33.066094084949086,0.7477082396790138,20.0,0.0
234.25,39.45427320764777,31.916926813775046,129.4795427668295,33.06609408494904,33.066094084949086,0.7477082396790138,20.0,0.0
234.3,38.88205080085808,32.61159329286254,130.4956847593556,33.06609408494904,33.06609408494907,0.7477082396790138,20.0,0.0
234.35000000000002,38.29759910210402,33.29600268191524,131.5118267518817,33.06609408494904,33.06609408494908,0.7477082396790209,20.0,0.0
234.4,37.70110193477752,33.96993971856737,132.52796874440781,33.06609408494904,33.06609408494908,0.7477082396790209,20.0,0.0
234.45000000000002,37.092746910845136,34.633192434246865,133.5441107369339,33.06609408494904,33.06609408494907,0.7477082396790209,20.0,0.0
234.5,36.472725371839864,35.285552220844366,134.56025272946002,33.06609408494904,33.06609408494908,0.7477082396790209,20.0,0.0
234.55,35.84123232867981,35.92681389632517,135.57639472198613,33.06609408494904,33.06609408494908,0.7477082396790209,20.0,0.0
234.60000000000002,35.198466400332826,36.55677576926372,136.59253671451222,33.06609408494904,33.06609408494907,0.7477082396790209,20.0,0.0
234.65,34.544629751346335,37.17523970228012,137.60867870703834,33.06609408494904,33.066094084949086,0.747708239679028,20.0,0.0
234.70000000000002,33.87992802826192,37.78201117435888,138.62482069956442,33.06609408494904,33.06609408494909,0.747708239679028,20.0,0.0
234.75,33.204570294934854,38.376899342030185,139.64096269209054,33.06609408494904,33.06609408494908,0.747708239679028,20.0,0.0
234.8,32.518768966778694,38.959717099394574,140.65710468461663,33.06609408494904,33.06609408494909,0.747708239679028,20.0,0.0
234.85000000000002,31.822739743955832,39.53028113697196,141.67324667714274,33.06609408494904,33.06609408494908,0.7477082396790351,20.0,0.0
234.9,31.116701543534845,40.088411999356666,142.68938866966883,33.06609408494904,33.066094084949086,0.7477082396790351,20.0,0.0
234.95000000000002,30.400876430636092,40.63393414166025,143.70553066219495,33.06609408494904,33.066094084949086,0.7477082396790351,20.0,0.0
235.0,29.67548954858717,41.16667598472436,144.72167265472106,33.06609408494904,33.06609408494908,0.7477082396790351,20.0,0.0
235.05,28.940769048110198,41.6864699690863,145.73781464724715,33.06609408494904,33.06609408494908,0.7477082396790351,20.0,0.0
235.10000000000002,28.196946015563213,42.19315260768033,146.75395663977326,33.06609408494904,33.066094084949086,0.7477082396790422,20.0,0.0
235.15,27.444254400258234,42.68656453725802,147.77009863229935,33.06609408494904,33.066094084949086,0.7477082396790351,20.0,0.0
235.20000000000002,26.682930940878876,43.16655056851169,148.78624062482547,33.06609408494904,33.066094084949086,0.7477082396790422,20.0,0.0
235.25,25.913215091020618,43.63295973488493,149.80238261735155,33.06609408494904,33.066094084949086,0.7477082396790422,20.0,0.0
235.3,25.1353489438772,44.08564534005507,150.81852460987767,33.06609408494904,33.066094084949086,0.7477082396790422,20.0,0.0
235.35000000000002,24.34957715609679,44.52446500407251,151.8346666024038,33.06609408494904,33.066094084949086,0.7477082396790422,20.0,0.0
235.4,23.55614687083187,44.94928070814244,152.85080859492987,33.06609408494904,33.066094084949086,0.7477082396790422,20.0,0.0
235.45000000000002,22.7553076400071,45.35995883803493,153.866950587456,33.06609408494904,33.066094084949086,0.7477082396790422,20.0,0.0
235.5,21.947311345829526,45.756370226109624,154.88309257998208,33.06609408494904,33.06609408494908,0.7477082396790493,20.0,0.0
235.55,21.13241212156589,46.13839019194194,155.8992345725082,33.06609408494904,33.066094084949086,0.7477082396790493,20.0,0.0
235.60000000000002,20.310866271611914,46.50589858153788,156.91537656503428,33.06609408494904,33.066094084949086,0.7477082396790493,20.0,0.0
235.65,19.482932190878728,46.85877980512522,157.9315185575604,33.06609408494904,33.06609408494908,0.7477082396790564,20.0,0.0
235.70000000000002,18.648870283521774,47.196922873509116,158.94766055008648,33.06609408494904,33.06609408494908,0.7477082396790564,20.0,0.0
235.75,17.80894288103775,47.52022143298076,159.9638025426126,33.06609408494904,33.066094084949086,0.7477082396790564,20.0,0.0
235.8,16.963414159755384,47.82857379876803,160.9799445351387,33.06609408494904,33.06609408494908,0.7477082396790564,20.0,0.0
235.85000000000002,16.112550057745942,48.12188298701767,161.9960865276648,33.06609408494904,33.066094084949086,0.7477082396790564,20.0,0.0
235.9,15.256618191179635,48.400056745298926,163.01222852019092,33.06609408494904,33.06609408494908,0.7477082396790564,20.0,0.0
235.95000000000002,14.395887770154243,48.66300758161905,164.028370512717,33.06609408494904,33.06609408494908,0.7477082396790564,20.0,0.0
236.0,13.530629514022385,48.91065279194151,165.04451250524312,33.06609408494904,33.066094084949086,0.7477082396790564,20.0,0.0
236.05,12.661115566244112,49.142914486198315,166.0606544977692,33.06609408494904,33.066094084949086,0.7477082396790493,20.0,0.0
236.10000000000002,11.78761940879158,49.35971961278821,167.07679649029532,33.06609408494904,33.066094084949086,0.7477082396790493,20.0,0.0
236.15,10.91041577613273,49.56099998155307,168.0929384828214,33.06609408494904,33.066094084949086,0.7477082396790493,20.0,0.0
236.20000000000002,10.029780568821032,49.74669228522525,169.10908047534753,33.06609408494904,33.066094084949086,0.7477082396790564,20.0,0.0
236.25,9.145990766718464,49.916738119339186,170.12522246787364,33.06609408494904,33.06609408494909,0.7477082396790493,20.0,0.0
236.3,8.259324341879033,50.071084000600926,171.14136446039973,33.06609408494904,33.06609408494909,0.7477082396790564,20.0,0.0
236.35000000000002,7.370060171120217,50.20968138370983,172.15750645292584,33.06609408494904,33.06609408494908,0.7477082396790564,20.0,0.0
236.4,6.478477948309846,50.332486676627184,173.17364844545193,33.06609408494904,33.06609408494907,0.7477082396790564,20.0,0.0
236.45000000000002,5.584858096395999,50.439461254286904,174.18979043797805,33.06609408494904,33.06609408494908,0.7477082396790564,20.0,0.0
236.5,4.689481679207595,50.530571470743986,175.20593243050413,33.06609408494904,33.06609408494908,0.7477082396790564,20.0,0.0
236.55,3.7926303130533987,50.605788669756926,176.22207442303025,33.06609408494904,33.06609408494908,0.7477082396790635,20.0,0.0
236.60000000000002,2.894586078147274,50.66508919380075,177.23821641555634,33.06609408494904,33.06609408494909,0.7477082396790564,20.0,0.0
236.65,1.9956314298875177,50.708454391507885,178.25435840808245,33.06609408494904,33.06609408494908,0.7477082396790635,20.0,0.0
236.70000000000002,1.0960491100181966,50.735870623534375,179.27050040060857,33.06609408494904,33.066094084949064,0.7477082396790635,20.0,0.0
236.75,0.19612205770041613,50.74732926684983,-179.71335760686534,33.06609408494904,33.06609408494906,0.7477082396790635,20.0,0.0
236.8,-0.7038666794784987,50.74282671744953,-178.69721561433923,33.06609408494904,33.066094084949064,0.7477082396790635,20.0,0.0
236.85000000000002,-1.6036340345299271,50.72236439148798,-177.68107362181314,33.06609408494904,33.06609408494906,0.7477082396790635,20.0,0.0
236.9,-2.5028970100949772,50.68594872483347,-176.66493162928703,33.06609408494904,33.06609408494906,0.7477082396790635,20.0,0.0
236.95000000000002,-3.401372767453612,50.6335911710439,-175.64878963676094,33.06609408494904,33.066094084949064,0.7477082396790635,20.0,0.0
237.0,-4.298778715483879,50.56530819776433,-174.63264764423482,33.06609408494904,33.066094084949064,0.7477082396790564,20.0,0.0
237.05,-5.194832599543263,50.481121281547544,-173.6165056517087,33.06609408494904,33.066094084949064,0.7477082396790564,20.0,0.0
237.10000000000002,-6.089252590244213,50.381056901099186,-172.60036365918262,33.06609408494904,33.066094084949064,0.7477082396790564,20.0,0.0
237.15,-6.98175737209591,50.2651465289496,-171.5842216666565,33.06609408494904,33.06609408494906,0.7477082396790564,20.0,0.0
237.20000000000002,-7.87206623198441,50.13342662155501,-170.56807967413042,33.06609408494904,33.066094084949064,0.7477082396790564,20.0,0.0
237.25,-8.759899147463319,49.985938607831116,-169.5519376816043,33.06609408494904,33.066094084949064,0.7477082396790564,20.0,0.0
237.3,-9.644976874827243,49.82272887612277,-168.5357956890782,33.06609408494904,33.066094084949064,0.7477082396790564,20.0,0.0
237.35000000000002,-10.527021036940303,49.643848759613775,-167.5196536965521,33.06609408494904,33.066094084949064,0.7477082396790564,20.0,0.0
237.4,-11.405754210792091,49.44935452018144,-166.503511704026,33.06609408494904,33.066094084949064,0.7477082396790564,20.0,0.0
237.45000000000002,-12.280900014753541,49.23930733070091,-165.4873697114999,33.06609408494904,33.066094084949064,0.7477082396790564,20.0,0.0
237.5,-13.152183195505252,49.013773255804935,-164.47122771897378,33.06609408494904,33.066094084949064,0.7477082396790564,20.0,0.0
237.55,-14.019329714610937,48.772823231105015,-163.4550857264477,33.06609408494904,33.06609408494905,0.7477082396790635,20.0,0.0
237.60000000000002,-14.882066834708764,48.516533040880525,-162.43894373392158,33.06609408494904,33.066094084949064,0.7477082396790635,20.0,0.0
237.65,-15.74012320529348,48.24498329424285,-161.4228017413955,33.06609408494904,33.06609408494906,0.7477082396790635,20.0,0.0
237.70000000000002,-16.59322894806233,47.95825939978198,-160.40665974886937,33.06609408494904,33.06609408494906,0.7477082396790635,20.0,0.0
237.75,-17.44111574179794,47.656451538703536,-159.39051775634329,33.06609408494904,33.06609408494906,0.7477082396790635,20.0,0.0
237.8,-18.283516906761466,47.33965463646474,-158.37437576381717,33.06609408494904,33.066094084949064,0.7477082396790635,20.0,0.0
237.85000000000002,-19.120167488569454,47.00796833291822,-157.35823377129105,33.06609408494904,33.06609408494905,0.7477082396790635,20.0,0.0
237.9,-19.95080434152803,46.66149695097294,-156.34209177876497,33.06609408494904,33.06609408494906,0.7477082396790635,20.0,0.0
237.95000000000002,-20.775166211398236,46.30034946378232,-155.32594978623885,33.06609408494904,33.06609408494906,0.7477082396790635,20.0,0.0
238.0,-21.592993817566438,45.92463946046967,-154.30980779371276,33.06609408494904,33.06609408494905,0.7477082396790635,20.0,0.0
238.05,-22.404029934594,45.53448511040183,-153.29366580118665,33.06609408494904,33.06609408494905,0.7477082396790635,20.0,0.0
238.10000000000002,-23.208019473120547,45.13000912602221,-152.27752380866056,33.06609408494904,33.06609408494906,0.7477082396790635,20.0,0.0
238.15,-24.004709560095396,44.711338724254894,-151.26138181613445,33.06609408494904,33.06609408494906,0.7477082396790635,20.0,0.0
238.20000000000002,-24.793849618311892,44.27860558649206,-150.24523982360836,33.06609408494904,33.06609408494904,0.7477082396790706,20.0,0.0
238.25,-25.575191445219655,43.83194581717716,-149.22909783108224,33.06609408494904,33.06609408494906,0.7477082396790706,20.0,0.0
238.3,-26.348489290989946,43.37149990099695,-148.21295583855613,33.06609408494904,33.06609408494906,0.7477082396790635,20.0,0.0
238.35000000000002,-27.1134999358096,42.8974126586959,-147.19681384603004,33.06609408494904,33.06609408494904,0.7477082396790635,20.0,0.0
238.4,-27.8699827663792,42.4098332015267,-146.18067185350392,33.06609408494904,33.066094084949064,0.7477082396790635,20.0,0.0
238.45000000000002,-28.617699851591446,41.90891488435143,-145.16452986097784,33.06609408494904,33.066094084949064,0.7477082396790635,20.0,0.0
238.5,-29.356416017365923,41.39481525740792,-144.14838786845172,33.06609408494904,33.06609408494905,0.7477082396790635,20.0,0.0
238.55,-30.085898920616707,40.86769601675662,-143.13224587592563,33.06609408494904,33.06609408494906,0.7477082396790635,20.0,0.0
238.60000000000002,-30.80591912232957,40.32772295342349,-142.11610388339952,33.06609408494904,33.06609408494905,0.7477082396790635,20.0,0.0
238.65,-31.516250159725786,39.775065901254955,-141.09996189087343,33.06609408494904,33.06609408494905,0.7477082396790635,20.0,0.0
238.70000000000002,-32.21666861748984,39.20989868350129,-140.08381989834731,33.06609408494904,33.06609408494906,0.7477082396790635,20.0,0.0
238.75,-32.906954198038626,38.632399058145204,-139.0676779058212,33.06609408494904,33.06609408494904,0.7477082396790635,20.0,0.0
238.8,-33.5868897908101,38.04274866199295,-138.0515359132951,33.06609408494904,33.06609408494905,0.7477082396790635,20.0,0.0
238.85000000000002,-34.25626154054946,37.441132953545385,-137.035393920769,33.06609408494904,33.06609408494906,0.7477082396790635,20.0,0.0
238.9,-34.91485891457153,36.827741154667024,-136.0192519282429,33.06609408494904,33.06609408494905,0.7477082396790635,20.0,0.0
238.95000000000002,-35.562474768978085,36.20276619107147,-135.0031099357168,33.06609408494904,33.06609408494904,0.7477082396790635,20.0,0.0
239.0,-36.198905413809335,35.56640463164186,-133.9869679431907,33.06609408494904,33.06609408494904,0.7477082396790635,20.0,0.0
239.05,-36.82395067710905,34.91885662660549,-132.9708259506646,33.06609408494904,33.06609408494905,0.7477082396790635,20.0,0.0
239.10000000000002,-37.43741396788324,34.26032584458197,-131.9546839581385,33.06609408494904,33.066094084949036,0.7477082396790635,20.0,0.0
239.15,-38.039102337932455,33.59101940852483,-130.9385419656124,33.06609408494904,33.06609408494904,0.7477082396790635,20.0,0.0
239.20000000000002,-38.628826542538455,32.911147830576596,-129.92239997308627,33.06609408494904,33.066094084949036,0.7477082396790635,20.0,0.0
239.25,-39.206401099985946,32.220924945857945,-128.90625798056018,33.06609408494904,33.06609408494903,0.7477082396790635,20.0,0.0
239.3,-39.771644349900825,31.520567845211666,-127.89011598803408,33.06609408494904,33.06609408494904,0.7477082396790564,20.0,0.0
239.35000000000002,-40.32437851038652,30.81029680692264,-126.87397399550797,33.06609408494904,33.06609408494904,0.7477082396790564,20.0,0.0
239.4,-40.86442973394045,30.090335227435297,-125.85783200298187,33.06609408494904,33.066094084949036,0.7477082396790564,20.0,0.0
239.45000000000002,-41.391628162133,29.360909551090337,-124.84169001045576,33.06609408494904,33.066094084949036,0.7477082396790564,20.0,0.0
239.5,-41.905807979031934,28.62224919890282,-123.82554801792966,33.06609408494904,33.06609408494904,0.7477082396790564,20.0,0.0
239.55,-42.40680746335522,27.874586496404028,-122.80940602540356,33.06609408494904,33.06609408494906,0.7477082396790564,20.0,0.0
239.60000000000002,-42.894469039336116,27.118156600569765,-121.79326403287746,33.06609408494904,33.066094084949036,0.7477082396790635,20.0,0.0
239.65,-43.3686393262843,26.353197425858152,-120.77712204035136,33.06609408494904,33.06609408494903,0.7477082396790635,20.0,0.0
239.70000000000002,-43.82916918682764,25.579949569380084,-119.76098004782526,33.06609408494904,33.06609408494904,0.7477082396790564,20.0,0.0
239.75,-44.27591377381927,24.798656235225952,-118.74483805529914,33.06609408494904,33.066094084949036,0.7477082396790564,20.0,0.0
239.8,-44.70873257589532,24.00956315797242,-117.72869606277304,33.06609408494904,33.066094084949036,0.7477082396790564,20.0,0.0
239.85000000000002,-45.127489461668965,23.212918525393277,-116.71255407024694,33.06609408494904,33.066094084949036,0.7477082396790564,20.0,0.0
239.9,-45.53205272254684,22.408972900398737,-115.69641207772084,33.06609408494904,33.066094084949036,0.7477082396790564,20.0,0.0
239.95000000000002,-45.92229511415439,21.59797914222768,-114.68027008519473,33.06609408494904,33.06609408494903,0.7477082396790564,20.0,0.0
240.0,-46.298093896357145,20.780192326917646,-113.66412809266863,33.06609408494904,33.06609408494903,0.7477082396790564,20.0,0.0
