time_s,north_m,east_m,heading_deg,bank_deg,bank_demand_deg,radial_error_m,l1_period_s,abs_error_rate_mps
0.0,85.0,0.0,90.0,0.0,35.0,35.0,20.0,0.0
0.05,85.0,0.9,90.0,2.5000000000000004,35.0,35.004764572346176,20.0,0.0
0.1,85.0,1.8,90.0681449877476,4.821428571428572,35.0,35.01905668730981,13.429634815267688,0.0952914469235111
0.15000000000000002,84.99892958128792,2.69999936344632,90.19979494313216,6.977040816326531,35.0,35.04180164205927,13.297500314715718,0.2858422992727583
0.2,84.99579121602036,3.599993891576046,90.3907994181403,8.978680758017495,35.0,35.07199586501254,13.192274067612635,0.4548990949891163
0.25,84.98965260071257,4.4999729565559505,90.63740689726464,10.837346418159102,35.0,35.10869994189515,13.112355813710419,0.603884459065398
0.30000000000000004,84.97964044310781,5.399917264110645,90.93619549374141,12.563250245433451,35.0,35.1510328551517,13.055824900436292,0.7340815376522869
0.35000000000000003,84.9649353730412,6.299797123266486,91.28401949070688,14.165875227902491,35.0,35.19816715598631,13.025127496560165,0.846658265130884
0.4,84.9447677302591,7.199571131662268,91.67796778905172,15.654026997338025,35.0,35.249324860831194,13.025551677850817,0.9426860166922779
0.45,84.91841404138414,8.09918520618683,92.11533138877478,17.03588221181388,35.0,35.30377391597668,13.026024039837239,1.023154096897656
0.5,84.88519404157955,8.998571903671834,92.59357777563496,18.319033482398606,35.0,35.36082511188704,13.026527890310815,1.0889811029096563
0.55,84.84446812873492,9.897649987056683,93.1103306157308,19.510531090798704,35.0,35.419829356620696,13.027056536151294,1.1410239182072246
0.6000000000000001,84.79563516236699,10.796324200214993,93.66335354547707,20.616921727170222,35.0,35.48017523862124,13.02760849409057,1.1800848946731435
0.65,84.73813053808557,11.694485220403607,94.25053712799978,21.64428446094378,35.0,35.54128682490034,13.028182826830154,1.2069176400109427
0.7000000000000001,84.67142448292645,12.592009761686523,94.8698882590395,22.598264142304938,35.0,35.60262165264757,13.02876534095356,1.2222317255819348
0.75,84.5950205281652,13.488760806122402,95.51952146621932,23.484102417854583,35.0,35.66366888153621,13.029351456224285,1.226696554944624
0.8,84.50845412515656,14.384587942276553,96.19765166886934,24.30666653086497,35.0,35.72394758113265,13.029948386002285,1.2209445777727979
0.8500000000000001,84.4112913768456,15.27932779292626,96.90258806118545,25.070476064374613,35.0,35.783005133362025,13.03053874101642,1.205573991928759
0.9,84.30312786327171,16.17280451580792,97.63272885618677,25.77972777406214,35.0,35.84041573430126,13.03111804445172,1.1811510445875228
0.9500000000000001,84.18358754394006,17.064830362997387,98.38655668665734,26.43831864734342,35.0,35.89577898294013,13.031690489269172,1.1482120187847045
1.0,84.05232172359305,17.955206286081914,99.16263450561469,27.049867315390316,35.0,35.94871854717874,13.032246786784327,1.1072649727773864
1.05,83.90900807085482,18.843722575712455,99.95960186551957,27.617733935719578,35.0,35.9988808993768,13.032779517052887,1.0587912847722691
1.1,83.75334968158172,19.73015952544374,100.77617148444986,28.14503865459675,35.0,36.04593411535936,13.033285011043231,1.003247043961153
1.1500000000000001,83.5850741806385,20.614288110991286,101.61112603036082,28.63467875069698,35.0,36.08956673201345,13.033769033954636,0.9410643196511614
1.2000000000000002,83.403932857322,21.49587067716824,102.46331507255755,29.089344554218624,35.0,36.12948665955358,13.034218654044302,0.8726523330818736
1.25,83.20969983084113,22.374661625815346,103.33165216356896,29.51153422891729,35.0,36.16542014525558,13.034630502277,0.7983985508025171
1.3,83.00217124319079,23.25040809900713,104.21511202550535,29.903567498280346,35.0,36.19711078600224,13.061736148364368,0.7186697140400611
1.35,82.78116447747693,24.122850652708347,105.1127278233224,30.26759839126032,35.0,36.22431858739135,13.09811879087371,0.6338128149332078
1.4000000000000001,82.54651740029786,24.991723916867922,106.02358851370865,30.60562707759887,35.0,36.24681906745677,13.142697255841686,0.5441560277822077
1.4500000000000002,82.29808762719654,25.856757238675137,106.94683626297154,30.919510857770383,35.0,36.26440240327118,13.195119765530801,0.4500096013083521
1.5,82.03575181049742,26.717675306366136,107.88166393066068,31.21097436792964,35.0,36.27687261885387,13.254969778497319,0.3516667162881504
1.55,81.75940494905045,27.57419875156096,108.8273126180081,31.48161905593466,35.0,36.28404681291555,13.321781544951678,0.24940431165390464
1.6,81.46895971954515,28.426044728635226,109.78306928181536,31.73293198051076,35.0,36.2857544250454,13.395086594764935,0.14348388123352152
1.6500000000000001,81.16434582914219,29.272927470089776,110.74826441535717,31.966293981902847,35.0,36.281836538994284,13.474410390038782,0.03415224259697425
1.7000000000000002,80.84550938921402,30.114558817280415,111.72226979835415,32.182987268909784,35.0,36.272145221739635,13.441934683490643,0.07835772102225746
1.75,80.51241230999781,30.950648726212243,112.70449631820898,32.384202463987656,35.0,36.256542897037505,13.359796512118113,0.19382634509298668
1.8,80.1650317159541,31.78090574839383,113.69439186460365,32.57104514513139,35.0,36.23490175218048,13.280350203193072,0.31204649404259044
1.85,79.80335938159803,32.605037486989936,114.69143929928954,32.74454192047916,35.0,36.2071031766902,13.20523639402822,0.4328228971405679
1.9000000000000001,79.42740118753412,33.42275102871234,115.69515450253247,32.905646069016356,35.0,36.17303723168163,13.136502253823892,0.5559715098056017
1.9500000000000002,79.03717659638276,34.23375335205104,116.70508449724208,33.05524277837233,35.0,36.13260214864556,13.076981836357648,0.6813189001712772
2.0,78.63271814824246,35.03775171257669,117.72080565135838,33.19415400848859,35.0,36.085703856407605,13.034662663904859,0.8087016607214537
2.0500000000000003,78.21407097528623,35.83445400614422,118.7419219586095,33.323143007882265,35.0,36.032255535035105,13.034178825972337,0.9379658447591055
2.1,77.7812923350484,36.623569110900114,119.76806339731375,33.44291850731925,35.0,35.972177195480725,13.033628194700377,1.0689664274499933
2.15,77.33445116191788,37.404807209046474,120.79888436648893,33.5541386139393,35.0,35.90539528377131,13.033015827395884,1.2015667910876004
2.2,76.8736276363186,38.17788008934577,121.83406219815939,33.657414427229355,35.0,35.83184230857351,13.032343498334138,1.3356382341882522
2.25,76.39891277102711,38.942501431365,122.87329574442106,33.753313396712976,35.0,35.751456490994215,13.044866693839975,1.4710595039559848
2.3000000000000003,75.91040801405146,39.69838707245904,123.91630403754039,33.8423624398049,35.0,35.664181435501675,13.0707805823461,1.6077163515859638
2.35,75.40822486747469,40.44525525848269,124.96282502112103,33.925050836961695,35.0,35.56996582088513,13.101182597133857,1.7455011098508066
2.4000000000000004,74.89248452165101,41.182826879201436,126.01261435017648,34.00183292003586,35.0,35.468763110203085,13.135529182345122,1.8843122923308897
2.45,74.36331750413142,41.91082568934429,127.06544425778766,34.073130568604725,35.0,35.360531278705494,13.159995447192793,2.024054213640909
2.5,73.8208633426895,42.62897851620941,128.12110248590713,34.139335527990106,35.0,35.24523255875066,13.123025733989573,2.164636629951815
2.5500000000000003,73.26527024181622,43.337015454696385,129.17939127778524,34.200811561705095,35.0,35.12283320077496,13.089363353549858,2.3059743990967263
2.6,72.69669477205373,44.03467005059923,130.2401264294399,34.25789645015473,35.0,34.99330324941069,13.059669367286503,2.4479871595139002
2.6500000000000004,72.11530157154411,44.72167947295178,131.30313639756375,34.31090384657225,35.0,34.85661633388517,13.0347495208805,2.5905990272855206
2.7,71.52126305917663,45.39778467617405,132.3682614612599,34.36012500038852,35.0,34.71274947187234,13.022522643376924,2.7337383105103186
2.75,70.91475915872833,46.062730552724155,133.43535293501293,34.40583035750363,35.0,34.56168288600523,13.021295188887548,2.8773372402565656
2.8000000000000003,70.2959770334058,46.71626607691648,134.50427243033636,34.448271046253375,35.0,34.403399832295705,13.020034808074906,3.021331717342264
2.85,69.66511083021136,47.35814444052367,135.57489116358676,34.48768025723527,35.0,34.237886439743576,13.018748513474643,3.1656610741904956
2.9000000000000004,69.02236143357324,47.98812318073744,136.64708930749325,34.52427452457561,35.0,34.06513156045405,13.017450354701861,3.3102678510425676
2.95,68.3679362276979,48.60596430102244,137.72075538402234,34.55825491567735,35.0,33.885126629616735,13.019947665479572,3.455097585790554
3.0,67.70204886712132,49.211434385357215,138.795785696274,34.58980813598611,35.0,33.697865534733936,13.033306439141143,3.6000986167462656
3.0500000000000003,67.0249190549562,49.804304706318916,139.87208379718768,34.61910755484425,35.0,33.503344493518895,13.049395077765308,3.745221897655995
3.1,66.33677232835227,50.384351327431645,140.94955999292347,34.646314158069664,35.0,33.30156193991627,13.067899636419442,3.8904208243008043
3.1500000000000004,65.63783985070786,50.95135520016432,142.0281308788736,34.67157743249326,35.0,33.092518417728115,13.088558947519982,4.035651072052531
3.2,64.92835821019169,51.5051022559312,143.10771890634825,34.69503618731517,35.0,32.876216481357886,13.111145349747046,4.1808704437630695
3.25,64.20856922415476,52.04538349341768,144.18825197807203,34.71681931679266,35.0,32.65266060321342,13.135454906310734,4.32603872740458
3.3000000000000003,63.47871974903322,52.57199506152534,145.26966307071822,34.73704650845033,35.0,32.42185708733663,13.161311422055942,4.471117562889333
3.35,62.73906149536358,53.08473833820323,146.3518898827964,34.75582890070387,35.0,32.18381398885377,13.145594865035289,4.61607031753573
3.4000000000000004,61.989850847551914,53.58342000540749,147.43487450629732,34.773269693510734,35.0,31.938541038864216,13.120705348580175,4.760861969657242
3.45,61.23134868805861,54.067852120408126,148.51856312058493,34.78946471540283,35.0,31.68604957440982,13.097497354721705,4.905458999791108
3.5,60.46382022567955,54.53785218364007,149.60290570710848,34.80450295001691,35.0,31.426352473188118,13.076152221853299,5.0498292890878815
3.5500000000000003,59.68753482762348,54.99324320327586,150.68785578358774,34.8184670250157,35.0,31.159464092694776,13.05687057556797,5.1939420244340795
3.6,58.90276585510362,55.43385375667888,151.7733701564024,34.83143366608601,34.54925770572432,30.88540021349972,13.039881930900659,5.33776760986683
3.6500000000000004,58.10979050217911,55.859518048879025,152.85940868999106,34.81127824034589,33.90085259501387,30.604177986381004,13.025453155622536,5.48127758390109
3.7,57.30888963759908,56.270075968197304,153.94463253597985,34.746247837107894,33.226525919635876,30.315815883057596,13.013893283071575,5.624444542374363
3.75,56.50035662937152,56.66539150622545,155.02723055014383,34.63769627157418,32.52692000478898,30.020352997221735,13.00555293117884,5.767242066468157
3.8000000000000003,55.68449894391747,57.04536023794631,156.1054546074157,34.486926538232375,31.802655513317273,29.717855887575226,13.000854977530533,5.909257716717207
3.85,54.861635675091115,57.40990933041042,157.17762253038316,34.29519289359558,31.054315142571834,29.40841742707366,13.000309828645818,6.049942192930189
3.9000000000000004,54.03209511539756,57.7589973706285,158.24212041901245,34.06370162566532,30.29167064043306,29.092155614951082,13.001456696884082,6.188769210031353
3.95,53.196212390415326,58.09261402200591,159.2974043355725,33.79427084100587,29.519632196295568,28.76921236495852,13.003414707329561,6.325236242451524
4.0,52.354327175621314,58.410779521567456,160.34202735682683,33.48893950924085,28.74047329157436,28.439752283706028,13.006188225297578,6.458864999851244
4.05,51.50678137504572,58.71354364745867,161.37464976462766,33.1497633508361,27.956565440789564,28.103961072782923,13.009767332170634,6.589201625049839
4.1000000000000005,50.65391689930027,59.00098439963456,162.39404013274873,32.77882064297564,27.170307401731357,27.762043809091963,13.01414628518436,6.715824218462103
4.15,49.79607361000337,59.273206535046576,163.39907579364828,32.37821255431533,26.384071446875094,27.41422324043019,13.0193372731442,6.838345273819186
4.2,48.9335874405491,59.53033997802919,164.38874255090002,31.950059618069606,25.600350491340077,27.060738107687527,13.025312113191807,6.956411373235483
4.25,48.06678870068419,59.772538129485,165.36213358281782,31.496508966160356,24.82154042506045,26.701841506165678,13.032073314096424,7.069702654853245
4.3,47.19600056937959,59.999976099883625,166.31844804483168,31.019725498938936,24.05008393363179,26.337799298456886,13.039595747597772,7.177932030436978
4.3500000000000005,46.32153777546269,60.2128488836185,167.2569888566926,30.521893958559854,23.288314502242162,25.968888583189724,13.047878241330928,7.280844154175838
4.4,45.4437054652156,60.41136949989365,168.1771601909843,30.005209711680017,22.538577649257775,25.59539623060354,13.056891357856832,7.378214305343249
4.45,44.5627982517353,60.59576711711898,169.07846434118554,29.47187885007843,21.803107592899348,25.21761748777331,13.066618713411039,7.4698470517236615
4.5,43.67909944019401,60.7662851820872,169.96049841287527,28.924109474565636,21.084050623032585,24.835854660297073,13.077043125178186,7.555574856604608
4.55,42.79288041998524,60.923179567647075,170.82295060471645,28.364105270884703,20.383471202989437,24.450415870369227,13.08813861518518,7.63525654952474
4.6000000000000005,41.904400214367094,61.06671675524925,171.66559625172238,27.794059980320757,19.70331443676793,24.061613894052357,13.099881482691941,7.708775798556928
4.65,41.013905176689526,61.19717206511294,172.48829373897541,27.216149584352696,19.045404978820013,23.669765077740806,13.112247199917332,7.776039526337399
4.7,40.12162882143129,61.314827944044126,173.29098027192802,26.63252496967179,18.411441044183114,23.275188332016185,13.125209905774307,7.836976326231024
4.75,39.22779177801417,61.419972320096065,174.07366757917137,26.045304689279742,17.802988322289266,22.87820420112314,13.138742693394608,7.891534914492411
4.800000000000001,38.33260185509627,61.51289703105201,174.83643759891183,25.45656780592328,17.22147570250163,22.47913400513376,13.152817858610288,7.93968261786091
4.8500000000000005,37.436254203088644,61.59389633191573,175.57943818962246,24.86834694139316,16.67095400516328,22.078299051136426,13.16586158401065,7.981403919787624
4.9,36.538931562898966,61.663265485024496,176.30287889974713,24.2828188745196,16.197818765638267,21.676019909275283,13.151254039925009,8.016699079946648
4.95,35.640804589330195,61.72129943498656,177.00703329209173,23.70531886674236,15.75084857601382,21.27261574909464,13.137044231222736,8.045582837222867
5.0,34.74203223281457,61.768291467963984,177.69233923280947,23.137142417404608,15.330630310486,20.868403640390255,13.12327357239921,8.068083203612844
5.050000000000001,33.84276211451106,61.80453031902721,178.3592631571098,22.579534409767565,14.93768016325432,20.463696436497983,13.109984275597423,8.084242174087706
5.1000000000000005,32.94313110522036,61.83029943082011,179.0082978444908,22.03368767787376,14.572445099395821,20.058802549862435,13.097219326202934,8.094144077845442
5.15,32.04326591423088,61.845876274064686,179.63996034183927,21.50074177941105,14.227594712248752,19.654025745516165,13.090548742119068,8.09787773271097
5.2,31.143283683374648,61.85153172657032,-179.74520997554353,20.981231274613744,13.904090929764747,19.249664948691873,13.09037275726429,8.095536086925392
5.25,30.243292582173176,61.84752950741589,-179.14667042289332,20.475721249981675,13.612181116595155,18.846014063136664,13.089748346687085,8.087215936485848
5.300000000000001,29.343392396485502,61.83412593329209,-178.5638735841976,19.985468383311208,13.351884346247934,18.443362039487425,13.0886868349984,8.073017711104171
5.3500000000000005,28.44367509911793,61.81156967434717,-177.9962455285135,19.5116409520924,13.123135560862002,18.041992906960445,13.087201150670921,8.053040472984776
5.4,27.544225414933138,61.780101188208235,-177.4431885694442,19.055319138433084,12.925789130256153,17.642185480171307,13.085306324710118,8.027382650539607
5.45,26.6451213830924,61.73995221651873,-176.90408385428782,18.61749556642045,12.759622591530995,17.244213083489527,13.083019714738171,7.9961485357827655
5.5,25.746434912978064,61.69134534011797,-176.37829379827022,18.199076068214058,12.62433913637694,16.848343289881996,13.080362350521693,7.959447933635602
5.550000000000001,24.848232330919465,61.634493589192736,-175.86516437819927,17.800880573082836,12.519572623113772,16.45483767166685,13.07735760600953,7.917395872150621
5.6000000000000005,23.950574915363543,61.5696001049477,-175.36402730166793,17.42364429094219,12.444891116737738,16.06395156104135,13.074030747948065,7.870112364302884
5.65,23.053519418591762,61.496857849610585,-174.8742020611837,17.0680190642133,12.399800018049199,15.67593381870256,13.070408511660146,7.817722212510034
5.7,22.157118573498888,61.41644936177017,-174.39499788483297,16.73457484663015,12.383744841816966,15.291026609228382,13.06651871010292,7.760354846775783
5.75,21.261421584313922,61.32854655427812,-173.92571559463664,16.42380127485778,12.396106791429569,14.90946518225357,13.06240056620879,7.698144189483571
5.800000000000001,20.366474600462507,61.23331055218199,-173.46564938306994,16.136108811755765,12.35591174957938,14.531477658823576,13.197623338905712,7.631228539496249
5.8500000000000005,19.472321173046815,61.130891568391036,-173.01408853194673,15.866094735886024,12.215163809801945,14.15728482263468,13.677196552553673,7.559750468599873
5.9,18.579002693628446,61.02142881522973,-172.5704879379636,15.605313955451447,12.226038853834122,13.787099916378097,14.033740470288162,7.483856723777933
5.95,17.686558472215864,60.90505308035646,-172.1345551746316,15.363937162478782,12.327928053577605,13.42113087380379,14.304953749928888,7.403698125131655
6.0,16.79502551371221,60.78189065141921,-171.70570233931434,15.14707936898584,12.490633903667343,13.059583832811064,14.51481182906268,7.31938085148613
6.050000000000001,15.90443937766745,60.65205870510067,-171.28319628387493,14.957333264320235,12.697513417783295,12.702658772055884,14.679223545723787,7.23094081985451
6.1000000000000005,15.014834843419244,60.51566305764433,-170.86623286523943,14.795917560996166,12.937883551722397,12.350547236423637,14.833795164441028,7.1385012151036165
6.15,14.12624646075125,60.37279708483247,-170.45397681030818,14.663200846048039,13.207768900000733,12.003431089869885,14.970013246373997,7.042230712644937
6.2,13.238709023682462,60.22354127154077,-170.04558592267927,14.559241421330373,13.502718124912406,11.661481817247186,15.086145852263673,6.94232293107504
6.25,12.352257983653937,60.067963144439474,-169.64021941813573,14.483775471586233,13.819004682133347,11.324860159779263,15.185881980691068,6.838985452453983
6.300000000000001,11.466929832322194,59.90611733986142,-169.23704657957364,14.43629184376817,14.15379296301956,10.993715860870829,15.273491501254874,6.732433149358457
6.3500000000000005,10.582762449356801,59.73804581074322,-168.83525324337435,14.416113352286127,14.504860291804567,10.668187531407035,15.352590907205812,6.622885978168682
6.4,9.69979541809994,59.56377813814316,-168.43404595780038,14.422452419394585,14.870214884403044,10.348402607218475,15.424895996934884,6.510566589275868
6.45,8.818070314116989,59.38333191067843,-168.03265457603493,14.454435452609475,15.248071855769993,10.034477368246577,15.491788580259279,6.395698483771213
6.5,7.937630970863026,59.196713147284896,-167.6303341982474,14.511123767120942,15.636778289963834,9.726516999332354,15.554270687965257,6.278504779437952
6.550000000000001,7.058523724650778,59.00391675297961,-167.2263665644252,14.59152766160972,16.03479980862159,9.424615685454846,15.613193479314031,6.159207378284464
6.6000000000000005,6.180797641067604,58.80492699897769,-166.82006109611547,14.694618529253427,16.440695057560617,9.128856735395473,15.669262447840858,6.038026277550159
6.65,5.304504724503402,58.59971802164141,-166.41075564236317,14.81933828127537,16.853088604341032,8.83931273041999,15.722998115256857,5.915179001187454
6.7,4.429700112315837,58.38825433564458,-165.99781700564762,14.964606161494345,17.27068753309779,8.556045695119899,15.774901846059064,5.79088009950965
6.75,3.5564422548986574,58.170491357939106,-165.5806413213522,15.12932625946602,17.69225003115511,8.27910728843139,15.825330742746202,5.665340706001842
6.800000000000001,2.6847930826056863,57.94637594026112,-165.15865426805422,15.312392243158097,18.11659116032581,8.008539013721766,15.87456414415599,5.538768133770162
6.8500000000000005,1.814818160499952,57.71584690758384,-164.7313111874322,15.512692165812933,18.54228214328239,7.744372446285496,15.92137976174712,5.411365494192495
6.9,0.9465868315242778,57.47883560113384,-164.2980971096673,15.729091449917895,18.96809506992842,7.486629477573182,15.965248885511688,5.2833313487253974
6.95,0.08017234860942546,57.23526642452196,-163.85852732397228,15.960448851347216,19.39257155828325,7.235322575237511,16.00421659765476,5.154859374246286
7.0,-0.7843480066402749,56.98505740118561,-163.41214752909474,16.205600473271218,19.81504865716552,6.990455067598283,16.039728104210283,5.026138046713413
7.050000000000001,-1.6468928173115165,56.72812073664722,-162.9585345022408,16.463418200692242,20.235266378838055,6.75202144649419,16.074743065435342,4.897350152784554
7.1000000000000005,-2.5073764393513036,56.4643633932399,-162.49729509007403,16.732835927702656,20.652439426644925,6.5200076965004,16.10943069785807,4.768672422081863
7.15,-3.365708917492017,56.193687651865055,-162.02806445113595,17.012807606198535,21.06584595778509,6.294391625033633,16.143978668597697,4.6402749998758
7.2,-4.2217959050923195,55.915991649622605,-161.55050556436268,17.302310345597576,21.474841288320647,6.075143181492805,16.178667793776892,4.512321429335344
7.25,-5.075538593487933,55.631169912370986,-161.0643086764641,17.600348270077795,21.879538392079837,5.862224784133652,16.2172340551728,4.38496887081655
7.300000000000001,-5.926833650826385,55.33911388118669,-160.56919066247664,17.906004707363657,22.277433625302844,5.6555916533057555,16.25029644671824,4.258367947183075
7.3500000000000005,-6.775573170233384,55.03971243129579,-160.0648928416818,18.218249630073597,22.668151661663206,5.45519214920207,16.27837627014628,4.132662616557923
7.4,-7.621644619321058,54.73285236051648,-159.55118460296706,18.536099775187143,23.05147332706064,5.260968089794808,16.30248700145209,4.007990082073718
7.45,-8.464930822012464,54.41841893298323,-159.02786227597187,18.85862645746382,23.427186039152364,5.07285513741887,16.323432064607626,3.88448118814523
7.5,-9.305309949683508,54.09629640695492,-158.49474777701056,19.184952141870145,23.79509080254944,4.890783180865647,16.341857973056456,3.762259047518768
7.550000000000001,-10.142655520365373,53.76636854323398,-157.95168736397906,19.514247760490097,24.152800985459265,4.714676708646088,16.345887667941046,3.641439131064459
7.6000000000000005,-10.976836406488752,53.42851909565945,-157.39855047603527,19.84557299084504,24.50138235012397,4.544455174197715,16.341934359573518,3.522129444391169
7.65,-11.807716851577744,53.082632284739,-156.83523349151145,20.178130802222103,24.842201933168273,4.380033353463915,16.338674006843277,3.404430688967466
7.7,-12.635156526213953,52.72859332524735,-156.26165571659652,20.51127874014683,25.175367770661303,4.221321770141742,16.33789570781268,3.2884364146759992
7.75,-13.459010578287305,52.36628889402643,-155.67775495890643,20.84442795661215,25.500815216134157,4.068227068021066,16.34033158554712,3.174231666443461
7.800000000000001,-14.279129672328729,51.99560753276224,-155.08348616964616,21.177027046578008,25.817947203775482,3.920652322651108,16.34309056860452,3.0618940424135133
7.8500000000000005,-15.095360035167776,51.61644003048965,-154.47882057393622,21.508521343520684,26.149675037427727,3.778497338736372,16.505079040674783,2.951494907399166
7.9,-15.907543510724446,51.22867979267163,-153.86374607221921,21.840032321656903,26.494228828826753,3.6416589400968604,16.83349773041035,2.8430996782947204
7.95,-16.71551763261027,50.83222321451604,-153.23821456288442,22.17247492931189,26.820809831233728,3.5100312713091952,17.12001199973858,2.7367679727902328
8.0,-17.51911534010898,50.426969313235844,-152.60214784205306,22.504498850877734,27.130835733471475,3.3835052841050413,17.370945394616577,2.6325533757533037
8.05,-18.318164712493765,50.01281946053579,-151.9555093312039,22.834951485348714,27.425535084589473,3.261968315357997,17.59131731589789,2.5305197440830796
8.1,-19.112489212666176,49.589678126669845,-151.29829853757406,23.16285031386591,27.705970737910217,3.1453047842516284,17.78514306595538,2.4307393749408845
8.15,-19.90190792495536,49.15745353610646,-150.63054628727318,23.487358915583364,27.97291088109457,3.033396810008938,17.954226485836536,2.3332706221273725
8.200000000000001,-20.686235788939314,48.716058246396244,-149.95231062666562,23.807755484548448,28.227177904167572,2.926124760668671,18.10106247246456,2.23815948485381
8.25,-21.46528383094035,48.26540966018482,-149.26367364951227,24.123428514521244,28.471299449537618,2.8233677420163303,18.24599913665509,2.1454409868053403
8.3,-22.238859397444376,47.80543048358225,-148.5647383844912,24.433990724165273,28.706292564262856,2.725004040018007,18.397748945704723,2.055140373046811
8.35,-23.00676638846421,47.336049132074905,-147.85562185624036,24.7391551413151,28.931249780214205,2.6309115167842805,18.54487939938792,1.967274039966469
8.4,-23.768805456283193,46.85720003359233,-147.1364520607975,25.038590472665035,29.14279094709758,2.5409678994089546,18.642738358127275,1.8818504646745282
8.450000000000001,-24.52477419638477,46.368823883489526,-146.4073696594605,25.331747649410218,29.34310678118984,2.4550510220105366,18.707403385256494,1.7988723475065171
8.5,-25.274467368723354,45.87086791420217,-145.6685354900202,25.61827330168019,29.53606189506349,2.37303909431688,18.78267857072593,1.7183375479683605
8.55,-26.017677202662608,45.36328625305198,-144.9201243949358,25.898115344064713,29.721834110304762,2.2948110877005092,18.870198837981224,1.6402385538731323
8.6,-26.754193669704236,44.84604018610075,-144.16231533308812,26.17123811308186,29.900614659094213,2.2202470244004644,18.97209986993619,1.564560132327415
8.65,-27.483804683607236,44.319098283808444,-143.39529088140023,26.437622152082742,30.072579380780308,2.1492281110328975,19.090679724448744,1.4912812660008967
8.700000000000001,-28.20629630569018,43.78243651321177,-142.6192367263127,26.697261954132564,30.237890303317627,2.081636862888736,19.228435876830503,1.4203782673513388
8.75,-28.921452954501362,43.23603833636528,-141.83434121515555,26.950163979074357,30.396707418350708,2.017357218750398,19.388307286143743,1.351824962883228
8.8,-29.629057619677308,42.67989479570223,-141.04079496032864,27.196345653308384,30.549197587396424,1.956274647075773,19.57395875017606,1.285592882766764
8.85,-30.328892079782925,42.1140045868731,-140.23879046452421,27.435835077171816,30.695531684519104,1.8982762443059187,19.78990926456351,1.2216514334924966
8.9,-31.02073712364516,41.53837411922631,-139.42852174371419,27.668670549125196,30.83588651969258,1.8432508255713742,20.04179671921435,1.159968055397087
8.950000000000001,-31.70437277445743,40.95301756383594,-138.6101839548545,27.894900261308578,30.97045321027059,1.791089007720359,20.33689655606519,1.1005083746908895
9.0,-32.37957851598277,40.357956889105026,-137.7839730231242,28.114582614805865,31.09943076930246,1.7416832847130408,20.684399763120563,1.0432363570203051
9.05,-33.04613352011877,39.75322188394883,-136.95008524767397,28.327786054412766,31.220078186714826,1.6949280953555999,21.000000000000007,0.9881144601463632
9.1,-33.70381687484891,39.13885016836379,-136.10871690296332,28.534378349577196,31.325054538000742,1.6507198830275769,21.0,0.9351037871488188
9.15,-34.35240781175654,38.51488719144827,-135.2600712676852,28.73371236303602,31.425150895868466,1.6089571473326458,20.999999999999996,0.8841642465604593
9.200000000000001,-34.99168601444041,37.88138629991513,-134.404376919501,28.92595797252405,31.5205529368142,1.5695406042809594,21.0,0.835254713898621
9.25,-35.621432140841335,37.23840899371915,-133.54185899674917,29.11128618425906,31.61144073262483,1.53237363200018,21.0,0.7883308610337281
9.3,-36.241428041445445,36.58602484060528,-132.67273902922267,29.28986865199947,31.69798881225056,1.4973622637184718,20.999999999999996,0.7433394456155895
9.35,-36.85145697429467,35.92431138216059,-131.79723478629455,29.461877234874546,31.780366236083413,1.4644151760293909,20.999999999999996,0.7002273656341629
9.4,-37.45130381641799,35.253354031806126,-130.91556014174935,29.62748359210375,31.858736680817124,1.4334436727845983,21.0,0.6589417537816189
9.450000000000001,-38.040755271326425,34.57324596516794,-130.0279249546579,29.78685881272613,31.93325853323741,1.404361664949704,20.999999999999996,0.6194300648958517
9.5,-38.61960007224388,33.88408800326745,-129.1345349656191,29.940173078476935,32.0040849914531,1.3770856467475454,21.0,0.5816401566978868
9.55,-39.18762918077519,33.18598848897087,-128.23559170768056,30.087595357975232,32.07136417222843,1.351534668401591,21.0,0.5455203640431705
9.600000000000001,-39.74463598074156,32.47906315713502,-127.33129243124287,30.229293130421887,32.135239223215784,1.3276303057799694,20.999999999999996,0.5110195669190887
9.65,-40.290416466941714,31.76343499888304,-126.42183004224965,30.36543213705002,32.19584843901595,1.3052966272282234,20.999999999999996,0.4780872524324309
9.700000000000001,-40.824769428625025,31.0392341204382,-125.50739305296446,30.49617615861902,32.25332538011133,1.2844601578662562,20.999999999999996,0.4466735710349212
9.75,-41.34749662748972,30.306597596937582,-124.58816554463995,30.62168681729704,32.30779899382498,1.2650498416121323,21.0,0.41672938723934294
9.8,-41.85840297004524,29.565669321639263,-123.6643271413909,30.742123401334748,32.35939373655853,1.2469970011825495,21.0,0.38820632508247854
9.850000000000001,-42.3572966742031,28.816599850928,-122.73605299459152,30.857642710993588,32.40822969665113,1.230235296306816,20.999999999999996,0.36105680859165545
9.9,-42.843989429984596,28.059546245514348,-121.80351377712933,30.968398924254842,32.45442271728496,1.214700680378776,21.000000000000007,0.3352340975146717
9.950000000000001,-43.31829655425676,27.29467190821137,-120.86687568686187,31.074543480899848,32.498084518937254,1.2003313557581947,21.0,0.3106923185607968
10.0,-43.780037139429695,26.52214641866157,-119.92630045863812,31.17622498361681,32.539322820945706,1.1870677279209474,20.999999999999996,0.2873864924116276
10.05,-44.229034196069186,25.742145365374416,-118.98194538426412,31.273589114854587,32.578241461816916,1.1748523586451114,21.0,0.26527255674494654
10.100000000000001,-44.665114789398004,24.954850175422145,-118.03396333981144,31.366778568209043,32.61494051796076,1.1636299184085175,21.000000000000007,0.24430738551671993
10.15,-45.08811016967732,24.16044794212823,-117.08250281968687,31.455932993191308,32.64951642058405,1.153347138161422,20.999999999999996,0.22444880473187823
10.200000000000001,-45.497855896476906,23.359131251069396,-116.12770797690368,31.54118895229079,32.682062070521184,1.1439527606271866,20.999999999999996,0.20565560494191004
10.25,-45.8941919568585,22.551098004698186,-115.16971866901605,31.622679889307243,32.71266695081831,1.1353974912728901,20.999999999999996,0.18788755068470664
10.3,-46.27696287751127,21.736551245879127,-114.20867050920128,31.700536107986608,32.741417236923326,1.1276339490816412,21.0,0.17110538708593026
10.350000000000001,-46.646017830891736,20.915698980617382,-113.24469492199717,31.774884760053514,32.768395904364766,1.1206166172481602,20.999999999999996,0.15527084382497947
10.4,-47.00121073543288,20.088754000244666,-112.27791920322524,31.84584984179003,32.79368283383059,1.1143017939100588,21.0,0.14034663666961933
10.450000000000001,-47.34240034989794,19.2559337033131,-111.30846658365367,31.913552198364357,32.81735491358197,1.1086475430176748,20.999999999999996,0.1262964667620281
10.5,-47.66945036196496,18.417459917433682,-110.33645629597707,31.978109535165615,32.83948613915822,1.1036136454372283,21.000000000000007,0.11308501784768055
10.55,-47.982229471136456,17.57355872128221,-109.36200364471304,32.0396364354508,32.86014771034792,1.09916155037331,21.0,0.10067795160892956
10.600000000000001,-48.28061146607717,16.724460266981886,-108.38522007863834,32.098244383657736,32.879408125417115,1.0952543271893092,21.0,0.08904190127836387
10.65,-48.56447529648932,15.870398603058407,-107.40621326540985,32.154041793783406,32.89733327259993,1.0918566176967133,21.0,0.07814446368001882
10.700000000000001,-48.83370513964123,15.011611498150328,-106.42508716803677,32.2071340422703,32.91398651886784,1.0889345889775015,21.0,0.06795418985191759
10.75,-49.0881904616701,14.148340265644658,-105.44194212289254,32.257623504884414,32.92942879600508,1.0864558867970544,21.0,0.05844057438423533
10.8,-49.32782607378425,13.280829589395266,-104.45687491897478,32.30560959710731,32.94371868402565,1.0843895896590539,21.0,0.04957404360894202
10.850000000000001,-49.55251218349361,12.409327350669699,-103.46997887814209,32.351188817601475,32.956912491974805,1.0827061635477762,21.000000000000007,0.041325942760011
10.9,-49.76215444100018,11.534084456458297,-102.48134393607545,32.39445479434243,32.96906433616348,1.0813774173980804,21.000000000000007,0.03366852222555394
10.950000000000001,-49.956663980882276,10.65535466926837,-101.4910567237304,32.43549833304394,32.980226215889374,1.0803764593280931,21.000000000000007,0.02657492299391606
11.0,-50.135957459207994,9.77339443851538,-100.49920064906424,32.4744074675329,32.990448086702095,1.0796776536649375,21.000000000000007,0.02001916139974469
11.05,-50.29995708621414,8.888462733612768,-99.50585597883911,32.511267511759264,32.999777931272334,1.0792565787894688,20.999999999999996,0.013976113263112211
11.100000000000001,-50.44859065468744,8.000820878852137,-98.51109992031813,32.546161113153055,33.00826182792788,1.0790899858219234,20.999999999999996,0.008421497509374376
11.15,-50.58179156418462,7.110732390156139,-97.515006702687,32.579168307065544,33.01594401692063,1.0791557581665003,20.999999999999996,0.003331859350907962
11.200000000000001,-50.69949884122744,6.21846281377736,-96.51764765804832,32.61036657205519,33.02286696448914,1.0794328719295194,21.0,0.0013154468915388406
11.25,-50.80165715560783,5.32427956700802,-95.51909130184929,32.63983088580047,33.02907142478303,1.0799013572224823,20.999999999999993,0.005542275260381757
11.3,-50.888216832936855,4.428451780957211,-94.51940341261715,32.667633781442085,33.03459649971398,1.0805422603584063,21.0,0.009369705859256783
11.350000000000001,-50.95913386356962,3.531250145444752,-93.51864711088817,32.69384540417579,33.03947969679952,1.0813376069471303,21.000000000000007,0.012818062718480405
11.4,-51.01436990803619,2.6329467560535686,-92.5168829372282,32.71853356793463,33.0437569850635,1.0822703658927182,21.0,0.01590693177448088
11.450000000000001,-51.053892299106344,1.7338149633757112,-91.51416892925357,32.741763812015265,33.047462849057766,1.0833244142937062,20.999999999999996,0.018655178911757275
11.5,-51.07767404061357,0.8341292244807993,-90.51056069757105,32.763599457518296,33.05063034106718,1.0844845032452355,20.999999999999996,0.021080968019759894
11.55,-51.085693803160815,-0.06583504337025603,-89.50611150056518,32.78410166348608,33.053291131560066,1.085736224539616,21.0,0.023201779030586067
11.600000000000001,-51.07793591682781,-0.9658016067489431,-88.50087231797042,32.80332948263422,33.05547555794381,1.0870659782607532,20.999999999999996,0.025034425887611178
11.65,-51.05439036099664,-1.8654935578080827,-87.4948919231734,32.821339916584904,33.0572126716842,1.088460941265886,21.0,0.026595074422743892
11.700000000000001,-51.0150527514091,-2.764633453748608,-86.48821695419852,32.838187970520565,33.058530283845805,1.0899090365469277,20.999999999999996,0.02789926010265731
11.75,-50.959924324566046,-3.662943454001199,-85.48089198333723,32.85392670718666,33.0594550091084,1.0913989034622986,20.999999999999996,0.02896190562083234
11.8,-50.88901191957569,-4.5601454551238465,-84.47295958538774,32.86860730018107,33.060012308313205,1.0929198688292132,20.999999999999993,0.02979733830741793
11.850000000000001,-50.80232795755424,-5.4559612234201325,-83.46446040447825,32.882279086476224,33.0602265295909,1.09446191886515,20.999999999999996,0.0304193073382919
11.9,-50.699890418678976,-6.350112525286422,-82.4554332194521,32.89498961812727,33.06012094812144,1.0960156719665903,21.0,0.030841000718737632
11.950000000000001,-50.581722816990116,-7.24232125529925,-81.4459150077988,32.906784713126854,33.05971780457407,1.0975723523121772,21.0,0.031075062028804723
12.0,-50.44785417303458,-8.132309562056987,-80.43594100811887,32.91770850537308,33.05903834227455,1.0991237642768752,21.0,0.031133606911737388
12.05,-50.298318984441046,-9.01979997179238,-79.42554478111599,32.92780349372319,33.058102843143864,1.100662267643152,21.000000000000007,0.031028239293959814
12.100000000000001,-50.133157194512314,-9.904515509774809,-78.41475826911237,32.93711059011038,33.05693066245255,1.102180753594574,20.999999999999986,0.030770067325534
12.15,-49.952414158917406,-10.786179819523104,-77.4036118540883,32.945669166706246,33.05554026243149,1.103672621477017,21.0,0.030369719028442432
12.200000000000001,-49.75614061056251,-11.664517279851523,-76.39213441424893,32.95351710211519,33.05394924477984,1.105131756312133,21.0,0.029837357648858642
12.25,-49.54439262271642,-12.539253119773,-75.38035337912518,32.96069082659124,33.052174382107985,1.1065525070476099,20.999999999999996,0.02918269670232121
12.3,-49.31723157046278,-13.410113531285099,-74.36829478321773,32.967225366271,33.050231648352906,1.1079296655284807,21.000000000000007,0.028415014709537445
12.350000000000001,-49.07472409054816,-14.276825780065199,-73.35598331819567,32.97315438641971,33.04813624820097,1.1092584461735484,21.0,0.027543169617416652
12.4,-48.81694203969183,-15.139118314102404,-72.34344238366357,32.9785102336898,33.04590264555268,1.1105344663409156,20.999999999999996,0.026575612901353907
12.450000000000001,-48.54396245141996,-15.996720870294325,-71.33069413651279,32.98332397739429,33.043544591061526,1.1117537273666684,21.000000000000007,0.02552040334734329
12.5,-48.25586749148376,-16.849364579037527,-70.31775953887384,32.9876254497991,33.041075148778425,1.112912596260486,21.0,0.024385220515057426
12.55,-47.95274441191844,-17.696782066840814,-69.3046584046892,32.991443285440475,33.03850672193224,1.1140077880421515,20.999999999999996,0.023177377876351102
12.600000000000001,-47.634685503796554,-18.538707556990815,-68.29140944492629,32.9948049594756,33.035851077874305,1.1150363487030504,20.999999999999996,0.02190383563331011
12.65,-47.30178804872695,-19.374876968299418,-67.27803031145197,32.997736825075506,33.0331193722155,1.1159956387765817,20.999999999999996,0.020571213217976947
12.700000000000001,-46.9541542691474,-20.205028011962703,-66.26453763959108,33.00026414987123,33.030322172181975,1.1168833175017667,21.0,0.019185801470626984
12.75,-46.59189127745685,-21.02890028656078,-65.25094708939164,33.002411151464855,33.02746947921494,1.117697327564315,21.0,0.01775357450370052
12.8,-46.21511102403022,-21.846235371227873,-64.23727338562084,33.00420103201843,33.02457075083926,1.1184358803996233,21.000000000000007,0.01628020125096441
12.850000000000001,-45.82393024415677,-22.656776917021546,-63.223530356516136,33.00565601193421,33.02163492182411,1.1190974420424027,21.0,0.014771056706166519
12.9,-45.41847040394037,-23.46027073651967,-62.20973097131626,33.006797362640626,33.01867042465821,1.1196807195077128,20.999999999999996,0.01323123285558836
12.950000000000001,-44.99885764519797,-24.256464891673172,-61.19588737659733,33.007645438499026,33.01568520936159,1.1201846476884825,21.0,0.011665549306201228
13.0,-44.565222729390484,-25.045109779942052,-60.18201093143967,33.00821970784635,33.01268676265425,1.120608376754781,20.999999999999996,0.010078563615394387
13.05,-44.117700980618096,-25.825958218741608,-59.16811224145089,33.00853878318978,33.00968212650204,1.1209512600403215,20.999999999999996,0.00847458132597012
13.100000000000001,-43.656432227710404,-26.598765528225012,-58.154201191671284,33.008620450569225,33.00667791605901,1.1212128424019596,21.0,0.006857665710811034
13.15,-43.18156074543967,-27.36328961242772,-57.14028697838709,33.00848169810421,33.00368033702459,1.1213928490381662,21.0,0.005231647232761816
13.200000000000001,-42.69323519488397,-28.11929103879838,-56.126378139877716,33.00813874374138,33.000695202433384,1.1214911747527765,21.0,0.0036001327241308445
13.25,-42.19160856296529,-28.866533116140072,-55.112482586122695,33.00760706221938,32.99772794889508,1.1215078736503798,21.0,0.0019665142922065115
13.3,-41.676838101186135,-29.60478197098488,-54.09860762749383,33.00690141126764,32.99478365230062,1.121443149250311,21.0,0.0003339779520672437
13.350000000000001,-41.14908526358672,-30.333806622423886,-53.08476000245829,33.00603585705571,32.99186704301076,1.121297345006191,20.999999999999993,0.0012944880013776583
13.4,-40.6085156439436,-31.053379055413707,-52.07094590431782,33.00502379890964,32.98898252054256,1.1210709352182775,20.999999999999996,0.0029160848824005825
13.450000000000001,-40.055298912229176,-31.76327429257988,-51.05717100700902,33.003877993311995,32.986134167768206,1.1207645163263749,20.999999999999996,0.004528195758268794
13.5,-39.4896087503505,-32.46327046453632,-50.04344048998985,33.00261057720172,32.98332576464112,1.1203787985710747,20.999999999999996,0.0061283778380527565
13.55,-38.911622787184506,-33.1531488787392,-49.02975906223627,33.001233090590254,32.980560801462545,1.1199145980114409,21.0,0.007714355106003268
13.600000000000001,-38.32152253292607,-33.832694086892516,-48.016130985373785,32.999756498509704,32.97784249170265,1.119372828887606,21.0,0.00928401119267619
13.65,-37.71949331276413,-34.501693950921805,-47.002560095967176,32.99819121230921,32.97517378438855,1.118754496317024,21.0,0.010835382476699351
13.700000000000001,-37.1057241999004,-35.15993970753134,-45.98904982699228,32.99654711031487,32.97255737607207,1.1180606893132605,20.999999999999996,0.012366651411639396
13.75,-36.48040794792431,-35.8072260313592,-44.97560322851257,32.99483355786896,32.969995722389505,1.1172925741165116,20.999999999999993,0.013876140075268495
13.8,-35.84374092255732,-36.44335109674363,-43.96222298758347,32.99305942676328,32.967491049224684,1.1164513878255846,21.0,0.015362303934978172
13.850000000000001,-35.19592303277881,-37.06811663811328,-42.94891144740651,32.99123311408195,32.96504536348736,1.1155384323207613,21.0,0.01682372581853997
13.9,-34.53715766134551,-37.6813280090127,-41.93567062575519,32.98936256046805,32.96266046351738,1.1145550684679435,21.0,0.018259110096465747
13.950000000000001,-33.86765159471577,-38.28279423977381,-40.922502232694136,32.987455267828715,32.96033794912576,1.113502710594119,21.0,0.019667277056356625
14.0,-33.18761495238943,-38.872328093842874,-39.909407687612315,32.985518316492794,32.958079231282994,1.1123828212247275,21.0,0.02104715747648811
14.05,-32.497261115674014,-39.44974612277192,-38.89638813559118,32.98355838183495,32.95588554146458,1.1111969060738858,21.0,0.02239778738783116
14.100000000000001,-31.79680665588723,-40.01486871988232,-37.88344446312768,32.98158175037993,32.95375794066368,1.1099465092783234,21.0,0.023718303016835307
14.15,-31.086471262005865,-40.567520172607644,-36.870577313231955,32.9795943354002,32.95169732808066,1.1086332088664292,21.0,0.025007935911247614
14.200000000000001,-30.36647766777074,-41.107528713521944,-35.857787099918916,32.97760169202023,32.949704449498284,1.1072586124539683,21.0,0.026266008237882943
14.25,-29.63705157825728,-41.634726570058845,-34.845074022112776,32.97560903184009,32.947779905352284,1.1058243531580914,20.999999999999996,0.0274919282492192
14.3,-28.898421595921175,-42.148950012926015,-33.83243807698266,32.97362123709096,32.945924158505576,1.1043320857218433,20.999999999999993,0.028685185917538547
14.350000000000001,-28.15081914612851,-42.650039403218805,-32.81987907272745,32.97164287433486,32.94413754173474,1.1027834828412466,21.0,0.029845348724961696
14.4,-27.394478402179736,-43.13783923823622,-31.807396640827484,32.96967820772056,32.94242026493748,1.1011802316874508,20.999999999999996,0.030972057611933224
14.450000000000001,-26.629636209836864,-43.61219819600148,-30.794990247780124,32.96773121180749,32.94077242206874,1.0995240306166565,20.999999999999993,0.03206502307591563
14.5,-25.85653201136328,-44.07296917848901,-29.782659206335975,32.96580558396901,32.93919399781364,1.0978165860606666,21.0,0.03312402141588677
14.55,-25.075407769085786,-44.52000935355878,-28.770402686252105,32.963904756386476,32.93768487400494,1.0960596095911157,20.999999999999996,0.034148891119798463
14.600000000000001,-24.286507888488412,-44.953180195598556,-27.7582197245781,32.96203190764494,32.93624483579231,1.0942548151508333,20.999999999999996,0.03513952939101728
14.65,-23.490079140847925,-45.372347524873874,-26.746109235490454,32.96018997394118,32.934873577571274,1.0924039164456119,21.0,0.03609588880564729
14.700000000000001,-22.686370585420914,-45.77738154558501,-25.734070019690524,32.95838165991476,32.93357070867818,1.0905086244903046,20.999999999999996,0.03701797410442964
14.75,-21.875633491192744,-46.168156882629795,-24.722100773380543,32.95660944911214,32.93233575885904,1.0885706453029513,20.999999999999996,0.03790583910614487
14.8,-21.058121258198774,-46.54455261707057,-23.710200096832192,32.95487561409407,32.931168183518345,1.0865916777411755,21.0,0.03875958374706556
14.850000000000001,-20.234089338428543,-46.906452320303096,-22.698366502561598,32.95318222619581,32.9300673687549,1.0845734114749703,21.0,0.039579351235516924
14.9,-19.40379515632395,-47.25374408692487,-21.686598423124437,32.951531164950026,32.92903263619106,1.0825175250904024,20.999999999999996,0.040365325324103196
14.950000000000001,-18.56749802888268,-47.58632056629989,-20.67489421854408,32.94992412718153,32.928063247601564,1.0804256843188256,21.000000000000007,0.041117727691357686
15.0,-17.725459085378485,-47.904078992816544,-19.663252183386007,32.94836263578296,32.927158409348216,1.078299540386368,21.0,0.04183681543153739
15.05,-16.87794118671029,-48.20692121483496,-18.651670553490607,32.94684804818048,32.92631727662662,1.0761407284786628,20.999999999999996,0.04252287864915161
15.100000000000001,-16.02520884439242,-48.49475372231991,-17.640147512376792,32.945381564498064,32.92553895753044,1.0739508663159327,21.0,0.04317623815410343
15.15,-15.167528139198545,-48.76748767315504,-16.628681197328135,32.94396423542894,32.9248225169393,1.0717315528336897,21.0,0.04379724325460188
15.200000000000001,-14.30516663947248,-49.025038918134,-15.617269705172976,32.94259696982254,32.92416698023574,1.0694843669644811,21.0,0.04438626964486048
15.25,-13.438393319119154,-49.26732802462389,-14.605911097769637,32.941280541994914,32.923571336856654,1.0672108665162696,21.0,0.04494371738417158
15.3,-12.567478475289601,-49.494280298896136,-13.594603407207613,32.94001559877075,32.923034543684544,1.0649125871430982,21.000000000000007,0.045470008964230146
15.350000000000001,-11.692693645774177,-49.70582580711995,-12.583344640735435,32.93880266626459,32.922555528284065,1.062591041404076,21.0,0.04596558746342794
15.4,-10.814311526118594,-49.90189939501329,-11.572132785424927,32.93764215640884,32.92213319198839,1.0602477179064351,20.999999999999993,0.046430914780444255
15.450000000000001,-9.932605886477777,-50.082440706146166,-10.560965812582413,32.93653437323595,32.921766412840874,1.0578840805290284,20.999999999999996,0.046866469952817624
15.5,-9.04785148822298,-50.247394198891215,-9.549841681915986,32.935479518922016,32.92145404839652,1.055501567722409,20.999999999999996,0.04727274754813493
15.55,-8.160324000317972,-50.396709162016236,-8.538758345468418,32.93447769959877,32.92119493838808,1.0531015918819264,20.999999999999996,0.04765025613238549
15.600000000000001,-7.270299915480546,-50.53033972891357,-7.527713751324754,32.93352893094086,32.92098790726133,1.05068553879034,21.0,0.04799951680965364
15.65,-6.37805646614598,-50.64824489046113,-6.516705847103311,32.93263314353518,32.920831766584,1.0482547671266431,20.999999999999996,0.048321061831728684
15.700000000000001,-5.483871540249524,-50.75038850651004,-5.505732583238726,32.93179018803867,32.92072531733281,1.0458106080378116,21.0,0.04861543327393747
15.75,-4.5880235968453436,-50.8367393159938,-4.494791916065103,32.9309998401311,32.92066735206265,1.0433543647703445,21.0,0.04888318177663109
15.8,-3.6907915815798016,-50.907270945654076,-3.4838818107075005,32.93026180526907,32.92065665696226,1.0408873123586702,21.0,0.04912486534934146
15.850000000000001,-2.7924548420373023,-50.96196191737841,-2.473000243789444,32.929575723247154,32.920692013800355,1.0384106973673823,21.0,0.04934104823348662
15.9,-1.89329304297735,-51.000795654145165,-1.4621452059638604,32.92894117257239,32.920772201766205,1.0359257376846145,20.999999999999996,0.049532299825756354
15.950000000000001,-0.9935860814818316,-51.02376048457132,-0.4513147042749072,32.92835767465766,32.92089599920817,1.0334336223638374,20.999999999999993,0.04969919365535702
16.0,-0.09361400203191661,-51.03084964605882,0.5594932356423562,32.92782469783984,32.92106218527458,1.030935511511423,20.999999999999993,0.04984230641554177
16.05,0.8063430884656747,-51.022061286535546,1.5702805675176355,32.927341661228034,32.92126954145973,1.0284325362175508,20.999999999999996,0.0499622170482894
16.1,1.70600510568292,-50.99739846478707,2.581049222549714,32.92690793838744,32.92151685305941,1.0259257985279717,21.0,0.050059505877442234
16.150000000000002,2.605092072884808,-50.956869149375734,3.5918011076530765,32.926522860864004,32.92180291053863,1.0234163714544664,20.999999999999996,0.05013475379158194
16.2,3.503324205932923,-50.900486216143825,4.602538103840611,32.92618572155505,32.92212651081535,1.0209052990215284,20.999999999999996,0.05018854147010643
16.25,4.400421998257184,-50.828267444297886,5.613262064736531,32.92589577793079,32.92248645846348,1.0183935963473658,20.999999999999996,0.05022144865876044
16.3,5.296106305774316,-50.7402355110716,6.623974815213476,32.92565225511169,32.92288156683777,1.015882249757027,21.0,0.05023405348325127
16.35,6.190098431731311,-50.636417984965014,7.634678150148422,32.92545434880641,32.92331065912457,1.0133722169257382,20.999999999999996,0.050226931806776065
16.400000000000002,7.082120211451878,-50.51684731755803,8.645373833291888,32.925301228114854,32.92377256932053,1.0108644270504925,20.999999999999996,0.05020065662577622
16.45,7.971894096963579,-50.38156083389684,9.656063596245216,32.92519203820097,32.9242661431427,1.0083597810481564,20.999999999999996,0.050155797504913835
16.5,8.859143241483096,-50.230600721451914,10.666749137540943,32.92512590283967,32.92479023887259,1.0058591517782531,21.0,0.05009292004672261
16.55,9.743591583736833,-50.06401401764691,11.677432121821209,32.92510192684202,32.92534372813726,1.003363384288825,21.0,0.05001258539806486
16.6,10.62496393209381,-49.881852595958044,12.688114179109704,32.925119198363106,32.92592549662949,1.0008732960836753,20.999999999999996,0.049915349788562935
16.650000000000002,11.502986048487596,-49.68417315058404,13.698796904172573,32.92517679109642,32.92653444477018,0.9983896774095768,21.0,0.04980176410299464
16.7,12.377384732103826,-49.47103717968704,14.709481855963608,32.92527376635883,32.92716948831528,0.9959132915618483,21.0,0.04967237348196818
16.75,13.24788790280963,-49.24251096720553,15.720170557150027,32.92540917507,32.92782955890947,0.9934448752069187,21.0,0.04952771695457159
16.8,14.114224684301176,-48.9986655632405,16.73086449371418,32.92558205962997,32.928513604589234,0.9909851387206174,20.999999999999996,0.04936832709859118
16.85,14.976125486945316,-48.73957676301674,17.741565114627644,32.92579145569849,32.92922059023742,0.9885347665407522,21.0,0.049194729726025344
16.900000000000002,15.833322090291219,-48.465325084421615,18.752273831593868,32.92603639387984,32.929949497991615,0.9860944175328115,21.0,0.049007443597304245
16.95,16.685547725227725,-48.175995744123966,19.762992018855464,32.92631590131639,32.930699327608245,0.9836647253676958,20.999999999999996,0.04880698015881535
17.0,17.532537155762043,-47.871678632276556,20.773721013062957,32.926629003194385,32.93146909678471,0.9812462989101576,20.999999999999996,0.048593843302313644
17.05,18.374026760395342,-47.55246828580562,21.784462113201364,32.92697472416513,32.93225784144143,0.9788397226170034,21.000000000000007,0.04836852915076406
17.1,19.20975461307064,-47.21846386029192,22.795216580571502,32.92735208968486,32.93306461596564,0.9764455569440713,20.999999999999996,0.048131525863084335
17.150000000000002,20.039460563668435,-46.869769100447996,23.805985638822726,32.92776012727634,32.93388849341909,0.9740643387608685,21.0,0.04788331345864094
17.2,20.86288631802534,-46.50649230919681,24.816770474034257,32.92819786771511,32.934728565711104,0.9716965817720364,20.999999999999996,0.04762436366405609
17.25,21.679775517451077,-46.128746315357596,25.827572234842094,32.9286643461434,32.93558394373894,0.9693427769447283,20.999999999999996,0.04735513977664141
17.3,22.48987381771907,-45.736648439945206,26.838392032608738,32.92915860311451,32.9364537574971,0.9670033929410806,21.0,0.047076096546163626
17.35,23.292928967505922,-45.330320461089684,27.849230941633067,32.929679685570406,32.93733715615722,0.9646788765549132,21.0,0.04678768007295275
17.400000000000002,24.088690886255087,-44.909888577583395,28.860089999397715,32.93022664775518,32.93823330812009,0.962369653151967,21.0,0.04649032772334749
17.45,24.876911741439994,-44.47548337106352,29.87097020685177,32.93079855206696,32.939141401041276,0.9600761271129059,20.999999999999996,0.04618446805892518
17.5,25.657346025202052,-44.02723976683831,30.881872528725957,32.931394469850844,32.94006064183184,0.9577986822784652,21.000000000000007,0.04587052078122156
17.55,26.42975063033891,-43.56529699336591,31.892797893878424,32.9320134821352,32.940990256635615,0.9555376823959847,21.0,0.04554889668881401
17.6,27.19388492561847,-43.08979854039513,32.903747195668814,32.9326546803138,32.94192949078435,0.9532934715668588,21.0,0.04521999764961038
17.650000000000002,27.949510830394246,-42.600892115778116,33.914721292358614,32.933317166775986,32.942877608731855,0.9510663746941717,20.999999999999996,0.044884216582516956
17.7,28.696392888497737,-42.09872960096534,34.925721007535515,32.93400005548712,32.943833893968765,0.9488566979301183,20.999999999999996,0.044541937453743685
17.75,29.434298341383645,-41.58346700519379,35.936747130560335,32.93470247252152,32.94479764891876,0.9466647291225598,20.999999999999996,0.0441935352810674
17.8,30.162997200503845,-41.05526441837986,36.94780041703422,32.93542355654989,32.945768194817646,0.9444907382603063,21.000000000000007,0.04383937615116906
17.85,30.8822623188862,-40.514285962728984,37.95888158928476,32.9361624592833,32.946744871576236,0.9423349779167225,20.999999999999996,0.04347981724507122
17.900000000000002,31.591869461894504,-39.96069974307427,38.969991336868965,32.93691834587566,32.947727037628276,0.9401976836910109,20.999999999999996,0.04311520687167558
17.95,32.2915973771459,-39.394677795957435,39.98113031709188,32.93769039528656,32.948714069764385,0.9380790746470709,20.999999999999993,0.04274588451423256
18.0,32.98122786356247,-38.81639603746522,40.9922991555391,32.93847780060641,32.94970536295277,0.9359793537492962,21.0,0.042372180878800236
18.05,33.660545839533754,-38.22603420983552,42.00349844662173,32.93927976934543,32.95070033014808,0.933898708295132,20.999999999999996,0.04199441795549319
18.1,34.32933941016726,-37.62377582684754,43.014728754132506,32.94009552368848,32.95169840208898,0.9318373103439157,21.000000000000007,0.04161290908328397
18.150000000000002,34.98739993360419,-37.00980811801106,44.025990611811785,32.94092430071709,32.95269902708538,0.9297953171418456,20.999999999999993,0.041227959024325855
18.2,35.634522086377935,-36.384321971570174,45.037284523921876,32.94176535260054,32.95370167079626,0.9277728715427003,21.000000000000007,0.04083986404140205
18.25,36.27050392779308,-35.74751187633753,46.048610965829,32.94261794675737,32.95470581599878,0.925770102424039,21.0,0.040448911982906566
18.3,36.895146963302885,-35.09957586237544,47.05997038459123,32.94348136598891,32.95571096234952,0.9237871250986842,20.999999999999996,0.04005538237322526
18.35,37.508256206863656,-34.440715440540636,48.0713631995517,32.94435490858609,32.95671662613832,0.9218240417212513,21.0,0.03965954650709591
18.400000000000002,38.109640242244495,-33.77113554091024,49.0827898029359,32.945237888411256,32.95772234003601,0.9198809416894775,21.000000000000007,0.0392616675486579
18.45,38.699111283271385,-33.09104445010645,50.0942505604521,32.94612963495588,32.95872765283586,0.9179579020402571,21.0,0.038862000635475624
18.5,39.2764852329848,-32.400653747538456,51.10574581189411,32.94702949337588,32.95973212919014,0.9160549878400417,21.0,0.03846079298440941
18.55,39.84158174169038,-31.700178240579966,52.11727587174531,32.94793682450547,32.96073534934198,0.9141722525696778,21.0,0.03805828400430755
18.6,40.394224263882556,-30.989835898701717,53.128841029783196,32.94885100485094,32.961736908853176,0.9123097385033176,20.999999999999996,0.037654705407277334
18.650000000000002,40.934240114021236,-30.26984778657833,54.14044155168388,32.94977142656538,32.962736418328554,0.9104674770814327,21.0,0.03725028132720354
18.7,41.461460521142314,-29.540437996189496,55.15207767962543,32.950697497405606,32.96373350313736,0.9086454892777382,21.0,0.03684522843769855
18.75,41.97572068228273,-28.80183357793583,56.163749632889676,32.951628640672155,32.96472780313219,0.906843785959957,20.999999999999993,0.036439756073889384
18.8,42.47685981470152,-28.054264470790187,57.17545760846177,32.95256429513359,32.965718972366,0.9050623682443373,21.0,0.03603406635562578
18.85,42.964721206878515,-27.297963431505483,58.187201781626804,32.95350391493591,32.966706678807284,0.9033012278438264,21.0,0.03562835431239364
18.900000000000002,43.43915226827272,-26.533165962900647,59.198982306562804,32.95444696949814,32.96769060405456,0.9015603474099052,21.0,0.03522280801021793
18.95,43.90000457782293,-25.760110241246487,60.210799316930114,32.95539294339503,32.96867044304975,0.8998397008678864,21.0,0.03481760867842354
19.0,44.34713393117346,-24.979037042773808,61.222652926455794,32.95634133622751,32.96964590379146,0.8981392537458319,21.000000000000007,0.03441293084037511
19.05,44.78040038660822,-24.19018966932632,62.23454322951353,32.95729166248208,32.97061670704802,0.8964589634968974,21.0,0.03400894244109054
19.1,45.19966830967701,-23.393813873181315,63.24647030169782,32.95824345137965,32.971582586071115,0.8947987798151189,20.999999999999996,0.03360580497869137
19.150000000000002,45.604806416498064,-22.5901577810614,64.25843420039254,32.959196246714754,32.9725432863099,0.8931586449447266,20.999999999999996,0.033203673635568975
19.200000000000003,45.99568781572156,-21.779471817360854,65.27043496533321,32.96014960668584,32.97349856512618,0.8915384939827931,20.999999999999996,0.03280269740784547
19.25,46.37219004913905,-20.962008626610565,66.28247261916286,32.96110310371729,32.97444819151073,0.8899382551754158,21.000000000000007,0.032403019238671504
19.3,46.73419513092443,-20.138022995205766,67.294547167981,32.962056324273966,32.9753919458012,0.8883578502073135,21.0,0.032004776147545044
19.35,47.08158958549226,-19.307771772421052,68.30665860188556,32.963008868668766,32.97632961940173,0.8867971944848634,21.0,0.031608099362046005
19.400000000000002,47.41426448396009,-18.471513790737518,69.31880689550738,32.96396035086398,32.97726101450448,0.88525619741268,21.0,0.031213114449002433
19.450000000000003,47.73211547920141,-17.62950978550708,70.33099200853692,32.96491039826687,32.97818594381355,0.8837347626636856,21.0,0.030819941443667176
19.5,48.03504283947688,-16.782022313979308,71.34321388624349,32.96585865152021,32.97910423027099,0.8822327884427494,20.999999999999996,0.030428694979889315
19.55,48.322951480631495,-15.929315673716372,72.355472459986,32.96680476428812,32.980015706785764,0.8807501677439049,20.999999999999996,0.030039484418722395
19.6,48.59575099684614,-15.071655820421924,73.36776764771591,32.96774840303795,32.98092021596506,0.8792867886012203,21.0,0.029652413976890557
19.650000000000002,48.85335568993236,-14.20931028520999,74.38009935447141,32.968689246818464,32.98181760984888,0.8778425343333609,20.999999999999993,0.029267582853691465
19.700000000000003,49.0956845971596,-13.342548091340152,75.39246747286334,32.96962698703493,32.98270774964748,0.8764172837818691,21.0,0.0288850853571887
19.75,49.32266151760489,-12.471639670445526,76.40487188355237,32.97056132722154,32.983590505482006,0.8750109115433347,21.000000000000007,0.028505011029835714
19.8,49.5342150370152,-11.59685677828021,77.41731245571738,32.97149198281157,32.98446575612859,0.8736232881952972,21.000000000000007,0.02812744477068918
19.85,49.730278551173285,-10.718472410013117,78.4297890475151,32.97241868090564,32.98533338876579,0.872254280516195,21.0,0.027752466960748734
19.900000000000002,49.91079028775853,-9.836760715095226,79.44230150653082,32.97334116003851,32.986193298725524,0.8709037516992808,20.999999999999993,0.02738015358204393
19.950000000000003,50.075693326694484,-8.951996911727521,80.45484967022007,32.97425916994473,32.987045389247726,0.8695715615605835,21.0,0.02701057633828441
20.0,50.2249356189756,-8.064457200956967,81.46743336634135,32.97517247132351,32.98788957123866,0.8682575667410717,21.0,0.026643802773946845
20.05,50.358470003965984,-7.1744186804280865,82.48005241337971,32.97608083560317,32.98872576303314,0.866961620902984,20.999999999999996,0.026279896390235535
20.1,50.47625422516368,-6.282159257817794,83.49270662096143,32.97698404470531,32.9895538901604,0.8656835749205243,21.0,0.025918916761753508
20.150000000000002,50.578250944424326,-5.387957563981295,84.50539579025947,32.97788189080924,32.990373885114096,0.8644232770649154,21.0,0.025560919649194602
20.200000000000003,50.66442775463878,-4.4920928658369474,85.51811971438998,32.97877417611673,32.991185687126105,0.8631805731839322,21.0,0.025205957112177657
20.25,50.73475719085959,-3.594844979018114,86.53087817879961,32.9796607126174,32.99198924194445,0.8619553068759913,21.0,0.02485407761966485
20.3,50.789216739871954,-2.696494180320094,87.54367096164403,32.98054132185505,32.992784501615155,0.8607473196588984,21.0,0.024505326158816843
20.35,50.82778884820512,-1.7973211199703443,88.556497834157,32.981415834695056,32.993571424268424,0.859556451133308,21.0,0.024159744341858413
20.400000000000002,50.85046092858091,-0.8976067337502318,89.5693585610111,32.982284091093156,32.99434997390848,0.8583825391410471,21.0,0.023817370511807212
20.450000000000003,50.85722536479645,0.0023678450033494114,90.58225290066898,32.98314593986568,32.99512012020802,0.8572254199183078,20.999999999999996,0.02347823984521824
20.5,50.848079515038705,0.9023213734881312,91.59518060572609,32.98400123846156,32.99588183830643,0.8560849282438596,20.999999999999996,0.023142384454786225
20.55,50.82302571362912,1.8019725875899792,92.60814142324455,32.9848498527362,32.996635108612246,0.8549608975823801,20.999999999999996,0.022809833488963704
20.6,50.782071271196976,2.7010402900713175,93.62113509507829,32.98569165672734,32.997379916609816,0.853853160222954,21.0,0.022480613229589608
20.650000000000002,50.72522847328076,3.599243438766008,94.6341613581896,32.98652653243323,32.99811625266999,0.852761547412868,21.0,0.02215474718852306
20.700000000000003,50.65251457735732,4.4963012347522175,95.64721994495687,32.987354369593,32.99884411186506,0.8516858894867951,21.0,0.021832256201719247
20.75,50.56395180829915,5.391933210474807,96.66031058347438,32.988175065469584,32.99956349378749,0.8506260159913879,21.000000000000007,0.021513158521457854
20.8,50.45956735226052,6.285859317788784,97.67343299784328,32.98898852463514,33.00027440237324,0.8495817558055023,21.0,0.021197469908145194
20.85,50.33939334899403,7.177800015895393,98.68658690845436,32.989794658759294,33.000976845728715,0.8485529372560663,20.999999999999996,0.020885203717710965
20.900000000000002,50.20346688259929,8.067476359142441,99.69977203226286,32.990593386399965,33.00167083596196,0.8475393882296487,21.0,0.020576370988720782
20.950000000000003,50.05182997070625,8.954610084660496,100.71298808305492,32.99138463279725,33.002356389017926,0.8465409362799434,21.000000000000007,0.020270980528351856
21.0,49.88452955209617,9.838923699806667,101.72623477170643,32.99216832967016,33.00303352451749,0.8455574087311319,21.000000000000007,0.019969038994105404
21.05,49.70161747276353,10.72014056938771,102.73951180643365,32.99294441501639,33.0037022656007,0.8445886327772882,21.0,0.019670550976229606
21.1,49.50315047042313,11.597985002634292,103.7528188930365,32.99371283291527,33.00436263877375,0.8436344355779113,21.0,0.01937551907687407
21.150000000000002,49.28919015746666,12.472182339898351,104.76615573513385,32.994473533333725,33.00501467375997,0.8426946443496561,21.0,0.019083943987538987
21.200000000000003,49.059803002373954,13.34245903904551,105.77952203439165,32.9952264719356,33.00565840335449,0.8417690864543772,20.999999999999986,0.018795824565103203
21.25,48.81506030958432,14.208542761514693,106.79291749074349,32.99597160989409,33.00629386328287,0.8408575894835337,20.999999999999996,0.018511157905578557
21.3,48.55503819783416,15.07016245801715,107.80634180260398,32.99670891370758,33.00692109206345,0.8399599813391205,20.999999999999996,0.018229939416869456
21.35,48.27981757696734,15.927048453847215,108.81979466707519,32.997438355018716,33.00754013087325,0.8390760903110959,20.999999999999993,0.017952162888263956
21.400000000000002,47.989484123225445,16.778932533777287,109.83327578014563,32.9981599104369,33.00815102341781,0.8382057451515195,21.0,0.017677820560493274
21.450000000000003,47.68412825302546,17.62554802650962,110.846784836883,32.9988735613641,33.008753815804226,0.8373487751454078,20.999999999999996,0.017406903191528045
21.5,47.36384509523302,18.46662988865771,111.86032153161977,32.99957929382411,33.00934855641828,0.8365050101784135,21.0,0.017139400122232473
21.55,47.028734461939706,19.30191478823016,112.8738855581322,33.00027709829512,33.00993529580462,0.8356742808014062,20.999999999999996,0.01687529933988685
21.6,46.67890081775364,20.13114118759013,113.88747660981318,33.0009669695458,33.01051408655055,0.8348564182920626,20.999999999999996,0.016614587540146886
21.650000000000002,46.31445324761271,20.954049425863616,114.90109437983841,33.00164890647471,33.011084983173234,0.8340512547135006,21.000000000000007,0.016357250186871397
21.700000000000003,45.93550542313064,21.770381800770007,115.9147385613265,33.002322911953186,33.01164804201037,0.8332586229700851,21.0,0.016103271571239475
21.75,45.542175567486424,22.57988264984856,116.92840884749306,33.002988992671554,33.01220332111382,0.8324783568604843,21.0,0.01585263486830968
21.8,45.13458641886803,23.382298431054622,117.94210493179878,33.003647158988855,33.01275088014678,0.8317102911279761,20.999999999999993,0.015605322192016047
21.85,44.71286519248199,24.17737780269965,118.95582650809169,33.004297424785854,33.01329078028395,0.830954261508225,21.000000000000007,0.015361314650164104
21.900000000000002,44.2771435411407,24.964871702709303,119.96957327074371,33.00493980732143,33.01382308411496,0.8302101047744372,21.0,0.015120592395021504
21.950000000000003,43.82755751443997,25.744533427174115,120.98334491478172,33.0055743270924,33.01434785555072,0.8294776587801351,20.999999999999996,0.014883134675756082
22.0,43.36424751653957,26.516118708167433,121.99714113601325,33.00620100769657,33.01486515973283,0.8287567624994665,21.000000000000007,0.014648919886042222
22.05,42.88735826256028,27.27938579080566,123.01096163114677,33.00681987569916,33.015375062945886,0.8280472560652967,20.999999999999996,0.014417925613372518
22.1,42.397038733610955,28.034095509525987,124.02480609790668,33.0074309605025,33.015877632532806,0.8273489808049348,21.0,0.014190128683395642
22.150000000000002,41.893442130460166,28.780011363557115,125.0386742351437,33.008034294218945,33.01637293681283,0.8266617792737918,21.0,0.013965505207238493
22.200000000000003,41.37672582586678,29.516899591558726,126.05256574293995,33.00862991154708,33.016861045002315,0.825985495286865,21.0,0.013744030622859782
22.25,40.84705131558477,30.244529245405737,127.06648032270927,33.00921784965103,33.01734202713834,0.8253199739482042,20.999999999999996,0.013525679738535246
22.3,40.30458416805772,30.962672263093626,128.08041767729304,33.00979814804298,33.01781595400485,0.8246650616784379,21.0,0.013310426773216477
22.35,39.74949397281896,31.671103540741495,129.09437751105125,33.010370848468824,33.018282897061546,0.8240206062403104,21.000000000000007,0.013098245395326558
22.400000000000002,39.18195428761371,32.36960100366969,130.1083595299496,33.01093599479688,33.01874292837496,0.8233864567624494,21.0,0.01288910876255045
22.450000000000003,38.60214258426009,33.05794567652928,131.12236344164162,33.0114936329096,33.019196120552486,0.8227624637613289,20.999999999999996,0.012682989557220026
22.5,38.01024019326603,33.735921752460804,132.13638895554695,33.01204381059838,33.019642546678526,0.8221484791614699,20.999999999999996,0.012479860022409639
22.55,37.406432247219804,34.40331666126027,133.1504357829257,33.01258657746124,33.020082280253106,0.8215443563140283,21.0,0.012279691997179043
22.6,36.79090762297214,35.05992113653041,134.1645036369487,33.01312198480352,33.02051539513262,0.8209499500137412,21.0,0.012082456948832032
22.650000000000002,36.16385888262821,35.705529281795855,135.1785922327635,33.01365008554131,33.02094196547326,0.8203651165143526,21.0,0.011888126005743516
22.700000000000003,35.525482213368285,36.33993863556092,136.19270128755755,33.01417093410788,33.0213620656761,0.8197897135424981,21.0,0.011696669987770747
22.75,34.875977366116246,36.96295023528929,137.20683052061685,33.014684586362755,33.021775770334784,0.8192236003102025,21.000000000000007,0.011508059437090878
22.8,34.215547593075335,37.57436868028513,138.2209796533816,33.01519109950362,33.022183154185015,0.818666637525979,21.0,0.011322264645912128
22.85,33.544399584151044,38.174002193455436,139.23514840949812,33.01569053198085,33.022584292056244,0.8181186874045281,20.999999999999996,0.011139255684469163
22.900000000000002,32.86274340228138,38.761662681934006,140.24933651486788,33.01618294341481,33.02297925882521,0.8175796136752638,20.999999999999996,0.010959002429018483
22.950000000000003,32.170792417695,39.33716579654759,141.26354369769285,33.016668394515555,33.02336812937159,0.8170492815894974,20.999999999999996,0.010781474585286333
23.0,31.468763241118143,39.90033099010524,142.27776968851794,33.01714694700527,33.023750978535425,0.8165275579264772,21.0,0.010606641715327214
23.05,30.756875655951642,40.450981574492296,143.29201422027057,33.01761866354314,33.0241278810763,0.8160143109983196,20.999999999999996,0.010434473260403365
23.1,30.035352549439434,40.98894477655074,144.30627702829722,33.018083607652656,33.024498911634495,0.8155094106537888,21.0,0.010264938563153692
23.150000000000002,29.304419842850578,41.5140517927281,145.32055785039702,33.018541843651356,33.02486414469363,0.8150127282810544,20.999999999999996,0.010098006890615352
23.200000000000003,28.564306420696887,42.02613784247751,146.3348564268528,33.018993436582946,33.02522365454536,0.8145241368094034,21.0,0.009933647454687389
23.25,27.815244059008727,42.52504222039191,147.34917250045945,33.01943845215168,33.0255775152553,0.8140435107100572,21.0,0.009771829433020685
23.3,27.057467352691692,43.01060834705573,148.36350581654972,33.01987695665909,33.02592580063079,0.8135707259959943,21.0,0.009612521986923639
23.35,26.291213641987305,43.4826838185979,149.3778561230177,33.02030901694278,33.026268584190134,0.8131056602209128,21.0,0.009455694281257365
23.400000000000002,25.516722938061072,43.94112045493039,150.3922231703395,33.0207347003176,33.02660593913337,0.8126481924773756,21.0,0.009301315501630825
23.450000000000003,24.734237847741525,44.385774346656994,151.40660671159222,33.021154074518726,33.02693793831451,0.8121982033940682,20.999999999999993,0.00914935487074331
23.5,23.944003497434153,44.816505900637296,152.42100650247053,33.021567207646996,33.027264654214974,0.8117555751323806,21.0,0.00899978166614801
23.55,23.146267456234387,45.2331798841915,153.4354223013007,33.02197416811614,33.02758615891885,0.8113201913821726,21.0,0.00885256523375233
23.6,22.34127965826406,45.63566546793194,154.4498538690532,33.02237502460204,33.02790252408899,0.8108919373568924,21.0,0.008707675004160365
23.650000000000002,21.529292324255955,46.023836267207734,155.46430096935296,33.02276984599397,33.02821382094466,0.8104706997879774,21.0,0.008565080505604783
23.700000000000003,20.710559882411374,46.397570382149375,156.47876336848782,33.02315870134758,33.028520120240536,0.8100563669186656,20.999999999999996,0.008424751378299788
23.75,19.885338888555825,46.75675043630058,157.49324083541518,33.02354165983994,33.02882149224654,0.8096488284971812,20.999999999999993,0.00828665738623613
23.8,19.053887945618154,47.10126361382512,158.50773314176698,33.02391879072613,33.02911800672918,0.8092479757693241,21.0,0.00815076842968665
23.85,18.216467622458662,47.43100169527683,159.52224006185278,33.02429016329778,33.029409732933885,0.8088537014705537,21.0,0.00801705455714341
23.900000000000002,17.373340372071986,47.74586109192143,160.53676137266146,33.02465584684322,33.02969673956844,0.8084658998175485,21.0,0.007885485975407391
23.950000000000003,16.52477044919063,48.04574287859933,161.55129685386117,33.025015910609305,33.02997909478748,0.8080844664992455,21.000000000000007,0.007756033060104528
24.0,15.671023827315333,48.330552825118964,162.565846287798,33.02537042376488,33.0302568661781,0.8077092986674543,20.999999999999996,0.007628666366059633
24.05,14.812368115198522,48.60020142617073,163.580409459493,33.02571945536583,33.03053012074612,0.8073402949270445,21.0,0.007503356635822911
24.1,13.94907247280736,48.854603929752024,164.5949861566382,33.02606307432156,33.030798924903905,0.8069773553256567,21.000000000000007,0.0073800748081964684
24.150000000000002,13.081407526793,49.093680364094475,165.6095761695908,33.02640134936316,33.03106334445843,0.8066203813431372,21.000000000000007,0.0072587920277555895
24.200000000000003,12.20964528549284,49.31735556308471,166.62417929136666,33.02673434901283,33.03132344460068,0.8062692758805099,21.0,0.0071394796503909674
24.25,11.334059053492696,49.52555919017077,167.6387953176323,33.027062141554815,33.03157928989573,0.8059239432486649,21.000000000000007,0.007022109252545761
24.3,10.45492334577597,49.7182257607465,168.65342404669562,33.02738479500774,33.03183094427378,0.8055842891567195,21.0,0.006906652636899935
24.35,9.572513801486988,49.895294663006915,169.6680652794962,33.02770237709817,33.03207847102177,0.8052502207000742,21.000000000000007,0.006793081838907256
24.400000000000002,8.687107097335812,50.05671017726794,170.6827188195937,33.02801495523557,33.0323219327759,0.8049216463482196,21.0,0.006681369132905957
24.450000000000003,7.79898086067196,50.2024214937444,171.69738447315595,33.02832259648845,33.032561391514996,0.8045984759322522,21.000000000000007,0.006571487037092538
24.5,6.908413582254527,50.33238272878073,172.7120620489458,33.02862536756178,33.032796908554275,0.8042806206321913,21.000000000000007,0.006463408319348218
24.55,6.01568452874632,50.446552939529155,173.72675135830718,33.02892333477553,33.03302854454012,0.8039679929640471,21.0,0.006357106001217971
24.6,5.1210736549597,50.544896137070936,174.74145221515028,33.029216564044425,33.03325635944524,0.8036605067667395,20.999999999999996,0.006252553362884328
24.650000000000002,4.224861515881894,50.6273812979763,175.75616443593614,33.02950512085877,33.03348041256462,0.8033580771887614,20.999999999999993,0.006149723946151653
24.700000000000003,3.3273291785075965,50.69398237429966,176.77088783966005,33.02978907026633,33.033700762512126,0.8030606206747422,20.999999999999996,0.006048591559562055
24.75,2.42875813350675,50.74467830200679,177.78562224783474,33.03006847685532,33.0339174672174,0.8027680549518266,21.0,0.005949130280384907
24.8,1.5294302067554424,50.7794530078315,178.8003674844727,33.030343404738325,33.03413058392365,0.8024802990159472,21.0,0.005851314458311663
24.85,0.6296274707578818,50.798295414559526,179.8151233760677,33.03061391753728,33.034340169185775,0.8021972731179474,21.0,0.005755118717587493
24.900000000000002,-0.27036784401254643,50.80119944473807,-179.17011024842398,33.030880078369314,33.0345462788691,0.801918898749598,21.0,0.005660517959995559
24.950000000000003,-1.1702734378251156,50.78816402280984,-178.1553335576031,33.03114194983358,33.03474896814847,0.801645098629578,21.0,0.005567487366988644
25.0,-2.069807030428457,50.759193075670915,-177.14054671764728,33.031399593998934,33.03494829150789,0.8013757966892996,20.999999999999996,0.005476002400399693
25.05,-2.9686864497840793,50.71429553165235,-176.12574989233156,33.03165307239243,33.03514430274066,0.8011109180587184,21.0,0.005386038805568205
25.1,-3.866629720768682,50.65348531792577,-175.1109432430493,33.031902445988734,33.03533705494989,0.800850389052087,20.999999999999996,0.005297572611624446
25.150000000000002,-4.763355153817238,50.576781356333946,-174.0961269288334,33.03214777520025,33.03552660054928,0.8005941371536167,21.0,0.005210580132626319
25.200000000000003,-5.658581433478849,50.484207557647544,-173.08130110637808,33.032389119868036,33.03571299126462,0.8003420910031736,20.999999999999996,0.005125037969406776
25.25,-6.552027706857421,50.37579281425006,-172.0664659300609,33.0326265392535,33.03589627813523,0.8000941803819472,21.0,0.005040923008863274
25.3,-7.443413671909215,50.251570991253125,-171.05162155196513,33.03286009203077,33.03607651151625,0.7998503361980127,21.0,0.004958212424526209
25.35,-8.332459665569417,50.11158091604511,-170.03676812190236,33.03308983627973,33.036253741080685,0.7996104904720411,21.0,0.004876883678690547
25.400000000000002,-9.218886751679898,49.95586636627637,-169.0219057874356,33.0333158294798,33.03642801582228,0.7993745763229043,20.999999999999996,0.004796914519431539
25.450000000000003,-10.102416808690426,49.784476056284895,-168.00703469390226,33.033538128504254,33.03659938405846,0.7991425279533146,20.999999999999996,0.004718282982736355
25.5,-10.982772617105635,49.59746362196673,-166.99215498443775,33.033756789615275,33.03676789343352,0.7989142806355503,21.0,0.004640967391793538
25.55,-11.859677946650171,49.394887604095935,-165.97726679999897,33.03397186845943,33.03693359092218,0.7986897706971448,21.0,0.004564946355287702
25.6,-12.732857643124525,49.176811430099434,-164.96237027938818,33.03418342006392,33.037096522833366,0.7984689355066408,20.999999999999996,0.004490198768110076
25.650000000000002,-13.602037714924135,48.94330339429247,-163.94746555927676,33.03439149883316,33.03725673481424,0.7982517134593863,21.0,0.004416703810079525
25.700000000000003,-14.466945419194474,48.69443663658102,-162.93255277422952,33.034596158546094,33.037414271854416,0.7980380439634231,20.999999999999996,0.0043444409450899
25.75,-15.327309347594964,48.430289119637784,-161.91763205672865,33.034797452353835,33.037569178290475,0.7978278674253758,21.0,0.004273389919262627
25.8,-16.18285951164466,48.150943604559174,-160.90270353719814,33.03499543277788,33.03772149781052,0.7976211252364251,21.0,0.004203530760946705
25.85,-17.033327427622805,47.8564876250108,-159.88776734402802,33.03519015170879,33.03787127345917,0.7974177597584102,20.999999999999996,0.0041348437790134085
25.900000000000002,-17.87844620099746,47.5470134598698,-158.87282360359873,33.03538166040524,33.03801854764242,0.7972177143099088,21.0,0.004067309560298327
25.950000000000003,-18.71795061035565,47.22261810437261,-157.85787244030573,33.03557000949361,33.03816336213303,0.7970209331524956,21.000000000000007,0.0040009089700276945
26.0,-19.551577190808533,46.883403239777266,-156.84291397658367,33.03575524896785,33.03830575807571,0.7968273614770354,21.000000000000007,0.003935623148265677
26.05,-20.37906431684528,46.52947520154994,-155.82794833293107,33.03593742818984,33.03844577599267,0.7966369453900697,21.0,0.0038714335092038255
26.1,-21.20015228460964,46.16094494608563,-154.8129756279347,33.03611659589004,33.038583455789244,0.7964496319003374,20.999999999999996,0.0038083217393136692
26.150000000000002,-22.014583393573183,45.777928015973636,-153.79799597829387,33.03629280016855,33.038718836759685,0.7962653689053383,20.999999999999996,0.0037462697946466506
26.200000000000003,-22.822102027579522,45.38054450381877,-152.78300949884505,33.036466088496496,33.038851957592925,0.7960841051780818,21.0,0.0036852598999814745
26.25,-23.622454735233998,44.96891901462969,-151.76801630258595,33.03663650771767,33.038982856378645,0.7959057903538422,20.999999999999996,0.0036252745451292867
26.3,-24.415390309613475,44.5431806267863,-150.75301650069997,33.036804104050596,33.039111570613265,0.7957303749171274,20.999999999999996,0.0035662964847915646
26.35,-25.200659867271156,44.1034628515985,-149.73801020258026,33.03696892309078,33.039238137206134,0.7955578101886758,20.999999999999996,0.003508308734296861
26.400000000000002,-25.97801692651154,43.649903591469084,-148.72299751585388,33.03713100981331,33.03936259248572,0.7953880483126667,21.0,0.0034512945690323704
26.450000000000003,-26.74721748491085,43.18264509667397,-147.70797854640585,33.03729040857562,33.039484972205976,0.7952210422439379,21.0,0.0033952375201806717
26.5,-27.508020096058555,42.70183392077346,-146.69295339840292,33.03744716312065,33.03960531155266,0.7950567457354083,20.999999999999996,0.0033401213745776204
26.55,-28.2601859454958,42.20762087466849,-145.67792217431747,33.03760131658008,33.03972364514974,0.7948951133256088,20.999999999999996,0.0032859301705912003
26.6,-29.003478925826826,41.700160979316536,-144.66288497495103,33.03775291147791,33.03984000706589,0.7947361003263254,21.0,0.0032326481959898956
26.650000000000002,-29.737665710979776,41.1796134171219,-143.64784189945797,33.0379019897342,33.03995443082105,0.7945796628103636,20.999999999999993,0.003180259985668954
26.700000000000003,-30.46251582959346,40.64614148201591,-142.6327930453687,33.03804859266897,33.040066949392866,0.7944257575994911,20.999999999999996,0.003128750319234541
26.75,-31.17780173750703,40.099912528242626,-141.61773850861292,33.03819276100639,33.04017759522335,0.7942743422524572,20.999999999999996,0.0030781042174510276
26.8,-31.883298889329698,39.54109791786625,-140.6026783835428,33.03833453487903,33.040286400225476,0.7941253750531629,20.999999999999993,0.003028306940677794
26.85,-32.57878580906804,38.969872967016876,-139.5876127629558,33.03847395383235,33.04039339578981,0.7939788149989866,20.999999999999993,0.0029793439858849524
26.900000000000002,-33.264044159788575,38.38641689089137,-138.57254173811737,33.03861105682931,33.04049861279114,0.7938346217892303,20.999999999999993,0.0029312010835269575
26.950000000000003,-33.938858812293795,37.79091274752689,-137.5574653987834,33.03874588225516,33.040602081595004,0.7936927558137157,21.0,0.002883864195126762
27.0,-34.603017912789944,37.18354738036463,-136.54238383322283,33.03887846792229,33.0407038320646,0.793553178141444,21.0,0.002837319510291536
27.05,-35.25631294952535,36.564511359621996,-135.52729712823964,33.03900885107531,33.040803893567215,0.7934158505095539,20.999999999999996,0.002791553445433692
27.1,-35.89853881837828,35.933998922491604,-134.5122053691949,33.03913706839616,33.040902294980924,0.7932807353122229,21.0,0.002746552637802324
27.150000000000002,-36.52949388737366,35.29220791218604,-133.49710864002842,33.039263156009355,33.040999064701275,0.7931477955898742,20.999999999999996,0.002702303946620077
27.200000000000003,-37.14898006010851,34.63933971584751,-132.48200702328057,33.03938714948735,33.04109423064782,0.7930169950184194,20.999999999999996,0.002658794446972479
27.25,-37.756802838065944,33.97559920134196,-131.46690060011343,33.039509083855954,33.041187820270835,0.7928882978986778,21.0,0.002616011429097398
27.3,-38.35277138179833,33.301194652957605,-130.4517894503321,33.03962899359988,33.04127986055778,0.7927616691459392,20.999999999999993,0.0025739423948323292
27.35,-38.936698570960196,32.61633770602816,-129.4366736524055,33.03974691266829,33.041370378039936,0.7926370742796536,21.0,0.0025325750547722237
27.400000000000002,-39.508401063172165,31.921243280501226,-128.4215532834872,33.039862874480555,33.04145939879892,0.7925144794132848,20.999999999999996,0.002491897325711534
27.450000000000003,-40.06769935169727,31.216129513472893,-127.40642841943607,33.039976911931866,33.04154694847311,0.7923938512442561,20.999999999999996,0.0024518973273757183
27.5,-40.6144178219116,30.501217690709762,-126.39129913483623,33.04008905739909,33.04163305226425,0.7922751570440738,20.999999999999996,0.002412563380573829
27.55,-41.14838480655151,29.776732177179948,-125.37616550301743,33.04019934274661,33.04171773494375,0.7921583646485999,20.999999999999996,0.0023738840036457987
27.6,-41.66943263972,29.042900346614918,-124.36102759607476,33.04030779933212,33.041801020859126,0.7920434424484171,20.999999999999996,0.0023358479094781615
27.650000000000002,-42.17739770963529,28.29995251012439,-123.34588548488829,33.04041445801262,33.04188293394034,0.7919303593793714,20.999999999999996,0.002298444003656641
27.700000000000003,-42.672120510105024,27.548121843886715,-122.33073923914245,33.04051934915031,33.04196349770615,0.7918190849132145,21.0,0.002261661380913438
27.75,-43.15344569070995,26.787644315937577,-121.31558892734519,33.04062250261859,33.04204273527024,0.7917095890484447,20.999999999999996,0.002225489323137708
27.8,-43.62122210568122,26.018758612079957,-120.30043461684696,33.040723947808,33.04212066934756,0.791601842301219,20.999999999999996,0.0021899172953965262
27.85,-44.07530286145602,25.241706060938792,-119.28527637385932,33.04082371363224,33.042197322260435,0.7914958156964218,20.999999999999993,0.0021549349445137977
27.900000000000002,-44.51554536289656,24.456730558183853,-118.2701142634735,33.04092182853426,33.042272715944684,0.7913914807588753,21.0,0.0021205320959438723
27.950000000000003,-44.94181135815794,23.66407848994469,-117.25494834967853,33.04101832049215,33.04234687195563,0.7912888095046995,21.0,0.002086698750929372
28.0,-45.353966982190684,22.863998655441794,-116.23977869537936,33.041113217025256,33.04241981147416,0.7911877744327498,21.0,0.0020534250835169132
28.05,-45.751882798864386,22.05674218885828,-115.22460536241451,33.041206545200176,33.04249155531261,0.7910883485162543,21.0,0.0020207014389939104
28.1,-46.1354338416992,21.242562480476693,-114.20942841157368,33.04129833163678,33.04256212392069,0.7909905051945145,21.0,0.001988518329909539
28.150000000000002,-46.50449965319233,20.421715097105757,-113.19424790261505,33.0413886025142,33.042631537391294,0.7908942183648051,21.0,0.0019568664347957565
28.200000000000003,-46.858964322727275,19.594457701822108,-112.17906389428228,33.04147738357685,33.04269981546632,0.7907994623743164,21.0,0.0019257365941882654
28.25,-47.19871652305372,18.761049973052245,-111.16387644432146,33.041564700140384,33.042766977542215,0.7907062120123314,21.0,0.0018951198097738597
28.3,-47.52364954532688,17.92175352302018,-110.14868560949762,33.041650577097656,33.04283304267586,0.7906144425024095,20.999999999999996,0.0018650072397008444
28.35,-47.83366133269508,17.07683181558642,-109.13349144561114,33.04173503892467,33.04289802958993,0.7905241294947984,20.999999999999996,0.0018353901984369259
28.400000000000002,-48.12865451242508,16.226550083504176,-108.11829400751395,33.04181810968648,33.04296195667853,0.7904352490588948,20.999999999999996,0.0018062601522217392
28.450000000000003,-48.40853642655514,15.37117524511875,-107.10309334912532,33.04189981304305,33.04302484201261,0.7903477776758976,20.999999999999996,0.0017776087180720879
28.5,-48.67321916106605,14.510975820536387,-106.08788952344767,33.041980172255165,33.043086703345395,0.7902616922315033,20.999999999999993,0.0017494276599450131
28.55,-48.92261957356111,13.646221847288912,-105.07268258258199,33.04205921019018,33.043147558117674,0.7901769700087726,20.999999999999996,0.0017217088878851428
28.6,-49.156659319446234,12.777184795520677,-104.05747257774311,33.042136949327855,33.04320742346303,0.7900935886811027,21.0,0.0016944444546140858
28.650000000000002,-49.37526487660213,11.904137482724538,-103.04225955927463,33.042213411766085,33.04326631621308,0.7900115263053209,20.999999999999996,0.0016676265533988044
28.700000000000003,-49.5783675685406,11.02735398805362,-102.02704357666381,33.04228861922658,33.04332425290261,0.789930761314892,21.0,0.0016412475156357687
28.75,-49.765903586037865,10.147109566235871,-101.01182467855608,33.04236259306058,33.04338124977459,0.7898512725132107,20.999999999999996,0.0016152998085772197
28.8,-49.93781400723807,9.263680561118441,-99.99660291276943,33.04243535425444,33.04343732278519,0.789773039067093,20.999999999999996,0.001589776033625867
28.85,-50.09404481622058,8.377344318869108,-98.98137832630852,33.042506923435205,33.04349248760873,0.7896960405002318,21.0,0.0015646689223558496
28.900000000000002,-50.23454692002542,7.488379100862006,-97.96615096537859,33.04257732087618,33.04354675964248,0.7896202566869235,21.000000000000007,0.0015399713372232782
28.950000000000003,-50.35927616413132,6.597063996275098,-96.95092087539922,33.04264656650234,33.043600154011536,0.7895456678458004,20.999999999999996,0.0015156762661661105
29.0,-50.468193346381646,5.703678834426833,-95.93568810101777,33.04271467989585,33.04365268557346,0.7894722545337061,20.999999999999996,0.0014917768224620431
29.05,-50.561264229353796,4.808504096879585,-94.92045268612269,33.042781680301395,33.04370436892296,0.7893999976396628,21.0,0.0014682662418863401
29.1,-50.638459551168204,3.9118208293374894,-93.90521467385655,33.04284758663151,33.04375521839661,0.7893288783789387,21.0,0.0014451378808644222
29.150000000000002,-50.69975503473354,3.013910553366393,-92.88997410662898,33.042912417471875,33.04380524807715,0.7892588782872707,21.0,0.0014223852144823468
29.200000000000003,-50.745131395425254,2.115055177963667,-91.8747310261293,33.04297619108653,33.04385447179813,0.7891899792151094,20.999999999999996,0.0014000018333604203
29.25,-50.774574347194985,1.215536911005688,-90.85948547333892,33.043038925423076,33.04390290314823,0.7891221633220198,20.999999999999996,0.0013779814432268722
29.3,-50.78807460710902,0.315638170600828,-89.84423748854374,33.04310063811773,33.04395055547561,0.7890554130711536,20.999999999999996,0.0013563178617914673
29.35,-50.785627898314324,-0.5843585036241794,-88.82898711134608,33.04316134650044,33.043997441892174,0.7889897112238273,21.0,0.00133500501732442
29.400000000000002,-50.76723495143124,-1.4841705392766018,-87.81373438067659,33.043221067599845,33.04404357527772,0.7889250408342292,21.0,0.0013140369465247659
29.450000000000003,-50.73290150437241,-2.383515419960902,-86.79847933480599,33.043279818148264,33.044088968284164,0.7888613852441395,20.999999999999996,0.0012934077919624087
29.5,-50.68263830058802,-3.2821107740248596,-85.78322201135643,33.04333761458655,33.04413363333956,0.7887987280778432,20.999999999999996,0.0012731118017939025
29.55,-50.616461085737896,-4.179674463260716,-84.76796244731287,33.04339447306891,33.044177582652054,0.7887370532370355,20.999999999999996,0.001253143325925521
29.6,-50.534390602791554,-5.07592467153347,-83.75270067903418,33.0434504094677,33.04422082821396,0.7886763448959115,20.999999999999996,0.001233496816155366
29.650000000000002,-50.43645258555767,-5.970579993308451,-82.73743674226404,33.04350543937815,33.044263381805514,0.7886165874962785,20.999999999999996,0.0012141668224785462
29.700000000000003,-50.3226777506451,-6.863359522050356,-81.72217067214167,33.04355957812296,33.04430525499873,0.7885577657427731,20.999999999999996,0.00119514799266085
29.75,-50.19310178785795,-7.753982938465949,-80.70690250321242,33.04361284075695,33.04434645916124,0.7884998645981867,20.999999999999993,0.001176435070107118
29.8,-50.047765349027706,-8.6421705985627,-79.69163226943812,33.04366524207154,33.04438700545988,0.7884428692788319,20.999999999999996,0.0011580228917296154
29.85,-49.88671403528598,-9.527643621495677,-78.67636000420728,33.043716796599284,33.044426904864295,0.7883867652500527,21.0,0.0011399063870953796
29.900000000000002,-49.709998382781855,-10.410123977175077,-77.66108574034521,33.04376751861821,33.044466168150734,0.7883315382217475,20.999999999999996,0.0011220805755840502
29.950000000000003,-49.51767384684832,-11.28933457360687,-76.64580951012375,33.043817422156245,33.04450480590524,0.7882771741440493,21.0,0.0011045405661036511
30.0,-49.3098007846228,-12.164999343939094,-75.63053134527105,33.04386652099546,33.04454282852742,0.7882236592029841,20.999999999999993,0.0010872815539642033
30.05,-49.08644443612728,-13.036843333186452,-74.61525127698104,33.043914828676314,33.04458024623364,0.7881709798163428,21.0,0.0010702988213040499
30.1,-48.84767490381387,-13.904592784605946,-73.59996933592286,33.04396235850184,33.04461706906043,0.7881191226294888,20.999999999999993,0.0010535877328265997
30.150000000000002,-48.593567130582365,-14.767975225696409,-72.58468555225004,33.044009123541734,33.04465330686781,0.7880680745113366,21.0,0.0010371437370793046
30.200000000000003,-48.324200876276684,-15.6267195537949,-71.56939995560946,33.04405513663646,33.04468896934238,0.788017822550394,21.000000000000007,0.0010209623630430542
30.25,-48.03966069266751,-16.480556121243062,-70.55411257515037,33.04410041040117,33.04472406600074,0.787968354050804,20.999999999999996,0.0010050392188531987
30.3,-47.740035896929115,-17.329216820096686,-69.538823439533,33.04414495722971,33.044758606192275,0.7879196565285795,21.0,0.000989369991799549
30.35,-47.42542054361861,-18.172435166351857,-68.52353257693723,33.04418878929847,33.04479259910252,0.7878717177077945,20.999999999999996,0.0009739504444894465
30.400000000000002,-47.095913395166505,-19.009946383661195,-67.50824001507094,33.04423191857018,33.04482605375602,0.7878245255169105,20.999999999999996,0.000958776415700413
30.450000000000003,-46.75161789088784,-19.841487486513902,-66.49294578117835,33.04427435679774,33.04485897901925,0.78777806808516,20.999999999999996,0.0009438438176800901
30.5,-46.392642114523575,-20.66679736285349,-65.4776499020481,33.04431611552785,33.04489138360366,0.7877323337389655,21.000000000000007,0.0009291486350093692
30.55,-46.01909876032253,-21.485616856107182,-64.46235240402127,33.0443572061047,33.0449232760684,0.7876873109984714,20.999999999999996,0.0009146869238918498
30.6,-45.631105097674514,-22.29768884660124,-63.44705331299925,33.044397639673534,33.04495466482317,0.7876429885741203,20.999999999999993,0.0009004548098801024
30.650000000000002,-45.22878293430574,-23.10275833233665,-62.43175265445141,33.04443742718422,33.04498555813099,0.7875993553632767,20.999999999999996,0.0008864484870230172
30.700000000000003,-44.812258578048095,-23.90057250909973,-61.41645045342268,33.044476579394704,33.04501596411084,0.7875564004469382,20.999999999999996,0.0008726642168710441
30.75,-44.38166279719431,-24.690880849882568,-60.40114673454097,33.044515106874435,33.045045890740354,0.7875141130864876,21.0,0.0008590983267708907
30.8,-43.93713077945149,-25.473435183588222,-59.38584152202458,33.04455302000771,33.04507534585847,0.7874724827205242,20.999999999999996,0.0008457472090128704
30.85,-43.47880208950591,-26.24798977299607,-58.37053483968919,33.04459032899705,33.04510433716789,0.7874314989617304,20.999999999999993,0.0008326073192677086
30.900000000000002,-43.00682062521236,-27.01430139196274,-57.35522671095509,33.0446270438664,33.04513287223767,0.7873911515938303,20.999999999999996,0.0008196751758760001
30.950000000000003,-42.52133457242193,-27.77212940183435,-56.33991715885396,33.04466317446435,33.0451609585056,0.7873514305685774,21.0,0.000806947358000798
31.0,-42.02249635846229,-28.52123582704612,-55.32460620603576,33.044698730467296,33.04518860328072,0.7873123260027981,20.999999999999996,0.000794420505059179
31.05,-41.51046260428524,-29.26138542988554,-54.30929387477539,33.04473372138254,33.04521581374565,0.7872738281755076,20.999999999999996,0.0007820913155853759
31.1,-40.98539407529639,-29.99234578439561,-53.29398018697917,33.044768156551335,33.045242596958914,0.7872359275250744,21.0,0.0007699565458096913
31.150000000000002,-40.44745563088264,-30.71388734939496,-52.278665164191345,33.04480204515187,33.0452689598572,0.7871986146464209,20.999999999999996,0.0007580130086637382
31.200000000000003,-39.8968161726531,-31.425783540591876,-51.26334882760043,33.04483539620225,33.04529490925769,0.787161880288302,20.999999999999996,0.0007462575730698973
31.25,-39.33364859140991,-32.127810801769606,-50.24803119804531,33.04486821856335,33.04532045186019,0.787125715350605,20.999999999999996,0.0007346871623781226
31.3,-38.75812971286553,-32.819748675020534,-49.232712296021425,33.0449005209417,33.04534559424928,0.7870901108817421,20.999999999999996,0.0007232987539396163
31.35,-38.170440242123526,-33.50137987000722,-48.21739214168676,33.044932311892246,33.04537034289654,0.7870550580760494,21.0,0.0007120893772594172
31.400000000000002,-37.57076470694039,-34.17249033222846,-47.20207075486761,33.04496359982112,33.045394704162476,0.7870205482712436,20.999999999999996,0.0007010561138542926
31.450000000000003,-36.95929139978618,-34.83286931026903,-46.18674815506445,33.044994392988364,33.04541868429869,0.7869865729459349,20.999999999999993,0.0006901960961158693
31.5,-36.336212318722225,-35.48230942201183,-45.171424361457596,33.04502469951053,33.04544228944983,0.7869531237172183,20.999999999999996,0.000679506506173766
31.55,-35.70172310711436,-36.120606719791816,-44.156099392912694,33.045054527363334,33.04546552565555,0.7869201923382363,21.0,0.0006689845743323986
31.6,-35.05602299220079,-36.747560754471074,-43.140773267986255,33.045083884384205,33.04548839885248,0.7868877706958202,21.0,0.0006586275796394148
31.650000000000002,-34.399314722533795,-37.36297463841503,-42.125446004930964,33.04511277827479,33.04551091487603,0.7868558508082373,20.999999999999996,0.0006484328483224999
31.700000000000003,-33.73180450431497,-37.96665510734993,-41.11011762170096,33.045141216603454,33.045533079462366,0.7868244248228677,20.999999999999993,0.0006383977516577488
31.75,-33.053701936643975,-38.5584125810822,-40.09478813595701,33.045169206807664,33.04555489825015,0.7867934850139946,21.0,0.0006285197073907511
31.8,-32.36521994570116,-39.13806122306062,-39.07945756507157,33.04519675619641,33.045576376782314,0.7867630237806509,21.0,0.0006187961774628548
31.85,-31.666574717884792,-39.70541899876252,-38.064125926133784,33.045223871952544,33.045597520507876,0.7867330336444454,21.0,0.0006092246668742973
31.900000000000002,-30.957985631923773,-40.26030773288579,-37.04879323595433,33.04525056113507,33.045618334783605,0.7867035072474664,21.0,0.0005998027241105319
31.950000000000003,-30.239675189987345,-40.80255316532861,-36.03345951107026,33.04527683068139,33.04563882487569,0.7866744373502357,21.0,0.000590527939579033
32.0,-29.511868947813287,-41.33198500593935,-35.01812476774974,33.04530268740955,33.0456589959615,0.7866458168296617,21.0,0.0005813979446145368
32.050000000000004,-28.774795443876627,-41.84843698801952,-34.0027890219966,33.0453281380204,33.04567885313107,0.7866176386770576,21.000000000000007,0.0005724104114790407
32.1,-28.028686127621125,-42.35174692056283,-32.98745228955488,33.04535318909974,33.0456984013888,0.7865898959962081,20.999999999999996,0.0005635630520828272
32.15,-27.273775286776058,-42.84175673921404,-31.972114585913396,33.045377847120385,33.04571764565486,0.7865625820014372,20.999999999999996,0.0005548536169897034
32.2,-26.51029997378115,-43.318312555931584,-30.956775926310016,33.04540211844427,33.04573659076697,0.7865356900157252,20.999999999999996,0.0005462798954170012
32.25,-25.738499931342776,-43.781264707338316,-29.94143632573597,33.045426009324466,33.04575524148166,0.7865092134688823,21.0,0.0005378397142408176
32.300000000000004,-24.958617517144816,-44.23046780174525,-28.926095798940107,33.045449525907124,33.0457736024758,0.7864831458957298,21.0,0.0005295309368591461
32.35,-24.17089762773783,-44.665780764833464,-27.910754360433025,33.04547267423346,33.04579167834816,0.7864574809343168,21.0,0.0005213514630497684
32.4,-23.375587621630437,-45.087066883979894,-26.895412024491144,33.04549546024165,33.0458094736207,0.786432212324172,21.0,0.0005132992282597115
32.45,-22.57293724160712,-45.494193851213005,-25.880068805160658,33.04551788976873,33.04582699274001,0.78640733390462,20.999999999999996,0.000505372202894705
32.5,-21.7631985362968,-45.8870338047849,-24.86472471626151,33.04553996855239,33.04584424007862,0.7863828396130543,21.0,0.000497568391040204
32.550000000000004,-20.946625781016852,-46.265463369346804,-23.849379771391202,33.04556170223283,33.0458612199364,0.7863587234833247,21.0,0.0004898858313140408
32.6,-20.123475397917446,-46.6293636947153,-22.83403398392861,33.04558309635452,33.045877936541835,0.7863349796441028,20.999999999999996,0.0004823225945926879
32.65,-19.294005875451273,-46.97862049321712,-21.818687367037654,33.045604156367894,33.04589439405327,0.7863116023172907,20.999999999999996,0.0004748767844375834
32.7,-18.458477687193987,-47.313124075600776,-20.803339933670987,33.04562488763114,33.045910596560276,0.7862885858164645,20.999999999999996,0.0004675465362424802
32.75,-17.617153210040833,-47.63276938550375,-19.787991696573545,33.045645295411795,33.04592654808473,0.7862659245453401,21.0,0.00046033001652290295
32.800000000000004,-16.77029664180519,-47.93745603246444,-18.772642668286082,33.04566538488843,33.04594225258223,0.7862436129962589,21.0,0.00045322542248982245
32.85,-15.918173918244909,-48.227088323468415,-17.757292861148557,33.04568516115228,33.045957713943004,0.786221645748725,20.999999999999993,0.0004462309816233301
32.9,-15.061052629542527,-48.50157529301919,-16.741942287303598,33.04570462920876,33.04597293599337,0.7862000174679267,20.999999999999996,0.00043934495067787793
32.95,-14.199201936265549,-48.76083073172394,-15.726590958699779,33.04572379397909,33.045987922496636,0.786178722903351,21.0,0.0004325656159664959
33.0,-13.332892484833275,-49.00477321338532,-14.711238887094904,33.04574266030178,33.046002677154355,0.7861577568873699,20.999999999999993,0.00042589129151338057
33.050000000000004,-12.462396322516655,-49.23332612059071,-13.69588608405919,33.045761232934105,33.04601720360739,0.7861371143338332,21.0,0.0004193203196223294
33.1,-11.587986811997936,-49.44641766879104,-12.680532560978467,33.04577951655362,33.04603150543701,0.7861167902367683,20.999999999999996,0.00041285107073463223
33.15,-10.709938545516904,-49.64398092886147,-11.665178329057214,33.04579751575958,33.04604558616584,0.7860967796690375,20.999999999999996,0.00040648194129744297
33.2,-9.828527258630707,-49.82595384813689,-10.64982339932163,33.045815235074315,33.046059449259054,0.786077077781016,20.999999999999993,0.000400211354616431
33.25,-8.944029743614365,-49.99227926991575,-9.634467782622567,33.045832678944656,33.04607309812524,0.7860576797993488,21.0,0.0003940377604294554
33.300000000000004,-8.056723762529137,-50.14290495142584,-8.619111489638525,33.04584985174327,33.04608653611753,0.7860385810256716,20.999999999999996,0.000387959633343371
33.35,-7.166887959986097,-50.277783580246656,-7.603754530878462,33.04586675777,33.046099766534475,0.7860197768353743,20.999999999999996,0.0003819754735445713
33.4,-6.274801775632301,-50.396872789183,-6.588396916684678,33.04588340125317,33.04611279262104,0.7860012626764288,21.000000000000007,0.0003760838059463367
33.45,-5.380745356387035,-50.50013516958523,-5.573038657235531,33.04589978635088,33.046125617569515,0.7859830340681668,21.0,0.0003702831789098582
33.5,-4.484999468455732,-50.58753828311193,-4.557679762548193,33.04591591715221,33.04613824452052,0.7859650866000933,20.999999999999996,0.0003645721652389966
33.550000000000004,-3.587845409149182,-50.65905467193141,-3.5423202424813383,33.04593179767852,33.046150676563826,0.7859474159307993,21.000000000000007,0.0003589493614697403
33.6,-2.6895649185357433,-50.71466186735862,-2.5269601067376954,33.04594743188461,33.046162916739206,0.7859300177867823,20.999999999999996,0.0003534133858806854
33.65,-1.790440090954318,-50.754342396925054,-1.5115993648667139,33.045962823659934,33.046174968037434,0.7859128879613664,21.0,0.00034796288034044665
33.7,-0.8907532864158726,-50.778083789879155,-0.4962380262670605,33.04597797682976,33.046186833401,0.785896022313608,21.0,0.00034259650831813815
33.75,0.009212958078652411,-50.78587858111567,0.5191238998108889,33.04599289515628,33.04619851572509,0.7858794167672158,20.999999999999996,0.0003373129551675902
33.800000000000004,0.9091760172761866,-50.77772431353264,1.5344864042626056,33.04600758233977,33.046210017858265,0.7858630673095277,20.999999999999996,0.00033211092784313223
33.85,1.808853266437254,-50.75362353881532,2.5498494781270424,33.04602204201966,33.04622134260328,0.7858469699904589,21.0,0.0003269891537627245
33.9,2.707962170101691,-50.71358381664677,3.5652131125841904,33.046036277775634,33.04623249271804,0.7858311209215003,20.999999999999996,0.0003219463813763923
33.95,3.6062203708264735,-50.657617712345356,4.580577298952865,33.046050293128665,33.046243470916096,0.7858155162747167,20.999999999999996,0.00031698137917146596
34.0,4.503345777867779,-50.58574279292994,5.5959420286883415,33.04606409154205,33.04625427986769,0.785800152281773,21.0,0.000312092935672581
34.050000000000004,5.399056655779421,-50.497981621613945,6.611307293380164,33.04607767642245,33.04626492220033,0.7857850252329541,21.0,0.00030727985887324394
34.1,6.293071712899832,-50.394361750730084,7.626673084749959,33.04609105112087,33.046275400499525,0.7857701314762693,21.0,0.00030254097637794075
34.15,7.185110189699788,-50.27491571308792,8.642039394649222,33.046104218933635,33.046285717309544,0.7857554674164788,21.0,0.0002978751336968344
34.2,8.074891946963133,-50.13968101176702,9.657406215057309,33.04611718310335,33.046295875134135,0.7857410295141776,20.999999999999996,0.00029328119580895873
34.25,8.962137553772791,-49.98870010834887,10.672773538079214,33.04612994681983,33.046305876437145,0.7857268142849705,21.0,0.00028875804602535027
34.300000000000004,9.846568375274442,-49.8220204095913,11.688141355943623,33.04614251322106,33.0463157236433,0.7857128182984852,20.999999999999996,0.00028430458414163695
34.35,10.727906660190273,-49.639694252549525,12.703509661000869,33.04615488539408,33.04632541913876,0.7856990381775972,21.000000000000007,0.0002799197297065348
34.4,11.605875628055333,-49.44177888814857,13.718878445720977,33.046167066375844,33.046334965271825,0.7856854705975422,21.0,0.0002756024177585914
34.45,12.480199556149078,-49.22833646321219,14.734247702691675,33.04617905915413,33.04634436435361,0.7856721122850772,21.000000000000007,0.00027135160109992285
34.5,13.350603866094803,-48.9994340009539,15.749617424616543,33.046190866668375,33.04635361865857,0.7856589600176633,20.999999999999996,0.0002671662493014537
34.550000000000004,14.21681521009975,-48.75514337993634,16.7649876043131,33.04620249181053,33.046362730425244,0.7856460106226706,20.999999999999993,0.00026304534827659154
34.6,15.078561556808816,-48.49554131150549,17.780358234710995,33.04621393742587,33.04637170185673,0.7856332609765602,21.000000000000007,0.0002589878998549011
34.65,15.935572276744882,-48.22070931570685,18.795729308850163,33.046225206313785,33.046380535121415,0.7856207080041244,21.000000000000007,0.00025499292220843017
34.7,16.787578227308924,-47.930733695691195,19.811100819879073,33.04623630122862,33.04638923235341,0.7856083486777194,21.000000000000007,0.000251059448714841
34.75,17.634311837313216,-47.62570551061792,20.826472761052994,33.04624722488039,33.04639779565323,0.7855961800165048,21.0,0.0002471865280995189
34.800000000000004,18.47550719102106,-47.30572054706442,21.84184512573222,33.04625797993559,33.046406227088305,0.7855841990857044,21.0,0.00024337322429346386
34.85,19.31090011166664,-46.970879288950606,22.857217907380463,33.04626856901793,33.04641452869359,0.785572402995868,20.999999999999996,0.00023961861600696466
34.9,20.14022824442881,-46.62128688598793,23.8725910995631,33.04627899470905,33.04642270247197,0.7855607889021741,21.0,0.000235921796729599
34.95,20.96323113883265,-46.25705312066283,24.887964695945612,33.04628925954926,33.04643075039498,0.785549354003706,21.0,0.00023228187387758226
35.0,21.779650330553064,-45.87829237376503,25.903338690291974,33.04629936603824,33.04643867440317,0.7855380955427762,21.0,0.00022869796936220155
35.050000000000004,22.58922942259455,-45.48512358847138,26.91871307646306,33.046309316635735,33.04644647640669,0.7855270108042376,20.999999999999996,0.000225169218595056
35.1,23.39171416582177,-45.077670232996745,27.93408784841512,33.04631911376223,33.046454158285734,0.7855160971148152,20.999999999999996,0.00022169477077227384
35.15,24.186852538815582,-44.65606026182344,28.949463000198207,33.04632875979962,33.046461721891134,0.7855053518424313,20.999999999999996,0.00021827378844818668
35.2,24.97439482702943,-44.22042607552156,29.964838525954754,33.046338257091875,33.04646916904475,0.7854947723956016,20.999999999999996,0.00021490544767743813
35.25,25.754093701221247,-43.77090447917272,30.980214419918013,33.046347607945656,33.04647650153995,0.78548435622276,21.0,0.00021158893659389832
35.300000000000004,26.525704295136276,-43.30763663941035,31.995590676410714,33.04635681463097,33.04648372114218,0.7854741008116264,20.999999999999996,0.00020832345683174935
35.35,27.2889842824163,-42.83076804008994,33.010967289843556,33.04636587938176,33.04649082958927,0.7854640036886309,21.0,0.00020510822267283402
35.4,28.04369395271125,-42.34044843660331,34.0263442547139,33.046374804396585,33.04649782859197,0.7854540624182818,20.999999999999996,0.00020194245990978743
35.45,28.78959628696919,-41.83683180885105,35.04172156560424,33.04638359183912,33.04650471983444,0.7854442746025541,21.0,0.0001988254069829054
35.5,29.526457031881073,-41.32007631288811,36.05709921718105,33.046392243838774,33.04651150497455,0.7854346378803427,21.0,0.0001957563145538188
35.550000000000004,30.254044773456894,-40.7903442312576,37.0724772041933,33.04640076249133,33.04651818564444,0.7854251499268656,20.999999999999996,0.00019273444422651664
35.6,30.972131009710075,-40.24780192202841,38.08785552147124,33.046409149859414,33.04652476345082,0.7854158084531022,21.0,0.00018975906954210586
35.65,31.68049022242732,-39.69261976655274,39.10323416392505,33.04641740797309,33.0465312399755,0.7854066112052109,21.0,0.00018682947526826865
35.7,32.37889994800135,-39.12497211595986,40.11861312654364,33.0464255388304,33.04653761677567,0.7853975559640389,21.0,0.00018394495782558806
35.75,33.067140847304266,-38.54503723640293,41.1339924043934,33.04643354439792,33.046543895384424,0.7853886405445039,20.999999999999993,0.0001811048234401369
35.800000000000004,33.74499677457968,-37.95299725307615,42.14937199261693,33.046441426611246,33.046550077311025,0.7853798627951463,20.999999999999996,0.00017830839070143156
35.85,34.412254845331816,-37.34903809301966,43.16475188643183,33.046449187375515,33.04655616404139,0.7853712205975398,20.999999999999996,0.00017555498715182694
35.9,35.06870550319039,-36.7333494267304,44.18013208112965,33.04645682856593,33.04656215703844,0.7853627118658082,21.0,0.0001728439521286873
35.95,35.71414258573023,-36.106124608597014,45.19551257207457,33.04646435202825,33.0465680577424,0.7853543345461418,21.0,0.00017017463463275817
36.0,36.34836338922496,-35.46756061617769,46.21089335470235,33.04647175957926,33.04657386757123,0.7853460866162436,21.0,0.00016754639332816623
36.050000000000004,36.971168732314354,-34.817857988339924,47.226274424519204,33.04647905300726,33.04657958792095,0.7853379660849029,21.0,0.00016495859796350487
36.1,37.58236301856549,-34.15722076228165,48.241655777100654,33.046486234072525,33.04658522016611,0.7853299709914623,21.0,0.0001624106268138803
36.15,38.1817542979079,-33.485856409453575,49.25703740809046,33.04649330450778,33.04659076565986,0.78532209940537,20.999999999999996,0.00015990186881253976
36.2,38.76915432692357,-32.80397577040273,50.27241931319955,33.04650026601865,33.04659622573461,0.7853143494257182,20.999999999999996,0.00015743172184556897
36.25,39.34437862797271,-32.11179298855784,51.28780148820501,33.04650712028407,33.04660160170212,0.7853067191807739,21.0,0.00015499959303610922
36.300000000000004,39.90724654713684,-31.40952544297721,52.303183928949025,33.04651386895679,33.046606894853966,0.7852992068275384,21.0,0.0001526048988864659
36.35,40.45758131096093,-30.697393680080282,53.31856663133778,33.04652051366373,33.046612106461794,0.7852918105512927,21.0,0.0001502470647096743
36.4,40.99521008197677,-29.975621344384326,54.33394959134058,33.046527056006454,33.04661723777767,0.7852845285651568,21.0,0.0001479255249137168
36.45,41.51996401299019,-29.244435108267993,55.34933280498885,33.04653349756154,33.046622290034335,0.7852773591096778,21.000000000000007,0.00014563972271730563
36.5,42.03167830011496,-28.504064600783813,56.364716268375076,33.04653983988103,33.046627264445604,0.785270300452396,20.999999999999996,0.0001433891095814488
36.550000000000004,42.530192234536905,-27.75474233554198,57.38009997765198,33.04654608449278,33.04663216220657,0.7852633508874263,20.999999999999996,0.00014117314563577565
36.6,43.01534925299173,-26.99670363768809,58.39548392903148,33.04655223290091,33.046636984493965,0.7852565087350669,20.999999999999993,0.00013899129939431987
36.65,43.48699698694093,-26.230186569997755,59.41086811878378,33.04655828658613,33.04664173246641,0.7852497723413805,20.999999999999996,0.00013684304718708518
36.7,43.944987310430164,-25.455431858111325,60.42625254323655,33.046564247006145,33.04664640726471,0.7852431400777817,20.999999999999996,0.0001347278737284796
36.75,44.38917638661521,-24.672682814932177,61.44163719877396,33.04657011559604,33.046651010012134,0.7852366103406752,21.0,0.00013264527197520692
36.800000000000004,44.819424712940766,-23.882185264212342,62.45702208183574,33.046575893768626,33.04665554181475,0.7852301815510785,21.0,0.0001305947421315068
36.85,45.23559716495796,-23.08418746334946,63.4724071889165,33.046581582914776,33.04666000376156,0.7852238521542105,20.999999999999996,0.00012857579193337187
36.9,45.63756303876681,-22.278940025419296,64.48779251656471,33.04658718440383,33.04666439692491,0.7852176206191359,20.999999999999996,0.00012658793735909057
36.95,46.025196092070296,-21.466695840468358,65.50317806138194,33.046592699583904,33.046668722360636,0.7852114854384027,20.999999999999993,0.00012463070149237865
37.0,46.39837458382716,-20.64770999609126,66.51856382002208,33.04659812978225,33.0466729811084,0.7852054451276729,20.999999999999996,0.00012270361466448776
37.050000000000004,46.75698131249096,-19.822239697317855,67.53394978919036,33.04660347630555,33.04667717419193,0.7851994982253885,21.0,0.00012080621459631402
37.1,47.10090365282332,-18.99054418583525,68.54933596564277,33.04660874044029,33.0466813026192,0.7851936432923949,21.0,0.00011893804568785526
37.15,47.43003359127,-18.152884658570095,69.5647223461851,33.04661392345307,33.04668536738281,0.7851878789116071,21.0,0.00011709865987086232
37.2,47.74426775988842,-17.30952418565671,70.58010892767228,33.04661902659091,33.0466893694601,0.7851822036876754,21.0,0.00011528761575618773
37.25,48.043507468816166,-16.460727627816823,71.59549570700763,33.046624051081565,33.04669330981342,0.7851766162466589,20.999999999999996,0.00011350447863378577
37.300000000000004,48.327658737270205,-15.606761553176876,72.61088268114203,33.04662899813385,33.046697189390365,0.7851711152356842,20.999999999999993,0.00011174882033060385
37.35,48.59663232306711,-14.747894153548996,73.62626984707319,33.04663386893788,33.04670100912406,0.7851656993226328,20.999999999999996,0.00011002021949479968
37.4,48.850343750654964,-13.884395160201967,74.64165720184502,33.046638664665466,33.04670476993331,0.7851603671957932,21.0,0.00010831826102730702
37.45,49.088713337648215,-13.016535759148624,75.65704474254684,33.046643386470315,33.04670847272287,0.7851551175636047,20.999999999999996,0.00010664253679237845
37.5,49.31166621985709,-12.144588505976303,76.67243246631269,33.04664803548835,33.04671211838361,0.7851499491542953,20.999999999999996,0.00010499264377017425
37.550000000000004,49.51913237480373,-11.268827240247077,77.68782037032061,33.04665261283802,33.04671570779278,0.7851448607156186,21.0,0.00010336818618839061
37.6,49.71104664371767,-10.389526999494677,78.7032084517921,33.0466571196205,33.04671924181422,0.7851398510145202,20.999999999999996,0.00010176877353273994
37.65,49.88734875200372,-9.506963932845105,79.71859670799124,33.04666155692004,33.046722721298536,0.7851349188368744,20.999999999999996,0.0001001940219680364
37.7,50.04798332817583,-8.62141521428807,80.73398513622419,33.04666592580422,33.04672614708333,0.7851300629871787,21.0,9.864355291711036e-05
37.75,50.1928999212511,-7.733158955626496,81.74937373383854,33.04667022732416,33.04672951999335,0.7851252822882628,21.0,9.711699391345974e-05
37.800000000000004,50.32205301659821,-6.8424741191314205,82.76476249822264,33.046674462514815,33.04673284084075,0.7851205755810398,21.0,9.561397831703289e-05
37.85,50.43540205023563,-5.949640429929751,83.78015142680484,33.04667863239524,33.04673611042529,0.7851159417241789,21.0,9.413414446157731e-05
37.9,50.53291142157482,-5.054938288152368,84.79554051705314,33.046682737968816,33.04673932953447,0.7851113795938787,21.000000000000007,9.267713721783366e-05
37.95,50.61455050460462,-4.158648680870183,85.81092976647439,33.0466867802235,33.04674249894372,0.7851068880835896,20.999999999999993,9.124260600401612e-05
38.0,50.68029365751321,-3.261053093845805,86.82631917261365,33.04669076013209,33.0467456194167,0.78510246610373,20.999999999999996,8.983020578057221e-05
38.050000000000004,50.73012023074466,-2.362433423128537,87.84170873305385,33.04669467865242,33.046748691705304,0.7850981125814442,20.999999999999996,8.843959719229133e-05
38.1,50.764014573487536,-1.463071886520467,88.85709844541495,33.046698536727625,33.04675171654998,0.7850938264603542,21.0,8.707044571565348e-05
38.15,50.78196603859352,-0.5632509349414604,89.87248830735356,33.04670233528636,33.046754694679784,0.7850896067002893,21.0,8.572242180093781e-05
38.2,50.78396898592446,0.3367468362791074,90.88787831656218,33.04670607524304,33.04675762681275,0.7850854522770447,21.0,8.439520129854827e-05
38.25,50.77002278412692,1.2366387761560143,91.90326847076884,33.04670975749802,33.04676051365584,0.7850813621821402,20.999999999999996,8.308846489057942e-05
38.300000000000004,50.740131810833525,2.1361422668193764,92.91865876773649,33.04671338293787,33.046763355905185,0.7850773354225851,21.0,8.18018980908164e-05
38.35,50.69430545129109,3.034974812275474,93.93404920526238,33.04671695243553,33.0467661542464,0.7850733710206299,20.999999999999996,8.053519110262641e-05
38.400000000000006,50.632558095416066,3.932854127129337,94.94943978117766,33.046720466850594,33.04676890935449,0.785069468013539,21.0,7.928803910317583e-05
38.45,50.55490913327803,4.8294982252412275,95.96483049334678,33.04672392702945,33.04677162189423,0.7850656254533845,20.999999999999996,7.806014181710452e-05
38.5,50.46138294901284,5.724625508289171,96.98022133966701,33.0467273338055,33.04677429252017,0.7850618424067548,21.000000000000007,7.685120309020022e-05
38.550000000000004,50.35200891316721,6.617954854209723,97.99561231806796,33.04673068799941,33.046776921876884,0.7850581179546197,21.0,7.566093259470108e-05
38.6,50.22682137347723,7.509205705489187,99.01100342651098,33.04673399041923,33.046779510599116,0.785054451192039,21.0,7.448904270290768e-05
38.650000000000006,50.085859644083605,8.398098157277568,100.02639466298884,33.04673724186065,33.046782059311866,0.7850508412279851,21.0,7.333525161357102e-05
38.7,49.92916799318714,9.284353045297568,101.04178602552511,33.04674044310717,33.04678456863058,0.7850472871851295,20.999999999999996,7.219928107815576e-05
38.75,49.756795629148236,10.167692033521023,102.05717751217375,33.04674359493027,33.046787039161316,0.7850437881996086,21.000000000000007,7.108085711138301e-05
38.800000000000004,49.56879668503478,11.047837701585252,103.07256912101863,33.04674669808963,33.04678947150086,0.785040343420853,20.999999999999993,6.997971041755591e-05
38.85,49.365230201623376,11.924513631921835,104.08796085017302,33.04674975333329,33.04679186623691,0.7850369520113532,20.999999999999996,6.889557511158273e-05
38.900000000000006,49.14616010885911,12.797444496570494,105.1033526977793,33.04675276139783,33.04679422394809,0.7850336131464672,20.999999999999993,6.782818999795381e-05
38.95,48.911655205779795,13.666356143650773,106.11874466200827,33.04675572300856,33.04679654520428,0.785030326014251,20.999999999999996,6.677729771809027e-05
39.0,48.66178913891097,14.530975683464385,107.13413674105898,33.04675863887968,33.04679883056657,0.7850270898152303,20.999999999999996,6.574264432401833e-05
39.050000000000004,48.39664037913834,15.391031574201165,108.14952893315805,33.046761509714464,33.04680108058754,0.7850239037622302,20.999999999999993,6.472398041523775e-05
39.1,48.11629219706511,16.246253707221722,109.16492123655951,33.04676433620539,33.04680329581125,0.7850207670801694,20.999999999999996,6.37210600018534e-05
39.150000000000006,47.82083263686176,17.096373491890002,110.18031364954408,33.046767119034385,33.04680547677345,0.7850176790059038,20.999999999999996,6.273364121511804e-05
39.2,47.510354488616635,17.941123939929113,111.19570617041907,33.04676985887289,33.046807624001715,0.7850146387880059,21.0,6.176148531267245e-05
39.25,47.18495525919591,18.780239749273925,112.21109879751768,33.04677255638209,33.046809738015575,0.7850116456866445,20.999999999999996,6.080435795752237e-05
39.300000000000004,46.84473714162213,19.613457387394096,113.22649152919882,33.046775212213056,33.0468118193266,0.7850086989733214,20.999999999999996,5.9862027228518855e-05
39.35,46.489806982981015,20.44051517406138,114.24188436384664,33.04677782700688,33.046813868438484,0.7850057979307934,21.0,5.8934266462529195e-05
39.400000000000006,46.12027625086644,21.2611533635352,115.25727729987013,33.04678040139485,33.04681588584729,0.7850029418528166,20.999999999999996,5.80208505596147e-05
39.45,45.73626099837432,22.075114226140656,116.27267033570278,33.04678293599859,33.04681787204141,0.7850001300440468,20.999999999999996,5.712155953574438e-05
39.5,45.337881827656254,22.8821421292134,117.28806346980211,33.04678543143023,33.04681982750185,0.7849973618198192,21.0,5.623617539640691e-05
39.550000000000004,44.925263852044445,23.681983617385907,118.30345670064942,33.04678788829249,33.04682175270221,0.7849946365060276,21.0,5.5364484552455906e-05
39.6,44.49853665675976,24.474387492189955,119.31885002674942,33.046790307178895,33.04682364810883,0.7849919534389258,20.999999999999996,5.450627583059031e-05
39.650000000000006,44.057834258215316,25.259104890950283,120.33424344662978,33.0467926886739,33.04682551418091,0.7849893119650062,21.000000000000007,5.3661342036548376e-05
39.7,43.60329506192829,26.035889364944676,121.34963695884088,33.046795033352964,33.04682735137063,0.7849867114408084,21.000000000000007,5.2829478391913653e-05
39.75,43.13506181905328,26.804496956805924,122.36503056195528,33.0467973417828,33.04682916012331,0.7849841512327913,21.000000000000007,5.201048395520047e-05
39.800000000000004,42.65328158155075,27.56468627714133,123.38042425456763,33.04679961452141,33.04683094087732,0.7849816307171693,20.999999999999996,5.1204160342877e-05
39.85,42.15810565600479,28.316218580345726,124.39581803529428,33.04680185211826,33.04683269406442,0.7849791492797564,21.0,5.041031243990801e-05
39.900000000000006,41.64968955610452,29.05885783958415,125.41121190277268,33.046804055114414,33.04683442010973,0.7849767063158453,20.999999999999993,4.9628748257646293e-05
39.95,41.128192953804195,29.792370820920688,126.42660585566138,33.04680622404265,33.04683611943187,0.7849743012300365,20.999999999999993,4.885927822328995e-05
40.0,40.593779629177305,30.516527156570138,127.44199989263957,33.046808359427594,33.04683779244304,0.784971933436104,20.999999999999996,4.8101716174642206e-05
40.050000000000004,40.046617418980425,31.23109941724954,128.45739401240678,33.04681046178584,33.0468394395491,0.7849696023568669,21.0,4.7355878649568695e-05
40.1,39.48687816394295,31.93586318360681,129.47278821368255,33.046812531626074,33.04684106114971,0.7849673074240258,21.0,4.662158474388889e-05
40.150000000000006,38.91473765479927,32.63059711670409,130.48818249520622,33.04681456944919,33.04684265763842,0.7849650480780497,20.999999999999996,4.589865682191885e-05
40.2,38.330375577080424,33.31508302753361,131.50357685573644,33.04681657574842,33.046844229402716,0.7849628237680335,20.999999999999996,4.518691952171139e-05
40.25,37.73397545468242,33.9891059455443,132.518971294051,33.046818551009444,33.04684577682417,0.7849606339515702,21.0,4.4486200323490266e-05
40.300000000000004,37.12572459222907,34.6524541861576,133.53436580894663,33.0468204957105,33.046847300278486,0.7849584780946088,20.999999999999996,4.379632926543309e-05
40.35,36.505814016247356,35.3049194172512,134.5497603992385,33.0468224103225,33.04684880013562,0.7849563556713406,20.999999999999993,4.31171392278884e-05
40.400000000000006,35.87443841517391,35.946296724589985,135.56515506375996,33.04682429530915,33.04685027675988,0.7849542661640498,21.000000000000007,4.244846536494151e-05
40.45,35.23179607821134,36.57638467618347,136.58054980136254,33.04682615112706,33.04685173050992,0.784952209063043,21.0,4.1790145814957214e-05
40.5,34.57808883305361,37.19498538554962,137.59594461091538,33.046827978225835,33.046853161738944,0.7849501838664494,20.999999999999996,4.114202013738577e-05
40.550000000000004,33.9135219825002,37.801904573865095,138.61133949130502,33.0468297770482,33.04685457079469,0.784948190080172,20.999999999999996,4.050393187071677e-05
40.6,33.23830423997866,38.39695163098252,139.6267344414351,33.04683154803009,33.04685595801966,0.7849462272177163,20.999999999999996,3.9875725548199625e-05
40.650000000000006,32.55264766399612,38.979939675295526,140.64212946022636,33.04683329160078,33.046857323751,0.7849442948001126,21.0,3.9257249113688886e-05
40.7,31.856767591540116,39.55068561243273,141.657524546616,33.04683500818293,33.04685866832072,0.7849423923557666,20.999999999999993,3.8648352074233117e-05
40.75,31.150882570449763,40.10901019276237,142.6729196995577,33.04683669819278,33.04685999205571,0.7849405194203882,21.0,3.8048886921160374e-05
40.800000000000004,30.435214290778468,40.65473806768936,143.68831491802123,33.046838362040134,33.04686129527791,0.7849386755368286,21.000000000000007,3.7458707566884186e-05
40.85,29.709987515169768,41.18769784472718,144.70371020099225,33.04684000012854,33.04686257830422,0.7849368602550086,20.999999999999996,3.6877671192314665e-05
40.900000000000006,28.97543000826815,41.70772214132733,145.71910554747217,33.046841612855374,33.04686384144672,0.7849350731317983,21.0,3.6305636399447394e-05
40.95,28.23177246518701,42.21464763744932,146.73450095647763,33.046843200611896,33.04686508501273,0.7849333137309173,20.999999999999993,3.574246420612326e-05
41.0,27.479248439056235,42.708315126854814,147.74989642704062,33.04684476378339,33.04686630930476,0.7849315816228142,21.0,3.5188017619702805e-05
41.050000000000004,26.71809426767216,43.18856956710979,148.76529195820788,33.0468463027492,33.046867514620814,0.7849298763845667,20.999999999999996,3.464216206339188e-05
41.1,25.94854899927293,43.65526012827892,149.78068754904103,33.046847817882885,33.04686870125416,0.7849281975997968,20.999999999999996,3.410476494991599e-05
41.150000000000006,25.170854317462588,44.10824024029699,150.79608319861606,33.046849309552265,33.04686986949364,0.7849265448585641,21.000000000000007,3.357569539730321e-05
41.2,24.38525446530745,44.54736763900246,151.8114789060233,33.0468507781195,33.04687101962364,0.7849249177572446,21.0,3.3054824655209813e-05
41.25,23.591996168628647,44.972504410818594,152.82687467036706,33.04685222394123,33.04687215192422,0.7849233158984532,21.0,3.254202638913739e-05
41.300000000000004,22.791328558514866,45.38351703606834,153.84227049076546,33.046853647368586,33.04687326667105,0.7849217388909722,21.0,3.203717582778154e-05
41.35,21.983503093079683,45.78027643090913,154.8576663663503,33.04685504874733,33.04687436413563,0.7849201863495949,20.999999999999996,3.154014962092333e-05
41.400000000000006,21.168773478488024,46.16265798787459,155.87306229626677,33.046856428417925,33.04687544458524,0.7849186578950764,20.999999999999996,3.1050827544731874e-05
41.45,20.347395589276584,46.53054161501034,156.88845827967316,33.04685778671559,33.0468765082831,0.784917153154062,21.0,3.056909037013611e-05
41.5,19.5196273879932,46.88381177359166,157.90385431574097,33.04685912397041,33.04687755548831,0.784915671758931,21.0,3.0094820289150448e-05
41.550000000000004,18.685728844180446,47.22235751441108,158.9192504036543,33.0468604405074,33.046878586456025,0.7849142133477827,21.0,2.9627902620177338e-05
41.6,17.845961852728877,47.546072512624605,159.93464654260993,33.04686173664659,33.04687960143747,0.7849127775642728,21.0,2.916822296583632e-05
41.650000000000006,17.000590151625577,47.854855101145574,160.950042731817,33.04686301270308,33.04688060068002,0.7849113640576064,21.0,2.8715670197243526e-05
41.7,16.14987923912382,48.14860830257566,161.96543897049693,33.04686426898714,33.046881584427226,0.7849099724823816,21.0,2.8270133327623626e-05
41.75,15.294096290359889,48.427239859663,162.98083525788314,33.04686550580429,33.04688255291888,0.784908602498561,21.0,2.7831504496589332e-05
41.800000000000004,14.433510073443232,48.69066226427786,163.99623159322093,33.04686672345533,33.046883506391055,0.7849072537713653,20.999999999999996,2.7399676412187546e-05
41.85,13.568390865046286,48.93879278489683,165.01162797576723,33.04686792223646,33.04688444507626,0.7849059259711737,20.999999999999993,2.6974543914093374e-05
41.900000000000006,12.699010365520516,49.171553492586774,166.02702440479035,33.046869102439295,33.0468853692034,0.7849046187734814,20.999999999999993,2.6556003831501585e-05
41.95,11.825641613565297,49.38887128548046,167.04242087957013,33.04687026435102,33.04688627899779,0.784903331858807,21.0,2.6143953846258228e-05
42.0,10.948558900476463,49.590677911736215,168.05781739939738,33.04687140825436,33.04688717468134,0.7849020649126075,21.0,2.5738293487620467e-05
42.050000000000004,10.068037684001434,49.77690999097428,169.0732139635739,33.04687253442771,33.04688805647255,0.7849008176251928,21.0,2.5338923990148032e-05
42.1,9.184354501827995,49.94750903418328,170.08861057141226,33.046873643145204,33.046888924586504,0.7848995896916975,21.0,2.4945748293703218e-05
42.150000000000006,8.297786884733886,50.10242146209038,171.1040072222357,33.04687473467673,33.04688977923501,0.7848983808119527,21.0,2.455866990658251e-05
42.2,7.408613269424484,50.24159862198958,172.1194039153781,33.04687580928803,33.04689062062652,0.7848971906904438,20.999999999999993,2.4177594895036236e-05
42.25,6.517112911085947,50.364996803022606,173.13480065018325,33.04687686724078,33.0468914489664,0.7848960190362178,20.999999999999996,2.3802430177966016e-05
42.300000000000004,5.623565795681295,50.472577249907836,174.15019742600538,33.04687790879262,33.046892264456815,0.7848948655628405,21.0,2.3433084521684577e-05
42.35,4.728252552016966,50.5643061751128,175.16559424220858,33.0468789341972,33.046893067296786,0.7848937299883048,21.0,2.306946754515593e-05
42.400000000000006,3.8314543636074596,50.64015476946647,176.18099109816688,33.04687994370432,33.04689385768221,0.7848926120349731,21.0,2.27114907147552e-05
42.45,2.933452880365761,50.70009921120805,177.19638799326387,33.046880937559884,33.04689463580609,0.7848915114295067,21.0,2.2359066633725888e-05
42.5,2.0345301301472682,50.744120673469325,178.21178492689282,33.04688191600604,33.04689540185836,0.784890427902809,20.999999999999993,2.2012109326396967e-05
42.550000000000004,1.1349684301750127,50.77220533018836,179.22718189845622,33.046882879281206,33.046896156026015,0.7848893611899257,20.999999999999996,2.1670533953965787e-05
42.6,0.2350502983739886,50.78434436045255,-179.75742109263402,33.04688382762013,33.04689689849319,0.7848883110300306,20.999999999999996,2.133425766714936e-05
42.650000000000006,-0.6649416353575641,50.78053395126973,-178.74202404695703,33.04688476125392,33.04689762944124,0.7848872771663267,21.000000000000007,2.1003197900881787e-05
42.7,-1.5647247179120523,50.76077529876651,-177.72662696508297,33.046885680410156,33.04689834904863,0.7848862593459884,20.999999999999996,2.0677274079616836e-05
42.75,-2.464016361743722,50.72507460781335,-176.71122984757307,33.046886585312905,33.04689905749109,0.784885257320127,20.999999999999996,2.035640676467665e-05
42.800000000000004,-3.3625341336192704,50.6734430900766,-175.69583269497997,33.046887476182775,33.04689975494168,0.7848842708436905,20.999999999999996,2.0040517227926102e-05
42.85,-4.259995843320002,50.60589696049808,-174.68043550784773,33.04688835323698,33.04690044157074,0.7848832996754282,20.999999999999996,1.9729528730749735e-05
42.900000000000006,-5.156119632267676,50.52245743220323,-173.665038286712,33.046889216689394,33.046901117545985,0.7848823435778343,20.999999999999996,1.942336524507482e-05
42.95,-6.050624062046196,50.42315070983961,-172.64964103210005,33.04689006675058,33.046901783032574,0.7848814023170831,20.999999999999996,1.9121951879697008e-05
43.0,-6.943228202791363,50.308007981347615,-171.6342437445311,33.04689090362787,33.04690243819305,0.784880475662959,21.000000000000007,1.8825215022388875e-05
43.050000000000004,-7.83365172142091,50.17706540816618,-170.61884642451633,33.04689172752538,33.04690308318753,0.7848795633888201,21.0,1.8533082482008467e-05
43.1,-8.721614969677121,50.03036411387646,-169.60344907255893,33.0468925386441,33.046903718173596,0.7848786652715489,21.0,1.8245482777956568e-05
43.150000000000006,-9.606839071954374,49.86795017128706,-168.58805168915433,33.04689333718192,33.04690434330639,0.784877781091474,21.000000000000007,1.796234542439379e-05
43.2,-10.489046012884032,49.68987458796489,-167.5726542747903,33.046894123333665,33.046904958738715,0.7848769106323346,21.000000000000007,1.768360149867476e-05
43.25,-11.367958724649174,49.49619329021613,-166.55725682994705,33.046894897291175,33.046905564620936,0.7848760536812094,21.000000000000007,1.7409182788696853e-05
43.300000000000004,-12.243301174001735,49.28696710552248,-165.54185935509736,33.0468956592433,33.04690616110117,0.7848752100284955,21.0,1.7139022503442902e-05
43.35,-13.11479844895473,49.06226174343803,-164.52646185070668,33.046896409376004,33.04690674832515,0.7848743794678299,20.999999999999996,1.687305427822139e-05
43.400000000000006,-13.982176845122348,48.822147774952874,-163.51106431723323,33.04689714787237,33.04690732643646,0.7848735617960472,20.999999999999996,1.661121331153481e-05
43.45,-14.845163951680775,48.5667006103299,-162.49566675512816,33.04689787491266,33.0469078955764,0.7848727568131366,20.999999999999996,1.6353435654536952e-05
43.5,-15.703488736922763,48.29600047542175,-161.48026916483562,33.04689859067436,33.04690845588411,0.7848719643221926,21.0,1.6099658211032875e-05
43.550000000000004,-16.556881633379085,48.010132386475306,-160.46487154679292,33.046899295332196,33.04690900749653,0.7848711841293436,21.0,1.5849818879587474e-05
43.6,-17.405074622480107,47.70918612343176,-159.4494739014305,33.04689998905822,33.04690955054857,0.784870416043745,20.999999999999996,1.5603856979851116e-05
43.650000000000006,-18.24780131873094,47.393256201730516,-158.43407622917226,33.04690067202181,33.046910085172975,0.7848696598775007,20.999999999999996,1.5361711973582715e-05
43.7,-19.08479705337368,47.06244184262581,-157.41867853043536,33.04690134438976,33.04691061150045,0.7848689154456423,21.0,1.5123324885735201e-05
43.75,-19.915798957510507,46.716846942025455,-156.4032808056307,33.04690200632624,33.0469111296597,0.7848681825660506,21.000000000000007,1.4888637167587149e-05
43.800000000000004,-20.7405460446615,46.356580037861406,-155.38788305516263,33.04690265799291,33.04691163977745,0.7848674610594415,20.999999999999996,1.465759183361115e-05
43.85,-21.558779292731273,45.98175427600239,-154.37248527942936,33.04690329954895,33.046912141978396,0.784866750749309,21.0,1.4430132182496891e-05
43.900000000000006,-22.370241725358653,45.59248737471941,-153.35708747882285,33.04690393115106,33.0469126363854,0.7848660514618899,20.999999999999996,1.4206202649802435e-05
43.95,-23.17467849262389,45.188901587715144,-152.34168965372905,33.046904552953514,33.046913123119346,0.7848653630261069,21.0,1.3985748381628582e-05
44.0,-23.971836951088015,44.77112366572895,-151.32629180452787,33.046905165108214,33.046913602299284,0.7848646852735399,20.999999999999996,1.3768715660944508e-05
44.050000000000004,-24.761466743139227,44.33928481672951,-150.31089393159334,33.04690576776473,33.046914074042405,0.7848640180383839,20.999999999999996,1.3555051339153579e-05
44.1,-25.543319875621403,43.8935206647076,-149.29549603529372,33.04690636107027,33.04691453846407,0.784863361157413,21.000000000000007,1.3344703120310442e-05
44.150000000000006,-26.317150797719997,43.43397120708194,-148.28009811599156,33.04690694516983,33.0469149956779,0.7848627144699236,21.0,1.313761941901248e-05
44.2,-27.0827164780809,42.960780770731475,-147.26470017404378,33.04690752020612,33.04691544579572,0.7848620778176993,21.000000000000007,1.2933749786725457e-05
44.25,-27.839776481138045,42.47409796666797,-146.24930220980173,33.04690808631966,33.04691588892762,0.7848614510449892,21.000000000000007,1.2733044485457867e-05
44.300000000000004,-28.58809304262574,41.974075643363065,-145.23390422361138,33.0469086436488,33.04691632518202,0.784860833998458,21.000000000000007,1.253545420354385e-05
44.35,-29.327431144252063,41.46087083874449,-144.21850621581328,33.04690919232974,33.04691675466563,0.7848602265271509,20.999999999999996,1.2340930624077373e-05
44.400000000000006,-30.05755858750985,40.93464473087654,-143.20310818674275,33.046909732496594,33.046917177483515,0.7848596284824438,20.999999999999996,1.2149426140695141e-05
44.45,-30.778246066602083,40.39556258734025,-142.18771013672986,33.04691026428137,33.04691759373912,0.7848590397180288,21.0,1.1960894141793688e-05
44.5,-31.48926724045879,39.84379371332919,-141.17231206609958,33.04691078781407,33.04691800353426,0.7848584600898718,20.999999999999996,1.1775288299986642e-05
44.550000000000004,-32.190398803822816,39.279511398477204,-140.15691397517188,33.04691130322266,33.0469184069692,0.7848578894561626,21.0,1.1592563140538914e-05
44.6,-32.881420557382185,38.70289286243476,-139.14151586426166,33.04691181063312,33.04691880414264,0.784857327677301,20.999999999999996,1.1412674183475247e-05
44.650000000000006,-33.56211547692697,38.114119199211004,-138.12611773367908,33.04691231016952,33.046919195151744,0.7848567746158537,20.999999999999996,1.1235577233037475e-05
44.7,-34.23226978150899,37.51337532029904,-137.11071958372938,33.04691280195396,33.046919580092194,0.784856230136505,21.000000000000007,1.1061228946118717e-05
44.75,-34.89167300058291,36.90084989660224,-136.0953214147131,33.04691328610669,33.0469199590582,0.7848556941060565,21.0,1.0889586974371923e-05
44.800000000000004,-35.5401180401077,36.276735299179855,-135.07992322692618,33.04691376274608,33.04692033214245,0.7848551663933634,20.999999999999996,1.072060896945004e-05
44.85,-36.17740124758757,35.64122753883057,-134.06452502065986,33.04691423198868,33.04692069943623,0.7848546468693272,21.0,1.0554253861982943e-05
44.900000000000006,-36.80332247603215,34.99452620453287,-133.0491267962009,33.04691469394922,33.04692106102943,0.784854135406853,20.999999999999996,1.039048072470905e-05
44.95,-37.41768514681563,34.33683440076168,-132.0337285538317,33.046915148740666,33.04692141701052,0.7848536318808144,21.0,1.0229249483018066e-05
45.0,-38.020296311415244,33.66835868370092,-131.01833029383016,33.04691559647422,33.04692176746661,0.7848531361680244,20.999999999999993,1.0070520772842428e-05
45.050000000000004,-38.61096671200967,32.98930899637192,-130.0029320164699,33.04691603725939,33.046922112483465,0.7848526481472007,21.000000000000007,9.914255798548766e-06
45.1,-39.18951084091831,32.29989860269821,-128.98753372202032,33.04691647120397,33.04692245214548,0.7848521676989719,21.0,9.76041647504644e-06
45.150000000000006,-39.75574699886277,31.60034402052731,-127.97213541074663,33.04691689841408,33.04692278653578,0.7848516947057931,21.0,9.60896457513627e-06
45.2,-40.309497352032274,30.890864953630587,-126.95673708290992,33.0469173189942,33.04692311573621,0.7848512290519523,21.0,9.459863576921634e-06
45.25,-40.85058798793509,30.171684222702485,-125.94133873876729,33.046917733047195,33.04692343982734,0.7848507706235281,20.999999999999996,9.31307681639737e-06
45.300000000000004,-41.37884897001838,29.443027695380867,-124.92594037857172,33.04691814067435,33.046923758888454,0.7848503193083758,20.999999999999996,9.168568482209594e-06
45.35,-41.89411439103935,28.705124215310413,-123.91054200257238,33.04691854197536,33.04692407299765,0.784849874996091,21.0,9.026303047221518e-06
45.400000000000006,-42.39622242517097,27.958205530271346,-122.89514361101455,33.04691893704838,33.04692438223177,0.7848494375779822,20.999999999999996,8.88624569483909e-06
45.45,-42.88501537882583,27.202506219396078,-121.87974520413967,33.04691932599005,33.04692468666649,0.7848490069470415,20.999999999999996,8.748362176902447e-06
45.5,-43.360339740182255,26.438263619496603,-120.86434678218544,33.04691970889551,33.046924986376354,0.7848485829979239,21.0,8.612618813685913e-06
45.550000000000004,-43.82204622739703,25.66571775052584,-119.8489483453859,33.046920085858424,33.04692528143466,0.7848481656269186,20.999999999999996,8.478982351789455e-06
45.6,-44.26998983548967,24.88511124019624,-118.83354989397145,33.046920456971016,33.04692557191365,0.7848477547319206,21.0,8.347420106247228e-06
45.650000000000006,-44.70402988188345,24.096689247779437,-117.8181514281689,33.04692082232406,33.04692585788437,0.7848473502124236,20.999999999999996,8.217899960527575e-06
45.7,-45.12403005058899,23.30069938711077,-116.80275294820157,33.04692118200694,33.04692613941686,0.7848469519694703,21.0,8.090389940207388e-06
45.75,-45.52985843501636,22.497391648822965,-115.78735445428926,33.04692153610765,33.04692641657997,0.7848465599056382,21.0,7.964859065623386e-06
45.800000000000004,-45.92138757940242,21.68701832183329,-114.77195594664839,33.046921884712816,33.04692668944155,0.7848461739250325,21.0,7.841276641329387e-06
45.85,-46.2984945188403,20.86983391410894,-113.75655742549206,33.04692222790773,33.0469269580684,0.7848457939332221,20.999999999999996,7.71961211398775e-06
45.900000000000006,-46.66106081789844,20.046095072735483,-112.74115889103,33.04692256577634,33.04692722252621,0.7848454198372679,20.999999999999996,7.599836209237765e-06
45.95,-47.0089726078171,19.216060503313464,-111.7257603434687,33.046922898401334,33.04692748287974,0.7848450515456662,20.999999999999996,7.481919084284527e-06
46.0,-47.342120622270656,18.379990888708527,-110.71036178301149,33.04692322586408,33.04692773919269,0.7848446889683132,20.999999999999996,7.365832033201514e-06
46.050000000000004,-47.66040023168442,17.538148807180512,-109.6949632098585,33.04692354824469,33.04692799152779,0.784844332016533,20.999999999999996,7.251547060604935e-06
46.1,-47.96371147609521,16.69079864991731,-108.67956462420675,33.046923865622055,33.046928239946794,0.7848439806030001,21.0,7.139035602676813e-06
46.150000000000006,-48.25195909654541,15.838206537999307,-107.66416602625021,33.04692417807382,33.04692848451047,0.7848436346417813,21.0,7.02827065879319e-06
46.2,-48.52505256500055,14.980640238820554,-106.64876741617987,33.04692448567644,33.04692872527871,0.7848432940482368,20.999999999999996,6.919224375678823e-06
46.25,-48.78290611278111,14.118369081992855,-105.63336879418372,33.04692478850518,33.046928962310425,0.7848429587390626,20.999999999999996,6.811870889578131e-06
46.300000000000004,-49.0254387574996,13.251663874759243,-104.61797016044686,33.04692508663412,33.046929195663616,0.7848426286322479,20.999999999999996,6.706183484084249e-06
46.35,-49.252574328494376,12.38079681694337,-103.60257151515147,33.04692538013623,33.04692942539539,0.7848423036470464,20.999999999999996,6.602136295441596e-06
46.400000000000006,-49.46424149075234,11.506041415461528,-102.58717285847696,33.04692566908331,33.04692965156197,0.78484198370397,21.0,6.499704028328779e-06
46.45,-49.660373767312876,10.627672398424165,-101.57177419059992,33.04692595354607,33.046929874218705,0.7848416687247735,21.000000000000007,6.398861529532951e-06
46.5,-49.840909560146066,9.745965628853867,-100.55637551169421,33.046926233594114,33.046930093420066,0.7848413586324057,20.999999999999996,6.299583930058361e-06
46.550000000000004,-50.005792169498626,8.861198018046888,-99.54097682193098,33.04692650929597,33.04693030921972,0.7848410533510304,20.999999999999996,6.201847355669088e-06
46.6,-50.154969811701456,7.973647438605465,-98.52557812147876,33.04692678071909,33.046930521670454,0.7848407528059909,21.0,6.105627505803568e-06
46.650000000000006,-50.288395635433204,7.0835926371682145,-97.5101794105034,33.0469270479299,33.04693073082429,0.7848404569237672,20.999999999999996,6.0109007904429745e-06
46.7,-50.406027736434794,6.191313146866015,-96.49478068916824,33.04692731099379,33.04693093673239,0.784840165632005,20.999999999999996,5.917644472219763e-06
46.75,-50.507829170670234,5.297089199530893,-95.47938195763403,33.04692756997512,33.046931139445135,0.7848398788594579,21.0,5.8258352453322004e-06
46.800000000000004,-50.59376796592961,4.401201637685452,-94.46398321605909,33.046927824937256,33.04693133901215,0.7848395965359956,20.999999999999993,5.735450940846931e-06
46.85,-50.66381713187058,3.503931826340518,-93.44858446459921,33.04692807594261,33.046931535482265,0.7848393185925602,20.999999999999993,5.646469247722052e-06
46.900000000000006,-50.7179546684953,2.605561564628674,-92.43318570340782,33.04692832305258,33.04693172890352,0.7848390449611884,21.0,5.558868707566944e-06
46.95,-50.75616357305999,1.7063729973014605,-91.41778693263592,33.04692856632765,33.04693191932332,0.7848387755749542,21.0,5.472627435665345e-06
47.0,-50.778431845415106,0.8066485261180217,-90.40238815243221,33.04692880582735,33.046932106788184,0.7848385103679902,21.000000000000007,5.3877246841693704e-06
47.050000000000004,-50.78475249177432,-0.0933292788469684,-89.38698936294304,33.04692904161026,33.04693229134403,0.784838249275424,20.999999999999996,5.304139278905495e-06
47.1,-50.77512352691123,-0.9932777679482423,-88.37159056431254,33.0469292737341,33.04693247303601,0.7848379922334132,21.0,5.221851324677118e-06
47.150000000000006,-50.749547974783034,-1.8929143007398679,-87.35619175668255,33.046929502255665,33.046932651908584,0.7848377391791033,21.0,5.140840215744902e-06
47.2,-50.708033867581,-2.7919563347422933,-86.34079294019274,33.04692972723087,33.0469328280055,0.7848374900506059,20.999999999999996,5.061086199020792e-06
47.25,-50.65059424320805,-3.690121514178623,-85.32539411498061,33.04692994871478,33.046933001369865,0.784837244786992,21.0,4.982569947742377e-06
47.300000000000004,-50.577247141184195,-4.5871277586522625,-84.3099952811815,33.04693016676157,33.046933172044106,0.784837003328299,21.0,4.90527227725579e-06
47.35,-50.48801559698119,-5.482693351738077,-83.29459643892868,33.04693038142461,33.04693334006996,0.7848367656154736,21.0,4.829173860798619e-06
47.400000000000006,-50.38292763478808,-6.376537029459243,-82.27919758835333,33.04693059275642,33.04693350548856,0.7848365315903862,21.0,4.7542565084768285e-06
47.45,-50.26201625871003,-7.2683780686220025,-81.26379872958462,33.04693080080871,33.04693366834038,0.784836301195817,20.999999999999993,4.680501746179289e-06
47.5,-50.125319442403075,-8.157936374980583,-80.24839986274966,33.0469310056324,33.04693382866523,0.7848360743754199,21.0,4.607891384011964e-06
47.550000000000004,-49.972880117148215,-9.044932571204582,-79.23300098797368,33.0469312072776,33.04693398650238,0.7848358510737441,21.0,4.536407942623555e-06
47.6,-49.80474615836837,-9.929088084621206,-78.21760210537985,33.04693140579366,33.046934141890425,0.7848356312361773,20.999999999999996,4.46603351633712e-06
47.650000000000006,-49.620970370592644,-10.810125234704795,-77.20220321508954,33.04693160122914,33.046934294867405,0.7848354148089598,20.999999999999993,4.396751336344096e-06
47.7,-49.421610470872544,-11.687767320286152,-76.18680431722215,33.04693179363187,33.04693444547071,0.7848352017391846,21.0,4.328544349618824e-06
47.75,-49.20672907065528,-12.561738706454296,-75.17140541189528,33.046931983048935,33.04693459373723,0.7848349919747548,20.999999999999996,4.261395503135645e-06
47.800000000000004,-48.97639365611996,-13.431764911123352,-74.15600649922467,33.04693216952667,33.04693473970319,0.7848347854643691,21.0,4.195288596520186e-06
47.85,-48.730676566982815,-14.297572691237372,-73.14060757932428,33.046932353110705,33.04693488340433,0.7848345821575435,20.999999999999996,4.130207713615164e-06
47.900000000000006,-48.46965497377808,-15.15889012858603,-72.12520865230631,33.04693253384597,33.046935024875815,0.7848343820045613,21.000000000000007,4.066136511937657e-06
47.95,-48.19341085362168,-16.015446715204227,-71.1098097182812,33.04693271177668,33.04693516415223,0.7848341849564946,20.999999999999996,4.003059643764573e-06
48.0,-47.90203096446538,-16.866973438328795,-70.0944107773577,33.04693288694636,33.04693530126768,0.7848339909651543,21.0,3.940961335047177e-06
48.050000000000004,-47.59560681784943,-17.713202864885616,-69.07901182964281,33.04693305939788,33.04693543625566,0.7848337999831116,20.999999999999996,3.879826806496567e-06
48.1,-47.274234650162235,-18.55386922548061,-68.06361287524197,33.04693322917343,33.04693556914924,0.7848336119636841,21.000000000000007,3.819640852498196e-06
48.150000000000006,-46.93801539241619,-19.388708497868237,-67.0482139142589,33.046933396314564,33.04693569998089,0.7848334268608923,20.999999999999993,3.7603885516546143e-06
48.2,-46.58705463854906,-20.217458489871266,-66.03281494679572,33.04693356086216,33.046935828782665,0.7848332446294748,20.999999999999996,3.702055835219653e-06
48.25,-46.22146261226093,-21.03985892172581,-65.017415972953,33.04693372285648,33.04693595558601,0.7848330652248947,20.999999999999996,3.6446283502300503e-06
48.300000000000004,-45.841354132397065,-21.85565150782572,-64.00201699282975,33.046933882337164,33.046936080421986,0.7848328886032903,20.999999999999993,3.5880916016139963e-06
48.35,-45.44684857688766,-22.66458003784071,-62.98661800652341,33.04693403934322,33.04693620332111,0.7848327147214675,20.999999999999993,3.5324320890595118e-06
48.400000000000006,-45.038069845255706,-23.466390457182698,-61.97121901412988,33.04693419391307,33.04693632431345,0.7848325435369219,21.000000000000007,3.4776364543631644e-06
48.45,-44.615146319704806,-24.260830946795103,-60.95582001574368,33.04693434608453,33.04693644342863,0.7848323750078023,20.999999999999996,3.4236909129958804e-06
48.5,-44.17821082479914,-25.047652002240074,-59.94042101145776,33.046934495894824,33.046936560695734,0.7848322090929116,21.0,3.3705823909713217e-06
48.550000000000004,-43.72740058574821,-25.826606512058742,-58.92502200136365,33.0469346433806,33.04693667614349,0.784832045751692,21.0,3.3182978143031505e-06
48.6,-43.262857185309564,-26.59744983537996,-57.9096229855515,33.04693478857795,33.04693678980011,0.7848318849441966,21.0,3.266824393222123e-06
48.650000000000006,-42.78472651932294,-27.35993987875311,-56.89422396411002,33.04693493152239,33.046936901693385,0.7848317266311327,21.0,3.216149906393184e-06
48.7,-42.29315875088979,-28.113837172180837,-55.87882493712656,33.046935072248885,33.046937011850716,0.7848315707737896,20.999999999999996,3.166261279829996e-06
48.75,-41.78830826321267,-28.858904944327893,-54.863425904687105,33.04693521079188,33.046937120299006,0.7848314173340682,20.999999999999996,3.117146860631692e-06
48.800000000000004,-41.27033361110924,-29.594909196882405,-53.8480268668763,33.04693534718525,33.04693722706481,0.784831266274459,21.0,3.0687944274632173e-06
48.85,-40.739397471216044,-30.321618778046236,-52.83262782377751,33.046935481462356,33.046937332174245,0.7848311175580278,20.999999999999996,3.021192185315158e-06
48.900000000000006,-40.19566659089787,-31.038805455131378,-51.81722877547278,33.04693561365606,33.046937435653,0.7848309711484305,21.0,2.974328623395195e-06
48.95,-39.63931173587859,-31.74624398623954,-50.80182972204288,33.0469357437987,33.04693753752639,0.7848308270098769,20.999999999999996,2.9281919466939144e-06
49.0,-39.07050763660996,-32.443712191002454,-49.78643066356733,33.0469358719221,33.04693763781932,0.7848306851071314,20.999999999999993,2.8827710707446386e-06
49.050000000000004,-38.48943293339528,-33.130991020360646,-48.77103160012441,33.04693599805761,33.04693773655634,0.7848305454054909,21.000000000000007,2.8380549110806896e-06
49.1,-37.8962701202851,-33.80786462535882,-47.7556325317912,33.04693612223609,33.04693783376157,0.7848304078708281,20.999999999999996,2.794032809561031e-06
49.150000000000006,-37.29120548776262,-34.474120424936146,-46.74023345864354,33.04693624448791,33.046937929458785,0.7848302724695202,20.999999999999996,2.750693255393344e-06
49.2,-36.67442906423668,-35.12954917269028,-45.72483438075617,33.04693636484298,33.04693802367141,0.7848301391684558,21.0,2.70802615887078e-06
49.25,-36.04613455636097,-35.773945022594056,-44.7094352982026,33.046936483330725,33.04693811642246,0.7848300079350707,20.999999999999996,2.6660212881779444e-06
49.300000000000004,-35.40651928819783,-36.40710559364424,-43.694036211055256,33.04693659998013,33.046938207734634,0.7848298787372769,20.999999999999996,2.6246677009567065e-06
49.35,-34.75578413924613,-37.02883203342207,-42.67863711938537,33.046936714819736,33.04693829763026,0.7848297515434979,20.999999999999996,2.5839558759344072e-06
49.400000000000006,-34.09413348135243,-37.63892908054559,-41.66323802326315,33.04693682787763,33.046938386131316,0.7848296263226331,20.999999999999993,2.5438755812956515e-06
49.45,-33.42177511452532,-38.23720512599415,-40.64783892275766,33.046936939181464,33.04693847325944,0.7848295030440866,20.999999999999996,2.50441729576778e-06
49.5,-32.738920201673096,-38.82347227328589,-39.63243981793689,33.046937048758465,33.04693855903593,0.7848293816777243,20.999999999999996,2.4655709296439454e-06
49.550000000000004,-32.04578320228534,-39.397546397489144,-38.6170407088678,33.04693715663542,33.0469386434818,0.7848292621938739,21.0,2.4273272458685824e-06
49.6,-31.342581805079057,-39.95924720304948,-37.60164159561629,33.04693726283874,33.04693872661764,0.7848291445633464,20.999999999999996,2.389677007386126e-06
49.650000000000006,-30.629536859630694,-40.50839828041393,-36.58624247824727,33.04693736739437,33.046938808463814,0.7848290287573718,20.999999999999996,2.3526105508153705e-06
49.7,-29.90687230701544,-41.04482716143488,-35.570843356824625,33.0469374703279,33.04693888904037,0.7848289147476564,20.999999999999996,2.3161194917520334e-06
49.75,-29.174815109475592,-41.56836537353606,-34.555444231411194,33.04693757166451,33.04693896836694,0.7848288025063326,21.0,2.2801943089234555e-06
49.800000000000004,-28.433595179140067,-42.078848492623656,-33.54004510206894,33.046937671428964,33.04693904646293,0.7848286920059735,20.999999999999996,2.244826475816808e-06
49.85,-27.683445305817482,-42.57611619472597,-32.52464596885879,33.04693776964568,33.046939123347464,0.7848285832195643,21.0,2.210007181702167e-06
49.900000000000006,-26.92460108388546,-43.06001230634538,-31.509246831840766,33.04693786633866,33.04693919903934,0.7848284761205164,21.0,2.1757281842837983e-06
49.95,-26.15730083829909,-43.53038485350677,-30.49384769107393,33.04693796153157,33.046939273557044,0.7848283706826535,21.0,2.1419809570488724e-06
50.0,-25.381785549741853,-43.98708610948707,-29.478448546616455,33.04693805524767,33.04693934691882,0.7848282668802042,21.000000000000007,2.1087572577016545e-06
50.050000000000004,-24.598298778942453,-44.42997264121087,-28.463049398525595,33.0469381475099,33.04693941914259,0.7848281646878092,21.0,2.076048986054957e-06
50.1,-23.80708659018136,-44.85890535429753,-27.4476502468577,33.0469382383408,33.04693949024601,0.7848280640804788,21.0,2.043847899813045e-06
50.150000000000006,-23.008397474011065,-45.273749536745726,-26.432251091668274,33.046938327762604,33.04693956024646,0.7848279650336352,21.0,2.0121466093314666e-06
50.2,-22.202482269214347,-45.67437490124161,-25.416851933011962,33.046938415797165,33.046939629161066,0.7848278675230631,20.999999999999996,1.980936872314487e-06
50.25,-21.389594084025035,-46.06065562607736,-24.401452770942537,33.04693850246602,33.04693969700669,0.7848277715249452,21.0,1.9502114412262017e-06
50.300000000000004,-20.569988216636023,-46.43247039466719,-23.386053605512945,33.04693858779035,33.046939763799884,0.784827677015798,20.999999999999996,1.91996235798797e-06
50.35,-19.74392207501949,-46.78970243364854,-22.370654436775293,33.04693867179103,33.04693982955698,0.7848275839725432,21.0,1.8901829434980755e-06
50.400000000000006,-18.911655096084523,-47.13223954955639,-21.355255264780933,33.0469387544886,33.04693989429409,0.7848274923724361,20.999999999999996,1.8608650975693308e-06
50.45,-18.073448664197514,-47.45997416405911,-20.339856089580373,33.04693883590328,33.04693995802701,0.7848274021930806,21.000000000000007,1.8320021411000198e-06
50.5,-17.229566029090947,-47.77280334774503,-19.32445691122335,33.04693891605498,33.04694002077132,0.7848273134124568,20.999999999999996,1.803587110771332e-06
50.550000000000004,-16.38027222318632,-48.07062885244877,-18.309057729758823,33.046938994963284,33.04694008254236,0.7848272260088507,20.999999999999996,1.7756124748302682e-06
50.6,-15.525833978357213,-48.353357142107505,-17.29365854523501,33.04693907264751,33.04694014335526,0.7848271399609104,20.999999999999993,1.748072122609301e-06
50.650000000000006,-14.666519642158583,-48.62089942213724,-16.27825935769937,33.046939149126636,33.046940203224835,0.7848270552476038,21.0,1.7209588065725256e-06
50.7,-13.802599093548679,-48.87317166732003,-15.262860167198609,33.04693922441937,33.046940262165755,0.7848269718482328,20.999999999999996,1.6942661318353203e-06
50.75,-12.934343658129956,-49.11009464819323,-14.247460973778734,33.04693929854411,33.046940320192434,0.784826889742412,20.999999999999993,1.6679874192959687e-06
50.800000000000004,-12.062026022935676,-49.33159395593269,-13.232061777485038,33.04693937151899,33.04694037731902,0.7848268089100827,20.999999999999996,1.6421164161783963e-06
50.85,-11.185920150788919,-49.53760002572183,-12.216662578362099,33.04693944336185,33.04694043355951,0.7848267293314777,21.0,1.616646585489434e-06
50.900000000000006,-10.30630119426092,-49.728048158599506,-11.201263376453783,33.046939514090255,33.04694048892763,0.7848266509871635,21.0,1.5915721007786487e-06
50.95,-9.42344540925575,-49.90287854177962,-10.185864171803319,33.046939583721496,33.04694054343695,0.784826573857984,20.999999999999996,1.5668862829443242e-06
51.0,-8.537630068248475,-50.06203626743618,-9.170464964453226,33.0469396522726,33.04694059710074,0.7848264979251027,21.0,1.5425835897531215e-06
51.050000000000004,-7.649133373204052,-50.20547134994787,-8.155065754445411,33.046939719760324,33.046940649932175,0.784826423169946,21.0,1.5186576263204188e-06
51.1,-6.758234368204296,-50.33313874159682,-7.139666541821068,33.04693978620117,33.046940701944116,0.78482634957426,21.0,1.4951031346299715e-06
51.150000000000006,-5.865212851810382,-50.444998346716424,-6.1242673266208065,33.046939851611384,33.0469407531493,0.7848262771200609,21.0,1.4719137197971577e-06
51.2,-4.970349289188376,-50.54101503428401,-5.108868108884574,33.04693991600695,33.046940803560254,0.7848262057896349,20.999999999999996,1.4490839816971857e-06
51.25,-4.073924724025424,-50.62115864895426,-4.093468888651734,33.04693997940362,33.0469408531893,0.7848261355655524,20.999999999999996,1.4266085202052636e-06
51.300000000000004,-3.1762206902642394,-50.68540402052994,-3.0780696659609865,33.04694004181688,33.04694090204855,0.7848260664306608,20.999999999999996,1.4044816509795055e-06
51.35,-2.277519123683616,-50.73373097186698,-2.062670440850473,33.046940103261996,33.04694095014995,0.7848259983680563,20.999999999999996,1.3826978317865724e-06
51.400000000000006,-1.3781022733527477,-50.766124325211464,-1.0472712133576982,33.046940163753995,33.046940997505274,0.7848259313611052,21.0,1.3612520888273139e-06
51.45,-0.4782526129871467,-50.782573906966405,-0.031871983519659,33.04694022330765,33.046941044126086,0.7848258653934366,20.999999999999993,1.3401390219769382e-06
51.5,0.4217472477659897,-50.78307455088699,0.9835272486272848,33.04694028193754,33.046941090023765,0.7848258004489352,21.0,1.3193533732192009e-06
51.550000000000004,1.321614652085104,-50.76762609970312,1.998926483047333,33.046940339657986,33.046941135209536,0.7848257365117277,20.999999999999996,1.2988900266464043e-06
51.6,2.221066984746419,-50.7362334051689,3.0143257197052193,33.046940396483095,33.04694117969445,0.7848256735661892,20.999999999999996,1.2787441505679453e-06
51.650000000000006,3.119821760883018,-50.68890632653888,4.029724958566212,33.04694045242677,33.0469412234894,0.7848256115969363,21.0,1.2589107711846736e-06
51.7,4.01759671470298,-50.625659727471685,5.045124199596166,33.04694050750267,33.04694126660504,0.7848255505888346,20.999999999999996,1.239385056805986e-06
51.75,4.914109888138714,-50.54651347136195,6.060523442761416,33.04694056172427,33.04694130905195,0.7848254905269698,21.0,1.2201620336327323e-06
51.800000000000004,5.809079719399657,-50.45149241510198,7.07592268802886,33.046940615104816,33.04694135084048,0.784825431396662,20.999999999999993,1.2012372962999507e-06
51.85,6.702225131400499,-50.34062640127517,8.091321935365878,33.04694066765736,33.046941391980845,0.784825373183466,21.0,1.182606155225585e-06
51.900000000000006,7.593265620037197,-50.21395024878358,9.10672118474036,33.046940719394755,33.0469414324831,0.7848253158731637,21.0,1.1642639208275796e-06
51.95,8.48192134228303,-50.071503741912636,10.122120436120703,33.046940770329634,33.04694147235718,0.7848252594517433,20.999999999999996,1.1462060456324252e-06
52.0,9.367913204077034,-49.913331617836384,11.137519689475814,33.04694082047446,33.04694151161278,0.784825203905406,20.999999999999996,1.1284284084922547e-06
52.050000000000004,10.250962947977216,-49.73948355256724,12.152918944775035,33.046940869841485,33.046941550259504,0.7848251492206018,20.999999999999996,1.1109267461506533e-06
52.1,11.130793240551016,-49.55001414535462,13.168318201988235,33.04694091844277,33.04694158830683,0.7848250953839511,20.999999999999996,1.093696084808471e-06
52.150000000000006,12.007127759475575,-49.344982901537335,14.183717461085724,33.0469409662902,33.04694162576404,0.7848250423823018,20.999999999999996,1.0767330138605757e-06
52.2,12.879691280320444,-49.124454213855195,15.199116722038264,33.046941013395475,33.04694166264024,0.7848249902027149,21.0,1.060032985833459e-06
52.25,13.748209762985496,-48.88849734222566,16.21451598481708,33.0469410597701,33.04694169894451,0.784824938832422,20.999999999999996,1.043591737470706e-06
52.300000000000004,14.612410437766878,-48.63718639199188,17.229915249393848,33.04694110542542,33.04694173468569,0.784824888258882,21.0,1.0274058581671852e-06
52.35,15.47202189102397,-48.370600290648945,18.245314515740688,33.046941150372575,33.04694176987252,0.7848248384697385,20.999999999999996,1.0114708004493878e-06
52.400000000000006,16.326774150420476,-48.08882276305569,19.260713783830113,33.04694119462257,33.046941804513594,0.7848247894528129,20.999999999999996,9.957828694950877e-07
52.45,17.176398769712833,-47.79194230513985,20.27611305363513,33.046941238186214,33.04694183861739,0.7848247411961466,20.999999999999996,9.803385125906061e-07
52.5,18.020628913059333,-47.48005215610473,21.291512325129123,33.046941281074155,33.046941872192235,0.7848246936879306,21.0,9.651333243709814e-07
52.550000000000004,18.859199438823502,-47.153250269146284,22.306911598285883,33.04694132329688,33.046941905246335,0.7848246469165687,20.999999999999996,9.501643205567234e-07
52.6,19.691846982845355,-46.81163928068957,23.322310873079637,33.0469413648647,33.04694193778774,0.7848246008706283,21.0,9.354272378914175e-07
52.650000000000006,20.51831004115444,-46.455326478154504,24.337710149484966,33.04694140578778,33.046941969824445,0.7848245555388544,20.999999999999993,9.209188078784791e-07
52.7,21.338329052098644,-46.08442376626083,25.35310942747691,33.04694144607611,33.04694200136426,0.7848245109101697,21.0,9.066354778042296e-07
52.75,22.151646477863007,-45.69904763188296,26.368508707030834,33.04694148573955,33.046942032414876,0.7848244669736815,21.0,8.925736949549901e-07
52.800000000000004,22.958006885352912,-45.29931910746581,27.38390798812252,33.04694152478778,33.046942062983916,0.7848244237186393,20.999999999999996,8.787297645085346e-07
52.85,23.757157026416255,-44.885363733012916,28.399307270728098,33.04694156323037,33.046942093078826,0.7848243811344702,20.999999999999996,8.651008442939201e-07
52.900000000000006,24.548845917379424,-44.45731151665899,29.41470655482411,33.04694160107668,33.04694212270698,0.7848243392107861,21.000000000000007,8.516833815974678e-07
52.95,25.332824917872063,-44.01529689383916,30.430105840387426,33.046941638335994,33.046942151875584,0.784824297937341,21.0,8.384736815969518e-07
53.0,26.108847808915918,-43.55945868506773,31.4455051273953,33.04694167501739,33.04694218059181,0.7848242573040309,21.000000000000007,8.25468902121429e-07
53.050000000000004,26.876670870253182,-43.08994005233984,32.46090441582532,33.04694171112985,33.04694220886263,0.784824217300951,20.999999999999996,8.126662009999563e-07
53.1,27.63605295689012,-42.606888454169486,33.47630370565541,33.046941746682194,33.04694223669499,0.7848241779183098,20.999999999999996,8.000615991932136e-07
53.150000000000006,28.386755574831856,-42.110455599278296,34.49170299686388,33.04694178168311,33.04694226409566,0.7848241391464938,21.000000000000007,7.876528229644464e-07
53.2,29.128542955984628,-41.600797398949375,35.507102289429355,33.04694181614115,33.04694229107136,0.7848241009760173,20.999999999999996,7.754363195999758e-07
53.25,29.861182132201886,-41.07807391806134,36.52250158333076,33.046941850064734,33.04694231762868,0.7848240633975649,20.999999999999993,7.634095311459532e-07
53.300000000000004,30.584443008451064,-40.54244932481784,37.53790087854739,33.04694188346216,33.04694234377408,0.7848240264019566,21.0,7.515690469972469e-07
53.35,31.298098435078007,-39.99409183918833,38.553300175058865,33.04694191634158,33.046942369513964,0.784823989980147,20.999999999999993,7.39912167091461e-07
53.400000000000006,32.00192427914635,-39.43317368007643,39.568699472845076,33.04694194871104,33.046942394854625,0.7848239541232331,21.000000000000007,7.284361913661996e-07
53.45,32.69569949482947,-38.859871011232265,40.58409877188626,33.04694198057844,33.04694241980226,0.784823918822461,21.0,7.171382776505197e-07
53.5,33.37920619283288,-38.27436388592594,41.59949807216292,33.04694201195157,33.04694244436299,0.7848238840691977,21.0,7.060154416649311e-07
53.550000000000004,34.052229708825294,-37.67683619039944,42.614897373655936,33.046942042838104,33.046942468542774,0.7848238498549591,20.999999999999996,6.950652675641322e-07
53.6,34.714558670856796,-37.067475586114696,43.63029667634644,33.04694207324558,33.04694249234752,0.7848238161713823,21.0,6.842847710686328e-07
53.650000000000006,35.36598506574307,-36.44647345081606,44.645695980215834,33.04694210318143,33.04694251578308,0.784823783010232,21.0,6.736715363331314e-07
53.7,36.0063043043947,-35.81402481842557,45.66109528524585,33.04694213265298,33.04694253885516,0.7848237503634081,21.0,6.632230054037791e-07
53.75,36.635315286071126,-35.170328317790016,46.67649459141847,33.046942161667424,33.046942561569395,0.7848237182229383,20.999999999999996,6.529364782181801e-07
53.800000000000004,37.252820461539,-34.51558611029886,47.691893898715996,33.04694219023185,33.04694258393134,0.7848236865809639,21.0,6.428093968224857e-07
53.85,37.8586258951152,-33.85000382639284,48.70729320712096,33.04694221835324,33.046942605946455,0.7848236554297543,20.999999999999993,6.328394874799415e-07
53.900000000000006,38.452541325574906,-33.173790500982975,49.72269251661619,33.04694224603847,33.046942627620126,0.7848236247616995,21.0,6.230241922366986e-07
53.95,39.03438022590567,-32.487158507800395,50.738091827184824,33.0469422732943,33.04694264895763,0.7848235945693034,20.999999999999996,6.133610952474555e-07
54.0,39.603959861888775,-31.790323492697567,51.75349113881017,33.04694230012739,33.046942669964196,0.7848235648451976,21.0,6.038479227754578e-07
54.050000000000004,40.1611013494893,-31.08350430592186,52.76889045147583,33.046942326544304,33.04694269064494,0.784823535582106,20.999999999999996,5.944821168668568e-07
54.1,40.7056297110371,-30.366922933382725,53.78428976516568,33.04694235255149,33.04694271100494,0.7848235067728879,21.0,5.852618301105394e-07
54.150000000000006,41.237373930180844,-29.640804426934082,54.799689079863796,33.04694237815531,33.04694273104919,0.7848234784104946,21.0,5.761843624441099e-07
54.2,41.75616700559803,-28.90537683369381,55.815088395554596,33.04694240336201,33.04694275078255,0.7848234504880054,21.0,5.672478664564551e-07
54.25,42.26184600344396,-28.160871124422528,56.83048771222267,33.04694242817776,33.04694277020985,0.784823422998592,21.000000000000007,5.584497841937264e-07
54.300000000000004,42.7542521085233,-27.40752112098416,57.84588702985285,33.046942452608626,33.04694278933584,0.7848233959355468,21.000000000000007,5.497882682448108e-07
54.35,43.23323067416815,-26.645563422911096,58.86128634843022,33.04694247666057,33.046942808165184,0.7848233692922406,20.999999999999996,5.412609027644066e-07
54.400000000000006,43.69863127080685,-25.87523733309696,59.87668566794008,33.04694250033947,33.046942826702484,0.7848233430621789,21.000000000000007,5.328661245584954e-07
54.45,44.15030773320846,-25.09678478264037,60.89208498836798,33.04694252365112,33.04694284495229,0.7848233172389385,21.0,5.24601233564681e-07
54.5,44.58811820638787,-24.31045025486328,61.90748430969971,33.046942546601194,33.04694286291902,0.7848232918162239,20.999999999999996,5.164648086974921e-07
54.550000000000004,45.01192519015728,-23.516480708527734,62.92288363192118,33.04694256919533,33.04694288060712,0.7848232667878108,20.999999999999996,5.084542920030799e-07
54.6,45.421595582309976,-22.715125500275207,63.93828295501866,33.04694259143903,33.04694289802087,0.7848232421475885,20.999999999999996,5.005682623959729e-07
54.650000000000006,45.81700072042286,-21.906636306312834,64.95368227897849,33.046942613337734,33.04694291516455,0.7848232178895387,21.0,4.928044461394165e-07
54.7,46.198016422264615,-21.091267043371168,65.96908160378736,33.046942634896794,33.04694293204231,0.7848231940077355,20.999999999999996,4.85160995822298e-07
54.75,46.5645230247968,-20.269273788958266,66.98448092943208,33.04694265612147,33.046942948658334,0.7848231704963382,21.0,4.776360640335042e-07
54.800000000000004,46.91640542175562,-19.440914700935135,67.99988025589967,33.04694267701696,33.04694296501662,0.7848231473496057,20.999999999999996,4.702279454704694e-07
54.85,47.25355309980263,-18.60644993643785,69.01527958317742,33.046942697588364,33.04694298112121,0.7848231245618749,21.0,4.6293465061353345e-07
54.900000000000006,47.5758601732329,-17.76614157017174,70.03067891125268,33.04694271784071,33.04694299697602,0.7848231021275964,21.0,4.5575461626867764e-07
54.95,47.883225417229845,-16.920253512103358,71.04607824011318,33.04694273777894,33.046943012584904,0.7848230800412708,21.0,4.4868556869914755e-07
55.0,48.17555229965627,-16.06905142457605,72.06147756974666,33.04694275740794,33.04694302795173,0.7848230582975049,20.999999999999996,4.4172651314511313e-07
55.050000000000004,48.452749011371544,-15.212802638875164,73.07687690014114,33.04694277673249,33.04694304308021,0.7848230368909839,21.0,4.348753179783671e-07
55.1,48.714728495065536,-14.35177607126913,74.09227623128486,33.04694279575733,33.046943057974055,0.7848230158164782,21.0,4.2813042000489077e-07
55.150000000000006,48.96140847260012,-13.486242138552718,75.10767556316617,33.046942814487096,33.04694307263688,0.7848229950688506,21.000000000000007,4.214901139221183e-07
55.2,49.19271147084971,-12.61647267311906,76.12307489577366,33.04694283292637,33.04694308707229,0.7848229746430135,20.999999999999996,4.149525523189368e-07
55.25,49.40856484603278,-11.742740837587085,77.13847422909602,33.046942851079656,33.046943101283816,0.7848229545339862,21.0,4.085167404355161e-07
55.300000000000004,49.6089008065266,-10.865321039011159,78.15387356312219,33.04694286895138,33.046943115274935,0.7848229347368516,21.000000000000007,4.02180546643649e-07
55.35,49.7936564341581,-9.984488842699914,79.16927289784125,33.04694288654592,33.04694312904905,0.784822915246771,21.0,3.959426919664111e-07
55.400000000000006,49.96277370396421,-9.100520885671308,80.1846722332425,33.046942903867574,33.046943142609514,0.7848228960589907,21.0,3.898016132097837e-07
55.45,50.11619950241534,-8.213694789771084,81.20007156931526,33.04694292092057,33.04694315595967,0.784822877168807,21.000000000000007,3.83755605071201e-07
55.5,50.25388564409644,-7.324289074481953,82.21547090604916,33.046942937709076,33.04694316910278,0.7848228585716157,20.999999999999996,3.7780367279083293e-07
55.550000000000004,50.37578888684027,-6.432583069450844,83.23087024343396,33.046942954237196,33.046943182042035,0.7848228402628692,20.999999999999996,3.719438268490194e-07
55.6,50.48187094530818,-5.538856826761725,84.24626958145957,33.04694297050897,33.04694319478059,0.7848228222380982,21.000000000000007,3.6617493037738313e-07
55.650000000000006,50.57209850301417,-4.643391032981519,85.26166892011602,33.04694298652837,33.04694320732161,0.7848228044928902,21.0,3.604954201819055e-07
55.7,50.64644322278835,-3.7464669210067667,86.27706825939356,33.046943002299315,33.04694321966809,0.784822787022911,21.0,3.5490415939420927e-07
55.75,50.70488175567666,-2.848366181738692,87.29246759928253,33.04694301782566,33.04694323182309,0.7848227698239043,21.000000000000007,3.493995848202758e-07
55.800000000000004,50.7473957482739,-1.9493708756144377,88.30786693977346,33.04694303311119,33.04694324378958,0.7848227528916567,21.0,3.4398013326608634e-07
55.85,50.77397184848789,-1.049763344022235,89.32326628085706,33.04694304815965,33.04694325557043,0.7848227362220257,20.999999999999996,3.3864495208035805e-07
55.900000000000006,50.784601709732875,-0.14982612062834044,90.33866562252408,33.0469430629747,33.04694326716857,0.784822719810947,21.0,3.333926201776194e-07
55.95,50.77928199355091,0.750158157356416,91.3540649647655,33.04694307755998,33.046943278586824,0.784822703654406,20.999999999999996,3.282215743638517e-07
56.0,50.758014370660334,1.649906837942603,92.36946430757239,33.04694309191904,33.04694328982798,0.7848226877484592,20.999999999999996,3.2313081987922487e-07
56.050000000000004,50.720805520431085,2.5491373431328004,93.38486365093594,33.04694310605539,33.046943300894796,0.7848226720892129,20.999999999999996,3.1811893563826743e-07
56.1,50.66766712878698,3.447567257668975,94.40026299484758,33.04694311997249,33.04694331178997,0.7848226566728513,20.999999999999996,3.131849268811493e-07
56.150000000000006,50.59861588453558,4.344914417728744,95.41566233929879,33.04694313367374,33.04694332251617,0.7848226414955946,20.999999999999996,3.083272304138518e-07
56.2,50.51367347412688,5.240896999542676,96.43106168428118,33.04694314716249,33.046943333076,0.7848226265537477,21.0,3.0354513569363917e-07
56.25,50.41286657484239,6.135233607904789,97.44646102978655,33.04694316044202,33.046943343472044,0.7848226118436443,21.0,2.988369374179456e-07
56.300000000000004,50.2962268464168,7.027643364548453,98.46186037580676,33.046943173515594,33.04694335370686,0.7848225973617033,20.999999999999993,2.9420206715258246e-07
56.35,50.16379092109482,7.917845996359948,99.47725972233384,33.0469431863864,33.04694336378292,0.7848225831043791,20.999999999999996,2.8963881959498394e-07
56.400000000000006,50.01560039212637,8.805561923401955,100.49265906935992,33.04694319905757,33.04694337370271,0.78482256906819,21.0,2.851464842024143e-07
56.45,49.85170180070365,9.690512346719355,101.50805841687723,33.04694321153222,33.04694338346866,0.7848225552497112,20.999999999999996,2.807237819979491e-07
56.5,49.67214662134428,10.572419335899747,102.52345776487826,33.0469432238134,33.04694339308309,0.7848225416455605,20.999999999999996,2.763695761132112e-07
56.550000000000004,49.47699124572507,11.451005916361185,103.53885711335538,33.046943235904095,33.04694340254845,0.7848225282524126,21.0,2.720830138969177e-07
56.6,49.26629696497144,12.325996156339729,104.5542564623013,33.04694324780726,33.04694341186697,0.784822515066999,20.999999999999996,2.678629584806913e-07
56.650000000000006,49.04012995040817,13.197115253549486,105.56965581170869,33.04694325952581,33.046943421040964,0.7848225020860866,20.999999999999996,2.6370827299615485e-07
56.7,48.79856123277743,14.064089621487916,106.5850551615704,33.0469432710626,33.04694343007267,0.7848224893065137,21.000000000000007,2.5961824690057256e-07
56.75,48.54166667993061,14.926646975359315,107.60045451187938,33.046943282420465,33.04694343896433,0.7848224767251537,21.000000000000007,2.555914591084729e-07
56.800000000000004,48.26952697300103,15.784516417589472,108.61585386262874,33.04694329360217,33.046943447718036,0.7848224643389443,21.0,2.5162719907712017e-07
56.85,47.98222758106498,16.637428522904656,109.63125321381159,33.046943304610444,33.04694345633601,0.7848224521448373,21.0,2.4772418782958994e-07
56.900000000000006,47.679858734299046,17.485115422948205,110.64665256542123,33.04694331544799,33.046943464820295,0.7848224401398696,21.0,2.438821411487879e-07
56.95,47.362515395642085,18.32731089040814,111.66205191745107,33.04694332611744,33.04694347317298,0.7848224283211067,21.000000000000007,2.400993537321483e-07
57.0,47.0302972309709,19.163750422629395,112.67745126989453,33.0469433366214,33.04694348139614,0.7848224166856497,21.0,2.3637525714548246e-07
57.050000000000004,46.68330857779885,19.994171324684398,113.69285062274525,33.04694334696246,33.046943489491746,0.7848224052306705,20.999999999999996,2.3270914084605465e-07
57.1,46.32165841250725,20.818312791875897,114.70824997599694,33.04694335714312,33.04694349746178,0.7848223939533625,20.999999999999993,2.2909958374839334e-07
57.150000000000006,45.94546031611993,21.63591599164615,115.72364932964325,33.04694336716588,33.04694350530823,0.7848223828509688,21.000000000000007,2.2554615952685708e-07
57.2,45.5548324386316,22.446724144866728,116.73904868367816,33.04694337703319,33.046943513032964,0.7848223719207752,20.999999999999996,2.220478734216158e-07
57.25,45.14989746190129,23.250482606483416,117.75444803809565,33.046943386747465,33.046943520637875,0.784822361160117,20.999999999999993,2.186038727813866e-07
57.300000000000004,44.730782561122474,24.046938945490872,118.76984739288977,33.046943396311065,33.046943528124835,0.7848223505663583,20.999999999999996,2.152131628463394e-07
57.35,44.29761936488203,24.835843024211957,119.78524674805466,33.04694340572634,33.04694353549569,0.7848223401369125,21.0,2.118751751822856e-07
57.400000000000006,43.85054391382054,25.61694707685678,120.80064610358458,33.046943414995575,33.04694354275222,0.784822329869229,21.0,2.0858891502939514e-07
57.45,43.38969661790692,26.390005787336847,121.81604545947388,33.04694342412105,33.0469435498962,0.7848223197608064,21.0,2.0535367184493225e-07
57.5,42.91522221234082,27.154776366309846,122.83144481571696,33.04694343310499,33.04694355692936,0.7848223098091651,21.0,2.0216845086906687e-07
57.550000000000004,42.427269712096624,27.911018627430867,123.84684417230838,33.046943441949594,33.04694356385344,0.7848223000118821,20.999999999999993,1.9903282577615755e-07
57.6,41.92599236512329,28.65849506278611,124.86224352924268,33.04694345065701,33.04694357067013,0.7848222903665629,20.999999999999996,1.9594565969782707e-07
57.650000000000006,41.41154760421485,29.396970917485405,125.87764288651458,33.046943459229375,33.046943577381086,0.7848222808708414,21.0,1.9290638419988682e-07
57.7,40.88409699756652,30.12621426339012,126.89304224411883,33.04694346766878,33.04694358398795,0.7848222715224082,21.0,1.8991443084814819e-07
57.75,40.343806198032084,30.84599607195327,127.90844160205025,33.046943475977294,33.04694359049238,0.7848222623189685,20.999999999999996,1.8696866277423396e-07
57.800000000000004,39.79084489109841,31.556090286148965,128.92384096030383,33.04694348415694,33.046943596895865,0.7848222532582838,20.999999999999996,1.8406879576104984e-07
57.85,39.22538674159349,32.25627389146865,129.9392403188746,33.04694349220973,33.04694360320004,0.7848222443381232,20.999999999999996,1.812136929402186e-07
57.900000000000006,38.647609339144694,32.94632698596176,130.95463967775746,33.04694350013761,33.046943609406476,0.7848222355563266,20.999999999999996,1.784032122031931e-07
57.95,38.05769414240438,33.626032849298866,131.97003903694772,33.04694350794252,33.046943615516646,0.784822226910741,21.0,1.7563593246450182e-07
58.0,37.45582642206042,34.295178010835556,132.98543839644057,33.04694351562639,33.04694362153202,0.784822218399249,20.999999999999996,1.729117116155976e-07
58.050000000000004,36.842195202649464,34.95355231665575,134.0008377562313,33.046943523191075,33.04694362745413,0.7848222100197759,21.0,1.7022983911374467e-07
58.1,36.2169932031913,35.60094899557333,135.01623711631538,33.04694353063844,33.04694363328435,0.7848222017702753,21.0,1.6758946230766014e-07
58.150000000000006,35.58041677666287,36.23716472407138,136.0316364766882,33.046943537970286,33.04694363902414,0.7848221936487221,20.999999999999996,1.649900127631554e-07
58.2,34.932665848331034,36.86199969015862,137.04703583734528,33.04694354518843,33.04694364467491,0.784822185653141,21.0,1.6243106415458897e-07
58.25,34.27394385296337,37.475257656123055,138.06243519828215,33.0469435522946,33.04694365023805,0.784822177781578,21.0,1.599116217221308e-07
58.300000000000004,33.604457670936796,38.07674602016303,139.0778345594945,33.04694355929056,33.04694365571492,0.7848221700321005,21.0,1.5743125914013945e-07
58.35,32.92441756326405,38.66627587687636,140.09323392097812,33.046943566178015,33.04694366110683,0.7848221624028255,20.999999999999996,1.5498955008297344e-07
58.400000000000006,32.23403710555842,39.24366207658863,141.10863328272882,33.04694357295865,33.0469436664151,0.7848221548918843,20.999999999999993,1.5258549979080271e-07
58.45,31.533533120957504,39.808723283501855,142.12403264474239,33.04694357963411,33.046943671641,0.7848221474974437,21.0,1.5021882404653297e-07
58.5,30.823125612027,40.36128203264547,143.13943200701476,33.046943586206034,33.04694367678587,0.7848221402176918,20.999999999999996,1.4788881230742845e-07
58.550000000000004,30.10303769166601,40.901164785611506,144.1548313695419,33.04694359267602,33.046943681850976,0.7848221330508451,20.999999999999996,1.455950382478477e-07
58.6,29.37349551303547,41.428201985056674,145.17023073231994,33.04694359904566,33.046943686837494,0.78482212599517,20.999999999999996,1.433369334336021e-07
58.650000000000006,28.634728198531732,41.94222810795408,146.18563009534486,33.04694360531651,33.04694369174666,0.7848221190489326,20.999999999999996,1.411135031048616e-07
58.7,27.886967767827656,42.44308171757794,147.20102945861296,33.046943611490086,33.04694369657968,0.7848221122104277,20.999999999999993,1.3892474726162618e-07
58.75,27.130449065003738,42.93060551420495,148.21642882212043,33.04694361756792,33.046943701337746,0.7848221054779998,21.0,1.3677009746970725e-07
58.800000000000004,26.36540968479222,43.40464638451633,149.2318281858635,33.04694362355148,33.046943706022,0.7848220988499861,20.999999999999993,1.3464855896927475e-07
58.85,25.592089897957305,43.86505544968513,150.24722754983853,33.046943629442225,33.046943710633634,0.7848220923247808,21.0,1.325602738688758e-07
58.900000000000006,24.810732575834948,44.31168811213357,151.26262691404196,33.04694363524161,33.046943715173725,0.7848220859007924,21.0,1.3050410530013323e-07
58.95,24.021583114055872,44.74440410094585,152.2780262784702,33.04694364095105,33.04694371964341,0.7848220795764362,21.0,1.284797690459527e-07
59.0,23.224889355475828,45.16306751592213,153.29342564311983,33.04694364657193,33.046943724043764,0.7848220733501776,21.000000000000007,1.2648712299778708e-07
59.050000000000004,22.420901512337245,45.56754687025974,154.3088250079874,33.04694365210563,33.04694372837586,0.7848220672204889,20.999999999999996,1.245251723958063e-07
59.1,21.60987208768677,45.9577151318484,155.3242243730695,33.0469436575535,33.046943732640756,0.7848220611858707,20.999999999999996,1.225937751314632e-07
59.150000000000006,20.79205579607332,46.333449763166335,156.33962373836283,33.04694366291688,33.046943736839495,0.7848220552448595,20.999999999999996,1.2069236277056916e-07
59.2,19.96770948355161,46.69463275976481,157.35502310386406,33.046943668197066,33.04694374097313,0.7848220493959985,20.999999999999996,1.1882022477038845e-07
59.25,19.13709204701622,47.041150687329,158.37042246957003,33.046943673395354,33.046943745042654,0.7848220436378526,20.999999999999993,1.169772190223739e-07
59.300000000000004,18.300464352891623,47.37289471730355,159.38582183547751,33.04694367851302,33.046943749049035,0.7848220379690218,20.999999999999996,1.1516291920088406e-07
59.35,17.458089155203588,47.68976066107164,160.40122120158347,33.046943683551305,33.04694375299327,0.7848220323881137,21.0,1.1337661476318317e-07
59.400000000000006,16.610231013057806,47.99164900267678,161.41662056788473,33.04694368851144,33.046943756876345,0.7848220268937709,20.999999999999993,1.1161816360072407e-07
59.45,15.757156207551596,48.278464930077156,162.4320199343783,33.04694369339465,33.046943760699186,0.7848220214846435,21.0,1.0988685517077101e-07
59.5,14.899132658144778,48.5501183649226,163.4474193010612,33.046943698202114,33.04694376446273,0.7848220161594242,20.999999999999996,1.0818254736477684e-07
59.550000000000004,14.036429838516021,48.80652399084487,164.46281866793046,33.04694370293502,33.0469437681679,0.7848220109167983,21.000000000000007,1.0650438753145863e-07
59.6,13.169318691931055,49.04760128025245,165.47821803498326,33.04694370759451,33.04694377181559,0.7848220057554869,21.0,1.0485251777936355e-07
59.650000000000006,12.298071546149338,49.27327451962125,166.4936174022167,33.04694371218173,33.04694377540671,0.7848220006742253,21.000000000000007,1.0322622756575583e-07
59.7,11.422962027895908,49.4834728332735,167.50901676962798,33.0469437166978,33.04694377894214,0.7848219956717841,21.0,1.0162523267354118e-07
59.75,10.544264976925282,49.67813020563717,168.52441613721433,33.046943721143826,33.04694378242274,0.7848219907469272,20.999999999999996,1.0004882255998382e-07
59.800000000000004,9.662256359704381,49.85718550197903,169.53981550497303,33.04694372552089,33.046943785849365,0.7848219858984606,20.999999999999996,9.849713933363091e-08
59.85,8.777213182741594,50.020582487604884,170.55521487290147,33.04694372983007,33.0469437892228,0.784821981125198,21.0,9.696933034319954e-08
59.900000000000006,7.889413405589208,50.16826984552076,171.570614240997,33.04694373407241,33.046943792543914,0.7848219764259738,21.0,9.546525348014256e-08
59.95,6.999135853546521,50.30020119254974,172.58601360925698,33.04694373824894,33.04694379581354,0.7848219717996372,21.000000000000007,9.398448241881852e-08
60.0,6.106660130091057,50.4163350938992,173.60141297767888,33.0469437423607,33.046943799032455,0.7848219672450512,21.0,9.25267329421331e-08
60.050000000000004,5.212266529065376,50.516635076173955,174.61681234626016,33.04694374640869,33.04694380220145,0.7848219627611144,20.999999999999993,9.1091720832992e-08
60.1,4.316235946647078,50.601069638831234,175.6322117149984,33.04694375039388,33.04694380532129,0.7848219583467326,21.000000000000007,8.967873554865946e-08
60.150000000000006,3.4188497931296227,50.66961226407383,176.64761108389112,33.04694375431727,33.046943808392754,0.7848219540008188,20.999999999999996,8.828763498058834e-08
60.2,2.5203899045416946,50.722241425178375,177.66301045293602,33.0469437581798,33.04694381141653,0.784821949722307,20.999999999999996,8.691827702023147e-08
60.25,1.6211384541328546,50.758940593256106,178.67840982213062,33.04694376198242,33.04694381439344,0.784821945510167,21.000000000000007,8.557023534194741e-08
60.300000000000004,0.7213778637532839,50.77969824244397,179.6938091914727,33.04694376572607,33.04694381732414,0.7848219413633544,20.999999999999996,8.424279940300039e-08
60.35,-0.17860928484454697,50.78450785352449,-179.2907914390401,33.04694376941165,33.04694382020939,0.78482193728086,21.00000000000001,8.293625342048472e-08
60.400000000000006,-1.0785403387544301,50.773367915973196,-178.27539206941,33.046943773040056,33.04694382304991,0.7848219332616821,20.999999999999996,8.164988685166463e-08
60.45,-1.978132662687319,50.74628192843306,-177.25999269963927,33.04694377661219,33.046943825846384,0.7848219293048473,20.999999999999996,8.038355758799298e-08
60.5,-2.877103727736693,50.703258397615684,-176.24459332973004,33.04694378012891,33.046943828599474,0.784821925409382,20.999999999999996,7.913669719528116e-08
60.550000000000004,-3.7751712001105133,50.644310835629646,-175.22919395968444,33.0469437835911,33.04694383130984,0.7848219215743484,20.999999999999996,7.790930567352916e-08
60.6,-4.672053029801898,50.56945775573686,-174.21379458950463,33.04694378699958,33.04694383397819,0.7848219177987872,21.0,7.670067248000123e-08
60.650000000000006,-5.567467539170671,50.47872266653826,-173.19839521919266,33.04694379035519,33.04694383660516,0.784821914081796,20.999999999999996,7.551122394033882e-08
60.7,-6.46113351140797,50.37213406459057,-172.1829958487506,33.04694379365876,33.04694383919136,0.7848219104224583,20.999999999999993,7.433982318616472e-08
60.75,-7.352770278856115,50.249725425456624,-171.16759647818043,33.04694379691109,33.04694384173747,0.7848219068198716,20.999999999999996,7.318675443457323e-08
60.800000000000004,-8.242097811156011,50.11153519319191,-170.1521971074842,33.04694380011297,33.04694384424407,0.7848219032731691,21.0,7.205173346847005e-08
60.85,-9.128836803194412,49.95760676827071,-169.13679773666382,33.046943803265194,33.0469438467118,0.7848218997814769,21.0,7.093404974511941e-08
60.900000000000006,-10.012708762823387,49.787988493955595,-168.12139836572126,33.046943806368525,33.04694384914125,0.7848218963439422,21.0,6.983384537306847e-08
60.95,-10.893436098324484,49.602733641114604,-167.10599899465834,33.04694380942372,33.046943851533015,0.7848218929597266,20.999999999999996,6.875069402667577e-08
61.0,-11.770742205590098,49.401900391490805,-166.09059962347698,33.04694381243153,33.0469438538877,0.7848218896279988,20.999999999999996,6.768431148884702e-08
61.050000000000004,-12.644351554994659,49.185551819429556,-165.07520025217903,33.04694381539268,33.04694385620584,0.7848218863479488,21.000000000000007,6.663455565103504e-08
61.1,-13.513989777928371,48.95375587206918,-164.05980088076626,33.04694381830791,33.04694385848802,0.7848218831187808,20.999999999999996,6.56010001875984e-08
61.150000000000006,-14.379383752966321,48.70658534800125,-163.04440150924046,33.04694382117791,33.04694386073482,0.7848218799396989,20.999999999999993,6.458336088144279e-08
61.2,-15.240261691645886,48.44411787440723,-162.02900213760338,33.04694382400341,33.04694386294676,0.7848218768099215,21.0,6.35816377325682e-08
61.25,-16.096353223825506,48.166435882678655,-161.01360276585677,33.046943826785075,33.0469438651244,0.7848218737286885,20.999999999999996,6.259554652388033e-08
61.300000000000004,-16.947389482598027,47.87362658252842,-159.99820339400233,33.04694382952359,33.04694386726827,0.7848218706952466,20.999999999999996,6.162466092973773e-08
61.35,-17.793103188731916,47.56578193460145,-158.98280402204168,33.04694383221964,33.04694386937888,0.7848218677088568,21.000000000000007,6.066883884159324e-08
61.400000000000006,-18.633228734613855,47.242998621593216,-157.96740464997652,33.04694383487387,33.04694387145674,0.7848218647687872,21.0,5.972779604235257e-08
61.45,-19.46750226766634,46.90537801788526,-156.95200527780844,33.046943837486936,33.046943873502386,0.7848218618743203,21.0,5.880139042346855e-08
61.5,-20.295661773214086,46.553026157707244,-155.9366059055391,33.04694384005947,33.04694387551629,0.7848218590247527,20.999999999999996,5.788933776784688e-08
61.550000000000004,-21.117447156773217,46.186053701835455,-154.92120653317,33.0469438425921,33.046943877498975,0.7848218562193807,20.999999999999996,5.699135385839327e-08
61.6,-21.93260032573739,45.804575902838366,-153.9058071607027,33.04694384508545,33.0469438794509,0.7848218534575224,20.999999999999996,5.61074386951077e-08
61.650000000000006,-22.740865270435208,45.408712568880006,-152.89040778813873,33.04694384754013,33.046943881372556,0.7848218507385027,20.999999999999996,5.523716595234873e-08
61.7,-23.54198814453346,44.99858802609263,-151.87500841547958,33.04694384995673,33.0469438832644,0.7848218480616538,21.0,5.4380393521569204e-08
61.75,-24.335717344760926,44.574331079530445,-150.85960904272676,33.04694385233585,33.04694388512689,0.7848218454263289,20.999999999999996,5.3536979294221965e-08
61.800000000000004,-25.121803589927733,44.136074972716685,-149.8442096698817,33.04694385467807,33.046943886960506,0.7848218428318816,20.999999999999996,5.270649694466556e-08
61.85,-25.899999999215414,43.6839573457967,-148.82881029694582,33.04694385698396,33.04694388876567,0.7848218402776723,20.999999999999996,5.188894647289999e-08
61.900000000000006,-26.67006216971312,43.218120192310245,-147.81341092392057,33.04694385925408,33.046943890542856,0.7848218377630758,20.999999999999996,5.10841857703781e-08
61.95,-27.43174825317559,42.73870981459654,-146.7980115508073,33.04694386148899,33.04694389229247,0.7848218352874881,21.0,5.029193062000559e-08
62.0,-28.18481903197882,42.24587677784606,-145.78261217760735,33.046943863689236,33.04694389401494,0.784821832850298,21.0,4.9511754696141e-08
62.050000000000004,-28.9290379942495,41.739775862813545,-144.76721280432213,33.04694386585536,33.04694389571068,0.7848218304509089,20.999999999999996,4.874380010733148e-08
62.1,-29.664171408144757,41.22056601720706,-143.7518134309529,33.046943867987885,33.046943897380146,0.784821828088738,21.0,4.7987782636482734e-08
62.150000000000006,-30.3899883952587,40.68841030576836,-142.736414057501,33.04694387008733,33.0469438990237,0.7848218257632098,20.999999999999996,4.724341806650045e-08
62.2,-31.106261003132886,40.14347585906021,-141.72101468396772,33.046943872154216,33.046943900641764,0.7848218234737487,20.999999999999996,4.6510564288837486e-08
62.25,-31.812764276847783,39.58593382097686,-140.7056153103543,33.04694387418904,33.046943902234716,0.7848218212197935,20.999999999999996,4.578922130349383e-08
62.300000000000004,-32.509276329672886,39.01595929499402,-139.69021593666199,33.0469438761923,33.04694390380298,0.784821819000804,20.999999999999996,4.507910489337519e-08
62.35,-33.19557841275316,38.43373128917527,-138.67481656289198,33.04694387816449,33.04694390534691,0.7848218168162262,21.000000000000007,4.43797887328401e-08
62.400000000000006,-33.87145498381004,37.83943265995222,-137.6594171890455,33.04694388010609,33.046943906866886,0.7848218146655412,20.999999999999996,4.3691557038982864e-08
62.45,-34.53669377483535,37.23325005469603,-136.64401781512382,33.04694388201758,33.04694390836331,0.7848218125482092,21.0,4.301369926906773e-08
62.5,-35.19108585875687,36.61537385309829,-135.62861844112797,33.04694388389942,33.04694390983648,0.7848218104637255,21.0,4.234664174873615e-08
62.550000000000004,-35.834425715054685,35.9859981073798,-134.61321906705916,33.046943885752064,33.046943911286846,0.7848218084115643,20.999999999999996,4.168967393525236e-08
62.6,-36.46651129430761,35.34532048134585,-133.59781969291856,33.04694388757598,33.04694391271468,0.7848218063912356,20.999999999999996,4.104322215425782e-08
62.650000000000006,-37.087144081649505,34.69354218830732,-132.58242031870722,33.046943889371605,33.04694391412041,0.7848218044022417,21.0,4.040657586301677e-08
62.7,-37.696129159115515,34.03086792788692,-131.56702094442628,33.04694389113937,33.046943915504315,0.7848218024440996,20.999999999999996,3.977987717007636e-08
62.75,-38.29327526685863,33.35750582173062,-130.55162157007678,33.046943892879725,33.046943916866745,0.7848218005163332,20.999999999999996,3.916284185834229e-08
62.800000000000004,-38.87839486321738,32.67366734814422,-129.5362221956598,33.046943894593085,33.04694391820804,0.7848217986184665,21.0,3.8555327819267404e-08
62.85,-39.4513041836158,31.97956727567583,-128.52082282117644,33.04694389627987,33.04694391952854,0.7848217967500375,20.999999999999996,3.7957335052851704e-08
62.900000000000006,-40.01182329827711,31.275423595664925,-127.50542344662766,33.04694389794049,33.046943920828554,0.7848217949105845,21.0,3.7368579342000885e-08
62.95,-40.55977616873309,30.561457453779298,-126.49002407201449,33.046943899575346,33.04694392210841,0.7848217930996668,20.999999999999996,3.678906068671495e-08
63.0,-41.094990703111264,29.8378930805613,-125.47462469733793,33.046943901184854,33.04694392336841,0.7848217913168369,21.0,3.6218352761352435e-08
63.050000000000004,-41.61729881018266,29.10495772100529,-124.45922532259898,33.04694390276939,33.04694392460888,0.7848217895616614,20.999999999999996,3.56565976744605e-08
63.1,-42.126536452153076,28.36288156318831,-123.4438259477986,33.04694390432935,33.04694392583009,0.7848217878337067,20.999999999999996,3.510351120894484e-08
63.150000000000006,-42.62254369618134,27.611897665976464,-122.42842657293772,33.04694390586513,33.04694392703236,0.7848217861325608,20.999999999999996,3.455909336480545e-08
63.2,-43.10516476460833,26.852241885829702,-121.4130271980173,33.04694390737707,33.04694392821599,0.7848217844577903,20.999999999999996,3.402291781640088e-08
63.25,-43.57424808388105,26.08415280272795,-120.39762782303829,33.046943908865565,33.04694392938127,0.7848217828090043,20.999999999999996,3.349541088937258e-08
63.300000000000004,-44.029646332156275,25.307871645241917,-119.38222844800157,33.046943910330974,33.04694393052846,0.7848217811857907,20.999999999999996,3.297571993243764e-08
63.35,-44.47121648556896,24.523642214772046,-118.36682907290803,33.046943911773646,33.046943931657864,0.7848217795877446,21.0,3.246427127123752e-08
63.400000000000006,-44.89881986315078,23.73171080897946,-117.35142969775853,33.04694391319395,33.04694393276975,0.7848217780144964,21.000000000000007,3.1960922797225066e-08
63.45,-45.31232217038472,22.932326144432906,-116.33603032255398,33.04694391459223,33.046943933864384,0.7848217764656482,20.999999999999996,3.1464963967664517e-08
63.5,-45.711593541382065,22.125739278496013,-115.32063094729524,33.046943915968804,33.04694393494204,0.7848217749408235,20.999999999999996,3.097696321674448e-08
63.550000000000004,-46.0965085796685,21.312203530479398,-114.3052315719831,33.046943917324036,33.04694393600298,0.7848217734396528,21.0,3.04964942188235e-08
63.6,-46.466946397566545,20.491974402082377,-113.28983219661843,33.04694391865824,33.04694393704749,0.7848217719617665,21.0,3.0023414865354425e-08
63.650000000000006,-46.82279065416192,19.665309497149256,-112.27443282120203,33.04694391997176,33.046943938075756,0.7848217705068024,20.999999999999996,2.9557725156337256e-08
63.7,-47.16392959184198,18.83246844076543,-111.2590334457347,33.046943921264905,33.046943939088095,0.784821769074405,21.0,2.909928298322484e-08
63.75,-47.49025607139465,17.993712797718686,-110.24363407021725,33.04694392253799,33.04694394008474,0.7848217676642193,21.0,2.8647946237470023e-08
63.800000000000004,-47.801667605656945,17.149305990351287,-109.22823469465044,33.04694392379133,33.04694394106592,0.784821766275904,20.999999999999996,2.820371491907281e-08
63.85,-48.09806639170242,16.299513215828714,-108.21283531903502,33.04694392502523,33.04694394203188,0.7848217649091325,20.999999999999996,2.776630481093889e-08
63.900000000000006,-48.37935934155744,15.444601362850959,-107.19743594337177,33.04694392623999,33.04694394298285,0.7848217635635564,20.999999999999996,2.7335431695973966e-08
63.95,-48.64545811143675,14.58483892783259,-106.18203656766143,33.04694392743591,33.04694394391907,0.7848217622388489,20.999999999999996,2.691152189981949e-08
64.0,-48.896279129488995,13.720495930577892,-105.16663719190471,33.04694392861329,33.04694394484078,0.7848217609346904,21.0,2.6494149096834008e-08
64.05,-49.13174362204355,12.851843829477557,-104.15123781610235,33.0469439297724,33.04694394574819,0.784821759650761,20.999999999999993,2.6083171178470366e-08
64.10000000000001,-49.351777638350455,11.979155436253578,-103.13583844025507,33.04694393091352,33.04694394664152,0.784821758386741,21.000000000000007,2.5678588144728565e-08
64.15,-49.55631207380564,11.1027048302791,-102.12043906436352,33.046943932036946,33.046943947520994,0.784821757142339,20.999999999999996,2.5280399995608605e-08
64.2,-49.745282691654126,10.222767272500162,-101.10503968842843,33.046943933142956,33.04694394838684,0.7848217559172284,20.999999999999996,2.4888038296921877e-08
64.25,-49.918630143164435,9.339619118986336,-100.08964031245046,33.046943934231805,33.046943949239235,0.7848217547111247,21.0,2.4502213591404143e-08
64.3,-50.07629998626786,8.453537734137438,-99.07424093643027,33.046943935303766,33.04694395007842,0.7848217535237225,20.999999999999996,2.412207322777249e-08
64.35000000000001,-50.21824270265672,7.564801403573556,-98.05884156036852,33.0469439363591,33.04694395090459,0.7848217523547376,20.999999999999996,2.3748043531668372e-08
64.4,-50.34441371333621,6.673689246735757,-97.04344218426586,33.04694393739807,33.04694395171795,0.7848217512038858,20.999999999999996,2.3379698177450337e-08
64.45,-50.45477339262508,5.780481129224917,-96.02804280812292,33.04694393842092,33.04694395251868,0.7848217500708827,20.999999999999996,2.301703716511838e-08
64.5,-50.549287080600564,4.88545757490622,-95.01264343194032,33.0469439394279,33.046943953307,0.7848217489554585,20.999999999999996,2.2660060494672507e-08
64.55,-50.62792509398381,3.98889967780691,-93.99724405571867,33.04694394041926,33.04694395408309,0.7848217478573432,21.000000000000007,2.230848394901841e-08
64.60000000000001,-50.690662735462304,3.091089013834981,-92.98184467945859,33.04694394139525,33.046943954847144,0.7848217467762524,21.0,2.196230752815609e-08
64.65,-50.73748030144638,2.1923075523465236,-91.96644530316068,33.0469439423561,33.046943955599346,0.7848217457119304,20.999999999999996,2.162181544917985e-08
64.7,-50.768363088257416,1.292837567589509,-90.95104592682551,33.04694394330205,33.0469439563399,0.7848217446641144,21.0,2.128643927790108e-08
64.75,-50.783301396745706,0.3929615500518101,-89.93564655045368,33.04694394423332,33.04694395706895,0.7848217436325484,20.999999999999996,2.095632112286694e-08
64.8,-50.78229053533661,-0.5070378822586841,-88.92024717404573,33.046943945150154,33.046943957786695,0.784821742616991,20.999999999999996,2.063131887553027e-08
64.85000000000001,-50.765330821503994,-1.4068780725740067,-87.90484779760223,33.046943946052764,33.046943958493294,0.7848217416171792,20.999999999999996,2.0311148318796768e-08
64.9,-50.73242758167056,-2.3062764141382233,-86.88944842112375,33.04694394694137,33.046943959188944,0.7848217406328786,20.999999999999996,1.999623577830789e-08
64.95,-50.68359114953496,-3.2049504389638357,-85.8740490446108,33.046943947816196,33.04694395987381,0.7848217396638404,21.0,1.9686012819875032e-08
65.0,-50.61883686282642,-4.102617906544603,-84.85864966806393,33.04694394867745,33.04694396054802,0.7848217387098373,21.000000000000007,1.9380763660592493e-08
65.05,-50.53818505848767,-4.998996892496921,-83.84325029148368,33.04694394952535,33.04694396121181,0.7848217377706277,21.0,1.9080061974818818e-08
65.10000000000001,-50.44166106628789,-5.893805877101913,-82.82785091487057,33.046943950360095,33.04694396186529,0.7848217368459913,21.0,1.8784191979648313e-08
65.15,-50.32929520086756,-6.786763833720443,-81.81245153822509,33.046943951181895,33.046943962508635,0.7848217359356937,21.000000000000007,1.849272734943952e-08
65.2,-50.20112275221772,-7.677590317053254,-80.79705216154775,33.04694395199095,33.046943963142006,0.7848217350395146,21.0,1.8205952301286743e-08
65.25,-50.05718397459671,-8.566005551218545,-79.78165278483904,33.04694395278745,33.04694396376555,0.7848217341572337,21.000000000000007,1.792358261809568e-08
65.3,-49.89752407388777,-9.451730517619296,-78.76625340809944,33.046943953571606,33.046943964379416,0.7848217332886378,21.0,1.7645618299866328e-08
65.35000000000001,-49.722193193401544,-10.334487042572764,-77.75085403132945,33.04694395434359,33.04694396498378,0.7848217324335138,21.0,1.7371917238051537e-08
65.4,-49.53124639812789,-11.213997884674622,-76.73545465452952,33.0469439551036,33.04694396557874,0.7848217315916557,21.0,1.7102479432651307e-08
65.45,-49.324743657442006,-12.089986821870303,-75.72005527770011,33.04694395585183,33.0469439661645,0.7848217307628573,20.999999999999996,1.6837162775118486e-08
65.5,-49.10274982627025,-12.9621787382062,-74.70465590084171,33.04694395658844,33.04694396674116,0.7848217299469056,21.0,1.6575967265453073e-08
65.55,-48.86533462472158,-13.830299710233488,-73.68925652395475,33.04694395731364,33.04694396730887,0.7848217291436157,20.999999999999996,1.631903501220222e-08
65.60000000000001,-48.61257261619104,-14.694077093037418,-72.67385714703967,33.04694395802758,33.04694396786778,0.7848217283527887,21.0,1.606579758117732e-08
65.65,-48.34454318394213,-15.553239605865071,-71.65845777009692,33.04694395873045,33.04694396841802,0.7848217275742257,20.999999999999993,1.5816539189472678e-08
65.7,-48.061330506175445,-16.407517417324684,-70.64305839312692,33.04694395942242,33.04694396895973,0.7848217268077349,20.999999999999996,1.557125983708829e-08
65.75,-47.763023529591386,-17.256642230129774,-69.62765901613008,33.04694396010366,33.04694396949305,0.7848217260531385,20.999999999999996,1.532981741547701e-08
65.8,-47.44971594145528,-18.100347365361472,-68.61225963910684,33.04694396077433,33.046943970018084,0.7848217253102447,20.999999999999993,1.5091927707544528e-08
65.85000000000001,-47.121506140173636,-18.93836784622257,-67.59686026205759,33.0469439614346,33.04694397053496,0.784821724578876,21.0,1.4857874930385151e-08
65.9,-46.778497204390824,-19.770440481257,-66.58146088498275,33.046943962084626,33.046943971043845,0.7848217238588475,20.999999999999996,1.4627374866904574e-08
65.95,-46.420796860615866,-20.59630394700862,-65.5660615078827,33.046943962724576,33.04694397154482,0.7848217231499888,21.0,1.440056962564995e-08
66.0,-46.0485174493895,-21.4156988700933,-64.55066213075781,33.04694396335459,33.04694397203803,0.7848217224521221,20.999999999999996,1.4177174989526975e-08
66.05,-45.661775890002126,-22.228367908658583,-63.53526275360852,33.04694396397484,33.046943972523586,0.784821721765077,20.999999999999996,1.39573330670828e-08
66.10000000000001,-45.26069364377376,-23.034055833205308,-62.51986337643521,33.04694396458546,33.04694397300162,0.7848217210886972,21.0,1.3740901749770273e-08
66.15,-44.8453966759075,-23.832509606745823,-61.504463999238205,33.046943965186614,33.046943973472224,0.784821720422805,20.999999999999996,1.3527596820495091e-08
66.2,-44.41601541592847,-24.623478464273614,-60.48906462201789,33.046943965778446,33.046943973935534,0.7848217197672369,20.999999999999996,1.331784460489871e-08
66.25,-43.97268471672071,-25.40671399151938,-59.47366524477463,33.0469439663611,33.04694397439167,0.7848217191218367,20.999999999999996,1.3111360885886825e-08
66.3,-43.51554381217481,-26.181970202968834,-58.45826586750877,33.04694396693471,33.04694397484071,0.7848217184864552,20.999999999999996,1.2908003554912284e-08
66.35000000000001,-43.04473627345971,-26.949003619117722,-57.4428664902207,33.04694396749943,33.046943975282815,0.7848217178609218,21.0,1.2707630503427936e-08
66.4,-42.56040996393222,-27.70757334293979,-56.42746711291072,33.04694396805538,33.046943975718044,0.7848217172450944,21.000000000000007,1.2510668057075236e-08
66.45,-42.0627169926986,-28.45744113554369,-55.41206773557919,33.04694396860272,33.04694397614653,0.7848217166388167,20.999999999999996,1.2316547781665577e-08
66.5,-41.55181366684264,-29.19837149099508,-54.39666835822644,33.04694396914156,33.04694397656837,0.7848217160419395,21.0,1.2125553894293262e-08
66.55,-41.0278604423354,-29.930131710280378,-53.3812689808528,33.04694396967204,33.046943976983655,0.7848217154543278,20.999999999999996,1.193754428641114e-08
66.60000000000001,-40.49102187364184,-30.65249197438898,-52.36586960345858,33.046943970194306,33.04694397739251,0.7848217148758252,21.0,1.1752234740924905e-08
66.65,-39.94146656204032,-31.365225416490972,-51.35047022604412,33.04694397070846,33.046943977795024,0.7848217143062968,20.999999999999996,1.1570051583476015e-08
66.7,-39.379367102671125,-32.06810819318767,-50.33507084860972,33.046943971214645,33.04694397819129,0.7848217137456004,20.999999999999993,1.1390568488423014e-08
66.75,-38.80490003033068,-32.7609195548126,-49.3196714711557,33.04694397171298,33.046943978581396,0.7848217131936082,21.0,1.1213927564313053e-08
66.8,-38.218245764028445,-33.443441914760896,-48.304272093682364,33.04694397220358,33.04694397896547,0.7848217126501709,20.999999999999996,1.1039844594051829e-08
66.85000000000001,-37.61958855032394,-34.11546091782522,-47.288872716190006,33.04694397268657,33.04694397934358,0.7848217121151677,20.999999999999996,1.0868745903280796e-08
66.9,-37.009116405461654,-34.77676550751687,-46.27347333867891,33.046943973162065,33.046943979715834,0.7848217115884566,20.999999999999996,1.0700063057811349e-08
66.95,-36.38702105632207,-35.4271479923509,-45.2580739611494,33.04694397363019,33.0469439800823,0.7848217110699167,21.0,1.0534222383284941e-08
67.0,-35.753497880207256,-36.06640411107438,-44.24267458360175,33.04694397409106,33.04694398044312,0.7848217105594202,20.999999999999996,1.0370797554060118e-08
67.05,-35.108745843480065,-36.6943330968173,-43.227275206036204,33.046943974544774,33.0469439807983,0.7848217100568391,20.999999999999996,1.0209930678684032e-08
67.10000000000001,-34.4529674390761,-37.31073774014617,-42.211875828453074,33.04694397499145,33.04694398114799,0.7848217095620598,21.0,1.0051621757156681e-08
67.15,-33.7863686229081,-37.91542445100017,-41.19647645085262,33.046943975431205,33.04694398149225,0.7848217090749543,21.0,9.895586572383763e-09
67.2,-33.10915874918278,-38.50820331949072,-40.18107707323512,33.04694397586413,33.04694398183116,0.7848217085954019,20.999999999999996,9.742109341459582e-09
67.25,-32.42155050465034,-39.0888881755452,-39.165677695600834,33.04694397629034,33.04694398216482,0.7848217081232889,21.0,9.591047955836984e-09
67.3,-31.723759841807382,-39.657296647376135,-38.150278317950026,33.046943976709954,33.0469439824933,0.7848217076584945,21.0,9.44226030696882e-09
67.35000000000001,-31.016005911074153,-40.21325021875747,-37.13487894028296,33.04694397712305,33.04694398281671,0.784821707200912,21.0,9.295888503402239e-09
67.4,-30.298510991967454,-40.75657428508996,-36.119479562599864,33.046943977529736,33.04694398313508,0.7848217067504208,21.0,9.151648328042938e-09
67.45,-29.571500423290804,-41.28709820823806,-35.104080184901015,33.04694397793012,33.04694398344852,0.7848217063069214,21.0,9.009823997985222e-09
67.5,-28.835202532363795,-41.80465537012112,-34.08868080718665,33.04694397832429,33.0469439837571,0.7848217058703071,20.999999999999996,8.869989187587635e-09
67.55,-28.08984856331287,-42.30908322504195,-33.07328142945699,33.04694397871235,33.0469439840609,0.7848217054404572,20.999999999999996,8.732286005397327e-09
67.60000000000001,-27.335672604446035,-42.80022335073653,-32.05788205171227,33.046943979094394,33.04694398435998,0.7848217050172792,21.000000000000007,8.596998668508604e-09
67.65,-26.572911514734315,-43.27792149812857,-31.042482673952765,33.046943979470505,33.04694398465441,0.7848217046006667,20.999999999999993,8.463558742732857e-09
67.7,-25.80180484942305,-43.7420276397735,-30.027083296178652,33.04694397984079,33.046943984944285,0.7848217041905059,21.0,8.332250445164391e-09
67.75,-25.022594784796397,-44.192396016976566,-29.011683918390194,33.04694398020532,33.04694398522967,0.7848217037867116,21.0,8.203215884350357e-09
67.8,-24.235526042118646,-44.62888518557032,-27.99628454058761,33.0469439805642,33.046943985510616,0.7848217033891842,21.0,8.075886626102147e-09
67.85000000000001,-23.440845810776267,-45.051358060336995,-26.98088516277111,33.04694398091752,33.046943985787216,0.7848217029978173,21.0,7.950546887514065e-09
67.9,-22.638803670644783,-45.459681958061964,-25.965485784940892,33.04694398126536,33.0469439860595,0.7848217026125255,20.999999999999996,7.827338777133264e-09
67.95,-21.829651513704924,-45.85372863920466,-24.950086407097217,33.0469439816078,33.0469439863276,0.7848217022332094,21.0,7.705835969318287e-09
68.0,-21.01364346493258,-46.233374348173896,-23.93468702924026,33.04694398194492,33.046943986591515,0.7848217018597765,21.0,7.586322681163438e-09
68.05,-20.1910358024875,-46.59849985219497,-22.919287651370226,33.046943982276815,33.046943986851346,0.7848217014921346,21.000000000000007,7.468656804121565e-09
68.10000000000001,-19.362086877225725,-46.948990478756286,-21.903888273487315,33.04694398260357,33.046943987107134,0.7848217011301983,20.999999999999996,7.352838338192669e-09
68.15,-18.52705703156106,-47.28473615162378,-20.88848889559173,33.04694398292525,33.04694398735896,0.7848217007738754,20.999999999999996,7.238725174829597e-09
68.2,-17.68620851770111,-47.60563142541184,-19.87308951768368,33.046943983241945,33.04694398760687,0.7848217004230804,21.0,7.126459422579501e-09
68.25,-16.83980541528347,-47.911575518699806,-18.857690139763367,33.04694398355373,33.04694398785096,0.7848217000777211,21.000000000000007,7.015898972895229e-09
68.3,-15.98811354843802,-48.202472345683724,-17.842290761830967,33.04694398386067,33.04694398809125,0.7848216997377264,20.999999999999996,6.907185934323934e-09
68.35000000000001,-15.131400402301322,-48.478230546353366,-16.826891383886657,33.04694398416286,33.04694398832782,0.7848216994029968,20.999999999999996,6.799893981224159e-09
68.4,-14.269935039009368,-48.73876351518507,-15.81149200593062,33.04694398446035,33.046943988560706,0.7848216990734613,20.999999999999993,6.694591547784512e-09
68.45,-13.40398801319504,-48.983989428341324,-14.796092627963056,33.046943984753234,33.04694398878998,0.7848216987490346,21.0,6.590710199816385e-09
68.5,-12.533831287016838,-49.213831269368654,-13.780693249984143,33.04694398504157,33.04694398901572,0.7848216984296386,20.999999999999993,6.488534154414083e-09
68.55,-11.659738144745553,-49.42821685338566,-12.76529387199406,33.046943985325434,33.046943989237924,0.7848216981152092,21.0,6.387921303030453e-09
68.60000000000001,-10.781983106935717,-49.62707884975363,-11.74989449399296,33.0469439856049,33.04694398945672,0.784821697805647,20.999999999999996,6.288587428571191e-09
68.65,-9.900841844208772,-49.81035480322261,-10.73449511598102,33.046943985880034,33.0469439896721,0.7848216975008881,21.0,6.191243073772057e-09
68.7,-9.016591090675055,-49.97798715354633,-9.719095737958419,33.04694398615089,33.046943989884156,0.7848216972008544,21.0,6.0951776958972914e-09
68.75,-8.129508557021781,-50.12992325355975,-8.70369635992531,33.04694398641756,33.04694399009289,0.7848216969054747,20.999999999999996,6.000675512041198e-09
68.8,-7.239872843294311,-50.26611538571361,-7.68829698188187,33.04694398668008,33.04694399029842,0.7848216966146779,20.999999999999996,5.907594413656625e-09
68.85000000000001,-6.347963351398107,-50.38652077706074,-6.672897603828252,33.04694398693853,33.04694399050075,0.7848216963283932,21.0,5.815934400743572e-09
68.9,-5.454060197348859,-50.491101612689484,-5.65749822576461,33.046943987192975,33.04694399069992,0.7848216960465422,20.999999999999996,5.725695473302039e-09
68.95,-4.558444123298331,-50.57982504759999,-4.64209884769112,33.04694398744347,33.046943990896054,0.7848216957690681,20.999999999999996,5.637019739879179e-09
69.0,-3.6613964093635594,-50.6526632170196,-3.6266994696079102,33.046943987690085,33.04694399108911,0.7848216954959,21.0,5.5494808748335345e-09
69.05,-2.7631987852870985,-50.709593245154146,-2.6113000915151336,33.04694398793287,33.04694399127918,0.7848216952269595,20.999999999999996,5.46336309525941e-09
69.10000000000001,-1.8641333419560562,-50.75059725237242,-1.5959007134129428,33.0469439881719,33.046943991466286,0.7848216949622042,21.0,5.378808509703958e-09
69.15,-0.9644824428077052,-50.77566236082149,-0.58050133530149,33.04694398840721,33.046943991650515,0.7848216947015416,21.000000000000007,5.295106575431419e-09
69.2,-0.06452863514949747,-50.784780698471174,0.43489804281909744,33.04694398863887,33.04694399183187,0.7848216944449291,20.999999999999996,5.213252052271855e-09
69.25,0.835445438578669,-50.77794940158634,1.4502974209486668,33.04694398886695,33.04694399201042,0.7848216941922956,20.999999999999996,5.132250180395204e-09
69.3,1.7351571295720607,-50.75517061562633,2.4656967990870653,33.04694398909148,33.046943992186186,0.7848216939435844,20.999999999999993,5.0526693939900724e-09
69.35000000000001,2.6343238714307167,-50.7164514945711,3.4810961772341655,33.04694398931253,33.04694399235923,0.7848216936987313,21.0,4.974225475962157e-09
69.4,3.532663268903179,-50.66180419867448,4.496495555389841,33.04694398953015,33.046943992529606,0.7848216934576726,20.999999999999996,4.8970605348586105e-09
69.45,4.429893186576471,-50.591245890645034,5.511894933553964,33.0469439897444,33.04694399269734,0.7848216932203513,21.0,4.821174570679432e-09
69.5,5.325731837484465,-50.50479873025591,6.527294311726381,33.04694398995532,33.046943992862445,0.7848216929867178,20.999999999999996,4.746425474877469e-09
69.55,6.219897871606827,-50.40248986738525,7.542693689906992,33.04694399016297,33.04694399302501,0.7848216927567009,21.0,4.672671138905571e-09
69.60000000000001,7.112110464230718,-50.28435143348944,8.558093068095644,33.0469439903674,33.04694399318505,0.784821692530258,21.0,4.600337888405193e-09
69.65,8.00208940414753,-50.15042053151178,9.573492446292208,33.046943990568664,33.04694399334261,0.7848216923073181,21.0,4.5288572891877266e-09
69.7,8.889555181656926,-50.0007392242298,10.588891824496583,33.046943990766806,33.04694399349773,0.7848216920878386,20.999999999999993,4.458797775441781e-09
69.75,9.774229076350586,-49.83535452104492,11.604291202708644,33.04694399096187,33.046943993650416,0.7848216918717696,21.0,4.389590912978747e-09
69.8,10.65583324464804,-49.65431836321849,12.61969058092826,33.04694399115391,33.04694399380079,0.7848216916590474,20.999999999999996,4.321378810345777e-09
69.85000000000001,11.534090807057137,-49.45768760755898,13.635089959155334,33.04694399134298,33.04694399394877,0.7848216914496362,21.0,4.254445684637176e-09
69.9,12.408725935131724,-49.245524008565305,14.650489337389734,33.046943991529105,33.0469439940945,0.7848216912434651,21.0,4.1882231016643345e-09
69.95,13.279463938099234,-49.017894199032035,15.665888715631334,33.04694399171235,33.04694399423794,0.7848216910404915,20.999999999999996,4.123421604163013e-09
70.0,14.146031349130967,-48.77486966912248,16.68128809388006,33.046943991892746,33.04694399437917,0.7848216908406656,20.999999999999996,4.059472757944604e-09
70.05,15.008156011227978,-48.516526743916245,17.696687472135782,33.046943992070354,33.046943994518216,0.7848216906439376,21.0,3.9965186715562595e-09
70.10000000000001,15.865567162695598,-48.24294655943832,18.712086850398375,33.0469439922452,33.04694399465508,0.7848216904502578,21.0,3.934559344997979e-09
70.15,16.717995522179734,-47.95421503717727,19.72748622866776,33.04694399241733,33.04694399478983,0.7848216902595837,21.0,3.873594778269762e-09
70.2,17.56517337323826,-47.650422857100395,20.742885606943815,33.0469439925868,33.04694399492251,0.7848216900718654,21.000000000000007,3.813482862824458e-09
70.25,18.40683464842091,-47.33166542917453,21.75828498522643,33.04694399275363,33.0469439950531,0.7848216898870675,21.0,3.754365707209217e-09
70.3,19.242715012831308,-46.99804286340125,22.773684363515514,33.04694399291789,33.04694399518171,0.784821689705133,21.0,3.695959094329737e-09
70.35000000000001,20.07255194714483,-46.64965993837602,23.78908374181098,33.04694399307959,33.04694399530828,0.7848216895260194,20.999999999999996,3.638689349827473e-09
70.4,20.896084830056303,-46.286626068381054,24.804483120112707,33.04694399323878,33.04694399543292,0.7848216893496769,20.999999999999996,3.582272256608121e-09
70.45,21.713055020131574,-45.90905526902234,25.819882498420615,33.0469439933955,33.046943995555594,0.7848216891760771,21.0,3.5268499232188333e-09
70.5,22.52320593703729,-45.51706612142151,26.83528187673458,33.046943993549796,33.0469439956764,0.7848216890051631,20.999999999999993,3.4719960240181535e-09
70.55,23.326283142123362,-45.110781734973855,27.85068125505455,33.0469439937017,33.0469439957953,0.7848216888369066,20.999999999999996,3.41827899319469e-09
70.60000000000001,24.12203441833279,-44.69032970868421,28.8660806333804,33.046943993851244,33.04694399591237,0.7848216886712578,21.0,3.3651303965598345e-09
70.65,24.91020984941379,-44.255842091092774,29.881480011712046,33.04694399399847,33.046943996027636,0.784821688508174,21.000000000000007,3.312976559755043e-09
70.7,25.690561898409296,-43.80745533880351,30.896879390049396,33.046943994143405,33.04694399614109,0.7848216883476269,20.999999999999996,3.261675374233164e-09
70.75,26.462845485399246,-43.34531027362815,31.91227876839237,33.046943994286096,33.0469439962528,0.7848216881895667,21.0,3.2109426228998927e-09
70.8,27.22681806447117,-42.86955203835924,32.92767814674089,33.04694399442658,33.046943996362764,0.7848216880339578,21.000000000000007,3.1612046313966857e-09
70.85000000000001,27.98223969989496,-42.38033005118609,33.94307752509482,33.04694399456487,33.04694399647104,0.7848216878807648,21.0,3.112177182629239e-09
70.9,28.728873141477873,-41.87779795876805,34.958476903454134,33.046943994701024,33.046943996577646,0.784821687729945,21.0,3.063860276597552e-09
70.95,29.466483899076092,-41.36211358797969,35.97387628181873,33.04694399483507,33.04694399668256,0.78482168758147,21.0,3.0163960218487773e-09
71.0,30.194840316239485,-40.83343889634323,36.98927566018852,33.04694399496703,33.04694399678587,0.78482168743529,21.0,2.9695002012886107e-09
71.05,30.91371364296638,-40.29193992116358,38.00467503856343,33.046943995096946,33.04694399688758,0.7848216872913838,20.999999999999996,2.9235991405585082e-09
71.10000000000001,31.62287810754553,-39.737786727382144,39.020074416943366,33.04694399522485,33.04694399698772,0.7848216871497016,21.0,2.878124405469862e-09
71.15,32.32211098746274,-39.17115335416567,40.03547379532827,33.046943995350766,33.04694399708629,0.784821687010222,21.0,2.8336444302112795e-09
71.2,33.01119267934982,-38.592217760246925,41.05087317371806,33.046943995474734,33.04694399718333,0.7848216868729097,20.999999999999996,2.7895907805941533e-09
71.25,33.68990676795391,-38.00116176803441,42.066272552112636,33.04694399559678,33.04694399727888,0.7848216867377289,21.0,2.7462476737127872e-09
71.3,34.358040094105604,-37.3981710065086,43.081671930511966,33.04694399571693,33.04694399737293,0.7848216866046371,20.999999999999996,2.7036151095671812e-09
71.35000000000001,35.0153828216644,-36.78343485292272,44.09707130891593,33.046943995835214,33.04694399746555,0.7848216864736131,20.999999999999996,2.6618351967044873e-09
71.4,35.66172850342053,-36.157146373326285,45.112470687324496,33.046943995951665,33.0469439975567,0.784821686344614,21.0,2.6204816094832495e-09
71.45,36.29687414593242,-35.519502261930164,46.12787006573757,33.04694399606631,33.04694399764646,0.7848216862176187,21.0,2.5799806735449238e-09
71.5,36.92062027327953,-34.87070277933213,47.143269444155095,33.046943996179174,33.046943997734815,0.7848216860925987,21.0,2.539906063248054e-09
71.55,37.532770989710365,-34.21095168962237,48.15866882257699,33.04694399629029,33.0469439978218,0.7848216859695185,20.999999999999996,2.5003998871397926e-09
71.60000000000001,38.13313404116615,-33.540456196388675,49.174068201003195,33.04694399639968,33.04694399790745,0.7848216858483426,20.999999999999993,2.461604253767291e-09
71.65,38.72152087566079,-32.8594268776414,50.18946757943364,33.04694399650738,33.04694399799174,0.7848216857290566,20.999999999999996,2.4235191631305497e-09
71.7,39.29774670249808,-32.16807761967862,51.20486695786829,33.04694399661341,33.04694399807475,0.784821685611611,21.0,2.3857182895881124e-09
71.75,39.86163055030773,-31.46662554991235,52.220266336307006,33.04694399671779,33.04694399815648,0.7848216854959844,20.999999999999996,2.348912175875739e-09
71.8,40.412995323881795,-30.755290968676753,53.2356657147498,33.04694399682055,33.04694399823691,0.7848216853821555,21.0,2.312532387804822e-09
71.85000000000001,40.95166785979377,-30.034297280039915,54.25106509319656,33.04694399692172,33.04694399831612,0.7848216852700887,21.0,2.276578925375361e-09
71.9,41.4774789807829,-29.303870921640822,55.26646447164724,33.04694399702132,33.046943998394084,0.7848216851597698,21.000000000000007,2.24133600568166e-09
71.95,41.99026354888649,-28.564241293573627,56.281863850101786,33.04694399711938,33.04694399847085,0.7848216850511562,21.0,2.206377303082263e-09
72.0,42.48986051730371,-27.815640686341496,57.29726322856015,33.04694399721591,33.04694399854641,0.7848216849442267,21.0,2.1722712517657783e-09
72.05,42.9761129809745,-27.05830420790269,58.312662607022226,33.04694399731095,33.04694399862084,0.7848216848389598,20.999999999999996,2.1385915260907495e-09
72.10000000000001,43.44886822585762,-26.2924697098318,59.32806198548801,33.04694399740452,33.046943998694076,0.78482168473532,21.000000000000007,2.105338126057177e-09
72.15,43.90797777689261,-25.518377712619287,60.34346136395742,33.046943997496626,33.046943998766174,0.7848216846332932,20.999999999999996,2.0727952687593643e-09
72.2,44.35329744463026,-24.736271330132848,61.35886074243039,33.046943997587306,33.046943998837165,0.7848216845328437,20.999999999999996,2.0405366285558557e-09
72.25,44.784687370517304,-23.94639619326426,62.37426012090687,33.046943997676586,33.04694399890707,0.7848216844339504,20.999999999999996,2.0089885310881073e-09
72.3,45.20201207082081,-23.149000372785753,63.3896594993868,33.04694399776448,33.046943998975884,0.7848216843365989,21.000000000000007,1.977866759261815e-09
72.35000000000001,45.60514047917864,-22.34433430144008,64.40505887787015,33.04694399785101,33.04694399904362,0.7848216842407538,20.999999999999996,1.9470292045298265e-09
72.4,45.993945987762615,-21.532650695288797,65.42045825635687,33.0469439979362,33.046943999110326,0.7848216841463937,21.0,1.9169021925335983e-09
72.45,46.36830648704136,-20.71420447434342,66.43585763484688,33.04694399802006,33.04694399917598,0.7848216840534974,21.0,1.887201506178826e-09
72.5,46.72810440413042,-19.88925268250442,67.45125701334015,33.04694399810263,33.0469439992406,0.7848216839620505,21.0,1.85792714546551e-09
72.55,47.0732267397176,-19.058054406833175,68.46665639183662,33.04694399818391,33.04694399930423,0.7848216838720177,21.0,1.8289370018464979e-09
72.60000000000001,47.403565103551884,-18.22087069618223,69.48205577033626,33.046943998263934,33.04694399936686,0.7848216837833775,21.0,1.8006574009632459e-09
72.65,47.71901574848486,-17.377964479209446,70.497455148839,33.04694399834272,33.046943999428535,0.7848216836961157,21.0,1.77280412572145e-09
72.7,48.019479603053846,-16.52960048180176,71.51285452734479,33.046943998420275,33.046943999489244,0.784821683610204,20.999999999999993,1.745235067573958e-09
72.75,48.30486230259664,-15.676045143934516,72.52825390585357,33.04694399849663,33.046943999549015,0.7848216835256281,21.0,1.7182344436150743e-09
72.8,48.57507421888797,-14.817566535992437,73.54365328436532,33.0469439985718,33.04694399960786,0.7848216834423667,21.0,1.6915180367504945e-09
72.85000000000001,48.830030488288436,-13.954434274578581,74.55905266287996,33.0469439986458,33.046943999665814,0.7848216833603914,21.0,1.6652279555273708e-09
72.9,49.06965103839706,-13.086919437837652,75.57445204139752,33.04694399871867,33.04694399972284,0.7848216832796879,20.999999999999996,1.6395063084928552e-09
72.95,49.293860613199094,-12.215294480320319,76.58985141991786,33.04694399879039,33.04694399977899,0.784821683200235,21.000000000000007,1.6140688785526436e-09
73.0,49.502588796701154,-11.339833147415245,77.605250798441,33.046943998861,33.04694399983427,0.7848216831220185,20.999999999999996,1.589057774253888e-09
73.05,49.69577003504632,-10.460810389375713,78.62065017696689,33.04694399893053,33.04694399988868,0.7848216830450099,21.0,1.5643308870494366e-09
73.10000000000001,49.87334365710218,-9.578502274967846,79.63604955549549,33.04694399899897,33.046943999942265,0.7848216829692021,20.999999999999996,1.5401724340335932e-09
73.15,50.0352538935154,-8.693185904767558,80.65144893402672,33.04694399906634,33.046943999995,0.7848216828945596,21.000000000000007,1.5161560895649018e-09
73.2,50.18144989422685,-7.805139324133425,81.66684831256055,33.04694399913268,33.04694400004692,0.7848216828210823,21.000000000000007,1.4928502878319705e-09
73.25,50.311885744441724,-6.914641435882856,82.68224769109698,33.04694399919798,33.04694400009804,0.784821682748742,20.999999999999993,1.4695444860990392e-09
73.3,50.42652047904969,-6.0219719126989615,83.69764706963589,33.046943999262275,33.04694400014837,0.7848216826775243,21.0,1.446807118554716e-09
73.35000000000001,50.52531809549054,-5.127411109295633,84.71304644817731,33.04694399932556,33.04694400019795,0.784821682607415,21.0,1.4243539681046968e-09
73.4,50.60824756506125,-4.231239974368425,85.72844582672117,33.04694399938788,33.046944000246754,0.7848216825383858,21.0,1.4021850347489817e-09
73.45,50.675282842660984,-3.3337399623588833,86.74384520526746,33.046943999449226,33.04694400029477,0.7848216824704366,21.0,1.3805845355818747e-09
73.5,50.72640287497088,-2.435192945060047,87.75924458381616,33.04694399950962,33.04694400034205,0.7848216824035319,20.999999999999996,1.3589840364147676e-09
73.55,50.761591607066144,-1.5358811230908658,88.77464396236718,33.04694399956908,33.04694400038859,0.7848216823376788,21.0,1.3380940799834207e-09
73.60000000000001,50.78083798745829,-0.6360869372673514,89.7900433409205,33.046943999627615,33.04694400043443,0.7848216822728347,20.999999999999996,1.3170620150049217e-09
73.65,50.78413597156603,0.26390702010171074,90.80544271947612,33.04694399968525,33.04694400047952,0.7848216822090066,20.999999999999996,1.2968826013093349e-09
73.7,50.77148452361363,1.1638180939666276,91.82084209803396,33.046943999741984,33.046944000523915,0.7848216821461591,20.999999999999996,1.276561079066596e-09
73.75,50.74288761695624,2.063363655308369,92.83624147659401,33.04694399979783,33.04694400056764,0.784821682084285,21.0,1.2569500995596172e-09
73.8,50.69835423283198,2.962261189901963,93.85164085515618,33.04694399985282,33.0469440006107,0.7848216820233773,21.0,1.2374812285997905e-09
73.85000000000001,50.63789835754128,3.860228387043838,94.86704023372049,33.04694399990695,33.0469440006531,0.7848216819634146,21.0,1.2181544661871158e-09
73.9,50.561538978054294,4.756983228215249,95.88243961228694,33.04694399996024,33.04694400069481,0.7848216819043756,21.0,1.199254029415897e-09
73.95,50.46930007604778,5.652244075653934,96.89783899085543,33.04694400001271,33.04694400073589,0.7848216818462532,21.000000000000007,1.1807799182861345e-09
74.0,50.361210620373356,6.5457297608061955,97.91323836942595,33.04694400006437,33.04694400077633,0.7848216817890403,21.0,1.162447915703524e-09
74.05,50.23730455795942,7.437159672631615,98.92863774799845,33.046944000115225,33.046944000816154,0.7848216817327014,20.999999999999996,1.1442580216680653e-09
74.10000000000001,50.097620803149695,8.326253845732674,99.94403712657295,33.0469440001653,33.04694400085536,0.7848216816772435,21.0,1.1267786703683669e-09
74.15,49.94220322548165,9.21273304828161,100.95943650514937,33.04694400021459,33.04694400089395,0.7848216816226454,20.999999999999996,1.1091572105215164e-09
74.2,49.77110063590868,10.096318869716871,101.97483588372774,33.04694400026312,33.04694400093192,0.7848216815689,21.0,1.091962076316122e-09
74.25,49.5843667714704,10.976733808181653,102.99023526230798,33.04694400031089,33.04694400096933,0.7848216815159859,20.999999999999993,1.0749090506578796e-09
74.3,49.382060278415786,11.85370135767704,104.00563464089005,33.046944000357925,33.046944001006146,0.7848216814638889,20.999999999999996,1.0582823506410932e-09
74.35000000000001,49.16424469378457,12.726946094902384,105.02103401947394,33.046944000404224,33.046944001042405,0.7848216814125948,20.999999999999993,1.041939867718611e-09
74.4,48.930988425452576,13.596193765755654,106.03643339805964,33.046944000449805,33.04694400107809,0.7848216813621107,20.999999999999996,1.0258816018904326e-09
74.45,48.682364730647315,14.461171371466566,107.0518327766471,33.04694400049468,33.046944001113225,0.7848216813124012,20.999999999999996,1.0096812275151024e-09
74.5,48.41845169294059,15.32160725433548,108.0672321552363,33.04694400053887,33.04694400114782,0.784821681263459,21.000000000000007,9.941913958755322e-10
74.55,48.13933219772531,16.17723118305111,109.08263153382723,33.046944000582364,33.04694400118187,0.7848216812152842,20.999999999999996,9.78843672783114e-10
74.60000000000001,47.84509390618422,17.02777443756024,110.09803091241983,33.04694400062519,33.04694400121541,0.7848216811678483,20.999999999999996,9.634959496906959e-10
74.65,47.53582922775876,17.872969893462837,111.11343029101413,33.04694400066735,33.04694400124839,0.7848216811211515,21.0,9.487166607868858e-10
74.7,47.21163529112666,18.712552105906013,112.12882966961004,33.046944000708855,33.04694400128087,0.7848216810751865,21.000000000000007,9.339373718830757e-10
74.75,46.87261391369736,19.546257392950505,113.14422904820754,33.04694400074971,33.04694400131288,0.7848216810299249,20.999999999999996,9.193001915264176e-10
74.8,46.51887156963491,20.37382391838348,114.1596284268066,33.046944000789935,33.046944001344364,0.7848216809853739,21.0,9.052314453583676e-10
74.85000000000001,46.15051935641838,21.19499177395168,115.17502780540725,33.04694400082954,33.04694400137538,0.7848216809415121,20.999999999999996,8.910205906431656e-10
74.9,45.76767295995016,22.00950306098907,116.19042718400942,33.04694400086853,33.04694400140592,0.7848216808983253,21.0,8.772360615694197e-10
74.95,45.37045261822334,22.81710197141331,117.20582656261313,33.04694400090691,33.04694400143597,0.7848216808558064,21.0,8.637357495899778e-10
75.0,44.9589830835593,23.617534868065718,118.22122594121835,33.046944000944706,33.046944001465526,0.7848216808139625,21.0,8.503775461576879e-10
75.05,44.53339358342764,24.410550364369342,119.23662531982501,33.0469440009819,33.04694400149466,0.784821680772751,20.999999999999996,8.36877234178246e-10
75.10000000000001,44.093817779860544,25.195899403280286,120.25202469843308,33.04694400101853,33.04694400152333,0.7848216807321862,20.999999999999996,8.242295734817162e-10
75.15,43.640393727474475,25.97333533550737,121.26742407704263,33.046944001054584,33.04694400155154,0.7848216806922466,20.999999999999996,8.112976956908824e-10
75.2,43.17326383011226,26.742613996975614,122.28282345565356,33.04694400109008,33.04694400157934,0.7848216806529251,21.0,7.987921435415046e-10
75.25,42.6925747961193,27.5034937855092,123.29822283426586,33.04694400112503,33.04694400160667,0.7848216806142219,21.0,7.864286999392789e-10
75.3,42.19847759226784,28.255735736709855,124.31362221287954,33.04694400115943,33.046944001633605,0.7848216805761155,21.0,7.740652563370531e-10
75.35000000000001,41.69112739634387,28.999103599006787,125.32902159149448,33.0469440011933,33.04694400166014,0.7848216805385988,20.999999999999996,7.621281383762835e-10
75.4,41.17068354841148,29.733363907854624,126.34442097011076,33.04694400122665,33.04694400168624,0.7848216805016648,21.0,7.503331289626658e-10
75.45,40.63730950076998,30.45828605905606,127.35982034872835,33.046944001259476,33.04694400171194,0.7848216804653063,20.999999999999996,7.386802280962002e-10
75.5,40.09117276661955,31.17364238118616,128.3752197273472,33.0469440012918,33.04694400173725,0.7848216804295092,20.999999999999996,7.271694357768865e-10
75.55,39.5324448674515,31.87920820709559,129.3906191059673,33.04694400132362,33.04694400176217,0.7848216803942663,21.0,7.159428605518769e-10
75.60000000000001,38.961301279179665,32.57476194447033,130.40601848458866,33.04694400135494,33.04694400178668,0.7848216803595705,20.999999999999993,7.048583938740194e-10
75.65,38.37792137702985,33.26008514542567,131.42141786321125,33.046944001385775,33.04694400181081,0.7848216803254147,21.0,6.939160357433138e-10
75.7,37.78248837920468,33.93496257511267,132.436817241835,33.046944001416136,33.04694400183457,0.7848216802917847,20.999999999999996,6.831157861597603e-10
75.75,37.17518928934148,34.59918227931553,133.45221662045998,33.04694400144603,33.04694400185796,0.7848216802586734,20.999999999999996,6.725997536705108e-10
75.8,36.55621483778131,35.25253565101861,134.46761599908606,33.04694400147545,33.046944001880995,0.7848216802260808,20.999999999999996,6.622258297284134e-10
75.85000000000001,35.92575942166756,35.894817495922254,135.48301537771326,33.04694400150442,33.04694400190369,0.7848216801939927,21.0,6.518519057863159e-10
75.9,35.28402104389293,36.52582609688676,136.49841475634165,33.04694400153294,33.04694400192599,0.784821680162402,21.0,6.417621989385225e-10
75.95,34.63120125091403,37.145363277284346,137.51381413497114,33.046944001561016,33.046944001947956,0.7848216801313015,21.0,6.318146006378811e-10
76.0,33.967505069453026,37.75323446323913,138.52921351360166,33.046944001588656,33.0469440019696,0.7848216801006771,21.0,6.220091108843917e-10
76.05,33.293140942106255,38.34924874473567,139.54461289223332,33.04694400161587,33.046944001990894,0.7848216800705359,20.999999999999996,6.124878382252064e-10
76.10000000000001,32.60832066188009,38.93321893557675,140.56001227086597,33.04694400164266,33.046944002011884,0.7848216800408565,21.000000000000007,6.02824457018869e-10
76.15,31.913259305674526,39.50496163217171,141.5754116494997,33.04694400166903,33.04694400203254,0.784821680011639,21.0,5.935874014539877e-10
76.2,31.208175166735405,40.06429727113679,142.59081102813442,33.046944001694996,33.04694400205287,0.7848216799828762,20.999999999999996,5.843503458891064e-10
76.25,30.493289686096546,40.61105018568937,143.6062104067702,33.04694400172056,33.04694400207287,0.7848216799545611,21.0,5.752553988713771e-10
76.3,29.768827383033248,41.14504866081849,144.62160978540692,33.04694400174573,33.04694400209257,0.7848216799266865,20.999999999999996,5.663025604007998e-10
76.35000000000001,29.03501578454902,41.666124987214175,145.63700916404463,33.0469440017705,33.04694400211198,0.7848216798992453,21.0,5.574918304773746e-10
76.4,28.292085353917713,42.174115513938816,146.65240854268328,33.04694400179489,33.046944002131085,0.7848216798722234,20.999999999999996,5.488232091011014e-10
76.45,27.540269418303467,42.66886069982391,147.66780792132292,33.0469440018189,33.04694400214988,0.7848216798456278,21.0,5.404388048191322e-10
76.5,26.779804095481214,43.15020516357606,148.68320729996344,33.04694400184254,33.04694400216839,0.7848216798194372,21.0,5.31912291990011e-10
76.55,26.010928219680768,43.61799773257657,149.6986066786049,33.04694400186582,33.04694400218661,0.7848216797936587,21.0,5.238121048023459e-10
76.60000000000001,25.23388326657775,44.07209149035918,150.7140060572473,33.04694400188873,33.04694400220454,0.7848216797682781,20.999999999999996,5.155698090675287e-10
76.65,24.448913277454956,44.512343822751134,151.72940543589053,33.046944001911285,33.046944002222205,0.7848216797432954,21.0,5.076117304270156e-10
76.7,23.656264782557948,44.93861646266309,152.7448048145347,33.04694400193349,33.046944002239584,0.7848216797186893,21.0,4.996536517865025e-10
76.75,22.856186723668962,45.3507755335137,153.76020419317965,33.04694400195535,33.04694400225672,0.784821679694474,20.999999999999996,4.921218987874454e-10
76.80000000000001,22.048930375923433,45.74869159127532,154.77560357182549,33.04694400197688,33.04694400227356,0.7848216796706282,21.0,4.843059286940843e-10
76.85000000000001,21.234749268893705,46.13223966512766,155.79100295047215,33.04694400199807,33.04694400229017,0.784821679647159,20.999999999999996,4.769162842421792e-10
76.9,20.4138991069647,46.50129929670653,156.80640232911966,33.04694400201893,33.04694400230648,0.7848216796240521,21.0,4.693845312431222e-10
76.95,19.586637689026563,46.85575457793532,157.821801707768,33.046944002039474,33.04694400232255,0.7848216796013077,21.000000000000007,4.6213699533836916e-10
77.0,18.753224827509502,47.19549418742756,158.83720108641708,33.046944002059696,33.046944002338385,0.7848216795789043,21.0,4.5488945943361614e-10
77.05000000000001,17.91392226678624,47.520411425448835,159.85260046506698,33.0469440020796,33.046944002353946,0.7848216795568561,21.0,4.480682491703192e-10
77.10000000000001,17.068993600967723,47.830404247427246,160.86799984371766,33.0469440020992,33.04694400236929,0.784821679535149,20.999999999999996,4.409628218127182e-10
77.15,16.218704191117887,48.12537529600188,161.88339922236906,33.046944002118494,33.04694400238442,0.7848216795137759,21.0,4.341416115494212e-10
77.2,15.363321081913499,48.40523193159917,162.89879860102124,33.04694400213749,33.04694400239925,0.7848216794927367,20.999999999999996,4.2746250983327627e-10
77.25,14.50311291777523,48.6698862615276,163.91419797967416,33.04694400215618,33.046944002413895,0.7848216794720244,21.0,4.2078340811713133e-10
77.30000000000001,13.6383498584963,48.919255167581554,164.92959735832778,33.04694400217459,33.04694400242832,0.7848216794516318,20.999999999999996,4.142464149481384e-10
77.35000000000001,12.769303494395219,49.1532603321457,165.94499673698212,33.04694400219272,33.0469440024425,0.784821679431559,20.999999999999996,4.078515303262975e-10
77.4,11.896246761019237,49.37182826279167,166.96039611563717,33.04694400221056,33.04694400245646,0.7848216794117988,21.0,4.014566457044566e-10
77.45,11.019453853425313,49.57489031535933,167.97579549429292,33.04694400222812,33.04694400247022,0.7848216793923442,21.0,3.952038696297677e-10
77.5,10.139200140065517,49.76238271551542,168.99119487294934,33.04694400224542,33.046944002483734,0.7848216793731879,20.999999999999996,3.8909320210223086e-10
77.55000000000001,9.255762076303915,49.9342465787827,170.00659425160643,33.046944002262435,33.04694400249707,0.7848216793543301,21.0,3.83124643121846e-10
77.60000000000001,8.369417117592088,50.09042792903339,171.02199363026418,33.0469440022792,33.04694400251019,0.7848216793357636,21.0,3.771560841414612e-10
77.65,7.480443632330564,50.23087771544113,172.03739300892258,33.0469440022957,33.0469440025231,0.7848216793174885,21.0,3.7132963370822836e-10
77.7,6.589120814443532,50.35555182788602,173.0527923875816,33.04694400231194,33.04694400253584,0.7848216792994904,21.0,3.6550318327499554e-10
77.75,5.695728595694275,50.46441111080797,174.06819176624128,33.04694400232793,33.04694400254835,0.7848216792817766,21.00000000000001,3.5996094993606675e-10
77.80000000000001,4.800547557768895,50.55742137550408,175.08359114490156,33.04694400234368,33.04694400256067,0.7848216792643399,20.999999999999996,3.5427660804998595e-10
77.85000000000001,3.903858844155898,50.634553410865976,176.09899052356246,33.046944002359176,33.04694400257281,0.7848216792471732,21.0,3.4873437471105717e-10
77.9,3.0059440718493575,50.69578299255403,177.114389902224,33.04694400237444,33.046944002584745,0.7848216792302694,20.999999999999996,3.433342499192804e-10
77.95,2.1070852429033553,50.74109089060527,178.12978928088606,33.04694400238946,33.04694400259652,0.7848216792136284,20.999999999999996,3.3807623367465567e-10
78.0,1.207564655865494,50.770462875472845,179.14518865954872,33.046944002404246,33.04694400260809,0.7848216791972362,20.999999999999996,3.3281821743003093e-10
78.05000000000001,0.30766481711728966,50.78388972249498,-179.83941196178802,33.046944002418805,33.046944002619476,0.7848216791811069,20.999999999999996,3.278444182797102e-10
78.10000000000001,-0.5923316478507062,50.78136721479213,-178.82401258312422,33.046944002433136,33.04694400263071,0.7848216791652263,20.999999999999993,3.225864020350855e-10
78.15,-1.4921420832011951,50.7628961445913,-177.80861320445987,33.046944002447255,33.046944002641766,0.7848216791495943,20.999999999999996,3.176126028847648e-10
78.2,-2.3914838915219487,50.72848231297729,-176.79321382579494,33.046944002461146,33.046944002652644,0.7848216791341969,20.999999999999996,3.126388037344441e-10
78.25,-3.2900746225792776,50.67813652807076,-175.7778144471295,33.046944002474824,33.04694400266334,0.7848216791190481,21.0,3.079492216784274e-10
78.30000000000001,-4.187632062025278,50.61187460163378,-174.7624150684635,33.04694400248829,33.046944002673875,0.7848216791041267,20.999999999999996,3.029754225281067e-10
78.35000000000001,-5.083874320030993,50.52971734410398,-173.747015689797,33.04694400250155,33.04694400268425,0.7848216790894398,20.999999999999996,2.984279490192421e-10
78.4,-5.9785199198176535,50.43169055805871,-172.73161631113,33.0469440025146,33.04694400269449,0.7848216790749873,21.0,2.937383669632254e-10
78.45,-6.871287886058203,50.317825030111436,-171.7162169324625,33.04694400252745,33.04694400270456,0.7848216790607552,20.999999999999996,2.8904878490720876e-10
78.5,-7.761897833121324,50.18815652124276,-170.70081755379445,33.0469440025401,33.04694400271447,0.7848216790467362,20.999999999999996,2.8464341994549613e-10
78.55000000000001,-8.650070053130268,50.04272575556924,-169.68541817512596,33.04694400255256,33.0469440027242,0.7848216790329445,21.0,2.8038016353093553e-10
78.60000000000001,-9.535525603808829,49.881578407553434,-168.67001879645696,33.046944002564814,33.0469440027338,0.784821679019359,21.0,2.758326900220709e-10
78.65,-10.417986396086865,49.704765087659204,-167.65461941778747,33.046944002576886,33.04694400274325,0.7848216790059865,20.999999999999996,2.717115421546623e-10
78.7,-11.297175281437871,49.51234132645686,-166.63922003911756,33.046944002588766,33.04694400275256,0.7848216789928202,21.00000000000001,2.674482857401017e-10
78.75,-12.172816138921142,49.30436755718304,-165.62382066044717,33.04694400260047,33.04694400276173,0.7848216789798599,20.999999999999996,2.6332713787269313e-10
78.80000000000001,-13.044633961901226,49.08090909676083,-164.60842128177632,33.04694400261199,33.04694400277076,0.7848216789670985,20.999999999999996,2.5920599000528455e-10
78.85000000000001,-13.912354944417409,48.84203612528613,-163.593021903105,33.04694400262333,33.04694400277961,0.7848216789545361,21.0,2.55226950685028e-10
78.9,-14.775706567176105,48.587823663986676,-162.57762252443325,33.04694400263449,33.04694400278835,0.7848216789421727,21.0,2.512479113647714e-10
78.95,-15.634417683139167,48.31835155166061,-161.5622231457611,33.04694400264548,33.04694400279696,0.784821678929994,21.000000000000007,2.4726887204451486e-10
79.0,-16.48821860268121,48.03370441960205,-160.54682376708848,33.0469440026563,33.04694400280543,0.7848216789180071,21.0,2.4357404981856234e-10
79.05000000000001,-17.33684117828922,47.73397166502152,-159.53142438841547,33.046944002666955,33.04694400281378,0.7848216789062121,21.00000000000001,2.397371190454578e-10
79.10000000000001,-18.180018888777827,47.41924742296955,-158.51602500974204,33.04694400267744,33.04694400282199,0.7848216788945948,21.0,2.3590018827235326e-10
79.15,-19.017486922993843,47.08963053677231,-157.50062563106817,33.046944002687766,33.04694400283005,0.7848216788831621,20.999999999999996,2.3234747459355276e-10
79.2,-19.848982262983704,46.74522452698859,-156.48522625239394,33.046944002697934,33.04694400283801,0.7848216788719,21.0,2.2865265236760024e-10
79.25,-20.67424376659776,46.38613755889776,-155.4698268737193,33.04694400270794,33.04694400284584,0.7848216788608156,20.999999999999996,2.2524204723595176e-10
79.30000000000001,-21.493012249505423,46.012482408529024,-154.45442749504429,33.046944002717794,33.04694400285354,0.7848216788499016,20.999999999999996,2.2168933355715126e-10
79.35000000000001,-22.30503056659546,45.624376427242645,-153.4390281163689,33.046944002727486,33.046944002861146,0.7848216788391582,20.999999999999996,2.1827872842550278e-10
79.4,-23.11004369273581,45.22194150487415,-152.4236287376931,33.046944002737035,33.0469440028686,0.7848216788285853,21.000000000000007,2.148681232938543e-10
79.45,-23.90779880286764,44.80530403145325,-151.40822935901696,33.04694400274643,33.046944002875975,0.7848216788181688,20.999999999999996,2.1145751816220582e-10
79.5,-24.69804535140838,44.37459485750933,-150.39282998034042,33.04694400275569,33.046944002883215,0.7848216788079156,20.999999999999996,2.0833113012486137e-10
79.55000000000001,-25.480535150938906,43.92994925297615,-149.37743060166355,33.046944002764796,33.04694400289035,0.7848216787978188,20.999999999999996,2.0506263354036491e-10
79.60000000000001,-26.2550224501501,43.471506864708495,-148.36203122298633,33.04694400277376,33.046944002897355,0.7848216787878783,20.999999999999996,2.0193624550302047e-10
79.65,-27.021264011024297,42.999411672624234,-147.34663184430875,33.046944002782595,33.04694400290427,0.7848216787781013,20.999999999999993,1.9880985746567603e-10
79.7,-27.779019185227416,42.51381194448551,-146.33123246563082,33.046944002791285,33.04694400291107,0.7848216787684663,21.0,1.9554136088117957e-10
79.75,-28.528049989687773,42.0148601893333,-145.31583308695258,33.04694400279984,33.046944002917776,0.7848216787589877,21.0,1.9269918993813917e-10
79.80000000000001,-29.26812118133781,41.5027131095899,-144.300433708274,33.04694400280826,33.04694400292438,0.7848216787496511,21.0,1.8957280190079473e-10
79.85000000000001,-29.999000330995322,40.97753155184447,-143.28503432959508,33.04694400281655,33.04694400293086,0.7848216787404567,20.999999999999996,1.8673063095775433e-10
79.9,-30.72045789636091,40.43948045633703,-142.26963495091587,33.04694400282472,33.04694400293726,0.7848216787314115,21.0,1.8388846001471393e-10
79.95,-31.43226729410879,39.88872880515675,-141.2542355722363,33.04694400283276,33.04694400294356,0.7848216787225013,20.999999999999996,1.809041805245215e-10
80.0,-32.134204971048305,39.32544956917094,-140.23883619355647,33.046944002840675,33.046944002949765,0.7848216787137332,21.0,1.7820411812863313e-10
80.05000000000001,-32.82605047433376,38.74981965370121,-139.2234368148763,33.04694400284847,33.04694400295587,0.7848216787051072,20.999999999999996,1.7536194718559273e-10
80.10000000000001,-33.50758652070057,38.16201984296401,-138.20803743619584,33.04694400285614,33.046944002961865,0.7848216786966091,21.0,1.7251977624255233e-10
80.15,-34.17859906470596,37.562234743292954,-137.19263805751504,33.04694400286369,33.04694400296776,0.784821678688246,21.0,1.6996182239381596e-10
80.2,-34.83887736595277,36.95065272516077,-136.177238678834,33.04694400287113,33.046944002973596,0.7848216786800108,21.0,1.6726175999792758e-10
80.25,-35.48821405527526,36.32746586401902,-135.16183930015265,33.04694400287845,33.04694400297932,0.7848216786718964,20.999999999999996,1.6470380614919122e-10
80.30000000000001,-36.126405199866184,35.69286987997427,-134.146439921471,33.04694400288565,33.04694400298497,0.784821678663917,21.0,1.6228796084760688e-10
80.35000000000001,-36.75325036732457,35.047064076319586,-133.1310405427891,33.04694400289275,33.046944002990514,0.7848216786560585,20.999999999999996,1.595878984517185e-10
80.4,-37.36855268860418,34.3902512769407,-132.1156411641069,33.046944002899735,33.04694400299598,0.7848216786483206,20.999999999999996,1.5717205315013416e-10
80.45,-37.972118919842856,33.72263776261648,-131.10024178542443,33.046944002906606,33.04694400300136,0.7848216786407036,21.0,1.5475620784854982e-10
80.5,-38.563759503053305,33.04443320623368,-130.0848424067417,33.04694400291338,33.046944003006665,0.7848216786332003,21.0,1.5234036254696548e-10
80.55000000000001,-39.143288625656325,32.355850606936414,-129.0694430280587,33.046944002920036,33.04694400301187,0.7848216786258249,20.999999999999996,1.5006662579253316e-10
80.60000000000001,-39.71052427883768,31.657106223230954,-128.05404364937547,33.046944002926594,33.046944003017,0.784821678618556,21.0,1.475086719437968e-10
80.65,-40.26528831471042,30.94841950506686,-127.03864427069199,33.04694400293305,33.04694400302207,0.7848216786113937,20.999999999999996,1.453770437365165e-10
80.7,-40.80740650226455,30.23001302491581,-126.02324489200824,33.04694400293941,33.04694400302704,0.7848216786043523,21.0,1.432454155292362e-10
80.75,-41.33670858208664,29.502112407869763,-125.00784551332424,33.04694400294567,33.04694400303194,0.7848216785974174,20.999999999999996,1.4082957022765186e-10
80.80000000000001,-41.853028319832,28.764946260780413,-123.99244613464,33.04694400295184,33.04694400303677,0.784821678590589,20.999999999999993,1.3869794202037156e-10
80.85000000000001,-42.35620355843283,28.018746100462156,-122.97704675595551,33.04694400295791,33.046944003041524,0.7848216785838602,20.999999999999996,1.3656631381309126e-10
80.9,-42.84607626902578,27.263746280981174,-121.96164737727081,33.046944002963876,33.04694400304619,0.784821678577238,20.999999999999996,1.3457679415296298e-10
80.95,-43.322492600583004,26.500183920053423,-120.94624799858586,33.04694400296975,33.046944003050804,0.7848216785707294,21.0,1.3244516594568267e-10
81.0,-43.785302928231125,25.728298824574672,-119.93084861990069,33.04694400297554,33.04694400305532,0.7848216785643132,21.0,1.3017142919125035e-10
81.05000000000001,-44.23436190024292,24.94833341530596,-118.91544924121528,33.04694400298124,33.04694400305979,0.7848216785579964,21.0,1.283240180782741e-10
81.10000000000001,-44.669528483686946,24.160532650738133,-117.90004986252967,33.046944002986855,33.04694400306418,0.7848216785517792,21.0,1.2633449841814581e-10
81.15,-45.090666008720824,23.36514395015939,-116.88465048384384,33.046944002992376,33.046944003068525,0.7848216785456614,21.0,1.2434497875801753e-10
81.2,-45.49764221151419,22.56241711594996,-115.8692511051578,33.04694400299781,33.04694400307278,0.784821678539636,20.999999999999996,1.2235545909788925e-10
81.25,-45.89032927578793,21.752604255128354,-114.85385172647153,33.04694400300317,33.046944003076966,0.784821678533703,21.0,1.20508047984913e-10
81.30000000000001,-46.26860387295657,20.93595970017381,-113.83845234778506,33.04694400300844,33.04694400308108,0.7848216785278623,20.999999999999996,1.1866063687193673e-10
81.35000000000001,-46.632347200861254,20.1127399291498,-112.82305296909838,33.046944003013635,33.04694400308515,0.7848216785221069,21.0,1.1681322575896047e-10
81.4,-46.98144502108115,19.283203485153688,-111.8076535904115,33.046944003018744,33.04694400308915,0.784821678516451,20.999999999999996,1.1510792319313623e-10
81.45,-47.315787694811526,18.447610895117837,-110.79225421172444,33.046944003023775,33.046944003093095,0.7848216785108733,20.999999999999996,1.1311840353300795e-10
81.5,-47.63527021729728,17.60622458798767,-109.77685483303718,33.04694400302872,33.046944003096975,0.7848216785053879,20.999999999999996,1.1155520951433573e-10
81.55000000000001,-47.93979225081108,16.759308812302375,-108.76145545434973,33.046944003033595,33.04694400310079,0.7848216784999877,20.999999999999996,1.0970779840135947e-10
81.60000000000001,-48.229258156165756,15.907129553204152,-107.74605607566208,33.0469440030384,33.04694400310455,0.7848216784946658,21.0,1.0800249583553523e-10
81.65,-48.50357702275106,15.04995444890203,-106.73065669697425,33.04694400304312,33.046944003108244,0.7848216784894362,21.0,1.0643930181686301e-10
81.7,-48.76266269708534,14.188052706616546,-105.71525731828623,33.04694400304778,33.04694400311189,0.7848216784842847,21.0,1.0459189070388675e-10
81.75,-49.006433809873194,13.321695018031646,-104.69985793959803,33.04694400305235,33.04694400311549,0.7848216784792044,20.999999999999996,1.0302869668521453e-10
81.80000000000001,-49.234813801560584,12.451153474280362,-103.68445856090966,33.046944003056865,33.04694400311901,0.7848216784742164,21.0,1.0160761121369433e-10
81.85000000000001,-49.44773094637936,11.576701480490982,-102.6690591822211,33.046944003061306,33.046944003122476,0.7848216784692994,20.999999999999996,9.976020010071807e-11
81.9,-49.645118374873704,10.698613669920542,-101.65365980353239,33.046944003065676,33.04694400312591,0.7848216784644535,21.0,9.833911462919787e-11
81.95,-49.82691409490137,9.8171658177026,-100.6382604248435,33.046944003069974,33.046944003129276,0.7848216784596858,21.000000000000007,9.691802915767767e-11
82.0,-49.99306101110314,8.932634754236402,-99.62286104615444,33.04694400307421,33.0469440031326,0.7848216784549962,21.000000000000007,9.535483513900544e-11
82.05000000000001,-50.14350694283436,8.045298278244614,-98.60746166746522,33.04694400307839,33.04694400313587,0.7848216784503776,21.0,9.379164112033322e-11
82.10000000000001,-50.278204640553,7.155435069526949,-97.59206228877584,33.04694400308249,33.04694400313906,0.7848216784458302,20.999999999999996,9.237055564881302e-11
82.15,-50.39711180065897,6.263324601437076,-96.5766629100863,33.04694400308652,33.04694400314225,0.7848216784413466,21.0,9.094947017729282e-11
82.2,-50.50019107878014,5.3692470531103,-95.56126353139659,33.04694400309051,33.046944003145356,0.7848216784369413,20.999999999999996,8.967049325292464e-11
82.25,-50.58741010150083,4.473483221469589,-94.54586415270674,33.046944003094424,33.04694400314842,0.7848216784325999,20.999999999999993,8.810729923425242e-11
82.30000000000001,-50.658741476529116,3.576314433037572,-93.53046477401674,33.04694400309828,33.04694400315144,0.7848216784283295,21.0,8.682832230988424e-11
82.35000000000001,-50.71416280129974,2.678022455582208,-92.51506539532659,33.04694400310208,33.046944003154415,0.7848216784241302,21.000000000000007,8.540723683836404e-11
82.4,-50.75365667000994,1.7788894096238792,-91.49966601663628,33.04694400310582,33.04694400315734,0.7848216784199806,20.999999999999996,8.398615136684384e-11
82.45,-50.777210679085954,0.879197679831698,-90.48426663794584,33.0469440031095,33.04694400316023,0.7848216784159021,21.0,8.29913915367797e-11
82.5,-50.78481743107856,-0.02077017366314937,-89.46886725925525,33.046944003113126,33.046944003163055,0.7848216784118947,20.999999999999996,8.15703060652595e-11
82.55000000000001,-50.7764745369863,-0.9207315040091623,-88.45346788056452,33.0469440031167,33.046944003165855,0.7848216784079369,21.0,8.01492205937393e-11
82.60000000000001,-50.752184617005824,-1.8204036664035215,-87.43806850187364,33.04694400312021,33.04694400316861,0.7848216784040503,20.999999999999996,7.915446076367516e-11
82.65,-50.71195529970895,-2.719504106860441,-86.42266912318264,33.04694400312367,33.046944003171305,0.7848216784002204,21.0,7.773337529215496e-11
82.7,-50.65579921964681,-3.617750450951,-85.4072697444915,33.046944003127074,33.04694400317397,0.7848216783964546,21.000000000000007,7.65965069149388e-11
82.75,-50.58373401338182,-4.514860592486579,-84.39187036580023,33.04694400313043,33.04694400317659,0.7848216783927384,21.0,7.531752999057062e-11
82.80000000000001,-50.49578231394869,-5.410552782118052,-83.37647098710883,33.04694400313372,33.04694400317919,0.7848216783890933,21.0,7.432277016050648e-11
82.85000000000001,-50.39197174374617,-6.304545715822915,-82.36107160841732,33.04694400313697,33.04694400318172,0.784821678385498,20.999999999999993,7.290168468898628e-11
82.9,-50.272334905861925,-7.196558623252543,-81.34567222972566,33.04694400314017,33.04694400318423,0.7848216783819524,21.0,7.190692485892214e-11
82.95,-50.13690937383308,-8.08631135591185,-80.33027285103388,33.04694400314332,33.0469440031867,0.7848216783784707,21.0,7.0912165028858e-11
83.0,-49.985737679845734,-8.973524475143636,-79.31487347234199,33.046944003146415,33.046944003189125,0.7848216783750388,21.0,6.963318810448982e-11
83.05000000000001,-49.8188673013772,-9.857919339890017,-78.29947409364996,33.04694400314947,33.04694400319151,0.7848216783716637,21.000000000000007,6.863842827442568e-11
83.10000000000001,-49.63635064628505,-10.739218194203339,-77.28407471495784,33.04694400315247,33.04694400319384,0.7848216783683384,21.0,6.750155989720952e-11
83.15,-49.43824503634772,-11.617144254479124,-76.26867533626557,33.04694400315543,33.04694400319619,0.7848216783650557,21.0,6.650680006714538e-11
83.2,-49.22461268926188,-12.491421796383635,-75.2532759575732,33.046944003158345,33.04694400319845,0.7848216783618369,21.0,6.565414878423326e-11
83.25,-48.99552069910211,-13.361776241448768,-74.2378765788807,33.04694400316121,33.046944003200686,0.7848216783586608,20.999999999999996,6.437517185986508e-11
83.30000000000001,-48.75104101524911,-14.227934243307054,-73.22247720018812,33.04694400316402,33.046944003202896,0.7848216783555344,21.0,6.352252057695296e-11
83.35000000000001,-48.491250419793076,-15.089623773539726,-72.20707782149542,33.0469440031668,33.046944003205084,0.7848216783524578,21.000000000000007,6.252776074688882e-11
83.4,-48.21623050341925,-15.946574207110848,-71.1916784428026,33.046944003169536,33.04694400320721,0.7848216783494237,21.0,6.153300091682468e-11
83.45,-47.926067639783255,-16.7985164073607,-70.17627906410968,33.04694400317222,33.04694400320931,0.7848216783464395,21.0,6.068034963391256e-11
83.5,-47.620852958384354,-17.64518281053173,-69.16087968541666,33.04694400317488,33.046944003211394,0.7848216783435049,21.0,5.968558980384842e-11
83.55000000000001,-47.30068231594497,-18.486307509800483,-68.14548030672353,33.04694400317749,33.046944003213454,0.784821678340613,20.999999999999996,5.869082997378428e-11
83.60000000000001,-46.965656266305636,-19.321626338789187,-67.13008092803031,33.04694400318005,33.04694400321545,0.7848216783377708,20.999999999999996,5.7838178690872155e-11
83.65,-46.61588002884473,-20.150876954530705,-66.11468154933698,33.04694400318259,33.04694400321741,0.7848216783349713,21.0,5.6843418860808015e-11
83.7,-46.25146345543291,-20.973798919860826,-65.09928217064356,33.046944003185075,33.04694400321938,0.7848216783322144,21.000000000000007,5.5990767577895895e-11
83.75,-45.87252099593271,-21.790133785212014,-64.08388279195005,33.04694400318752,33.0469440032213,0.784821678329493,20.999999999999996,5.5138116294983774e-11
83.80000000000001,-45.47917166225401,-22.59962516978292,-63.068483413256416,33.046944003189935,33.046944003223196,0.7848216783268214,20.999999999999996,5.4427573559223674e-11
83.85000000000001,-45.071538990976784,-23.40201884205819,-62.053084034562694,33.04694400319231,33.046944003225036,0.7848216783241924,20.999999999999996,5.3432813729159534e-11
83.9,-44.649751004552776,-24.197062799653228,-61.037684655868894,33.046944003194646,33.04694400322686,0.7848216783215989,21.0,5.2580162446247414e-11
83.95,-44.213940171098386,-24.984507348458912,-60.022285277174994,33.04694400319695,33.04694400322866,0.7848216783190551,20.999999999999993,5.1869619710487314e-11
84.0,-43.76424336279126,-25.76410518106133,-59.006885898481016,33.046944003199215,33.04694400323042,0.7848216783165469,20.999999999999993,5.0874859880423173e-11
84.05000000000001,-43.3008018128838,-26.53561145441195,-57.99148651978694,33.04694400320144,33.04694400323216,0.7848216783140742,21.0,5.016431714466307e-11
84.10000000000001,-42.823761071346944,-27.298783866723852,-56.97608714109278,33.046944003203635,33.0469440032339,0.7848216783116442,20.999999999999993,4.945377440890297e-11
84.15,-42.33327095915831,-28.053382733569798,-55.96068776239855,33.046944003205795,33.0469440032356,0.7848216783092425,20.999999999999996,4.860112312599085e-11
84.2,-41.82948552124892,-28.799171063158322,-54.94528838370424,33.046944003207926,33.046944003237265,0.7848216783068835,21.0,4.803268893738277e-11
84.25,-41.31256297812332,-29.535914630764147,-53.92988900500983,33.04694400321002,33.046944003238906,0.7848216783045601,20.999999999999996,4.718003765447065e-11
84.30000000000001,-40.782665676168335,-30.263382052289558,-52.914489626315344,33.04694400321208,33.046944003240526,0.7848216783022721,20.999999999999996,4.646949491871055e-11
84.35000000000001,-40.23996003666606,-30.981344856933664,-51.89909024762078,33.04694400321411,33.04694400324212,0.7848216783000197,20.999999999999996,4.575895218295045e-11
84.4,-39.68461650352703,-31.689577558946677,-50.88369086892614,33.04694400321611,33.046944003243674,0.7848216782978099,20.999999999999996,4.504840944719035e-11
84.45,-39.11680948976002,-32.38785772844671,-49.86829149023143,33.04694400321808,33.04694400324523,0.7848216782956214,20.999999999999996,4.419575816427823e-11
84.5,-38.53671732269538,-33.07596606127683,-48.85289211153663,33.04694400322002,33.04694400324676,0.7848216782934756,21.0,4.376943252282217e-11
84.55000000000001,-37.94452218797892,-33.75368644788044,-47.83749273284177,33.04694400322193,33.04694400324824,0.7848216782913582,20.999999999999996,4.291678123991005e-11
84.60000000000001,-37.34041007235411,-34.420806041173364,-46.82209335414682,33.04694400322381,33.04694400324973,0.7848216782892834,21.0,4.234834705130197e-11
84.65,-36.72457070525048,-35.07711532339128,-45.8066939754518,33.046944003225654,33.04694400325117,0.784821678287237,21.0,4.149569576838985e-11
84.7,-36.097197499196554,-35.72240817189158,-44.7912945967567,33.04694400322748,33.046944003252584,0.7848216782852191,20.999999999999996,4.092726157978177e-11
84.75,-35.45848748907611,-36.356481923888886,-43.77589521806153,33.04694400322928,33.04694400325399,0.7848216782832296,21.0,4.035882739117369e-11
84.80000000000001,-34.80864127024673,-36.97913744010403,-42.7604958393663,33.04694400323105,33.046944003255376,0.7848216782812756,20.999999999999996,3.979039320256561e-11
84.85000000000001,-34.14786293554017,-37.590179167306374,-41.745096460671,33.04694400323278,33.046944003256726,0.78482167827935,20.999999999999996,3.907985046680551e-11
84.9,-33.4763600111643,-38.18941519972988,-40.72969708197562,33.04694400323449,33.04694400325807,0.78482167827746,20.999999999999996,3.851141627819743e-11
84.95,-32.794343391526766,-38.77665733934367,-39.714297703280195,33.04694400323618,33.046944003259405,0.7848216782755912,21.0,3.780087354243733e-11
85.0,-32.10202727300075,-39.35172115495814,-38.69889832458469,33.04694400323784,33.046944003260684,0.784821678273758,20.999999999999996,3.737454790098127e-11
85.05000000000001,-31.39962908665381,-39.914426040147994,-37.68349894588911,33.04694400323947,33.04694400326196,0.7848216782719462,20.999999999999996,3.666400516522117e-11
85.10000000000001,-30.687369429960732,-40.464595269974104,-36.66809956719348,33.04694400324107,33.046944003263214,0.7848216782701627,21.0,3.623767952376511e-11
85.15,-29.96547199752198,-41.002056056486325,-35.652700188497796,33.04694400324266,33.046944003264464,0.7848216782684077,20.999999999999996,3.566924533515703e-11
85.2,-29.23416351080943,-41.52663960298984,-34.63730080980204,33.04694400324422,33.04694400326567,0.784821678266681,20.999999999999996,3.510081114654895e-11
85.25,-28.49367364696149,-42.03818115705799,-33.62190143110623,33.04694400324575,33.04694400326689,0.7848216782649828,20.999999999999996,3.453237695794087e-11
85.30000000000001,-27.744234966649934,-42.53652006227499,-32.60650205241037,33.04694400324726,33.04694400326808,0.7848216782633131,20.999999999999996,3.396394276933279e-11
85.35000000000001,-26.986082841041146,-43.02149980869218,-31.59110267371443,33.04694400324875,33.04694400326922,0.7848216782616717,20.999999999999996,3.339550858072471e-11
85.4,-26.219455377874677,-43.49296808198206,-30.575703295018442,33.04694400325021,33.046944003270376,0.7848216782600517,21.0,3.282707439211663e-11
85.45,-25.44459334668235,-43.95077681127466,-29.560303916322404,33.046944003251646,33.04694400327152,0.784821678258453,20.999999999999996,3.240074875066057e-11
85.5,-24.661740103171386,-44.394782215661095,-28.544904537626316,33.04694400325307,33.04694400327263,0.7848216782568826,21.0,3.197442310920451e-11
85.55000000000001,-23.871141512795322,-44.82484484934994,-27.52950515893015,33.04694400325447,33.046944003273715,0.7848216782553408,21.0,3.140598892059643e-11
85.60000000000001,-23.073045873536696,-45.240829645461965,-26.514105780233933,33.04694400325584,33.04694400327478,0.7848216782538202,21.0,3.083755473198835e-11
85.65,-22.267703837925776,-45.64260595844975,-25.498706401537664,33.046944003257195,33.04694400327584,0.784821678252321,20.999999999999996,3.041122909053229e-11
85.7,-21.455368334319793,-46.030047605128594,-24.483307022841345,33.046944003258524,33.046944003276884,0.784821678250843,20.999999999999993,2.998490344907623e-11
85.75,-20.636294487467445,-46.40303290430605,-23.467907644144976,33.04694400325983,33.04694400327791,0.7848216782493935,21.0,2.955857780762017e-11
85.80000000000001,-19.81073953838358,-46.76144471499752,-22.452508265448557,33.046944003261125,33.0469440032789,0.7848216782479653,21.0,2.8990143619012088e-11
85.85000000000001,-18.978962763559235,-47.10517047321592,-21.437108886752085,33.0469440032624,33.04694400327992,0.7848216782465514,21.0,2.8563817977556027e-11
85.9,-18.14122539353242,-47.434102227323905,-20.421709508055564,33.046944003263654,33.046944003280885,0.7848216782451658,20.999999999999996,2.8279600883251987e-11
85.95,-17.29779053084519,-47.748136671937516,-19.40631012935899,33.04694400326488,33.046944003281844,0.7848216782438016,20.999999999999996,2.7711166694643907e-11
86.0,-16.448923067412814,-48.047175180370594,-18.390910750662364,33.04694400326609,33.04694400328279,0.7848216782424586,20.999999999999996,2.7284841053187847e-11
86.05000000000001,-15.59488960133093,-48.331123835609816,-17.37551137196569,33.04694400326729,33.04694400328373,0.784821678241137,21.000000000000007,2.6858515411731787e-11
86.10000000000001,-14.735958353146897,-48.59989345981057,-16.36011199326899,33.046944003268464,33.04694400328465,0.7848216782398296,20.999999999999996,2.6432189770275727e-11
86.15,-13.872399081621555,-48.85339964230446,-15.344712614572238,33.04694400326962,33.04694400328555,0.7848216782385506,21.0,2.6147972675971687e-11
86.2,-13.00448299900792,-49.091562766109554,-14.329313235875437,33.04694400327077,33.04694400328645,0.7848216782372859,20.999999999999996,2.5579538487363607e-11
86.25,-12.132482685873358,-49.314308032935195,-13.313913857178584,33.04694400327188,33.046944003287315,0.7848216782360424,21.000000000000007,2.5295321393059567e-11
86.30000000000001,-11.256672005492055,-49.52156548667339,-12.298514478481705,33.04694400327298,33.04694400328819,0.7848216782348203,20.999999999999996,2.4868995751603507e-11
86.35000000000001,-10.37732601783461,-49.713270035369426,-11.283115099784776,33.04694400327407,33.046944003289035,0.7848216782336124,21.0,2.4442670110147446e-11
86.4,-9.494720893181805,-49.88936147166491,-10.267715721087795,33.04694400327514,33.046944003289866,0.7848216782324329,21.0,2.4158453015843406e-11
86.45,-8.60913382538966,-50.04978449170665,-9.25231634239079,33.04694400327619,33.0469440032907,0.7848216782312676,20.999999999999996,2.3590018827235326e-11
86.5,-7.720842944833025,-50.19448871251558,-8.236916963693734,33.046944003277225,33.04694400329151,0.7848216782301165,20.999999999999996,2.3305801732931286e-11
86.55000000000001,-6.83012723105504,-50.323428687810186,-7.2215175849966515,33.04694400327824,33.0469440032923,0.7848216782289867,20.999999999999996,2.3021584638627246e-11
86.60000000000001,-5.937266425149908,-50.436563922279554,-6.206118206299519,33.04694400327925,33.0469440032931,0.7848216782278712,21.0,2.2595258997171186e-11
86.65,-5.042540941906492,-50.53385888430142,-5.190718827602335,33.04694400328024,33.04694400329387,0.784821678226777,21.0,2.2311041902867146e-11
86.7,-4.146231781740326,-50.615283017101355,-4.1753194489051255,33.04694400328121,33.046944003294634,0.7848216782256969,21.0,2.1884716261411086e-11
86.75,-3.2486204424417053,-50.68081074834956,-3.1599200702078907,33.04694400328218,33.04694400329539,0.7848216782246311,20.999999999999996,2.1600499167107046e-11
86.80000000000001,-2.3499888307675687,-50.73042149819214,-2.144520691510605,33.046944003283116,33.04694400329612,0.7848216782235795,20.999999999999996,2.1316282072803006e-11
86.85000000000001,-1.4506191739049377,-50.764099685714534,-1.1291213128132942,33.04694400328405,33.04694400329687,0.7848216782225492,20.999999999999996,2.1032064978498966e-11
86.9,-0.5507939308337234,-50.78183473383486,-0.1137219341159324,33.04694400328496,33.04694400329757,0.7848216782215403,20.999999999999996,2.0605739337042905e-11
86.95,0.3492042963832661,-50.78362107262583,0.9016774445814549,33.046944003285866,33.04694400329828,0.7848216782205384,21.0,2.0179413695586845e-11
87.0,1.2490928513552557,-50.76945814106402,1.917076823278893,33.04694400328675,33.04694400329898,0.7848216782195507,21.0,2.0037305148434825e-11
87.05000000000001,2.1485891121354945,-50.739350387206116,2.932476201976357,33.04694400328762,33.046944003299664,0.7848216782185844,20.999999999999993,1.9753088054130785e-11
87.10000000000001,3.0474105799824307,-50.693307266791884,3.9478755806738457,33.04694400328848,33.04694400330033,0.7848216782176323,21.0,1.9326762412674725e-11
87.15,3.9452749680821904,-50.63134324027452,4.963274959371386,33.046944003289326,33.04694400330098,0.7848216782166944,21.0,1.9042545318370685e-11
87.2,4.841900290204499,-50.55347776827912,5.978674338068951,33.04694400329016,33.04694400330165,0.7848216782157635,20.999999999999996,1.8758328224066645e-11
87.25,5.737004949264204,-50.459735305490845,6.994073716766542,33.04694400329098,33.04694400330229,0.784821678214854,20.999999999999996,1.8616219676914625e-11
87.30000000000001,6.630307825760569,-50.35014529297456,8.009473095464159,33.046944003291784,33.04694400330294,0.7848216782139517,20.999999999999996,1.8189894035458565e-11
87.35000000000001,7.521528366066596,-50.22474214892851,9.024872474161826,33.04694400329258,33.046944003303544,0.7848216782130777,21.0,1.8047785488306545e-11
87.4,8.410386670540607,-50.08356525787482,10.040271852859519,33.04694400329336,33.046944003304155,0.7848216782122037,21.0,1.7479351299698465e-11
87.45,9.296603581432446,-49.92665895829024,11.055671231557236,33.046944003294136,33.046944003304766,0.7848216782113511,21.0,1.7479351299698465e-11
87.5,10.17990077055668,-49.75407252868111,12.07107061025498,33.04694400329489,33.04694400330536,0.7848216782105126,20.999999999999996,1.7053025658242404e-11
87.55000000000001,11.06000082670525,-49.565860172106724,13.086469988952748,33.04694400329564,33.046944003305946,0.7848216782096884,21.0,1.6768808563938364e-11
87.60000000000001,11.936627342772157,-49.362080999156206,14.101869367650568,33.04694400329638,33.04694400330653,0.7848216782088713,21.0,1.6484591469634324e-11
87.65,12.80950500256277,-49.142799009383985,15.117268746348413,33.04694400329711,33.046944003307075,0.7848216782080684,20.999999999999996,1.6342482922482304e-11
87.7,13.67835966726054,-48.90808307120994,16.132668125046283,33.04694400329782,33.04694400330764,0.7848216782072797,21.0,1.6058265828178264e-11
87.75,14.542918461523936,-48.65800690029031,17.14806750374418,33.04694400329851,33.04694400330817,0.7848216782065052,20.999999999999996,1.5774048733874224e-11
87.80000000000001,15.40290985918656,-48.39264903636635,18.1634668824421,33.0469440032992,33.046944003308724,0.7848216782057378,21.0,1.5489831639570184e-11
87.85000000000001,16.25806376853355,-48.11209281859786,19.17886626114005,33.046944003299885,33.046944003309264,0.7848216782049846,21.0,1.5347723092418164e-11
87.9,17.108111617127467,-47.816426359389425,20.194265639838022,33.04694400330055,33.04694400330978,0.7848216782042456,21.0,1.5063505998114124e-11
87.95,17.952786436157037,-47.50574251671755,21.209665018536022,33.04694400330121,33.04694400331028,0.7848216782035138,21.0,1.4779288903810084e-11
88.0,18.791822944282245,-47.18013886496736,22.225064397234043,33.04694400330186,33.0469440033108,0.7848216782027961,21.0,1.4637180356658064e-11
88.05000000000001,19.624957630949467,-46.8397176642881,23.240463775932092,33.0469440033025,33.046944003311296,0.7848216782020856,21.0,1.4352963262354024e-11
88.10000000000001,20.451928839150455,-46.484585828476945,24.255863154630166,33.04694400330313,33.046944003311815,0.7848216782013893,21.0,1.4210854715202004e-11
88.15,21.272476847599187,-46.11485489140132,25.271262533328265,33.04694400330375,33.046944003312284,0.7848216782007,20.999999999999996,1.3926637620897964e-11
88.2,22.0863439523008,-45.73064097197022,26.286661912026393,33.04694400330436,33.04694400331276,0.784821678200025,20.999999999999996,1.3784529073745944e-11
88.25,22.89327454748694,-45.33206473766548,27.30206129072454,33.04694400330496,33.04694400331323,0.7848216781993571,21.0,1.3500311979441904e-11
88.30000000000001,23.693015205892145,-44.91925136664462,28.31746066942272,33.046944003305555,33.0469440033137,0.7848216781987034,20.999999999999996,1.3358203432289883e-11
88.35000000000001,24.48531475834605,-44.49233050842692,29.332860048120896,33.04694400330613,33.04694400331414,0.7848216781980568,21.0,1.3073986337985843e-11
88.4,25.269924372656394,-44.05143624317529,30.348259426819098,33.046944003306706,33.0469440033146,0.7848216781974244,20.999999999999993,1.2931877790833823e-11
88.45,26.046597631758072,-43.596707039586626,31.363658805517325,33.04694400330727,33.04694400331503,0.7848216781967992,21.000000000000007,1.2647660696529783e-11
88.5,26.81509061110369,-43.128285711403876,32.37905818421557,33.04694400330782,33.04694400331548,0.784821678196181,20.999999999999996,1.2505552149377763e-11
88.55000000000001,27.575161955271305,-42.64631937256346,33.39445756291386,33.04694400330837,33.04694400331592,0.784821678195577,20.999999999999993,1.2363443602225743e-11
88.60000000000001,28.3265729537653,-42.15095939099222,34.409856941612155,33.04694400330891,33.046944003316334,0.7848216781949802,21.0,1.2079226507921703e-11
88.65,29.06908761598658,-41.642361341068295,35.42525632031049,33.04694400330944,33.04694400331676,0.7848216781943975,20.999999999999996,1.1937117960769683e-11
88.7,29.802472745348556,-41.120684954760925,36.440655699008815,33.04694400330996,33.046944003317165,0.784821678193822,20.999999999999996,1.1652900866465643e-11
88.75,30.52649801251563,-40.58609407146451,37.45605507770717,33.04694400331048,33.046944003317556,0.7848216781932535,20.999999999999996,1.1510792319313623e-11
88.80000000000001,31.240936027741185,-40.03875658654266,38.471454456405546,33.046944003310976,33.04694400331796,0.7848216781926922,21.0,1.1368683772161603e-11
88.85000000000001,31.945562412282335,-39.478844398598454,39.48685383510395,33.046944003311474,33.04694400331836,0.7848216781921451,21.0,1.1226575225009583e-11
88.9,32.640155868869066,-38.906533355487376,40.50225321380238,33.046944003311964,33.046944003318735,0.784821678191598,21.0,1.0942358130705543e-11
88.95,33.32449825120558,-38.32200319908996,41.517652592500816,33.04694400331245,33.04694400331911,0.7848216781910651,21.0,1.0942358130705543e-11
89.0,33.99837463248203,-37.7254375088615,42.53305197119927,33.04694400331292,33.04694400331948,0.7848216781905464,20.999999999999996,1.0658141036401503e-11
89.05000000000001,34.66157337287513,-37.11702364417645,43.54845134989775,33.04694400331339,33.04694400331986,0.7848216781900277,21.0,1.0373923942097463e-11
89.10000000000001,35.31388618601647,-36.496952685485724,44.56385072859626,33.04694400331386,33.0469440033202,0.7848216781895232,21.0,1.0373923942097463e-11
89.15,35.95510820440759,-35.865419374305375,45.57925010729477,33.04694400331431,33.046944003320554,0.7848216781890187,21.0,1.0089706847793423e-11
89.2,36.585038043761365,-35.222622052055414,46.5946494859933,33.046944003314756,33.0469440033209,0.7848216781885213,21.0,1.0089706847793423e-11
89.25,37.20347786624941,-34.56876259776806,47.610048864691834,33.0469440033152,33.04694400332127,0.7848216781880311,20.999999999999996,9.947598300641403e-12
89.30000000000001,37.81023344263564,-33.90404636468494,48.62544824339039,33.04694400331563,33.046944003321606,0.784821678187555,21.0,9.805489753489383e-12
89.35000000000001,38.4051142132766,-33.2286821157632,49.640847622089,33.04694400331606,33.04694400332193,0.784821678187086,21.0,9.521272659185342e-12
89.4,38.987933347969175,-32.5428819581107,50.65624700078761,33.046944003316476,33.046944003322245,0.7848216781866171,20.999999999999996,9.379164112033322e-12
89.45,39.55850780462718,-31.84686127637098,51.67164637948621,33.04694400331689,33.04694400332257,0.7848216781861623,20.999999999999996,9.379164112033322e-12
89.5,40.1166583867681,-31.140838665078853,52.68704575818482,33.04694400331729,33.046944003322906,0.7848216781857147,20.999999999999996,9.094947017729282e-12
89.55000000000001,40.66220979979214,-30.425035860007874,53.70244513688348,33.0469440033177,33.046944003323205,0.7848216781852742,21.0,8.952838470577262e-12
89.60000000000001,41.1949907060358,-29.69967766853129,54.717844515582144,33.04694400331809,33.046944003323524,0.7848216781848336,21.0,8.810729923425242e-12
89.65,41.71483377858281,-28.9649918990183,55.733243894280804,33.04694400331848,33.04694400332384,0.7848216781844073,21.0,8.810729923425242e-12
89.7,42.22157575381527,-28.22120928928781,56.748643272979514,33.046944003318856,33.04694400332413,0.7848216781839881,20.999999999999996,8.526512829121202e-12
89.75,42.715057482688856,-27.468563434142148,57.764042651678224,33.04694400331923,33.04694400332443,0.784821678183576,21.0,8.384404281969182e-12
89.80000000000001,43.19512398071561,-26.707290712003534,58.779442030376934,33.0469440033196,33.04694400332472,0.7848216781831638,21.0,8.242295734817162e-12
89.85000000000001,43.66162447663891,-25.93763021067629,59.794841409075694,33.046944003319965,33.04694400332499,0.7848216781827588,21.0,8.242295734817162e-12
89.9,44.11441245978522,-25.159823652258133,60.810240787774454,33.04694400332032,33.046944003325265,0.7848216781823609,20.999999999999996,8.100187187665142e-12
89.95,44.55334572607764,-24.374115317224152,61.825640166473214,33.046944003320675,33.046944003325535,0.7848216781819701,20.999999999999996,7.958078640513122e-12
90.0,44.978286422697025,-23.580751967707283,62.84103954517198,33.04694400332102,33.04694400332583,0.7848216781815864,21.000000000000007,7.815970093361102e-12
90.05000000000001,45.3891010913765,-22.77998276999937,63.85643892387074,33.046944003321364,33.0469440033261,0.7848216781812098,21.0,7.673861546209082e-12
90.10000000000001,45.78566071031579,-21.97205921629721,64.87183830256956,33.046944003321705,33.04694400332635,0.7848216781808333,21.0,7.531752999057062e-12
90.15,46.1678407347022,-21.15723504571806,65.88723768126836,33.04694400332203,33.04694400332663,0.7848216781804638,21.0,7.531752999057062e-12
90.2,46.53552113582563,-20.335766164609524,66.90263705996718,33.046944003322366,33.046944003326885,0.7848216781801014,21.0,7.389644451905042e-12
90.25,46.888586438775135,-19.507910566178747,67.918036438666,33.046944003322686,33.046944003327155,0.7848216781797532,21.0,7.247535904753022e-12
90.30000000000001,47.226925758705356,-18.673928249466243,68.93343581736485,33.046944003323006,33.04694400332741,0.7848216781794051,20.999999999999996,6.963318810448982e-12
90.35000000000001,47.5504328356614,-17.834081137689726,69.94883519606371,33.04694400332332,33.04694400332765,0.784821678179064,20.999999999999996,6.963318810448982e-12
90.4,47.85900606795117,-16.988632995983657,70.96423457476257,33.04694400332363,33.0469440033279,0.784821678178723,20.999999999999996,6.821210263296962e-12
90.45,48.15254854405475,-16.13784934856031,71.97963395346144,33.04694400332394,33.04694400332815,0.784821678178389,20.999999999999996,6.821210263296962e-12
90.5,48.43096807306073,-15.281997395318342,72.99503333216036,33.046944003324235,33.046944003328385,0.7848216781780621,20.999999999999996,6.679101716144942e-12
90.55000000000001,48.694177213619994,-14.421345927925149,74.01043271085926,33.04694400332453,33.046944003328605,0.7848216781777424,21.0,6.536993168992922e-12
90.60000000000001,48.94209330140783,-13.556165245399253,75.02583208955818,33.046944003324825,33.046944003328846,0.7848216781774227,20.999999999999996,6.394884621840902e-12
90.65,49.17463847508577,-12.686727069219316,76.0412314682571,33.04694400332511,33.046944003329074,0.78482167817711,20.999999999999996,6.394884621840902e-12
90.7,49.39173970075498,-11.813304457986398,77.05663084695607,33.04694400332539,33.04694400332929,0.7848216781768116,20.999999999999996,6.252776074688882e-12
90.75,49.5933287948935,-10.936171721666284,78.07203022565503,33.04694400332567,33.04694400332949,0.784821678176506,20.999999999999996,5.9685589803848416e-12
90.80000000000001,49.77934244577022,-10.055604335438794,79.08742960435399,33.04694400332595,33.04694400332971,0.7848216781762076,21.0,6.110667527536862e-12
90.85000000000001,49.949722233328735,-9.171878853181145,80.10282898305296,33.04694400332621,33.046944003329926,0.7848216781759163,20.999999999999996,5.9685589803848416e-12
90.9,50.104414647534966,-8.285272820612537,81.11822836175197,33.04694400332648,33.046944003330104,0.7848216781756321,20.999999999999996,5.8264504332328215e-12
90.95,50.24337110518268,-7.396064688127234,82.13362774045099,33.04694400332674,33.04694400333031,0.7848216781753479,21.0,5.6843418860808015e-12
91.0,50.3665479651517,-6.504533723343524,83.14902711915,33.04694400332699,33.0469440033305,0.7848216781750708,21.0,5.6843418860808015e-12
91.05000000000001,50.47390654211398,-5.610959923396012,84.16442649784902,33.04694400332724,33.04694400333071,0.7848216781747936,21.0,5.5422333389287814e-12
91.10000000000001,50.565413118683225,-4.7156239269988065,85.17982587654804,33.04694400332749,33.04694400333091,0.7848216781745236,21.0,5.5422333389287814e-12
91.15,50.64103895600431,-3.8188069263072024,86.19522525524705,33.04694400332773,33.04694400333112,0.7848216781742536,20.999999999999996,5.4001247917767614e-12
91.2,50.700760302779095,-2.920790578605555,87.21062463394611,33.04694400332797,33.046944003331284,0.7848216781739978,20.999999999999996,5.4001247917767614e-12
91.25,50.744558402725815,-2.021856917849069,88.22602401264518,33.04694400332821,33.04694400333147,0.7848216781737349,20.999999999999996,5.115907697472721e-12
91.30000000000001,50.77241950046976,-1.1222882660872913,89.24142339134426,33.04694400332845,33.04694400333165,0.7848216781734791,20.999999999999996,5.258016244624741e-12
91.35000000000001,50.78433484586333,-0.22236714479712405,90.25682277004331,33.046944003328676,33.04694400333183,0.7848216781732305,20.999999999999996,5.115907697472721e-12
91.4,50.78030069673412,0.6776238138467967,91.27222214874243,33.046944003328896,33.04694400333197,0.7848216781729818,20.999999999999996,4.973799150320701e-12
91.45,50.76031832006023,1.5774019557364864,92.28762152744156,33.046944003329116,33.04694400333214,0.7848216781727331,20.999999999999996,4.973799150320701e-12
91.5,50.72439399157231,2.4766846936018876,93.30302090614067,33.04694400332934,33.046944003332314,0.7848216781724986,20.999999999999996,4.973799150320701e-12
91.55000000000001,50.67253899378263,3.3751895957611535,94.31842028483979,33.04694400332954,33.046944003332456,0.7848216781722641,20.999999999999996,4.689582056016661e-12
91.60000000000001,50.60476961244161,4.272634474822066,95.3338196635389,33.046944003329756,33.046944003332634,0.7848216781720296,20.999999999999996,4.689582056016661e-12
91.65,50.52110713142311,5.168737476306733,96.34921904223802,33.04694400332996,33.046944003332804,0.7848216781718023,20.999999999999996,4.689582056016661e-12
91.7,50.42157782603991,6.063217167171729,97.36461842093713,33.04694400333016,33.04694400333297,0.7848216781715749,20.999999999999996,4.547473508864641e-12
91.75,50.306212954791626,6.955792624195878,98.38001779963626,33.04694400333037,33.04694400333314,0.7848216781713475,20.999999999999996,4.547473508864641e-12
91.80000000000001,50.17504874954755,7.8461835222079195,99.39541717833542,33.046944003330566,33.04694400333329,0.7848216781711272,20.999999999999996,4.547473508864641e-12
91.85000000000001,50.02812640416755,8.734110222126352,100.4108165570346,33.04694400333076,33.04694400333343,0.7848216781709141,21.0,4.405364961712621e-12
91.9,49.865492061564595,9.619293858783799,101.42621593573377,33.04694400333095,33.04694400333357,0.784821678170708,20.999999999999996,4.263256414560601e-12
91.95,49.68719679921295,10.501456428508313,102.44161531443294,33.046944003331134,33.046944003333735,0.7848216781704949,21.0,4.121147867408581e-12
92.0,49.49329661310664,11.380320876434123,103.4570146931321,33.04694400333132,33.0469440033339,0.7848216781702888,20.999999999999996,4.263256414560601e-12
92.05000000000001,49.28385240017314,12.25561118351439,104.47241407183127,33.046944003331504,33.046944003334026,0.7848216781700899,21.0,4.121147867408581e-12
92.10000000000001,49.05892993914791,13.127052453208655,105.48781345053048,33.04694400333168,33.04694400333416,0.7848216781698909,20.999999999999996,3.979039320256561e-12
92.15,48.81859986991569,13.994370997817748,106.50321282922971,33.04694400333186,33.04694400333428,0.784821678169692,20.999999999999996,3.979039320256561e-12
92.2,48.56293767132511,14.85729442443904,107.51861220792892,33.04694400333204,33.04694400333443,0.7848216781695001,20.999999999999996,3.979039320256561e-12
92.25,48.292023637483574,15.715551720515052,108.53401158662814,33.04694400333221,33.046944003334545,0.7848216781693154,21.0,3.836930773104541e-12
92.30000000000001,48.005942852539796,16.568873338948542,109.54941096532737,33.04694400333237,33.0469440033347,0.7848216781691235,21.0,3.694822225952521e-12
92.35000000000001,47.70478516396203,17.416991282757362,110.56481034402658,33.046944003332534,33.04694400333483,0.7848216781689388,21.0,3.836930773104541e-12
92.4,47.38864515432026,18.25963918924245,111.5802097227258,33.046944003332705,33.046944003334964,0.7848216781687611,21.0,3.694822225952521e-12
92.45,47.057622111581274,19.09655241364258,112.59560910142503,33.04694400333286,33.04694400333511,0.7848216781685764,21.0,3.552713678800501e-12
92.5,46.71181999792601,19.927468112249574,113.61100848012424,33.04694400333302,33.04694400333525,0.7848216781684059,21.0,3.694822225952521e-12
92.55000000000001,46.35134741709878,20.752125324957834,114.62640785882346,33.04694400333318,33.046944003335376,0.7848216781682282,20.999999999999996,3.410605131648481e-12
92.60000000000001,45.9763175802989,21.57026505722235,115.64180723752273,33.04694400333334,33.0469440033355,0.7848216781680648,21.0,3.552713678800501e-12
92.65,45.58684827062514,22.38163036139936,116.657206616222,33.04694400333349,33.062202976201924,0.7848216781678943,20.0,3.268496584496461e-12
92.7,45.18306180608444,23.18596641744417,117.67260599492127,33.04803392996695,33.04694400333574,0.7848216781677309,20.999999999999996,3.410605131648481e-12
92.75,44.76508500117627,23.983020612940784,118.68804763080733,33.04795607806472,33.062177647366816,0.7848216781675745,20.0,3.268496584496461e-12
92.80000000000001,44.33304854477115,24.77254230379982,119.70348624828823,33.04897190444344,33.062154205016896,0.784821014419137,20.0,3.126388037344441e-12
92.85000000000001,43.887088176130035,25.554283533108777,120.71896425091147,33.04991349734155,33.04685281120323,0.7848197345420047,20.999999999999996,1.327496875092038e-05
92.9,43.42734343399955,26.32799844965322,121.73447876134291,33.0496948769031,33.046787429142384,0.7848172203020383,20.999999999999996,2.5597542645527938e-05
92.95,42.953958241952265,27.093443718728906,122.74998479526761,33.04948720206304,33.046727197444966,0.7848128990479779,20.999999999999996,5.0284799328892404e-05
93.0,42.46708141859096,27.850378959600675,123.76548277711504,33.04929005887604,33.046671873583186,0.7848069052802558,21.0,8.64250812071532e-05
93.05000000000001,41.966866011315545,28.598566467064074,124.78097311525906,33.049103045640834,33.046621223604596,0.7847993673578841,21.0,0.00011987535444291098
93.10000000000001,41.45346924854255,29.337771285753863,125.79645620249329,33.04892577263825,33.04657502189869,0.7847904077103252,20.999999999999996,0.00015075844743250855
93.15,40.92705249061066,30.067761283608963,126.81193241649619,33.04875786187114,33.04653305096789,0.7847801430437897,20.999999999999996,0.00017919295117962974
93.2,40.38778117938739,30.78830722447015,127.82740212028598,33.048598946806614,33.046495101202744,0.7847686845420085,21.000000000000007,0.0002052933307084004
93.25,39.835824786591914,31.499182839787068,128.8428656626657,33.04844867212062,33.04646097066123,0.784756138061617,20.999999999999996,0.00022917003562383798
93.30000000000001,39.27135676085011,32.200164899411384,129.8583233786581,33.04830669344495,33.04643046485243,0.7847426043221404,21.0,0.0002509296078301304
93.35000000000001,38.69455447349777,32.89103328145322,130.87377558993086,33.048172677116916,33.046403396524255,0.784728179090898,21.0,0.00027067478953313184
93.4,38.10559916314868,33.57157104117829,131.88922260521204,33.04804629993173,33.046379585455526,0.7847129533626287,20.999999999999996,0.0002885046248479739
93.45,37.50467587904467,34.2415644789235,132.904664720696,33.047927248897714,33.046358858251985,0.7846970135342133,20.999999999999996,0.0003045145653857162
93.5,36.89197342320486,34.90080320700906,133.92010222043928,33.047815220994444,33.0463410481469,0.7846804415743804,20.999999999999996,0.0003187965683082439
93.55000000000001,36.2676842913922,35.54908021562544,134.93553537674788,33.04770992293391,33.046325994805336,0.7846633151886593,20.999999999999996,0.0003314391966569019
93.60000000000001,35.632004612915374,36.18619193767393,135.95096445055466,33.047611070924724,33.04631354413287,0.7846457079795002,21.0,0.00034252771442311314
93.65,34.985134089284756,36.81193831253986,136.9663896917878,33.04751839043959,33.046303548088254,0.7846276896018409,21.0,0.0003521441831821903
93.7,34.32727593174145,37.42612284877772,137.9818113397302,33.04743161598593,33.04629586450018,0.7846093259140616,21.0,0.00036036755318491487
93.75,33.65863679767882,38.02855268568819,138.99722962336986,33.0473504908798,33.04629035688806,0.7845906791245199,20.999999999999996,0.00036727375558598396
93.80000000000001,32.97942672597625,38.61903865376686,140.01264476174168,33.04727476702325,33.04628689428684,0.784571807933709,20.999999999999996,0.00037293579083552686
93.85000000000001,32.28985907126533,39.19739533400534,141.0280569642606,33.04720420468493,33.046285351075596,0.7845527676721815,21.0,0.00037742381621796994
93.9,31.590150437148843,39.76344111602552,142.0434664310458,33.04713857228426,33.046285606810414,0.7845336104342309,21.0,0.00038080523054873083
93.95,30.88052060839355,40.31699825502811,143.05887335323715,33.04707764617899,33.04628754606072,0.7845143852076077,20.999999999999996,0.00038314475901302103
94.0,30.16119248211786,40.857892927537186,144.07427791330292,33.04702121045626,33.04629105824965,0.7844951379991159,21.0,0.00038450453246241523
94.05000000000001,29.432391997995897,41.38595528592263,145.08968028533977,33.046969056727214,33.04629603749825,0.7844759119563989,20.999999999999996,0.00038494416983780866
94.10000000000001,28.69434806749989,41.901019511682875,146.1050806353642,33.04692098392515,33.04630238247333,0.7844567474858763,21.0,0.00038452085433959837
94.15,27.94729250220296,42.40292386747079,147.12047912159682,33.04687679810716,33.046309996238996,0.7844376823669634,21.0,0.0003832894104505158
94.2,27.19145994116484,42.89151074784577,148.13587589473863,33.04683631225943,33.04631878611183,0.784418751862674,20.999999999999996,0.00038130237825839686
94.25,26.4270877774233,43.366626728735774,149.1512710982395,33.04679934610603,33.04632866351977,0.7843999888266495,21.0,0.00037861008578943256
94.30000000000001,25.65441608361432,43.82812261559324,150.16666486855962,33.0467657259213,33.04633954386441,0.7843814238067139,21.0,0.00037526072048876813
94.35000000000001,24.873687536744423,44.27585349022935,151.18205733542356,33.0467352843458,33.04635134638678,0.7843630851451096,21.0,0.0003713003987115826
94.4,24.08514734213878,44.709678756311554,152.19744862206701,33.04670786020587,33.04636399403661,0.7843449990753655,21.0,0.00036677323208778034
94.45,23.289043156588985,45.12946218350955,153.21283884547668,33.04668329833664,33.046377413345084,0.7843271898159827,20.999999999999996,0.0003617213948814424
94.5,22.485625010724725,45.535071950275636,154.22822811662334,33.04666144940867,33.04639153430071,0.7843096796609856,20.999999999999996,0.0003561851876554556
94.55000000000001,21.675145230633728,45.92638068524542,155.2436165406881,33.0466421697581,33.0464062902286,0.784292489067397,21.0,0.0003502030999413819
94.60000000000001,20.857858358754697,46.30326550724571,156.2590042172821,33.046625321220276,33.04642161767286,0.7842756367397996,20.999999999999996,0.0003438118717724592
94.65,20.034021074068125,46.665608063896535,157.2743912406596,33.04661077096689,33.04643745628238,0.7842591397118923,20.999999999999993,0.00033704655194810584
94.7,19.20389211161013,47.01329456879486,158.28977769992525,33.04659839134657,33.046453748699385,0.7842430134253178,20.999999999999996,0.0003299405581458359
94.75,18.36773218133471,47.34621583726806,159.3051636792343,33.04658805972891,33.04647044045143,0.7842272718056833,20.999999999999996,0.0003225257314909413
94.80000000000001,17.525803886349944,47.66426732068552,160.32054925798778,33.04657965835195,33.04648747984598,0.7842119273359245,21.0,0.00031483239268936813
94.85000000000001,16.678371640553955,47.96734913931733,161.33593451102092,33.046573074172954,33.046504817868296,0.7841969911270823,20.999999999999996,0.000306889395176313
94.9,15.825701585696587,48.25536611372949,162.35131950878633,33.046568198722625,33.04652240808196,0.7841824729865223,20.999999999999996,0.0002987241768437343
94.95,14.968061507892966,48.528227794705394,163.36670431753123,33.04656492796258,33.04654020653241,0.7841683814836529,21.0,0.0002903628111994294
95.0,14.10572075361528,48.78584849168409,164.38208899946918,33.046563162146136,33.04655817165309,0.7841547240133551,21.000000000000007,0.00028183005738924294
95.05000000000001,13.238950145189278,49.02814729970596,165.39747361294667,33.04656280568235,33.04657626417433,0.7841415068569546,21.0,0.0002731494059560191
95.10000000000001,12.368021895822155,49.255048124857204,166.41285821260414,33.04656376700321,33.04659444703508,0.7841287352410475,20.999999999999996,0.00026434312800915905
95.15,11.493209524188641,49.46647970820498,167.4282428495319,33.04656595843406,33.04661268529705,0.7841164133940168,21.0,0.000255432318141402
95.2,10.614787768602246,49.662375648215274,168.44362757142113,33.04656929606713,33.04663094606145,0.7841045446005026,20.999999999999993,0.00024643694061410315
95.25,9.733032500798751,49.84267442164645,169.45901242270986,33.04657369963816,33.04664919838837,0.7840931312537478,20.999999999999996,0.00023737587028449525
95.30000000000001,8.848220639359157,50.0073194029116,170.47439744472447,33.046579092406034,33.04666741321828,0.7840821749059472,20.999999999999996,0.00022826693509614415
95.35000000000001,7.960630062799428,50.15625888190346,171.48978267581597,33.04658540103548,33.04668556329625,0.7840716763166427,20.999999999999996,0.0002191269560114506
95.4,7.070539522354452,50.28944608027617,172.50516815149226,33.046592555482675,33.046703623098516,0.7840616354991923,21.0,0.0002099717860915007
95.45,6.178228554483759,50.40683916617848,173.5205539045456,33.046600488883804,33.046721568760844,0.7840520517654568,21.0,0.00020081634900748213
95.5,5.283977393126609,50.50840126743376,174.535939965176,33.04660913744645,33.04673937800993,0.7840429237686593,21.0,0.0001916746747099296
95.55000000000001,4.388066881734154,50.59410048316244,175.55132636111023,33.04661844034385,33.046757030096174,0.7840342495445114,20.999999999999996,0.00018255993595062137
95.60000000000001,3.4907783851064424,50.6639098938431,176.56671311771683,33.04662833961187,33.04677450572918,0.7840260265506984,21.0,0.00017348448295706476
95.65,2.5923937010620857,50.71780756980896,177.58210025811712,33.04663878004882,33.046791787014975,0.7840182517047154,20.999999999999996,0.0001644598762595706
95.7,1.693194971968483,50.75577657817696,178.59748780329232,33.04664970911783,33.04680885739542,0.784010921420105,20.999999999999993,0.0001554969196604361
95.75,0.7934645961605178,50.77780498820715,179.61287577218673,33.04666107685195,33.04682570158961,0.7840040316412527,21.0,0.00014660569220836805
95.80000000000001,-0.10651486072431093,50.783885875090554,-179.3717358181925,33.04667283576178,33.04684230553714,0.7839975778766046,21.0,0.0001377955770465178
95.85000000000001,-1.0064607544663418,50.77401732216434,-178.35634695267944,33.04668494074574,33.04685865634335,0.7839915552305285,20.999999999999996,0.00012907529296057874
95.9,-1.906090451011786,50.748202421553415,-177.34095761785665,33.04669734900271,33.046874742226244,0.7839859584337674,21.0,0.00012045292152151887
95.95,-2.8051214152203414,50.706449273238164,-176.32556780196612,33.046710019947255,33.04689055246538,0.7839807818725717,20.999999999999996,0.0001119359352230731
96.0,-3.7032712995843777,50.64877098254862,-175.31017749482334,33.04672291512712,33.0469060773524,0.7839760196165031,20.999999999999996,0.00010353122391393299
96.05000000000001,-4.600258032891705,50.57518565608572,-174.29478668773456,33.04673599814321,33.04692130814331,0.7839716654450299,21.0,9.52451213720451e-05
96.10000000000001,-5.495799908803942,50.48571639607095,-173.2793953734172,33.04674923457179,33.046936237012375,0.7839677128728937,21.0,8.708342946306402e-05
96.15,-6.389615674322555,50.380391293125946,-172.26400354592332,33.04676259188898,33.04695085700766,0.78396415517431,20.999999999999996,7.905144272513098e-05
96.2,-7.281424618114643,50.259243417484484,-171.24861120056593,33.04677603939745,33.04696516200816,0.783960985406047,20.999999999999993,7.115397167467563e-05
96.25,-8.170946658670623,50.122310808639384,-170.23321833384813,33.04678954815536,33.04697914668238,0.7839581964294027,21.0,6.339536525956646e-05
96.30000000000001,-9.057902432266001,49.969636463427676,-169.21782494339513,33.04680309090729,33.046992806448436,0.7839557809311586,20.999999999999996,5.577953288593562e-05
96.35000000000001,-9.942013380699496,49.801268322557654,-168.20243102788882,33.046816642017376,33.047006137435716,0.7839537314434821,20.999999999999996,4.830996488180972e-05
96.4,-10.82300183877984,49.617259255582084,-167.18703658700497,33.0468301774044,33.04701913644775,0.7839520403628839,20.999999999999993,4.098975352917478e-05
96.45,-11.70059112153368,49.41766704432222,-166.17164162135302,33.04684367447892,33.04703180092657,0.78395069996823,20.999999999999996,3.382161196441302e-05
96.5,-12.574505611107076,49.20255436474784,-165.15624613241818,33.04685711208233,33.04704412891843,0.7839497024377806,21.0,2.6807893078739653e-05
96.55000000000001,-13.444470843333207,48.97198876731896,-164.14085012250598,33.04687047042776,33.047056119040626,0.7839490398654547,20.999999999999996,1.9950608987073792e-05
96.60000000000001,-14.310213593938991,48.72604265579546,-163.12545359468913,33.04688373104297,33.047067770449814,0.7839487042761846,20.999999999999996,1.3251446517870136e-05
96.65,-15.171461964363457,48.46479326452114,-162.1100565527565,33.04689687671489,33.04707908281143,0.7839486876404749,21.0,6.711785403012982e-06
96.7,-16.027945467160805,48.188322634189475,-161.09465900116425,33.046909891436066,33.047090056270186,0.7839489818881518,21.0,3.3271419397351565e-07
96.75,-16.87939511096126,47.896717586098596,-160.07926094498922,33.046922760352786,33.047100691421996,0.78394957892138,20.999999999999996,5.884953537815818e-06
96.80000000000001,-17.725543484962937,47.59006969490364,-159.06386238988418,33.046935469714875,33.04711098928665,0.7839504706270191,21.0,1.1940664563780956e-05
96.85000000000001,-18.56612484292812,47.26847525987497,-158.04846334203492,33.046948006827144,33.04712095128189,0.7839516488880989,21.0,1.7834112782111333e-05
96.9,-19.400875186657437,46.932035274671385,-157.0330638081194,33.04696036000248,33.04713057919828,0.7839531055948754,20.999999999999993,2.3565221596300034e-05
96.95,-20.22953234891571,46.58085539563777,-156.01766379526882,33.04697251851647,33.04713987517536,0.7839548326550059,21.0,2.9134135530739513e-05
97.0,-21.05183607578331,46.21504590863715,-155.0022633110301,33.04698447256353,33.047148841678506,0.7839568220032547,20.999999999999996,3.4541202609261745e-05
97.05000000000001,-21.86752810840709,45.83472169442763,-153.98686236333032,33.0469962132146,33.04715748147694,0.78395906561056,20.999999999999996,3.9786964975974115e-05
97.10000000000001,-22.676352264125168,45.44000219259508,-152.97146096044278,33.047007732376194,33.047165797622455,0.7839615554925032,21.0,4.4872146105490174e-05
97.15,-23.478054516940016,45.03101136405293,-151.95605911095456,33.04701902275092,33.047173793429394,0.7839642837172747,20.999999999999996,4.979763886581168e-05
97.2,-24.272383077314487,44.60787765212085,-150.94065682373568,33.047030077799384,33.0471814724551,0.7839672424130839,21.0,5.456449542862174e-05
97.25,-25.059088471265685,44.170733942194595,-149.92525410790967,33.04704089170337,33.04718883848141,0.7839704237750809,21.0,5.9173916184818154e-05
97.30000000000001,-25.837923618731804,43.719717520019714,-148.90985097282564,33.047051459330376,33.04719589549694,0.7839738200717932,20.999999999999996,6.362723993902364e-05
97.35000000000001,-26.6086439111872,43.25497002858219,-147.89444742803175,33.04706177619941,33.04720264768011,0.7839774236510877,20.999999999999996,6.792593424620463e-05
97.4,-27.371007288481348,42.77663742362967,-146.87904348324986,33.04707183844803,33.04720909938301,0.7839812269457056,20.999999999999996,7.207158589039864e-05
97.45,-28.12477431487744,42.2848699278372,-145.86363914835158,33.047081642800535,33.04721525511585,0.783985222478357,20.999999999999996,7.606589235820138e-05
97.5,-28.869708254266737,41.779821983631955,-144.84823443333553,33.047091186537344,33.0472211195323,0.7839894028664602,21.000000000000007,7.99106530280369e-05
97.55000000000001,-29.605575144535003,41.26165220469178,-143.83282934830578,33.04710046746555,33.047226697415354,0.783993760826398,21.000000000000007,8.36077620647302e-05
97.60000000000001,-30.332143871057596,40.73052332613278,-142.8174239034514,33.04710948389054,33.04723199366399,0.7839982891775037,21.0,8.715919875612599e-05
97.65,-31.049186239300145,40.186602153401736,-141.80201810902727,33.04711823458864,33.047237013280316,0.784002980845635,21.0,9.056702211296397e-05
97.7,-31.756477046501924,39.630059509889264,-140.7866119753356,33.0471267187809,33.04724176135751,0.7840078288664429,20.999999999999996,9.383336262658304e-05
97.75,-32.453794152419434,39.06107018328038,-139.7712055127088,33.0471349361078,33.047246243068166,0.7840128263882775,20.999999999999996,9.696041615825379e-05
97.80000000000001,-33.140918549107866,38.47981287065923,-138.75579873149334,33.047142886604966,33.047250463653434,0.7840179666748455,21.000000000000007,9.995043669164261e-05
97.85000000000001,-33.8176344297186,37.88647012238532,-137.7403916420342,33.04715057067986,33.04725442841243,0.7840232431075194,20.999999999999993,0.0001028057313590125
97.9,-34.483729256291035,37.28122828475887,-136.72498425466068,33.04715798908933,33.04725814269255,0.7840286491874053,21.0,0.0001055286534779043
97.95,-35.13899382651743,36.66427744149336,-135.7095765796726,33.04716514291813,33.04726161187981,0.7840341785371479,20.999999999999996,0.00010812159771944607
98.0,-35.783222339459826,36.035811354013674,-134.69416862732785,33.047172033558255,33.047264841390216,0.7840398249024432,21.0,0.00011058699485033685
98.05000000000001,-36.41621246019835,35.3960274005986,-133.6787604078303,33.047178662689106,33.047267836661185,0.7840455821533823,20.999999999999996,0.00011292730590639621
98.10000000000001,-37.03776538339058,34.745126514386875,-132.66335193131874,33.04718503225854,33.0472706031437,0.7840514442854882,20.999999999999996,0.00011514501878195915
98.15,-37.64768589572195,34.08331312026627,-131.6479432078564,33.04719114446462,33.047273146294685,0.7840574054206115,21.0,0.00011724264211920854
98.2,-38.24578243722772,33.410795070665486,-130.63253424742138,33.0471970017382,33.04727547157002,0.7840634598075553,21.000000000000007,0.0001192227024660042
98.25,-38.83186716146704,32.727783580269225,-129.6171250598974,33.04720260672618,33.047277584417756,0.7840696018225941,20.999999999999996,0.00012108773887575808
98.30000000000001,-39.40575599453033,32.03449315967678,-128.60171565506576,33.047207962275586,33.04727949027199,0.7840758259697154,20.999999999999993,0.0001228403007758061
98.35000000000001,-39.96726869286141,31.33114154802514,-127.58630604259717,33.047213071418184,33.04728119454678,0.7840821268807332,21.000000000000007,0.00012448294242517477
98.4,-40.51622889987616,30.617949644597793,-126.57089623204497,33.04721793735594,33.047282702630675,0.7840884993152812,20.999999999999996,0.00012601822035662735
98.45,-41.05246420136002,29.89514143944063,-125.55548623283828,33.047222563446994,33.04728401988157,0.7840949381605711,21.0,0.00012744869096081857
98.5,-41.575806179626795,29.162943943006905,-124.540076054276,33.04722695319232,33.04728515162171,0.7841014384310725,21.0,0.00012877690579671253
98.55000000000001,-42.08609046642193,28.421587114853295,-123.52466570552137,33.047231110222995,33.04728610313328,0.7841079952680232,21.0,0.00013000541002838872
98.60000000000001,-42.58315679455341,27.671303791409485,-122.50925519559685,33.047235038288015,33.0472868796541,0.784114603938832,21.0,0.0001311367390144369
98.65,-43.066849048234296,26.91232961284403,-121.49384453337949,33.04723874124274,33.047287486373655,0.7841212598363398,20.999999999999993,0.00013217341617632883
98.7,-43.537015312120914,26.14490294904944,-120.47843372759692,33.0472422230378,33.04728792842955,0.7841279584779812,20.999999999999996,0.0001331179501562474
98.75,-43.99350791903142,25.369264824769793,-119.46302278682357,33.047245487708636,33.047288210903915,0.784134695504882,21.000000000000007,0.0001339728328275669
98.80000000000001,-44.436183496329676,24.585658843894418,-118.44761171947745,33.04724853936544,33.04728833882057,0.7841414666807722,20.999999999999993,0.00013474053801587615
98.85000000000001,-44.86490301095986,23.794331112941396,-117.4322005338172,33.04725138218366,33.04728831714183,0.7841482678908918,20.999999999999996,0.0001354235178041563
98.9,-45.27953181311779,22.99553016375501,-116.41678923793957,33.047254020394966,33.04728815076604,0.7841550951407754,21.0,0.00013602420239067214
98.95,-45.67993967854514,22.18950687544138,-115.40137783977727,33.04725645827861,33.047287844525165,0.7841619445549455,20.999999999999996,0.000136544997673127
99.0,-46.06600084943322,21.376514395566865,-114.38596634709708,33.047258700153364,33.04728740318247,0.7841688123755759,20.999999999999996,0.00013698828340125146
99.05000000000001,-46.43759407392373,20.556808060643956,-113.37055476749838,33.04726075036973,33.04728683143062,0.7841756949610499,21.000000000000007,0.00013735641260836928
99.10000000000001,-46.794602644193716,19.73064531592971,-112.35514310841181,33.04726261330266,33.047286133889855,0.7841825887844749,20.999999999999996,0.00013765170947976912
99.15,-47.13691443311318,18.89828563456188,-111.33973137709847,33.047264293344604,33.047285315106315,0.7841894904321762,21.0,0.0001378764685000533
99.2,-47.46442192946349,18.059990436058182,-110.3243195806491,33.047265794899005,33.047284379550696,0.7841963966020415,21.0,0.00013803295402681215
99.25,-47.77702227170573,17.216023004204303,-109.30890772598377,33.04726712237413,33.04728333161689,0.7842033041019292,20.999999999999993,0.00013812339730634449
99.30000000000001,-48.07461728028839,16.366648404356457,-108.29349581985157,33.047268280177185,33.047282175620985,0.7842102098479771,21.0,0.0001381499977526346
99.35000000000001,-48.35711348848418,15.512133400184497,-107.27808386883082,33.04726927270888,33.04728091580028,0.7842171108628833,20.999999999999993,0.0001381149209578325
99.4,-48.62442217174631,14.652746369881697,-106.26267187932913,33.04727010435827,33.04727955631236,0.784224004274158,21.000000000000007,0.00013802029812381988
99.45,-48.876459375575116,13.788757221867582,-105.247259857584,33.04727077949784,33.047278101234625,0.7842308873123542,21.0,0.00013786822549377575
99.5,-49.11314594188617,12.920437310010273,-104.23184780966338,33.04727130247905,33.047276554563645,0.7842377573092563,20.999999999999993,0.00013766076392585092
99.55000000000001,-49.33440753387165,12.048059348394982,-103.21643574146654,33.04727167762795,33.04727492021474,0.7842446116960531,21.0,0.00013739993804051664
99.60000000000001,-49.54017465934725,11.171897325665448,-102.20102365872499,33.04727190924129,33.04727320202175,0.7842514480014984,20.999999999999996,0.0001370877359363476
99.65,-49.73038269257715,10.292226418965214,-101.18561156700368,33.047272001582755,33.047271403736836,0.7842582638500559,21.0,0.00013672610890580472
99.7,-49.904971894570366,9.409322907505794,-100.17019947170225,33.04727195887948,33.04726952903035,0.7842650569600309,20.999999999999996,0.00013631697115101815
99.75,-50.06388743184198,8.523464085788882,-99.15478737805644,33.04727178531883,33.047267581490956,0.7842718251416656,20.999999999999996,0.00013586219949957012
99.80000000000001,-50.207079393633485,7.6349281765098596,-98.13937529113967,33.04727148504541,33.04726556462572,0.7842785662952991,21.000000000000007,0.00013536363269395224
99.85000000000001,-50.334502807586794,6.743994243169972,-97.12396321586463,33.04727106215828,33.04726348186024,0.7842852784094276,20.999999999999996,0.0001348230726705424
99.9,-50.44611765386696,5.8509421024246215,-96.10855115698514,33.04727052070842,33.04726133653903,0.7842919595588427,20.999999999999993,0.00013424228257008508
99.95,-50.54188887772929,4.956052236195312,-95.09313911909791,33.04726986469632,33.04725913192587,0.7842986079027412,21.0,0.00013362298830088548
100.0,-50.62178640052678,4.059605703572855,-94.07772710664459,33.04726909806986,33.04725687120428,0.784305221682807,21.000000000000007,0.0001329668779703752
100.05000000000001,-50.685785129154596,3.1618840525395173,-93.06231512391375,33.447268224722315,33.04725455747796,0.7843117992213493,20.999999999999993,0.00013227560131667815
100.10000000000001,-50.73386496392849,2.2631692315378187,-92.0313239719337,33.81869581991915,33.03834698881548,0.7843183389194479,21.0,0.00013155077084547884
100.15,-50.765766242307905,1.3637347934392103,-90.98573727171741,34.16295661769746,33.021117992868646,0.7840801310359993,20.999999999999996,0.000130793961972131
100.2,-50.78124940332728,0.4638679856699448,-89.92650893044113,34.48139671592398,32.99612190680112,0.7833679906232334,20.999999999999993,0.004764157668972757
100.25,-50.780095008622666,-0.436131273981343,-88.85456271322043,34.77530565812949,32.963886213924226,0.7819678584129832,21.000000000000007,0.014242808255318096
100.30000000000001,-50.76210372027024,-1.3359514302033626,-87.7707918986218,35.0,32.92491390926361,0.77968038823537,20.999999999999996,0.02800264420500298
100.35000000000001,-50.727096234990725,-2.2352703257984707,-86.67792420192376,35.0,32.88076414898717,0.7763205230883727,20.999999999999996,0.04574940355226431
100.4,-50.6749424237572,-3.133757932821416,-85.58505650522572,35.0,32.83669892958821,0.7717463598863077,21.000000000000007,0.0671973029399453
100.45,-50.60566126074009,-4.031087370904775,-84.4921888085277,35.0,32.79273208280774,0.7659592347927386,21.0,0.09148326404130103
100.5,-50.51927795124201,-4.926932181036618,-83.39932111182966,35.0,32.74887762209966,0.7589608387660078,21.0,0.11574250187138091
100.55000000000001,-50.41582392252775,-5.820966444330138,-82.30645341513164,35.0,32.70514974094713,0.750753217399037,21.0,0.13996792053461604
100.60000000000001,-50.2953368123907,-6.712864900596783,-81.2135857184336,35.0,32.66156281095976,0.741338770725072,21.0,0.16415242733941682
100.65,-50.157860455459776,-7.602303066679733,-80.12071802173557,35.0,32.618131379747545,0.7307202529889523,20.999999999999996,0.1882889334792992
100.7,-50.003444867251844,-8.488957354504699,-79.02785032503755,35.0,32.57487016856619,0.7189007723836056,21.0,0.2123703547223954
100.75,-49.8321462259755,-9.37250518880507,-77.93498262833951,35.0,32.53179406972976,0.7058837907513649,21.0,0.2363896121069331
100.80000000000001,-49.64402685209277,-10.252625124478595,-76.84211493164148,35.0,32.48891814378544,0.6916731232497213,20.999999999999996,0.26033963264481486
100.85000000000001,-49.439155185646214,-11.128996963532892,-75.74924723494345,35.0,32.44625761644611,0.6762729379808832,21.0,0.2842133500328714
100.9,-49.21760576135959,-12.001301871577244,-74.65637953824542,35.0,32.403827875275475,0.65968775558472,20.999999999999993,0.3080037053767626
100.95,-48.9794591815213,-12.869222493818313,-73.56351184154738,35.0,32.36164446612147,0.641922448794439,21.0,0.3317036479232627
101.0,-48.724802086660276,-13.732443070517538,-72.47064414484936,35.0,32.31972308929298,0.6229822419542828,21.0,0.35530613580561976
101.05000000000001,-48.453727124025164,-14.590649551868253,-71.37777644815132,35.0,32.27807959547507,0.6028727104986089,21.0,0.37880413680312586
101.10000000000001,-48.166332913878165,-15.443529712250697,-70.28490875145329,35.0,32.236729981378204,0.5815997803916133,20.999999999999996,0.4021906291134769
101.15,-47.86272401361581,-16.290773263823375,-69.19204105475526,35.0,32.195690385116635,0.5591697275267578,21.0,0.42545860213991205
101.2,-47.54301087972976,-17.132071969409424,-68.09917335805723,35.0,32.15497708131148,0.5355891770851571,21.0,0.4486010572971111
101.25,-47.20730982762143,-17.96711975463693,-67.00630566135919,35.0,32.114606475913796,0.5108651028519517,21.0,0.47161100883201357
101.30000000000001,-46.85574298928507,-18.795612819292376,-65.91343796466117,35.0,32.074595100743224,0.48500482648966425,21.0,0.4944814846641066
101.35000000000001,-46.48843826887472,-19.617249747846756,-64.82057026796313,35.0,32.034959607737896,0.45801601676753023,21.0,0.5172055272457499
101.4,-46.105529296171156,-20.431731619114068,-63.727702571265105,35.0,31.99571676291113,0.42990668874573856,21.000000000000007,0.5397761944426804
101.45,-45.70715537796583,-21.23876211500238,-62.63483487456707,35.0,31.956883440010937,0.4006852029133796,20.999999999999996,0.5621865604358334
101.5,-45.2934614473794,-22.03804762831783,-61.54196717786904,35.0,31.918476613877992,0.3703602642789221,21.0,0.584429716647179
101.55000000000001,-44.86459801113334,-22.829297369582385,-60.44909948117101,35.0,31.88051335349854,0.338940921412032,21.0,0.6064987726891502
101.60000000000001,-44.42072109479386,-23.612223472826464,-59.356231784472975,35.0,31.843010814748233,0.30643656543525566,20.999999999999996,0.6283868573378015
101.65,-43.961992186007954,-24.38654110031798,-58.263364087774946,35.0,31.80598623282339,0.2728569289643872,21.000000000000007,0.6500871195355273
101.7,-43.488578175752274,-25.151968546189657,-57.17049639107692,35.0,31.76945691435635,0.23821208499592927,21.0,0.6715927294173696
101.75,-43.00065129761625,-25.908227338926928,-56.07762869437888,35.0,31.7334402292118,0.20251244574026828,20.999999999999996,0.6928968793691581
101.80000000000001,-42.49838906514148,-26.655042342679167,-54.98476099768085,35.0,31.697953601961114,0.16576876139900776,21.0,0.71399278511322
101.85000000000001,-41.98197420724021,-27.392141857357345,-53.89189330098282,35.0,31.6630145030321,0.12799211888473394,21.0,0.7348736868252104
101.9,-41.45159460171638,-28.11925771748171,-52.79902560428479,35.0,31.628640439531793,0.08919394048178475,20.999999999999996,0.7555328502854763
101.95,-40.907443206913534,-28.836125389743554,-51.70615790758676,35.0,31.594848945740196,0.04938598244606851,20.999999999999996,0.7759635680589838
102.0,-40.34971799151423,-29.54248406924555,-50.61329021088873,35.0,31.561657573273337,0.00858033354230514,21.000000000000007,0.7961591607143248
102.05000000000001,-39.77862186251675,-30.23807677438563,-49.5204225141907,35.0,31.52908388091407,-0.03321058648319308,21.0,0.8161129780752674
102.10000000000001,-39.19436259141513,-30.92265044034993,-48.42755481749266,35.0,31.497145424109853,-0.07597402849610546,20.999999999999996,0.49260505881775885
102.15,-38.59715273860943,-31.59595601118074,-47.334687120794634,35.0,31.465859744136747,-0.11969691563599127,21.000000000000007,0.8552688402582476
102.2,-37.987209576073795,-32.25774853038599,-46.241819424096605,35.0,31.435244356929445,-0.16436584504846508,21.000000000000007,0.8744577427977163
102.25,-37.36475500831032,-32.907787230057316,-45.14895172739857,35.0,31.405316741577597,-0.2099670896897834,21.0,0.893378588249476
102.30000000000001,-36.73001549161759,-33.54583561846425,-44.05608403070054,35.0,31.376094328489465,-0.2564866002059176,21.0,0.9120248928263663
102.35000000000001,-36.08322195170323,-34.1716615660927,-42.96321633400251,35.0,31.347594487223528,-0.3039100068883158,21.0,0.9303902103226847
102.4,-35.42460969967038,-34.7850373900964,-41.870348637304474,35.0,31.319834513990596,-0.3522226217085844,20.999999999999996,0.9484681336479639
102.45,-34.75441834640877,-35.3857399371306,-40.777480940606445,35.0,31.292831618828238,-0.40140944043435667,20.999999999999996,0.9662522964053721
102.5,-34.07289171542147,-35.9735506645379,-39.684613243908416,35.0,31.266602912450722,-0.4514551448287989,21.000000000000007,0.9837363745154448
102.55000000000001,-33.38027775411899,-36.54825571985662,-38.59174554721038,35.0,31.238150944229066,-0.5023441049360073,20.975852033661422,1.0009140878888445
102.60000000000001,-32.67682844361313,-37.10964601862285,-37.49887785051235,35.0,31.164848428748776,-0.5540603814548319,20.604847638700505,1.017779202144169
102.65,-31.96279970704327,-37.65751732043783,-36.40601015381432,35.0,31.103088944537806,-0.6065877282036638,20.342008715765473,1.034325530376492
102.7,-31.238451316468517,-38.19167030327306,-35.31314245711629,35.0,31.04938096528454,-0.6599095946786591,20.148035225794118,1.0505469349766372
102.75,-30.504046798359578,-38.71191063598591,-34.220274760418256,35.0,31.001623018103867,-0.714009128708085,20.000523414125155,1.0664373294999052
102.80000000000001,-29.759853337724728,-39.21804904901966,-33.12740706372023,35.0,30.958500716522643,-0.7688691792053461,19.885919147401374,1.0819906805885182
102.85000000000001,-29.006141680904758,-39.709901403261966,-32.0345393670222,35.0,30.919121710869476,-0.8244722990235047,19.795348111536683,1.0972010099452234
102.9,-28.243186037072263,-40.18728875703681,-30.941671670324165,35.0,30.882864623339906,-0.8808007479139519,19.722789801085458,1.1120623963631715
102.95,-27.471263978471132,-40.65003743120562,-29.848803973626133,35.0,30.84931094862498,-0.9378364955920091,19.66416840967556,1.1265689778089438
103.0,-26.690656339432483,-41.09797907235377,-28.7559362769281,35.0,30.818152944353955,-0.9955612249123291,19.616521677063837,1.1407149535611438
103.05000000000001,-25.901647114203833,-41.53095071403956,-27.66306858023007,35.0,30.789154382546716,-1.0539563351569043,19.577615153220922,1.1544945864064005
103.10000000000001,-25.104523353628654,-41.94879483608328,-26.57020088353204,35.0,30.762143932883948,-1.113002945438616,19.54579937092725,1.1679022048915044
103.15,-24.29957506071389,-42.35135942187494,-25.477333186834006,35.0,30.736997189401674,-1.1726818982231677,19.519837516066637,1.1809322056342353
103.2,-23.487095085123453,-42.73849801367968,-24.384465490135977,35.0,30.71361359122433,-1.2329737629724633,19.49873658378556,1.193579055691032
103.25,-22.667379016636062,-43.110069765920855,-23.291597793437944,35.0,30.691914876018863,-1.2938588399122253,19.481708798426958,1.205837294985912
103.30000000000001,-21.840725077606212,-43.465939496421264,-22.198730096739915,35.0,30.67183374274826,-1.3553171639270474,19.46809286643182,1.2177015387952395
103.35000000000001,-21.007434014467368,-43.80597773558406,-21.105862400041882,35.0,30.653331377375387,-1.4173285085856264,19.457420837777985,1.229166480296442
103.4,-20.167808988316864,-44.13006077349528,-20.01299470334385,35.0,30.636370895058384,-1.4798723902994908,19.44927592397025,1.240226893171581
103.45,-19.322155464622337,-44.43807070493099,-18.92012700664582,35.0,30.620936283915633,-1.5429280726179115,19.443371776710926,1.2508776342772876
103.5,-18.470781102089795,-44.72989547225259,-17.827259309947788,35.0,30.60699522159771,-1.606474570662236,19.439375755734726,1.2611136463684147
103.55000000000001,-17.613995640733748,-45.00542890617469,-16.734391613249755,35.0,30.594529189571467,-1.6704906557025723,19.437043003768373,1.270929960886491
103.60000000000001,-16.752110789190155,-45.26457076439077,-15.641523916551726,35.0,30.583524929816686,-1.7349548598797995,19.43617195053988,1.2803217008067236
103.65,-15.885440111313152,-45.50722676804247,-14.548656219853694,35.0,30.573992203934523,-1.7998454810759128,19.43667473257896,1.289284083544544
103.7,-15.014298912096821,-45.733308636019395,-13.455788523155663,35.0,30.565906761841674,-1.8651405879356702,19.43833274924727,1.2978124239222666
103.75,-14.139004122963538,-45.94273411707679,-12.362920826457632,35.0,30.559264057576716,-1.9308180250423703,19.441024723489935,1.3059021371951474
103.80000000000001,-13.259874186460575,-46.13542701975952,-11.270053129759601,35.0,30.554081799543567,-1.9968554182507745,19.444729262465657,1.313548742134003
103.85000000000001,-12.377228940406965,-46.31131724012143,-10.177185433061569,35.0,30.550335966327232,-2.063230180179886,19.44926537731741,1.3207478641680837
103.9,-11.491389501532732,-46.47034078722997,-9.084317736363538,35.0,30.548052121016184,-2.129919515868515,19.45465854264683,1.3274952385822303
103.95,-10.602678148652844,-46.61243980644686,-7.991450039665507,35.0,30.54720767547421,-2.1969004285961375,19.460751784416765,1.3337867137725823
104.0,-9.711418205418394,-46.73756260047627,-6.898582342967475,35.0,30.547831125333506,-2.2641497258719667,19.467593244508354,1.3396182545524482
104.05000000000001,-8.817933922687642,-46.84566364817292,-5.805714646269444,35.0,30.54990201390077,-2.3316440255945494,19.47504923506817,1.3449859455165836
104.10000000000001,-7.922550360559741,-46.936703621103234,-4.7128469495714125,35.0,30.553441468231675,-2.3993597623845986,19.483149694185986,1.349885994451654
104.15,-7.025593270114044,-47.01064939785343,-3.619979252873381,35.0,30.558447027671956,-2.4672731940932238,19.49184062156909,1.3543147358009833
104.2,-6.127388974898027,-47.06747407607951,-2.52711155617535,35.0,30.56491726334539,-2.5353604084881027,19.5010778039764,1.3582686341725037
104.25,-5.228264252206943,-47.107156982294676,-1.4342438594773186,35.0,30.572866392995536,-2.603597330119463,19.51087837347908,1.3617442878975794
104.30000000000001,-4.328546214198394,-47.12968367939053,-0.3413761627792873,35.0,30.582299433938832,-2.6719597273681615,19.521229853268242,1.364738432627206
104.35000000000001,-3.428562188885081,-47.13504597188952,0.751491533918744,35.0,30.593215145207655,-2.7404232196775737,19.532102072145292,1.3672479449739683
104.4,-2.528639601049013,-47.12324190892651,1.8443592306167753,35.0,30.60561971793419,-2.808963284971149,19.54349545302063,1.3692698461882458
104.45,-1.6291058531205247,-47.094275784958555,2.9372269273148066,35.0,30.61951906086061,-2.8775552672571436,19.55541313599469,1.3708013058715096
104.5,-0.7302882060654147,-47.0481581382025,4.030094624012838,35.0,30.634918769355373,-2.9461743844219512,19.56786083210397,1.3718396457198878
104.55000000000001,0.16748633967644555,-46.9849057468011,5.12296232071087,35.0,30.65182409900836,-3.014795736213287,19.58084670916273,1.3723823432961524
104.60000000000001,1.0638911631577201,-46.90454162271886,6.2158300174089005,35.0,30.670239943363004,-3.083394312414171,19.59438130587898,1.3724270358267177
104.65,1.9586001417521548,-46.807095003370094,7.308697714106932,35.0,30.690170815433774,-3.1519450012085883,19.608477471173067,1.371971524017681
104.7,2.851287769801827,-46.692601340981945,8.401565410804963,35.0,30.711620832722343,-3.2204225977394003,19.623150326231563,1.3710137758883434
104.75,3.7416292770399338,-46.561102289696485,9.494433107502994,35.0,30.734593705508964,-3.2888018128588143,19.638417247353633,1.3695519306162396
104.80000000000001,4.629300746746042,-46.41264569041643,10.587300804201027,35.0,30.759092728240333,-3.357057282071551,19.654297868080064,1.3675843023882805
104.85000000000001,5.513979233590798,-46.24728555340007,11.680168500899057,35.0,30.785120773873842,-3.4251635746705276,19.6708140994603,1.3651093842547368
104.9,6.395342881127247,-46.06508203861167,12.773036197597088,35.0,30.812680291071214,-3.493095203064648,19.687990167643015,1.3621258519795276
104.95,7.27307103888599,-45.866101433834615,13.86590389429512,35.0,30.841779214048152,-3.560826632297946,19.705871534236337,1.3586325678824096
105.0,8.146844379031604,-45.650416130555094,14.958771590993152,35.0,30.872424657154134,-3.6283322897590438,19.724504460904654,1.35462858466596
105.05000000000001,9.016345012537863,-45.41810459762525,16.05163928769118,35.0,30.904608652876384,-3.695586575079645,19.743891093702825,1.3501131492219542
105.10000000000001,9.881256604839514,-45.16925135271528,17.144506984389213,35.0,30.93833886969396,-3.762563870220319,19.7640873032914,1.3450857064120214
105.15,10.741264490918507,-44.90394693156489,18.237374681087246,35.0,30.973626100674995,-3.829238549741646,19.785162452902078,1.3395459028134837
105.2,11.596055789782838,-44.622287855045364,19.330242377785275,35.0,31.010455473330477,-3.8955849912583176,19.807109395398886,1.3334935904265421
105.25,12.445319518296335,-44.32437659404412,20.423110074483308,35.0,31.048854668657064,-3.96157758607346,19.83005852962052,1.3269288303334292
105.30000000000001,13.288746704317987,-44.010321532184584,21.51597777118134,35.0,31.088798798671547,-4.02719074999014,19.853980273939293,1.3198518963028505
105.35000000000001,14.12603049910964,-43.68023692639496,22.60884546787937,35.0,31.130318276770897,-4.0923989342965825,19.879021976243894,1.312263278333603
105.4,14.956866288971185,-43.33424286534023,23.701713164577402,35.0,31.173392660533995,-4.157176636921093,19.905177463728986,1.3041636861288453
105.45,15.7809518060626,-42.972465225732456,24.79458086127543,35.0,31.218036525103084,-4.221498413752599,19.93255428077984,1.2955540524902176
105.5,16.59798723837256,-42.59503562653536,25.887448557973464,35.0,31.26425421475215,-4.285338890121963,19.961233305146237,1.2864355366301083
105.55000000000001,17.407675338793567,-42.20209138107982,26.980316254671497,35.0,31.31203981627675,-4.348672772438988,19.991269146436462,1.276809527387286
105.60000000000001,18.20972153326394,-41.79377544710762,28.073183951369526,35.0,31.361188691793224,-4.411474859979599,20.022107764903264,1.2666776463404972
105.65,19.003834027937355,-41.37023637476179,29.16605164806756,35.0,31.411701415183387,-4.47372005681715,20.053834396096978,1.2560417508122157
105.7,19.78972391534084,-40.93162825254226,30.25891934476559,35.0,31.463908741363376,-4.535383383891499,20.087561230785155,1.2449039367510295
105.75,20.567105279482746,-40.47811065124671,31.35178704146362,35.0,31.51780554806323,-4.596439991208847,20.123369984790237,1.2332665414869837
105.80000000000001,21.335695299872334,-40.00984856591678,32.44465473816165,35.0,31.573386272369785,-4.656865170165091,20.161349218325945,1.221132146346946
105.85000000000001,22.09521435441321,-39.52701235581098,33.53752243485968,35.0,31.630644988446182,-4.716634365984881,20.201594993709385,1.20850357912488
105.9,22.845386121133124,-39.029777682425944,34.63039013155772,35.0,31.689575491876713,-4.7757231902680815,20.24421160802042,1.195383916395798
105.95,23.585937678713165,-38.518325445588744,35.72325782825575,35.0,31.750171391084468,-4.834107433634941,20.28931241129342,1.1817764856640167
106.0,24.316599605779743,-37.99284171764338,36.816125524953776,35.0,31.812426206318218,-4.891763078460819,20.33702072253235,1.1676848673371865
106.05000000000001,25.037106078923255,-37.453517675755485,37.908993221651805,35.0,31.87633347676119,-4.948666311690786,20.387470857866937,1.1531128965175697
106.10000000000001,25.74719496940778,-36.90054953235981,39.00186091834984,35.0,31.941886876380718,-5.004793537724076,20.44080928758886,1.1380646645993409
106.15,26.44660793853659,-36.33413846377585,40.09472861504787,35.0,32.00908033920267,-5.06012139135774,20.49719594167105,1.122544520665798
106.2,27.135090531638813,-35.75449053701751,41.1875963117459,35.0,32.07790862252019,-5.114626750778726,20.556807070658056,1.1065570726732687
106.25,27.81239227064303,-35.16181663482351,42.280464008443936,35.0,32.14837834284436,-5.16828675059277,20.619872491145404,1.0901071884197222
106.30000000000001,28.47826674520416,-34.55633237893576,43.373331705141965,35.0,32.22047570206003,-5.221078794878444,20.686572428152026,1.0731999962808914
106.35000000000001,29.132471702350426,-33.938258051653634,44.466199401839994,35.0,32.29419740066261,-5.272980570253949,20.75713880082958,1.0558408857134793
106.4,29.774769134617852,-33.307818515692674,45.55906709853803,35.0,32.348723691674756,-5.323970058944234,20.76227783310884,1.0380355075101022
106.45,30.404925366640175,-32.66524313237689,46.65193479523606,35.0,32.389676278100794,-5.374025551835231,20.72046346091326,1.0197897738056838
106.5,31.02271114016269,-32.0107656781944,47.74480249193409,35.0,32.431581015511114,-5.4231256615019845,20.680154608726106,1.001109857819955
106.55000000000001,31.627901697449115,-31.34462425974683,48.837670188632124,35.0,32.474402028341686,-5.471249335196767,20.641286822782973,0.9820021933350631
106.60000000000001,32.22027686305108,-30.667061227123263,49.93053788533015,35.0,32.51810828659006,-5.518375867783426,20.603816376424696,0.962473473895642
106.65,32.79962112391057,-29.978323085730487,51.02340558202816,35.0,32.56260406281363,-5.564484914603256,20.567493167883963,0.9425306517331933
106.7,33.36572370776608,-29.27866040661139,52.11627327872622,35.0,32.607697443758546,-5.609556504258073,20.531761365039742,0.922180936396586
106.75,33.91837865983409,-28.56832773528428,53.20914097542427,35.0,32.65341257461076,-5.653571051295444,20.49677367667019,0.90143179309635
106.80000000000001,34.4573849177378,-27.84758349913623,54.30200867212233,35.0,32.6996985784862,-5.696509368781008,20.462440783440528,0.8802909407474147
106.85000000000001,34.982546384656004,-27.116689913404137,55.394876368820384,35.0,32.746486088289124,-5.738352680742636,20.42861649403509,0.8587663497112885
106.9,35.493672000665434,-26.37591288577775,56.48774406551844,35.0,32.793701260377034,-5.779082634470839,20.395142998406154,0.8368662392325632
106.95,35.99057581225058,-25.62552191965932,57.5806117622165,35.0,32.84129723382427,-5.8186813126600185,20.361951512022003,0.8145990745640574
107.0,36.473077039955804,-24.86579001611508,58.67347945891456,35.0,32.88918772822488,-5.857131245374639,20.32884815866007,0.7919735637835856
107.05000000000001,36.94100014415499,-24.09699357455425,59.766347155612614,35.0,32.93730498107839,-5.894415421824782,20.295700036820087,0.7689986542924032
107.10000000000001,37.394174888914975,-23.31941229217168,60.85921485231067,35.0,32.985585936481755,-5.930517301935041,20.262390186822156,0.7456835290028607
107.15,37.83243640392934,-22.533329062190713,61.95208254900873,35.0,33.033934047977894,-5.965420827691261,20.228694954770784,0.7220376022051767
107.2,38.255625244500216,-21.73902987094331,63.04495024570678,35.0,33.08229545673791,-5.999110434249083,20.194527526526493,0.6980705151244138
107.25,38.663587449546085,-20.936803693824842,64.13781794240484,35.0,33.13055855378251,-6.031571060788913,20.159616187996548,0.6737921311564321
107.30000000000001,39.056174597614685,-20.126942390161453,65.2306856391029,35.0,33.17865871600825,-6.062788161101523,20.123838998694502,0.6492125307966035
107.35000000000001,39.43324386088045,-19.309740597028195,66.32355333580095,35.0,33.226475687947556,-6.0927477138891675,20.0868954720329,0.624342006252192
107.4,39.79465805710697,-18.48549562205659,67.41642103249902,35.0,33.273932231757065,-6.121436232766889,20.048621562638736,0.5991910557528968
107.45,40.14028569955549,-17.654507335270623,68.50928872919707,35.0,33.32089092383833,-6.148840775949111,20.008659877103586,0.5737703775544389
107.5,40.47000104482135,-16.817078059990486,69.60215642589512,35.0,33.3672392580376,-6.174948955606972,19.966731426499734,0.5480908636444326
107.55000000000001,40.7836841385809,-15.973512462843805,70.69502412259318,35.0,33.41283737463729,-6.199748946882032,19.92246886298917,0.5221635931572166
107.60000000000001,41.08122085923231,-15.12411744292433,71.78789181929123,35.0,33.45751599839501,-6.223229496542437,19.875410407366505,0.49599982550120103
107.65,41.362502959414336,-14.269202020138433,72.8807595159893,35.0,33.50112139768407,-6.245379931268033,19.825143978051006,0.4696109932081072
107.7,41.627428105388,-13.409077222780029,73.97362721268735,35.0,33.54341776264878,-6.266190165551265,19.770997590515943,0.44300869451191716
107.75,41.87589991426678,-12.544055974374821,75.06649490938541,35.0,33.58415692828933,-6.285650709201477,19.712264235010387,0.4162046856646384
107.80000000000001,42.10782798908189,-11.674452979835038,76.15936260608346,35.0,33.623064595974796,-6.303752674440254,19.648161725536603,0.38921087300423096
107.85000000000001,42.32312795166971,-10.800584610966085,77.25223030278153,35.0,33.659753116880815,-6.3204877825765635,19.577562866480072,0.3620393047755499
107.9,42.52172147336958,-9.922768791366755,78.34509799947958,35.0,33.6937675018294,-6.335848370250659,19.49915313072886,0.33470216272618813
107.95,42.703536303520686,-9.041324880764881,79.43796569617763,35.0,33.72453335540115,-6.349827395236488,19.411284281648825,0.30721175348190854
108.0,42.8685062957477,-8.156573558830509,80.53083339287569,35.0,33.75130914799782,-6.36241844179294,19.31185493846767,0.2795804997165874
108.05000000000001,43.01657143202561,-7.268836708508858,81.62370108957374,35.0,33.77307196991865,-6.373615725555169,19.198007465794717,0.25182093112903203
108.10000000000001,43.14767784451497,-6.378437298915518,82.71656878627181,35.0,33.78845585149999,-6.3834140979575835,19.066030716296652,0.22394567524457898
108.15,43.2617778351597,-5.485699267836481,83.80943648296986,35.0,33.79552538339899,-6.391809050181216,18.910830768710923,0.19596744804829314
108.2,43.358829893040124,-4.590947403875766,84.90230417966792,35.0,33.791447685311454,-6.398796716618662,18.72525183836762,0.16789904447264803
108.25,43.43879870947521,-3.694507228293495,85.99517187636597,35.0,33.772276134344224,-6.4043738778508015,18.5,0.13975332874892388
108.30000000000001,43.50165519086823,-2.7967048765774343,87.08803957306404,35.0,33.83110937119046,-6.408537963130158,18.5,0.11154322464278721
108.35000000000001,43.54737646929138,-1.89786697979106,88.18090726976209,35.0,33.889466321024834,-6.41128705236671,18.499999999999993,0.083281705587126
108.4,43.57594591080539,-0.9983205457413341,89.27377496646014,35.0,33.947320886811625,-6.41261987761267,18.500000000000004,0.05498178473104076
108.45,43.58735312151114,-0.09839284000941573,90.3666426631582,35.0,34.0046477118527,-6.412535824043715,18.499999999999996,0.02665650491920246
108.5,43.58159395133112,0.8015887331124107,91.45951035985625,35.0,34.061422194752616,-6.411034930435044,18.5,0.0016810713790960108
108.55000000000001,43.55867049551922,1.7012967497342701,92.55237805655432,35.0,34.11762050271817,-6.4081178891313115,18.5,0.030017872173431215
108.60000000000001,43.51859109389851,2.600403885489362,93.64524575325237,35.0,34.173219583190146,-6.403786045510664,18.5,0.05834082607464097
108.65,43.46137032782705,3.498583034618418,94.73811344995043,35.0,34.22819717380958,-6.39804139694359,18.500000000000004,0.08663687241295293
108.7,43.38702901489308,4.395507428974628,95.83098114664848,35.0,34.282531810726795,-6.390886591248552,18.5,0.11489297134147591
108.75,43.29559420134131,5.290850756905737,96.92384884334655,35.0,34.347079201137184,-6.3823249246470155,18.53456277841355,0.1430961139007536
108.80000000000001,43.18709915223318,6.184287281970066,98.0167165400446,35.0,34.46746596080648,-6.372360339221231,18.75660387778064,0.17123333203073798
108.85000000000001,43.06158333934464,7.075491961443266,99.10958423674266,35.0,34.571763656083874,-6.3609974198794035,18.939229233166248,0.19929170851568756
108.9,42.91909242680584,7.964140564572681,100.20245193344071,35.0,34.664280796931116,-6.348241390833124,19.092350799273717,0.22725838683655297
108.95,42.75967825448801,8.849909790536318,101.29531963013876,35.0,34.74784628452874,-6.334098111593235,19.222856232382522,0.25512058092559187
109.0,42.58339881914348,9.73247738606349,102.38818732683683,35.0,34.824394248607575,-6.318574072490861,19.33568974588566,0.2828655847977757
109.05000000000001,42.39031825330581,10.61152226267435,103.48105502353488,35.0,34.89529745665919,-6.301676389731092,19.43452267419493,0.31048078204747753
109.10000000000001,42.180506801957556,11.486724613495657,104.57392272023294,35.0,34.961521809984056,-6.283412799987751,19.52200047478579,0.3379536551953777
109.15,41.9540407969744,12.35776602961028,105.666790416931,35.0,35.0,-6.2637916545480365,19.60019570060196,0.36527179486682826
109.2,41.711002629354645,13.224329615898116,106.75965811362906,35.0,35.0,-6.242821913016947,19.670739477110764,0.39242290879428765
109.25,41.45148071924446,14.086100106326256,107.85252581032711,35.0,35.0,-6.2205131365917055,19.73497289968942,0.4193948306217976
109.30000000000001,41.17556948376953,14.942763978646491,108.94539350702517,35.0,35.0,-6.196875480917257,19.793860116517727,0.4461755285048241
109.35000000000001,40.88336930268504,15.794009568458382,110.03826120372322,35.0,35.0,-6.171919688534331,19.8482542122705,0.4727531134889773
109.4,40.57498648185633,16.639527182596446,111.13112890042127,35.0,35.0,-6.145657080932224,19.898914857398495,0.4991158476585156
109.45,40.25053321458355,17.47900921180018,112.22399659711934,35.0,35.0,-6.118099550219014,19.946345846256214,0.5252521520421283
109.5,39.91012754078443,18.312150242625915,113.31686429381739,35.0,35.0,-6.089259550422241,19.99108823602891,0.551150614264202
109.55000000000001,39.55389330404998,19.138647168559835,114.40973199051545,35.0,35.0,-6.059150088433732,20.033551392000998,0.5767999959354597
109.60000000000001,39.181960106588704,19.958199300291692,115.5025996872135,35.0,35.0,-6.02778471461243,20.074077528588845,0.6021892397701833
109.65,38.79446326207582,20.770508475109114,116.59546738391157,35.0,35.0,-5.995177513059659,20.113031888337957,0.62730747642604
109.7,38.391543746424546,21.57527916537271,117.68833508060962,35.0,35.0,-5.9613430915815115,20.150617880957853,0.6521440310554283
109.75,37.973348146497386,22.372218586032503,118.78120277730768,35.0,35.0,-5.926296571353177,20.187161203170433,0.6766884295629438
109.80000000000001,37.54002860677613,23.16103680114658,119.87407047400573,35.0,35.0,-5.890053576300545,20.222821842788413,0.7009304045666909
109.85000000000001,37.09174277400988,23.9414468293632,120.96693817070378,35.0,35.0,-5.85263022221438,20.257851065781786,0.7248599010526391
109.9,36.628653739861306,24.713164748327987,122.05980586740185,35.0,35.0,-5.8140431056126545,20.292394009910616,0.7484670817233052
109.95,36.150929981572,25.475909797978222,123.1526735640999,35.0,35.0,-5.774309292366681,20.32664714994556,0.7717423320345063
110.0,35.65874530066846,26.229404482686665,124.24554126079796,35.0,35.0,-5.733446306106821,20.36077199587202,0.7946762649194739
110.05000000000001,35.15227875973103,26.973374672217727,125.33840895749601,35.0,35.0,-5.691472116423519,20.394879638509067,0.8172597251972036
110.10000000000001,34.63171461724888,27.70754970145927,126.43127665419408,35.0,35.0,-5.648405126879531,20.429202915728943,0.8394837936660338
110.15,34.09724226058453,28.431662468893776,127.52414435089213,35.0,35.0,-5.604264162848992,20.463794589704843,0.8613397908797538
110.2,33.54905613707255,29.145449533773004,128.61701204759018,35.0,35.0,-5.559068459199082,20.498813653647527,0.8828192806107893
110.25,32.98735568327729,29.848651211960853,129.70987974428826,35.0,35.0,-5.512837647829919,20.534437727091248,0.9039140729981909
110.30000000000001,32.41234525243557,30.541011670409496,130.8027474409863,35.0,35.0,-5.465591745088027,20.570743919361867,0.9246162273832681
110.35000000000001,31.824234040110493,31.22227902023446,131.89561513768436,35.0,35.0,-5.4173511390686855,20.607864758041522,0.9449180548378422
110.4,31.223236008083695,31.892205408354762,132.9884828343824,35.0,35.0,-5.368136576822302,20.645820330811905,0.9648121203868243
110.45,30.6095698065135,32.550547107664784,134.08135053108046,35.0,35.0,-5.317969151479616,20.684862341386065,0.9842912449276753
110.5,29.983458694387426,33.19706460570505,135.17421822777854,35.0,35.0,-5.266870289310269,20.725350744064464,1.0033485068537118
110.55000000000001,29.345130458297948,33.831522691799705,136.2670859244766,35.0,35.0,-5.214861736729176,20.767332663561582,1.0219772433869423
110.60000000000001,28.694817329571034,34.4536905426289,137.35995362117464,35.0,35.0,-5.161965547264607,20.81089977367398,1.0401710516218543
110.65,28.032755899777676,35.06334180620503,138.4528213178727,35.0,35.0,-5.1082040685017205,20.748561493064237,1.0579237892913795
110.7,27.359187034659072,35.66025468422228,139.54568901457077,35.0,35.0,-5.053599929014844,20.678460032204868,1.0752295752577368
110.75,26.674355786496854,36.24421201274944,140.63855671126882,35.0,35.0,-4.998176025301497,20.612197590033382,1.0920827897375318
110.80000000000001,25.978511304960165,36.8150013412367,141.73142440796687,35.0,35.0,-4.941955508730707,20.549567466076418,1.108478074266941
110.85000000000001,25.271906746462093,37.37241500980767,142.82429210466492,35.0,35.0,-4.884961772517869,20.490345719249397,1.1244103314157883
110.9,24.554799182058375,37.916250224808465,143.91715980136297,35.0,35.0,-4.827218438737887,20.434326437801474,1.1398747242567708
110.95,23.827449503921923,38.44630913258646,145.01002749806105,35.0,35.0,-4.768749345387874,20.38133651269628,1.154866675599635
111.0,23.09012233042719,38.962398891471736,146.1028951947591,35.0,35.0,-4.7095785335105305,20.331217598671838,1.1693818670002543
111.05000000000001,22.34308590987888,39.46433174193519,147.19576289145715,35.0,35.0,-4.649730234388443,20.283824657401265,1.1834162375468793
111.10000000000001,21.586612022920065,39.95192507489763,148.2886305881552,35.0,35.0,-4.589228856819538,20.23902466946389,1.1969659824417533
111.15,20.820975883655183,40.42500149816512,149.38149828485328,35.0,35.0,-4.528098974483122,20.1966954925025,1.21002755137809
111.2,20.046456039523907,40.88338890096636,150.47436598155133,35.0,35.0,-4.466365313405696,20.156724846272223,1.2225976467283317
111.25,19.26333426996231,41.32692051656858,151.56723367824938,35.0,35.0,-4.404052739535267,20.11900940814959,1.234673221548519
111.30000000000001,18.471895483888193,41.75543498294927,152.66010137494743,35.0,35.0,-4.341186246432194,20.083454005019586,1.2462514774085776
111.35000000000001,17.672427616047855,42.16877640150156,153.75296907164548,35.0,35.0,-4.277790943084497,20.04933167573331,1.2573298620614537
111.4,16.865221522262058,42.566794393752005,154.84583676834356,35.0,35.0,-4.213892041854784,20.01609042725868,1.267906066953941
111.45,16.050570873609242,42.94934415606999,155.9387044650416,35.0,35.0,-4.149514846565722,19.984391771867035,1.2779780245942618
111.5,15.228772049584546,43.316286512349045,157.03157216173966,35.0,35.0,-4.08468474073036,19.95413263038317,1.2875439057812343
111.55000000000001,14.400124030273439,43.66748796464072,158.1244398584377,35.0,35.0,-4.019427175933302,19.925202623652545,1.2966021167072483
111.60000000000001,13.564928287579264,44.00282074172272,159.2173075551358,35.0,35.0,-3.9537676603682215,19.897534609924282,1.3051512959411582
111.65,12.7234886755442,44.322162845583584,160.31017525183384,35.0,35.0,-3.8877317475367335,19.871076428369257,1.3131903113016108
111.7,11.876111319803588,44.625398095806986,161.4030429485319,35.0,35.0,-3.8213450251133807,19.84570464549921,1.3207182566297604
111.75,11.023104506213823,44.91241617183955,162.49591064522994,35.0,35.0,-3.7546331039808223,19.82142139939572,1.327734448467055
111.80000000000001,10.164778568694327,45.18311265312677,163.588778341928,35.0,35.0,-3.6876216074392048,19.79809620660653,1.3342384226511683
111.85000000000001,9.301445776324421,45.43738905710241,164.68164603862607,35.0,35.0,-3.620336160593048,19.775740267519595,1.3402299308323506
111.9,8.433420219736155,45.675152875017645,165.77451373532412,35.0,35.0,-3.5528023799186883,19.75423405532554,1.3457089369231312
111.95,7.561017696844436,45.896317605596835,166.86738143202217,35.0,35.0,-3.48504586301506,19.733592991093918,1.3506756134871978
112.0,6.684555597956037,46.100802786507685,167.96024912872022,35.0,35.0,-3.4170921785399884,19.713731339364806,1.3551303380725699
112.05000000000001,5.804352790299263,46.28853402363441,169.0531168254183,35.0,35.0,-3.348966856334087,19.694601702256627,1.3590736895014288
112.10000000000001,4.920729502016299,46.45944301814319,170.14598452211635,35.0,35.0,-3.280695377733764,19.67620744446192,1.3625064441180257
112.15,4.034007205660444,46.61346759133007,171.2388522188144,35.0,35.0,-3.212303166074747,19.658490628192318,1.3654295720064624
112.2,3.1445085012406135,46.750551707242316,172.33171991551245,35.0,35.0,-3.1438155773871017,19.641411574196404,1.3678442331803353
112.25,2.2525569988556553,46.87064549306496,173.4245876122105,35.0,35.0,-3.0752578912822983,19.624945768537028,1.3697517737529097
112.30000000000001,1.3584772009611896,46.97370525726512,174.51745530890858,35.0,35.0,-3.0066553020329536,19.60907093037003,1.371153722096068
112.35000000000001,0.4625943843117951,47.05969350548746,175.61032300560663,35.0,35.0,-2.9380329098451767,19.59376697223653,1.372051784986894
112.4,-0.43476551837850397,47.12857895419513,176.70319070230468,35.0,35.0,-2.869415712323544,19.57901597712604,1.3724478437555376
112.45,-1.3332760370143946,47.180336542051045,177.79605839900273,35.0,35.0,-2.800828596128156,19.564802193114115,1.3723439504326507
112.5,-2.232610282892939,47.21494743903551,178.8889260957008,35.0,35.0,-2.7322963288233595,19.551112046662343,1.3717423239077675
112.55000000000001,-3.132441067629533,47.23239905329681,179.98179379239886,35.0,35.0,-2.6638435509171785,19.537930511074673,1.3706453460959267
112.60000000000001,-4.0324410221928915,47.232685035732246,-178.9253385109031,35.0,35.0,-2.5954947680903544,19.525249294249974,1.3690555581236197
112.65,-4.932282716005753,47.21580528229804,-177.83247081420507,35.0,35.0,-2.5272743436139677,19.513064607747832,1.3669756565364821
112.7,-5.831638776067983,47.18176593404719,-176.73960311750702,35.0,35.0,-2.459206490953939,19.501372257244526,1.364408489527733
112.75,-6.73018200605872,47.13057937489526,-175.646735420809,35.0,35.0,-2.3913152665610866,19.490170649995815,1.361357053200578
112.80000000000001,-7.62758550537425,47.06226422711498,-174.55386772411097,35.0,35.0,-2.323624562844735,19.479496311352424,1.3578244878570445
112.85000000000001,-8.523522788058294,46.976845344561234,-173.46100002741292,35.0,35.0,-2.256158101328154,19.469349646989954,1.3538140743270333
112.9,-9.417667901581444,46.874353803628956,-172.3681323307149,35.0,35.0,-2.1889394259836408,19.45971702675898,1.3493292303316196
112.95,-10.309695545426528,46.754826891947154,-171.27526463401688,35.0,35.0,-2.1219918967452003,19.450649546012514,1.344373506890264
113.0,-11.199281189436766,46.61830809481324,-170.18239693731883,35.0,35.0,-2.0553386831964175,19.4421801263521,1.33895058476881
113.05000000000001,-12.08610119188366,46.46484707937255,-169.0895292406208,35.0,35.0,-1.989002758431198,19.43429002269769,1.3330642709756546
113.10000000000001,-12.969832917211674,46.29449967654887,-167.99666154392278,35.0,35.0,-1.9230068930848105,19.42711253836453,1.326718495304391
113.15,-13.850154853416832,46.10732786073249,-166.90379384722473,35.0,35.0,-1.8573736495327395,19.420584500828465,1.3199173069277492
113.2,-14.726746729016583,45.90339972723318,-165.8109261505267,35.0,35.0,-1.7921253762546385,19.414883310032486,1.3126648710414202
113.25,-15.599289629568325,45.68278946750632,-164.7180584538287,35.0,35.0,-1.7272842023606074,19.409969975905582,1.3049654655620202
113.30000000000001,-16.467466113694243,45.44557734216117,-163.62519075713064,35.0,35.0,-1.662872032277079,19.406004154690685,1.296823477880622
113.35000000000001,-17.33096032857021,45.19184965176114,-162.53232306043262,35.0,35.0,-1.5989105405895074,19.40305077820996,1.2882434016705702
113.4,-18.189458124836772,44.92169870542658,-161.4394553637346,35.0,35.0,-1.5354211670387627,19.401199286703733,1.2792298337514296
113.45,-19.042647170890373,44.635222787251685,-160.34658766703654,35.0,35.0,-1.4724251116686133,19.40065214967373,1.2697874710148938
113.5,-19.890217066513273,44.33252612054757,-159.25371997033852,35.0,35.0,-1.4099433301210453,19.401524897560506,1.2599211074029881
113.55000000000001,-20.731859455800805,44.01371882992458,-158.1608522736405,35.0,35.0,-1.3479965290766813,19.40400857677369,1.24963563095136
113.60000000000001,-21.567268139344876,43.67891690122768,-157.06798457694245,35.0,35.0,-1.286605161837123,19.408343842773363,1.2389360208872802
113.65,-22.396139185632915,43.328242139339444,-155.97511688024443,35.0,35.0,-1.2257894240463116,19.414850063965407,1.2278273447911658
113.7,-23.218171041621748,42.96182212386601,-154.8822491835464,35.0,35.0,-1.1655692495478647,19.423867492049084,1.216314755816228
113.75,-24.033064642446124,42.57979016272208,-153.78938148684836,35.0,35.0,-1.105964306375384,19.43579567482763,1.2044034899689393
113.80000000000001,-24.840523520222053,42.182285243631966,-152.69651379015033,35.0,35.0,-1.046993992872757,19.451114916208976,1.1920988634496155
113.85000000000001,-25.6402539119053,41.769451983564224,-151.6036460934523,35.0,35.0,-0.9886774339413265,19.470505489014794,1.1794062700525387
113.9,-26.431964866165842,41.34144057611827,-150.51077839675426,35.0,35.0,-0.9310334774111624,19.49479617310842,1.1663311786286101
113.95,-27.215368349239384,40.898406736882215,-149.41791070005624,35.0,35.0,-0.8740806905332974,19.52503449880488,1.1528791306032815
114.0,-27.990179349717437,40.44051164678166,-148.32504300335822,35.0,35.0,-0.8178373565900259,19.562512156144127,1.1390557375572996
114.05000000000001,-28.756115982237823,39.96792189344021,-147.23217530666017,35.0,35.0,-0.7623214716204245,19.60905021439038,1.1248666788654305
114.10000000000001,-29.512899590037883,39.48080941057294,-146.13930760996215,35.0,35.0,-0.7075507412581175,19.667072685136283,1.1103176993920272
114.15,-30.260254846333094,38.97935141543484,-145.04643991326412,35.0,35.0,-0.6535425776785075,19.73981634855081,1.0954146072461413
114.2,-30.997909854484185,38.463730344347155,-143.95357221656607,35.0,35.0,-0.6003140966526033,19.83198723926551,1.0801632715921983
114.25,-31.725596246916346,37.93413378632486,-142.86070451986805,35.0,35.0,-0.5478821147046773,19.950609883865948,1.0645696205180855
114.30000000000001,-32.4430492827545,37.390754414829566,-141.76783682317003,35.0,35.0,-0.49626314637112046,20.10594933306756,1.0486396389585195
114.35000000000001,-33.15000794413916,36.83378991767269,-140.67496912647198,35.0,34.96990047776543,-0.4454734015575923,20.314932031346345,1.0323793666711367
114.4,-33.84621503118779,36.26344292509425,-139.58210142977396,35.0,34.9184975393253,-0.3955287829920451,20.60622029081632,1.0157948962705632
114.45,-34.53141725556715,35.679920936043644,-138.48923373307593,35.0,34.86133245295515,-0.34644488377085025,20.999999999999996,0.9988923713109443
114.5,-35.20536533264258,35.08343624268904,-137.39636603637788,35.0,34.825285444347074,-0.29823698499560436,21.000000000000007,0.9816779844238965
114.55000000000001,-35.867814072170674,34.47420585318304,-136.30349833967986,35.0,34.788871918845366,-0.25092005349803514,21.0,0.9641579755049179
114.60000000000001,-36.51852246750239,33.85245141271251,-135.21063064298184,35.0,34.75209843053666,-0.2045087396505494,21.0,0.9463386299513843
114.65,-37.15725378326411,33.218399122861506,-134.1177629462838,35.0,34.714971621258215,-0.15901737526013449,21.0,0.9282262769497152
114.7,-37.783775641484716,32.572279659316415,-133.02489524958577,35.0,34.677498225027705,-0.11445997154314114,21.000000000000007,0.909827287808298
114.75,-38.39786010613748,31.91432808794347,-131.93202755288775,35.0,34.63968507241283,-0.07085021717872308,20.999999999999996,0.891148074339867
114.80000000000001,-38.99928376606585,31.244783779269007,-130.8391598561897,35.0,34.60153909483738,-0.028201476438745487,21.000000000000007,0.872195087288361
114.85000000000001,-39.58782781626306,30.563890321393647,-129.74629215949167,35.0,34.56306732881984,0.013473212608133167,21.0,0.852974814799552
114.9,-40.16327813747596,29.871895431372074,-128.65342446279365,35.0,34.52427692014178,0.054161139820159576,21.0,0.2945652766122464
114.95,-40.72542537410415,29.16905086509067,-127.56055676609562,35.0,34.48517512794246,0.09384992463618858,21.000000000000007,0.8137585442405282
115.0,-41.274065010365966,28.455612325675748,-126.46768906939758,35.0,34.44576932873642,0.13252751766128057,21.0,0.79377569632058
115.05000000000001,-41.80899744470377,27.73183937046574,-125.37482137269956,34.96041209490974,34.406067020351294,0.17018220218619007,21.0,0.7735518605018399
115.10000000000001,-42.33002806240133,26.997995316581196,-124.28356003149997,34.92081601815557,34.36690893729333,0.20680259564259984,21.0,0.75309369049819
115.15,-42.83698815525092,26.254361358065356,-123.19390382562104,34.88125122666541,34.328305039143316,0.24240285389407035,20.999999999999996,0.7324078691281954
115.2,-43.32971492632346,25.501221046391343,-122.10584994052155,34.84175507041384,34.290264370112354,0.2769974287782091,21.0,0.7120051650294101
115.25,-43.80805148798147,24.73886015168255,-121.01939405863858,34.80236287753516,34.25279509170184,0.3106010377350046,21.000000000000007,0.691891497682775
115.30000000000001,-44.271846857282085,23.96756652703931,-119.93453044682614,34.763108035689925,34.215904514483064,0.3432286348689857,20.999999999999996,0.6720721791359097
115.35000000000001,-44.72095594894571,23.18762997591154,-118.85125204005446,34.724022069889436,34.17959912904014,0.37489538338847694,21.000000000000007,0.6525519426796222
115.4,-45.15523956605693,22.399342122453938,-117.76955052152617,34.68513471697163,34.14388463611514,0.40561662936713105,20.999999999999996,0.633334970389825
115.45,-45.57456438865568,21.602996284797634,-116.6894163993593,34.64647399691045,34.10876597599053,0.4354078767754501,21.0,0.6144249195730822
115.5,-45.978802960368235,20.798887351169988,-115.61083907997995,34.60806628113046,34.074247357140656,0.46428476373191785,21.000000000000007,0.5958249481663813
115.55000000000001,-46.36783367321937,19.98731165879217,-114.5338069383616,34.56993635798833,34.04033228418055,0.4922630399254899,20.999999999999996,0.5775377391293546
115.60000000000001,-46.7415407507592,19.168566875482593,-113.45830738524162,34.53210749557349,34.00702358513777,0.519358545162973,21.0,0.5595655238714414
115.65,-47.09981422963028,18.342951883892923,-112.38432693144006,34.49460150197094,33.97432343807018,0.5455871889969686,21.0,0.5419101047496611
115.7,-47.44254993969332,17.510766668302317,-111.3118512493995,34.457438783120885,33.94223339705017,0.5709649313914369,21.0,0.5245728766799118
115.75,-47.76964948282229,16.672312203894844,-110.24086523206024,34.42063839840154,33.91075441753404,0.5955077643840312,21.00000000000001,0.5075548478893666
115.80000000000001,-48.08102021047298,15.827890348444452,-109.17135304917929,34.384218114053866,33.879886881133025,0.6192316947056398,21.0,0.490856659851886
115.85000000000001,-48.37657520012212,14.977803736331605,-108.10329820119686,34.348194454559525,33.849630619801,0.6421527273193561,21.000000000000007,0.47447860643217155
115.9,-48.65623323066761,14.122355674815642,-107.03668357074964,34.31258275207677,33.81998493945243,0.664286849842469,20.999999999999996,0.45842065227432727
115.95,-48.91991875687415,13.261850042487078,-105.97149147192528,34.277397194032176,33.790948643022475,0.6856500178164993,21.0,0.4426824504622573
116.0,-49.167561882942415,12.396591189824399,-104.9077036973484,34.242650868960055,33.76252005298033,0.7062581407916895,21.0,0.42726335948060523
116.05000000000001,-49.399098335274154,11.526883841780453,-103.84530156318452,34.20835581067579,33.734697033305835,0.7261270691936943,21.0,0.41216245950380426
116.10000000000001,-49.61446943449974,10.65303300232422,-102.78426595214412,34.17452304086365,33.707477010938405,0.7452725819412436,20.999999999999996,0.3973785680400965
116.15,-49.81362206682951,9.7753438608646,-101.72457735456571,34.1411626101547,33.68085699670604,0.763710374785127,21.0,0.3829102549509855
116.2,-49.996508654784925,8.894121700483902,-100.66621590765277,34.10828363776551,33.65483360574278,0.7814560493395319,20.999999999999996,0.36875585687766943
116.25,-50.16308712736055,8.00967180790978,-99.60916143293707,34.075894349763885,33.62940307740077,0.7985251027782354,21.000000000000007,0.354913491088098
116.30000000000001,-50.31332088966316,7.122299385155726,-98.55339347203638,34.04400211602366,33.60456129466405,0.8149329181688998,20.999999999999996,0.34138106877406926
116.35000000000001,-50.447178792069764,6.232309462761487,-97.49889132077277,34.01261348592655,33.58030380306963,0.8306947554199766,21.000000000000007,0.32815630781328764
116.4,-50.56463509894177,5.340006814566387,-96.4456340617143,33.981734222865335,33.55662582914188,0.8458257428153999,21.000000000000007,0.31523674502153654
116.45,-50.66566945692863,4.445695873949991,-95.39360059520023,33.95136933759938,33.53352229834553,0.8603408691134007,21.0,0.3026197479084658
116.5,-50.750266862890165,3.5496806514762995,-94.34276966890727,33.92152312050982,33.51098785256241,0.8742549761864566,21.000000000000007,0.2903025259600156
116.55000000000001,-50.81841763146304,2.652264653879351,-93.29311990601244,33.89219917279929,33.48901686709716,0.8875827521804354,21.000000000000007,0.2782821414611192
116.60000000000001,-50.87011736229339,1.753750804329958,-92.2446298320051,33.86340043667771,33.467603467216556,0.9003387251714798,21.0,0.2665555198795744
116.65,-50.90536690695406,0.854441363925146,-91.197277900199,33.83512922457334,33.446741544227436,0.9125372573003858,21.000000000000007,0.25511945982088946
116.7,-50.92417233556181,-0.045362145656184016,-90.15104251599303,33.807387247405785,33.426424771098056,0.9241925393644053,21.0,0.24397064257811962
116.75,-50.9265449031069,-0.9453590183858864,-89.10590205992743,33.78017564195523,33.406646617627246,0.935318585847746,20.999999999999996,0.2331056412803889
116.80000000000001,-50.912501015504326,-1.8452494390599852,-88.06183490958009,33.75349499736038,33.387400365166705,0.9459292303720801,21.0,0.22252092966681403
116.85000000000001,-50.88206219537368,-2.744734557463316,-87.01881946034615,33.72734538077511,33.368679120900715,0.9560381215495255,21.000000000000007,0.21221289048668268
116.9,-50.835255047551804,-3.6435165615737577,-85.97683414514245,33.70172636221265,33.35047583168842,0.9656587192209614,21.0,0.202177823548908
116.95,-50.7721112243402,-4.541298749852308,-84.9358574530762,33.67663703860378,33.332783297473526,0.974804291063073,20.999999999999996,0.1924119534287172
117.0,-50.69266739048687,-5.437785602663147,-83.89586794711661,33.652076057094476,33.31559418426631,0.9834879095483373,21.0,0.18291143684223243
117.05000000000001,-50.59696518790027,-6.33268285286569,-82.85684428080614,33.62804163760675,33.298901036703356,0.9917224492423955,21.000000000000007,0.17367236970528666
117.10000000000001,-50.48505120009124,-7.2256975556184955,-81.81876521404676,33.60453159468508,33.28269629018998,0.9995205844241752,21.0,0.1646907938811637
117.15,-50.35697691633683,-8.116538157432757,-80.78160962799562,33.58154335864971,33.26697228263069,1.0068947870142608,21.0,0.15596270363559483
117.2,-50.212798695558455,-9.004914564510962,-79.74535653910308,33.559073996076926,33.25172126575334,1.0138573247977263,20.999999999999996,0.14748405180171176
117.25,-50.05257772990536,-9.890538210404177,-78.70998511232467,33.53712022962524,33.23693541603252,1.020420259928109,21.0,0.139250755669309
117.30000000000001,-49.876380008032974,-10.773122123019279,-77.67547467353795,33.515678457225754,33.22260684521768,1.0265954476996129,21.0,0.13125870260765282
117.35000000000001,-49.684276278064495,-11.652380991005378,-76.64180472119364,33.49474477065375,33.20872761047225,1.0323945355750084,20.999999999999993,0.12350375543007885
117.4,-49.476342010222936,-12.52803122954654,-75.60895493722983,33.47431497349793,33.195289724129225,1.03782896245729,21.000000000000007,0.11598175750791029
117.45,-49.25265735912006,-13.399791045585902,-74.57690519727669,33.45438459854302,33.18228516306991,1.0429099581934835,21.0,0.10868853764563369
117.5,-49.01330712568745,-14.267380502504182,-73.54563558017848,33.43494892458066,33.169705877731516,1.047648543299232,20.999999999999996,0.10161991472386944
117.55000000000001,-48.75838071873453,-15.130521584273597,-72.5151263768588,33.41600299266287,33.157543800750254,1.0520555288935682,20.999999999999996,0.09477170211496855
117.60000000000001,-48.487972116117476,-15.988938259106217,-71.48535809855373,33.39754162181196,33.14579085524636,1.0561415168331791,20.999999999999996,0.08813971188672554
117.65,-48.20217982550246,-16.842356542613796,-70.45631148443736,33.37955942420014,33.134438962757535,1.0599169000361996,20.999999999999993,0.08171975879221804
117.7,-47.901106844706355,-17.69050456049425,-69.42796750866295,33.36205081981138,33.12348005082739,1.0633918629857746,20.999999999999996,0.0755076640604102
117.75,-47.58486062159742,-18.533112610758035,-68.40030738684217,33.34501005059823,33.11290606025597,1.0665763824038947,21.000000000000007,0.06949925899149889
117.80000000000001,-47.2535530135385,-19.369913225505822,-67.37331258198492,33.32843119414522,33.10270895201879,1.0694802280865119,21.0,0.06369038836240293
117.85000000000001,-46.907300246354815,-20.200641232267145,-66.34696480992012,33.31230817685047,33.09288071386161,1.0721129638910654,21.0,0.05807691365234291
117.9,-46.54622287280858,-21.025033814907815,-65.3212460442189,33.296634786636986,33.083413366577766,1.0744839488680995,21.0,0.05265471609106953
117.95,-46.170445730562435,-21.842830574112277,-64.29613852063949,33.28140468520419,33.07429896997518,1.0766023385285948,21.0,0.047419699540682814
118.0,-45.780097899613935,-22.653773587445396,-63.271624741113605,33.26661141983069,33.06552962854015,1.0784770862393174,21.0,0.04236779320990536
118.05000000000001,-45.37531265918328,-23.45760746899649,-62.24768747729275,33.252248434738505,33.05709749680499,1.0801169447384709,20.999999999999993,0.037494954214452036
118.10000000000001,-44.95622744403684,-24.254079428606907,-61.22430977367262,33.23830908202897,33.04899478442685,1.0815304677644164,21.0,0.03279716998306981
118.15,-44.52298380022914,-25.042939330680923,-60.20147495031365,33.22478663220025,33.04121376098468,1.0827260117902497,21.000000000000007,0.028270460518911023
118.2,-44.07572734024638,-25.823939752578177,-59.17916660517416,33.211674284256276,33.03374676050178,1.0837117378575911,21.0,0.023910880516666566
118.25,-43.61460769753489,-26.59683604258456,-58.15736861607316,33.198965175416674,33.02658618570112,1.084495613502881,21.0,0.019714521346827496
118.30000000000001,-43.13977848039843,-27.361386377457006,-57.136065142298676,33.186652390437,33.019724512000515,1.0850854147699067,21.0,0.01567751290579622
118.35000000000001,-42.65139722524854,-28.117351819536353,-56.11524062587726,33.17472897054868,33.013154291255134,1.0854887283025079,21.0,0.011796025340515826
118.4,-42.14962534919302,-28.86449637342116,-55.09487979251979,33.1631879220277,33.006868155254125,1.0857129535115604,21.0,0.008066270652022922
118.45,-41.634628101947754,-29.602587042194173,-54.074967652258124,33.152022224401016,33.000858818979154,1.0857653048105007,20.999999999999996,0.004484504181050397
118.5,-41.10657451705804,-30.331393883191925,-53.05548949978708,33.14122483829946,32.995119083631316,1.0856528139141872,21.0,0.0010470259788064595
118.55000000000001,-40.565637362416204,-31.0506900633069,-52.03643091452535,33.130788712966016,32.98964183943409,1.085382332195607,20.999999999999996,0.0022498179262697704
118.60000000000001,-40.01199309006276,-31.760251913810592,-51.01777776040871,33.12070679342802,32.9844200682191,1.0849605330956393,20.999999999999993,0.0054096343716025785
118.65,-39.445821785259355,-32.459858984684814,-49.99951618542862,33.110972027341674,32.97944684580165,1.0843939145808505,20.999999999999996,0.008435981999355135
118.7,-38.86730711482234,-33.14929409844763,-48.98163262092869,33.101577371517386,32.97471534415319,1.0836888016448398,21.0,0.011332370295775718
118.75,-38.27663627470663,-33.82834340345943,-47.96411378067129,33.09251579813423,32.9702188333775,1.0828513488486138,21.0,0.014102258720214422
118.80000000000001,-37.673999936830384,-34.49679642669375,-46.94694665968604,33.083780300651604,32.9659506834972,1.0818875428957355,20.999999999999996,0.016749055924520917
118.85000000000001,-37.05959219513173,-35.15444612595678,-45.930118532911656,33.07536389942629,32.96190436605775,1.0808032052381336,21.0,0.01927611905756521
118.9,-36.43361051084977,-35.80108894153855,-44.913616953642254,33.067259647042825,32.95807345555497,1.0796039947086555,21.0,0.021686753152039273
118.95,-35.79625565702291,-36.43652484727834,-43.897429751788785,33.05946063336512,32.95445163069331,1.0782954101766862,20.999999999999996,0.023984210589560462
119.0,-35.147731662198375,-37.060557401026,-42.88154503196616,33.05195999031713,32.95103267548068,1.0768827932230565,21.0,0.02617169063938718
119.05000000000001,-34.48824575334774,-37.672993794480426,-41.8659511714159,33.044750896400245,32.94781048016681,1.0753713308309614,20.999999999999996,0.028252339072594168
119.10000000000001,-33.81800829798433,-38.273644902385826,-40.850636817774244,33.037826580955,32.944779042030724,1.0737660580895607,21.0,0.03022924784190195
119.15,-33.13723274547896,-38.86232533106595,-39.835590886695066,33.0311803281747,32.941932466024184,1.0720718609070516,21.0,0.03210545482801308
119.2,-32.44613556757181,-39.438853466275994,-38.82080255933666,33.024805480878236,32.939264965276614,1.0702934787302567,20.999999999999996,0.033883943650181436
119.25,-31.74493619807875,-40.003051520351455,-37.806261279721326,33.01869544404955,32.9367708614675,1.0684355072679281,21.0,0.035567643535898696
119.30000000000001,-31.033856971791806,-40.554745578632996,-36.79195675197607,33.01284368815083,32.93444458507251,1.066502401214862,21.000000000000007,0.03715942924657156
119.35000000000001,-30.313123062573982,-41.093765645145915,-35.77787893746294,33.00724375221667,32.93228067548829,1.0644984769744852,21.0,0.038662121061321386
119.4,-29.582962420649924,-41.61994568751264,-34.76401805180654,33.00188924673607,32.930273781042324,1.0624279153771496,20.999999999999996,0.04007848480753751
119.45,-28.84360570909466,-42.13312368107646,-33.75036456182674,32.99677385632937,32.928418658892376,1.0602947643920686,21.000000000000007,0.041411231946710814
119.5,-28.09528623952367,-42.63314165221449,-32.73690918238381,32.99189134222673,32.92671017482195,1.058102941830441,21.0,0.0426630197016209
119.55000000000001,-27.33823990698845,-43.11984572081776,-31.72364287314303,32.987235544554956,32.92514330293583,1.0558562380377765,21.0,0.043836451232550644
119.60000000000001,-26.57270512408269,-43.59308614191621,-30.71055683526583,32.98280038443931,32.92371312526155,1.0535583185734225,21.0,0.04493407585329123
119.65,-25.798922754265096,-44.05271734642638,-29.697642508033866,32.97857986592661,32.9224148312615,1.0512127268752849,21.0,0.045958389287079626
119.7,-25.017136044405742,-44.49859798099945,-28.684891565412574,32.97456807773625,32.921243717260346,1.0488228869081127,20.999999999999996,0.04691183396275278
119.75,-24.227590556563893,-44.93059094694748,-27.67229591256022,32.970759194845115,32.920195185792565,1.046392105793558,20.999999999999996,0.04779679934344472
119.80000000000001,-23.430534099005975,-45.34856343822558,-26.659847682288316,32.96714747991279,32.91926474487479,1.043923576420454,21.0,0.04861562229109495
119.85000000000001,-22.626216656473336,-45.75238697844799,-25.647539231479136,32.96372728455293,32.91844800720696,1.0414203800337845,21.0,0.049370587462078674
119.9,-21.814890319710326,-46.141937456916075,-24.635363137465767,32.96049305045679,32.91774068930717,1.0388854888010428,20.999999999999996,0.0500639277333903
119.95,-20.996809214264026,-46.51709516363654,-23.62331219437975,32.957439310374674,32.91713861058384,1.0363217683545543,21.000000000000007,0.05069782465483286
120.0,-20.17222942856784,-46.87774482330813,-22.611379409471557,32.954560688961045,32.91663769234959,1.0337319803085734,21.000000000000007,0.0512744089297712
120.05000000000001,-19.341408941322,-47.223775628255595,-21.599557999408404,32.951851903488794,32.91623395678041,1.0311187847501344,21.0,0.05179576091961735
120.10000000000001,-18.504607548184822,-47.55508127028977,-20.587841386554317,32.949307764438196,32.91592352582443,1.028484742702318,20.999999999999996,0.05226391116877949
120.15,-17.662086787789313,-47.87155997147293,-19.576223195236498,32.946923175965786,32.91570262006343,1.0258323185593028,21.0,0.0526808409563273
120.2,-16.814109867100658,-48.17311451376899,-18.564697248002417,32.94469313625847,32.9155675575307,1.023163882491957,20.999999999999996,0.05304848286030506
120.25,-15.960941586130637,-48.45965226755836,-17.553257561871504,32.942612737777914,32.91551475248908,1.0204817128234183,21.0,0.05336872134691362
120.30000000000001,-15.102848262026008,-48.7310852189977,-16.54189834458543,32.94067716740014,32.915540714172,1.0177879983736489,21.000000000000007,0.05364339337077695
120.35000000000001,-14.240097652548435,-48.98732999620511,-15.530613990860319,32.93888170645527,32.91564204549095,1.0150848407724666,21.0,0.05387428899538804
120.4,-13.372958878964342,-49.228307894251955,-14.519399078644662,32.93722173067211,32.9158154417122,1.0123742567403013,20.999999999999996,0.054063152023644534
120.45,-12.501702348363711,-49.453944898942574,-13.508248365386033,32.93569271003211,32.91605768910609,1.0096581803361104,21.000000000000007,0.054211680643305726
120.5,-11.626599675427533,-49.66417170936398,-12.497156784309862,32.9342902085374,32.916365663571355,1.0069384651719773,21.0,0.05432152808381829
120.55000000000001,-10.74792360366423,-49.858923759187874,-11.486119440713097,32.933009883896965,32.91673632923732,1.004216886593916,21.000000000000007,0.05439430328266326
120.60000000000001,-9.865947926136016,-50.03814123670792,-10.475131608275758,32.93184748713556,32.91716673704681,1.001495143828457,21.0,0.054431571561224246
120.65,-8.980947405696753,-50.20176910359567,-9.464188725392788,32.93079886212922,32.91765402332167,0.9987748620947201,21.0,0.05443485530918224
120.7,-8.093197694763415,-50.34975711235914,-8.453286391529028,32.92985994507154,32.91819540831389,0.9960575946816093,20.999999999999996,0.0544056346747368
120.75,-7.20297525464386,-50.482059822488544,-7.442420363599405,32.92902676387457,32.91878819474455,0.9933448249898973,20.999999999999993,0.05434534826221693
120.80000000000001,-6.310557274444116,-50.59863661527428,-6.431586552376746,32.92829543750813,32.9194297663322,0.9906379685390334,21.0,0.054255393834239385
120.85000000000001,-5.416221589578912,-50.69945170728281,-5.42078101892929,32.927662175281284,32.92011758631355,0.9879383749384658,20.999999999999996,0.05413712901727763
120.9,-4.520246599909667,-50.7844741624767,-4.409999971089756,32.9271232760693,32.920849195957864,0.9852473298233448,21.0,0.053991872011351916
120.95,-3.6229111875346,-50.8536779029657,-3.399239759958057,32.926675127489915,32.921622213077285,0.9825660567545924,21.0,0.05382090230241943
121.0,-2.7244946342561027,-50.90704171837638,-2.388496876439079,32.926314205031865,32.92243433053483,0.9798957190832525,21.0,0.053625461375048644
121.05000000000001,-1.8252765387508922,-50.94454927382834,-1.3777679478173717,32.92603707113922,32.92328331475141,0.9772374217791295,21.0,0.053406753426799014
121.10000000000001,-0.9255367334688928,-50.96618911650591,-0.36704973437014066,32.925840374254385,32.92416700421438,0.9745922132236942,21.000000000000007,0.053165946082458504
121.15,-0.02555520128714661,-50.97195468081451,0.6436608739800458,32.92572084782295,32.92508330798796,0.9719610869674256,21.0,0.05290417110870749
121.2,0.8743880080545787,-50.961844292112026,1.654366860971507,32.92567530926331,32.926030204228255,0.9693449834515775,21.0,0.05262252512537202
121.25,1.7740128617095001,-50.93586116900565,2.6650710872676653,32.925700658903665,32.92700573870299,0.9667447916945946,20.999999999999996,0.052322070316961344
121.30000000000001,2.6730394276435447,-50.89401342420573,3.6757762936778806,32.92579387888933,32.928008023318554,0.9641613509431721,20.999999999999996,0.052003835139657895
121.35000000000001,3.571187958691513,-50.83631406392872,4.686485104334135,32.925952032062845,32.929035234654435,0.9615954522883854,20.999999999999993,0.051668815028449444
121.4,4.46817897672183,-50.76278098584181,5.69720002982261,32.926172260819385,32.930085612506915,0.9590478402467966,21.0,0.051317973095734715
121.45,5.363733356881798,-50.67343697554287,6.707923470269229,32.92645178593992,32.93115745844285,0.9565192143070362,21.000000000000007,0.05095224083177641
121.5,6.257572411895046,-50.56830970156973,7.718657718378691,32.92678790540442,32.932249134364696,0.9540102304419378,20.999999999999996,0.050572518795206634
121.55000000000001,7.14941797638267,-50.447431708933564,8.729404962426077,32.92717799318729,32.933359061087444,0.9515215025865444,21.0,0.05017967730196915
121.60000000000001,8.038992491179384,-50.31084041117199,9.740167289200793,32.92761949803731,32.934485716928734,0.9490536040823301,21.0,0.04977455710786671
121.65,8.926019087615833,-50.15857808091802,10.75094668690197,32.928109942243836,32.93562763631266,0.9466070690878468,21.000000000000007,0.04935797008428722
121.7,9.810221671738114,-49.99069183898175,11.761745047985269,32.928646920391614,32.936783408388315,0.9441823939562042,21.0,0.048930699889666585
121.75,10.691325008435395,-49.80723364194244,12.77256417196051,32.92922809810566,32.93795167566343,0.941780038579715,20.999999999999996,0.04849350263285146
121.80000000000001,11.569054805446468,-49.60826026824912,13.783405768139945,32.92985121078836,32.939131132654126,0.9394004277020116,20.999999999999993,0.048047107529782807
121.85000000000001,12.443137797215954,-49.39383330282894,14.79427145833695,32.9305140623502,32.94032052455124,0.9370439521980671,20.999999999999996,0.04759221755406884
121.9,13.313301828570872,-49.16401912020272,15.805162779514985,32.93121452393599,32.94151864590366,0.9347109703224561,21.0,0.047129510078889325
121.95,14.179275938188198,-48.91888886610813,16.816081186386633,32.93195053264797,32.94272433931932,0.9324018089263149,20.999999999999996,0.0466596375122208
122.0,15.040790441824065,-48.658518437631606,17.82702805396273,32.932720090267345,32.943936494184406,0.9301167646433086,21.000000000000007,0.0461832279228247
122.05000000000001,15.897577015275214,-48.38298846185068,18.838004680051743,32.933521261975706,32.94515404540084,0.9278561050451302,21.0,0.04570088566012487
122.10000000000001,16.749368777043376,-48.09238427298911,19.849012287709108,32.93435217507751,32.94637597214288,0.9256200697669001,21.0,0.04521319196356899
122.15,17.59590037067325,-47.786795888088,20.86005202763701,32.93521101772504,32.94760129663268,0.9234088716028808,21.0,0.044720705564600394
122.2,18.436908046734832,-47.466317981196596,21.871124980534404,32.93609603764701,32.948829082935525,0.9212226975729934,20.999999999999996,0.04422396328038758
122.25,19.272129744420923,-47.13104985608721,22.88223215939777,32.937005540881906,32.95005843577475,0.9190617099605589,20.999999999999996,0.04372348059774822
122.30000000000001,20.101305172730694,-46.7810954174994,23.89337451177262,32.93793789051711,32.951288499366626,0.9169260473217591,21.0,0.04321975224868879
122.35000000000001,20.924175891210343,-46.41656314091914,24.90455292195605,32.93889150543493,32.952518456275385,0.9148158254671586,20.999999999999996,0.04271325277599658
122.4,21.74048539022197,-46.037566040899385,25.915768213150827,32.93986485906639,32.95374752628858,0.9127311384159285,21.0,0.042204437092010494
122.45,22.549979170711943,-45.6442216379291,26.927021149571008,32.94085647815369,32.95497496531285,0.9106720593230548,20.999999999999993,0.041693741024602105
122.5,23.352404823450165,-45.23665192385844,27.938312438499853,32.941864941522205,32.95620006429021,0.9086386413801506,21.0,0.04118158185747234
122.55000000000001,24.147512107711844,-44.8149833258884,28.94964273230001,32.942888878862775,32.95742214813498,0.9066309186902046,21.000000000000007,0.04066835885808473
122.60000000000001,24.935053029373552,-44.37934666913391,29.96101263037673,32.943926969525066,32.958640574691245,0.9046489071169006,21.0,0.040154453798919576
122.65,25.714781918395527,-43.92987713776993,30.972422681094532,32.944977941322655,32.95985473371093,0.9026926051088466,21.0,0.03964023146608042
122.7,26.486455505662406,-43.466714234770706,31.983873383647428,32.94604056935039,32.961064045852666,0.9007619944991845,21.0,0.039126040161079345
122.75,27.24983299915479,-42.99000174025301,32.99536518988375,32.94711367481484,32.962267961701095,0.8988570412812109,21.0,0.03861221219324307
122.80000000000001,28.004676159424314,-42.499887668434695,34.00689850608563,32.948196123878134,32.96346596080674,0.8969776963602811,20.999999999999993,0.03809906435947141
122.85000000000001,28.750749374345077,-41.996524223220604,35.018473694703985,32.949286826515895,32.964657550746374,0.8951238962826267,21.0,0.03758689841859564
122.9,29.487819733114645,-41.48006775242824,36.0300910760493,32.9503847353895,32.9658422662038,0.8932955639414502,21.0,0.0370760015530891
122.95,30.21565709947801,-40.95067870066645,37.04175092993906,32.951488844733376,32.96701966807073,0.8914926092608582,20.999999999999996,0.03656664682353039
123.0,30.93403418414826,-40.4085215608807,38.05345349730213,32.95259818925747,32.96818934256802,0.889714929858016,21.000000000000007,0.0360590936118399
123.05000000000001,31.642726616398015,-39.853764824579166,39.06519898174093,32.95371184306537,32.96935090038664,0.8879624116840361,20.999999999999996,0.0355535880568425
123.10000000000001,32.341513014795865,-39.28658093075446,40.07698755105176,32.95482891858832,32.97050397584884,0.8862349296440897,20.999999999999996,0.035050363479598445
123.15,33.03017505706261,-38.70714621351618,41.08881933870421,32.95594856553549,32.971648226088526,0.8845323481971405,21.000000000000007,0.03454964079892875
123.2,33.708497549022134,-38.11564084845022,42.10069444527997,32.95706996986071,32.97278333025153,0.8828545219357551,21.0,0.0340516289389825
123.25,34.37626849262241,-37.51224879772101,43.11261293987189,32.95819235274577,32.97390898871493,0.8812012961465499,21.0,0.033556525227709244
123.30000000000001,35.03327915300215,-36.89715775393368,44.1245748614438,32.95931496960071,32.97502492232554,0.879572507351547,21.0,0.03306451578410474
123.35000000000001,35.679324124579296,-36.27055908277336,45.13658022015189,32.960437109081056,32.97613087165728,0.8779679838310699,21.0,0.03257577590005667
123.4,36.31420139613768,-35.6326477644394,46.14862899862824,32.96155809212222,32.977226596287124,0.8763875461284698,20.999999999999996,0.032090470409542604
123.45,36.93771241488867,-34.98362233389287,47.16072115322701,32.962677270991136,32.97831187408954,0.8748310075372032,21.0,0.031608754052001586
123.5,37.54966214948497,-34.32368481993604,48.17285661523424,32.96379402835531,32.97938650054905,0.8732981745706354,20.999999999999993,0.03113077182533175
123.55000000000001,38.14985915196426,-33.653040683143,49.18503529204172,32.964907776369145,32.98045028809073,0.871788847415111,20.999999999999996,0.030656659331356195
123.60000000000001,38.738115618600446,-32.971898752661026,50.197257068285694,32.96601795577783,32.98150306542846,0.8703028203664758,20.999999999999996,0.03018654311048863
123.65,39.31424744964122,-32.28047116190289,51.20952180695098,32.967124035038594,32.982544676930495,0.8688398822507608,20.999999999999996,0.029720540972704157
123.7,39.87807430791046,-31.578973283150397,52.22182935044129,32.968225509459444,32.98357498200217,0.8673998168291916,20.999999999999996,0.029258762314299247
123.75,40.42941967625488,-30.867623661090217,53.23417952161642,32.969321900355354,32.98459385448561,0.8659824031881058,21.0,0.028801308431383177
123.80000000000001,40.96811091381461,-30.146643945303175,54.24657212479679,32.9704127542218,32.98560118207597,0.8645874161139773,21.000000000000007,0.02834827282171659
123.85000000000001,41.49397931109778,-29.41625882172875,55.259006946736285,32.971497641925666,32.98659686575397,0.8632146264542087,20.999999999999996,0.027899741482571017
123.9,42.006860143839674,-28.676695943126813,56.27148375756385,32.9725761579134,32.98758081923468,0.8618638014637838,20.999999999999996,0.02745579319537228
123.95,42.506592725627506,-27.928185858559033,57.28400231169461,32.973647919436345,32.98855296843179,0.8605347051383845,20.999999999999996,0.02701649980849652
124.0,42.99302045927234,-27.17096194191274,58.296562348711056,32.97471256579316,32.98951325093768,0.8592270985342481,21.0,0.026581926507986964
124.05000000000001,43.46599088690998,-26.405260319490356,59.30916359421519,32.9757697575892,32.99046161551848,0.8579407400751222,21.0,0.026152132082728485
124.10000000000001,43.925355738813366,-25.631319796687876,60.32180576065189,32.97681917601272,32.99139802162421,0.856675385846728,21.000000000000007,0.025727169182516718
124.15,44.37097098089934,-24.849381783786175,61.33448854810477,32.97786052212782,32.992322438913426,0.8554307898790228,20.999999999999996,0.025307084567884885
124.2,44.802696860913066,-24.059690220879254,62.3472116450642,32.97889351618394,32.99323484679243,0.8542067044167183,21.0,0.024891919354104175
124.25,45.22039795327411,-23.262491501963833,63.359974729169416,32.979917896941686,32.99413523396825,0.853002880178245,21.0,0.024481709246089167
124.30000000000001,45.623943202568384,-22.458034398214963,64.372777467924,32.98093342101501,32.9950235980157,0.8518190666036318,21.0,0.024076484769466333
124.35000000000001,46.01320596567088,-21.646569980472687,65.38561951938642,32.981939862229346,32.995899944957806,0.8506550120915506,21.0,0.023676271492263368
124.4,46.388064052484474,-20.828351540964967,66.39850053283564,32.98293701099567,32.99676428885936,0.8495104642259079,20.999999999999996,0.023281090241624725
124.45,46.748399765280695,-20.0036345142924,67.41142014941258,32.983924673700216,32.99761665143371,0.848385169992234,21.0,0.02289095731285329
124.5,47.09409993662868,-19.172676397700492,68.42437800273811,32.984902672109754,32.99845706166183,0.847278875984216,20.999999999999996,0.02250588467347825
124.55000000000001,47.425055965899325,-18.3357366706655,69.43737371950806,32.985870842792046,32.999285555423995,0.8461913286007174,21.0,0.022125880160359657
124.60000000000001,47.741163854331816,-17.493076713820066,70.45040692006604,32.98682903655147,33.00010217514352,0.8451222742334679,21.0,0.021750947669971765
124.65,48.04232423865052,-16.644959727245094,71.46347721895403,32.987777117879475,33.00090696944235,0.8440714594458782,20.999999999999996,0.021381087344991556
124.7,48.32844242322057,-15.791650648154558,72.4765842254424,32.98871496441968,33.001699992808,0.8430386311430667,21.000000000000007,0.021016295751792313
124.75,48.599428410731036,-14.933416068000053,73.48972754403874,32.98964246644742,33.00248130527212,0.8420235367335991,21.0,0.020656566056231895
124.80000000000001,48.85519693139513,-14.070524149022187,74.50290677497689,32.99055952636347,33.00325097209968,0.8410259242830023,20.999999999999996,0.020301888189351303
124.85000000000001,49.09566747065735,-13.203244540276,75.5161215146864,32.99146605820177,33.004009063489235,0.8400455426594817,21.0,0.019952249011936374
124.9,49.320764295398035,-12.331848293157812,76.52937135624295,32.99236198715088,33.00475565428345,0.8390821416719589,20.999999999999993,0.019607632470410863
124.95,49.53041647862635,-11.456607776461057,77.54265588980022,32.993247249088924,33.005490823689925,0.8381354722008751,21.000000000000007,0.019268019750455778
125.0,49.72455792265315,-10.577796590988779,78.55597470300401,32.99412179013186,33.00621465501202,0.8372052863217689,21.000000000000007,0.018933389421675884
125.05000000000001,49.903127380735796,-9.695689483750622,79.5693273813886,32.99498556619472,33.00692723538939,0.8362913374220824,21.0,0.01860371758212409
125.10000000000001,50.06606847718755,-8.810562261772278,80.58271350875653,32.99583854256577,33.007628655547876,0.8353933803113094,21.0,0.018278977993730905
125.15,50.21332972594453,-7.922691705545451,81.59613266754167,32.99668069349306,33.00831900955867,0.8345111713247775,21.0,0.017959142215460133
125.2,50.344864547583946,-7.03235548214651,82.60958443915636,32.99751200178346,33.00899839460662,0.8336444684212196,21.0,0.017644179730638143
125.25,50.46063128478773,-6.139832058052112,83.62306840432316,32.998332458413685,33.009666910767024,0.8327930312744343,21.0,0.017334058071156733
125.30000000000001,50.56059321624632,-5.245400611680134,84.63658414339142,32.99914206215321,33.010324660791056,0.8319566213592395,21.0,0.01702874293570744
125.35000000000001,50.64471856899769,-4.349340945684361,85.65013123663948,32.99994081919877,33.01097174989945,0.8311350020318358,21.0,0.016728198303894715
125.4,50.71298052919752,-3.4519333990314056,86.66370926456254,33.00072874282025,33.01160828558414,0.8303279386048743,20.999999999999996,0.01643238654807533
125.45,50.765357251316736,-2.553458758888431,87.67731780814698,33.00150585301767,33.01223437741796,0.8295351984174744,21.0,0.01614126853922926
125.5,50.80183186576315,-1.6541981723502546,88.69095644913126,33.00227217618912,33.012850136871634,0.8287565509001524,21.000000000000007,0.015854803747998858
125.55000000000001,50.82239248492474,-0.7544330580344728,89.7046247702542,33.0030277448093,33.013455677138346,0.8279917676351829,21.000000000000007,0.015572950346438574
125.60000000000001,50.82703220763228,0.14555498242673082,90.71832235549063,33.00377259711852,33.01405111296548,0.8272406224122903,21.0,0.015295665299390748
125.65,50.81574912203976,1.0454842529694286,91.73204879027521,33.00450677682187,33.014636560493194,0.8265028912799792,20.999999999999996,0.015022904457850927
125.7,50.788546306921624,1.9450730517267545,92.74580366171435,33.00523033279839,33.01521213709988,0.8257783525926499,21.0,0.014754622646222515
125.75,50.74543183138614,2.844039759674997,93.75958655878708,33.005943318819924,33.01577796125417,0.8250667870537072,20.999999999999996,0.014490773746587138
125.80000000000001,50.686418753005064,3.742102929268311,94.7733970725351,33.00664579327952,33.01633415237321,0.824367977754747,21.0,0.014231310778853867
125.85000000000001,50.611525114359935,4.638981373033403,95.78723479624199,33.00733781892907,33.01688083068729,0.8236817102110123,21.0,0.013976185979203137
125.9,50.52077393800619,5.534394252095576,96.80109932560268,33.00801946262609,33.017418117110196,0.8230077723933391,21.000000000000007,0.013725350874693731
125.95,50.41419321985654,6.428061164607563,97.81499025888282,33.00869079508924,33.01794613311562,0.8223459547566065,20.999999999999996,0.013478756353464405
126.0,50.291815920985826,7.31970223405261,98.82890719706889,33.00935189066255,33.018465000619,0.8216960502649684,20.999999999999996,0.013236352734651291
126.05000000000001,50.153679957859765,8.209038197393369,99.84284974400899,33.010002827088016,33.01897484186491,0.8210578544139295,20.999999999999993,0.012998089832763071
126.10000000000001,49.9998281909909,9.095790493038171,100.8568175065449,33.01064368528636,33.0194757793197,0.8204311652493885,20.999999999999996,0.012763917020777171
126.15,49.83030841202524,9.979681348596387,101.87081009463577,33.01127454914589,33.019967935569184,0.819815783383909,21.000000000000007,0.01253378329082011
126.2,49.64517332926383,10.860433868394614,102.88482712147346,33.01189550531898,33.020451433221346,0.8192115120101136,20.999999999999996,0.012307637309589836
126.25,49.44448055162379,11.737772120725564,103.89886820359011,33.01250664302629,33.02092639481371,0.8186181569116044,21.0,0.012085427475909682
126.30000000000001,49.228292571044136,12.611421224801619,104.91293296095802,33.01310805386825,33.02139294272547,0.8180355264712702,20.999999999999996,0.011867101970182148
126.35000000000001,48.99667674334188,13.4811074373851,105.92702101708231,33.01369983164377,33.021851199093895,0.8174634316772895,21.0,0.011652608806684839
126.4,48.74970526752471,14.34655823906749,106.94113199908661,33.01428207217592,33.022301285735296,0.8169016861268474,20.999999999999996,0.01144189587961364
126.45,48.487455163566835,15.207502420169892,107.95526553779177,33.01485487314445,33.022743324069914,0.8163501060276559,20.999999999999996,0.011234911008841664
126.5,48.210008248655186,16.06367016623722,108.96942126778848,33.01541833392484,33.023177435050926,0.815808510197499,20.999999999999996,0.011031601983830797
126.55000000000001,47.9174511119136,16.91479314309871,109.98359882750309,33.01597255543385,33.02360373909737,0.8152767200617461,21.0,0.01083191660313787
126.60000000000001,47.60987508761317,17.760604581467536,110.99779785925793,33.01651763998124,33.02402235603081,0.8147545596490602,21.0,0.010635802715057707
126.65,47.28737622687735,18.600839361052444,112.01201800932569,33.017053691127636,33.024433405015586,0.8142418555853581,20.999999999999996,0.010443208253718694
126.7,46.95005526789092,19.435234094154513,113.02625892797828,33.0175808135482,33.024837004502466,0.8137384370860659,20.999999999999996,0.010254081274041482
126.75,46.59801760462245,20.263527208722344,114.04052026953043,33.01809911290208,33.0252332721759,0.8132441359468245,20.999999999999996,0.010068369985845038
126.80000000000001,46.231373254070256,21.085459030839093,115.0548016923782,33.01860869570736,33.0256223249042,0.8127587865327044,20.999999999999996,0.00988602278482631
126.85000000000001,45.85023682204243,21.90077186661509,116.06910285903263,33.019109669221415,33.02600427869316,0.8122822257659976,21.0,0.009706988282403017
126.9,45.454727467481945,22.70921008345986,117.08342343614888,33.01960214132654,33.02637924864232,0.8118142931127039,20.999999999999996,0.009531215334135368
126.95,45.04496886534821,23.510520190707613,118.09776309455073,33.020086220420524,33.02674734890447,0.811354830567744,21.0,0.009358653065874023
127.0,44.62108916806717,24.304450919570616,119.11212150925107,33.02056201531223,33.02710869264769,0.8109036826390081,21.0,0.009189250899197532
127.05000000000001,44.18322096556215,25.090753302394823,120.12649835946797,33.021029635121906,33.027463392020174,0.8104606963303098,20.999999999999996,0.009022958574718132
127.10000000000001,43.73150124387834,25.869180751192655,121.14089332863725,33.02148918918606,33.027811558117634,0.8100257211232815,21.0,0.008859726173966465
127.15,43.26607134241421,26.639489135427883,122.15530610442127,33.02194078696689,33.028153300953015,0.8095986089582894,20.999999999999996,0.00869950414056575
127.2,42.78707690977353,27.401436859027893,123.16973637871403,33.0223845379659,33.02848872942882,0.8091792142145096,21.00000000000001,0.008542243299842767
127.25,42.29466785825217,28.154784936598833,124.18418384764315,33.02282055164182,33.02881795131154,0.8087673936890738,21.0,0.008387894875596658
127.30000000000001,41.78899831697418,28.89929706881946,125.19864821156835,33.02324893733252,33.02914107320829,0.8083630065754832,20.999999999999996,0.008236410508715153
127.35000000000001,41.270226583692256,29.63473971698971,126.21312917507734,33.02366980418079,33.02945820054559,0.8079659144412759,21.0,0.008087742271811749
127.4,40.73851507526795,30.36088217671035,127.22762644697846,33.024083261063986,33.02976943755006,0.8075759812050265,20.999999999999996,0.007941842684147105
127.45,40.19403027684742,31.077496650670344,128.24213974029075,33.024489416527274,33.03007488723111,0.8071930731127281,21.0,0.007798664724987248
127.5,39.636942689749084,31.784358320518805,129.2566687722312,33.024888378720405,33.0303746513656,0.8068170587135484,21.0,0.007658161845967015
127.55000000000001,39.06742677807968,32.481245417798824,130.27121326420001,33.02528025533792,33.03066883048391,0.8064478088351947,20.999999999999996,0.007520287983595608
127.60000000000001,38.485660914095895,33.16793929392064,131.28577294176304,33.025665153562635,33.03095752385798,0.8060851965586195,20.999999999999996,0.00738499756707256
127.65,37.89182732232892,33.84422448915201,132.30034753463235,33.0260431800123,33.031240829490876,0.8057290971924687,21.0,0.0072522455315038314
127.7,37.286112022489824,34.50988880060399,133.31493677664452,33.026414440689344,33.03151884410789,0.8053793882469975,20.999999999999996,0.00712198732301772
127.75,36.668704771173886,35.164723349190496,134.32954040573705,33.026779040933526,33.03179166314915,0.8050359494077455,21.0,0.006994178909422999
127.80000000000001,36.039799002382516,35.808522645540634,135.34415816392308,33.027137085377504,33.03205938076348,0.8046986625088479,21.0,0.006868776785040609
127.85000000000001,35.39959176688169,36.4410846548428,136.35878979726414,33.02748867790507,33.03232208980372,0.8043674115060426,20.999999999999996,0.006745737977951194
127.9,34.74828367041622,37.062210860600146,137.3734350558413,33.027833921612114,33.03257988182343,0.80404208244952,21.0,0.006625020056105768
127.95,34.086078810799506,37.671706327277306,138.38809369372515,33.02817291877007,33.032832847074445,0.8037225634565104,21.0,0.006506581130452105
128.0,33.41318471389884,38.26937976181848,139.4027654689436,33.02850577079181,33.03308107450602,0.8034087446837077,21.0,0.006390379860192752
128.05,32.72981226853655,38.85504357401756,140.41745014344949,33.02883257819997,33.03332465176465,0.8031005182995585,21.0,0.006276375456053529
128.1,32.036175660327736,39.428513935721256,141.43214748308563,33.02915344059745,33.03356366519529,0.8027977784564584,20.999999999999996,0.006164527682983589
128.15,31.332492304475622,39.989610838846474,142.44685725754982,33.02946845664015,33.03379819984324,0.8025004212628417,20.999999999999996,0.006054796862002831
128.20000000000002,30.61898277754584,40.53815815219368,143.46157924035822,33.0297777240118,33.03402833945725,0.8022083447552077,21.0,0.005947143872333527
128.25,29.895870748241347,41.07398367703842,144.47631320880785,33.030081339400766,33.03425416649332,0.8019214488701323,21.0,0.005841530152679297
128.3,29.16338290719996,41.59691920148338,145.49105894393827,33.03037939847881,33.03447576211932,0.8016396354162936,20.999999999999996,0.005737917701509332
128.35,28.421748895836732,42.106800553553924,146.50581623049226,33.030671995881704,33.034693206220524,0.8013628080464557,20.999999999999996,0.00563626907677417
128.4,27.671201234253825,42.60346765302039,147.52058485687593,33.030959225191616,33.034906577405884,0.8010908722295511,20.999999999999996,0.005536547396758351
128.45000000000002,26.911975248240683,43.08676456193081,148.53536461511817,33.031241178921206,33.035115953014774,0.8008237352227994,20.999999999999996,0.005438716338090899
128.5,26.14430899538767,43.55653953383823,149.55015530082912,33.03151794849932,33.03532140912475,0.8005613060438677,20.999999999999996,0.005342740135034774
128.55,25.3684431903366,44.012645061707005,150.56495671315858,33.03178962425828,33.035523020559594,0.8003034954431882,20.999999999999996,0.005248583578634225
128.6,24.584621129191824,44.45493792448319,151.57976865475345,33.03205629542266,33.03572086089824,0.8000502158763538,21.0,0.0051562120135884015
128.65,23.793088613115852,44.88327923231427,152.59459093171515,33.032318050099484,33.03591500248393,0.799801381476648,21.0,0.005065591336688158
128.70000000000002,22.99409387113366,45.29753447040404,153.6094233535564,33.0325749752698,33.03610551643412,0.7995569080277392,21.0,0.004976687994115991
128.75,22.187887482170165,45.6975735414889,154.62426573315753,33.032827156781536,33.03629247265084,0.799316712936502,20.999999999999996,0.004889468978177547
128.8,21.374722296345503,46.08327080692222,155.6391178867231,33.03307467934363,33.036475939831284,0.7990807152060526,21.000000000000007,0.0048039018247436616
128.85,20.554853355553053,46.45450512635385,156.6539796337375,33.033317626521324,33.03665598547905,0.7988488354089256,21.000000000000007,0.004719954608987109
128.9,19.7285378133453,46.811159895992375,157.6688507969209,33.03355608073259,33.03683267591575,0.7986209956605066,20.999999999999996,0.004637595942540429
128.95000000000002,18.896034854152894,47.15312308543809,158.68373120218507,33.03379012324567,33.03700607629264,0.7983971195926145,20.999999999999996,0.004556794968380018
129.0,18.057605611862417,47.48028727307515,159.69862067858867,33.0340198341776,33.03717625060311,0.7981771323273676,20.999999999999996,0.004477521357841852
129.05,17.213513087778644,47.79254968001182,160.71351905829292,33.03424529249371,33.037343261694986,0.7979609604511992,20.999999999999996,0.0043997453049371416
129.1,16.36402206799717,48.08981220255819,161.72842617651708,33.03446657600809,33.03750717128333,0.797748531989221,20.999999999999996,0.004323437523368057
129.15,15.50939904021356,48.37198144323119,162.74334187149378,33.03468376138489,33.03766803996351,0.7975397763797218,20.999999999999996,0.004248569239564404
129.20000000000002,14.649912109995258,48.63896874027717,163.75826598442475,33.034896924140504,33.03782592722438,0.7973346244490003,20.999999999999996,0.004175112189983565
129.25,13.785830916542723,48.890690195702895,164.77319835943644,33.0351061386465,33.03798089146167,0.797133008386453,21.0,0.004103038614431398
129.3,12.917426547966395,49.12706670180608,165.78813884353545,33.035311478133295,33.03813298999169,0.7969348617198619,21.0,0.004032321250946325
129.35,12.044971456106214,49.34802396619728,166.80308728656473,33.03551301469461,33.0382822790651,0.7967401192910657,21.000000000000007,0.003962933331820295
129.4,11.168739370920608,49.553492535305274,167.81804354115954,33.0357108192925,33.038428813880614,0.7965487172318362,21.0,0.003894848575924925
129.45000000000002,10.28900521447194,49.74340781635856,168.83300746270353,33.03590496176307,33.03857264859928,0.7963605929400472,21.000000000000007,0.0038280411845903473
129.5,9.40604501453557,49.91771009783625,169.84797890928533,33.036095510822804,33.038713836358404,0.796175685056177,20.999999999999996,0.0037624858357787616
129.55,8.520135817859785,50.07634456838179,170.8629577416552,33.03628253407535,33.038852429285875,0.7959939334400445,21.0,0.0036981576774053337
129.6,7.631555603103943,50.21926133417385,171.87794382318194,33.036466098018956,33.038988478514355,0.7958152791479094,21.0,0.0036350323226486125
129.65,6.740583193482305,50.34641543474875,172.8929370198101,33.03664626805434,33.03912203419571,0.795639664409812,20.999999999999996,0.0035730858427029943
129.70000000000002,5.84749816914108,50.457766857269675,173.9079372000177,33.03682310849301,33.03925314551516,0.7954670326072559,21.0,0.0035122947619470324
129.75,4.95258077929633,50.55328054923822,174.92294423477384,33.03699668256602,33.039381860705866,0.7952973282511877,20.999999999999996,0.0034526360511222265
129.8,4.056111854160409,50.632926429644215,175.93795799749694,33.037167052433155,33.0395082270633,0.7951304969602759,21.0,0.003394087121364464
129.85,3.158372716684704,50.69667939855059,176.95297836401346,33.03733427919245,33.03963229095948,0.7949664854395024,21.0,0.0033366258182354613
129.9,2.259645094146496,50.74451934511014,177.96800521251666,33.037498422890096,33.03975409785745,0.7948052414590663,21.0,0.003280230415469987
129.95000000000002,1.3602110296077865,50.77643115401182,178.98303842352584,33.037659542530626,33.03987369232571,0.7946467138336217,21.0,0.0032248796087230858
130.0,0.4603527932739935,50.79240471035458,179.99807787984616,33.037817696087416,33.03999111805232,0.7944908524017507,21.000000000000007,0.003170552508890978
130.05,-0.4396472062195662,50.79243490294735,-178.9868765334713,33.037972940513484,33.04010641785932,0.7943376080058826,21.0,0.0031172286374214764
130.1,-1.3395065105654618,50.776521626034004,-177.9718249291692,33.038125331752475,33.040219633716944,0.794186932472364,21.0,0.0030648879173611476
130.15,-2.238942700558252,50.74466977944306,-176.9567674178228,33.038274924749935,33.04033080675762,0.7940387785919683,21.0,0.0030135106703710335
130.20000000000002,-3.137673484856951,50.69688926716194,-175.9417041078786,33.03842177346477,33.04043997729015,0.7938931001006679,20.999999999999993,0.0029630776079159205
130.25,-4.035416788707907,50.633194994336435,-174.92663510569272,33.03856593088087,33.0405471848137,0.7937498516607064,20.999999999999996,0.0029135698260063236
130.3,-4.931890842600165,50.55360686269622,-173.9115605155685,33.03870744901893,33.04065246803156,0.7936089888419886,20.999999999999996,0.0028649687992299278
130.35,-5.826814270825404,50.45814976440811,-172.8964804397939,33.038846378948406,33.04075586486513,0.7934704681037985,21.0,0.0028172563743567025
130.4,-6.7199061799145685,50.346853574358896,-171.8813949786781,33.038982770799606,33.04085741246745,0.7933342467768014,20.999999999999996,0.0027704147638019094
130.45000000000002,-7.610886246923369,50.21975314087028,-170.86630423058813,33.03911667377587,33.04095714723689,0.7932002830453442,21.0,0.00272442653994176
130.5,-8.499474807538856,50.07688827484895,-169.85120829198465,33.039248136165945,33.04105510483053,0.7930685359300966,21.0,0.0026792746291448566
130.55,-9.385392943979362,49.91830373737514,-168.83610725745737,33.039377205356274,33.04115132017763,0.7929389652709347,21.0,0.0026349423049509824
130.6,-10.268362572660118,49.74404922573379,-167.8210012197599,33.03950392784352,33.04124582749268,0.7928115317102069,21.0,0.0025914131832394105
130.65,-11.14810653159701,49.554179357892565,-166.80589026984438,33.039628349247025,33.04133866028865,0.7926861966762075,21.0,0.0025486712145550428
130.70000000000002,-12.024348667520934,49.34875365543184,-165.7907744968953,33.039750514321426,33.04142985138987,0.7925629223669901,20.999999999999996,0.0025067006799872615
130.75,-12.896813922675372,49.12783652493196,-164.77565398836308,33.03987046696917,33.04151943294479,0.7924416717345082,20.999999999999996,0.0024654861843487197
130.8,-13.76522842126988,48.89149723782368,-163.760528829997,33.039988250253145,33.041607436438824,0.7923224084689409,20.999999999999996,0.0024250126496383473
130.85,-14.629319555562288,48.63980990870825,-162.74539910587777,33.040103906409264,33.04169389270672,0.7922050969834373,20.999999999999996,0.0023852653113465294
130.9,-15.488816071542555,48.37285347215393,-161.73026489844952,33.04021747685908,33.04177883194499,0.792089702399025,20.999999999999993,0.002346229710070702
130.95000000000002,-16.343448154191307,48.09071165797627,-160.71512628855137,33.04032900222236,33.04186228372421,0.7919761905298799,21.0,0.0023078916882468548
131.0,-17.19294751228627,47.79347296501008,-159.69998335544844,33.04043852232964,33.04194427700101,0.7918645278688317,21.0,0.002270237382901996
131.05,-18.03704746272992,47.48123063338122,-158.6848361768625,33.04054607623473,33.04202484013005,0.7917546815731811,21.0,0.0022332532209645706
131.1,-18.87548301437184,47.15408261528711,-157.6696848290019,33.04065170222726,33.04210400087572,0.7916466194507379,20.999999999999996,0.0021969259130116825
131.15,-19.707990951299422,46.8121315442951,-156.6545293865914,33.040755437845,33.042181786423846,0.7915403099461855,20.999999999999996,0.0021612424488637316
131.20000000000002,-20.534309915570713,46.455484703168445,-155.639369922901,33.04085731988634,33.04225822339307,0.7914357221276305,21.0,0.0021261900910474196
131.25,-21.35418048936345,46.08425399023003,-154.62420650977484,33.04095738442254,33.04233333784613,0.7913328256735497,20.999999999999996,0.002091756371100928
131.3,-22.167345276514393,45.6985558842744,-153.60903921765922,33.04105566680994,33.04240715530104,0.7912315908598089,21.0,0.002057929081615839
131.35,-22.97354898342335,45.298511408039246,-152.59386811563036,33.04115220170217,33.04247970074199,0.7911319885471144,21.0,0.0020246962748160513
131.4,-23.772538499296484,44.88424609024784,-151.57869327142157,33.04124702306215,33.04255099863021,0.7910339901686001,21.0,0.001992046253889157
131.45000000000002,-24.564062975703656,44.455889926234356,-150.56351475145001,33.04134016417416,33.04262107291448,0.7909375677177337,20.999999999999993,0.0019599675702863806
131.5,-25.347873905424795,44.01357733716449,-149.54833262084304,33.04143165765561,33.04268994704175,0.790842693736387,20.999999999999996,0.0019284490173276936
131.55,-26.12372520056052,43.55744712786432,-148.53314694346395,33.04152153546891,33.04275764396733,0.790749341303254,20.999999999999993,0.0018974796269333183
131.6,-26.891373269882486,43.08764244327054,-147.51795778193747,33.04160982893308,33.04282418616505,0.7906574840223826,20.999999999999996,0.0018670486626604088
131.65,-27.6505770953991,42.604310723515944,-146.5027651976745,33.04169656873536,33.04288959563729,0.790567096012083,20.999999999999996,0.0018371456174293144
131.70000000000002,-28.4010983081126,42.10760365766419,-145.48756925089685,33.04178178494264,33.042953893924775,0.7904781518939004,20.999999999999996,0.0018077602059918263
131.75,-29.142701262943643,41.597677136108516,-144.47237000066096,33.041865507012794,33.04301710211611,0.7903906267819707,20.999999999999996,0.001778882363652201
131.8,-29.875153112799865,41.07469120164928,-143.45716750488182,33.04194776380589,33.043079240857395,0.790304496272519,20.999999999999996,0.001750502238593299
131.85,-30.59822388176519,40.538809999265865,-142.44196182035589,33.04202858359528,33.04314033036149,0.7902197364335493,20.999999999999993,0.0017226101890344125
131.9,-31.31168653738681,39.99020172459864,-141.4267530027838,33.042107994078584,33.04320039041719,0.790136323794826,20.999999999999996,0.0016951967793943368
131.95000000000002,-32.01531706203718,39.429038571157285,-140.41154110679298,33.042186022388485,33.04325944039821,0.7900542353380189,20.999999999999996,0.0016682527744649178
132.0,-32.708894523328595,38.85549667627205,-139.39632618595917,33.04226269510346,33.043317499272,0.7899734484870891,20.999999999999996,0.0016417691361425568
132.05,-33.392201143558225,38.269756065804955,-138.38110829282812,33.04233803825836,33.0433745856085,0.7898939410988177,20.999999999999996,0.0016157370185965192
132.1,-34.06502236816175,37.6720005976384,-137.36588747893654,33.0424120773548,33.04343071758855,0.7898156914536187,20.999999999999996,0.0015901477654267637
132.15,-34.727146933154145,37.062417903958845,-136.35066379483285,33.0424848373715,33.04348591301234,0.7897386782464793,21.0,0.0015649929039796007
132.20000000000002,-35.37836693153644,36.44119933235384,-135.33543729009736,33.04255634277441,33.04354018930762,0.7896628805781418,20.999999999999996,0.0015402641427897379
132.25,-36.018477878647495,35.8085398857409,-134.32020801336216,33.042626617526786,33.04359356353773,0.78958827794645,20.999999999999996,0.0015159533667485903
132.3,-36.64727877644036,35.16463816114708,-133.30497601233066,33.042695685099,33.04364605240945,0.7895148502379143,20.999999999999993,0.0014920526338357831
132.35,-37.26457217666298,34.50969628735858,-132.2897413337966,33.042763568478314,33.04369767228086,0.7894425777193916,21.0,0.0014685541707137872
132.4,-37.87016424292343,33.843919861459916,-131.2745040236628,33.0428302901785,33.04374843916891,0.7893714410300348,21.0,0.0014454503704541821
132.45000000000002,-38.46386481162012,33.16751788428272,-130.2592641269595,33.04289587224924,33.043798368756796,0.7893014211733629,20.999999999999996,0.0014227337871375312
132.5,-39.04548745171791,32.480702694784355,-129.2440216878624,33.042960336285496,33.043847476401446,0.7892324995095024,20.999999999999996,0.0014003971334375365
132.55,-39.61484952335132,31.783689903377113,-128.22877674971022,33.04302370343664,33.04389577714045,0.7891646577476621,20.999999999999996,0.0013784332772104335
132.6,-40.171772235236375,31.076698324228822,-127.21352935502195,33.043085994415485,33.0439432856993,0.7890978779386728,20.999999999999996,0.0013568352368054093
132.65,-40.7160807008732,30.35994990655628,-126.19827954551378,33.043147229507184,33.043990016498164,0.7890321424677822,21.000000000000007,0.0013355961797856253
132.70000000000002,-41.24760399352151,29.63366966493305,-125.18302736211572,33.04320742857797,33.04403598365864,0.7889674340475707,21.0,0.0013147094178123098
132.75,-41.766175199931915,28.89808560863353,-124.16777284498781,33.04326661108373,33.044081201010414,0.7889037357110098,21.0,0.0012941684042289126
132.8,-42.271631472816054,28.153428670035577,-123.152516033536,33.043324796078494,33.044125682097665,0.7888410308047256,20.999999999999996,0.001273966731218934
132.85,-42.7638140820391,27.399932632104125,-122.13725696642767,33.04338200222272,33.044169440185435,0.7887793029823627,21.0,0.0012540981256847772
132.9,-43.24256846451856,26.637834054978626,-121.12199568160703,33.043438247791485,33.04421248826585,0.7887185361981182,21.0,0.0012345564472582282
132.95000000000002,-43.70774427281375,25.86737220168742,-120.10673221630995,33.04349355068251,33.04425483906419,0.7886587147004107,20.999999999999996,0.0012153356848898511
133.0,-44.15919542239056,25.08878896301234,-119.09146660707852,33.04354792842406,33.04429650504482,0.7885998230257272,20.999999999999996,0.0011964299541489254
133.05,-44.59678013754682,24.30232878152722,-118.07619888977555,33.04360139818269,33.044337498417065,0.7885418459925546,20.999999999999996,0.0011778334936707324
133.1,-45.02036099598374,23.508238574834145,-117.06092909959841,33.043653976770855,33.04437783114083,0.7884847686954899,21.0,0.0011595406634512528
133.15,-45.42980497200939,22.706767658021626,-116.04565727109288,33.043705680654426,33.044417514932256,0.7884285764994559,21.0,0.0011415459412944529
133.20000000000002,-45.82498347836087,21.89816766536901,-115.03038343816648,33.043756525959985,33.044456561269165,0.7883732550340667,20.999999999999996,0.001123843920680656
133.25,-46.20577240663171,21.082692471321792,-114.01510763410168,33.04380652848207,33.04449498139634,0.7883187901881286,21.000000000000007,0.001106429307782264
133.3,-46.57205216629208,20.260598110762654,-112.99982989156875,33.043855703690234,33.044532786330834,0.788265168104239,20.999999999999996,0.0010892969187636936
133.35,-46.92370772228945,19.432142698603265,-111.98455024263838,33.04390406673598,33.04456998686703,0.7882123751735008,21.000000000000007,0.0010724416777918577
133.4,-47.260628631217855,18.597586348722167,-110.96926871879394,33.04395163245963,33.04460659358167,0.7881603980304277,21.0,0.0010558586147624283
133.45000000000002,-47.58270907604448,17.757191092274176,-109.95398535094361,33.04399841539692,33.044642616838686,0.7881092235478562,20.999999999999996,0.0010395428614629054
133.5,-47.88984789938263,16.911220795397,-108.93870016943215,33.04404442978562,33.04467806679408,0.788058838832093,21.0,0.0010234896514305092
133.55,-48.18194863530062,16.059941076340937,-107.92341320405244,33.04408968957194,33.04471295340048,0.7880092312180551,21.00000000000001,0.0010076943152625972
133.6,-48.458919539656655,15.203619222047706,-106.90812448405677,33.044134208416835,33.0447472864118,0.7879603882646222,20.999999999999993,0.0009921522807587735
133.65,-48.72067361895009,14.34252410420459,-105.89283403816799,33.04417799970219,33.04478107538768,0.787912297750033,20.999999999999993,0.0009768590686576317
133.70000000000002,-48.967128657680064,13.476926094800337,-104.87754189459018,33.04422107653687,33.04481432969788,0.7878649476673942,21.000000000000007,0.0009618102917841043
133.75,-49.198207244202976,12.607096981209297,-103.86224808101936,33.04426345176266,33.04484705852644,0.7878183262203393,20.999999999999993,0.0009470016527757252
133.8,-49.41383679508053,11.733309880830523,-102.84695262465372,33.04430513796007,33.04487927087602,0.7877724218187154,20.999999999999996,0.0009324289410983511
133.85,-49.61394957791086,10.85583915530864,-101.83165555220386,33.044346147454064,33.044910975571796,0.7877272230744055,20.999999999999996,0.0009180880324777263
133.9,-49.798482732635485,9.974960324363444,-100.8163568899026,33.04438649231962,33.044942181265576,0.7876827187972779,20.999999999999996,0.0009039748861994212
133.95000000000002,-49.96737829131544,9.090949979255319,-99.80105666351474,33.044426184387184,33.04497289643965,0.787638897991151,20.999999999999996,0.000890085542550878
134.0,-50.12058319637033,8.204085695913655,-98.78575489834651,33.044465235248076,33.04500312941056,0.7875957498499346,21.0,0.0008764161225371936
134.05,-50.258049317274654,7.314645947755569,-97.77045161925486,33.04450365625968,33.0450328883329,0.787553263753793,20.999999999999993,0.000862962824328406
134.1,-50.37973346570608,6.422910018222325,-96.75514685065642,33.044541458550626,33.045062181202795,0.7875114292654217,20.999999999999993,0.0008497219228331687
134.15,-50.485597409141,5.529157913060939,-95.73984061653653,33.04457865302578,33.045091015861594,0.7874702361264383,20.999999999999996,0.000836689767425014
134.20000000000002,-50.57560788289302,4.633670272378536,-94.72453294045779,33.044615250371194,33.045119399999265,0.7874296742537936,20.999999999999996,0.000823862779668616
134.25,-50.64973660059065,3.7367282824970807,-93.7092238455686,33.04465126105892,33.04514734115775,0.787389733736326,21.0,0.0008112374528934652
134.3,-50.70796026309092,2.838613587636199,-92.69391335461142,33.04468669535169,33.04517484673431,0.7873504048313222,21.0,0.0007988103493516974
134.35,-50.75026056582609,1.9396082014518263,-91.67860148993093,33.04472156330759,33.04520192398475,0.7873116779612772,20.999999999999996,0.0007865781000759853
134.4,-50.776624204581175,1.0399944184584846,-90.66328827348185,33.044755874784535,33.04522858002652,0.7872735437105689,21.0,0.000774537400900499
134.45000000000002,-50.787042879700465,0.14005472536302022,-89.64797372683691,33.04478963944468,33.0452548218418,0.7872359928223531,20.999999999999996,0.0007626850141662089
134.5,-50.781513298721734,-0.7599282876623368,-88.63265787119416,33.04482286675876,33.045280656280546,0.7871990161954301,20.999999999999996,0.0007510177643155203
134.55,-50.760037177437304,-1.6596720157397136,-87.61734072738463,33.04485556601031,33.045306090063406,0.7871626048812317,20.999999999999996,0.0007395325384607077
134.6,-50.72262123938163,-2.558893928050248,-86.60202231587947,33.04488774629982,33.045331129784486,0.7871267500808798,20.999999999999996,0.0007282262839680698
134.65,-50.669277213745616,-3.4573116565757624,-85.58670265679704,33.04491941654872,33.04535578191426,0.7870914431422733,21.0,0.0007170960070368437
134.70000000000002,-50.60002183171823,-4.354643084789576,-84.5713817699099,33.04495058550341,33.04538005280226,0.787056675557281,21.0,0.000706138772130771
134.75,-50.51487682125668,-5.250606436268587,-83.55605967465156,33.04498126173904,33.0454039486797,0.7870224389589566,20.999999999999996,0.0006953516998464693
134.8,-50.41386890028672,-6.144920363198794,-82.54073639012314,33.04501145366337,33.0454274756621,0.7869887251188743,21.0,0.0006847319664871065
134.85,-50.297029768335264,-7.037304034746425,-81.5254119350998,33.045041169520424,33.04545063975177,0.786955525944478,21.0,0.0006742768016465561
134.9,-50.16439609659791,-7.927477225266938,-80.51008632803718,33.04507041739409,33.045473446840404,0.7869228334764742,21.000000000000007,0.0006639834879251794
134.95000000000002,-50.01600951644456,-8.815160402324155,-79.49475958707751,33.045099205211685,33.04549590271137,0.7868906398863587,20.999999999999996,0.0006538493600771744
135.0,-49.851916606366665,-9.70007481449189,-78.4794317300558,33.04512754074738,33.04551801304209,0.7868589374739372,21.0,0.0006438718023105139
135.05,-49.672168877370254,-10.581942578910475,-77.4641027745056,33.045155431625574,33.04553978340638,0.7868277186648882,20.999999999999996,0.0006340482484290533
135.1,-49.47682275681935,-11.460486768570682,-76.448772737665,33.0451828853242,33.045561219276635,0.7867969760084463,21.0,0.0006243761809798798
135.15,-49.26593957073482,-12.335431499297622,-75.43344163648216,33.04520990917795,33.04558232602611,0.786766702175079,21.0,0.000614853128837467
135.20000000000002,-49.03958552455422,-13.206502016407269,-74.41810948762091,33.045236510381386,33.04560310893092,0.78673688995422,21.0,0.0006054766673457834
135.25,-48.79783168235871,-14.073424781008425,-73.40277630746623,33.045262695992065,33.04562357317224,0.786707532252116,21.000000000000007,0.0005962444171814241
135.3,-48.54075394457359,-14.935927555922966,-72.38744211212948,33.04528847293351,33.04564372383832,0.7866786220896245,21.0,0.0005871540420798738
135.35,-48.268433024149346,-15.793739491197414,-71.37210691745364,33.04531384799814,33.04566356592636,0.7866501526001386,20.999999999999996,0.0005782032498302669
135.4,-47.98095442123087,-16.64659120917894,-70.3567707390184,33.04533882785015,33.0456831043446,0.7866221170275054,21.0,0.0005693897897174338
135.45000000000002,-47.678408396322666,-17.494214889129097,-69.34143359214512,33.045363419028334,33.045702343914144,0.7865945087240291,21.0,0.0005607114526640089
135.5,-47.36088994195856,-18.33634435134867,-68.32609549190163,33.04538762794874,33.04572128937073,0.7865673211484889,21.0,0.0005521660695251285
135.55,-47.02849875288477,-19.17271514078725,-67.3107564531071,33.04541146090746,33.04573994536669,0.7865405478642273,20.999999999999996,0.0005437515108042135
135.6,-46.68133919476574,-20.00306461011122,-66.29541649033662,33.04543492408312,33.04575831647252,0.786514182537239,20.999999999999996,0.000535465685231884
135.65,-46.31952027142254,-20.827132002204102,-65.28007561792575,33.0454580235395,33.04577640717874,0.7864882189343518,20.999999999999996,0.0005273065397659593
135.70000000000002,-45.94315559061416,-21.64465853207332,-64.26473384997497,33.04548076522802,33.04579422189747,0.7864626509214148,20.999999999999996,0.0005192720577440468
135.75,-45.55236332837243,-22.45538746813764,-63.249391200354125,33.04550315499012,33.04581176496416,0.7864374724615075,21.0,0.0005113602587414334
135.8,-45.14726619190176,-23.259064212869788,-62.23404768270657,33.045525198559695,33.045829040639035,0.7864126776132494,20.999999999999996,0.0005035691981447599
135.85,-44.72799138105541,-24.055436382768864,-61.21870331045333,33.04554690156536,33.04584605310879,0.7863882605290939,21.0,0.0004958969651625011
135.9,-44.294670548400326,-24.844253887637453,-60.203358096797324,33.045568269532744,33.04586280648801,0.7863642154536592,21.0,0.0004883416831091836
135.95000000000002,-43.84743975788313,-25.62526900913854,-59.18801205472723,33.045589307886694,33.04587930482074,0.7863405367221361,21.0,0.00048090150869484205
136.0,-43.38643944211024,-26.398236478607533,-58.172665197021416,33.04561002195341,33.04589555208178,0.7863172187586827,20.999999999999996,0.000473574630461826
136.05,-42.91181435825556,-27.16291355409492,-57.15731753625181,33.04563041696258,33.04591155217829,0.7862942560748536,21.0,0.0004663592690690166
136.1,-42.42371354260959,-27.919060096615443,-56.141969084787554,33.04565049804942,33.04592730895092,0.7862716432681367,21.0,0.0004592536765812838
136.15,-41.92229026378418,-28.666438645579735,-55.126619854798776,33.04567027025667,33.045942826175455,0.7862493750204109,20.999999999999996,0.0004522561343378584
136.20000000000002,-41.4077019745877,-29.404814493384794,-54.11126985826009,33.04568973853659,33.045958107563806,0.7862274460965111,21.0,0.0004453649545155258
136.25,-40.88011026258577,-30.133955759139834,-53.09591910695411,33.04570890775282,33.04597315676551,0.7862058513428138,21.000000000000007,0.0004385784779969981
136.3,-40.33968079936292,-30.853633461504344,-52.08056761247498,33.04572778268229,33.04598797736894,0.7861845856857954,20.999999999999996,0.00043189507394458815
136.35,-39.786583288501376,-31.563621590615508,-51.065215386231614,33.045746368017056,33.04600257290237,0.7861636441307382,20.999999999999996,0.00042531314036864387
136.4,-39.220991412293074,-32.263697179082335,-50.04986243945098,33.04576466836601,33.046016946835366,0.7861430217603029,21.0,0.0004188311011432688
136.45000000000002,-38.643082777201776,-32.95364037202427,-49.03450878318148,33.04578268825668,33.046031102579846,0.7861227137332918,21.0,0.0004124474087063845
136.5,-38.05303885809239,-33.633234496132204,-48.01915442829596,33.0458004321369,33.04604504349119,0.7861027152833131,20.999999999999993,0.0004061605402227997
136.55,-37.45104494124503,-34.30226612773027,-47.003799385494816,33.04581790437649,33.04605877286941,0.7860830217175376,21.0,0.0003999689995737299
136.6,-36.83729006617169,-34.96052515981696,-45.988443665309056,33.04583510926884,33.046072293960144,0.7860636284154836,20.999999999999996,0.0003938713155093865
136.65,-36.211966966253826,-35.60780486806457,-44.97308727810324,33.04585205103251,33.0460856099558,0.7860445308277662,20.999999999999996,0.00038786604108054235
136.70000000000002,-35.5752720082195,-36.24390197575621,-43.95773023407844,33.045868733812746,33.04609872399655,0.7860257244749462,21.0,0.0003819517543490747
136.75,-34.92740513047911,-36.86861671763999,-42.94237254327496,33.04588516168301,33.04611163917127,0.7860072049463369,21.0,0.00037612705639844535
136.8,-34.26856978033903,-37.481752902680306,-41.92701421557526,33.04590133864646,33.046124358518675,0.785988967898902,21.0,0.0003703905721863521
136.85,-33.59897285011295,-38.08311797568656,-40.91165526070656,33.04591726863733,33.046136885028055,0.7859710090561123,20.999999999999996,0.00036474094869731744
136.9,-32.91882461215096,-38.672523077799866,-39.896295688243576,33.04593295552238,33.04614922164042,0.7859533242068721,20.999999999999996,0.0003591768557953401
136.95000000000002,-32.22833865280671,-39.249783105818835,-38.88093550761114,33.045948403102244,33.046161371249326,0.7859359092043974,21.0,0.0003536969848028093
137.0,-31.52773180536361,-39.81471677034578,-37.86557472808671,33.04596361511275,33.04617333670166,0.7859187599652486,20.999999999999996,0.00034830004949526483
137.05,-30.81722408194083,-40.36714665273501,-36.85021335880298,33.04597859522624,33.04618512079877,0.7859018724682016,21.0,0.0003429847829750088
137.1,-30.097038604400765,-40.90689926082541,-35.83485140875021,33.04599334705285,33.04619672629706,0.7858852427533094,21.0,0.0003377499409396023
137.15,-29.367401534279544,-41.43380508343978,-34.81948888677876,33.04600787414172,33.04620815590895,0.7858688669208931,21.0,0.00033259429784493477
137.20000000000002,-28.628542001762575,-41.94769864363372,-33.80412580160134,33.04602217998224,33.04621941230366,0.785852741130519,21.0,0.0003275166483263092
137.25,-27.88069203372752,-42.44841855067754,-32.78876216179547,33.046036268005196,33.046230498108024,0.7858368616001243,21.0,0.0003225158074826595
137.3,-27.124086480877228,-42.93580755075458,-31.773397975805608,33.046050141583976,33.04624141590723,0.7858212246050158,20.999999999999996,0.0003175906078922708
137.35,-26.35896294398557,-43.40971257636034,-30.758033251945427,33.04606380403563,33.04625216824562,0.7858058264769667,20.999999999999996,0.00031273990217073333
137.4,-25.585561699279314,-43.8699847943866,-29.742667998400076,33.04607725862206,33.04626275762735,0.7857906636033434,20.999999999999996,0.00030796256098142294
137.45000000000002,-24.80412562297949,-44.316479652875636,-28.727302223228186,33.04609050855101,33.04627318651725,0.7857757324261812,21.0,0.0003032574724670667
137.5,-24.01490011502596,-44.74905692642972,-27.711935934364043,33.046103556977165,33.04628345734138,0.785761029441332,20.999999999999996,0.0002986235432445028
137.55,-23.218133022009116,-45.167580760261785,-26.696569139619648,33.04611640700318,33.04629357248783,0.7857465511976187,21.0,0.00029405969698359513
137.6,-22.41407455933298,-45.571919712873196,-25.68120184668673,33.04612906168065,33.04630353430739,0.7857322942959897,21.0,0.00028956487426512467
137.65,-21.602977232634096,-45.96194679734544,-24.6658340631387,33.046141524011134,33.046313345114136,0.7857182553886872,21.0,0.0002851380325807895
137.70000000000002,-20.785095758480914,-46.33753952123266,-23.65046579643261,33.04615379694707,33.04632300718614,0.7857044311784591,20.999999999999996,0.00028077814604898776
137.75,-19.960686984378622,-46.69857992504248,-22.635097053911057,33.04616588339272,33.04633252276608,0.7856908184177698,21.000000000000007,0.00027648420456216627
137.8,-19.130009808104482,-47.04495461929312,-21.619727842804032,33.0461777862051,33.04634189406191,0.7856774139079761,20.999999999999996,0.0002722552137868206
137.85,-18.293325096399062,-47.37655482013507,-20.60435817023079,33.04618950819487,33.04635112324735,0.7856642144986381,20.999999999999996,0.0002680901958740378
137.9,-17.450895603038887,-47.6932763835262,-19.588988043201624,33.046201052127195,33.046360212462616,0.7856512170866949,20.999999999999996,0.00026398818675943403
137.95000000000002,-16.60298588631624,-47.99501983794952,-18.573617468619585,33.046212420722576,33.046369163814894,0.7856384186157896,21.000000000000007,0.00025994823886321683
138.0,-15.74986222595205,-48.2816904156634,-17.55824645328231,33.04622361665774,33.046377979378946,0.7856258160754948,21.0,0.0002559694181059058
138.05,-14.891792539467955,-48.553198082474275,-16.54287500388367,33.0462346425664,33.04638666119774,0.7856134065006373,21.000000000000007,0.0002520508058978521
138.1,-14.029046298043806,-48.809457566022694,-15.527503127015375,33.04624550104007,33.046395211282814,0.7856011869705668,20.999999999999996,0.000248191497149719
138.15,-13.161894441887053,-49.05038838257362,-14.51213082916871,33.04625619462884,33.04640363161494,0.7855891546085232,21.000000000000007,0.00024439060140935
138.20000000000002,-12.290609295140596,-49.275914862302734,-13.496758116736082,33.04626672584213,33.046411924144664,0.7855773065808904,20.999999999999996,0.0002406472408722493
138.25,-11.415464480355823,-49.485966173070665,-12.481384996012645,33.046277097149456,33.04642009079275,0.7855656400965927,21.0,0.00023696055265531868
138.3,-10.536734832557705,-49.6804763426778,-11.466011473197762,33.04628731098112,33.046428133450675,0.7855541524064051,20.999999999999996,0.00023332968595468628
138.35,-9.654696312928948,-49.859384279592604,-10.450637554396646,33.04629736972894,33.04643605398116,0.7855428408023428,20.999999999999996,0.0002297538037510094
138.4,-8.7696259221403,-50.02263379214694,-9.435263245621714,33.046307275746955,33.046443854218616,0.7855317026169999,20.999999999999996,0.00022623208124628036
138.45000000000002,-7.881801613354252,-50.17017360619243,-8.41988855279417,33.046317031352075,33.046451535969645,0.7855207352229598,21.0,0.00022276370685858637
138.5,-6.991502204929459,-50.301957381212205,-7.404513481745367,33.04632663882476,33.046459101013454,0.7855099360321702,20.999999999999996,0.00021934788080102408
138.55,-6.099007292853285,-50.4179437248831,-6.3891380382182685,33.04633610040966,33.04646655110235,0.78549930249536,20.999999999999996,0.00021598381579224224
138.6,-5.204597162930003,-50.51809620608362,-5.373762227868842,33.046345418316285,33.04647388796217,0.7854888321014286,20.999999999999996,0.0002126707362037905
138.65,-4.308552702752215,-50.60238336634362,-4.358386056267333,33.04635459471957,33.04648111329268,0.7854785223768772,20.999999999999996,0.0002094078786285536
138.70000000000002,-3.411155313483145,-50.67077872973221,-3.343009528899716,33.0463636317605,33.046488228768034,0.7854683708852548,20.999999999999996,0.00020619449102809995
138.75,-2.5126868214775264,-50.723260811180545,-2.3276326511689374,33.04637253154675,33.04649523603717,0.7854583752265754,21.0,0.00020302983244846473
138.8,-1.613429389768832,-50.759813123237144,-1.312255428396269,33.04638129615321,33.04650213672427,0.785448533036778,20.999999999999996,0.00019991317358858396
138.85,-0.7136654294506559,-50.780424181253444,-0.29687786582250236,33.04638992762257,33.04650893242904,0.7854388419872009,20.999999999999996,0.00019684379594764323
138.9,0.18632248901992,-50.78508750699803,0.7185000313907298,33.04639842796589,33.04651562472721,0.7854292997840275,21.0,0.00019382099154086063
138.95000000000002,1.08625172456911,-50.773801630698394,1.7338782581597816,33.04640679916313,33.04652221517089,0.7854199041677745,21.0,0.00019084406346792093
139.0,1.9858396542754875,-50.74657009150955,2.7492568094777727,33.04641504316368,33.0465287052889,0.785410652912752,21.0,0.0001879123250603243
139.05,2.8848037621334424,-50.70340143640944,3.764635680413368,33.046423161886906,33.04653509658724,0.7854015438266089,20.999999999999996,0.00018502510044982046
139.1,3.7828617277831493,-50.64430921752142,4.780014866109656,33.04643115722264,33.04654139054932,0.7853925747497925,21.0,0.0001821817228631062
139.15,4.67973151517918,-50.56931198786459,5.795394361783008,33.046439031031696,33.04654758863645,0.7853837435550588,20.999999999999996,0.00017938153632712783
139.20000000000002,5.575131461169905,-50.47843329553351,6.810774162721901,33.04644678514632,33.04655369228804,0.7853750481470101,20.999999999999996,0.0001766238946743215
139.25,6.4687803639598656,-50.37170167630894,7.826154264285881,33.046454421370726,33.0465597029221,0.785366486461605,21.0,0.00017390816097417883
139.3,7.360397571427323,-50.24915064470196,8.841534661904415,33.04646194148154,33.04656562193542,0.7853580564656966,20.999999999999996,0.00017123370810168126
139.35,8.24970306926925,-50.11081868343443,9.856915351075871,33.04646934722824,33.04657145070405,0.7853497561565632,20.999999999999996,0.00016859991816886577
139.4,9.13641756894608,-49.95674923135885,10.872296327366433,33.04647664033365,33.04657719058349,0.7853415835614896,21.0,0.00016600618266693346
139.45000000000002,10.020262595398576,-49.78699066982163,11.887677586409042,33.04648382249436,33.04658284290912,0.7853335367372551,21.0,0.0001634519014714897
139.5,10.900960574509291,-49.60159630747395,12.903059123902473,33.046490895381126,33.04658840899643,0.7853256137697642,21.0,0.00016093648468995525
139.55,11.778234920281125,-49.400624363534995,13.918440935610223,33.04649786063936,33.04659389014132,0.7853178127735774,21.000000000000007,0.00015845934981939536
139.6,12.651810121705607,-49.18413794951283,14.93382301735961,33.046504719889505,33.0465992876205,0.7853101318914923,20.999999999999996,0.00015601992373603935
139.65,13.521411829293617,-48.952205049388645,15.949205365040772,33.04651147472744,33.04660460269167,0.7853025692941245,21.0,0.00015361764170052084
139.70000000000002,14.38676694124137,-48.70489849827062,16.964587974605703,33.04651812672488,33.04660983659386,0.7852951231795018,20.999999999999993,0.00015125194735787773
139.75,15.247603689204587,-48.44229595952411,17.97997084206733,33.0465246774298,33.046614990547745,0.7852877917726389,21.0,0.0001489222924533351
139.8,16.103651723653922,-48.164479900385274,18.995353963498594,33.046531128366794,33.046620065755896,0.7852805733251742,20.999999999999996,0.00014662813725863089
139.85,16.954642198784832,-47.87153756606593,20.010737335031553,33.04653748103745,33.04662506340297,0.7852734661149299,21.0,0.0001443689492930389
139.9,17.80030785695523,-47.56356095235763,21.02612095285649,33.0465437369207,33.046629984656164,0.7852664684455704,21.000000000000007,0.00014214420488656287
139.95000000000002,18.64038311262436,-47.240646776743674,22.041504813220985,33.046549897473234,33.04663483066532,0.7852595786461833,20.999999999999993,0.00013995338719041683
140.0,19.4746041357666,-46.90289644802805,23.05688891242913,33.04655596412981,33.04663960256323,0.7852527950709316,20.999999999999996,0.00013779598774021906
140.05,20.302708934733918,-46.55041603449093,24.07227324684062,33.046561938303626,33.04664430146593,0.7852461160986692,21.0,0.00013567150503490666
140.1,21.12443743854099,-46.183316230580616,25.087657812869946,33.046567821386645,33.04664892847295,0.785239540132558,21.000000000000007,0.00013357944524727827
140.15,21.939531578547165,-45.801712322152525,26.10304260698555,33.04657361474995,33.04665348466751,0.7852330655997548,21.0,0.0001315193222239941
140.20000000000002,22.747735369509545,-45.405724150265996,27.118427625709053,33.04657931974406,33.04665797111675,0.7852266909510206,20.999999999999996,0.0001294906560644904
140.25,23.5487949899818,-44.9954760735504,28.133812865614434,33.04658493769926,33.046662388872065,0.7852204146603867,21.0,0.00012749297468417353
140.3,24.34245886203341,-44.57109692915232,29.1491983233272,33.04659046992589,33.04666673896929,0.7852142352248066,20.999999999999996,0.00012552581267755158
140.35,25.128477730264326,-44.13271999227609,30.164583995523728,33.0465959177147,33.0466710224289,0.7852081511638147,20.999999999999996,0.00012358871160245144
140.4,25.906604740090216,-43.68048293433035,31.179969878930383,33.04660128233714,33.04667524025626,0.7852021610192068,20.999999999999993,0.00012168121983791025
140.45000000000002,26.67659551527372,-43.214527779693874,32.195355970322844,33.04660656504565,33.04667939344188,0.7851962633546918,21.0,0.00011980289215784978
140.5,27.438208234677354,-42.73500086111411,33.210742266525344,33.04661176707395,33.046683482961576,0.7851904567556005,20.999999999999996,0.00011795329029951063
140.55,28.19120370821394,-42.242052773752555,34.22612876440995,33.04661688963735,33.04668750977676,0.7851847398285159,20.999999999999996,0.0001161319818265838
140.6,28.935345451970754,-41.735838327891344,35.24151546089581,33.046621933933025,33.04669147483458,0.7851791112010247,21.0,0.00011433854169240476
140.65,29.67039976248374,-41.21651650031592,36.25690235294854,33.04662690114028,33.04669537906819,0.7851735695213478,21.0,0.00011257254982410814
140.70000000000002,30.396135790138505,-40.684250384389046,37.27228943757945,33.04663179242084,33.04669922339691,0.7851681134580772,20.999999999999996,0.000110833593538473
140.75,31.112325611675008,-40.13920713883186,38.28767671184491,33.04663660891913,33.0467030087264,0.7851627416998568,20.999999999999996,0.00010912126541029465
140.8,31.818744301773197,-39.58155793522805,39.303064172845595,33.04664135176251,33.04670673594906,0.785157452955076,21.00000000000001,0.00010743516440925305
140.85,32.51517000369709,-39.01147790426764,40.31845181772594,33.04664602206155,33.04671040594386,0.7851522459516218,21.000000000000007,0.00010577489561569564
140.9,33.20138399897512,-38.42914608074727,41.33383964367344,33.046650620910285,33.046714019576946,0.7851471194365516,21.0,0.00010414006908376905
140.95000000000002,33.87717077609487,-37.83474534734421,42.349227647918006,33.04665514938648,33.04671757770151,0.7851420721758018,20.999999999999996,0.00010253030140461306
141.0,34.5423180981906,-37.228462377181856,43.36461582773129,33.046659608551835,33.04672108115814,0.7851371029539607,20.999999999999996,0.00010094521499581788
141.05,35.19661706970229,-36.61048757520467,44.380004180426155,33.04666399945229,33.04672453077498,0.7851322105739342,20.999999999999996,9.938443682244724e-05
141.1,35.839862201985355,-35.981015018380994,45.39539270335598,33.0466683231182,33.04672792736789,0.785127393856726,21.0,9.784760052866659e-05
141.15,36.47185147785029,-35.34024239475252,46.410781393914085,33.0466725805646,33.046731271740605,0.7851226516411387,21.0,9.633434416400632e-05
141.20000000000002,37.09238641501208,-34.68837094134962,47.426170249533165,33.046676772791464,33.04673456468501,0.7851179827835111,21.0,9.484431174655583e-05
141.25,37.7012721284294,-34.025605380991905,48.44155926768469,33.046680900783855,33.04673780698114,0.7851133861574908,20.999999999999993,9.337715255242074e-05
141.3,38.29831739151405,-33.352153857994004,49.45694844587832,33.04668496551223,33.04674099939754,0.7851088606537431,21.0,9.193252040518018e-05
141.35,38.88333469619131,-32.66822787279667,50.47233778166128,33.04668896793261,33.04674414269132,0.785104405179716,20.999999999999996,9.051007495486374e-05
141.4,39.45614031179258,-31.97404221554376,51.48772727261796,33.0466929089868,33.046747237608315,0.7851000186593922,20.999999999999996,8.910948054108303e-05
141.45000000000002,40.01655434276147,-31.26981489862599,52.5031169163692,33.04669678960262,33.04675028488331,0.7850957000330325,20.999999999999996,8.773040647724883e-05
141.5,40.56440078515553,-30.55576708821259,53.51850671057182,33.0467006106941,33.04675328524022,0.7850914482569564,20.999999999999996,8.637252719267963e-05
141.55,41.09950758192569,-29.832123034792424,54.53389665291806,33.04670437316168,33.04675623939211,0.7850872623032927,20.999999999999996,8.503552152205884e-05
141.6,41.62170667695614,-29.099110002746347,55.54928674113507,33.04670807789243,33.04675914804153,0.7850831411597454,21.0,8.371907327386907e-05
141.65,42.13083406784754,-28.356958198972947,56.56467697298441,33.046711725760225,33.046762011880546,0.785079083829352,21.0,8.242287094617495e-05
141.70000000000002,42.62672985742722,-27.60590070059007,57.58006734626151,33.04671531762596,33.04676483159089,0.7850750893302987,20.999999999999993,8.114660786873173e-05
141.75,43.109238303969946,-26.846173381734857,58.5954578587952,33.04671885433774,33.0467676078442,0.7850711566956363,21.0,7.988998106611689e-05
141.8,43.57820787011361,-26.07801483948526,59.61084850844719,33.04672233673106,33.04677034130209,0.7850672849731026,21.0,7.865269324724977e-05
141.85,44.033491270454476,-25.301666318926316,60.62623929311153,33.04672576562899,33.04677303261634,0.7850634732248878,21.0,7.743445067376342e-05
141.9,44.474945517807,-24.51737163738473,61.641630210714254,33.04672914184238,33.04677568242898,0.7850597205274354,21.000000000000007,7.623496429687293e-05
141.95000000000002,44.9024319681137,-23.725377107855536,62.65702125921278,33.04673246616999,33.046778291372476,0.7850560259712154,21.0,7.505394904683271e-05
142.0,45.315816363991,-22.925931461644886,63.672412436595536,33.04673573939874,33.046780860069894,0.7850523886605174,20.999999999999993,7.389112440137069e-05
142.05,45.714968876897274,-22.119285770253303,64.68780374088135,33.04673896230382,33.046783389135,0.7850488077132454,21.0,7.274621395936265e-05
142.1,46.09976414791006,-21.305693366523894,65.70319517011924,33.046742135648906,33.04678587917238,0.7850452822607394,20.999999999999996,7.161894544083225e-05
142.15,46.470081327099344,-20.48540976508029,66.71858672238776,33.0467452601863,33.04678833077761,0.7850418114475346,21.0,7.050905011851683e-05
142.20000000000002,46.82580411148483,-19.658692582079333,67.73397839579465,33.0467483366571,33.04679074453735,0.7850383944311901,21.0,6.941626409684432e-05
142.25,47.16682078156504,-18.825801454303676,68.74937018847636,33.0467513657914,33.046793121029516,0.7850350303821116,21.0,6.834032689084779e-05
142.3,47.493024236406974,-17.986997957619742,69.76476209859764,33.04675434830841,33.046795460823354,0.7850317184833244,20.999999999999996,6.7280981568274e-05
142.35,47.804312027285114,-17.142545524826627,70.78015412435116,33.04675728491662,33.04679776447964,0.7850284579302951,20.999999999999996,6.62379757443432e-05
142.4,48.100586389859394,-16.292709362921755,71.79554626395709,33.04676017631398,33.04680003255069,0.7850252479307613,21.0,6.521106058698933e-05
142.45000000000002,48.38175427488189,-15.437756369809282,72.81093851566256,33.04676302318803,33.04680226558059,0.7850220877045544,21.000000000000007,6.419999067475146e-05
142.5,48.647727377422655,-14.577955050477403,73.82633087774143,33.04676582621607,33.04680446410531,0.7850189764833857,20.999999999999996,6.320452413888233e-05
142.55,48.89842216460548,-13.713575432670876,74.84172334849377,33.046768586065305,33.04680662865274,0.7850159135106907,20.999999999999996,6.222442337389111e-05
142.6,49.133759901844925,-12.844888982085271,75.8571159262456,33.04677130339297,33.04680875974285,0.7850128980414866,20.999999999999996,6.1259453900675e-05
142.65,49.35366667757632,-11.97216851710956,76.87250860934832,33.046773978846545,33.046810857887856,0.7850099293421096,20.999999999999996,6.030938408230213e-05
142.70000000000002,49.55807342647101,-11.095688123143841,77.88790139617845,33.04677661306378,33.046812923592256,0.7850070066901509,20.999999999999996,5.93739875398569e-05
142.75,49.74691595112953,-10.215723066519091,78.9032942851373,33.04677920667296,33.046814957352986,0.7850041293742152,20.999999999999993,5.845303917340061e-05
142.8,49.920134942245895,-9.332549708046006,79.91868727465051,33.04678176029296,33.046816959659495,0.7850012966937854,21.0,5.7546318714685185e-05
142.85,50.07767599723672,-8.446445416220051,80.9340803631677,33.04678427453342,33.046818930993894,0.7849985079590525,21.0,5.665360859552493e-05
142.9,50.21948963732923,-7.5576884801100075,81.94947354916206,33.04678674999489,33.046820871831066,0.7849957624907731,21.0,5.5774694658339286e-05
142.95000000000002,50.3455313231029,-6.666558021957369,82.96486683113022,33.0467891872689,33.04682278263875,0.7849930596200707,21.0,5.490936558771864e-05
143.0,50.455761468479714,-5.7733339095140215,83.98026020759163,33.04679158693818,33.04682466387756,0.7849903986883362,20.999999999999996,5.4057414047292696e-05
143.05,50.55014545315882,-4.878296668145768,84.99565367708838,33.0467939495767,33.04682651600123,0.7849877790470217,21.0,5.321863469021082e-05
143.1,50.62865363349149,-3.981727392729276,86.01104723818476,33.046796275749884,33.04682833945674,0.7849852000575197,21.0,5.2392826290770245e-05
143.15,50.6912613517931,-3.0839076593701424,87.026440889467,33.04679856601466,33.046830134684235,0.7849826610910142,21.0,5.1579790039113504e-05
143.20000000000002,50.737948944089176,-2.185119436969784,88.04183462954296,33.04680082091963,33.046831902117226,0.7849801615283027,21.0,5.0779330109662624e-05
143.25,50.76870174629303,-1.2856449986689444,89.05722845704173,33.04680304100517,33.046833642182754,0.784977700759697,21.0,4.9991254229553306e-05
143.3,50.7835100988131,-0.3857668331956169,90.07262237061333,33.04680522680357,33.046835355301354,0.7849752781848451,20.999999999999996,4.9215372115440914e-05
143.35,50.78236934958852,0.5142324438547632,91.08801636892849,33.04680737883913,33.0468370418872,0.7849728932126183,21.0,4.845149703669449e-05
143.4,50.76527985555196,1.4140701787789962,92.10341045067825,33.046809497628274,33.04683870234827,0.784970545260947,20.999999999999996,4.769944453641983e-05
143.45000000000002,50.73224698251931,2.3134637685377895,93.1188046145736,33.0468115836797,33.046840337086316,0.7849682337566932,21.0,4.695903342621932e-05
143.5,50.68328110350618,3.2121307495115383,94.13419885934532,33.04681363749446,33.04684194649705,0.7849659581355297,21.0,4.6230085075649185e-05
143.55,50.61839759547187,4.1097888862123435,95.14959318374358,33.04681565956607,33.04684353097022,0.7849637178417908,20.999999999999996,4.551242327011096e-05
143.6,50.537616834491615,5.006156259924401,96.16498758653772,33.04681765038065,33.0468450908896,0.7849615123283371,21.0,4.480587477928566e-05
143.65,50.440964189358894,5.900951357244926,97.18038206651588,33.046819610417,33.04684662663321,0.7849593410564566,20.999999999999996,4.411026907291671e-05
143.70000000000002,50.328470013619594,6.793893158497805,98.19577662248481,33.04682154014674,33.04684813857332,0.7849572034957006,21.0,4.342543761026718e-05
143.75,50.200169636040606,7.684701225992194,99.21117125326951,33.04682344003435,33.04684962707658,0.7849550991237848,21.0,4.275121511909674e-05
143.8,50.0561033495159,8.573095792098371,100.22656595771306,33.04682531053737,33.046851092504035,0.7849530274264609,21.0,4.208743831668471e-05
143.85,49.89631639841348,9.458797847113145,101.24196073467616,33.04682715210642,33.046852535211315,0.7849509878973748,20.999999999999993,4.143394647826426e-05
143.9,49.72085896436724,10.341529226887257,102.25735558303704,33.04682896518534,33.04685395554859,0.7849489800379885,21.0,4.0790581721239505e-05
143.95000000000002,49.529786150518134,11.22101270018723,103.27275050169115,33.04683075021129,33.04685535386078,0.7849470033574164,20.999999999999996,4.0157187726208576e-05
144.0,49.323157964209734,12.096972055764246,104.28814548955087,33.04683250761482,33.046856730487534,0.7849450573723402,20.999999999999996,3.953361144226619e-05
144.05,49.10103929814343,12.969132189102684,105.30354054554529,33.04683423782002,33.046858085763276,0.7849431416068882,20.999999999999996,3.8919701523809636e-05
144.1,48.86349990999932,13.8372191888211,106.31893566861996,33.04683594124454,33.04685942001742,0.7849412555925142,20.999999999999993,3.831530904108149e-05
144.15,48.610614400529194,14.70096042269849,107.33433085773653,33.04683761829975,33.0468607335744,0.7849393988678841,21.0,3.7720287480169645e-05
144.20000000000002,48.34246219012839,15.560084623298822,108.3497261118727,33.046839269390794,33.04686202675362,0.7849375709787907,20.999999999999996,3.713449260089874e-05
144.25,48.059127493893975,16.414321973166967,109.36512143002182,33.046840894916706,33.04686329986966,0.7849357714780183,21.000000000000007,3.655778186839598e-05
144.3,47.76069929517706,17.26340418956923,110.38051681119275,33.04684249527049,33.04686455323233,0.7849339999252436,20.999999999999996,3.5990015447850965e-05
144.35,47.447271317637544,18.107064608751905,111.39591225440958,33.04684407083919,33.04686578714668,0.7849322558869432,20.999999999999996,3.543105549397296e-05
144.4,47.11894199581005,18.945038269691374,112.41130775871137,33.04684562200401,33.046867001913135,0.7849305389362797,20.999999999999996,3.488076600888235e-05
144.45000000000002,46.77581444419034,19.777061997309442,113.42670332315197,33.046847149140376,33.04686819782758,0.7849288486529886,21.0,3.433901326843625e-05
144.5,46.4179964248519,20.60287448512778,114.44209894679979,33.04684865261803,33.046869375181274,0.7849271846233208,20.999999999999996,3.380566582222855e-05
144.55,46.045600313602826,21.422216377335527,115.4574946287376,33.04685013280112,33.046870534261124,0.7849255464398937,20.999999999999996,3.328059335672151e-05
144.6,45.65874306469372,22.234830350244234,116.47289036806224,33.04685159004826,33.04687167534966,0.784923933701613,20.999999999999996,3.276366854265689e-05
144.65,45.25754617408757,23.040461193104637,117.48828616388452,33.04685302471265,33.046872798725005,0.7849223460135804,20.999999999999996,3.225476561397045e-05
144.70000000000002,44.84213564130333,23.838855888259804,118.50368201532896,33.0468544371421,33.04687390466108,0.7849207829870082,20.999999999999996,3.175376065200908e-05
144.75,44.41264192984492,24.629763690609536,119.5190779215334,33.046855827679174,33.04687499342768,0.7849192442391058,21.0,3.1260531443422224e-05
144.8,43.96919992622836,25.41293620636103,120.53447388164908,33.04685719666121,33.046876065290405,0.7849177293930012,20.999999999999996,3.077495804859609e-05
144.85,43.51194889761967,26.188127471041103,121.5498698948404,33.04685854442044,33.04687712051078,0.7849162380776491,21.0,3.02969220911109e-05
144.9,43.041032448096985,26.955094026745428,122.5652659602845,33.046859871284035,33.04687815934634,0.7849147699277381,21.0,2.982630704195799e-05
144.95000000000002,42.556598473550615,27.713594998600577,123.58066207717127,33.0468611775742,33.046879182050745,0.7849133245836057,21.0,2.9362998219539804e-05
145.0,42.05879911523509,28.463392170414828,124.59605824470304,33.04686246360824,33.04688018887368,0.784911901691153,20.999999999999996,2.890688264756136e-05
145.05,41.54779071198792,29.204250059493955,125.61145446209451,33.04686372969863,33.04688118006103,0.7849105009017663,21.0,2.8457849055030238e-05
145.1,41.02373375113003,29.935935990598544,126.62685072857248,33.04686497615309,33.04688215585492,0.7849091218722037,21.0,2.8015787734148034e-05
145.15,40.48679281806325,30.6582201690196,127.64224704337559,33.04686620327465,33.04688311649379,0.7849077642645526,20.999999999999996,2.7580591250853104e-05
145.20000000000002,39.93713654458075,31.37087575274945,128.6576434057544,33.04686741136173,33.04688406221233,0.7849064277461366,21.000000000000007,2.715215302373508e-05
145.25,39.374937555906605,32.07367892372534,129.67303981497088,33.0468686007082,33.04688499324174,0.7849051119894028,20.999999999999993,2.6730368318794717e-05
145.3,38.80037241648116,32.766408958123314,130.6884362702985,33.046869771603454,33.04688590980962,0.7849038166718998,21.0,2.6315134675769514e-05
145.35,38.21362157450921,33.44884829568029,131.70383277102187,33.04687092433247,33.04688681214002,0.7849025414761428,20.999999999999996,2.5906350060722616e-05
145.4,37.614869305288394,34.120782608022594,132.71922931643667,33.04687205917586,33.04688770045365,0.7849012860895925,20.999999999999996,2.5503915139779565e-05
145.45000000000002,37.004303653335626,34.78200086597944,133.73462590584947,33.046873176409996,33.0468885749678,0.78490005020452,21.0,2.5107731005391543e-05
145.5,36.38211637332973,35.4322954058603,134.75002253857758,33.04687427630698,33.046889435896354,0.7848988335179854,21.0,2.4717701450072127e-05
145.55,35.748502869888824,36.07146199467525,135.76541921394883,33.04687535913479,33.04689028345001,0.7848976357317312,21.0,2.4333730692660538e-05
145.6,35.10366213620137,36.69929989427787,136.78081593130145,33.04687642515731,33.04689111783609,0.7848964565521328,21.0,2.3955725083624202e-05
145.65,34.44779669153017,37.31561192441054,137.79621268998395,33.046877474634364,33.046891939258835,0.7848952956901059,21.0,2.3583591968190376e-05
145.70000000000002,33.78111251760893,37.92020452463233,138.8116094893548,33.04687850782183,33.04689274791931,0.7848941528610567,21.0,2.321724053899743e-05
145.75,33.103818993951336,38.51288781511004,139.82700632878246,33.04687952497165,33.0468935440155,0.784893027784797,20.999999999999996,2.2856580983443564e-05
145.8,32.41612883209306,39.093475656253254,140.8424032076452,33.046880526331925,33.046894327742294,0.7848919201854798,21.0,2.2501525194229544e-05
145.85,31.718258008787203,39.661785707174765,141.85780012533073,33.04688151214695,33.04689509929166,0.78489082979155,20.999999999999996,2.215198634303306e-05
145.9,31.0104256981743,40.21763948295793,142.87319708123647,33.04688248265729,33.04689585885253,0.7848897563356445,20.999999999999996,2.180787859629163e-05
145.95000000000002,30.292854202948075,40.76086241071301,143.88859407476903,33.046883438099805,33.04689660661093,0.7848886995545712,21.0,2.1469118109962437e-05
146.0,29.56576888453864,41.291283884404876,144.90399110534423,33.046884378707745,33.04689734275007,0.7848876591891951,20.999999999999996,2.1135621466328303e-05
146.05,28.829398092335037,41.80873731843487,145.91938817238693,33.04688530471077,33.046898067450265,0.7848866349844243,20.999999999999996,2.0807307521408802e-05
146.1,28.08397309196933,42.31306019995998,146.93478527533094,33.04688621633501,33.04689878088909,0.7848856266891104,21.0,2.0484095415440606e-05
146.15,27.329727992684838,42.80409413993289,147.95018241361873,33.046887113803166,33.04689948324141,0.7848846340560129,20.999999999999993,2.0165906278180046e-05
146.20000000000002,26.566899673811232,43.28168492284696,148.9655795867015,33.046887997334466,33.04690017467932,0.7848836568417141,20.999999999999996,1.9852661949926187e-05
146.25,25.79572771036967,43.74568255517032,149.9809767940389,33.046888867144816,33.046900855372336,0.7848826948065977,20.999999999999993,1.9544285976280662e-05
146.3,25.016454297831267,44.195941312454124,150.9963740350989,33.04688972344678,33.04690152548727,0.7848817477147421,20.999999999999996,1.9240702329170745e-05
146.35,24.22932417605259,44.63231978509993,152.01177130935793,33.046890566449676,33.04690218518842,0.7848808153338993,20.999999999999996,1.8941837112151916e-05
146.4,23.434584552412012,45.05468092277199,153.02716861630026,33.04689139635959,33.046902834637535,0.7848798974354381,20.999999999999996,1.8647616855105298e-05
146.45000000000002,22.63248502417112,45.46289207744043,154.0425659554183,33.046892213379444,33.046903473993815,0.7848789937942655,21.000000000000007,1.835796922478039e-05
146.5,21.82327750008551,45.856825045041816,155.05796332621233,33.04689301770904,33.046904103414086,0.7848781041887776,21.0,1.8072823451120712e-05
146.55,21.007216121289623,46.23635610574404,156.07336072819035,33.04689380954512,33.046904723052656,0.7848772284008305,20.999999999999996,1.779210975882961e-05
146.6,20.18455718148047,46.60136606280286,157.08875816086794,33.046894589081376,33.04690533306151,0.7848763662156486,20.999999999999993,1.7515758941044623e-05
146.65,19.35555904642528,46.95174027999787,158.1041556237683,33.04689535650853,33.046905933590274,0.7848755174218169,21.0,1.72437036383144e-05
146.70000000000002,18.520482072818385,47.287368717636205,159.11955311642194,33.046896112014366,33.0469065247862,0.784874681811182,20.999999999999996,1.697587663329614e-05
146.75,17.679588526512823,47.60814596711262,160.1349506383667,33.046896855783785,33.04690710679434,0.7848738591788305,20.999999999999996,1.6712212698166695e-05
146.8,16.833142500152317,47.913971284015105,161.1503481891474,33.04689758799883,33.04690767975753,0.7848730493230462,21.0,1.645264703142857e-05
146.85,15.981409830229515,48.20474861976564,162.16574576831624,33.046898308838735,33.0469082438162,0.7848722520452327,20.999999999999996,1.619711568423554e-05
146.9,15.12465801359656,48.480386651786134,163.18114337543216,33.04689901847998,33.046908799108856,0.7848714671498769,20.999999999999996,1.5945556270935413e-05
146.95000000000002,14.263156123454163,48.740798812180145,164.19654101006094,33.04689971709632,33.046909345771695,0.7848706944445141,20.999999999999996,1.569790711641872e-05
147.0,13.397174724845609,48.985903314921266,165.21193867177521,33.04690040485885,33.04690988393883,0.7848699337396781,20.999999999999993,1.5454107256118732e-05
147.05,12.526985789682211,49.2156231815397,166.22733636015414,33.046901081936,33.046910413742346,0.784869184848823,21.000000000000007,1.5214096720228554e-05
147.1,11.652862611326913,49.42988626529897,167.24273407478344,33.046901748493596,33.04691093531225,0.7848684475883232,20.999999999999996,1.4977817102135305e-05
147.15,10.775079718762864,49.62862527385514,168.25813181525527,33.046902404694926,33.04691144877652,0.7848677217774025,21.0,1.4745209995226105e-05
147.20000000000002,9.893912790373914,49.81177779039145,169.27352958116813,33.04690305070075,33.046911954261184,0.7848670072380912,21.0,1.4516218413973547e-05
147.25,9.00963856736412,49.97928629322168,170.28892737212672,33.04690368666935,33.046912451890265,0.7848663037951908,20.999999999999996,1.4290786225501506e-05
147.3,8.122534766843449,50.13109817385617,171.30432518774194,33.04690431275656,33.046912941785905,0.7848656112762171,20.999999999999996,1.4068858007476592e-05
147.35,7.2328799946069715,50.26716575352473,172.31972302763063,33.0469049291158,33.04691342406836,0.7848649295113788,20.999999999999996,1.3850379474433794e-05
147.4,6.340953657634955,50.387446298151374,173.3351208914157,33.04690553589812,33.046913898855955,0.7848642583335348,20.999999999999996,1.363529676723374e-05
147.45000000000002,5.447035876341316,50.49190203177599,174.35051877872579,33.04690613325225,33.04691436626526,0.7848635975781093,20.999999999999993,1.3423556879388343e-05
147.5,4.551407396598,50.580500148418935,175.36591668919542,33.04690672132461,33.046914826411,0.7848629470831057,20.999999999999996,1.3215108509712081e-05
147.55,3.6543495015629284,50.65321282238467,176.3813146224647,33.04690730025935,33.046915279406086,0.7848623066890639,21.0,1.3009900072802338e-05
147.6,2.75614392333919,50.71001721700128,177.39671257817938,33.0469078701984,33.04691572536174,0.7848616762389682,20.999999999999996,1.2807880835907781e-05
147.65,1.8570727544932297,50.750895491793145,178.41211055599067,33.046908431281494,33.04691616438742,0.7848610555782756,20.999999999999996,1.260900191368819e-05
147.70000000000002,0.9574183594598239,50.775834808084426,179.42750855555528,33.046908983646205,33.046916596590876,0.7848604445548162,20.999999999999996,1.2413213852369154e-05
147.75,0.05746328586166227,50.7848273330317,-179.55709342346486,33.04690952742797,33.04691702207821,0.7848598430188218,20.999999999999996,1.2220469187695926e-05
147.8,-0.8425098242286068,50.77787024208442,-178.5416953814025,33.04691006276013,33.04691744095389,0.7848592508228194,20.999999999999996,1.2030719886979568e-05
147.85,-1.742218323056,50.75496571987246,-177.52629731858522,33.04691058977397,33.04691785332073,0.7848586678216591,21.0,1.1843920049159351e-05
147.9,-2.641379645952616,50.716120959520424,-176.51089923533556,33.04691110859874,33.04691825927993,0.7848580938724226,20.999999999999996,1.1660023204740355e-05
147.95000000000002,-3.53971140008096,50.66134816038899,-175.49550113197097,33.04691161936168,33.04691865893114,0.7848575288344364,21.0,1.1478984731638775e-05
148.0,-4.43693145312331,50.590664524243955,-174.48010300880398,33.04691212218807,33.04691905237248,0.7848569725692016,21.0,1.130075972355371e-05
148.05,-5.3327580218892665,50.50409224985421,-173.46470486614237,33.046912617201244,33.04691943970054,0.7848564249403793,20.999999999999996,1.1125304695269733e-05
148.1,-6.226909760813662,50.401658526020306,-172.449306704289,33.046913104522616,33.04691982101036,0.7848558858137551,21.0,1.0952576445788509e-05
148.15,-7.1191058503170295,50.28339552303586,-171.4339085235421,33.04691358427174,33.04692019639557,0.7848553550571893,21.0,1.0782532484654439e-05
148.20000000000002,-8.009066085000885,50.14934038258441,-170.41851032419527,33.0469140565663,33.046920565948305,0.78485483254061,20.999999999999996,1.0615131316171755e-05
148.25,-8.896510961650122,49.99953520607499,-169.40311210653746,33.046914521522154,33.04692092975927,0.7848543181359631,20.999999999999996,1.0450331586753236e-05
148.3,-9.78116176701488,49.83402704141993,-168.38771387085328,33.04691497925338,33.0469212879178,0.7848538117171913,21.0,1.0288092937571491e-05
148.35,-10.66274066534431,49.652867868259236,-167.37231561742274,33.046915429872264,33.046921640511734,0.7848533131601911,20.999999999999996,1.012837543612477e-05
148.4,-11.540970785644776,49.45611458163604,-166.35691734652167,33.046915873489375,33.04692198762771,0.784852822342792,21.0,9.971140002562606e-06
148.45000000000002,-12.41557630863503,49.24382897412827,-165.34151905842145,33.04691631021353,33.04692232935085,0.7848523391447344,21.0,9.816347983360174e-06
148.5,-13.286282553371121,49.016077716442226,-164.32612075338943,33.046916740151914,33.04692266576508,0.7848518634476065,21.0,9.66396115131829e-06
148.55,-14.152816063513772,48.77293233647407,-163.31072243168856,33.04691716341,33.046922996952944,0.784851395134865,21.0,9.513942558214694e-06
148.6,-15.014904693211164,48.51446919684586,-162.29532409357793,33.04691758009164,33.046923322995745,0.7848509340917573,20.999999999999996,9.366254829501486e-06
148.65,-15.872277692570158,48.240769470923155,-161.2799257393125,33.04691799029907,33.046923643973486,0.7848504802053355,21.0,9.220862153824783e-06
148.70000000000002,-16.724665792689077,47.951919117321744,-160.26452736914322,33.046918394132966,33.046923959964964,0.7848500333643855,20.999999999999996,9.077728435613608e-06
148.75,-17.571801290225388,47.648008852911495,-159.24912898331726,33.04691879169239,33.046924271047715,0.7848495934594553,21.0,8.936819000382457e-06
148.8,-18.413418131471683,47.32913412432579,-158.23373058207787,33.04691918307491,33.04692457729809,0.7848491603827625,21.0,8.798098605211635e-06
148.85,-19.249251995913585,46.99539507798551,-157.2183321656645,33.046919568376566,33.046924878791245,0.7848487340282233,21.0,8.661533854592562e-06
148.9,-20.079040379243317,46.64689652864703,-156.2029337343129,33.046919947691904,33.04692517560117,0.7848483142913949,21.000000000000007,8.52709078458247e-06
148.95000000000002,-20.90252267580287,46.28374792648394,-155.1875352882552,33.046920321113994,33.046925467800676,0.7848479010694618,20.999999999999996,8.394736568106964e-06
149.0,-21.719440260430876,45.90606332271309,-154.17213682771984,33.04692068873447,33.04692575546149,0.7848474942612143,21.000000000000007,8.264438662308748e-06
149.05,-22.529536569687476,45.51396133377547,-153.1567383529318,33.04692105064354,33.04692603865419,0.7848470937669916,21.0,8.136164950656166e-06
149.1,-23.332557182431696,45.107565104083434,-152.14133986411247,33.04692140693001,33.04692631744827,0.7848466994887247,20.999999999999993,8.009884453485938e-06
149.15,-24.128249899725976,44.687002267345754,-151.12594136147985,33.04692175768132,33.04692659191214,0.7848463113298294,21.0,7.885565338483502e-06
149.20000000000002,-24.91636482404282,44.25240490648279,-150.11054284524855,33.04692210298352,33.04692686211312,0.7848459291952565,20.999999999999996,7.763177904962504e-06
149.25,-25.696654437748627,43.803909512144294,-149.09514431562982,33.04692244292135,33.04692712811751,0.7848455529914133,20.999999999999996,7.642691457476758e-06
149.3,-26.468873680840122,43.34165693984296,-148.07974577283164,33.046922777578224,33.046927389990586,0.7848451826261709,20.999999999999996,7.5240768637740985e-06
149.35,-27.232780027908895,42.86579236571704,-147.06434721705875,33.04692310703624,33.04692764779657,0.7848448180088354,20.999999999999996,7.407304849493812e-06
149.4,-27.98813356430994,42.37646524093605,-146.04894864851272,33.046923431376264,33.04692790159873,0.7848444590501202,20.999999999999996,7.292346708709374e-06
149.45000000000002,-28.734697061510257,41.87382924476384,-145.03355006739196,33.04692375067787,33.0469281514593,0.7848441056621311,20.999999999999993,7.179174303928448e-06
149.5,-29.472236051593825,41.35804223629376,-144.01815147389183,33.0469240650194,33.04692839743959,0.7848437577583312,20.999999999999996,7.067759781875793e-06
149.55,-30.20051890089957,40.8292662048711,-143.00275286820462,33.04692437447799,33.04692863959993,0.7848434152535475,21.0,6.958075999818902e-06
149.6,-30.91931688276922,40.287667219218314,-141.98735425051964,33.04692467912955,33.046928877999754,0.7848430780639077,21.0,6.850095672916723e-06
149.65,-31.628404249382136,39.73341537527915,-140.97195562102328,33.04692497904885,33.04692911269747,0.7848427461068681,20.999999999999996,6.743792795305126e-06
149.70000000000002,-32.32755830265464,39.16668474279787,-139.956556979899,33.04692527430947,33.04692934375069,0.7848424193011567,21.0,6.639140792685794e-06
149.75,-33.016559464181505,38.5876533106505,-138.9411583273274,33.046925564983844,33.04692957121607,0.7848420975667665,21.0,6.5361142276287865e-06
149.8,-33.69519134419768,37.99650293094521,-137.92575966348633,33.04692585114329,33.046929795149374,0.7848417808249408,20.999999999999996,6.434687804812711e-06
149.85,-34.36324080953859,37.39341926190937,-136.91036098855076,33.04692613285801,33.04693001560554,0.7848414689981382,21.0,6.3348365131332685e-06
149.9,-35.0204980505776,36.77859170958125,-135.8949623026931,33.046926410197116,33.046930232638594,0.7848411620100322,21.0,6.236536052028896e-06
149.95000000000002,-35.66675664711977,36.15221336832467,-134.87956360608294,33.046926683228655,33.0469304463018,0.7848408597854615,21.0,6.13976212093803e-06
150.0,-36.301813633231035,35.51448096018527,-133.8641648988873,33.0469269520196,33.04693065664755,0.7848405622504657,21.0,6.044491414058939e-06
150.05,-36.92546956098256,34.86559477310745,-132.8487661812706,33.04692721663588,33.046930863727376,0.7848402693322214,21.0,5.950699915047153e-06
150.1,-37.53752856309023,34.205758598031416,-131.8333674533947,33.04692747714242,33.04693106759207,0.7848399809590276,21.0,5.858364886535128e-06
150.15,-38.13779841442952,33.53517966488998,-130.81796871541886,33.046927733603106,33.0469312682916,0.7848396970603133,20.999999999999996,5.767463875372414e-06
150.20000000000002,-38.726090592406614,32.854068577525396,-129.80256996750003,33.04692798608085,33.04693146587518,0.7848394175665945,20.999999999999996,5.677974286300014e-06
150.25,-39.30222033616659,32.1626392475465,-128.78717120979258,33.04692823463758,33.04693166039128,0.7848391424094743,20.999999999999996,5.589874376710213e-06
150.3,-39.86600670462022,31.461108827147022,-127.77177244244854,33.04692847933428,33.04693185188752,0.7848388715216146,20.999999999999996,5.503142403995298e-06
150.35,-40.41727263327112,30.749697640906135,-126.75637366561756,33.046928720230945,33.046932040410894,0.7848386048367288,20.999999999999996,5.417757193981743e-06
150.4,-40.95584498982539,30.028629116592683,-125.74097487944701,33.046928957386655,33.046932226007584,0.7848383422895537,21.0,5.333697714604568e-06
150.45000000000002,-41.48155462856632,29.29812971499479,-124.72557608408187,33.04692919085958,33.04693240872309,0.7848380838158491,20.999999999999996,5.250943502232985e-06
150.5,-41.994236443477035,28.558428858796923,-123.71017727966495,33.046929420706974,33.04693258860218,0.7848378293523695,20.999999999999996,5.169474093236204e-06
150.55,-42.4937294200944,27.809758860526703,-122.69477846633681,33.0469296469852,33.04693276568894,0.78483757883685,20.999999999999996,5.089269592417622e-06
150.6,-42.97987668607795,27.052354849594153,-121.67937964423581,33.04692986974975,33.04693294002678,0.7848373322079993,20.999999999999996,5.010310388797734e-06
150.65,-43.45252556047794,26.28645469844622,-120.6639808134982,33.04693008905525,33.046933111658426,0.784837089405471,21.0,4.932577013505579e-06
150.70000000000002,-43.911527601686956,25.512298947859843,-119.64858197425806,33.04693030495548,33.046933280625915,0.7848368503698708,20.999999999999996,4.856050566104386e-06
150.75,-44.3567386540602,24.730130731396972,-118.63318312664744,33.04693051750337,33.04693344697066,0.784836615042714,21.0,4.780712004048837e-06
150.8,-44.78801889318964,23.94019569904529,-117.61778427079629,33.04693072675103,33.046933610733404,0.7848363833664251,21.0,4.706543137444896e-06
150.85,-45.2052328698179,23.142741940068614,-116.60238540683258,33.046930932749774,33.04693377195431,0.7848361552843386,20.999999999999996,4.633525776398528e-06
150.9,-45.60824955237808,22.338019905091205,-115.58698653488226,33.046931135550096,33.046933930672836,0.7848359307406483,21.0,4.561641731015698e-06
150.95000000000002,-45.996942368146144,21.526282327440462,-114.57158765506934,33.04693133520172,33.04693408692789,0.7848357096804364,21.0,4.490873806162199e-06
151.0,-46.37118924299289,20.70778414377269,-113.55618876751588,33.046931531753586,33.04693424075775,0.7848354920496234,20.999999999999993,4.421204238269638e-06
151.05,-46.730872639723174,19.88278241400689,-112.54078987234207,33.046931725253884,33.04693439220007,0.7848352777949827,21.000000000000007,4.3526162585294514e-06
151.1,-47.075879594990155,19.051536240591695,-111.52539096966623,33.04693191575004,33.046934541291996,0.7848350668640975,20.999999999999996,4.2850928139159805e-06
151.15,-47.406101754773125,18.214306687130833,-110.50999205960481,33.046932103288746,33.046934688069996,0.7848348592053895,20.999999999999996,4.21861770405485e-06
151.20000000000002,-47.721435408407665,17.371356696392656,-109.49459314227248,33.04693228791598,33.04693483257007,0.784834654768062,21.0,4.153174160137496e-06
151.25,-48.02178152115753,16.522951007729475,-108.47919421778212,33.04693246967699,33.04693497482755,0.7848344535021141,21.0,4.088746550223732e-06
151.3,-48.30704576531797,15.66935607393267,-107.46379528624486,33.04693264861631,33.046935114877336,0.7848342553583194,20.999999999999996,4.0253189581562765e-06
151.35,-48.57713854984078,14.810839977549664,-106.44839634777009,33.04693282477781,33.04693525275368,0.784834060288226,20.999999999999993,3.96287589410349e-06
151.4,-48.83197504847168,13.947672346689039,-105.43299740246549,33.04693299820466,33.04693538849039,0.7848338682441209,21.0,3.901401868233734e-06
151.45000000000002,-49.07147522639129,13.080124270340255,-104.41759845043711,33.046933168939354,33.04693552212064,0.7848336791790516,21.000000000000007,3.840882101258103e-06
151.5,-49.295563865351276,12.20846821323455,-103.40219949178932,33.04693333702373,33.0469356536772,0.7848334930467686,21.0,3.7813013875620527e-06
151.55,-49.50417058729778,11.332977930273778,-102.38680052662487,33.04693350249898,33.0469357831923,0.784833309801769,21.000000000000007,3.722645658399415e-06
151.6,-49.69722987647473,10.45392838055403,-101.37140155504491,33.046933665405646,33.046935910697606,0.7848331293992317,21.0,3.6648999923727388e-06
151.65,-49.87468110000009,9.571595641011088,-100.35600257714903,33.04693382578365,33.04693603622436,0.7848329517950532,21.000000000000007,3.6080507470614975e-06
151.70000000000002,-50.03646852690852,8.686256819714773,-99.34060359303525,33.046933983672275,33.04693615980328,0.7848327769457981,20.999999999999993,3.552083569502429e-06
151.75,-50.18254134565461,7.798189968839473,-98.32520460280011,33.046934139110206,33.04693628146462,0.7848326048087273,20.999999999999996,3.4969851014921005e-06
151.8,-50.31285368007102,6.907673997338151,-97.30980560653862,33.04693429213552,33.046936401238185,0.784832435341734,21.0,3.4427414163928916e-06
151.85,-50.42736460377665,6.014988583347263,-96.2944066043443,33.04693444278571,33.04693651915326,0.7848322685034006,20.999999999999996,3.3893398665441055e-06
151.9,-50.52603815303023,5.120414086350113,-95.27900759630926,33.04693459109768,33.04693663523876,0.7848321042529278,21.0,3.3367666674166685e-06
151.95000000000002,-50.60884333802534,4.224231459126216,-94.26360858252411,33.04693473710776,33.04693674952302,0.7848319425501629,20.999999999999996,3.2850094555669784e-06
152.0,-50.6757541526233,3.3267221595143193,-93.24820956307815,33.04693488085171,33.0469368620341,0.7848317833555569,20.999999999999996,3.2340552991172444e-06
152.05,-50.726749582520874,2.428168062016811,-92.2328105380592,33.046935022364735,33.04693697279947,0.7848316266302078,21.000000000000007,3.1838921188409586e-06
152.1,-50.761813611850194,1.5288513692732635,-91.21741150755376,33.0469351616815,33.04693708184626,0.7848314723357959,21.0,3.13450698286033e-06
152.15,-50.78093522820888,0.6290545234309195,-90.202012471647,33.04693529883613,33.04693718920119,0.7848313204345985,20.999999999999996,3.0858882382744923e-06
152.20000000000002,-50.784108426118756,-0.27093988256004264,-89.18661343042271,33.0469354338622,33.04693729489049,0.7848311708894826,21.0,3.0380239479654847e-06
152.25,-50.77133220891204,-1.1708491936986078,-88.17121438396345,33.04693556679279,33.04693739894002,0.7848310236638909,21.0,2.9909023169238935e-06
152.3,-50.7426105890445,-2.0703907817045124,-87.15581533235043,33.04693569766045,33.04693750137528,0.7848308787218272,20.999999999999993,2.9445118343573995e-06
152.35,-50.69795258683538,-2.9692821337814417,-86.14041627566367,33.046935826497226,33.0469376022213,0.7848307360278781,21.0,2.8988412736907776e-06
152.4,-50.63737222763455,-3.867240941343959,-85.12501721398186,33.04693595333466,33.04693770150278,0.7848305955471488,21.0,2.8538789820231614e-06
152.45000000000002,-50.56088853741778,-4.763985188680303,-84.10961814738255,33.046936078203814,33.04693779924399,0.784830457245306,21.0,2.8096145854306087e-06
152.5,-50.46852553681148,-5.659233241523202,-83.09421907594204,33.04693620113525,33.046937895468844,0.7848303210885348,20.999999999999996,2.7660368573378946e-06
152.55,-50.360312233548775,-6.552703935500892,-82.07881999973546,33.04693632215908,33.0469379902009,0.7848301870435677,21.0,2.723135423821077e-06
152.6,-50.236282613359386,-7.444116664440566,-81.06342091883675,33.04693644130492,33.04693808346334,0.7848300550776273,20.999999999999996,2.680899342522025e-06
152.65,-50.09647562929601,-8.333191468496503,-80.04802183331876,33.04693655860195,33.04693817527895,0.7848299251584763,21.0,2.6393188079509855e-06
152.70000000000002,-49.94093518950071,-9.219649122075221,-79.03262274325311,33.04693667407888,33.04693826567022,0.7848297972543463,21.0,2.5983830198583746e-06
152.75,-49.76971014341509,-10.103211221530023,-78.01722364871041,33.046936787763975,33.04693835465924,0.7848296713339877,21.0,2.5580825990800804e-06
152.8,-49.58285426643851,-10.983600272597398,-77.00182454976013,33.04693689968507,33.04693844226779,0.7848295473666127,21.0,2.5184071716921608e-06
152.85,-49.38042624303936,-11.860539777547832,-75.98642544647063,33.046937009869545,33.04693852851728,0.7848294253219379,21.0,2.479347500639051e-06
152.9,-49.16248964832446,-12.733754322023628,-74.97102633890927,33.04693711834439,33.046938613428836,0.7848293051701134,21.0,2.440893496213903e-06
152.95000000000002,-48.92911292807257,-13.602969661536497,-73.95562722714232,33.04693722513613,33.0469386970232,0.7848291868817938,20.999999999999996,2.4030364897953405e-06
153.0,-48.680369377238144,-14.467912807597717,-72.94022811123503,33.04693733027093,33.04693877932084,0.78482907042806,20.999999999999996,2.365766391676516e-06
153.05,-48.41633711693215,-15.328312113453846,-71.92482899125164,33.046937433774495,33.04693886034187,0.784828955780462,21.0,2.3290746753446e-06
153.1,-48.13709906988719,-16.183897359401037,-70.90942986725541,33.046937535672164,33.04693894010609,0.7848288429109758,21.0,2.292951961635481e-06
153.15,-47.84274293441459,-17.03439983765118,-69.89403073930858,33.046937635988876,33.046939018633054,0.7848287317920111,20.999999999999996,2.2573897240363294e-06
153.20000000000002,-47.53336115686162,-17.879552436723184,-68.87863160747244,33.04693773474917,33.046939095941916,0.7848286223964251,20.999999999999996,2.222379293925769e-06
153.25,-47.209050902577616,-18.719089725332953,-67.86323247180736,33.046937831977225,33.04693917205159,0.7848285146974803,21.0,2.1879117184653296e-06
153.3,-46.869914025397925,-19.552748035755638,-66.84783333237273,33.046937927696824,33.04693924698072,0.7848284086688508,20.999999999999996,2.153978897467823e-06
153.35,-46.51605703565546,-20.38026554663405,-65.83243418922703,33.04693802193138,33.046939320747605,0.7848283042846447,21.0,2.120572588637515e-06
153.4,-46.14759106672975,-21.20138236520717,-64.81703504242783,33.04693811470397,33.04693939337026,0.784828201519332,20.999999999999993,2.0876841233530286e-06
153.45000000000002,-45.76463184014413,-22.01584060893299,-63.801635892031825,33.046938206037275,33.04693946486648,0.7848281003478164,21.000000000000007,2.0553062540784595e-06
153.5,-45.36729962922188,-22.823384486479984,-62.78623673809483,33.04693829595365,33.04693953525372,0.784828000745371,21.0,2.0234303121924313e-06
153.55,-44.95571922131286,-23.623760378061835,-61.77083758067173,33.046938384475084,33.046939604549216,0.7848279026876597,20.999999999999996,1.992048908050492e-06
153.60000000000002,-44.53001987860246,-24.416716915090145,-60.75543841981664,33.046938471623236,33.04693967276988,0.784827806150723,21.0,1.9611542256825487e-06
153.65,-44.09033529751512,-25.202005059120125,-59.740039255582836,33.04693855741942,33.04693973993243,0.7848277111109638,20.999999999999996,1.930738733335602e-06
153.70000000000002,-43.63680356672528,-25.979378180064483,-58.724640088022674,33.04693864188464,33.046939806053246,0.7848276175451687,20.999999999999996,1.9007951834737469e-06
153.75,-43.169567123788816,-26.748592133650924,-57.70924091718777,33.04693872503954,33.0469398711485,0.7848275254304724,21.0,1.8713159022354375e-06
153.8,-42.68877271040871,-27.509405338098958,-56.69384174312895,33.04693880690447,33.04693993523413,0.7848274347443578,20.999999999999993,1.8422939263018634e-06
153.85000000000002,-42.19457132634892,-28.261578849991917,-55.67844256589622,33.046938887499444,33.046939998325776,0.7848273454646773,21.000000000000007,1.813722292354214e-06
153.9,-41.68711818201091,-29.004876439320356,-54.663043385538806,33.04693896684418,33.04694006043887,0.7848272575696171,20.999999999999996,1.7855936107480375e-06
153.95000000000002,-41.16657264968785,-29.739064663673282,-53.647644202105184,33.04693904495809,33.04694012158861,0.7848271710376977,21.0,1.7579012023816176e-06
154.0,-40.633098213511644,-30.46391294155389,-52.632245015643065,33.04693912186027,33.04694018178992,0.7848270858477733,21.0,1.7306383881532383e-06
154.05,-40.08686241810863,-31.179193624796795,-51.61684582619942,33.04693919756953,33.04694024105751,0.7848270019790391,21.0,1.7037984889611835e-06
154.10000000000002,-39.528036815979995,-31.88468207006402,-50.60144663382053,33.04693927210439,33.0469402994059,0.784826919410996,20.999999999999996,1.6773746835951897e-06
154.15,-38.956796913623464,-32.580156709397265,-49.586047438551915,33.04693934548307,33.04694035684933,0.7848268381234718,21.0,1.6513608613877295e-06
154.20000000000002,-38.37332211641322,-33.265399119804314,-48.57064824043838,33.046939417723515,33.04694041340182,0.7848267580966137,20.999999999999996,1.625750485345634e-06
154.25,-37.777795672255266,-33.94019409185774,-47.55524903952408,33.04693948884339,33.04694046907725,0.7848266793108536,21.0,1.600537160584281e-06
154.3,-37.17040461403604,-34.60432969728432,-46.539849835852436,33.046939558860096,33.04694052388916,0.784826601746957,21.0,1.575715202761785e-06
154.35000000000002,-36.55133970088229,-35.257597355523984,-45.52445062946623,33.04693962779075,33.04694057785099,0.7848265253859594,21.0,1.5512779327764292e-06
154.4,-35.92079535825065,-35.899791899237364,-44.509051420407566,33.04693969565219,33.046940630975925,0.7848264502092235,21.000000000000007,1.5272199505034223e-06
154.45000000000002,-35.278969616865794,-36.53071163874135,-43.493652208717904,33.04693976246103,33.04694068327692,0.7848263761983603,21.0,1.5035347189495951e-06
154.5,-34.626064050526274,-37.150158425352494,-42.478252994438044,33.0469398282336,33.046940734766785,0.7848263033353007,21.0,1.4802172643157974e-06
154.55,-33.96228371279763,-37.75793771361826,-41.46285377760819,33.04693989298597,33.04694078545811,0.7848262316022456,20.999999999999996,1.4572611917174072e-06
154.60000000000002,-33.2878370726126,-38.35385862241667,-40.447454558267864,33.04693995673398,33.046940835363266,0.7848261609816589,20.999999999999996,1.4346611010296328e-06
154.65,-32.602935948798724,-38.9377339949051,-39.43205533645602,33.04694001949321,33.04694088449443,0.7848260914563028,21.000000000000007,1.4124117342362297e-06
154.70000000000002,-31.90779544355387,-39.509380457299415,-38.416656112211,33.04694008127901,33.04694093286367,0.7848260230091739,20.999999999999996,1.3905071227782173e-06
154.75,-31.202633874890516,-40.06861847646499,-37.40125688557051,33.046940142106486,33.046940980482745,0.7848259556235604,21.0,1.3689425770735397e-06
154.8,-30.487672708070125,-40.61527241630154,-36.38585765657173,33.04694020199051,33.0469410273633,0.7848258892829989,20.999999999999993,1.3477122706717637e-06
154.85000000000002,-29.763136486049056,-41.14917059290401,-35.37045842525125,33.0469402609457,33.04694107351679,0.784825823971282,21.0,1.3268112297737389e-06
154.9,-29.02925275895788,-41.6701453284822,-34.35505919164506,33.0469403189865,33.04694111895456,0.7848257596724508,21.0,1.3062343384717678e-06
154.95000000000002,-28.286252012636268,-42.1780330040223,-33.339659955788626,33.04694037612707,33.04694116368761,0.7848256963708025,21.0,1.2859766229667002e-06
155.0,-27.534367596245858,-42.67267411067363,-32.32426071771682,33.0469404323814,33.04694120772692,0.7848256340508613,21.000000000000007,1.2660329673508386e-06
155.05,-26.773835648983876,-43.15391329984457,-31.308861477464042,33.046940487763216,33.046941251083254,0.7848255726974216,21.0,1.246398824150674e-06
155.10000000000002,-26.004895025920494,-43.62159943199186,-30.29346223506411,33.04694054228608,33.046941293767226,0.7848255122954697,21.0,1.2270687932414148e-06
155.15,-25.227787222983242,-44.07558562408809,-29.278062990550303,33.0469405959633,33.046941335789235,0.7848254528302689,21.0,1.2080390376922878e-06
155.20000000000002,-24.442756301112016,-44.51572929575226,-28.26266374395542,33.04694064880801,33.04694137715954,0.7848253942872887,20.999999999999996,1.1893040152699541e-06
155.25,-23.650048809608514,-44.94189221402909,-27.24726449531173,33.04694070083312,33.046941417888256,0.7848253366522258,20.999999999999996,1.1708596048265463e-06
155.3,-22.849913708704158,-45.35394053680297,-26.231865244651033,33.04694075205134,33.04694145798536,0.78482527991099,21.0,1.1527012588885555e-06
155.35000000000002,-22.04260229137084,-45.75174485483292,-25.216465992004572,33.0469408024752,33.04694149746061,0.7848252240497331,21.000000000000007,1.134824714199567e-06
155.4,-21.228368104399046,-46.135180232395264,-24.201066737403192,33.04694085211702,33.04694153632368,0.7848251690547983,20.999999999999993,1.117225139068978e-06
155.45000000000002,-20.407466868768108,-46.50412624652145,-23.18566748087717,33.04694090098892,33.046941574584054,0.7848251149127563,20.999999999999996,1.0998986965660151e-06
155.5,-19.580156399333664,-46.8584670248185,-22.17026822245638,33.04694094910286,33.04694161225108,0.784825061610384,20.999999999999996,1.0828408392171696e-06
155.55,-18.746696523857466,-47.198091281860314,-21.1548689621702,33.04694099647059,33.04694164933395,0.78482500913465,20.999999999999996,1.066047445874574e-06
155.60000000000002,-17.907349001405045,-47.52289235413838,-20.139469700047574,33.04694104310368,33.04694168584176,0.7848249574727433,20.999999999999996,1.049514679607455e-06
155.65,-17.06237744013679,-47.832768233560905,-19.124070436116963,33.04694108901354,33.0469417217834,0.7848249066120374,21.0,1.0332381350508513e-06
155.70000000000002,-16.212047214518314,-48.127621599489856,-18.108671170406442,33.04694113421139,33.04694175716765,0.784824856540105,20.999999999999996,1.0172141173825366e-06
155.75,-15.356625381976093,-48.407359849305834,-17.093271902943584,33.046941178708266,33.04694179200316,0.7848248072447248,20.999999999999993,1.001438647563191e-06
155.8,-14.49638059902452,-48.67189512749118,-16.07787263375557,33.046941222515045,33.046941826298465,0.7848247587138388,20.999999999999996,9.859076044449466e-07
155.85000000000002,-13.631583036890774,-48.92114435322224,-15.062473362869165,33.04694126564243,33.046941860061885,0.7848247109356095,21.0,9.706177195312193e-07
155.9,-12.762504296663955,-49.155029246461986,-14.047074090310705,33.04694130810096,33.046941893301714,0.7848246638983625,21.0,9.555645874570473e-07
155.95000000000002,-11.88941732399516,-49.373476352544984,-13.031674816106115,33.04694134990102,33.04694192602607,0.7848246175905871,21.0,9.40744939725846e-07
156.0,-11.012596323375268,-49.57641706524683,-12.016275540280919,33.046941391052805,33.04694195824293,0.7848245720009928,21.0,9.261555078410311e-07
156.05,-10.13231667201739,-49.76378764833087,-11.000876262860256,33.04694143156639,33.04694198996016,0.7848245271184311,21.0,9.117918864376406e-07
156.10000000000002,-9.248854833370988,-49.93552925556545,-9.985476983868882,33.04694147145166,33.046942021185544,0.7848244829319313,20.999999999999996,8.976512333447317e-07
156.15,-8.362488270294858,-50.091587949205405,-8.970077703331146,33.04694151071836,33.04694205192666,0.7848244394307144,21.0,8.837299958486255e-07
156.20000000000002,-7.473495357916237,-50.231914716931946,-7.954678421271045,33.0469415493761,33.04694208219109,0.7848243966041508,21.0,8.70024337018549e-07
156.25,-6.58215529620339,-50.35646548724566,-6.939279137712165,33.04694158743431,33.04694211198614,0.784824354441767,20.999999999999996,8.565312725750118e-07
156.3,-5.688748022279151,-50.46520114330778,-5.9238798526777625,33.0469416249023,33.04694214131914,0.7848243129332673,20.999999999999996,8.432476761299768e-07
156.35000000000002,-4.7935541225029485,-50.558087535225404,-4.908480566190711,33.04694166178922,33.04694217019725,0.7848242720685121,20.999999999999993,8.30169994969765e-07
156.4,-3.8968547443489285,-50.63509549077672,-3.893081278273555,33.04694169810408,33.04694219862753,0.7848242318375256,20.999999999999993,8.172951027063391e-07
156.45000000000002,-2.998931508107853,-50.69620082457299,-2.877681988948457,33.04694173385575,33.0469422266169,0.7848241922304666,20.999999999999993,8.046197308431147e-07
156.5,-2.100066418440502,-50.7413843456543,-1.8622826982372724,33.04694176905298,33.04694225417223,0.784824153237679,21.0,7.921411793176958e-07
156.55,-1.20054177581036,-50.77063186351678,-0.8468834061614776,33.04694180370435,33.04694228130022,0.78482411484962,21.0,7.798557533078565e-07
156.60000000000002,-0.30064008782340135,-50.78393419256934,0.168515887257758,33.046941837818345,33.0469423080075,0.7848240770569177,20.999999999999993,7.677611790768424e-07
156.65,0.5993560194971829,-50.78128715501856,1.1839151819995954,33.046941871403284,33.04694233430063,0.784824039850335,21.0,7.558540460195218e-07
156.70000000000002,1.4991638904734463,-50.762691582180814,2.1993144780435268,33.04694190446738,33.04694236018601,0.7848240032207912,21.0,7.441316540734988e-07
156.75,2.3985009285444634,-50.7281533142212,3.214713775369374,33.046941937018715,33.04694238566993,0.7848239671593262,21.0,7.325908768507361e-07
156.8,3.2970846850195397,-50.67768319831941,4.23011307395724,33.04694196906522,33.04694241075866,0.7848239316571366,20.999999999999996,7.212292985059321e-07
156.85000000000002,4.1946329477849815,-50.611297085263004,5.245512373787558,33.046942000614756,33.04694243545832,0.7848238967055465,20.999999999999996,7.100437926510494e-07
156.9,5.090863829936566,-50.52901582446936,6.260911674841041,33.04694203167501,33.04694245977494,0.7848238622960224,21.0,6.990318013322394e-07
156.95000000000002,5.985495858309877,-50.4308652574376,7.276310977098732,33.04694206225358,33.04694248371445,0.7848238284201585,21.0,6.88190482378559e-07
157.0,6.878248061880694,-50.31687620963278,8.291710280541958,33.046942092357924,33.04694250728274,0.7848237950696699,20.999999999999993,6.775172778361593e-07
157.05,7.768840060007687,-50.18708448080475,9.307109585152343,33.046942121995414,33.04694253048549,0.7848237622364209,21.0,6.67009771859739e-07
157.10000000000002,8.656992150489687,-50.0415308337448,10.322508890911775,33.046942151173276,33.046942553328435,0.7848237299123824,20.999999999999996,6.566649801698077e-07
157.15,9.54242539740989,-49.8802609814836,11.33790819780244,33.04694217989865,33.04694257581713,0.784823698089653,21.0,6.464807711381582e-07
157.20000000000002,10.424861718739386,-49.703325572934425,12.353307505806809,33.046942208178535,33.04694259795706,0.7848236667604738,20.999999999999996,6.364545868109417e-07
157.25,11.304023973672535,-49.510780176986195,13.36870681490758,33.04694223601986,33.04694261975363,0.784823635917185,21.000000000000007,6.265835850172152e-07
157.3,12.179636049666719,-49.30268526505139,14.384106125087778,33.046942263429415,33.046942641212205,0.7848236055522406,21.0,6.168657762373186e-07
157.35000000000002,13.051422949159166,-49.079106192074185,15.399505436330639,33.0469422904139,33.04694266233796,0.784823575658244,21.0,6.072988867344975e-07
157.4,13.919110875933596,-48.840113176004905,16.414904748619698,33.04694231697991,33.04694268313613,0.7848235462278694,20.999999999999996,5.978799322292616e-07
157.45000000000002,14.78242732110957,-48.58578127574715,17.430304061938724,33.04694234313393,33.04694270361176,0.7848235172539404,21.0,5.886074916361395e-07
157.5,15.64110114872753,-48.31619036758458,18.445703376271734,33.04694236888234,33.04694272376985,0.7848234887293728,20.999999999999993,5.794785806756408e-07
157.55,16.49486268090267,-48.03142512009473,19.46110269160303,33.04694239423145,33.0469427436153,0.7848234606472033,20.999999999999996,5.704913519366528e-07
157.60000000000002,17.343443782520854,-47.73157496755771,20.476502007917123,33.04694241918744,33.046942763153005,0.7848234330005681,20.999999999999996,5.616433895738737e-07
157.65,18.186577945450026,-47.41673408186825,21.49190132519876,33.04694244375641,33.04694278238771,0.7848234057827099,20.999999999999996,5.529327040676435e-07
157.70000000000002,19.02400037224064,-47.087001342959724,22.507300643432938,33.04694246794436,33.046942801324114,0.7848233789869852,20.999999999999996,5.443571637897548e-07
157.75,19.85544805928883,-46.74248030774965,23.52269996260487,33.0469424917572,33.046942819966844,0.7848233526068356,20.999999999999996,5.359144950034533e-07
157.8,20.680659879436188,-46.383279177616295,24.538099282700056,33.04694251520075,33.04694283832047,0.7848233266358307,20.999999999999996,5.276029924061731e-07
157.85000000000002,21.499376663980236,-46.009510764416554,25.553498603704142,33.046942538280724,33.04694285638946,0.7848233010676182,21.0,5.194200980440655e-07
157.9,22.311341284069808,-45.62129245505596,26.56889792560303,33.04694256100278,33.046942874178214,0.7848232758959526,21.0,5.113642487231118e-07
157.95000000000002,23.116298731459786,-45.21874617462176,27.584297248382857,33.046942583372456,33.04694289169113,0.7848232511146875,20.999999999999996,5.034333128151047e-07
158.0,23.913996198599843,-44.80199834809073,28.599696572029956,33.046942605395216,33.04694290893244,0.7848232267177622,20.999999999999996,4.956253008003841e-07
158.05,24.704183158032027,-44.37117986062377,29.615095896530896,33.04694262707645,33.046942925906336,0.7848232026992221,20.999999999999996,4.879385073763842e-07
158.10000000000002,25.48661144107224,-43.92642601645967,30.630495221872415,33.046942648421435,33.04694294261702,0.7848231790532054,20.999999999999996,4.803708009148977e-07
158.15,26.261035315750927,-43.46787649642105,31.645894548041493,33.04694266943541,33.04694295906853,0.7848231557739211,21.0,4.729203340048116e-07
158.20000000000002,27.02721156398847,-42.995675314045734,32.66129387502527,33.046942690123494,33.046942975264905,0.784823132855685,21.0,4.655856855606544e-07
158.25,27.784899557981074,-42.50997077035743,33.676693202811144,33.04694271049073,33.046942991210116,0.7848231102928978,21.0,4.583647239542188e-07
158.3,28.533861335773135,-42.01091540728981,34.69209253138665,33.04694273054212,33.04694300690804,0.78482308808006,21.000000000000007,4.51255743882939e-07
158.35000000000002,29.273861675992364,-41.498665959778705,35.707491860739566,33.04694275028255,33.0469430223625,0.7848230662117217,20.999999999999996,4.4425675582715485e-07
158.4,30.00466817172419,-40.97338330653746,36.72289119085782,33.04694276971683,33.046943037577265,0.784823044682561,21.0,4.373667650270363e-07
158.45000000000002,30.72605130350226,-40.43523241953079,37.73829052172954,33.04694278884971,33.04694305255609,0.7848230234873128,21.0,4.3058321352873463e-07
158.5,31.437784511392078,-39.88438231216322,38.75368985334304,33.04694280768588,33.046943067302614,0.7848230026207901,20.999999999999996,4.239049644638726e-07
158.55,32.139644266145176,-39.32100598619813,39.769089185686816,33.04694282622994,33.04694308182046,0.7848229820778982,21.0,4.1733045463843155e-07
158.60000000000002,32.83141013940146,-38.74528037742432,40.784488518749555,33.0469428444864,33.04694309611313,0.784822961853628,21.0,4.108578366412985e-07
158.65,33.51286487291767,-38.157386300086955,41.79988785252011,33.046942862459744,33.04694311018414,0.7848229419430268,20.999999999999996,4.044854051699076e-07
158.70000000000002,34.18379444680022,-37.55750839010045,42.81528718698748,33.04694288015434,33.046943124036915,0.7848229223412346,20.999999999999996,3.982120233558817e-07
158.75,34.843988146721024,-36.94583504706115,43.83068652214089,33.046942897574525,33.046943137674866,0.7848229030434553,20.999999999999996,3.9203584378810774e-07
158.8,35.49323863009512,-36.32255837507792,44.84608585796966,33.046942914724546,33.0469431511013,0.784822884044992,21.0,3.859555874896614e-07
158.85000000000002,36.131341991199385,-35.6878741224393,45.861485194463356,33.0469429316086,33.04694316431954,0.7848228653411766,20.999999999999996,3.7996926494088257e-07
158.9,36.758097825211834,-35.0419816201362,46.87688453161165,33.04694294823081,33.04694317733274,0.7848228469274687,21.000000000000007,3.740763077075826e-07
158.95000000000002,37.373309291151436,-34.38508371925933,47.89228386940439,33.04694296459523,33.04694319014414,0.7848228287993422,21.0,3.682741578359128e-07
159.0,37.976783173698664,-33.71738672729113,48.907683207831575,33.04694298070587,33.04694320275685,0.7848228109523845,21.0,3.625625311087788e-07
159.05,38.56832994387731,-33.0391003433122,49.92308254688337,33.04694299656665,33.04694321517394,0.7848227933822329,21.0,3.569391537894262e-07
159.10000000000002,39.147763818578625,-32.3504375921425,50.938481886550115,33.04694301218146,33.04694322739846,0.7848227760845887,20.999999999999996,3.5140303111802496e-07
159.15,39.71490281890895,-31.651614757438082,51.953881226822226,33.0469430275541,33.04694323943338,0.7848227590552312,20.999999999999996,3.459528841176507e-07
159.20000000000002,40.26956882734265,-30.94285131376436,52.96928056769035,33.04694304268834,33.04694325128166,0.7848227422900038,20.999999999999996,3.405871495942847e-07
159.25,40.811587643662264,-30.224369857667206,53.98467990914522,33.04694305758787,33.04694326294619,0.7848227257847995,21.0,3.3530454857100267e-07
159.3,41.34078903966842,-29.496396037763542,55.00007925117779,33.04694307225632,33.04694327442979,0.7848227095355895,21.0,3.301040862879745e-07
159.35000000000002,41.857006812642304,-28.759158483873424,56.01547859377904,33.04694308669728,33.046943285735296,0.784822693538402,20.999999999999996,3.249841995511815e-07
159.4,42.36007883754379,-28.0128887352158,57.03087793694016,33.046943100914284,33.04694329686547,0.7848226777893288,20.999999999999996,3.199437514922465e-07
159.45000000000002,42.84984711792901,-27.257821167690548,58.04627728065246,33.046943114910796,33.046943307823014,0.784822662284526,21.0,3.1498146313424513e-07
159.5,43.32615783557124,-26.494192920269626,59.06167662490745,33.04694312869024,33.04694331861063,0.7848226470202064,21.0,3.10096055500253e-07
159.55,43.78886139876954,-25.722243820520433,60.07707596969666,33.04694314225598,33.04694332923093,0.7848226319926255,21.0,3.0528639172189287e-07
159.60000000000002,44.237812489330075,-24.942216309284767,61.09247531501181,33.04694315561133,33.046943339686514,0.784822617198131,20.999999999999996,3.0055161914788187e-07
159.65,44.67287010820519,-24.154355364537082,62.10787466084471,33.04694316875956,33.04694334997997,0.7848226026330991,21.0,2.95889890367107e-07
159.70000000000002,45.09389761977606,-23.35890842444589,63.123274007187405,33.04694318170388,33.046943360113744,0.7848225882939772,20.999999999999996,2.9130063694537967e-07
159.75,45.50076279476493,-22.55612530966253,64.13867335403197,33.04694319444744,33.04694337009036,0.7848225741772481,21.0,2.8678243779722834e-07
159.8,45.893337851763505,-21.746258144861677,65.15407270137057,33.04694320699336,33.046943379912264,0.7848225602794798,21.0,2.8233458237991726e-07
159.85000000000002,46.27149949736436,-20.929561279558246,66.16947204919555,33.04694321934471,33.04694338958184,0.7848225465972689,21.0,2.779553653908806e-07
159.9,46.63512896488293,-20.106291208225542,67.18487139749946,33.04694323150451,33.04694339910142,0.7848225331272616,21.0,2.736442183959298e-07
159.95000000000002,46.98411205165776,-19.276706489739773,68.2002707462748,33.04694324347572,33.04694340847337,0.7848225198661822,20.999999999999996,2.694001466352347e-07
160.0,47.31833915491736,-18.44106766617621,69.21567009551424,33.04694325526126,33.04694341769996,0.7848225068107837,20.999999999999996,2.652215869147767e-07
160.05,47.63770530620245,-17.599637180982484,70.23106944521062,33.04694326686403,33.04694342678345,0.7848224939578756,20.999999999999993,2.611079708003672e-07
160.10000000000002,47.94211020433268,-16.752679296554735,71.24646879535686,33.04694327828684,33.04694343572606,0.7848224813043245,20.999999999999996,2.570581614236289e-07
160.15,48.231458246907565,-15.90046001124251,72.26186814594593,33.0469432895325,33.04694344452999,0.7848224688470253,21.0,2.530710219161847e-07
160.20000000000002,48.505658560331725,-15.043246975808438,73.277267496971,33.04694330060375,33.04694345319736,0.7848224565829511,21.0,2.491459838438459e-07
160.25,48.76462502835491,-14.181309409368966,74.29266684842534,33.04694331150329,33.04694346173029,0.7848224445090963,20.999999999999996,2.4528148401259386e-07
160.3,49.008276319117975,-13.314918014842515,75.30806620030226,33.046943322233794,33.0469434701309,0.784822432622498,20.999999999999996,2.4147709609678714e-07
160.35000000000002,49.236535910696276,-12.444344893931637,76.32346555259514,33.04694333279787,33.046943478401225,0.7848224209202712,20.999999999999996,2.377319674451428e-07
160.4,49.44933211513235,-11.569863461665864,77.33886490529763,33.046943343198116,33.046943486543285,0.7848224093995455,21.000000000000007,2.3404453486364218e-07
160.45000000000002,49.64659810095052,-10.691748360532086,78.35426425840335,33.04694335343706,33.04694349455904,0.7848223980575142,21.0,2.3041451413519098e-07
160.5,49.828271914146185,-9.810275374219435,79.36966361190602,33.0469433635172,33.046943502450475,0.784822386891399,21.0,2.2684062628286483e-07
160.55,49.99429649764334,-8.925721341005751,80.3850629657995,33.04694337344101,33.046943510219535,0.7848223758984787,21.0,2.2332230287247512e-07
160.60000000000002,50.14461970921408,-8.038364066812848,81.40046232007771,33.0469433832109,33.04694351786807,0.7848223650760602,21.0,2.1985840703564463e-07
160.65,50.279194337854605,-7.148482237957879,82.41586167473474,33.04694339282928,33.046943525398,0.7848223544215003,20.999999999999996,2.1644837033818476e-07
160.70000000000002,50.39797811861243,-6.256355333628188,83.43126102976463,33.04694340229847,33.04694353281116,0.7848223439321984,20.999999999999996,2.1309119802026544e-07
160.75,50.500933745860294,-5.36226353810717,84.44666038516162,33.0469434116208,33.04694354010936,0.7848223336055824,21.0,2.0978603743060376e-07
160.8,50.5880288850125,-4.466487652778669,85.46205974092008,33.04694342079855,33.046943547294326,0.7848223234391511,21.0,2.065323201350111e-07
160.85000000000002,50.65923618267999,-3.56930900793758,86.47745909703437,33.046943429833966,33.04694355436786,0.7848223134303964,21.0,2.0332862504801597e-07
160.9,50.71453327526109,-2.6710093744343277,87.49285845349897,33.046943438729244,33.046943561331695,0.7848223035768882,21.000000000000007,2.001750942781655e-07
160.95000000000002,50.75390279596507,-1.771870875180993,88.50825781030844,33.04694344748657,33.046943568187494,0.7848222938762035,20.999999999999996,1.97070164631441e-07
161.0,50.77733238026645,-0.8721758965468648,89.52365716745739,33.04694345610806,33.046943574936996,0.7848222843259833,21.000000000000007,1.9401369399929536e-07
161.05,50.78481466978824,0.02779300032875076,90.53905652494062,33.04694346459584,33.0469435815818,0.7848222749238971,21.0,1.9100440340480418e-07
161.10000000000002,50.776347314612934,0.9277531682786081,91.55445588275292,33.04694347295198,33.04694358812356,0.7848222656676356,20.999999999999993,1.8804172441377887e-07
161.15,50.751932974020555,1.82742196287662,92.56985524088921,33.04694348117852,33.04694359456383,0.7848222565549463,21.0,1.8512523070057796e-07
161.20000000000002,50.71157931565346,2.726516831206093,93.58525459934442,33.046943489277474,33.04694360090421,0.7848222475835982,21.0,1.8225378539682424e-07
161.25,50.65529901310825,3.6247554005992244,94.60065395811368,33.04694349725081,33.04694360714624,0.7848222387514028,21.0,1.7942696217687626e-07
161.3,50.58310974195544,4.5218555673199905,95.61605331719204,33.04694350510049,33.04694361329149,0.7848222300562,21.000000000000007,1.766439083894511e-07
161.35000000000002,50.49503417418823,5.41753558516257,96.6314526765747,33.04694351282841,33.046943619341434,0.7848222214958582,20.999999999999996,1.7390405560036015e-07
161.4,50.39109997110206,6.311514153937484,97.646852036257,33.04694352043648,33.04694362529751,0.7848222130682956,20.999999999999996,1.712068353754148e-07
161.45000000000002,50.27133977460724,7.203510507817657,98.66225139623425,33.04694352792655,33.04694363116121,0.7848222047714515,21.0,1.6855125295478501e-07
161.5,50.135791196977316,8.093244503516654,99.67765075650193,33.046943535300464,33.04694363693397,0.7848221966032938,21.0,1.659368820128293e-07
161.55,49.984496809036436,8.980436708271403,100.6930501170555,33.046943542559994,33.046943642617194,0.784822188561833,21.000000000000007,1.6336315411535907e-07
161.60000000000002,49.81750412678943,9.864808487601765,101.70844947789048,33.04694354970694,33.046943648212256,0.7848221806450937,20.999999999999996,1.608292166110914e-07
161.65,49.6348655964988,10.746082092819394,102.72384883900256,33.04694355674303,33.04694365372057,0.7848221728511504,20.999999999999993,1.58334785282932e-07
161.70000000000002,49.43663857821325,11.623980748258402,103.73924820038745,33.04694356367,33.04694365914342,0.7848221651780989,21.0,1.5587886537105078e-07
161.75,49.22288532775302,12.498228738200437,104.75464756204089,33.046943570489525,33.04694366448219,0.784822157624049,20.999999999999996,1.534610305498063e-07
161.8,48.993672977157644,13.368551493466862,105.77004692395873,33.04694357720329,33.046943669738134,0.7848221501871748,20.999999999999996,1.5108099660210428e-07
161.85000000000002,48.74907351360221,14.23467567765086,106.78544628613683,33.04694358381292,33.04694367491257,0.7848221428656572,21.0,1.4873748455102032e-07
161.9,48.48916375678887,15.096329272962357,107.8008456485712,33.04694359032003,33.046943680006734,0.7848221356576914,20.999999999999996,1.4643035228800727e-07
161.95000000000002,48.21402533482057,15.953241665658831,108.81624501125788,33.04694359672623,33.046943685021894,0.7848221285615296,20.999999999999996,1.4415931559597084e-07
162.0,47.92374465856469,16.805143731035145,109.83164437419289,33.04694360303306,33.04694368995928,0.7848221215754307,21.0,1.419232376065338e-07
162.05,47.61841289451455,17.65176791794574,110.84704373737243,33.04694360924207,33.04694369482007,0.7848221146976968,20.999999999999996,1.39721976211149e-07
162.10000000000002,47.298125936157376,18.492848332832637,111.86244310079272,33.046943615354785,33.046943699605464,0.7848221079266366,20.999999999999996,1.3755467875853356e-07
162.15,46.96298437385769,19.32812082323282,112.87784246445001,33.0469436213727,33.046943704316625,0.7848221012606018,21.0,1.3542120314014028e-07
162.20000000000002,46.613093463265535,20.157323060738843,113.89324182834056,33.04694362729726,33.04694370895475,0.784822094697958,20.999999999999996,1.3332069670468627e-07
162.25,46.24856309225961,20.980194623386552,114.90864119246083,33.04694363312994,33.046943713520925,0.7848220882371066,20.999999999999993,1.3125287523507723e-07
162.3,45.869507746435474,21.79647707744406,115.92404055680726,33.04694363887215,33.04694371801626,0.7848220818764702,20.999999999999996,1.292170281885774e-07
162.35000000000002,45.47604647314984,22.605914058576285,116.93943992137626,33.0469436445253,33.046943722441895,0.7848220756144926,21.0,1.272127292395453e-07
162.4,45.0683028441322,23.408251352359596,117.9548392861645,33.04694365009077,33.046943726798844,0.7848220694496391,20.999999999999996,1.252395520623395e-07
162.45000000000002,44.64640491667545,24.20323697412121,118.9702386511685,33.04694365556992,33.04694373108824,0.7848220633804104,20.999999999999993,1.2329707033131854e-07
162.5,44.21048519341783,24.99062124807834,119.98563801638491,33.04694366096408,33.046943735311096,0.7848220574053215,21.0,1.2138457350374665e-07
162.55,43.7606805807287,25.770156885752193,121.00103738181049,33.046943666274586,33.04694373946845,0.7848220515229087,21.000000000000007,1.1950177736252954e-07
162.60000000000002,43.29713234571128,26.541599063632194,122.01643674744194,33.04694367150272,33.04694374356132,0.7848220457317296,20.999999999999996,1.1764825558202574e-07
162.65,42.819986071835864,27.304705500066067,123.03183611327606,33.046943676649754,33.04694374759075,0.7848220400303774,21.0,1.158235818365938e-07
162.70000000000002,42.32939161321737,28.05923653135161,124.04723547930975,33.04694368171697,33.04694375155763,0.7848220344174663,21.0,1.1402704558349797e-07
162.75,41.825503047551685,28.80495518700626,125.06263484553986,33.04694368670559,33.046943755463026,0.7848220288916039,21.0,1.1225822049709677e-07
162.8,41.308478627725535,29.541627264190833,126.07803421196341,33.04694369161684,33.04694375930782,0.7848220234514613,21.0,1.1051724868593737e-07
162.85000000000002,40.77848073211504,30.269021401264023,127.09343357857739,33.04694369645191,33.046943763092976,0.7848220180956957,20.999999999999993,1.088028511730954e-07
162.9,40.235675813588664,30.98690915044461,128.1088329453788,33.04694370121199,33.04694376681944,0.7848220128229997,20.999999999999993,1.0711531217566517e-07
162.95000000000002,39.680234347230446,31.69506504955852,129.12423231236477,33.04694370589823,33.04694377048809,0.7848220076320942,20.999999999999996,1.054539211509109e-07
163.0,39.11233077680007,32.393266692848215,130.1396316795324,33.04694371051179,33.04694377409984,0.7848220025216932,20.999999999999993,1.03818109664644e-07
163.05,38.53214345994648,33.081294800822185,131.15503104687895,33.04694371505379,33.04694377765558,0.7848219974905604,20.999999999999996,1.0220801982541161e-07
163.10000000000002,37.939854612192306,33.75893328912257,132.17043041440152,33.04694371952535,33.04694378115617,0.7848219925374735,21.0,1.0062265687338368e-07
163.15,37.335650249706624,34.42596933638933,133.1858297820975,33.04694372392755,33.04694378460245,0.7848219876612035,21.0,9.906173659146589e-08
163.20000000000002,36.719720130884156,35.08219345109965,134.20122914996418,33.04694372826147,33.04694378799528,0.7848219828605707,21.0,9.75254010882054e-08
163.25,36.0922576967491,35.727399537361485,135.2166285179988,33.04694373252817,33.046943791335515,0.7848219781343957,21.0,9.601265560377215e-08
163.3,35.453460010202434,36.36138495964076,136.23202788619895,33.0469437367287,33.04694379462389,0.7848219734815274,20.999999999999996,9.452350013816613e-08
163.35000000000002,34.803527694131674,36.98395060640172,137.24742725456193,33.046943740864066,33.04694379786129,0.7848219689008289,21.000000000000007,9.305736625719874e-08
163.4,34.142664868402605,37.594900952640586,138.2628266230852,33.0469437449353,33.04694380104847,0.7848219643911847,20.999999999999996,9.161396974377567e-08
163.45000000000002,33.47107908575273,38.19404412129275,139.27822599176633,33.046943748943384,33.0469438041862,0.7848219599514863,21.0,9.019288427225547e-08
163.5,32.78898126660658,38.781191943494335,140.29362536060287,33.0469437528893,33.04694380727525,0.7848219555806537,20.999999999999996,8.879396773409098e-08
163.55,32.096585632833346,39.35616001767912,141.3090247295924,33.04694375677401,33.04694381031642,0.784821951277614,20.999999999999996,8.74166516950936e-08
163.60000000000002,31.39410964046768,39.91876776749232,142.32442409873255,33.04694376059847,33.04694381331037,0.7848219470413156,21.0,8.606079404671618e-08
163.65,30.681773911414716,40.46883849850296,143.33982346802094,33.046943764363604,33.04694381625793,0.7848219428707282,21.0,8.472596846331726e-08
163.70000000000002,29.959802164160852,41.00619945369714,144.35522283745527,33.04694376807034,33.04694381915977,0.7848219387648285,21.0,8.341174861925538e-08
163.75,29.228421143511984,41.53068186773466,145.3706222070334,33.04694377171959,33.04694382201659,0.7848219347226078,20.999999999999996,8.211799240598339e-08
163.8,28.48786054938129,42.042121019952,146.38602157675294,33.04694377531223,33.046943824829086,0.7848219307430924,21.0,8.084441560640698e-08
163.85000000000002,27.73835296464892,42.54035628609507,147.4014209466118,33.04694377884915,33.04694382759797,0.7848219268253018,21.0,7.95903076777904e-08
163.9,26.980133782116276,43.02523118876536,148.41682031660775,33.046943782331205,33.04694383032393,0.7848219229682769,21.000000000000007,7.835581072868081e-08
163.95000000000002,26.213441130577745,43.49659344656377,149.4322196867387,33.046943785759254,33.046943833007596,0.7848219191710797,20.999999999999996,7.714049843343673e-08
164.0,25.43851580003322,43.95429502191659,150.44761905700258,33.04694378913414,33.046943835649635,0.7848219154327793,21.0,7.594394446641672e-08
164.05,24.655601166064788,44.39819216756869,151.46301842739732,33.04694379245667,33.04694383825069,0.7848219117524593,21.0,7.476600671907363e-08
164.10000000000002,23.864943113401413,44.82814547172922,152.47841779792088,33.04694379572768,33.046943840811394,0.7848219081292314,21.0,7.360640097431315e-08
164.15,23.06678995869556,45.244019901855786,153.4938171685712,33.04694379894794,33.0469438433324,0.7848219045622002,20.999999999999996,7.246455879794667e-08
164.20000000000002,22.261392372536054,45.645684847063166,154.50921653934643,33.046943802118264,33.04694384581428,0.7848219010504991,21.0,7.134062229852134e-08
164.25,21.44900330072167,46.03301415914343,155.52461591024456,33.0469438052394,33.04694384825765,0.7848218975932681,21.0,7.023402304184856e-08
164.3,20.629877884820132,46.40588619218443,156.5400152812637,33.046943808312136,33.04694385066316,0.7848218941896477,20.999999999999996,6.914461891938117e-08
164.35000000000002,19.804273382037522,46.76418384077437,157.55541465240194,33.046943811337215,33.046943853031344,0.7848218908388276,21.0,6.807240993111918e-08
164.4,18.972449084423243,47.107794576780265,158.5708140236575,33.04694381431536,33.0469438553628,0.7848218875399837,21.00000000000001,6.701640131723252e-08
164.45000000000002,18.1346662374359,47.436610484688906,159.58621339502852,33.04694381724732,33.04694385765807,0.784821884292306,21.0,6.59768772948155e-08
164.5,17.29118795789571,47.75052829549919,160.60161276651323,33.0469438201338,33.04694385991775,0.7848218810950058,20.999999999999996,6.49535536467738e-08
164.55,16.442279151349155,48.04944941915509,161.61701213810977,33.046943822975514,33.0469438621424,0.7848218779472944,20.999999999999993,6.394600404746598e-08
164.60000000000002,15.588206428871896,48.3332799755092,162.63241150981656,33.04694382577315,33.04694386433251,0.7848218748484115,20.999999999999996,6.295422849689203e-08
164.65,14.729238023336013,48.601930823807024,163.64781088163178,33.04694382852739,33.04694386648867,0.7848218717975897,20.999999999999996,6.197765856086335e-08
164.70000000000002,13.865643705167914,48.85531759068284,164.66321025355379,33.046943831238906,33.0469438686114,0.78482186879409,20.999999999999993,6.101643634792708e-08
164.75,12.997694697623354,49.09336069665824,165.6786096255809,33.04694383390837,33.0469438707012,0.7848218658371806,20.999999999999996,6.006999342389463e-08
164.8,12.12566359160617,49.31598538113516,166.69400899771153,33.04694383653643,33.046943872758575,0.7848218629261297,20.999999999999993,5.9138187680218834e-08
164.85000000000002,11.249824260057487,49.52312172587542,167.70940836994404,33.04694383912373,33.04694387478404,0.7848218600602337,20.999999999999996,5.82210191168997e-08
164.9,10.370451771942287,49.71470467695949,168.72480774227688,33.046943841670895,33.04694387677811,0.7848218572387893,20.999999999999996,5.731791929974861e-08
164.95000000000002,9.487822305860348,49.89067406521754,169.74020711470845,33.04694384417855,33.04694387874122,0.7848218544611143,21.0,5.642888822876557e-08
165.0,8.602213063308687,50.05097462512634,170.75560648723732,33.04694384664731,33.046943880673865,0.7848218517265195,21.0,5.555349957830913e-08
165.05,7.713902181622754,50.195556012166165,171.77100585986182,33.04694384907778,33.04694388257656,0.784821849034337,21.0,5.469189545692643e-08
165.10000000000002,6.823168646623706,50.32437281863216,172.7864052325806,33.046943851470544,33.04694388444973,0.7848218463839132,20.999999999999996,5.3843649538976024e-08
165.15,5.930292204999204,50.437384587895224,173.8018046053921,33.04694385382621,33.04694388629386,0.7848218437745942,20.999999999999993,5.30084776073636e-08
165.20000000000002,5.035553276445258,50.53455582710795,174.81720397829494,33.046943856145326,33.04694388810938,0.7848218412057548,21.0,5.2186379662089166e-08
165.25,4.139232865596693,50.615856018351636,175.83260335128767,33.04694385842848,33.046943889896774,0.7848218386767556,21.0,5.137678726896411e-08
165.3,3.241612473773915,50.68125962822084,176.84800272436897,33.04694386067621,33.0469438916564,0.7848218361869854,20.999999999999996,5.057998464508273e-08
165.35000000000002,2.3429740105736845,50.73074611584249,177.86340209753737,33.04694386288908,33.04694389338874,0.7848218337358333,20.999999999999993,4.979540335625643e-08
165.4,1.4435997053316627,50.76429993932702,178.8788014707916,33.046943865067625,33.04694389509423,0.7848218313227022,20.999999999999996,4.90230434024852e-08
165.45000000000002,0.5437720184845439,50.78191056064949,179.89420084413027,33.046943867212384,33.04694389677326,0.7848218289469955,20.999999999999996,4.826262056667474e-08
165.5,-0.35622644714039586,50.78357244895924,-179.0903997824479,33.046943869323876,33.04694389842622,0.7848218266081375,21.0,4.751413484882505e-08
165.55,-1.2561130350804688,50.769285082316884,-178.0750004089442,33.04694387140262,33.04694390005355,0.7848218243055669,20.999999999999996,4.6777159923294676e-08
165.60000000000002,-2.15560512400959,50.73905294785824,-177.05960103535992,33.046943873449116,33.046943901655666,0.7848218220387011,21.0,4.605141157298931e-08
165.65,-3.054420216499258,50.69288554038511,-176.04420166169626,33.04694387546387,33.04694390323292,0.784821819807,20.999999999999996,4.533731612355041e-08
165.70000000000002,-3.9522760277406213,50.6307973593833,-175.0288022879545,33.04694387744737,33.04694390478569,0.7848218176099166,20.999999999999996,4.463402092369506e-08
165.75,-4.848890574199771,50.55280790446886,-174.01340291413587,33.04694387940011,33.04694390631438,0.7848218154469109,21.000000000000007,4.394166808197042e-08
165.8,-5.743982262178417,50.45894166926397,-172.99800354024154,33.04694388132256,33.046943907819376,0.7848218133174569,21.000000000000007,4.326011548982933e-08
165.85000000000002,-6.637269976252121,50.34922813370442,-171.98260416627264,33.046943883215185,33.04694390930102,0.7848218112210219,20.999999999999996,4.258907893017749e-08
165.9,-7.528473167558334,50.22370175478102,-170.96720479223035,33.04694388507846,33.04694391075967,0.7848218091571084,20.999999999999996,4.1928700511562056e-08
165.95000000000002,-8.417311941906489,50.08240195571793,-169.95180541811584,33.046943886912835,33.04694391219571,0.784821807125212,20.999999999999996,4.127826969124726e-08
166.0,-9.303507147682488,49.925373113591284,-168.93640604393022,33.04694388871876,33.04694391360946,0.7848218051248352,20.999999999999996,4.063792857778026e-08
166.05,-10.186780463519973,49.75266454539198,-167.9210066696746,33.046943890496664,33.0469439150013,0.7848218031554808,21.0,4.00075350626139e-08
166.10000000000002,-11.066854485710847,49.56433049253701,-166.90560729535002,33.04694389224699,33.04694391637156,0.7848218012166726,21.0,3.938708914574818e-08
166.15,-11.94345281532759,49.36043010383425,-165.8902079209576,33.04694389397017,33.04694391772057,0.7848217993079345,20.999999999999996,3.8776164501541643e-08
166.20000000000002,-12.816300145030013,49.14102741690596,-164.87480854649837,33.04694389566663,33.04694391904864,0.7848217974288048,21.000000000000007,3.8174761129994295e-08
166.25,-13.685122345529187,48.90619133807698,-163.85940917197337,33.046943897336774,33.04694392035609,0.7848217955788215,20.999999999999996,3.758259481401183e-08
166.3,-14.54964655168138,48.6559956207337,-162.8440097973836,33.04694389898101,33.0469439216433,0.784821793757537,21.0,3.699966555359424e-08
166.35000000000002,-15.409601248184984,48.390518842160894,-161.8286104227301,33.04694390059975,33.04694392291052,0.7848217919645037,20.999999999999996,3.642568913164723e-08
166.4,-16.264716354853494,48.109844378863464,-160.81321104801384,33.04694390219337,33.04694392415808,0.784821790199274,21.000000000000007,3.58606655481708e-08
166.45000000000002,-17.114723311437785,47.814060380380944,-159.79781167323577,33.04694390376228,33.04694392538629,0.7848217884614286,21.0,3.5304594803164946e-08
166.5,-17.959355161971022,47.50325974160296,-158.78241229839688,33.046943905306854,33.04694392659546,0.784821786750534,21.0,3.475690846244106e-08
166.55,-18.798346638609715,47.17754007359437,-157.76701292349813,33.04694390682747,33.046943927785854,0.7848217850661783,21.000000000000007,3.421789074309345e-08
166.60000000000002,-19.631434244944625,46.83700367293922,-156.7516135485404,33.0469439083245,33.04694392895781,0.7848217834079492,20.999999999999996,3.3687115319480654e-08
166.65,-20.458356338755298,46.4817574896131,-155.73621417352464,33.04694390979831,33.04694393011159,0.7848217817754346,21.0,3.3164582191602676e-08
166.70000000000002,-21.278853214182284,46.11191309339416,-154.72081479845176,33.04694391124926,33.04694393124746,0.7848217801682509,21.000000000000007,3.2650291359459516e-08
166.75,-22.092667183291205,45.72758663882306,-153.7054154233226,33.0469439126777,33.046943932365714,0.7848217785859859,20.999999999999993,3.2143674388862564e-08
166.8,-22.899542657003078,45.328898828723176,-152.69001604813806,33.04694391408399,33.04694393346662,0.7848217770282702,20.999999999999993,3.164529971400043e-08
166.85000000000002,-23.699226225365454,44.9159748762922,-151.674616672899,33.04694391546847,33.04694393455046,0.7848217754947129,21.0,3.11543146835902e-08
166.9,-24.491466737139188,44.48894446577734,-150.6592172976063,33.04694391683147,33.04694393561749,0.7848217739849446,21.000000000000007,3.067114562327333e-08
166.95000000000002,-25.276015378675808,44.047941711746205,-149.64381792226072,33.046943918173326,33.04694393666795,0.7848217724985957,21.0,3.019536620740837e-08
167.0,-26.052625752060752,43.59310511696639,-148.62841854686312,33.04694391949437,33.046943937702146,0.7848217710352969,20.999999999999996,2.972697643599531e-08
167.05,-26.82105395249791,43.124577528906826,-147.6130191714143,33.046943920794924,33.04694393872027,0.7848217695946929,21.0,2.926597630903416e-08
167.10000000000002,-27.581058644911145,42.642506094874626,-146.59761979591508,33.04694392207531,33.046943939722624,0.7848217681764424,21.0,2.8812081609430606e-08
167.15,-28.332401139738806,42.14704221580154,-145.5822204203662,33.04694392333583,33.046943940709426,0.7848217667801833,20.999999999999993,2.836500812009035e-08
167.20000000000002,-29.07484546789733,41.63834149869448,-144.56682104476846,33.0469439245768,33.04694394168093,0.7848217654055816,21.0,2.792518216665485e-08
167.25,-29.808158454890474,41.11656370776505,-143.5514216691226,33.04694392579852,33.04694394263735,0.7848217640523032,20.999999999999996,2.7492035314935492e-08
167.3,-30.53210979404087,40.58187271425352,-142.53602229342937,33.046943927001294,33.046943943578924,0.7848217627200214,20.999999999999996,2.706556756493228e-08
167.35000000000002,-31.246472118820883,40.03443644496284,-141.5206229176895,33.04694392818541,33.04694394450593,0.784821761408395,20.999999999999996,2.664563680809806e-08
167.4,-31.951021074260094,39.47442682951904,-140.50522354190372,33.04694392935115,33.046943945418526,0.7848217601171186,21.0,2.623252726152714e-08
167.45000000000002,-32.64553538740696,38.902019746374414,-139.48982416607276,33.04694393049883,33.04694394631695,0.7848217588458724,20.999999999999996,2.5825528382483753e-08
167.5,-33.32979693682251,38.317394967570586,-138.47442479019728,33.04694393162869,33.04694394720147,0.7848217575943366,20.999999999999996,2.542492438806221e-08
167.55,-34.00359082108431,37.7207361022787,-137.45902541427802,33.04694393274104,33.046943948072276,0.7848217563622129,20.999999999999996,2.5030715278262505e-08
167.60000000000002,-34.666705426279066,37.11223053913453,-136.44362603831564,33.046943933836125,33.04694394892956,0.7848217551492027,21.0,2.4642474727443187e-08
167.65,-35.318932492462814,36.49206938738658,-135.42822666231078,33.046943934914225,33.046943949773556,0.7848217539550149,20.999999999999996,2.4260202735604253e-08
167.70000000000002,-35.96006717906771,35.8604474168757,-134.41282728626413,33.046943935975605,33.046943950604465,0.7848217527793366,21.0,2.388375719419855e-08
167.75,-36.58990812923493,35.217562996865034,-133.39742791017633,33.04694393702053,33.04694395142247,0.7848217516219052,21.000000000000007,2.351356442886754e-08
167.8,-37.20825753305347,34.5636180337395,-132.38202853404803,33.04694393804924,33.046943952227785,0.784821750482422,20.999999999999996,2.3148629679781152e-08
167.85000000000002,-37.81492118968497,33.898817907594434,-131.36662915787983,33.04694393906199,33.04694395302062,0.78482174936061,21.0,2.278966348967515e-08
167.9,-38.40970856835508,33.22337140773324,-130.3512297816724,33.04694394005904,33.04694395380116,0.7848217482561992,21.0,2.2436239532908075e-08
167.95000000000002,-38.992432868192154,32.53749066709432,-129.33583040542626,33.046943941040624,33.046943954569585,0.7848217471689267,20.999999999999996,2.208821570093278e-08
168.0,-39.562911076894565,31.841391095627927,-128.3204310291421,33.046943942006976,33.0469439553261,0.7848217460985083,21.0,2.1745449885202106e-08
168.05,-40.120964028208135,31.135291312643815,-127.30503165282046,33.04694394295834,33.04694395607088,0.7848217450446953,20.999999999999996,2.1408368411357515e-08
168.10000000000002,-40.6664164581957,30.41941307815092,-126.28963227646196,33.04694394389495,33.04694395680409,0.7848217440072247,21.0,2.1076260736663244e-08
168.15,-41.19909706028105,29.693981223210713,-125.27423290006713,33.04694394481704,33.046943957525954,0.784821742985855,20.999999999999996,2.0749411078213598e-08
168.20000000000002,-41.71883853905004,28.959223579325993,-124.25883352363657,33.04694394572481,33.04694395823662,0.7848217419803234,20.999999999999996,2.042739311036712e-08
168.25,-42.22547766279195,28.215370906887404,-123.24343414717079,33.04694394661851,33.046943958936254,0.7848217409903882,20.999999999999996,2.0110633158765268e-08
168.3,-42.71885531476456,27.46265682270006,-122.22803477067038,33.04694394749835,33.04694395962504,0.7848217400158077,20.999999999999996,1.9798704897766584e-08
168.35000000000002,-43.19881654316688,26.701317726613077,-121.21263539413584,33.04694394836454,33.04694396030313,0.7848217390563477,21.0,1.9491608327371068e-08
168.4,-43.66521060980381,25.93159272727509,-120.19723601756772,33.0469439492173,33.046943960970715,0.7848217381117664,21.0,1.918920133903157e-08
168.45000000000002,-44.11789103742749,25.15372356703897,-119.18183664096655,33.04694395005683,33.04694396162793,0.7848217371818365,21.0,1.889162604129524e-08
168.5,-44.55671565574042,24.367954546039467,-118.16643726433283,33.04694395088333,33.046943962274966,0.7848217362663306,20.999999999999993,1.8598598217067774e-08
168.55,-44.98154664604591,23.574532445467486,-117.15103788766706,33.04694395169702,33.04694396291197,0.7848217353650213,20.999999999999996,1.8310117866349174e-08
168.60000000000002,-45.39225058453191,22.773706450065184,-116.13563851096973,33.04694395249809,33.04694396353906,0.7848217344776955,20.999999999999996,1.8026184989139438e-08
168.65,-45.78869848417448,21.96572806986619,-115.12023913424136,33.04694395328673,33.04694396415646,0.7848217336041259,20.999999999999996,1.7746515368344262e-08
168.70000000000002,-46.17076583524794,21.150851061205554,-114.10483975748241,33.046943954063146,33.04694396476426,0.7848217327441134,21.0,1.747139322105795e-08
168.75,-46.53833264442874,20.32933134702418,-113.08944038069335,33.046943954827505,33.04694396536265,0.7848217318974307,21.0,1.7200250113091897e-08
168.8,-46.89128347248101,19.501426936492855,-112.07404100387467,33.04694395558002,33.046943965951755,0.784821731063893,20.999999999999996,1.6933654478634708e-08
168.85000000000002,-47.22950747051173,18.667397843981018,-111.05864162702682,33.04694395632086,33.04694396653172,0.7848217302432801,20.999999999999996,1.667075366640347e-08
168.9,-47.552898414784345,17.827506007395815,-110.04324225015023,33.0469439570502,33.046943967102685,0.784821729435393,21.000000000000007,1.6412258219133946e-08
168.95000000000002,-47.86135474007973,16.982015205917016,-109.02784287324536,33.04694395776824,33.046943967664795,0.7848217286400399,21.0,1.6157741811184678e-08
169.0,-48.154779571594084,16.13119097715365,-108.01244349631266,33.04694395847514,33.046943968218194,0.7848217278570147,21.000000000000007,1.5907062334008515e-08
169.05,-48.43308075536375,15.27530053374842,-106.99704411935255,33.04694395917107,33.046943968762996,0.7848217270861468,20.999999999999996,1.566050400469976e-08
169.10000000000002,-48.69617088720739,14.414612679455995,-105.98164474236546,33.04694395985621,33.04694396929937,0.7848217263272232,20.999999999999996,1.5417356280522654e-08
169.15,-48.94396734017644,13.54939772472165,-104.96624536535181,33.04694396053072,33.046943969827396,0.7848217255800805,20.999999999999996,1.5178471812760108e-08
169.20000000000002,-49.176392290505206,12.679927401786664,-103.95084598831201,33.04694396119476,33.04694397034725,0.7848217248445195,20.999999999999993,1.494285584158206e-08
169.25,-49.39337274205242,11.806474779347205,-102.93544661124648,33.04694396184852,33.04694397085904,0.784821724120377,21.0,1.4711218909724266e-08
169.3,-49.59484054922668,10.92931417679349,-101.92004723415558,33.04694396249213,33.04694397136289,0.784821723407461,21.0,1.448285047445097e-08
169.35000000000002,-49.78073243838846,10.048721078056131,-100.90464785703973,33.04694396312575,33.046943971858916,0.7848217227056011,20.999999999999996,1.4258318969950778e-08
169.4,-49.95099002772205,9.16497204508675,-99.88924847989931,33.04694396374955,33.04694397234725,0.7848217220146338,21.000000000000007,1.4037198070582235e-08
169.45000000000002,-50.10555984557112,8.278344631000028,-98.87384910273471,33.04694396436367,33.04694397282801,0.7848217213343816,20.999999999999996,1.3819345667798189e-08
169.5,-50.24439334723223,7.389117292904468,-97.85844972554631,33.046943964968264,33.046943973301325,0.7848217206646737,21.000000000000007,1.3605045978692942e-08
169.55,-50.36744693020093,6.497569304449239,-96.84305034833446,33.046943965563486,33.04694397376729,0.784821720005354,20.999999999999996,1.3394156894719345e-08
169.60000000000002,-50.47468194786568,5.603980668114578,-95.82765097109954,33.04694396614947,33.046943974226025,0.7848217193562661,20.999999999999996,1.3186394198783091e-08
169.65,-50.56606472164539,4.708632027273298,-94.81225159384189,33.04694396672637,33.04694397467766,0.7848217187172395,20.999999999999993,1.2981757890884182e-08
169.70000000000002,-50.64156655156656,3.8118045780510106,-93.79685221656189,33.04694396729432,33.04694397512227,0.7848217180881321,21.0,1.2780532188116922e-08
169.75,-50.701163725276935,2.913779981012747,-92.78145283925987,33.04694396785346,33.046943975560005,0.7848217174687804,20.999999999999996,1.2582148656292702e-08
169.8,-50.744837525492656,2.0148402727037205,-91.76605346193617,33.04694396840392,33.046943975990935,0.7848217168590281,21.0,1.2387033621052979e-08
169.85000000000002,-50.7725742358767,1.1152677770720056,-90.7506540845911,33.046943968945854,33.046943976415186,0.7848217162587403,20.999999999999996,1.21950449738506e-08
169.9,-50.78436514534664,0.21534501680095242,-89.73525470722505,33.04694396947938,33.04694397683284,0.7848217156677606,20.999999999999993,1.2005756389044109e-08
169.95000000000002,-50.780206550810526,-0.6846453754208114,-88.71985532983831,33.04694397000463,33.046943977244034,0.7848217150859469,21.0,1.1819594192274963e-08
170.0,-50.760099758329844,-1.5844207456639285,-87.70445595243119,33.04694397052173,33.04694397764885,0.7848217145131642,21.0,1.1636274166448857e-08
170.05,-50.72405108270935,-2.4836985075295317,-86.68905657500405,33.04694397103081,33.046943978047395,0.7848217139492562,20.999999999999996,1.145565420301864e-08
170.10000000000002,-50.672071845513834,-3.382196230899253,-85.67365719755715,33.046943971531995,33.04694397843973,0.784821713394102,21.000000000000007,1.1278160627625766e-08
170.15,-50.60417837151241,-4.279631730636153,-84.65825782009082,33.04694397202541,33.046943978826,0.7848217128475525,20.999999999999996,1.1103082897534478e-08
170.20000000000002,-50.52039198355153,-5.175723155208706,-83.64285844260537,33.04694397251116,33.046943979206276,0.7848217123094869,20.999999999999996,1.0930989446933381e-08
170.25,-50.42073899585822,-6.0701890752100205,-82.62745906510108,33.04694397298938,33.04694397958065,0.7848217117797631,20.999999999999996,1.076131184163387e-08
170.3,-50.30525070577582,-6.962748571744477,-81.61205968757827,33.04694397346019,33.046943979949226,0.7848217112582603,20.999999999999996,1.0594476407277398e-08
170.35000000000002,-50.17396338393455,-7.853121324654036,-80.59666031003718,33.04694397392369,33.04694398031207,0.7848217107448434,20.999999999999996,1.043005681822251e-08
170.4,-50.026918262860306,-8.741027700556508,-79.58126093247813,33.04694397438001,33.04694398066929,0.7848217102393917,21.0,1.0268337291563512e-08
170.45000000000002,-49.86416152402501,-9.626188840668126,-78.56586155490139,33.04694397482924,33.046943981020995,0.7848217097417773,21.0,1.0109033610206097e-08
170.5,-49.68574428334271,-10.508326748382853,-77.55046217730724,33.04694397527151,33.04694398136722,0.7848217092518794,21.0,9.95228788269742e-09
170.55,-49.49172257511594,-11.3871643765809,-76.53506279969594,33.04694397570692,33.046943981708075,0.7848217087695843,20.999999999999996,9.797958000490326e-09
170.60000000000002,-49.28215733443744,-12.262425714639061,-75.51966342206775,33.04694397613557,33.04694398204364,0.7848217082947713,21.0,9.645901855037664e-09
170.65,-49.057114378052624,-13.133835875115505,-74.50426404442295,33.04694397655758,33.046943982374025,0.7848217078273123,20.999999999999996,9.496261554886587e-09
170.70000000000002,-48.816664383689,-14.001121180081832,-73.48886466676178,33.04694397697304,33.04694398269927,0.7848217073671151,20.999999999999996,9.349179208584246e-09
170.75,-48.56088286785888,-14.864009247075256,-72.47346528908452,33.04694397738205,33.04694398301947,0.7848217069140517,20.999999999999996,9.203944273394882e-09
170.8,-48.289850162142415,-15.722229074643934,-71.45806591139139,33.04694397778472,33.0469439833347,0.7848217064680156,20.999999999999996,9.061267292054254e-09
170.85000000000002,-48.003651387958406,-16.575511127458576,-70.44266653368264,33.04694397818115,33.04694398364503,0.7848217060289002,21.0,8.920721938920906e-09
170.9,-47.70237642983077,-17.423587420963585,-69.42726715595853,33.04694397857143,33.04694398395057,0.7848217055965918,20.999999999999996,8.782308213994838e-09
170.95000000000002,-47.38611990715914,-18.266191605541167,-68.41186777821929,33.04694397895565,33.046943984251364,0.7848217051709909,21.0,8.646168225823203e-09
171.0,-47.05498114450237,-19.103059050161963,-67.39646840046515,33.04694397933392,33.04694398454749,0.7848217047519839,21.0,8.512017757311696e-09
171.05,-46.70906414038434,-19.93392692549595,-66.38106902269635,33.04694397970631,33.04694398483902,0.7848217043394854,20.999999999999996,8.380141025554622e-09
171.10000000000002,-46.348477534631854,-20.758534286457454,-65.36566964491308,33.04694398007294,33.04694398512602,0.7848217039333818,20.999999999999996,8.249969596363371e-09
171.15,-45.97333457425483,-21.57662215415845,-64.35027026711562,33.04694398043387,33.04694398540857,0.7848217035335807,20.999999999999996,8.122071903926553e-09
171.20000000000002,-45.5837530778796,-22.387933597244295,-63.334870889304156,33.04694398078921,33.04694398568674,0.7848217031399827,21.0,7.996021622602711e-09
171.25,-45.1798553987464,-23.192213812586445,-62.31947151147893,33.04694398113903,33.0469439859606,0.7848217027524811,21.0,7.871960860938998e-09
171.3,-44.76176838628271,-23.989210205306755,-61.30407213364014,33.04694398148343,33.046943986230204,0.7848217023709978,21.0,7.750031727482565e-09
171.35000000000002,-44.32962334626451,-24.778672468108255,-60.28867275578799,33.04694398182248,33.04694398649564,0.7848217019954262,20.999999999999996,7.629665788044804e-09
171.4,-43.88355599957795,-25.56035265988748,-59.273273377922685,33.04694398215628,33.04694398675696,0.7848217016256811,21.0,7.511431476814323e-09
171.45000000000002,-43.423706439594405,-26.33400528360367,-58.25787400004446,33.046943982484905,33.04694398701421,0.7848217012616701,21.0,7.394902468149667e-09
171.5,-42.950219088172304,-27.099387363380355,-57.24247462215348,33.04694398280842,33.04694398726747,0.7848217009033078,21.0,7.2802208705979865e-09
171.55,-42.46324265029952,-27.856258520815185,-56.22707524424996,33.04694398312692,33.04694398751681,0.7848217005504949,20.999999999999996,7.1672445756121306e-09
171.60000000000002,-41.9629300673906,-28.604381050473933,-55.2116758663341,33.046943983440485,33.04694398776228,0.7848217002031674,20.999999999999996,7.056257800286403e-09
171.65,-41.44943846925347,-29.343519994545055,-54.19627648840607,33.04694398374919,33.04694398800394,0.7848216998612187,21.0,6.9465500018850435e-09
171.70000000000002,-40.92292912474075,-30.07344321663131,-53.18087711046609,33.046943984053094,33.04694398824186,0.7848216995245778,20.999999999999993,6.838973831690964e-09
171.75,-40.38356739110111,-30.793921474655274,-52.165477732514326,33.04694398435229,33.04694398847609,0.7848216991931594,21.0,6.732818746968405e-09
171.8,-39.83152266204666,-31.504728492855854,-51.15007835455096,33.046943984646845,33.046943988706694,0.7848216988668781,21.000000000000007,6.628368964811671e-09
171.85000000000002,-39.26696831455258,-32.2056410328532,-50.13467897657617,33.04694398493684,33.046943988933705,0.784821698545656,20.999999999999996,6.52562448522076e-09
171.9,-38.69008165440579,-32.896438963759685,-49.11927959859013,33.04694398522233,33.046943989157214,0.7848216982294218,20.999999999999996,6.424443199648522e-09
171.95000000000002,-38.10104386051972,-33.576905331314926,-48.10388022059303,33.0469439855034,33.046943989377226,0.7848216979180904,20.999999999999996,6.324682999547804e-09
172.0,-37.50003992803264,-34.246826426023155,-47.088480842585035,33.046943985780096,33.04694398959386,0.7848216976115836,20.999999999999996,6.22662810201291e-09
172.05,-36.88725861020754,-34.90599185027152,-46.0730814645663,33.04694398605251,33.046943989807104,0.7848216973098374,20.999999999999996,6.130136398496688e-09
172.10000000000002,-36.26289235915158,-35.55419458440824,-45.05768208653701,33.0469439863207,33.046943990017056,0.7848216970127666,21.0,6.034923671904835e-09
172.15,-35.627137265374024,-36.191231051759914,-44.04228270849733,33.04694398658472,33.04694399022376,0.7848216967203072,21.0,5.941416247878806e-09
172.20000000000002,-34.980192996201374,-36.816901182567406,-43.026883330447404,33.04694398684465,33.04694399042724,0.7848216964323811,20.999999999999996,5.849187800777145e-09
172.25,-34.32226273306921,-37.43100847682048,-42.0114839523874,33.046943987100555,33.046943990627575,0.7848216961489172,20.999999999999996,5.758522547694156e-09
172.3,-33.653553107710344,-38.03336006597121,-40.99608457431747,33.046943987352485,33.04694399082477,0.7848216958698586,21.000000000000007,5.669278380082687e-09
172.35000000000002,-32.97427413725941,-38.62376677350689,-39.98068519623777,33.04694398760051,33.04694399101894,0.7848216955951273,20.999999999999996,5.581171080848435e-09
172.4,-32.28463915829417,-39.202043174363446,-38.96528581814846,33.04694398784468,33.04694399121009,0.784821695324645,21.0,5.494626975632855e-09
172.45000000000002,-31.584864759834353,-39.76800765316066,-37.949886440049674,33.04694398808506,33.04694399139828,0.784821695058362,20.999999999999996,5.409646064435947e-09
172.5,-30.875170715318976,-40.321482461240855,-36.93448706194158,33.04694398832172,33.046943991583554,0.7848216947962143,21.0,5.325659913069103e-09
172.55,-30.15577991358359,-40.86229377249324,-35.91908768382433,33.04694398855471,33.04694399176594,0.7848216945381381,20.999999999999996,5.242952738626627e-09
172.60000000000002,-29.426918288859078,-41.39027173794629,-34.90368830569802,33.046943988784086,33.046943991945504,0.7848216942840551,21.0,5.16152454110852e-09
172.65,-28.688814749814014,-41.90525053911111,-33.888288927562826,33.0469439890099,33.04694399212229,0.7848216940339157,20.999999999999993,5.0816595376090845e-09
172.70000000000002,-27.941701107662855,-42.40706844005888,-32.87288954941888,33.04694398923221,33.04694399229632,0.7848216937876558,21.0,5.002789293939713e-09
172.75,-27.18581200336255,-42.895567838216216,-31.857490171266306,33.04694398945108,33.04694399246767,0.7848216935452186,20.999999999999996,4.9251980271947104e-09
172.8,-26.42138483392044,-43.37059531386233,-30.842090793105264,33.04694398966655,33.04694399263637,0.7848216933065331,20.999999999999996,4.848743628826924e-09
172.85000000000002,-25.648659677836562,-43.83200167831253,-29.826691414935873,33.046943989878685,33.04694399280244,0.7848216930715566,21.0,4.773710315930657e-09
172.9,-24.86787921970383,-44.279642020772904,-28.81129203675824,33.04694399008752,33.04694399296593,0.7848216928402252,21.0,4.699529654317303e-09
172.95000000000002,-24.079288673989698,-44.713375753851494,-27.795892658572512,33.04694399029312,33.046943993126874,0.784821692612482,20.999999999999996,4.626627969628316e-09
173.0,-23.283135708023313,-45.133066657711616,-26.780493280378824,33.04694399049553,33.046943993285346,0.7848216923882703,20.999999999999996,4.554863153316546e-09
173.05,-22.47967036421229,-45.538582922853514,-25.765093902177274,33.04694399069481,33.04694399344134,0.7848216921675331,21.0,4.484235205381992e-09
173.10000000000002,-21.669144981513593,-45.92979719151089,-24.74969452396801,33.04694399089099,33.046943993594915,0.7848216919502207,20.999999999999993,4.4147441258246545e-09
173.15,-20.851814116183117,-46.30658659764931,-23.734295145751144,33.04694399108413,33.04694399374613,0.7848216917362834,20.999999999999996,4.346247806097381e-09
173.20000000000002,-20.027934461828934,-46.66883280555386,-22.718895767526767,33.04694399127427,33.04694399389498,0.7848216915256643,21.0,4.278746246200171e-09
173.25,-19.19776476879324,-47.01642204699413,-21.70349638929504,33.04694399146147,33.046943994041534,0.7848216913183066,20.999999999999996,4.212381554680178e-09
173.3,-18.361565762888386,-47.34924515695457,-20.688097011056033,33.046943991645755,33.04694399418578,0.7848216911141677,20.999999999999996,4.147153731537401e-09
173.35000000000002,-17.519600063512478,-47.667197607919235,-19.672697632809903,33.046943991827185,33.04694399432783,0.7848216909131978,21.000000000000007,4.082778559677536e-09
173.4,-16.672132101170263,-47.970179542700066,-18.657298254556725,33.04694399200581,33.046943994467654,0.7848216907153471,21.000000000000007,4.019398147647735e-09
173.45000000000002,-15.819428034425217,-48.25809580579832,-17.641898876296626,33.04694399218165,33.046943994605314,0.784821690520566,20.999999999999996,3.957012495447998e-09
173.5,-14.961755666308921,-48.53085597328944,-16.626499498029705,33.04694399235477,33.04694399474086,0.7848216903287977,21.000000000000007,3.895621603078325e-09
173.55,-14.099384360213957,-48.7883743812219,-15.61110011975607,33.0469439925252,33.04694399487428,0.7848216901400136,21.0,3.835367579085869e-09
173.60000000000002,-13.232584955296767,-49.03057015252108,-14.595700741475845,33.046943992692995,33.046943995005634,0.7848216899541498,21.000000000000007,3.77568198928202e-09
173.65,-12.361629681417012,-49.25736722238981,-13.580301363189106,33.04694399285819,33.04694399513495,0.7848216897711708,20.999999999999996,3.71727537640254e-09
173.70000000000002,-11.486792073640178,-49.46869436219752,-12.564901984895954,33.04694399302082,33.04694399526226,0.7848216895910269,21.0,3.65957930625882e-09
173.75,-10.608346886330251,-49.664485201850525,-11.549502606596517,33.04694399318092,33.046943995387615,0.7848216894136826,21.0,3.602877995945164e-09
173.8,-9.726570006859468,-49.844678250636456,-10.534103228290872,33.04694399333854,33.04694399551102,0.784821689239088,21.0,3.546887228367268e-09
173.85000000000002,-8.84173836896222,-50.00921691653621,-9.518703849979095,33.04694399349372,33.04694399563248,0.7848216890672006,21.0,3.4918912206194364e-09
173.9,-7.954129865760338,-50.15804952399746,-8.503304471661314,33.04694399364649,33.04694399575209,0.7848216888979778,21.0,3.4377478641545167e-09
173.95000000000002,-7.064023262487071,-50.29112933016401,-7.487905093337604,33.04694399379689,33.04694399586983,0.7848216887313839,20.999999999999996,3.384457158972509e-09
174.0,-6.171698108937161,-50.408414539556034,-6.472505715008067,33.04694399394496,33.04694399598574,0.7848216885673693,21.0,3.3318769965262618e-09
174.05,-5.2774346516705215,-50.509868317196485,-5.45710633667278,33.046943994090725,33.046943996099856,0.7848216884058985,20.999999999999996,3.2802915939100785e-09
174.10000000000002,-4.3815137459970845,-50.595458800179635,-4.441706958331843,33.04694399423423,33.0469439962122,0.7848216882469359,21.000000000000007,3.2294167340296553e-09
174.15,-3.4842167677704596,-50.66515910767801,-3.42630757998536,33.04694399437552,33.046943996322824,0.7848216880904317,21.0,3.1792524168849923e-09
174.20000000000002,-2.585825525018114,-50.71894734938469,-2.410908201633381,33.046943994514606,33.04694399643171,0.7848216879363648,20.999999999999996,3.1300828595703933e-09
174.25,-1.6866221694358212,-50.75680663238826,-1.395508823276008,33.04694399465154,33.04694399653889,0.7848216877846852,20.999999999999996,3.0813396278972505e-09
174.3,-0.7868891077741728,-50.77872506647823,-0.3801094449133422,33.04694399478635,33.04694399664442,0.7848216876353575,20.999999999999996,3.0335911560541717e-09
174.35000000000002,0.11309108685500857,-50.78469576787933,0.6352899334545651,33.04694399491907,33.04694399674833,0.7848216874883462,21.0,2.986553226946853e-09
174.4,1.0130357637245064,-50.77471686141343,1.6506893118276122,33.04694399504974,33.0469439968506,0.7848216873436158,21.0,2.9402258405752946e-09
174.45000000000002,1.9126622832619242,-50.7487914810885,2.6660886902057226,33.04694399517837,33.046943996951306,0.7848216872011236,21.0,2.894608996939496e-09
174.5,2.8116881058163945,-50.706927769114316,3.6814880685888203,33.04694399530501,33.04694399705046,0.7848216870608482,21.000000000000007,2.84984480458661e-09
174.55,3.709830880393908,-50.649138873345265,4.696887446976829,33.046943995429686,33.04694399714807,0.7848216869227471,21.0,2.8055069378751796e-09
174.60000000000002,4.606808533333391,-50.57544294315114,5.712286825369672,33.046943995552425,33.04694399724415,0.7848216867867848,20.999999999999996,2.7620217224466614e-09
174.65,5.50233935689568,-50.48586312371703,6.727686203767273,33.04694399567327,33.04694399733875,0.7848216866529327,21.0,2.7192470497539034e-09
174.70000000000002,6.396142097737585,-50.38042754877433,7.743085582169555,33.046943995792226,33.04694399743189,0.7848216865211626,21.0,2.6770408112497535e-09
174.75,7.287936045243227,-50.2591693317649,8.758484960576444,33.04694399590935,33.04694399752358,0.7848216863914317,20.999999999999993,2.6354030069342116e-09
174.8,8.17744111968494,-50.122126555441426,9.773884338987886,33.04694399602465,33.04694399761383,0.7848216862637116,21.0,2.594617853901582e-09
174.85000000000002,9.064377960186018,-49.96934225990696,10.789283717403807,33.04694399613817,33.04694399770269,0.784821686137974,21.0,2.55440113505756e-09
174.9,9.948468012457722,-49.800864429097636,11.804683095824105,33.046943996249915,33.04694399779019,0.7848216860141832,20.999999999999996,2.5147528504021466e-09
174.95000000000002,10.82943361628294,-49.616745975712675,12.820082474248753,33.04694399635994,33.04694399787631,0.784821685892318,20.999999999999996,2.475815108482493e-09
175.0,11.706998092719065,-49.417044724596444,13.83548185267765,33.04694399646825,33.046943997961115,0.7848216857723429,20.999999999999993,2.4373036922042957e-09
175.05,12.580885830992697,-49.2018233945778,14.850881231110746,33.04694399657488,33.04694399804459,0.7848216856542294,20.999999999999996,2.3995028186618583e-09
175.10000000000002,13.450822375058861,-48.97114957877241,15.86628060954799,33.04694399667986,33.04694399812678,0.7848216855379491,20.999999999999996,2.362270379308029e-09
175.15,14.316534509797568,-48.72509572335424,16.881679987989305,33.046943996783206,33.04694399820769,0.7848216854234735,20.999999999999996,2.325606374142808e-09
175.20000000000002,15.177750346820657,-48.46373910480284,17.897079366434614,33.046943996884956,33.04694399828734,0.7848216853107672,21.0,2.289510803166195e-09
175.25,16.034199409861948,-48.1871618056337,18.912478744883867,33.04694399698512,33.046943998365755,0.7848216851998089,20.999999999999996,2.254125774925342e-09
175.3,16.885612719723905,-47.8954506886191,19.927878123337013,33.04694399708374,33.04694399844298,0.78482168509057,20.999999999999993,2.219167072325945e-09
175.35000000000002,17.731722878754127,-47.58869736950771,20.943277501793975,33.046943997180826,33.046943998518984,0.7848216849830294,21.000000000000007,2.184776803915156e-09
175.4,18.572264154825124,-47.26699818825146,21.958676880254703,33.04694399727641,33.04694399859381,0.7848216848771585,20.999999999999996,2.1508128611458233e-09
175.45000000000002,19.406972564791026,-46.9304541787487,22.974076258719148,33.04694399737051,33.04694399866746,0.784821684772929,21.0,2.1174173525650986e-09
175.5,20.23558595739499,-46.579171037113134,23.98947563718723,33.046943997463146,33.04694399873999,0.7848216846703124,20.999999999999996,2.084590278172982e-09
175.55,21.05784409560128,-46.2132590884786,25.0048750156589,33.04694399755435,33.04694399881139,0.7848216845692946,20.999999999999996,2.0523316379694734e-09
175.60000000000002,21.873488738326174,-45.83283325234996,26.020274394134105,33.04694399764414,33.04694399888169,0.7848216844698399,20.999999999999996,2.020357214860269e-09
175.65,22.682263721541997,-45.43801300651111,27.0356737726128,33.046943997732534,33.0469439989509,0.7848216843719271,20.999999999999996,1.9890933344868245e-09
175.70000000000002,23.483915038728828,-45.02892234950142,28.051073151094926,33.04694399781956,33.046943999019014,0.7848216842755349,20.999999999999996,1.958255779754836e-09
175.75,24.27819092064863,-44.605689761672316,29.066472529580437,33.04694399790524,33.046943999086075,0.7848216841806419,21.000000000000007,1.927844550664304e-09
175.8,25.064841914416714,-44.16844816483633,30.081871908069257,33.04694399798959,33.0469439991521,0.7848216840872126,21.000000000000007,1.8978596472152276e-09
175.85000000000002,25.84362096184574,-43.71733488052125,31.097271286561334,33.04694399807262,33.04694399921711,0.7848216839952329,21.0,1.8685852865019115e-09
175.9,26.61428347703761,-43.25249158684247,32.11267066505664,33.04694399815437,33.0469439992811,0.7848216839046884,20.999999999999996,1.8395951428828994e-09
175.95000000000002,27.376587423198917,-42.77406427400707,33.128070043555105,33.04694399823485,33.04694399934414,0.7848216838155366,20.999999999999996,1.8108892163581913e-09
176.0,28.130293388655815,-42.2822031984637,34.1434694220567,33.046943998314084,33.04694399940615,0.7848216837277775,20.999999999999996,1.7830359411163954e-09
176.05,28.87516466204444,-41.777062835712506,35.158868800561365,33.04694399839209,33.04694399946722,0.7848216836413755,20.999999999999996,1.7551826658745995e-09
176.10000000000002,29.610967306653247,-41.25880183179007,36.17426817906907,33.04694399846889,33.046943999527336,0.7848216835563093,21.0,1.7280399333685637e-09
176.15,30.33747023389394,-40.727582953444525,37.18966755757974,33.04694399854449,33.04694399958652,0.7848216834725719,20.999999999999993,1.7013235265039839e-09
176.20000000000002,31.054445275877914,-40.18357303701646,38.205066936093345,33.04694399861892,33.046943999644775,0.7848216833901276,21.000000000000007,1.6747492281865561e-09
176.25,31.761667257075416,-39.62694293604178,39.220466314609844,33.04694399869219,33.04694399970214,0.7848216833089623,20.999999999999996,1.6488854726048885e-09
176.3,32.4589140650349,-39.0578674675929,40.23586569312918,33.046943998764334,33.04694399975861,0.7848216832290547,20.999999999999996,1.6233059341175249e-09
176.35000000000002,33.145966720140386,-38.47652535737509,41.251265071651304,33.04694399883536,33.0469439998142,0.7848216831503905,21.0,1.5981527212716173e-09
176.4,33.82260944438493,-37.8830991835953,42.26666445017617,33.04694399890527,33.046943999868944,0.7848216830729413,21.0,1.5732837255200138e-09
176.45000000000002,34.48862972913857,-37.27777531962108,43.28206382870377,33.04694399897411,33.04694399992283,0.784821682996693,20.999999999999996,1.5489831639570184e-09
176.5,35.14381840188947,-36.66074387544751,44.29746320723404,33.04694399904187,33.04694399997588,0.7848216829216312,20.999999999999996,1.524966819488327e-09
176.55,35.78796969193733,-36.03219863799067,45.31286258576693,33.046943999108585,33.04694400002809,0.7848216828477348,20.999999999999996,1.5012346921139397e-09
176.60000000000002,36.420881295018404,-35.39233701022624,46.328261964302385,33.04694399917427,33.04694400007952,0.7848216827749823,20.999999999999996,1.4779288903810084e-09
176.65,37.04235443684186,-34.741359949192535,47.34366134284041,33.04694399923893,33.046944000130146,0.7848216827033596,20.999999999999996,1.4550494142895332e-09
176.70000000000002,37.65219393551745,-34.07947190287722,48.359060721380935,33.04694399930259,33.046944000179984,0.7848216826328454,20.999999999999996,1.432454155292362e-09
176.75,38.250208262855004,-33.40688074600775,49.37446009992393,33.04694399936526,33.04694400022903,0.7848216825634324,20.999999999999996,1.4102852219366468e-09
176.8,38.83620960451638,-32.723797714765524,50.38985947846936,33.04694399942696,33.04694400027733,0.7848216824950924,21.0,1.3882583971280837e-09
176.85000000000002,39.41001391900105,-32.03043734044437,51.40525885701719,33.046943999487695,33.04694400032487,0.7848216824278111,21.0,1.3668000065081287e-09
176.9,39.97144099544681,-31.32701738207415,52.42065823556735,33.046943999547494,33.04694400037168,0.7848216823615743,21.0,1.3456258329824777e-09
176.95000000000002,40.52031451022735,-30.61375875803063,53.43605761411986,33.04694399960637,33.04694400041776,0.7848216822963607,20.999999999999996,1.3247358765511308e-09
177.0,41.056462082329055,-29.89088547665315,54.45145699267461,33.04694399966433,33.046944000463164,0.7848216822321561,20.999999999999996,1.30427224576124e-09
177.05,41.57971532748954,-29.158624565891813,55.46685637123164,33.046943999721385,33.046944000507814,0.7848216821689533,20.999999999999996,1.284092832065653e-09
177.10000000000002,42.089909911080966,-28.41720600200636,56.482255749790866,33.04694399977756,33.0469440005518,0.7848216821067311,20.999999999999996,1.2640555269172182e-09
177.15,42.58688559972152,-27.666862637339058,57.49765512835228,33.04694399983286,33.04694400059509,0.7848216820454752,20.999999999999996,1.2444445474102395e-09
177.20000000000002,43.07048631159882,-26.90783012718434,58.51305450691583,33.04694399988731,33.046944000637716,0.7848216819851643,21.0,1.2251177849975647e-09
177.25,43.54056016548949,-26.140346855778134,59.52845388548146,33.04694399994091,33.0469440006797,0.7848216819257914,21.0,1.206217348226346e-09
177.3,43.99695952845948,-25.364653861430117,60.54385326404918,33.04694399999368,33.046944000721,0.7848216818673421,20.999999999999996,1.1874590200022794e-09
177.35000000000002,44.43954106223013,-24.58099476082245,61.559252642618944,33.04694400004563,33.0469440007617,0.7848216818097953,20.999999999999996,1.1689849088725168e-09
177.4,44.868165768195475,-23.789615672498705,62.57465202119074,33.04694400009678,33.04694400080175,0.7848216817531437,20.999999999999996,1.1509371233842103e-09
177.45000000000002,45.2826990310766,-22.990765139567092,63.59005139976451,33.046944000147136,33.046944000841165,0.7848216816973732,20.999999999999996,1.1330314464430558e-09
177.5,45.68301066119936,-22.184694051642175,64.60545077834023,33.0469440001967,33.04694400087999,0.7848216816424625,21.0,1.1154099865962053e-09
177.55,46.06897493538216,-21.371655566049675,65.62085015691787,33.04694400024552,33.046944000918195,0.7848216815884044,21.000000000000007,1.0982148523908108e-09
177.60000000000002,46.440470636421,-20.55190502831904,66.63624953549746,33.04694400029356,33.0469440009558,0.7848216815351847,20.999999999999996,1.0811618267325684e-09
177.65,46.79738109115934,-19.725699891988803,67.65164891407886,33.046944000340865,33.04694400099282,0.7848216814827893,20.999999999999996,1.06439301816863e-09
177.70000000000002,47.13959420713087,-18.893299637749863,68.6670482926621,33.046944000387434,33.04694400102928,0.784821681431211,21.00000000000001,1.0479084266989958e-09
177.75,47.46700250776363,-18.054965691952145,69.68244767124713,33.04694400043328,33.046944001065185,0.7848216813804285,21.000000000000007,1.0315659437765134e-09
177.8,47.77950316613444,-17.210961344500184,70.697847049834,33.04694400047841,33.046944001100506,0.7848216813304418,21.000000000000007,1.0156497864954872e-09
177.85000000000002,48.07699803726307,-16.36155166616342,71.71324642842258,33.04694400052285,33.04694400113529,0.7848216812812296,20.999999999999996,9.99733629214461e-10
177.9,48.35939368893597,-15.507003425327227,72.7286458070129,33.04694400056659,33.04694400116952,0.7848216812327706,20.999999999999996,9.842437975748908e-10
177.95000000000002,48.62660143104992,-14.647585004210734,73.74404518560489,33.046944000609656,33.046944001203244,0.7848216811850719,20.999999999999993,9.691802915767767e-10
178.0,48.878537343466306,-13.783566314577852,74.75944456419856,33.046944000652054,33.04694400123641,0.7848216811381121,21.0,9.539746770315105e-10
178.05,49.11512230236736,-12.915218712967883,75.77484394279386,33.04694400069379,33.04694400126909,0.7848216810918771,21.0,9.391953881277004e-10
178.10000000000002,49.33628200510606,-12.042814915472405,76.7902433213908,33.04694400073489,33.04694400130128,0.7848216810463597,20.999999999999996,9.247003163181944e-10
178.15,49.541946993541835,-11.16662891208516,77.8056426999893,33.04694400077535,33.04694400133294,0.7848216810015529,21.0,9.103473530558404e-10
178.20000000000002,49.73205267585485,-10.286935880651864,78.8210420785894,33.046944000815174,33.04694400136413,0.7848216809574353,21.0,8.961364983406384e-10
178.25,49.9065393468319,-9.404012100446943,79.83644145719101,33.04694400085438,33.046944001394834,0.7848216809139998,20.999999999999996,8.823519692668924e-10
178.3,50.06535220661763,-8.518134865404368,80.85184083579415,33.046944000892985,33.04694400142506,0.7848216808712465,20.999999999999996,8.687095487402985e-10
178.35000000000002,50.20844137792517,-7.629582397029809,81.86724021439882,33.04694400093099,33.0469440014548,0.784821680829161,20.999999999999996,8.550671282137046e-10
178.4,50.33576192170073,-6.738633757021477,82.88263959300497,33.04694400096841,33.046944001484086,0.7848216807877222,21.000000000000007,8.417089247814147e-10
178.45000000000002,50.447273851237334,-5.845568759627097,83.89803897161254,33.04694400100525,33.04694400151291,0.7848216807469228,20.999999999999996,8.287770469905809e-10
178.5,50.542942144733175,-4.950667883764528,84.91343835022153,33.04694400104151,33.04694400154132,0.7848216807067487,20.999999999999993,8.159872777468991e-10
178.55,50.622736756290664,-4.054212184933633,85.92883772883195,33.04694400107721,33.04694400156925,0.784821680667207,20.999999999999996,8.034817255975213e-10
178.60000000000002,50.68663262535274,-3.156483206947068,86.94423710744374,33.04694400111236,33.04694400159678,0.7848216806282764,21.000000000000007,7.908340649009915e-10
178.65,50.7346096845735,-2.2577628935077154,87.95963648605691,33.04694400114696,33.04694400162385,0.7848216805899568,21.0,7.786127298459178e-10
178.70000000000002,50.766652866120566,-1.3583334996605152,88.9750358646714,33.046944001181025,33.04694400165052,0.784821680552227,21.0,7.663913947908441e-10
178.75,50.78275210640738,-0.45847750314652436,89.99043524328721,33.04694400121456,33.04694400167678,0.7848216805150798,21.0,7.545963853772264e-10
178.8,50.782902349253796,0.44152248431296837,91.00583462190434,33.046944001247574,33.04694400170261,0.7848216804785153,21.0,7.429434845107608e-10
178.85000000000002,50.76710354747403,1.3413838057744054,92.02123400052275,33.04694400128008,33.04694400172806,0.7848216804425121,20.999999999999996,7.312905836442951e-10
178.9,50.73536066289149,2.2408238478441254,93.03663337914243,33.04694400131208,33.0469440017531,0.7848216804070702,21.0,7.200640084192855e-10
178.95000000000002,50.687683664780444,3.1395601294368514,94.05203275776333,33.046944001343576,33.046944001777746,0.7848216803721755,21.0,7.088374331942759e-10
179.0,50.624087526735046,4.0373103904926255,95.06743213638545,33.046944001374584,33.04694400180203,0.7848216803378207,21.0,6.978950750635704e-10
179.05,50.54459222196667,4.933792680624329,96.0828315150088,33.04694400140512,33.04694400182593,0.784821680304006,21.0,6.870948254800169e-10
179.10000000000002,50.44922271703105,5.82872544766794,97.09823089363331,33.04694400143518,33.04694400184946,0.7848216802707029,20.999999999999996,6.762945758964634e-10
179.15,50.33800896398723,6.7218276261077365,98.113630272259,33.046944001464766,33.04694400187261,0.7848216802379255,20.999999999999996,6.660627605015179e-10
179.20000000000002,50.2109858909907,7.612818725348642,99.1290296508858,33.0469440014939,33.046944001895426,0.7848216802056527,20.999999999999996,6.555467280122684e-10
179.25,50.068193391323746,8.501418917808031,100.14442902951377,33.04694400152258,33.04694400191788,0.7848216801738843,20.999999999999996,6.45457021164475e-10
179.3,49.909676310866445,9.387349126799288,101.15982840814287,33.04694400155082,33.046944001939956,0.7848216801426062,20.999999999999996,6.353673143166816e-10
179.35000000000002,49.73548443401221,10.27033111417955,102.17522778677304,33.046944001578616,33.04694400196172,0.7848216801118184,20.999999999999996,6.255618245631922e-10
179.4,49.545672468032336,11.150087567734086,103.19062716540427,33.046944001605986,33.04694400198314,0.7848216800814996,20.999999999999996,6.157563348097028e-10
179.45000000000002,49.34030002589449,12.026342188269886,104.20602654403656,33.04694400163292,33.04694400200423,0.7848216800516497,20.999999999999993,6.063771706976695e-10
179.5,49.119431607540434,12.89881977639108,105.22142592266994,33.04694400165944,33.046944002024986,0.7848216800222687,21.0,5.969980065856362e-10
179.55,48.88313657962895,13.76724631892897,106.23682530130432,33.04694400168555,33.046944002045414,0.7848216799933425,20.999999999999996,5.876188424736029e-10
179.60000000000002,48.63148915375037,14.6313490749995,107.25222467993973,33.04694400171126,33.04694400206554,0.7848216799648569,21.0,5.785238954558736e-10
179.65,48.364568363119396,15.49085666166115,108.2676240585761,33.04694400173656,33.04694400208533,0.7848216799368259,21.0,5.697131655324483e-10
179.70000000000002,48.08245803775368,16.345499139146355,109.28302343721349,33.046944001761474,33.04694400210484,0.7848216799092214,20.999999999999993,5.60618218514719e-10
179.75,47.78524677814591,17.19500809563967,110.29842281585185,33.046944001786,33.046944002124015,0.7848216798820502,20.999999999999996,5.520917056855978e-10
179.8,47.47302792743763,18.039116731576062,111.31382219449112,33.046944001810154,33.04694400214293,0.7848216798552912,20.999999999999996,5.434230843093246e-10
179.85000000000002,47.1458995421036,18.877559943432864,112.3292215731313,33.04694400183392,33.046944002161545,0.7848216798289585,20.999999999999993,5.351807885745075e-10
179.9,46.80396436115585,19.710074406989044,113.34462095177241,33.04694400185733,33.0469440021799,0.7848216798030236,20.999999999999996,5.266542757453863e-10
179.95000000000002,46.447329773877144,20.536398660025675,114.36002033041443,33.04694400188036,33.046944002197954,0.784821679777501,21.000000000000007,5.186961971048731e-10
180.0,46.07610778609393,21.356273184441623,115.37541970905737,33.04694400190305,33.046944002215724,0.784821679752362,21.0,5.10453901370056e-10
180.05,45.69041498499943,22.169440487758646,116.39081908770122,33.04694400192538,33.04694400223318,0.7848216797276208,20.999999999999993,5.027800398238469e-10
180.10000000000002,45.29037250253789,22.975645183990324,117.40621846634589,33.04694400194737,33.0469440022504,0.7848216797032563,20.999999999999996,4.948219611833338e-10
180.15,44.8761059773615,23.774634073849423,118.42161784499142,33.04694400196901,33.04694400226735,0.7848216796792755,21.000000000000007,4.872902081842767e-10
180.20000000000002,44.44774551537186,24.56615622426849,119.43701722363777,33.046944001990326,33.04694400228404,0.7848216796556713,21.000000000000007,4.796163466380676e-10
180.25,44.005425648858534,25.349963047208707,120.45241660228497,33.0469440020113,33.04694400230048,0.7848216796324223,21.0,4.720845936390106e-10
180.3,43.549285294247404,26.12580837773228,121.467815980933,33.04694400203196,33.04694400231662,0.7848216796095429,20.999999999999996,4.6497916628140956e-10
180.35000000000002,43.07946770847209,26.893448551313792,122.48321535958183,33.04694400205229,33.04694400233254,0.7848216795870115,20.999999999999996,4.575895218295045e-10
180.4,42.59612044398222,27.65264248036629,123.49861473823144,33.04694400207231,33.04694400234821,0.7848216795648355,20.999999999999996,4.5062620301905554e-10
180.45000000000002,42.099395302402655,28.403151729958033,124.51401411688181,33.04694400209202,33.04694400236365,0.7848216795430005,20.999999999999996,4.4352077566145454e-10
180.5,41.58944828685812,29.14474059269616,125.52941349553294,33.04694400211142,33.04694400237885,0.7848216795215066,20.999999999999996,4.366995653981576e-10
180.55,41.0664395529784,29.877176162753713,126.54481287418483,33.04694400213052,33.046944002393815,0.7848216795003395,20.999999999999996,4.298783551348606e-10
180.60000000000002,40.530533358599314,30.600228409016818,127.56021225283743,33.04694400214933,33.04694400240854,0.7848216794795064,21.0,4.233413619658677e-10
180.65,39.98189801217535,31.313670247328997,128.5756116314908,33.04694400216785,33.04694400242305,0.7848216794589931,20.999999999999996,4.1666226024972275e-10
180.70000000000002,39.420705819920194,32.017277611809966,129.59101101014488,33.04694400218608,33.04694400243731,0.7848216794388065,20.999999999999996,4.1026737562788185e-10
180.75,38.847133031691655,32.7108295252265,130.60641038879967,33.04694400220402,33.04694400245136,0.7848216794189256,21.0,4.037303824588889e-10
180.8,38.26135978563805,33.394108168393274,131.62180976745518,33.046944002221686,33.046944002465175,0.7848216793993572,20.999999999999993,3.9761971493135206e-10
180.85000000000002,37.66357005162345,34.06689894858185,132.63720914611136,33.04694400223908,33.04694400247879,0.7848216793800944,21.0,3.913669388566632e-10
180.9,37.05395157344949,34.728990566916394,133.65260852476823,33.046944002256204,33.046944002492175,0.7848216793611229,21.0,3.852562713291263e-10
180.95000000000002,36.43269580989192,35.38017508473488,134.66800790342572,33.04694400227306,33.046944002505384,0.7848216793424498,20.999999999999996,3.794298208958935e-10
181.0,35.79999787457046,36.020247988894994,135.68340728208386,33.046944002289656,33.04694400251837,0.784821679324061,20.999999999999996,3.7346126191550866e-10
181.05,35.15605647467078,36.649008256004194,136.6988066607427,33.04694400230599,33.046944002531156,0.7848216793059635,21.0,3.6777692002942786e-10
181.10000000000002,34.501073848537835,37.266258415553786,137.71420603940217,33.04694400232207,33.04694400254372,0.7848216792881431,20.999999999999996,3.6195046959619503e-10
181.15,33.835255702160275,37.871804611937144,138.7296054180622,33.04694400233791,33.046944002556145,0.7848216792705998,21.0,3.5640823625726625e-10
181.20000000000002,33.15881114456571,38.465456665332646,139.74500479672284,33.0469440023535,33.046944002568374,0.7848216792533265,21.0,3.5086600291833747e-10
181.25,32.47195262214726,39.04702813143217,140.7604041753841,33.046944002368846,33.046944002580396,0.7848216792363232,20.999999999999996,3.454658781265607e-10
181.3,31.77489585194196,39.61633635999641,141.77580355404595,33.04694400238396,33.04694400259223,0.7848216792195899,21.0,3.4006575333478395e-10
181.35000000000002,31.06785975388192,40.17320255221859,142.79120293270844,33.04694400239884,33.04694400260386,0.7848216792031124,21.0,3.346656285430072e-10
181.4,30.35106638203965,40.71745181687863,143.80660231137148,33.04694400241348,33.04694400261534,0.7848216791868836,21.0,3.2954972084553447e-10
181.45000000000002,29.62474085488903,41.24891322527003,144.82200169003508,33.04694400242791,33.04694400262664,0.7848216791709106,21.0,3.2457592169521376e-10
181.5,28.88911128460384,41.76741986488232,145.83740106869922,33.0469440024421,33.04694400263774,0.7848216791551934,21.0,3.1946001399774104e-10
181.55,28.144408705416126,42.27280889182213,146.85280044736396,33.04694400245608,33.04694400264868,0.7848216791397178,20.999999999999996,3.143441063002683e-10
181.60000000000002,27.390867001056822,42.764921581956486,147.86819982602918,33.046944002469836,33.04694400265947,0.7848216791244766,21.0,3.0951241569709964e-10
181.65,26.628722831301463,43.24360338076224,148.88359920469497,33.04694400248338,33.04694400267007,0.78482167910947,21.0,3.04822833641083e-10
181.70000000000002,25.85821555764404,43.70870395186596,149.89899858336125,33.04694400249671,33.04694400268053,0.7848216790946978,20.999999999999996,3.001332515850663e-10
181.75,25.079587168122345,44.160077224259055,150.91439796202812,33.04694400250984,33.046944002690786,0.7848216790801601,20.999999999999996,2.9544366952904966e-10
181.8,24.293082201318416,44.597581438173336,151.92979734069547,33.046944002522764,33.0469440027009,0.7848216790658498,20.999999999999996,2.90754087473033e-10
181.85000000000002,23.49894766955795,45.02107918960253,152.94519671936334,33.04694400253549,33.046944002710845,0.7848216790517526,21.0,2.8620661396416835e-10
181.9,22.6974329813328,45.430437473455854,153.9605960980317,33.04694400254802,33.04694400272064,0.7848216790378828,21.0,2.8194335754960775e-10
181.95000000000002,21.888789862970924,45.82552772533001,154.97599547670052,33.046944002560345,33.04694400273029,0.7848216790242191,20.999999999999993,2.773958840407431e-10
182.0,21.073272279578408,46.206225861886566,155.9913948553698,33.04694400257248,33.04694400273979,0.7848216790107756,20.999999999999996,2.7327473617333453e-10
182.05,20.25113635527833,46.572412319821936,157.0067942340396,33.04694400258443,33.046944002749136,0.7848216789975311,20.999999999999996,2.688693712116219e-10
182.10000000000002,19.42264029277159,46.92397209341787,158.02219361270983,33.04694400259619,33.04694400275835,0.7848216789844997,21.0,2.6489033189136535e-10
182.15,18.588044292244923,47.2607947706605,159.03759299138054,33.04694400260777,33.04694400276742,0.7848216789716602,21.0,2.6062707547680475e-10
182.20000000000002,17.747610469651583,47.5827745679167,160.05299237005167,33.046944002619185,33.04694400277634,0.7848216789590268,21.0,2.567901447037002e-10
182.25,16.901602774390334,47.88981036315684,161.06839174872326,33.04694400263041,33.04694400278514,0.7848216789465852,21.0,2.5266899683629163e-10
182.3,16.050286906408644,48.18180572771352,162.08379112739524,33.04694400264146,33.0469440027938,0.7848216789343425,21.0,2.488320660631871e-10
182.35000000000002,15.193930232756099,48.45866895656623,163.0991905060677,33.046944002652346,33.046944002802306,0.7848216789222917,21.0,2.448530267429305e-10
182.4,14.332801703614217,48.720313097142586,164.11458988474058,33.046944002663054,33.046944002810704,0.7848216789104256,21.0,2.41016095969826e-10
182.45000000000002,13.467171767829083,48.966655976626896,165.12998926341385,33.0469440026736,33.04694400281897,0.7848216788987372,20.999999999999996,2.3732127374387346e-10
182.5,12.597312287973288,49.19762022776764,166.1453886420875,33.04694400268398,33.0469440028271,0.7848216788872335,20.999999999999996,2.3376856006507296e-10
182.55,11.723496454963893,49.41313331317569,167.1607880207616,33.046944002694204,33.04694400283511,0.7848216788759075,20.999999999999996,2.3007373783912044e-10
182.60000000000002,10.845998702263186,49.61312754810562,168.1761873994361,33.046944002704265,33.04694400284299,0.7848216788647591,21.0,2.2652102416031994e-10
182.65,9.96509461968921,49.79754012171302,169.19158677811097,33.04694400271418,33.04694400285075,0.7848216788537812,20.999999999999996,2.2296831048151944e-10
182.70000000000002,9.08106086686313,49.96631311678105,170.20698615678623,33.04694400272394,33.04694400285838,0.7848216788429738,21.0,2.1955770534987096e-10
182.75,8.194175086320591,50.11939352791015,171.22238553546188,33.04694400273354,33.04694400286589,0.784821678832337,20.999999999999996,2.1614710021822248e-10
182.8,7.304715816314412,50.256733278165036,172.2377849141379,33.046944002743,33.046944002873296,0.7848216788218636,20.999999999999996,2.12736495086574e-10
182.85000000000002,6.412962403335937,50.378289234173955,173.25318429281427,33.0469440027523,33.046944002880586,0.7848216788115536,20.999999999999986,2.0946799850207753e-10
182.9,5.5191949143825685,50.48402321967526,174.26858367149103,33.046944002761464,33.046944002887734,0.7848216788014071,21.000000000000007,2.0619950191758107e-10
182.95000000000002,4.623694048999003,50.57390202750717,175.28398305016816,33.04694400277049,33.0469440028948,0.7848216787914097,20.999999999999996,2.0293100533308461e-10
183.0,3.726741051119817,50.64789743003693,176.2993824288456,33.04694400277937,33.046944002901746,0.7848216787815758,20.999999999999993,1.999467258428922e-10
183.05,2.828617620741076,50.70598618802609,177.31478180752342,33.04694400278811,33.04694400290859,0.7848216787718911,21.0,1.9667822925839573e-10
183.10000000000002,1.9296058254487085,50.74815005792906,178.33018118620151,33.046944002796714,33.04694400291534,0.7848216787623556,21.0,1.936939497682033e-10
183.15,1.029988011831438,50.77437579762277,179.34558056487995,33.04694400280519,33.046944002922004,0.7848216787529623,21.000000000000007,1.907096702780109e-10
183.20000000000002,0.13004671680608793,50.784655170565514,-179.63902005644127,33.04694400281353,33.04694400292853,0.7848216787437252,20.999999999999996,1.878674993349705e-10
183.25,-0.7699354211168875,50.77898494838376,-178.62362067776215,33.046944002821746,33.04694400293496,0.7848216787346303,20.999999999999996,1.8474111129762605e-10
183.3,-1.66967575059978,50.757366911886045,-177.60822129908274,33.04694400282983,33.04694400294129,0.7848216787256774,21.0,1.8189894035458565e-10
183.35000000000002,-2.5688916962480306,50.719807850503706,-176.59282192040297,33.0469440028378,33.04694400294753,0.7848216787168525,20.999999999999996,1.7905676941154525e-10
183.4,-3.467300847356786,50.66631956015857,-175.5774225417229,33.04694400284563,33.046944002953666,0.7848216787081768,20.999999999999996,1.7649881556280889e-10
183.45000000000002,-4.364621046605727,50.59691883955826,-174.56202316304254,33.046944002853344,33.04694400295968,0.7848216786996289,21.0,1.7351453607261647e-10
183.5,-5.260570478674321,50.51162748492039,-173.54662378436188,33.04694400286094,33.046944002965624,0.784821678691209,21.000000000000007,1.709565822238801e-10
183.55,-6.154867758749667,50.41047228312711,-172.53122440568094,33.04694400286842,33.04694400297147,0.7848216786829241,21.0,1.6839862837514374e-10
183.60000000000002,-7.047232020899129,50.29348500331239,-171.51582502699966,33.04694400287578,33.04694400297725,0.784821678674767,20.999999999999996,1.6569856597925536e-10
183.65,-7.93738300628001,50.16070238688446,-170.50042564831813,33.04694400288303,33.04694400298291,0.7848216786667379,20.999999999999996,1.63140612130519e-10
183.70000000000002,-8.825041151158564,50.01216613598669,-169.48502626963634,33.046944002890164,33.0469440029885,0.7848216786588296,21.0,1.6058265828178264e-10
183.75,-9.709927674710697,49.8479229004005,-168.46962689095423,33.046944002897185,33.046944002993996,0.784821678651042,21.0,1.581668129801983e-10
183.8,-10.591764666576786,49.668024262894356,-167.45422751227187,33.046944002904105,33.04694400299942,0.7848216786433824,21.0,1.5575096767861396e-10
183.85000000000002,-11.470275174143117,49.47252672302353,-166.43882813358925,33.04694400291091,33.04694400300473,0.7848216786358435,21.000000000000007,1.531930138298776e-10
183.9,-12.345183289522529,49.261491679385635,-165.42342875490635,33.04694400291761,33.04694400301,0.7848216786284112,21.0,1.5077716852829326e-10
183.95000000000002,-13.216214236206948,49.03498541033763,-164.40802937622323,33.04694400292421,33.04694400301517,0.7848216786210997,21.0,1.4864554032101296e-10
184.0,-14.083094455364598,48.79307905318019,-163.3926299975398,33.04694400293071,33.04694400302024,0.784821678613902,21.0,1.4622969501942862e-10
184.05,-14.945551691754787,48.53584858181609,-162.37723061885617,33.046944002937096,33.04694400302525,0.7848216786068178,21.0,1.439559582649963e-10
184.10000000000002,-15.80331507923327,48.26337478288959,-161.36183124017225,33.0469440029434,33.0469440030302,0.7848216785998403,20.999999999999996,1.4168222151056398e-10
184.15,-16.65611522582137,47.97574323041435,-160.3464318614881,33.046944002949594,33.04694400303503,0.7848216785929765,20.999999999999996,1.3955059330328368e-10
184.20000000000002,-17.503684298312095,47.67304425889774,-159.33103248280372,33.0469440029557,33.046944003039826,0.7848216785862121,21.000000000000007,1.3727685654885136e-10
184.25,-18.345756106386716,47.3553729349701,-158.31563310411912,33.04694400296171,33.04694400304455,0.7848216785795543,20.999999999999996,1.3528733688872308e-10
184.3,-19.18206618621537,47.022829027527806,-157.30023372543423,33.04694400296763,33.04694400304918,0.7848216785730031,20.999999999999996,1.3315570868144277e-10
184.35000000000002,-20.01235188351544,46.675516976399514,-156.28483434674914,33.046944002973454,33.04694400305372,0.7848216785665514,20.999999999999993,1.3102408047416247e-10
184.4,-20.836352436041608,46.313545859545464,-155.26943496806382,33.04694400297918,33.04694400305821,0.7848216785601991,20.999999999999993,1.290345608140342e-10
184.45000000000002,-21.65380905548172,45.93702935880008,-154.25403558937828,33.04694400298482,33.046944003062634,0.7848216785539464,21.0,1.2704504115390591e-10
184.5,-22.464465008732667,45.54608572416869,-153.23863621069253,33.04694400299039,33.04694400306698,0.784821678547786,21.000000000000007,1.2505552149377763e-10
184.55,-23.26806569853084,45.14083773668954,-152.22323683200656,33.04694400299586,33.046944003071275,0.7848216785417321,20.999999999999993,1.2320811038080137e-10
184.60000000000002,-24.064358743411777,44.72141266987278,-151.20783745332037,33.046944003001244,33.04694400307548,0.7848216785357636,21.0,1.2107648217352107e-10
184.65,-24.85309405697391,44.28794224972851,-150.19243807463397,33.04694400300655,33.046944003079645,0.7848216785298874,21.0,1.1937117960769683e-10
184.70000000000002,-25.63402392642152,43.84056261339653,-149.17703869594737,33.046944003011774,33.04694400308372,0.7848216785241107,21.0,1.1752376849472057e-10
184.75,-26.40690309036223,43.3794142663906,-148.16163931726058,33.04694400301691,33.04694400308774,0.7848216785184192,21.000000000000007,1.1553424883459229e-10
184.8,-27.171488815834607,42.90464203847085,-147.14623993857356,33.04694400302197,33.046944003091696,0.784821678512813,20.999999999999996,1.1382894626876805e-10
184.85000000000002,-27.927540974541653,42.41639503815808,-146.1308405598864,33.04694400302695,33.046944003095604,0.7848216785072921,20.999999999999996,1.1212364370294381e-10
184.9,-28.674822118266306,41.91482660590424,-145.115441181199,33.046944003031854,33.046944003099455,0.7848216785018565,20.999999999999993,1.1041834113711957e-10
184.95000000000002,-29.41309755344519,41.40009426593382,-144.1000418025114,33.04694400303668,33.04694400310322,0.7848216784965132,21.0,1.0871303857129533e-10
185.0,-30.14213541487725,40.87235967677126,-143.08464242382362,33.04694400304143,33.04694400310693,0.7848216784912481,20.999999999999996,1.0686562745831907e-10
185.05,-30.861706738544093,40.33178858047,-142.0692430451357,33.046944003046114,33.04694400311061,0.7848216784860611,20.999999999999993,1.0530243343964685e-10
185.10000000000002,-31.571585533519183,39.77855075055892,-141.05384366644756,33.04694400305072,33.04694400311423,0.7848216784809594,20.999999999999993,1.0373923942097463e-10
185.15,-32.27154885294329,39.212819938722774,-140.03844428775926,33.04694400305525,33.04694400311777,0.7848216784759359,20.999999999999996,1.0203393685515039e-10
185.20000000000002,-32.9613768640439,38.6347738202331,-139.02304490907076,33.04694400305972,33.04694400312127,0.7848216784709905,21.0,1.0047074283647817e-10
185.25,-33.64085291717663,38.044593938147,-138.00764553038212,33.04694400306412,33.04694400312472,0.7848216784661233,20.999999999999993,9.890754881780595e-11
185.3,-34.30976361386693,37.442465646291105,-136.99224615169328,33.04694400306844,33.046944003128104,0.7848216784613342,20.999999999999996,9.734435479913373e-11
185.35000000000002,-34.96789887383067,36.82857805104874,-135.9768467730043,33.0469440030727,33.04694400313144,0.7848216784566162,21.0,9.57811607804615e-11
185.4,-35.615052000952694,36.20312395196857,-134.96144739431512,33.0469440030769,33.04694400313471,0.7848216784519693,20.999999999999996,9.43600753089413e-11
185.45000000000002,-36.251019748202445,35.56629978121335,-133.9460480156258,33.04694400308103,33.04694400313796,0.7848216784473934,20.999999999999996,9.29389898374211e-11
185.5,-36.8756023814664,34.91830554186777,-132.93064863693633,33.046944003085095,33.046944003141135,0.7848216784428956,20.999999999999996,9.15179043659009e-11
185.55,-37.48860374227721,34.25934474512483,-131.91524925824666,33.046944003089095,33.046944003144276,0.7848216784384618,20.999999999999996,8.995471034722868e-11
185.60000000000002,-38.08983130941991,33.589624346370485,-130.89984987955685,33.04694400309304,33.046944003147345,0.7848216784340991,21.0,8.86757334228605e-11
185.65,-38.6790962593957,32.90935468018653,-129.8844505008669,33.04694400309692,33.04694400315039,0.7848216784298003,20.999999999999996,8.72546479513403e-11
185.70000000000002,-39.256213525724526,32.21874939429224,-128.86905112217678,33.046944003100734,33.04694400315336,0.7848216784255726,20.999999999999996,8.597567102697212e-11
185.75,-39.82100185706765,31.518025382445455,-127.85365174348657,33.0469440031045,33.04694400315631,0.7848216784214088,21.0,8.455458555545192e-11
185.8,-40.37328387415201,30.807402716324237,-126.83825236479618,33.0469440031082,33.04694400315922,0.784821678417309,21.0,8.327560863108374e-11
185.85000000000002,-40.91288612547858,30.087104576410425,-125.82285298610563,33.04694400311185,33.046944003162075,0.7848216784132731,20.999999999999996,8.199663170671556e-11
185.9,-41.43963914179708,29.357357181896845,-124.80745360741496,33.04694400311543,33.04694400316489,0.7848216784092941,21.0,8.071765478234738e-11
185.95000000000002,-41.95337748933007,28.61838971964017,-123.79205422872414,33.04694400311896,33.04694400316764,0.7848216784053861,20.999999999999996,7.958078640513122e-11
186.0,-42.45393982172961,27.870434272181747,-122.77665485003318,33.04694400312244,33.04694400317036,0.7848216784015349,20.999999999999996,7.815970093361102e-11
186.05,-42.94116893075022,27.113725744858986,-121.76125547134208,33.046944003125866,33.04694400317306,0.7848216783977406,20.999999999999996,7.702283255639486e-11
186.10000000000002,-43.414911795622224,26.34850179203023,-120.74585609265085,33.046944003129234,33.04694400317567,0.7848216783940103,20.999999999999996,7.58859641791787e-11
186.15,-43.87501963110995,25.575002742436244,-119.7304567139595,33.04694400313255,33.04694400317827,0.7848216783903368,20.999999999999996,7.460698725481052e-11
186.20000000000002,-44.32134793423971,24.793471523721784,-118.71505733526801,33.04694400313581,33.04694400318083,0.7848216783867201,21.0,7.347011887759436e-11
186.25,-44.753756529682875,24.004153586140944,-117.6996579565764,33.046944003139025,33.046944003183356,0.7848216783831532,20.999999999999996,7.23332505003782e-11
186.3,-45.1721096137798,23.207296825470255,-116.68425857788466,33.046944003142194,33.04694400318582,0.7848216783796502,20.999999999999996,7.133849067031406e-11
186.35000000000002,-45.57627579719078,22.40315150515371,-115.6688591991928,33.046944003145306,33.04694400318826,0.784821678376197,21.0,7.005951374594588e-11
186.4,-45.96612814616058,21.591970177704212,-114.65345982050083,33.046944003148376,33.04694400319067,0.7848216783728006,20.999999999999996,6.906475391588174e-11
186.45000000000002,-46.341544222383696,20.774007605386117,-113.63806044180873,33.046944003151395,33.04694400319303,0.7848216783694539,20.999999999999996,6.792788553866558e-11
186.5,-46.702406121457734,19.949520680203747,-112.62266106311652,33.046944003154366,33.04694400319536,0.7848216783661641,20.999999999999996,6.693312570860144e-11
186.55,-47.04860050991282,19.118768343221053,-111.6072616844242,33.04694400315729,33.04694400319766,0.784821678362924,20.999999999999996,6.579625733138528e-11
186.60000000000002,-47.380018660805526,18.282011503237737,-110.59186230573177,33.04694400316018,33.04694400319992,0.7848216783597337,20.999999999999996,6.480149750132114e-11
186.65,-47.696556487865955,17.439512954847377,-109.5764629270392,33.04694400316301,33.04694400320214,0.784821678356586,21.0,6.3806737671257e-11
186.70000000000002,-47.998114578187476,16.5915372959033,-108.56106354834654,33.046944003165805,33.04694400320433,0.7848216783534951,21.0,6.295408638834488e-11
186.75,-48.28459822344862,15.738350844418113,-107.54566416965378,33.04694400316856,33.04694400320648,0.7848216783504469,21.000000000000007,6.181721801112872e-11
186.8,-48.55591744965751,14.880221554922988,-106.53026479096089,33.04694400317127,33.0469440032086,0.7848216783474484,20.999999999999996,6.09645667282166e-11
186.85000000000002,-48.811987045409374,14.017418934312994,-105.5148654122679,33.046944003173934,33.04694400321068,0.7848216783444926,20.999999999999993,5.996980689815246e-11
186.9,-49.05272658864834,13.150213957204874,-104.49946603357482,33.04694400317656,33.046944003212744,0.7848216783415864,21.0,5.911715561524034e-11
186.95000000000002,-49.27806047192502,12.278878980833875,-103.48406665488163,33.04694400317914,33.04694400321476,0.7848216783387301,20.999999999999996,5.8122395785176195e-11
187.0,-49.48791792614205,11.403687659516333,-102.46866727618834,33.046944003181686,33.04694400321676,0.7848216783359092,21.0,5.7127635955112055e-11
187.05,-49.68223304278007,10.52491485870491,-101.45326789749494,33.046944003184194,33.046944003218705,0.7848216783331381,20.999999999999996,5.6417093219351955e-11
187.10000000000002,-49.86094479459715,9.642836568663448,-100.43786851880147,33.04694400318666,33.04694400322065,0.7848216783304025,20.999999999999996,5.5422333389287814e-11
187.15,-50.02399705479523,8.757729817788562,-99.42246914010788,33.04694400318909,33.04694400322254,0.7848216783277167,20.999999999999996,5.4711790653527714e-11
187.20000000000002,-50.17133861464747,7.869872585605194,-98.4070697614142,33.046944003191484,33.04694400322441,0.7848216783250734,21.000000000000007,5.3717030823463574e-11
187.25,-50.302923199581016,6.979543715463455,-97.39167038272043,33.046944003193836,33.046944003226244,0.7848216783224657,20.999999999999996,5.2864379540551454e-11
187.3,-50.418709483710195,6.0870228269641675,-96.37627100402656,33.04694400319615,33.04694400322806,0.7848216783199007,20.999999999999993,5.2153836804791354e-11
187.35000000000002,-50.5186611028154,5.1925902281406175,-95.36087162533262,33.04694400319843,33.04694400322985,0.7848216783173854,21.0,5.1301185521879233e-11
187.4,-50.60274666576378,4.296526827424098,-94.34547224663858,33.04694400320068,33.046944003231594,0.7848216783148985,21.0,5.030642569181509e-11
187.45000000000002,-50.670939764368065,3.399114045420885,-93.33007286794444,33.04694400320288,33.04694400323331,0.7848216783124542,20.999999999999996,4.973799150320701e-11
187.5,-50.723218981680354,2.5006337265283594,-92.31467348925024,33.04694400320506,33.04694400323502,0.7848216783100384,21.0,4.888534022029489e-11
187.55,-50.75956789871845,1.6013680504180359,-91.29927411055594,33.046944003207194,33.04694400323672,0.7848216783076651,21.0,4.831690603168681e-11
187.60000000000002,-50.779975099622426,0.7015994434132876,-90.28387473186157,33.046944003209305,33.046944003238366,0.7848216783053346,20.999999999999996,4.746425474877469e-11
187.65,-50.78443417523992,-0.19838951021038753,-89.2684753531671,33.04694400321137,33.046944003239986,0.7848216783030395,20.999999999999996,4.661160346586257e-11
187.70000000000002,-50.77294372513905,-1.098316156974711,-88.25307597447257,33.04694400321342,33.04694400324157,0.78482167830078,21.0,4.590106073010247e-11
187.75,-50.745507358048194,-1.9978978629697006,-87.23767659577796,33.04694400321543,33.04694400324316,0.7848216782985489,21.0,4.519051799434237e-11
187.8,-50.70213369072266,-2.8968521026186016,-86.22227721708326,33.046944003217405,33.04694400324471,0.7848216782963604,21.0,4.462208380573429e-11
187.85000000000002,-50.64283634523846,-3.7948965474087952,-85.2068778383885,33.04694400321936,33.04694400324623,0.7848216782942004,21.0,4.376943252282217e-11
187.9,-50.56763394471411,-4.691749154560815,-84.19147845969364,33.04694400322128,33.046944003247745,0.7848216782920758,20.999999999999996,4.320099833421409e-11
187.95000000000002,-50.47655010746181,-5.587128255607627,-83.17607908099872,33.04694400322317,33.04694400324923,0.7848216782899797,21.0,4.249045559845399e-11
188.0,-50.3696134395698,-6.48075264485635,-82.16067970230372,33.046944003225036,33.04694400325068,0.7848216782879192,20.999999999999996,4.192202140984591e-11
188.05,-50.2468575259182,-7.372341667704637,-81.14528032360866,33.04694400322686,33.046944003252115,0.7848216782858941,20.999999999999996,4.121147867408581e-11
188.10000000000002,-50.1083209196313,-8.261615308783979,-80.12988094491352,33.04694400322867,33.046944003253515,0.7848216782838975,20.999999999999996,4.050093593832571e-11
188.15,-49.95404712996938,-9.148294279902245,-79.11448156621832,33.04694400323044,33.046944003254914,0.7848216782819293,21.0,3.993250174971763e-11
188.20000000000002,-49.78408460866407,-10.032100107757856,-78.09908218752304,33.04694400323219,33.046944003256286,0.7848216782799966,20.999999999999996,3.936406756110955e-11
188.25,-49.59848673470144,-10.91275522139801,-77.08368280882769,33.04694400323391,33.04694400325763,0.7848216782780852,21.0,3.865352482534945e-11
188.3,-49.397311797557634,-11.789983039393533,-76.06828343013227,33.0469440032356,33.04694400325895,0.7848216782762165,20.999999999999996,3.822719918389339e-11
188.35000000000002,-49.180622978892266,-12.663508056702945,-75.05288405143679,33.04694400323727,33.04694400326026,0.7848216782743691,20.999999999999996,3.737454790098127e-11
188.4,-48.94848833270539,-13.533055931198474,-74.03748467274124,33.04694400323891,33.04694400326154,0.7848216782725501,20.999999999999996,3.694822225952521e-11
188.45000000000002,-48.70098076396423,-14.398353569826849,-73.02208529404564,33.046944003240526,33.04694400326281,0.7848216782707595,20.999999999999996,3.637978807091713e-11
188.5,-48.43817800570644,-15.259129214377793,-72.00668591534996,33.04694400324212,33.046944003264066,0.7848216782689974,21.0,3.581135388230905e-11
188.55,-48.160162594626954,-16.1151125268333,-70.99128653665423,33.04694400324368,33.04694400326528,0.7848216782672637,21.0,3.524291969370097e-11
188.60000000000002,-47.867021845156295,-16.96603467427088,-69.97588715795844,33.04694400324523,33.046944003266496,0.7848216782655584,20.999999999999993,3.467448550509289e-11
188.65,-47.55884782203828,-17.811628413294095,-68.96048777926259,33.04694400324675,33.04694400326767,0.7848216782638815,20.999999999999996,3.410605131648481e-11
188.70000000000002,-47.2357373114159,-18.65162817396391,-67.94508840056668,33.04694400324824,33.04694400326884,0.7848216782622259,21.0,3.353761712787673e-11
188.75,-46.897791790434326,-19.48577014320445,-66.92968902187071,33.04694400324971,33.04694400327,0.7848216782605917,21.0,3.311129148642067e-11
188.8,-46.54511739537065,-20.31379234765701,-65.9142896431747,33.04694400325116,33.04694400327113,0.784821678258993,20.999999999999996,3.268496584496461e-11
188.85000000000002,-46.17782488830043,-21.135434735956242,-64.89889026447861,33.04694400325259,33.04694400327224,0.7848216782574156,21.0,3.197442310920451e-11
188.9,-45.796029622311316,-21.950439260402764,-63.88349088578247,33.046944003254,33.046944003273346,0.7848216782558595,20.999999999999996,3.154809746774845e-11
188.95000000000002,-45.399851505274945,-22.758549958006448,-62.868091507086284,33.046944003255376,33.04694400327442,0.7848216782543318,20.999999999999996,3.112177182629239e-11
189.0,-44.989414962188256,-23.55951303087501,-61.85269212839004,33.04694400325673,33.046944003275485,0.7848216782528254,20.999999999999996,3.055333763768431e-11
189.05,-44.564848896096166,-24.353076925922593,-60.837292749693745,33.046944003258076,33.046944003276536,0.7848216782513404,21.0,3.012701199622825e-11
189.10000000000002,-44.12628664760787,-25.13899241387336,-59.8218933709974,33.0469440032594,33.04694400327758,0.7848216782498767,21.0,2.970068635477219e-11
189.15,-43.67386595301944,-25.917012667535253,-58.80649399230101,33.04694400326069,33.0469440032786,0.7848216782484414,21.0,2.927436071331613e-11
189.20000000000002,-43.2077289010559,-26.686893339319358,-57.791094613604564,33.04694400326197,33.046944003279606,0.7848216782470274,21.0,2.8705926524708048e-11
189.25,-42.728021888246424,-27.4483926379805,-56.77569523490806,33.046944003263235,33.04694400328059,0.7848216782456348,20.999999999999996,2.8279600883251987e-11
189.3,-42.23489557294651,-28.201271404554998,-55.76029585621151,33.04694400326447,33.04694400328157,0.7848216782442634,20.999999999999996,2.7853275241795927e-11
189.35000000000002,-41.72850482802176,-28.945293187471705,-54.74489647751492,33.04694400326569,33.04694400328252,0.7848216782429134,20.999999999999996,2.7426949600339867e-11
189.4,-41.20900869220797,-29.680224316812776,-53.72949709881827,33.046944003266894,33.04694400328346,0.7848216782415847,21.0,2.7000623958883807e-11
189.45000000000002,-40.67657032016293,-30.405833977700794,-52.71409772012157,33.04694400326808,33.04694400328438,0.7848216782402773,21.0,2.6574298317427747e-11
189.5,-40.13135693122552,-31.121894282789256,-51.698698341424844,33.046944003269246,33.04694400328529,0.7848216782389912,21.0,2.6147972675971687e-11
189.55,-39.57353975689826,-31.828180343833615,-50.68329896272807,33.04694400327039,33.0469440032862,0.7848216782377193,21.0,2.5721647034515627e-11
189.60000000000002,-39.00329398706982,-32.52447034232043,-49.66789958403124,33.04694400327152,33.046944003287074,0.7848216782364759,20.999999999999993,2.5437429940211587e-11
189.65,-38.42079871499423,-33.210545599132374,-48.65250020533436,33.046944003272635,33.04694400328794,0.7848216782352466,20.999999999999996,2.4868995751603507e-11
189.70000000000002,-37.82623688104434,-33.88619064322738,-47.63710082663743,33.04694400327373,33.046944003288786,0.7848216782340387,21.0,2.4584778657299466e-11
189.75,-37.21979521525694,-34.55119327931013,-46.621701447940474,33.0469440032748,33.046944003289624,0.784821678232845,21.0,2.4158453015843406e-11
189.8,-36.601664178687706,-35.205344654474814,-45.60630206924347,33.04694400327586,33.046944003290456,0.7848216782316655,20.999999999999996,2.3874235921539366e-11
189.85000000000002,-35.9720379035944,-35.84843932379818,-44.590902690546436,33.0469440032769,33.046944003291294,0.7848216782305144,20.999999999999996,2.3590018827235326e-11
189.9,-35.33111413246702,-36.48027531486221,-43.57550331184936,33.04694400327793,33.04694400329208,0.7848216782293704,20.999999999999996,2.3021584638627246e-11
189.95000000000002,-34.6790941559242,-37.100654191186266,-42.56010393315223,33.046944003278945,33.04694400329287,0.7848216782282549,20.999999999999996,2.2879476091475226e-11
190.0,-34.016182749495144,-37.70938111454867,-41.544704554455066,33.04694400327993,33.046944003293646,0.7848216782271535,21.0,2.2311041902867146e-11
190.05,-33.342588109307236,-38.306264906178264,-40.529305175757855,33.04694400328091,33.0469440032944,0.7848216782260735,20.999999999999993,2.2026824808563106e-11
190.10000000000002,-32.65852178669922,-38.891118106796625,-39.51390579706062,33.04694400328187,33.04694400329516,0.7848216782250006,20.999999999999996,2.1600499167107046e-11
190.15,-31.96419862178072,-39.46375703549215,-38.498506418363334,33.046944003282825,33.0469440032959,0.7848216782239419,20.999999999999996,2.1458390619955026e-11
190.20000000000002,-31.25983667595886,-40.024001847407476,-37.483107039666024,33.046944003283755,33.04694400329663,0.7848216782229116,21.0,2.1174173525650986e-11
190.25,-30.54565716345315,-40.57167659022214,-36.46770766096869,33.04694400328468,33.04694400329736,0.7848216782218884,20.999999999999996,2.0605739337042905e-11
190.3,-29.821884381820265,-41.10660925941276,-35.452308282271304,33.04694400328558,33.04694400329805,0.7848216782208866,20.999999999999996,2.0463630789890885e-11
190.35000000000002,-29.088745641510393,-41.62863185227331,-34.43690890357389,33.04694400328648,33.046944003298755,0.7848216782198989,21.0,2.0037305148434825e-11
190.4,-28.346471194477378,-42.13758042067863,-33.42150952487645,33.04694400328735,33.046944003299444,0.7848216782189255,20.999999999999993,1.9753088054130785e-11
190.45000000000002,-27.595294161865034,-42.63329512257451,-32.40611014617896,33.04694400328822,33.04694400330012,0.7848216782179733,21.0,1.9468870959826745e-11
190.5,-26.835450460792366,-43.11562027217817,-31.390710767481448,33.04694400328907,33.04694400330081,0.7848216782170283,21.0,1.9042545318370685e-11
190.55,-26.067178730260654,-43.58440438887349,-30.37531138878388,33.04694400328991,33.04694400330145,0.7848216782160975,21.0,1.8900436771218665e-11
190.60000000000002,-25.290720256205717,-44.039500244785486,-29.35991201008629,33.04694400329074,33.04694400330208,0.784821678215188,20.999999999999996,1.8616219676914625e-11
190.65,-24.50631889571885,-44.4807649110192,-28.344512631388675,33.04694400329154,33.04694400330272,0.7848216782142856,20.999999999999996,1.8189894035458565e-11
190.70000000000002,-23.714221000460277,-44.90805980254839,-27.329113252691034,33.04694400329234,33.046944003303345,0.7848216782133974,21.0,1.8047785488306545e-11
190.75,-22.914675339289143,-45.32125072174001,-26.313713873993365,33.04694400329313,33.04694400330396,0.7848216782125306,21.0,1.7763568394002505e-11
190.8,-22.107933020134343,-45.72020790050075,-25.298314495295646,33.0469440032939,33.04694400330458,0.7848216782116708,20.999999999999993,1.7337242752546445e-11
190.85000000000002,-21.294247411130748,-46.10480604103246,-24.282915116597906,33.04694400329467,33.04694400330517,0.7848216782108253,21.0,1.7195134205394424e-11
190.9,-20.473874061045578,-46.47492435518354,-23.267515737900133,33.046944003295415,33.04694400330575,0.7848216782099868,20.999999999999996,1.6910917111090384e-11
190.95000000000002,-19.647070619019924,-46.83044660238409,-22.25211635920234,33.046944003296154,33.046944003306336,0.7848216782091697,21.0,1.6768808563938364e-11
191.0,-18.814096753650606,-47.171261126152814,-21.23671698050452,33.04694400329688,33.04694400330692,0.7848216782083597,20.999999999999996,1.6342482922482304e-11
191.05,-17.97521407143781,-47.49726088916418,-20.221317601806675,33.046944003297604,33.04694400330747,0.784821678207571,20.999999999999996,1.6200374375330284e-11
191.10000000000002,-17.130686034624095,-47.80834350686496,-19.205918223108803,33.04694400329831,33.046944003308035,0.7848216782067823,20.999999999999996,1.5774048733874224e-11
191.15,-16.280777878450564,-48.104411279629424,-18.190518844410906,33.046944003299004,33.046944003308596,0.7848216782060149,20.999999999999996,1.5774048733874224e-11
191.20000000000002,-15.425756527856237,-48.38537122344322,-17.17511946571296,33.046944003299686,33.046944003309115,0.7848216782052617,21.0,1.5347723092418164e-11
191.25,-14.565890513646716,-48.65113509910625,-16.15972008701499,33.04694400330036,33.04694400330963,0.7848216782045156,21.0,1.5063505998114124e-11
191.3,-13.701449888158523,-48.901619439945314,-15.144320708316991,33.04694400330102,33.04694400331015,0.7848216782037838,21.0,1.4921397450962104e-11
191.35000000000002,-12.832706140445582,-49.13674557802799,-14.128921329618967,33.046944003301675,33.04694400331066,0.784821678203059,21.0,1.4637180356658064e-11
191.4,-11.959932111014476,-49.35643966886931,-13.113521950920918,33.04694400330232,33.04694400331116,0.7848216782023485,21.0,1.4495071809506044e-11
191.45000000000002,-11.083401906135263,-49.56063271462358,-12.098122572222843,33.04694400330295,33.04694400331166,0.7848216782016451,21.0,1.4210854715202004e-11
191.5,-10.203390811754765,-49.749260585754115,-11.082723193524744,33.04694400330357,33.04694400331212,0.7848216782009558,20.999999999999996,1.4068746168049984e-11
191.55,-9.32017520703936,-49.922264041173946,-10.067323814826619,33.04694400330418,33.04694400331259,0.7848216782002737,20.999999999999996,1.3784529073745944e-11
191.60000000000002,-8.434032477574437,-50.079588746851265,-9.051924436128468,33.04694400330478,33.04694400331308,0.7848216781995987,20.999999999999996,1.3642420526593924e-11
191.65,-7.545240928247769,-50.22118529287376,-8.036525057430318,33.04694400330538,33.04694400331354,0.784821678198945,21.0,1.3500311979441904e-11
191.70000000000002,-6.654079695844172,-50.34700920896646,-7.021125678732141,33.04694400330596,33.046944003314,0.7848216781982913,21.0,1.3073986337985843e-11
191.75,-5.760828661378889,-50.45702097845819,-6.00572630003394,33.04694400330653,33.04694400331446,0.7848216781976518,21.0,1.3073986337985843e-11
191.8,-4.865768362197242,-50.55118605069233,-4.990326921335713,33.0469440033071,33.0469440033149,0.7848216781970265,20.999999999999996,1.2789769243681803e-11
191.85000000000002,-3.9691799038681568,-50.6294748518779,-3.9749275426374604,33.04694400330766,33.046944003315325,0.7848216781964084,20.999999999999996,1.2505552149377763e-11
191.9,-3.0713448718992242,-50.6918627943776,-2.959528163939183,33.046944003308205,33.04694400331576,0.7848216781957973,20.999999999999993,1.2363443602225743e-11
191.95000000000002,-2.172545243301036,-50.738330284429885,-1.9441287852408793,33.046944003308745,33.046944003316185,0.7848216781951933,21.0,1.2221335055073723e-11
192.0,-1.2730632980285606,-50.76886272830264,-0.928729406542576,33.04694400330928,33.04694400331661,0.7848216781946036,21.0,1.2079226507921703e-11
192.05,-0.3731815303273748,-50.78345053687656,0.08666997215575277,33.046944003309804,33.04694400331702,0.7848216781940209,20.999999999999996,1.1795009413617663e-11
192.10000000000002,0.5268174399874023,-50.78208912865669,1.102069350854107,33.046944003310315,33.046944003317435,0.7848216781934454,20.999999999999996,1.1652900866465643e-11
192.15,1.4266509562916152,-50.764778931211374,2.1174687295524866,33.04694400331083,33.04694400331782,0.7848216781928841,20.999999999999996,1.1510792319313623e-11
192.20000000000002,2.326036413924137,-50.7315253810379,3.1328681082508916,33.046944003311324,33.04694400331821,0.7848216781923298,21.0,1.1226575225009583e-11
192.25,3.224691348942614,-50.68233892185514,4.148267486949297,33.046944003311815,33.04694400331859,0.7848216781917827,21.0,1.1084466677857563e-11
192.3,4.122333526835018,-50.617235001323564,5.163666865647728,33.0469440033123,33.046944003319,0.7848216781912427,21.0,1.0942358130705543e-11
192.35000000000002,5.01868103115914,-50.536234066193664,6.179066244346183,33.046944003312774,33.04694400331935,0.7848216781907169,20.999999999999996,1.0800249583553523e-11
192.4,5.913452352082192,-50.43936155588441,7.194465623044665,33.04694400331324,33.04694400331972,0.7848216781901911,20.999999999999996,1.0516032489249483e-11
192.45000000000002,6.806366474792708,-50.326647894493654,8.209865001743147,33.046944003313705,33.046944003320085,0.7848216781896795,20.999999999999996,1.0516032489249483e-11
192.5,7.697142967756973,-50.19812848124303,9.225264380441653,33.04694400331417,33.04694400332045,0.784821678189175,20.999999999999996,1.0231815394945443e-11
192.55,8.585502070792273,-50.05384367936038,10.240663759140185,33.046944003314614,33.046944003320796,0.7848216781886848,21.0,1.0089706847793423e-11
192.60000000000002,9.471164782929291,-49.893838803403106,11.256063137838717,33.046944003315055,33.04694400332114,0.7848216781881945,21.0,9.805489753489383e-12
192.65,10.353852950036067,-49.71816410502659,12.271462516537275,33.04694400331549,33.04694400332148,0.7848216781877113,21.0,9.805489753489383e-12
192.70000000000002,11.233289352175994,-49.52687475720193,13.286861895235859,33.046944003315915,33.04694400332182,0.7848216781872352,21.0,9.663381206337363e-12
192.75,12.10919779067242,-49.3200308368882,14.302261273934443,33.046944003316334,33.04694400332215,0.7848216781867663,21.0,9.521272659185342e-12
192.8,12.981303174852512,-49.097697306164434,15.31766065263305,33.046944003316746,33.04694400332248,0.7848216781863115,20.999999999999996,9.379164112033322e-12
192.85000000000002,13.849331608443126,-48.85994399182744,16.333060031331684,33.04694400331716,33.04694400332279,0.7848216781858568,20.999999999999996,9.094947017729282e-12
192.9,14.713010475591576,-48.606845563461775,17.34845941003032,33.046944003317556,33.046944003323105,0.7848216781854163,20.999999999999996,9.094947017729282e-12
192.95000000000002,15.572068526484257,-48.33848150998876,18.36385878872898,33.04694400331795,33.04694400332342,0.7848216781849757,21.0,8.810729923425242e-12
193.0,16.42623596253625,-48.05493611470193,19.379258167427636,33.04694400331834,33.04694400332374,0.7848216781845494,21.0,8.810729923425242e-12
193.05,17.27524452112515,-47.756298428796754,20.39465754612632,33.04694400331873,33.04694400332403,0.7848216781841231,20.999999999999996,8.526512829121202e-12
193.10000000000002,18.118827559842504,-47.44266224340292,21.41005692482503,33.046944003319105,33.04694400332432,0.7848216781837039,20.999999999999996,8.526512829121202e-12
193.15,18.9567201402364,-47.11412606012799,22.425456303523745,33.046944003319474,33.04694400332462,0.7848216781832917,21.0,8.384404281969182e-12
193.20000000000002,19.788659111018898,-46.77079306012165,23.44085568222248,33.046944003319844,33.046944003324896,0.7848216781828867,21.0,8.242295734817162e-12
193.25,20.6143831907122,-46.412771071670306,24.456255060921215,33.046944003320206,33.04694400332519,0.7848216781824888,20.999999999999996,8.100187187665142e-12
193.3,21.43363304970755,-46.04017253633221,25.47165443961998,33.04694400332056,33.046944003325464,0.784821678182098,20.999999999999996,7.958078640513122e-12
193.35000000000002,22.246151391711148,-45.653114473623624,26.487053818318763,33.04694400332092,33.04694400332573,0.7848216781817072,21.000000000000007,7.815970093361102e-12
193.4,23.051683034551473,-45.25171844426737,27.50245319701755,33.04694400332126,33.04694400332599,0.7848216781813235,21.000000000000007,7.815970093361102e-12
193.45000000000002,23.84997499032262,-44.83611051201501,28.517852575716336,33.04694400332159,33.04694400332627,0.784821678180947,21.0,7.673861546209082e-12
193.5,24.640776544838516,-44.406421204054894,29.53325195441515,33.046944003321926,33.04694400332653,0.7848216781805775,21.0,7.531752999057062e-12
193.55,25.423839336373035,-43.962785470018325,30.548651333113963,33.04694400332226,33.046944003326814,0.7848216781802151,21.0,7.389644451905042e-12
193.60000000000002,26.198917433661304,-43.50534263959686,31.5640507118128,33.04694400332258,33.046944003327056,0.7848216781798598,21.0,7.247535904753022e-12
193.65,26.965767413137666,-43.03423637878397,32.579450090511635,33.0469440033229,33.04694400332732,0.7848216781795045,21.0,7.105427357601002e-12
193.70000000000002,27.724148435386102,-42.549614644754826,33.5948494692105,33.04694400332322,33.04694400332756,0.7848216781791635,21.0,7.105427357601002e-12
193.75,28.47382232077903,-42.05162963939837,34.61024884790936,33.04694400332353,33.0469440033278,0.7848216781788224,20.999999999999996,6.821210263296962e-12
193.8,29.214553624280786,-41.54043776151631,35.62564822660825,33.04694400332384,33.046944003328036,0.7848216781784885,20.999999999999996,6.821210263296962e-12
193.85000000000002,29.94610970939226,-41.016199557703985,36.64104760530714,33.046944003324136,33.046944003328285,0.7848216781781545,20.999999999999996,6.679101716144942e-12
193.9,30.668260821213487,-40.479079671928595,37.65644698400605,33.046944003324434,33.046944003328505,0.7848216781778277,20.999999999999996,6.679101716144942e-12
193.95000000000002,31.380780158601205,-39.92924679382056,38.67184636270497,33.046944003324725,33.04694400332873,0.784821678177515,21.0,6.536993168992922e-12
194.0,32.083443945398784,-39.3668736056943,39.687245741403906,33.04694400332501,33.04694400332897,0.7848216781771953,20.999999999999996,6.252776074688882e-12
194.05,32.77603150071608,-38.792136728315086,40.702645120102844,33.046944003325294,33.04694400332919,0.7848216781768897,20.999999999999996,6.394884621840902e-12
194.10000000000002,33.458325308237214,-38.205216665428914,41.71804449880181,33.04694400332557,33.04694400332939,0.7848216781765842,21.0,6.110667527536862e-12
194.15,34.130111084534455,-37.60629774707292,42.733443877500775,33.04694400332584,33.04694400332961,0.7848216781762787,21.0,6.110667527536862e-12
194.20000000000002,34.79117784636677,-36.9955680716841,43.74884325619974,33.04694400332611,33.04694400332983,0.7848216781759874,21.0,6.110667527536862e-12
194.25,35.44131797694191,-36.37321944702446,44.764242634898736,33.04694400332638,33.04694400333004,0.784821678175696,20.999999999999996,5.8264504332328215e-12
194.3,36.08032729112123,-35.73944732994129,45.77964201359772,33.04694400332664,33.046944003330225,0.7848216781754118,20.999999999999996,5.8264504332328215e-12
194.35000000000002,36.708005099546725,-35.09445076498132,46.79504139229674,33.04694400332689,33.04694400333042,0.7848216781751276,21.0,5.6843418860808015e-12
194.4,37.32415427167022,-34.438432321878125,47.810440770995754,33.04694400332715,33.04694400333064,0.7848216781748505,21.0,5.6843418860808015e-12
194.45000000000002,37.928581297664785,-33.77159803193244,48.82584014969477,33.0469440033274,33.046944003330836,0.7848216781745734,21.0,5.5422333389287814e-12
194.5,38.52109634919912,-33.09415732330529,49.841239528393785,33.046944003327646,33.046944003331035,0.7848216781743034,21.0,5.5422333389287814e-12
194.55,39.10151333905562,-32.40632295524426,50.85663890709285,33.04694400332789,33.04694400333121,0.7848216781740405,20.999999999999996,5.4001247917767614e-12
194.60000000000002,39.66964997957356,-31.708310951263684,51.872038285791916,33.04694400332812,33.04694400333138,0.7848216781737776,20.999999999999996,5.258016244624741e-12
194.65,40.22532783989895,-31.000340531299546,52.88743766449099,33.046944003328356,33.04694400333156,0.7848216781735218,20.999999999999996,5.258016244624741e-12
194.70000000000002,40.768372402023104,-30.282634042860582,53.902837043190054,33.04694400332858,33.04694400333174,0.7848216781732731,20.999999999999996,5.115907697472721e-12
194.75,41.29861311559234,-29.55541689119707,54.91823642188912,33.04694400332881,33.04694400333192,0.7848216781730244,20.999999999999996,4.973799150320701e-12
194.8,41.815883451471585,-28.818917468509333,55.933635800588235,33.04694400332903,33.046944003332094,0.7848216781727757,20.999999999999996,4.973799150320701e-12
194.85000000000002,42.32002095404508,-28.07336708221813,56.94903517928736,33.046944003329244,33.04694400333225,0.7848216781725341,20.999999999999996,4.973799150320701e-12
194.9,42.81086729223768,-27.318999882319492,57.96443455798647,33.046944003329465,33.04694400333243,0.7848216781722925,21.0,4.831690603168681e-12
194.95000000000002,43.288268309240884,-26.55605278784681,58.97983393668559,33.04694400332967,33.046944003332584,0.7848216781720581,21.0,4.831690603168681e-12
195.0,43.75207407092777,-25.78476541246326,59.99523331538471,33.046944003329884,33.046944003332754,0.7848216781718307,20.999999999999996,4.689582056016661e-12
195.05,44.202138912941834,-25.005379989207952,61.010632694083824,33.04694400333009,33.04694400333292,0.7848216781716033,20.999999999999996,4.547473508864641e-12
195.10000000000002,44.638321486444816,-24.218141294419446,62.02603207278294,33.04694400333029,33.04694400333308,0.7848216781713759,20.999999999999996,4.547473508864641e-12
195.15,45.060484802509166,-23.423296570860465,63.04143145148211,33.04694400333049,33.04694400333323,0.7848216781711557,20.999999999999996,4.547473508864641e-12
195.20000000000002,45.46849627514123,-22.621095450068047,64.05683083018128,33.04694400333069,33.04694400333337,0.7848216781709425,21.0,4.405364961712621e-12
195.25,45.862227762921655,-21.81178987395343,65.07223020888044,33.04694400333088,33.04694400333352,0.7848216781707222,20.999999999999996,4.263256414560601e-12
195.3,46.24155560924991,-20.995634015676366,66.08762958757961,33.04694400333106,33.04694400333368,0.7848216781705162,21.0,4.405364961712621e-12
195.35000000000002,46.60636068118025,-20.172884199818654,67.10302896627879,33.04694400333125,33.04694400333385,0.7848216781703101,21.0,4.121147867408581e-12
195.4,46.95652840683703,-19.343798821882004,68.11842834497796,33.04694400333143,33.04694400333398,0.7848216781701112,21.0,4.121147867408581e-12
195.45000000000002,47.291948811397525,-18.508638267135506,69.13382772367717,33.04694400333162,33.04694400333412,0.7848216781699122,20.999999999999996,3.979039320256561e-12
195.5,47.61251655163095,-17.667664828838173,70.14922710237639,33.046944003331795,33.04694400333423,0.7848216781697133,20.999999999999996,3.979039320256561e-12
195.55,47.918130948982935,-16.821142625862265,71.16462648107562,33.04694400333197,33.04694400333436,0.7848216781695214,20.999999999999996,3.979039320256561e-12
195.60000000000002,48.208696021194946,-15.96933751974325,72.18002585977483,33.04694400333214,33.046944003334524,0.7848216781693225,21.0,3.836930773104541e-12
195.65,48.4841205124488,-15.112517031182456,73.19542523847404,33.046944003332314,33.04694400333463,0.7848216781691377,20.999999999999996,3.979039320256561e-12
195.70000000000002,48.74431792202673,-14.250950256028647,74.21082461717327,33.04694400333248,33.04694400333479,0.784821678168953,21.0,3.694822225952521e-12
195.75,48.98920653147814,-13.3849077807649,75.22622399587249,33.04694400333264,33.046944003334914,0.7848216781687753,21.0,3.694822225952521e-12
195.8,49.218709430284314,-12.514661597527326,76.2416233745717,33.04694400333281,33.04694400333504,0.7848216781685977,21.0,3.552713678800501e-12
195.85000000000002,49.43275454001322,-11.64048501868233,77.25702275327093,33.04694400333297,33.04694400333519,0.7848216781684272,21.0,3.552713678800501e-12
195.9,49.63127463695669,-10.762652590989234,78.2724221319702,33.04694400333313,33.04694400333531,0.7848216781682495,20.999999999999996,3.410605131648481e-12
195.95000000000002,49.814207373242915,-9.88144000937522,79.28782151066946,33.04694400333329,33.0469440033354,0.784821678168079,21.0,3.552713678800501e-12
196.0,49.98149529641763,-8.997124030349685,80.30322088936873,33.04694400333344,33.04694400333554,0.7848216781679085,20.999999999999996,3.410605131648481e-12
196.05,50.13308586748779,-8.109982385085175,81.318620268068,33.04694400333359,33.04694400333565,0.784821678167738,20.999999999999996,3.410605131648481e-12
196.10000000000002,50.2689314774222,-7.220293692192234,82.33401964676727,33.046944003333735,33.04694400333578,0.7848216781675745,20.999999999999996,3.410605131648481e-12
196.15,50.388989462103694,-6.328337370215525,83.34941902546655,33.046944003333884,33.062202976202194,0.7848216781674182,20.0,3.268496584496461e-12
196.20000000000002,50.49322211572841,-5.434393549878726,84.36481840416582,33.04803392996733,33.0622029762023,0.784821678167269,20.0,3.126388037344441e-12
196.25,50.58159670264777,-4.53874298610576,85.38026004005192,33.049046004698404,33.062177647367065,0.7848216781671127,20.0,2.9842794901924208e-12
196.3,50.65408480603175,-3.6416669163838025,86.39574091569092,33.04998397917474,33.062128875516926,0.7848210144186751,20.0,3.126388037344441e-12
196.35000000000002,50.71066304297691,-2.7434470640624586,87.411258158903,33.050851471770606,33.04680634152376,0.7848190707780063,20.999999999999996,1.327496875092038e-05
196.4,50.75131307080699,-1.844365546491658,88.42680903762222,33.05056253389583,33.04672038126868,0.7848152766173726,20.999999999999996,3.8872813377111015e-05
196.45000000000002,50.776021591731016,-0.9447047832071037,89.44234871320744,33.05028809442246,33.04664123174978,0.7848091048036636,20.999999999999996,7.588321267348874e-05
196.5,50.78478101936434,-0.044747410645749275,90.45787774788052,33.05002760423155,33.04656857158256,0.7848007332464348,20.999999999999996,0.00012343627417976677
196.55,50.777588769073894,0.8552238508597279,91.47339668256195,33.04978053047091,33.04650209076105,0.7847903317150511,21.0,0.00016743114457540287
196.60000000000002,50.75444725885609,1.7549262852817091,92.48890603750256,33.04954635620592,33.04644149034818,0.7847780621199263,20.999999999999996,0.0002080306276752708
196.65,50.71536390865722,2.6540772691199255,93.5044063129014,33.049324580073225,33.04638648217142,0.7847640787863668,21.000000000000007,0.00024539190249583953
196.70000000000002,50.660351138135624,3.552394359617228,94.51989798951065,33.049114715937385,33.046336788523924,0.7847485287210958,20.999999999999996,0.00027966667119017075
196.75,50.58942636286529,4.449595382940793,95.53538152922678,33.04891629255071,33.04629214187162,0.7847315518715519,20.999999999999996,0.0003110013054197225
196.8,50.50261198898098,5.345398522300706,96.5508573756684,33.04872885321649,33.04625228456572,0.7847132813780888,21.000000000000007,0.00033953699087874156
196.85000000000002,50.399935406265755,6.239522405977864,97.56632595474113,33.04855195545572,33.04621696856082,0.7846938438193192,21.0,0.0003654098692607022
196.9,50.28142897968203,7.131686195233153,98.58178767518967,33.04838517067751,33.0461859551385,0.7846733594505579,20.999999999999993,0.00038875117539305393
196.95000000000002,50.147130039348056,8.021609672069882,99.59724292913661,33.048228083853296,33.04615901463689,0.784651942435616,21.0,0.00040968737522462106
197.0,49.997080868961994,8.909013326821459,100.61269209260885,33.048080293194985,33.04613592618527,0.7846297010720349,20.999999999999996,0.00042834029883920266
197.05,49.831328692676585,9.793618445536385,101.6281355260516,33.04794140983715,33.04611647744438,0.7846067380099271,21.0,0.0004448272716217616
197.10000000000002,49.64992566042762,10.675147197132656,102.64357357482957,33.04781105752338,33.046100464352385,0.7845831504644565,21.0,0.0004592612421561171
197.15,49.452928831720186,11.553322720293723,103.65900656971642,33.047688872296874,33.04608769087608,0.7845590304221943,20.999999999999996,0.0004717509094120942
197.20000000000002,49.24040015787703,12.427869210078269,104.67443482737202,33.04757450219539,33.046077968767406,0.7845344648414425,21.0,0.0004824008452430917
197.25,49.01240646275399,13.298512004216105,105.68985865080764,33.04746760695054,33.04607111732569,0.7845095358465457,20.999999999999996,0.0004913116150362384
197.3,48.769019421927865,14.164977669062615,106.70527832983989,33.04736785769162,33.04606696316474,0.7844843209165617,21.0,0.0004985798979362244
197.35000000000002,48.5103155403628,15.026994085184239,107.72069414153272,33.047274936653984,33.04606533998554,0.7844588930681269,21.0,0.0005042985996794869
197.4,48.23637612856142,15.884290532547643,108.73610635062829,33.04718853689195,33.04606608835397,0.7844333210328571,20.999999999999996,0.0005085569686968938
197.45000000000002,47.94728727720791,16.736597775285325,109.75151520996668,33.047108361996386,33.04606905548384,0.7844076694292994,21.0,0.0005114407053952164
197.5,47.64313983031034,17.583648146010518,110.76692096089464,33.047034125816914,33.04607409502477,0.7843819989295753,21.0,0.0005130320711543845
197.55,47.32402935685022,18.42517562965443,111.7823238336634,33.04696555218891,33.04608106685534,0.7843563664208801,21.0,0.0005134099944825721
197.60000000000002,46.99005612094784,19.260915946798992,112.79772404781612,33.04690237466508,33.046089836881116,0.7843308251618453,21.0,0.0005126501739027844
197.65,46.641325050552275,20.090606636478444,113.81312181256475,33.04684433625194,33.04610027683747,0.7843054249340611,20.999999999999993,0.0005108251806973385
197.70000000000002,46.27794570466548,20.913987138423252,114.82851732715659,33.0467911891509,33.04611226409751,0.7842802121886834,20.999999999999996,0.0005080045556837831
197.75,45.90003223911047,21.73079887472006,115.8439107812311,33.04674269450423,33.046125681484504,0.7842552301883785,20.999999999999996,0.0005042549075540137
197.8,45.50770337085402,22.540785330861524,116.85930235516648,33.04669862214568,33.046140417089205,0.7842305191446215,21.0,0.0004996400060974793
197.85000000000002,45.10108234089461,23.34369213616009,117.87469222041669,33.04665875035594,33.04615636409179,0.7842061163505605,20.999999999999996,0.0004942208751401722
197.9,44.68029687572729,24.139267143500014,118.89008053983936,33.04662286562279,33.04617342058812,0.7841820563094686,20.999999999999996,0.0004880558812203617
197.95000000000002,44.24547914739696,24.927260508402064,119.90546746801363,33.046590762406026,33.046191489420906,0.7841583708589255,21.0,0.0004812008218380015
198.0,43.79676573215268,25.707424767375652,120.92085315154957,33.046562242907086,33.04621047801501,0.7841350892908494,20.999999999999996,0.0004737090108619668
198.05,43.33429756771549,26.479514915533297,121.93623772938831,33.04653711684337,33.04623029821716,0.7841122384674861,21.000000000000007,0.0004656313615214458
198.10000000000002,42.85821990917324,27.243288483442615,122.9516213330935,33.04651520122721,33.04625086614001,0.7840898429333976,21.0,0.0004570164672657029
198.15,42.3686822835159,27.998505613191256,123.9670040871341,33.04649632014955,33.046272102010306,0.7840679250236562,20.999999999999996,0.00044791068177119087
198.20000000000002,41.865838442825535,28.744929133640444,124.98238610915901,33.04648030456818,33.04629393002125,0.7840465049682663,20.999999999999996,0.00043835819482751504
198.25,41.34984631613553,29.48232463484311,125.9977675102632,33.04646699210054,33.0463162781889,0.7840256009929192,20.999999999999993,0.00042840110779707175
198.3,40.82086795997406,30.210460541602764,127.01314839524598,33.046456226821135,33.04633907821263,0.7840052294162234,20.999999999999996,0.00041807950694305873
198.35000000000002,40.279069507607126,30.92910818614966,128.02852886286138,33.046447859063385,33.04636226533927,0.7839854047434542,21.0,0.0004074315339153145
198.4,39.72462111699721,31.638041879910986,129.04390900606083,33.04644174522595,33.0463857782314,0.7839661397569699,21.0,0.00039649345538350644
198.45000000000002,39.157696917493595,32.33703898435218,130.05928891222837,33.04643774758348,33.04640955883914,0.7839474456033244,20.999999999999996,0.00038529972968603943
198.5,38.578474955271155,33.025879980866755,131.07466866340832,33.04643573410174,33.04643355227572,0.7839293318772178,20.999999999999996,0.00037388307291053025
198.55,37.987137137534724,33.704348539692226,132.09004833652605,33.046435578257025,33.04645770669681,0.7839118067023563,21.0,0.0003622745221321111
198.60000000000002,37.38386917550642,34.37223158783031,133.10542800360176,33.046437158859874,33.046481973182985,0.7838948768093132,21.0,0.00035050349723064755
198.65,36.76886052621392,35.02931937594954,134.12080773195703,33.04644035988295,33.046506305626195,0.7838785476104206,20.999999999999996,0.00033859786086054555
198.70000000000002,36.14230433309789,35.67540554424905,135.13618758441518,33.04644507029318,33.046530660619126,0.7838628232719458,20.999999999999996,0.000326583977852124
198.75,35.504397365457216,36.31028718726252,136.15156761949476,33.04645118388789,33.04655499734823,0.7838477067833622,21.0,0.0003144867694970799
198.8,34.85533995675112,36.93376491758152,137.16694789159683,33.04645859913506,33.04657927748988,0.7838332000240698,21.0,0.00030232977167088393
198.85000000000002,34.19533594177753,37.54564292847809,138.18232845118632,33.04646721901754,33.04660346510955,0.7838193038274639,21.0,0.0002901351858497492
198.9,33.52459259274739,38.145729055406406,139.1977093449666,33.04647695088126,33.04662752656448,0.7838060180424975,21.0,0.00027792393211711897
198.95000000000002,32.84332055427516,38.733834836364124,140.21309061604904,33.046487706287195,33.04665143040887,0.7837933415928262,20.999999999999996,0.0002657156993279841
199.0,32.15173377730586,39.30977557109402,141.22847230411628,33.04649940086732,33.0466751473026,0.7837812725335667,21.0,0.00025352899342578894
199.05,31.450049451999472,39.87337037910712,142.24385444557996,33.046511954184126,33.04669864992236,0.783769808105717,20.999999999999996,0.00024138118519090312
199.10000000000002,30.73848793959392,40.424442256508904,143.25923707373335,33.046525289594,33.04672191287588,0.7837589447884739,21.0,0.0002292885569943337
199.15,30.017272703267945,40.96281813161037,144.27462021889812,33.04653933411414,33.04674491261887,0.7837486783492764,21.0,0.00021726634486185503
199.20000000000002,29.286630238025808,41.48832891930639,145.29000390856652,33.04655401829305,33.04676762737469,0.7837390038918102,20.999999999999996,0.00020532878394874388
199.25,28.54678999962582,42.00080957420396,146.30538816753818,33.0465692760846,33.046790037056496,0.7837299159020006,20.999999999999996,0.00019348914932493244
199.3,27.797984332575126,42.5000991424835,147.3207730180522,33.04658504472545,33.046812123192126,0.7837214082920383,20.999999999999996,0.00018175979619172722
199.35000000000002,27.040448397213463,42.98604081247665,148.33615847991436,33.04660126461592,33.04683386885142,0.7837134744425001,21.0,0.00017015219924587655
199.4,26.274420095908837,43.458481963944585,149.35154457061978,33.04661787920417,33.046855258576045,0.7837061072426579,20.999999999999996,0.00015867699076466124
199.45000000000002,25.500139998388416,43.91727421604108,150.36693130547107,33.04663483487359,33.04687627831153,0.7836992991289975,20.999999999999996,0.00014734399684357413
199.5,24.7178512662282,44.362273473945145,151.38231869769217,33.04665208083345,33.046896915341854,0.7836930421220529,21.0,0.00013616227320767393
199.55,23.927799576525242,44.79333997414842,152.39770675853788,33.04666956901262,33.04691715822608,0.7836873278615357,20.999999999999996,0.00012514013889131093
199.60000000000002,23.130233044776496,45.21033832838291,153.4130954973993,33.046687253956435,33.04693699673734,0.783682147639901,21.0,0.00011428521034417827
199.65,22.325402146988655,45.61313756617516,154.42848492190518,33.0467050927265,33.04695642180386,0.7836774924343715,20.999999999999996,0.00010360443269519237
199.70000000000002,21.513559641043493,46.001611176013306,155.44387503801966,33.04672304480346,33.04697542545213,0.7836733529374342,21.0,9.310411059004764e-05
199.75,20.694960487343536,46.375637145114,156.459265850136,33.04674107199264,33.04699400075202,0.7836697195859159,21.0,8.278993874455409e-05
199.8,19.86986176876309,46.73509799777657,157.47465736116658,33.0467591383326,33.047012141764085,0.7836665825886655,21.0,7.266703036634681e-05
199.85000000000002,19.03852260992986,47.07988083231225,158.4900495726295,33.046777210006276,33.04702984348848,0.7836639319528871,21.000000000000007,6.273994500816116e-05
199.9,18.201204095862625,47.409877356536725,159.50544248473184,33.046795255255006,33.04704710181593,0.7836617575091793,21.0,5.301271556845677e-05
199.95000000000002,17.35816918999063,47.724983921814875,160.52083609644941,33.04681324429507,33.047063913480535,0.7836600489353103,20.999999999999996,4.348887415517311e-05
200.0,16.509682651580533,48.02510155564676,161.5362304056033,33.04683114923689,33.047080276014235,0.7836587957788268,21.0,3.417147738105086e-05
200.05,15.656010952596972,48.310135992784666,162.5516254089333,33.0468489440067,33.047096187703005,0.7836579874784633,20.999999999999993,2.5063129669433692e-05
200.10000000000002,14.797422194022936,48.57999770487123,163.56702110216827,33.04686660427072,33.047111647544824,0.7836576133844133,21.0,1.616600727061268e-05
200.15,13.934186021666344,48.83460192858942,164.58241748009374,33.04688410736173,33.0471266552091,0.783657662777614,21.0,7.481880999193891e-06
200.20000000000002,13.06657354147939,49.07386869231527,165.5978145366163,33.04690143220797,33.04714121099778,0.7836581248878787,21.000000000000007,9.878640128135885e-07
200.25,12.19485723441731,49.2977228412651,166.6132122648257,33.046918559264384,33.04715531580788,0.7836589889110996,20.999999999999996,9.242205294412997e-06
200.3,11.31931087086346,49.50609406112914,167.62861065705385,33.046935470446066,33.047168971095665,0.7836602440254765,20.999999999999996,1.7280464419400232e-05
200.35000000000002,10.440209424647644,49.69891690018423,168.64400970493148,33.04695214906389,33.04718217884198,0.7836618794068357,21.0,2.5102287537492884e-05
200.4,9.55782898668482,49.876130789878395,169.65940939944227,33.04696857976233,33.04719494151931,0.7836638842430119,20.999999999999996,3.2707627184436205e-05
200.45000000000002,8.672446678261373,50.037680063881005,170.67480973097466,33.04698474845925,33.04720726205982,0.7836662477474263,20.999999999999996,4.009672352367488e-05
200.5,7.784340563996322,50.18351397559235,171.69021068937096,33.04700064228787,33.04721914382504,0.7836689591718198,20.999999999999996,4.727008828808721e-05
200.55,6.893789564504853,50.31358671410717,172.7056122639747,33.04701624954052,33.047230590576675,0.7836720078181969,20.999999999999996,5.4228487869067976e-05
200.60000000000002,6.001073368791723,50.427857418627084,173.72101444367556,33.04703155961453,33.04724160644842,0.7836753830500527,20.999999999999996,6.097292754247974e-05
200.65,5.106472346402129,50.526290191317344,174.73641721695196,33.047046562959814,33.04725219591937,0.7836790743028104,20.999999999999996,6.750463711568955e-05
200.70000000000002,4.21026745935771,50.60885410860389,175.75182057191216,33.04706125102835,33.04726236378843,0.7836830710936056,21.0,7.382505515352022e-05
200.75,3.3127401739054427,50.67552323090713,176.767224496333,33.0470756162255,33.047272115149426,0.7836873630304169,21.0,7.993581590426402e-05
200.8,2.4141723721072137,50.72627661080935,177.78262897769685,33.04708965186292,33.04728145536801,0.7836919398204998,20.999999999999996,8.583873622569627e-05
200.85000000000002,1.514846263297923,50.76109829965323,178.79803400322675,33.04710335211329,33.04729039005911,0.7836967912782526,20.999999999999996,9.153580165843778e-05
200.9,0.6150442954400003,50.779977352569354,179.81343955991986,33.04711671196656,33.047298925065384,0.783701907332528,20.999999999999996,9.702915505727105e-05
200.95000000000002,-0.2849509335977487,50.78290783193115,-179.17115436542105,33.04712972718791,33.04730706643698,0.7837072780332974,20.999999999999996,0.00010232108550667363
201.0,-1.1848567648090298,50.76988880923613,-178.15574778615726,33.047142394277124,33.047314820411934,0.7837128935578477,21.0,0.00010741401538894024
201.05,-2.0843905668387324,50.740924365412916,-177.14034071578587,33.047154710429616,33.04732219339755,0.7837187442164435,20.999999999999993,0.00011231049100501878
201.10000000000002,-2.9832698247634326,50.69602358955392,-176.12493316791264,33.04716667349875,33.04732919195267,0.7837248204575005,20.999999999999996,0.00011701317191636917
201.15,-3.8812122288357807,50.63520057607405,-175.10952515622668,33.047178281959745,33.047335822770776,0.783731112872303,21.0,0.00012152482113947372
201.20000000000002,-4.7779357631648365,50.558474420296456,-174.09411669447616,33.04718953487482,33.04734209266411,0.7837376121992463,20.999999999999996,0.00012584829605088999
201.25,-5.673158794304443,50.46586921246657,-173.07870779644557,33.04720043185977,33.047348008548106,0.7837443093277159,21.000000000000007,0.00012998653886597822
201.3,-6.566600159721755,50.35741403019644,-172.06329847593437,33.04721097305179,33.04735357742704,0.7837511953014626,21.0,0.0001339425693913654
201.35000000000002,-7.457979256118091,50.23314292934169,-171.04788874673676,33.047221159078596,33.04735880638029,0.7837582613216867,21.0,0.0001377194749352384
201.4,-8.347016127574303,50.09309493331408,-170.03247862262248,33.04723099102871,33.04736370254916,0.783765498749716,20.999999999999996,0.00014132040448089356
201.45000000000002,-9.233431553492943,49.93731402083288,-169.01706811731916,33.047240470423034,33.047368273124476,0.78377289910933,21.0,0.0001447485605865495
201.5,-10.116947136309554,49.76584911211909,-168.0016572444955,33.047249599187424,33.04737252533494,0.783780454088749,21.0,0.00014800719227991976
201.55,-10.997285388945485,49.57875405353679,-166.98624601774546,33.047258379626534,33.04737646643593,0.7837881555423607,20.999999999999996,0.00015109958837911108
201.60000000000002,-11.874169821974743,49.37608760068641,-165.9708344505737,33.04726681439863,33.04738010369902,0.7837959954920493,21.0,0.00015402907223460716
201.65,-12.747325030477436,49.15791339995539,-164.95542255638188,33.047274906491516,33.04738344440215,0.7838039661283176,21.0,0.00015679899377119
201.70000000000002,-13.616476780552512,48.924299968531955,-163.9400103484557,33.04728265919942,33.0473864958201,0.7838120598111615,20.999999999999996,0.00015941272536679207
201.75,-14.48135209546258,48.6753206728883,-162.92459783995332,33.04729007610089,33.047389265215806,0.7838202690705955,20.999999999999996,0.00016187365687869715
201.8,-15.341679341383715,48.41105370574001,-161.909185043894,33.04729716103767,33.04739175983205,0.783828586607008,20.999999999999996,0.00016418518868022147
201.85000000000002,-16.197188312733307,48.131582061489,-160.89377197314815,33.047303918094414,33.04739398688366,0.7838370052912964,20.999999999999996,0.00016635072825010866
201.9,-17.047610317049095,47.83699351015763,-159.8783586404278,33.047310351579355,33.047395953550065,0.7838455181647532,20.999999999999996,0.00016837368576716472
201.95000000000002,-17.89267825939273,47.5273805698223,-158.86294505827794,33.04731646600584,33.04739766696878,0.7838541184387395,21.0,0.0001702574691364589
202.0,-18.73212672625131,47.20284047755513,-157.84753123906862,33.047322266074616,33.04739913422854,0.7838627994942442,21.0,0.00017200547972606728
202.05,-19.565692068910504,46.86347515888297,-156.8321171949876,33.04732775665704,33.04740036236371,0.7838715548811663,21.000000000000007,0.00017362111009333603
202.10000000000002,-20.39311248627313,46.50939119577328,-155.81670293803384,33.047332942778944,33.04740135834848,0.7838803783175123,21.0,0.00017510773844264804
202.15,-21.214128107097025,46.14069979315701,-154.80128848001135,33.04733782960534,33.047402129091765,0.7838892636883728,21.0,0.0001764687269201204
202.20000000000002,-22.028481071626512,45.75751674399899,-153.78587383252398,33.0473424224258,33.04740268143233,0.783898205044828,20.999999999999996,0.00017770741720823935
202.25,-22.83591561259167,45.35996239292686,-152.77045900697047,33.047346726640555,33.0474030221344,0.7839071966026196,21.0,0.00017882712910477494
202.3,-23.636178135550065,44.94816159842998,-151.75504401454023,33.04735074774726,33.0474031578835,0.7839162327407578,21.0,0.00017983115583319886
202.35000000000002,-24.429017298545624,44.52224369364021,-150.7396288662095,33.04735449132842,33.047403095282654,0.7839253080000432,21.000000000000007,0.00018072276276370758
202.4,-25.214184091059643,44.08234244570694,-149.72421357273805,33.04735796303943,33.047402840848946,0.7839344170813618,21.0,0.00018150518570791974
202.45000000000002,-25.991431912229142,43.62859601377908,-148.70879814466642,33.047361168597256,33.047402401010324,0.7839435548440221,21.000000000000007,0.00018218162637140267
202.5,-26.76051664830797,43.16114690560733,-147.69338259231355,33.04736411376962,33.047401782102725,0.7839527163038511,21.0,0.0001827552532063237
202.55,-27.521196749346316,42.680141932780344,-146.67796692577468,33.04736680436484,33.04740099036744,0.7839618966313537,20.999999999999996,0.00018322919657975945
202.60000000000002,-28.27323330506458,42.18573216460883,-145.66255115491995,33.04736924622217,33.04740003194873,0.7839710911496667,21.0,0.0001836065500526729
202.65,-29.01639011989771,41.67807288067218,-144.647135289393,33.047371445202636,33.047398912891786,0.7839802953324977,21.0,0.00018389036625876543
202.70000000000002,-29.7504337871865,41.157323522042496,-143.63171933861034,33.04737340718043,33.047397639140755,0.7839895048020082,21.0,0.00018408365662025972
202.75,-30.475133762492458,40.62364764120138,-142.6163033117607,33.04737513803474,33.047396216537244,0.7839987153266037,20.999999999999996,0.00018418939021103142
202.8,-31.190262436013334,40.07721285066524,-141.60088721780485,33.04737664364206,33.0473946508187,0.784007922818688,21.0,0.00018421049190919803
202.85000000000002,-31.895595204076443,39.51819077033528,-140.58547106547576,33.047377929868965,33.047392947617304,0.7840171233323829,21.0,0.0001841498416865761
202.9,-32.590910539687414,38.946756973588705,-139.57005486327887,33.04737900256527,33.0473911124589,0.7840263130611618,20.999999999999996,0.00018401027389813862
202.95000000000002,-33.275990062112164,38.36309093212812,-138.55463861949298,33.04737986755768,33.04738915076213,0.7840354883354834,21.0,0.0001837945755767123
203.0,-33.950618605470304,37.76737595960646,-137.5392223421708,33.047380530643714,33.04738706783774,0.7840446456204049,20.999999999999996,0.0001835054864329777
203.05,-34.614584286318326,37.1597991540452,-136.52380603914042,33.047380997586146,33.047384868888145,0.7840537815130943,20.999999999999996,0.00018314569842914352
203.10000000000002,-35.2676785702015,36.54055133906389,-135.5083897180064,33.047381274107714,33.04738255900693,0.7840628927404083,21.0,0.00018271785378942695
203.15,-35.909696337153434,35.90982700393954,-134.4929733861515,33.04738136588623,33.04738014317876,0.7840719761564259,20.999999999999996,0.00018222454627903062
203.20000000000002,-36.54043594612287,35.26782424251473,-133.47755705073828,33.047381278549985,33.04737762627925,0.7840810287398838,20.999999999999996,0.00018166832035149127
203.25,-37.15969929830736,34.614744690973545,-132.46214071871114,33.0473810176735,33.047375013075026,0.7840900475917323,20.999999999999996,0.00018105166915916016
203.3,-37.76729189937403,33.95079346450503,-131.44672439679832,33.04738058877361,33.04737230822392,0.7840990299325981,21.0,0.00018037703696904828
203.35000000000002,-38.36302292054787,33.276179092873974,-130.43130809151418,33.047379997305775,33.04736951627533,0.784107973100248,21.0,0.00017964681731541532
203.4,-38.946705258548356,32.59111345491927,-129.41589180916162,33.04737924866075,33.04736664167043,0.784116874547081,21.0,0.00017886335299976963
203.45000000000002,-39.5181555943556,31.89581171200056,-128.40047555583445,33.04737834816144,33.0473636887429,0.7841257318376122,21.0,0.00017802893665930242
203.5,-40.07719445078759,31.190492240413953,-127.38505933742016,33.047377301060116,33.047360661719495,0.7841345426459156,21.0,0.0001771458106247792
203.55,-40.62364624887044,30.475376562798075,-126.36964315960256,33.04737611253579,33.04735756472062,0.7841433047531865,21.0,0.00017621616606788848
203.60000000000002,-41.157339362983954,29.75068927855209,-125.35422702786475,33.047374787691844,33.04735440176124,0.7841520160451481,20.999999999999996,0.00017524214541708716
203.65,-41.67810617476517,29.01665799328747,-124.3388109474919,33.04737333155394,33.04735117675168,0.7841606745096499,21.0,0.00017422583923121238
203.70000000000002,-42.18578312575302,28.27351324733573,-123.32339492357433,33.04737174906807,33.047347893498625,0.7841692782341099,21.0,0.00017316929003641235
203.75,-42.68021076875756,27.521488443334572,-122.30797896101065,33.04737004509882,33.04734455570603,0.784177825403134,21.0,0.00017207448919975832
203.8,-43.16123381793759,26.760819772915223,-121.29256306451083,33.047368224427906,33.047341166976324,0.7841863142960079,20.999999999999996,0.00017094338048195823
203.85000000000002,-43.62870119757106,25.991746142513936,-120.27714723859943,33.047366291752795,33.047337730811314,0.784194743284317,20.999999999999996,0.00016977785747940288
203.9,-44.082466089502844,25.214509098331057,-119.26173148761895,33.04736425168554,33.04733425061366,0.7842031108295302,21.000000000000007,0.00016857976618211978
203.95000000000002,-44.52238597925506,24.429352750461156,-118.246315815733,33.047362108751834,33.04733072968789,0.7842114154806197,21.0,0.0001673509042632304
204.0,-44.94832270078546,23.636523696218102,-117.2309002269298,33.04735986739012,33.04732717124174,0.7842196558717021,20.999999999999996,0.00016609302178949292
204.05,-45.36014247987981,22.83627094267915,-116.21548472502546,33.04735753195095,33.04732357838746,0.7842278307197361,21.0,0.00016480782164762786
204.10000000000002,-45.75771597616468,22.028845828472374,-115.20006931366737,33.04735510669642,33.04731995414324,0.7842359388222064,20.999999999999996,0.00016349696068118647
204.15,-46.14091832372743,21.214501944832058,-114.18465399633776,33.047352595799765,33.04731630143446,0.7842439790548568,20.999999999999996,0.0001621620494063336
204.20000000000002,-46.50962917033069,20.39349505594676,-113.16923877635699,33.0473500033451,33.04731262309526,0.7842519503694234,21.0,0.00016080465300660762
204.25,-46.86373271520895,19.56608301862518,-112.15382365688713,33.04734733332726,33.04730892186989,0.784259851791461,21.0,0.0001594262913329203
204.3,-47.203117745435506,18.73252570130494,-111.13840864093531,33.04734458965173,33.0473052004142,0.7842676824181325,21.0,0.000158028440750968
204.35000000000002,-47.52767767084831,17.89308490242986,-110.1229937313573,33.04734177613476,33.047301461297174,0.7842754414160851,20.999999999999996,0.00015661253343068893
204.4,-47.83731055752367,17.048024268221234,-109.10757893086087,33.047338896503504,33.047297707002365,0.7842831280193039,21.0,0.00015517995905156567
204.45000000000002,-48.131919159787465,16.197609209869036,-108.09216424200929,33.047335954396274,33.04729393992947,0.7842907415270517,20.999999999999996,0.0001537320643762996
204.5,-48.41141095075373,15.342106820169,-107.07674966722477,33.04733295336293,33.04729016239588,0.7842982813018082,20.999999999999996,0.0001522701549561134
204.55,-48.67569815138102,14.4817857896318,-106.06133520879195,33.047329896865286,33.04728637663818,0.7843057467672736,20.999999999999996,0.00015079549513075108
204.60000000000002,-48.92469775803754,13.616916322090658,-105.04592086886115,33.04732678827763,33.04728258481375,0.7843131374063432,21.0,0.0001493093093074549
204.65,-49.15833156856623,12.747770049833886,-104.03050664945195,33.047323630887355,33.04727878900233,0.7843204527592107,21.0,0.00014781278139253118
204.70000000000002,-49.37652620684183,11.874619948289036,-103.01509255245642,33.04732042789557,33.04727499120748,0.784327692421428,20.999999999999996,0.00014630705734930416
204.75,-49.57921314581202,10.99774025028543,-101.99967857964258,33.04731718241784,33.04727119335831,0.7843348560420509,21.0,0.0001447932443454647
204.8,-49.76632872901558,10.117406359922011,-100.98426473265758,33.047313897485026,33.04726739731096,0.7843419433217775,21.0,0.00014327241245837286
204.85000000000002,-49.9378141905707,9.233894766067564,-99.96885101303114,33.04731057604402,33.04726360485014,0.7843489540111577,21.0,0.00014174559453294933
204.9,-50.09361567362727,8.347482955520473,-98.95343742217868,33.04730722095874,33.04725981769071,0.7843558879088306,20.999999999999996,0.00014021378760276093
204.95000000000002,-50.23368424727725,7.458449325855284,-97.9380239614046,33.04730383501103,33.04725603747932,0.7843627448597772,21.0,0.0001386779534584548
205.0,-50.357975921917955,6.567073097983455,-96.92261063190541,33.04730042090162,33.04725226579583,0.7843695247536431,21.0,0.00013713901893197544
205.05,-50.466451663063296,5.673634228455736,-95.90719743477301,33.04729698125121,33.04724850415489,0.7843762275230546,21.0,0.00013559787731765027
205.10000000000002,-50.5590774035988,4.778413321533735,-94.89178437099757,33.04729351860147,33.0472447540076,0.7843828531420272,21.0,0.000134055388230081
205.15,-50.63582405447642,3.8816915410582813,-93.87637144147078,33.0472900354162,33.047241016742795,0.7843894016243596,21.0,0.0001325123794515548
205.20000000000002,-50.69666751384589,2.9837505221422527,-92.86095864698883,33.04728653408238,33.04723729368879,0.7843958730220706,20.999999999999996,0.00013096964664782718
205.25,-50.74158867461971,2.0848722827156148,-91.84554598825532,33.04728301691141,33.04723358611469,0.7844022674239142,21.0,0.00012942795422077324
205.3,-50.77057343046945,1.1853391349504359,-90.83013346588426,33.04727948614022,33.04722989523201,0.7844085849538587,20.999999999999996,0.0001278880368715818
205.35000000000002,-50.783612680251395,0.2854335965937015,-89.8147210804029,33.04727594393248,33.04722622219608,0.784414825769673,20.999999999999996,0.0001263505988902125
205.4,-50.780702330860294,-0.6145616977642311,-88.79930883225468,33.04727239237989,33.047222568107514,0.7844209900614985,20.999999999999996,0.00012481631628702416
205.45000000000002,-50.76184329851017,-1.5143640854576719,-87.78389672180185,33.04726883350329,33.04721893401362,0.7844270780504701,21.0,0.00012328583650855762
205.5,-50.72704150844193,-2.4136909645222566,-86.76848474932838,33.04726526925403,33.04721532090987,0.7844330899873952,21.0,0.00012175977943229555
205.55,-50.67630789305774,-3.3122598824523446,-85.75307291504255,33.04726170151516,33.047211729741264,0.7844390261513965,21.0,0.00012023873850353084
205.60000000000002,-50.60965838848293,-4.209788624911289,-84.73766121907963,33.04725813210274,33.04720816140372,0.7844448868486964,21.0,0.00011872328002482391
205.65,-50.52711392955632,-5.1059953043667115,-83.7222496615045,33.047254562767094,33.04720461674549,0.7844506724113245,20.999999999999996,0.00011721394599817359
205.70000000000002,-50.42870044325072,-6.000598448622966,-82.70683824231419,33.047250995194126,33.047201096568415,0.7844563831959448,20.999999999999996,0.00011571125256182313
205.75,-50.314448840525515,-6.893317089222972,-81.69142696144033,33.047247431006575,33.04719760162933,0.7844620195826479,21.0,0.00011421569240610552
205.8,-50.18439500661406,-7.783870849691666,-80.67601581875165,33.04724387176534,33.04719413264136,0.7844675819738214,20.999999999999996,0.00011272773406290071
205.85000000000002,-50.03857978974882,-8.671980033593366,-79.6606048140564,33.04724031897077,33.04719069027518,0.7844730707930196,21.0,0.00011124782346882967
205.9,-49.877048988327864,-9.557365712375388,-78.64519394710459,33.04723677406395,33.047187275160255,0.7844784864839056,20.999999999999996,0.00010977638396525435
205.95000000000002,-49.6998533365267,-10.439749812970339,-77.62978321759043,33.047233238427964,33.047183887886206,0.7844838295091705,21.0,0.00010831381771936321
206.0,-49.50704848836005,-11.31885520512957,-76.61437262515443,33.04722971338927,33.04718052900389,0.7844891003495462,21.000000000000007,0.00010686050529784552
206.05,-49.298695000198464,-12.194405788460367,-75.59896216938577,33.04722620021889,33.047177199026684,0.7844942995027608,21.0,0.00010541680751430249
206.10000000000002,-49.0748583117454,-13.066126579139565,-74.58355184982426,33.04722270013373,33.04717389843163,0.7844994274826362,20.999999999999993,0.00010398306429237891
206.15,-48.835608725480625,-13.933743796276323,-73.5681416659626,33.04721921429786,33.047170627660655,0.7845044848180862,20.999999999999996,0.00010255959750793409
206.20000000000002,-48.581021384576474,-14.796984947896977,-72.5527316172483,33.04721574382378,33.04716738712162,0.7845094720522638,21.000000000000007,0.00010114670899952216
206.25,-48.31117624929388,-15.655578916524943,-71.5373217030858,33.047212289773626,33.047164177189494,0.7845143897416591,20.999999999999996,9.974468355267163e-05
206.3,-48.026158071865616,-16.509256044328815,-70.52191192283829,33.04720885316048,33.047160998207474,0.7845192384552391,21.0,9.83537879051255e-05
206.35000000000002,-47.72605636987456,-17.357748217811913,-69.50650227582973,33.04720543494955,33.04715785048794,0.7845240187736451,20.999999999999996,9.697427159949257e-05
206.4,-47.41096539813549,-18.20078895201669,-68.49109276134666,33.04720203605943,33.04715473431368,0.7845287312883613,21.0,9.56063681201158e-05
206.45000000000002,-47.08098411908907,-19.038113474217543,-67.47568337864,33.0471986573633,33.047151649938705,0.7845333766009972,21.0,9.425029432463816e-05
206.5,-46.73621617171747,-19.86945880707578,-66.46027412692678,33.04719529969012,33.047148597589484,0.7845379553224561,20.999999999999993,9.290625271773933e-05
206.55,-46.37676983899134,-20.694563851230605,-65.44486500539195,33.04719196382579,33.04714557746574,0.7845424680722886,20.999999999999993,9.1574429177399e-05
206.60000000000002,-46.0027580138583,-21.51316946730018,-64.42945601318993,33.04718865051435,33.04714258974153,0.7845469154779465,21.0,9.025499664971903e-05
206.65,-45.61429816378371,-22.325018557267047,-63.41404714944635,33.04718536045915,33.04713963456609,0.7845512981741294,21.0,8.894811315940387e-05
206.70000000000002,-45.211512293854874,-23.129856145222327,-62.39863841325954,33.04718209432393,33.04713671206487,0.7845556168021375,21.0,8.765392365717162e-05
206.75,-44.79452690846014,-23.927429457443345,-61.383229803702115,33.047178852734,33.047133822340356,0.7845598720092042,21.0,8.637256016186257e-05
206.8,-44.3634729715551,-24.71748800177956,-60.367821319822426,33.04717563627731,33.04713096547296,0.7845640644479346,21.0,8.510414133411359e-05
206.85000000000002,-43.9184858655282,-25.49978364632183,-59.35241296064603,33.047172445505566,33.0471281415218,0.7845681947756873,20.999999999999996,8.384877460798634e-05
206.9,-43.45970534867886,-26.27407069733034,-58.337004725177096,33.0471692809353,33.047125350525754,0.7845722636540344,21.0,8.260655505409886e-05
206.95000000000002,-42.9872755113213,-27.040105976396724,-57.32159661239982,33.047166143048905,33.04712259250405,0.7845762717481932,21.0,8.137756694281961e-05
207.0,-42.501344730527954,-27.79764889681613,-56.306188621279624,33.0471630322957,33.04711986745717,0.7845802197265357,20.999999999999996,8.016188317583328e-05
207.05,-42.00206562352662,-28.546461539145273,-55.29078075076451,33.04715994909295,33.04711717536756,0.7845841082600273,21.0,7.89595668493348e-05
207.10000000000002,-41.48959499976608,-29.28630872592271,-54.27537299978635,33.04715689382685,33.047114516200466,0.784587938021815,21.0,7.77706698329439e-05
207.15,-40.96409381166513,-30.01695809552792,-53.25996536726202,33.04715386685354,33.04711188990463,0.7845917096867154,20.999999999999996,7.659523575398453e-05
207.20000000000002,-40.42572710406057,-30.738180175155982,-52.24455785209458,33.04715086850004,33.04710929641299,0.7845954239307673,20.999999999999996,7.543329800796528e-05
207.25,-39.874663962369986,-31.449748452884908,-51.22915045317443,33.04714789906525,33.04710673564338,0.7845990814308195,20.999999999999996,7.428488103755626e-05
207.3,-39.311077459485645,-32.15143944881303,-50.21374316938036,33.04714495882083,33.04710420749924,0.7846026828641328,20.999999999999996,7.315000104313185e-05
207.35000000000002,-38.73514460141611,-32.8430327852441,-49.19833599958066,33.04714204801215,33.047101711870255,0.7846062289079327,21.0,7.202866626698778e-05
207.4,-38.14704627169276,-33.52431125589806,-48.18292894263408,33.047139166859154,33.04709924863299,0.7846097202390823,21.0,7.092087599858132e-05
207.45000000000002,-37.546967174558546,-34.19506089412576,-47.167521997390864,33.04713631555729,33.047096817651514,0.7846131575337054,21.0,6.982662299037656e-05
207.5,-36.93509577695693,-34.85507104010614,-46.15211516269364,33.047133494278306,33.047094418777974,0.7846165414668391,20.999999999999996,6.87458924630846e-05
207.55,-36.31162424933914,-35.50413440700489,-45.13670843737843,33.047130703171135,33.04709205185331,0.7846198727120779,20.999999999999993,6.767866267409772e-05
207.60000000000002,-35.67674840530843,-36.14204714607372,-44.12130182027544,33.04712794236272,33.0470897167076,0.7846231519413109,21.000000000000007,6.662490477538086e-05
207.65,-35.03066764012019,-36.76860891066982,-43.105895310209974,33.047125211958786,33.047087413160895,0.7846263798243598,20.999999999999996,6.558458466088268e-05
207.70000000000002,-34.37358486805731,-37.38362291917544,-42.09048890600321,33.047122512044645,33.047085141023494,0.7846295570287438,20.999999999999996,6.455766097701598e-05
207.75,-33.70570645870037,-37.98689601679777,-41.07508260647306,33.047119842685994,33.04708290009664,0.7846326842193676,21.0,6.354408768061148e-05
207.8,-33.027242172112835,-38.57823873622981,-40.059676410434875,33.04711720392961,33.04708069017293,0.7846357620582936,21.0,6.254381247572383e-05
207.85000000000002,-32.338405092961395,-39.15746535715301,-39.04427031670218,33.04711459580413,33.04707851103685,0.7846387912044648,20.999999999999993,6.155677851893415e-05
207.9,-31.63941156359229,-39.724393964563255,-38.028864324087415,33.04711201832075,33.04707636246527,0.7846417723134778,20.999999999999996,6.058292342459026e-05
207.95000000000002,-30.93048111608461,-40.27884650590161,-37.01345843140255,33.04710947147393,33.04707424422781,0.7846447060373691,20.999999999999996,5.962218025956645e-05
208.0,-30.211836403301874,-40.820648846972055,-35.99805263745981,33.047106955242064,33.0470721560874,0.7846475930243813,20.999999999999993,5.867447782748059e-05
208.05,-29.483703128963555,-41.3496308266286,-34.982646941072204,33.04710446958816,33.04707009780061,0.7846504339188058,20.999999999999996,5.77397402423685e-05
208.10000000000002,-28.74630997675854,-41.8656263102146,-33.96724134105424,33.04710201446048,33.04706806911812,0.7846532293607424,20.999999999999993,5.6817888491877966e-05
208.15,-27.999888538522736,-42.368473241737505,-32.95183583622239,33.04709958979316,33.047066069785146,0.7846559799859634,21.0,5.590883873196617e-05
208.20000000000002,-27.244673241503428,-42.858013694762626,-31.936430425395706,33.04709719550688,33.047064099541764,0.7846586864257006,21.0,5.50125044185279e-05
208.25,-26.480901274733185,-43.334093922010005,-30.921025107396254,33.04709483150937,33.047062158123296,0.7846613493065462,21.0,5.4128794744201514e-05
208.3,-25.70881251453648,-43.79656440363874,-29.905619881049756,33.04709249769608,33.04706024526073,0.7846639692502393,20.999999999999996,5.325761691210573e-05
208.35000000000002,-24.92864944919238,-44.24527989420364,-28.890214745185965,33.047090193950694,33.047058360681014,0.7846665468735807,21.0,5.2398873862102846e-05
208.4,-24.140657102777002,-44.68009946826947,-27.87480969863912,33.047087920145714,33.04705650410741,0.7846690827882767,21.000000000000007,5.1552466828752586e-05
208.45000000000002,-23.345082958209602,-45.10088656466841,-26.859404740248422,33.04708567614298,33.04705467525981,0.7846715776008111,21.0,5.071829392022664e-05
208.5,-22.542176879526526,-45.50750902938693,-25.843999868858415,33.04708346179419,33.047052873855066,0.7846740319123597,21.0,4.989625068674286e-05
208.55,-21.73219103340738,-45.89983915706852,-24.828595083319414,33.04708127694139,33.047051099607266,0.784676446318656,20.999999999999996,4.9086230973216516e-05
208.60000000000002,-20.915379809978084,-46.27775373111925,-23.813190382487846,33.047079121417525,33.04704935222808,0.7846788214099121,20.999999999999996,4.828812592450049e-05
208.65,-20.091999742915704,-46.64113406240363,-22.7977857652266,33.047076995046844,33.04704763142695,0.7846811577707271,21.0,4.750182512225365e-05
208.70000000000002,-19.262309428880084,-46.98986602651859,-21.782381230405406,33.04707489764542,33.04704593691143,0.7846834559800016,21.0,4.672721630072374e-05
208.75,-18.42656944629768,-47.3238400996338,-20.766976776901096,33.047072829021566,33.04704426838746,0.7846857166108592,21.0,4.5964185488855946e-05
208.8,-17.585042273523,-47.6429513928872,-19.751572403597986,33.04707078897627,33.047042625559506,0.7846879402305973,21.0,4.5212617152401435e-05
208.85000000000002,-16.737992206403437,-47.94709968532485,-18.736168109388046,33.04706877730365,33.047041008130904,0.7846901274006086,20.999999999999996,4.447239476235154e-05
208.9,-15.8856852752733,-48.23618945537479,-17.72076389317126,33.04706679379131,33.04703941580407,0.7846922786763102,21.0,4.374340022650358e-05
208.95000000000002,-15.028389161403206,-48.510129910845016,-16.705359753855834,33.0470648382208,33.0470378482807,0.7846943946071363,21.0,4.30255140315694e-05
209.0,-14.16637311293098,-48.76883501743615,-15.689955690358468,33.047062910367934,33.04703630526195,0.7846964757364745,21.0,4.23186165221523e-05
209.05,-13.299907860300527,-49.01222352575987,-14.67455170160452,33.04706101000322,33.0470347864487,0.7846985226016017,21.000000000000007,4.1622586763878644e-05
209.10000000000002,-12.429265531235199,-49.24021899685459,-13.659147786528274,33.04705913689219,33.04703329154171,0.7847005357336982,21.0,4.093730254339789e-05
209.15,-11.554719565272375,-49.45274982619036,-12.6437439440731,33.04705729079572,33.04703182024182,0.7847025156577985,20.999999999999996,4.026264193157658e-05
209.20000000000002,-10.676544627886095,-49.64974926615557,-11.628340173191624,33.04705547147044,33.0470303722501,0.7847044628927478,21.0,3.959848200452143e-05
209.25,-9.795016524224701,-49.83115544701815,-10.612936472845922,33.04705367866899,33.04702894726803,0.7847063779512382,20.999999999999996,3.8944698985687864e-05
209.3,-8.910412112490594,-49.99691139635498,-9.59753284200763,33.047051912140354,33.04702754499769,0.7847082613397518,21.0,3.8301169809074054e-05
209.35000000000002,-8.023009216989298,-50.14696505694317,-8.582129279658155,33.04705017163016,33.04702616514188,0.784710113558539,21.0,3.7667770271809786e-05
209.4,-7.13308654087515,-50.28126930310774,-7.566725784788778,33.047048456881,33.04702480740429,0.7847119351016829,20.999999999999996,3.704437574469921e-05
209.45000000000002,-6.240923578620997,-50.39978195552045,-6.551322356400704,33.047046767632665,33.04702347148959,0.7847137264570279,20.999999999999996,3.6430862877523396e-05
209.5,-5.346800528239416,-50.502465794445264,-5.5359189935052635,33.047045103622445,33.04702215710363,0.7847154881062153,20.999999999999996,3.5827106898977945e-05
209.55,-4.450998203282996,-50.58928857142615,-4.520515695123965,33.04704346458539,33.047020863953506,0.7847172205246906,21.0,3.5232983748301194e-05
209.60000000000002,-3.553797944651344,-50.660223019413685,-3.505112460288597,33.04704185025454,33.0470195917477,0.7847189241817176,21.0,3.4648369506840027e-05
209.65,-2.6554815322324883,-50.71524686132714,-2.4897092880412783,33.04704026036119,33.04701834019623,0.7847205995403712,21.0,3.407314054015842e-05
209.70000000000002,-1.756331096406448,-50.754342817049455,-1.4743061774345594,33.04703869463513,33.047017109010696,0.7847222470575659,20.999999999999996,3.3507173071711804e-05
209.75,-0.8566290294387469,-50.77749860885293,-0.45890312753147466,33.047037152804805,33.04701589790444,0.7847238671840984,20.999999999999996,3.29503438933898e-05
209.8,0.04334210320829435,-50.784706965253804,0.5564998625944334,33.04703563459764,33.04701470659255,0.7847254603646405,21.000000000000007,3.240253064973331e-05
209.85000000000002,0.943299651618636,-50.77596562329461,1.5719027938590118,33.047034139740134,33.047013534792065,0.7847270270377606,21.0,3.1863610843174683e-05
209.9,1.8429609701921008,-50.75127732925361,2.587305667167574,33.04703266795813,33.04701238222198,0.7847285676359874,20.999999999999996,3.133346240247192e-05
209.95000000000002,2.7420435064125757,-50.710649837780984,3.6027084834147454,33.047031218976976,33.04701124860336,0.7847300825858099,21.000000000000007,3.081196453535995e-05
210.0,3.6402648895869607,-50.65409590946213,4.6181112434845435,33.04702979252172,33.047010133659406,0.7847315723077131,20.999999999999996,3.029899644957368e-05
210.05,4.537343019526995,-50.58163330680882,5.633513948250271,33.047028388317266,33.04700903711554,0.7847330372162276,20.999999999999996,2.979443806339077e-05
210.10000000000002,5.432996155146105,-50.49328478867944,6.648916598574623,33.04702700608857,33.04700795869938,0.7847344777199652,21.0,2.9298170289848713e-05
210.15,6.326943002943461,-50.38907810313013,7.664319195309605,33.047025645560765,33.047006898140964,0.7847358942216403,20.999999999999986,2.8810074752527726e-05
210.20000000000002,7.21890280534744,-50.26904597869899,8.679721739296562,33.047024306459356,33.047005855172685,0.7847372871181264,20.999999999999996,2.8330033501333673e-05
210.25,8.10859542889077,-50.13322611412614,9.695124231366208,33.04702298851031,33.04700482952935,0.7847386568004993,20.999999999999993,2.7857929723040797e-05
210.3,8.995741452189632,-49.981661166512865,10.710526672338613,33.047021691440236,33.04700382094829,0.784740003654079,20.999999999999993,2.739364745707462e-05
210.35000000000002,9.880062253699132,-49.81439873792355,11.725929063023294,33.04702041497653,33.04700282916936,0.7847413280584661,21.000000000000007,2.6937071595511952e-05
210.4,10.76128009921754,-49.63149136043457,12.74133140421913,33.04701915884744,33.04700185393498,0.7847426303875977,21.000000000000007,2.6488087740972333e-05
210.45000000000002,11.639118229111855,-49.43299647963496,13.756733696714514,33.04701792278227,33.04700089499018,0.7847439110097909,21.0,2.6046582632943682e-05
210.5,12.513300945237265,-49.218976436583844,14.772135941287338,33.0470167065114,33.04699995208266,0.7847451702878132,21.0,2.5612443863565204e-05
210.55,13.383553697523238,-48.98949844823052,15.787538138705028,33.04701550976649,33.046999024962766,0.7847464085789113,21.0,2.5185560446061572e-05
210.60000000000002,14.249603170199025,-48.74463458630314,16.802940289724635,33.04701433228051,33.046998113383545,0.7847476262348536,21.0,2.476582196209165e-05
210.65,15.111177367631514,-48.48446175467278,17.8183423950928,33.04701317378787,33.04699721710083,0.7847488236020155,21.000000000000007,2.4353118845965582e-05
210.70000000000002,15.968005699748467,-48.209061665199876,18.833744455545904,33.04701203402451,33.04699633587315,0.7847500010214077,21.0,2.394734323729608e-05
210.75,16.819819067020312,-47.918520812070746,19.849146471810116,33.047010912727984,33.046995469461805,0.7847511588287404,20.999999999999996,2.3548387844130048e-05
210.8,17.66634994497381,-47.61293044463211,20.86454844460136,33.047009809637544,33.04699461763091,0.7847522973544869,20.999999999999996,2.3156146653491305e-05
210.85000000000002,18.507332468211054,-47.29238653873228,21.87995037462552,33.04700872449421,33.046993780147346,0.7847534169239125,20.999999999999996,2.2770514931380603e-05
210.9,19.342502513907387,-46.95698976657789,22.895352262578395,33.047007657040865,33.04699295678085,0.7847545178571735,21.0,2.239138851223288e-05
210.95000000000002,20.171597784762067,-46.60684546511576,23.91075410914584,33.0470066070223,33.046992147303925,0.7847556004693175,21.0,2.201866522000273e-05
211.0,20.99435789137558,-46.24206360294973,24.926155915003815,33.04700557418527,33.04699135149194,0.7847566650703968,20.999999999999996,2.1652242878644756e-05
211.05,21.81052443402775,-45.862758745802864,25.941557680818455,33.04700455827861,33.046990569123075,0.7847577119654972,21.0,2.1292021585850307e-05
211.10000000000002,22.619841083830977,-45.46905002053597,26.956959407246124,33.047003559053216,33.0469897999784,0.7847587414548016,21.0,2.0937902007744924e-05
211.15,23.422053663233065,-45.061061077733534,27.97236109493359,33.04700257626215,33.0469890438417,0.7847597538336473,21.0,2.0589786089431072e-05
211.20000000000002,24.216910225844448,-44.638920052869075,28.987762744518015,33.04700160966069,33.046988300499684,0.7847607493925892,21.0,2.0247576912879595e-05
211.25,25.004161135564637,-44.202759526061875,30.003164356627057,33.04700065900633,33.0469875697419,0.7847617284174646,21.0,1.9911178839038257e-05
211.3,25.783559144983123,-43.7527164804379,31.018565931879014,33.04699972405887,33.04698685136067,0.784762691189421,21.0,1.958049750783175e-05
211.35000000000002,26.554859473030064,-43.28893225910789,32.03396747088283,33.04699880458043,33.046986145151145,0.7847636379850229,21.000000000000007,1.9255439127618956e-05
211.4,27.317819881852394,-42.81155252077616,33.04936897423825,33.04699790033548,33.0469854509113,0.7847645690762803,21.0,1.893591203838696e-05
211.45000000000002,28.0722007528912,-42.32072719399408,34.06477044253587,33.046997011090895,33.04698476844194,0.7847654847307055,21.0,1.8621825148557036e-05
211.5,28.817765162136478,-41.81661043007253,35.08017187635726,33.046996136615974,33.04698409754657,0.7847663852113982,21.000000000000007,1.831308850341884e-05
211.55,29.554278954535636,-41.29936055466818,36.09557327627506,33.046995276682445,33.04698343803156,0.7847672707770741,20.999999999999996,1.8009613853564588e-05
211.60000000000002,30.281510817532354,-40.76914001805882,37.110974642853016,33.04699443106452,33.04698278970603,0.7847681416821501,21.0,1.7711313518020688e-05
211.65,30.99923235371275,-40.22611534412323,38.12637597664617,33.046993599538915,33.0469821523818,0.78476899817678,20.999999999999996,1.7418101521116114e-05
211.70000000000002,31.70721815253598,-39.67045707804179,39.14177727820089,33.04699278188483,33.04698152587347,0.7847698405069394,21.0,1.7129892597722574e-05
211.75,32.405245861126815,-39.10233973273412,40.15717854805497,33.046991977884026,33.04698090999836,0.7847706689144616,21.0,1.6846603188014342e-05
211.8,33.09309625410787,-38.52194173405063,41.17257978673776,33.046991187320764,33.046980304576444,0.7847714836371011,21.0,1.656815044270843e-05
211.85000000000002,33.770553302449656,-37.92944536473514,42.18798099477021,33.04699040998188,33.04697970943042,0.7847722849086054,21.0,1.629445279149877e-05
211.9,34.437404241316734,-37.32503670717629,43.20338217266506,33.04698964565677,33.046979124385636,0.7847730729587568,20.999999999999996,1.602543008516477e-05
211.95000000000002,35.09343963688876,-36.70890558496556,44.21878332092684,33.04698889413741,33.046978549270094,0.7847738480134439,20.999999999999996,1.576100302713712e-05
212.0,35.73845345213534,-36.08124550328037,45.23418444005205,33.04698815521831,33.04697798391436,0.7847746102947113,20.999999999999993,1.550109374193198e-05
212.05,36.3722431115241,-35.44225358811095,46.24958553052918,33.0469874286966,33.046977428151656,0.7847753600208023,20.999999999999993,1.5245625348825342e-05
212.10000000000002,36.99460956464165,-34.79213052435003,47.26498659283891,33.04698671437197,33.046976881817784,0.7847760974062439,21.0,1.4994521819744477e-05
212.15,37.60535734870741,-34.13108049276485,48.280387627454104,33.046986012046666,33.04697634475102,0.7847768226618825,20.999999999999996,1.4747708831919226e-05
212.20000000000002,38.20429464996073,-33.459311105871265,49.29578863484001,33.04698532152555,33.04697581679227,0.7847775359949622,21.0,1.4505112773122164e-05
212.25,38.79123336390197,-32.777033342730036,50.311189615454246,33.04698464261603,33.04697529778489,0.7847782376091317,20.999999999999996,1.4266661594319885e-05
212.3,39.36598915436866,-32.08446148268589,51.326590569746976,33.046983975128086,33.04697478757473,0.7847789277045649,21.0,1.403228338858753e-05
212.35000000000002,39.92838151142815,-31.38181303807004,52.34199149816108,33.04698331887428,33.04697428601004,0.7847796064779615,21.0,1.3801908664845541e-05
212.4,40.4782338080686,-30.669308685887387,53.357392401132074,33.04698267366969,33.04697379294161,0.7847802741226317,20.999999999999993,1.3575467932014362e-05
212.45000000000002,41.01537335567052,-29.94717219850982,54.372793279088334,33.04698203933197,33.046973308222526,0.7847809308285463,20.999999999999996,1.3352893404317001e-05
212.5,41.53963145824134,-29.215630373397374,55.38819413245117,33.046981415681294,33.046972831708295,0.7847815767823576,21.0,1.3134118290736296e-05
212.55,42.050843465396134,-28.474912961869357,56.40359496163492,33.046980802540375,33.04697236325681,0.7847822121674994,21.0,1.2919076226580728e-05
212.60000000000002,42.548848824067726,-27.72525259694776,57.41899576704706,33.046980199734406,33.046971902728224,0.784782837164208,20.999999999999996,1.2707702836678436e-05
212.65,43.03349112892998,-26.966884720295674,58.43439654908827,33.0469796070911,33.046971449984994,0.7847834519495791,20.999999999999996,1.2499934172183202e-05
212.70000000000002,43.504618171518494,-26.200047508273588,59.4497973081526,33.04697902444067,33.046971004891866,0.7847840566976316,20.999999999999993,1.2295707421117186e-05
212.75,43.96208198803314,-25.424981797136876,60.465198044627456,33.04697845161575,33.046970567315824,0.7847846515793506,21.0,1.2094961050479469e-05
212.8,44.405738905807596,-24.64193100739788,61.48059875889375,33.04697788845147,33.04697013712608,0.7847852367627084,20.999999999999996,1.1897634379920419e-05
212.85000000000002,44.83544958843117,-23.851141067376393,62.495999451326014,33.046977334785375,33.04696971419402,0.7847858124127711,20.999999999999996,1.1703667155416042e-05
212.9,45.25107907950874,-23.052860335962563,63.511400122292535,33.04697679045742,33.04696929839318,0.7847863786916989,21.0,1.1513001254570554e-05
212.95000000000002,45.652496845045164,-22.24733952461642,64.52680077215534,33.04697625530998,33.0469688895992,0.7847869357588095,20.999999999999996,1.132557855498817e-05
213.0,46.039576814440714,-21.434831618628586,65.54220140127035,33.04697572918778,33.04696848768989,0.7847874837706357,21.0,1.1141342213250027e-05
213.05,46.412197420084794,-20.615591797666834,66.55760200998752,33.046975211937934,33.04696809254509,0.7847880228809601,20.999999999999996,1.0960236522805644e-05
213.10000000000002,46.770241635535385,-19.78987735563353,67.57300259865076,33.04697470340987,33.04696770404668,0.7847885532408654,20.999999999999996,1.0782206487647272e-05
213.15,47.11359701227233,-18.957947619859027,68.58840316759826,33.046974203455356,33.04696732207858,0.7847890749987698,20.999999999999996,1.0607198106526994e-05
213.20000000000002,47.44215571501284,-18.120063869656484,69.6038037171624,33.04697371192844,33.04696694652668,0.7847895883005052,20.999999999999996,1.0435158088739627e-05
213.25,47.755814555578155,-17.276489254263616,70.61920424766998,33.04697322868546,33.046966577278816,0.7847900932893168,20.999999999999996,1.0266034706774008e-05
213.3,48.05447502530077,-16.4274887101972,71.63460475944211,33.04697275358498,33.04696621422484,0.7847905901059278,20.999999999999996,1.0099776233118973e-05
213.35000000000002,48.33804332596194,-15.57332887804625,72.65000525279451,33.04697228648783,33.0469658572564,0.7847910788886026,21.0,9.936332219240285e-06
213.4,48.60643039924989,-14.714278018730033,73.66540572803744,33.04697182725701,33.04696550626714,0.7847915597731401,20.999999999999996,9.775653495580627e-06
213.45000000000002,48.85955195472931,-13.85060592924718,74.68080618547587,33.046971375757735,33.04696516115245,0.7847920328929803,21.0,9.61769075047414e-06
213.5,49.097328496313565,-12.982583857942405,75.6962066254096,33.04697093185735,33.0469648218096,0.7847924983791827,20.999999999999996,9.462396803883166e-06
213.55,49.31968534723104,-12.110484419317391,76.71160704813322,33.04697049542538,33.046964488137625,0.7847929563605192,20.999999999999996,9.309724049444412e-06
213.60000000000002,49.52655267347803,-11.234581508412637,77.7270074539363,33.04697006633339,33.04696416003735,0.7847934069634732,20.999999999999996,9.159626728205694e-06
213.65,49.71786550575067,-10.355150214787137,78.74240784310334,33.0469696444551,33.04696383741139,0.7847938503123046,20.999999999999996,9.01205908121483e-06
213.70000000000002,49.893563759849044,-9.47246673612291,79.75780821591408,33.04696922966626,33.046963520163956,0.7847942865290847,20.999999999999996,8.866976628496559e-06
213.75,50.05359225554705,-8.586808291481503,80.77320857264337,33.04696882184467,33.046963208201085,0.7847947157337174,21.0,8.72433560061836e-06
213.8,50.19790073392217,-7.698453034239751,81.78860891356135,33.04696842087013,33.04696290143034,0.7847951380440179,21.0,8.584092654473352e-06
213.85000000000002,50.32644387313956,-6.80767996473207,82.80400923893343,33.046968026624434,33.04696259976107,0.7847955535756839,20.999999999999996,8.446206010148671e-06
213.9,50.43918130268571,-5.91476884262678,83.81940954902053,33.04696763899133,33.04696230310408,0.7847959624424234,20.999999999999996,8.310633319297267e-06
213.95000000000002,50.53607761604695,-5.020000099063953,84.83480984407903,33.04696725785653,33.04696201137188,0.7847963647558984,20.999999999999996,8.177334791525936e-06
214.0,50.617102381829056,-4.123654748582368,85.85021012436088,33.04696688310763,33.04696172447848,0.7847967606258166,21.0,8.0462694995731e-06
214.05,50.68223015331429,-3.2260143008632567,86.86561039011359,33.046966514634114,33.04696144233946,0.7847971501599531,21.000000000000007,7.91739836358829e-06
214.10000000000002,50.73144047645302,-2.327360672318542,87.88101064158053,33.04696615232736,33.04696116487185,0.784797533464193,20.999999999999996,7.790682730046683e-06
214.15,50.76471789628722,-1.4279760975513414,88.89641087900075,33.04696579608053,33.04696089199422,0.7847979106425313,21.0,7.666084798074735e-06
214.20000000000002,50.782051961804086,-0.5281430407165432,89.91181110260919,33.04696544578865,33.04696062362661,0.7847982817971584,20.999999999999996,7.543566766798904e-06
214.25,50.783437229217974,0.3718558931907098,90.92721131263676,33.046965101348505,33.046960359690445,0.7847986470284525,20.999999999999996,7.423092540648213e-06
214.3,50.768873263679836,1.2717380470907655,91.94261150931031,33.04696476265864,33.04696010010857,0.7847990064350228,20.999999999999996,7.304625881943139e-06
214.35000000000002,50.73836463941352,2.171220800591563,92.95801169285276,33.04696442961935,33.046959844805265,0.7847993601137446,20.999999999999996,7.18813140565544e-06
214.4,50.691920938278905,3.0700216587492077,93.97341186348322,33.04696410213263,33.046959593706106,0.7847997081598095,21.000000000000007,7.073574437299612e-06
214.45000000000002,50.62955674676233,3.9678583407891455,94.98881202141698,33.04696378010216,33.046959346738085,0.7848000506667105,21.0,6.96092129714998e-06
214.5,50.55129165139527,4.864448868760072,96.00421216686553,33.0469634634333,33.04695910382941,0.7848003877263068,20.999999999999996,6.850138021263774e-06
214.55,50.45715023260266,5.759511656092734,97.01961230003675,33.04696315203302,33.04695886490972,0.7848007194288655,21.0,6.7411919246751495e-06
214.60000000000002,50.34716205698285,6.65276559603581,98.03501242113494,33.04696284580993,33.0469586299098,0.7848010458630412,21.000000000000007,6.634051175069544e-06
214.65,50.22136166802163,7.543930149941094,99.0504125303608,33.0469625446742,33.04695839876176,0.7848013671159535,21.000000000000007,6.5286835138067545e-06
214.70000000000002,50.07978857524308,8.432725435370262,100.06581262791153,33.0469622485376,33.04695817139895,0.7848016832731943,20.999999999999996,6.425058245440596e-06
214.75,49.92248724180092,9.318872313995538,101.08121271398102,33.04696195731341,33.04695794775582,0.7848019944188493,20.999999999999996,6.32314481663343e-06
214.8,49.74950707051405,10.202092479266668,102.09661278875964,33.04696167091644,33.046957727768174,0.7848023006355405,21.0,6.222913100373262e-06
214.85000000000002,49.56090238835068,11.082108543816657,103.11201285243462,33.04696138926299,33.04695751137283,0.7848026020044472,21.0,6.124333822299377e-06
214.9,49.35673242936605,11.958644126578827,104.12741290518987,33.046961112270836,33.04695729850782,0.7848028986053279,20.999999999999993,6.027378134376704e-06
214.95000000000002,49.13706131609901,12.831423939587824,105.14281294720602,33.04696083985919,33.04695708911231,0.7848031905165627,21.0,5.932017614895813e-06
215.0,48.90195803943324,13.70017387443733,106.15821297866071,33.046960571948695,33.04695688312656,0.7848034778151387,20.999999999999996,5.838224694798555e-06
215.05,48.651496436929605,14.564621088367312,107.17361299972846,33.0469603084614,33.04695668049188,0.7848037605767288,20.999999999999996,5.7459715208096895e-06
215.10000000000002,48.38575516963627,15.424494089953786,108.1890130105808,33.046960049320724,33.04695648115069,0.784804038875663,21.0,5.655231802847993e-06
215.15,48.104817697384,16.27952282437416,109.20441301138618,33.04695979445143,33.04695628504641,0.7848043127850204,21.0,5.565978682398054e-06
215.20000000000002,47.80877225257431,17.1294387582214,110.21981300231022,33.04695954377965,33.04695609212354,0.784804582376573,20.999999999999996,5.478187148355573e-06
215.25,47.49771181246872,17.97397496384039,111.23521298351565,33.04695929723278,33.04695590232758,0.7848048477208565,21.0,5.391831052747875e-06
215.3,47.171734069987906,18.812866203159953,112.25061295516242,33.04695905473955,33.04695571560498,0.7848051088872054,20.999999999999996,5.306885668687755e-06
215.35000000000002,46.830941403029705,19.645849010994255,113.26601291740768,33.04695881622994,33.0469555319032,0.7848053659437184,20.999999999999996,5.223326979830745e-06
215.4,46.47544084231589,20.472661777787415,114.28141287040586,33.046958581635174,33.046955351170624,0.7848056189573498,20.999999999999996,5.141130259289639e-06
215.45000000000002,46.10534403777757,21.293044831775322,115.29681281430878,33.04695835088771,33.04695517335658,0.7848058679938816,21.0,5.060272627588347e-06
215.5,45.72076722348991,22.10674052053885,116.31221274926554,33.0469581239212,33.04695499841138,0.7848061131179591,21.0,4.980730636816588e-06
215.55,45.32183118116713,22.913493291922894,117.3276126754228,33.04695790067049,33.04695482628612,0.7848063543931261,21.0,4.902481549606819e-06
215.60000000000002,44.90866120222928,23.71304977429578,118.34301259292457,33.04695768107161,33.04695465693287,0.7848065918818179,20.999999999999996,4.8255033391342295e-06
215.65,44.48138704845269,24.505158856123842,119.35841250191243,33.0469574650617,33.04695449030457,0.784806825645397,20.999999999999996,4.749773836465465e-06
215.70000000000002,44.0401429112164,25.28957176483621,120.37381240252556,33.04695725257905,33.046954326354935,0.7848070557441886,20.999999999999993,4.675271583209906e-06
215.75,43.58506736935748,26.066042144954995,121.38921229490069,33.04695704356304,33.04695416503861,0.7848072822374732,21.0,4.601975831519667e-06
215.8,43.11630334564839,26.834326135466355,122.40461217917223,33.046956837954156,33.046954006311005,0.7848075051835082,21.0,4.529865691438317e-06
215.85000000000002,42.63399806191005,27.594182446408155,123.42001205547228,33.04695663569393,33.04695385012834,0.7848077246395562,20.999999999999996,4.458920699335067e-06
215.9,42.1383029927748,28.34537243465014,124.43541192393067,33.04695643672496,33.04695369644769,0.7848079406619135,20.999999999999996,4.389120960013315e-06
215.95000000000002,41.62937381811364,29.08766017884286,125.45081178467495,33.04695624099087,33.04695354522679,0.7848081533059101,20.999999999999996,4.320447146710649e-06
216.0,41.10737037414283,29.82081255351174,126.4662116378306,33.04695604843629,33.04695339642427,0.7848083626259168,21.0,4.252879932664655e-06
216.05,40.572456603225085,30.544599302273113,127.48161148352084,33.046955859006864,33.046953249999426,0.7848085686753947,21.0,4.186400133221468e-06
216.10000000000002,40.02480050238122,31.258793110149163,128.4970113218669,33.04695567264919,33.046953105912266,0.7848087715069028,20.999999999999993,4.120989558487054e-06
216.15,39.46457407052835,31.96316967495907,129.51241115298785,33.04695548931084,33.046952964123534,0.7848089711720974,20.999999999999996,4.0566301606759225e-06
216.20000000000002,38.89195325446128,32.65750777776395,130.52781097700077,33.04695530894032,33.046952824594754,0.7848091677217397,20.999999999999996,3.9933038920025865e-06
216.25,38.30711789359398,33.34158935234349,131.5432107940206,33.04695513148706,33.046952687288105,0.7848093612057667,20.999999999999996,3.9309928467901045e-06
216.3,37.71025166347857,34.01519955368238,132.5586106041606,33.04695495690142,33.046952552166374,0.7848095516732485,20.999999999999996,3.869680540447007e-06
216.35000000000002,37.10154201811948,34.67812682544513,133.57401040753186,33.04695478513463,33.046952419193104,0.7848097391724309,20.999999999999996,3.809349635730541e-06
216.4,36.48118013110097,35.33016296641803,134.5894102042437,33.04695461613881,33.04695228833246,0.7848099237507427,21.000000000000007,3.7499836480492377e-06
216.45000000000002,35.84936083554644,35.971103195897335,135.6048099944035,33.04695444986693,33.046952159549264,0.7848101054548238,20.999999999999993,3.691566234920174e-06
216.5,35.20628256292848,36.60074621800327,136.6202097781169,33.046954286272815,33.04695203280893,0.7848102843305185,21.0,3.634081622294616e-06
216.55,34.55214728074872,37.218894284899555,137.6356095554877,33.0469541253111,33.0469519080775,0.7848104604229107,20.999999999999996,3.577513894015283e-06
216.60000000000002,33.887160429107226,37.825353258898566,138.651009326618,33.046953966937274,33.04695178532167,0.7848106337763099,20.999999999999993,3.5218478444676293e-06
216.65,33.21153085618124,38.41993267343278,139.66640909160816,33.046953811107585,33.046951664508654,0.7848108044343007,20.999999999999996,3.467067983820016e-06
216.70000000000002,32.525470752633595,39.00244579287318,140.6818088505568,33.046953657779085,33.0469515456063,0.784810972439729,20.999999999999996,3.4131598170006328e-06
216.75,31.829195584971348,39.57270967117595,141.69720860356077,33.0469535069096,33.04695142858304,0.7848111378347298,20.999999999999996,3.3601085647205764e-06
216.8,31.122924027875648,40.13054520933896,142.71260835071556,33.046953358457706,33.046951313407845,0.7848113006607278,20.999999999999993,3.3079000161251315e-06
216.85000000000002,30.406877895523976,40.6757772116501,143.7280080921148,33.04695321238272,33.04695120005022,0.7848114609584655,21.0,3.256519960359583e-06
216.9,29.681282071926436,41.20823444070968,144.74340782785072,33.046953068644676,33.046951088480235,0.7848116187679963,21.0,3.205954755003404e-06
216.95000000000002,28.94636444029789,41.72774967120971,145.7588075580139,33.04695292720436,33.04695097866847,0.7848117741287268,20.999999999999993,3.156190615527521e-06
217.0,28.20235581148819,42.23415974245307,146.7742072826934,33.046952788023226,33.04695087058604,0.7848119270793958,21.0,3.107214610054143e-06
217.05,27.44948985149291,42.72730560959624,147.7896070019768,33.04695265106343,33.04695076420462,0.7848120776580885,20.999999999999996,3.059013380379838e-06
217.10000000000002,26.688003008067426,43.20703239359928,148.80500671595024,33.046952516287796,33.04695065949626,0.7848122259022787,20.999999999999996,3.011573852518268e-06
217.15,25.918134436467323,43.67318942986755,149.82040642469843,33.04695238365983,33.04695055643363,0.7848123718488083,21.0,2.9648838051343773e-06
217.20000000000002,25.140125924338484,44.125630315569836,150.83580612830457,33.04695225314367,33.04695045498976,0.784812515533929,21.0,2.91893059056747e-06
217.25,24.35422181578044,44.56421295561797,151.85120582685062,33.046952124704106,33.04695035513828,0.7848126569932745,21.0,2.8737024138081324e-06
217.3,23.560668934606852,44.988799607293565,152.866605520417,33.04695199830655,33.046950256853165,0.784812796261896,20.999999999999996,2.829186911412762e-06
217.35000000000002,22.759716506827182,45.39925692350787,153.8820052090829,33.04695187391702,33.04695016010899,0.7848129333742762,21.0,2.7853724304804928e-06
217.4,21.951616082373942,45.795455994681056,154.89740489292626,33.04695175150216,33.04695006488056,0.784813068364322,21.0,2.742247602327552e-06
217.45000000000002,21.13662145610009,46.17727238922789,155.91280457202353,33.04695163102918,33.046949971143356,0.7848132012653863,20.999999999999996,2.699800916161621e-06
217.5,20.314988588071362,46.54458619263702,156.92820424645,33.04695151246591,33.04694987887314,0.7848133321102821,20.999999999999996,2.6580212875160214e-06
217.55,19.486975523178604,46.89728204513163,157.9436039162798,33.04695139578071,33.04694978804609,0.7848134609312893,20.999999999999996,2.61689791614117e-06
217.60000000000002,18.65284231009534,47.23524917789959,158.95900358158568,33.04695128094252,33.04694969863888,0.7848135877601408,20.999999999999996,2.57642014389603e-06
217.65,17.812850919606035,47.55838144788178,159.97440324243928,33.04695116792083,33.046949610628516,0.7848137126280648,20.999999999999996,2.536577028422471e-06
217.70000000000002,16.967265162330662,47.86657737110763,160.989802898911,33.046951056685664,33.046949523992446,0.784813835565771,21.0,2.497358480013645e-06
217.75,16.116350605871496,48.15974015456743,162.00520255107008,33.04695094720757,33.04694943870852,0.7848139566034931,21.0,2.45875412474561e-06
217.8,15.260374491408056,48.43777772661134,163.02060219898468,33.04695083945764,33.04694935475491,0.7848140757709459,20.999999999999993,2.420754441345707e-06
217.85000000000002,14.399605649766478,48.700602765865625,164.03600184272182,33.04695073340744,33.0469492721102,0.7848141930973824,20.999999999999993,2.383349055889994e-06
217.9,13.534314416989622,48.94813272865702,165.05140148234733,33.04695062902907,33.046949190753374,0.7848143086115655,20.999999999999996,2.3465287313229055e-06
217.95000000000002,12.664772549434446,49.180289874936555,166.0668011179261,33.04695052629509,33.04694911066369,0.7848144223417961,20.999999999999996,2.3102836621546885e-06
218.0,11.791253138423318,49.39700129269476,167.08220074952186,33.04695042517856,33.046949031820844,0.7848145343159203,20.999999999999996,2.274604611329778e-06
218.05,10.914030524476068,49.59819892086059,168.0976003771973,33.046950325653015,33.04694895420487,0.7848146445613366,21.000000000000007,2.2394824839011562e-06
218.10000000000002,10.03338021114971,49.78381957067678,169.11300000101414,33.04695022769243,33.04694887779608,0.7848147531050031,20.999999999999996,2.2049083270303527e-06
218.15,9.149578778512897,49.95380494554508,170.12839962103303,33.04695013127126,33.046948802575194,0.784814859973423,20.999999999999996,2.170873329987444e-06
218.20000000000002,8.262903796282288,50.10810165933494,171.14379923731363,33.0469500363644,33.04694872852323,0.7848149651927088,21.0,2.137368397825412e-06
218.25,7.373633736648106,50.246661253150094,172.15919884991465,33.04694994294718,33.046948655621556,0.7848150687885251,21.000000000000007,2.104385714574164e-06
218.3,6.4820478868162565,50.3694402105476,173.17459845889388,33.04694985099535,33.0469485838518,0.7848151707861248,21.000000000000007,2.071916327395229e-06
218.35000000000002,5.588426261294487,50.47639997120473,174.18999806430813,33.04694976048509,33.04694851319593,0.7848152712103769,20.999999999999993,2.0399519939928723e-06
218.4,4.693049513950123,50.567506943029215,175.20539766621326,33.04694967139301,33.04694844363621,0.7848153700857239,20.999999999999996,2.0084850405055477e-06
218.45000000000002,3.7961988498670145,50.642732512709266,176.2207972646643,33.0469495836961,33.046948375155274,0.7848154674362462,20.999999999999996,1.977506940420426e-06
218.5,2.8981559370293573,50.702053054699846,177.2361968597153,33.046949497371756,33.04694830773587,0.784815563285612,21.0,1.9470104462016025e-06
218.55,1.9992028178601406,50.745449938642544,178.2515964514195,33.046949412397765,33.046948241361314,0.784815657657127,21.0,1.9169873155533423e-06
218.60000000000002,1.099621820641997,50.772909535216606,179.26699603982922,33.046949328752305,33.04694817601493,0.7848157505737277,20.999999999999996,1.8874303009397408e-06
218.65,0.19969547084827477,50.78442322041932,-179.717604375004,33.046949246413924,33.04694811168047,0.7848158420579736,21.0,1.858332012716346e-06
218.70000000000002,-0.7002935975878178,50.779987378274456,-178.70220479302947,33.04694916536153,33.046948048341925,0.7848159321320693,21.0,1.829684919130159e-06
218.75,-1.6000627310381326,50.75960340196782,-177.68680521419736,33.04694908557442,33.046947985983564,0.7848160208178783,20.999999999999996,1.801481914753822e-06
218.8,-2.499329344950685,50.723277693409656,-176.67140563845862,33.04694900703222,33.04694792458991,0.7848161081369014,21.0,1.7737161783770716e-06
218.85000000000002,-3.3978110125990617,50.67102166122396,-175.65600606576498,33.04694892971491,33.0469478641457,0.7848161941102916,20.999999999999996,1.7463804624640034e-06
218.9,-4.295225553782263,50.602851717165414,-174.64060649606895,33.04694885360282,33.04694780463601,0.7848162787588961,21.0,1.7194678036958067e-06
218.95000000000002,-5.191291123447115,50.518789270964966,-173.62520692932378,33.04694877867662,33.04694774604611,0.7848163621032072,21.0,1.692972091404954e-06
219.0,-6.085726300205433,50.418860723605775,-172.60980736548353,33.0469487049173,33.0469476883615,0.7848164441633969,20.999999999999993,1.6668862201640877e-06
219.05,-6.978250174718111,50.30309745903158,-171.59440780450296,33.04694863230617,33.046947631568,0.7848165249593322,20.999999999999993,1.641203795088586e-06
219.10000000000002,-7.8685824379184135,50.17153583429006,-170.57900824633754,33.04694856082487,33.04694757565158,0.7848166045105458,20.999999999999996,1.6159187055109214e-06
219.15,-8.756443469046726,50.024217168114426,-169.56360869094345,33.04694849045535,33.04694752059843,0.7848166828362722,20.999999999999993,1.5910242723293777e-06
219.20000000000002,-9.641554423469147,49.86118772794661,-168.54820913827757,33.04694842117985,33.04694746639506,0.7848167599554401,21.0,1.5665145269849745e-06
219.25,-10.523637320252314,49.68249871540634,-167.53280958829757,33.046948352980934,33.046947413028136,0.7848168358866872,20.999999999999996,1.5423833588101843e-06
219.3,-11.402415129466986,49.48820625021054,-166.5174100409616,33.046948285841445,33.04694736048458,0.7848169106483525,21.0,1.5186249413545738e-06
219.35000000000002,-12.277611859192938,49.27837135254812,-165.50201049622868,33.04694821974453,33.04694730875145,0.784816984258498,21.0,1.4952333060591627e-06
219.4,-13.14895264219786,49.05305992391573,-164.48661095405834,33.04694815467359,33.04694725781612,0.7848170567348802,21.0,1.472202910690612e-06
219.45000000000002,-14.016163822263035,48.81234272642048,-163.47121141441082,33.04694809061234,33.046947207666115,0.7848171280949856,21.0,1.4495276445813943e-06
219.5,-14.878973040128676,48.55629536055611,-162.45581187724696,33.04694802754475,33.04694715828914,0.7848171983560377,20.999999999999996,1.4272021076067176e-06
219.55,-15.737109319031935,48.284998241459604,-161.44041234252825,33.04694796545507,33.046947109673155,0.7848172675349758,20.999999999999996,1.4052210417503375e-06
219.60000000000002,-16.590303149810733,47.99853657365569,-160.42501281021674,33.04694790432779,33.04694706180629,0.7848173356484835,21.0,1.3835787626703677e-06
219.65,-17.438286575546652,47.697000324297214,-159.40961328027518,33.04694784414768,33.046947014676874,0.7848174027129815,21.0,1.362270154459111e-06
219.70000000000002,-18.280793275720335,47.3804841949097,-158.39421375266681,33.046947784899764,33.0469469682734,0.7848174687446274,20.999999999999996,1.3412899591003224e-06
219.75,-19.117558649852946,47.04908759164903,-157.3788142273555,33.04694772656931,33.0469469225846,0.7848175337593375,20.999999999999996,1.3206329185777577e-06
219.8,-19.948319900607444,46.70291459408159,-156.36341470430565,33.04694766914183,33.04694687759935,0.7848175977727649,21.000000000000007,1.3002942012008134e-06
219.85000000000002,-20.772816116323533,46.34207392249668,-155.3480151834823,33.046947612603084,33.04694683330669,0.7848176608003357,20.999999999999993,1.280268548953245e-06
219.9,-21.590788352960406,45.96667890376139,-154.33261566485092,33.04694755693905,33.04694678969585,0.7848177228572268,21.0,1.2605514143615437e-06
219.95000000000002,-22.401979715421533,45.57684743572878,-153.31721614837767,33.046947502135964,33.04694674675629,0.7848177839583741,20.999999999999996,1.2411378236265591e-06
220.0,-23.20613543823593,45.172701950210445,-152.30181663402914,33.046947448180276,33.04694670447757,0.7848178441184928,20.999999999999996,1.222022945057688e-06
220.05,-24.003002965570623,44.754369374525155,-151.2864171217725,33.04694739505865,33.04694666284943,0.7848179033520495,20.999999999999996,1.2032023732899688e-06
220.10000000000002,-24.792332030549122,44.321981091635614,-150.2710176115754,33.04694734275799,33.04694662186178,0.7848179616733191,20.999999999999996,1.184671134524251e-06
220.15,-25.57387473385102,43.87567289888585,-149.255618103406,33.046947291265404,33.04694658150471,0.7848180190963205,21.0,1.1664253918297618e-06
220.20000000000002,-26.34738562156804,43.41558496535224,-148.24021859723297,33.046947240568215,33.04694654176846,0.7848180756348668,21.0,1.1484600292988034e-06
220.25,-27.112621762292058,42.94186178782151,-147.22481909302547,33.046947190653945,33.04694650264341,0.7848181313025648,21.0,1.1307709257835086e-06
220.3,-27.869342823410904,42.45465214540957,-146.20941959075319,33.04694714151034,33.04694646412011,0.7848181861128083,20.999999999999996,1.1133539601360098e-06
220.35000000000002,-28.617311146587983,41.95410905283544,-145.1940200903862,33.04694709312532,33.046946426189265,0.7848182400787707,21.0,1.0962048690998927e-06
220.4,-29.356291822401996,41.44038971236492,-144.17862059189508,33.04694704548703,33.04694638884168,0.7848182932134407,21.000000000000007,1.0793192473101954e-06
220.45000000000002,-30.086052764123327,40.91365546443908,-143.16322109525095,33.04694699858379,33.04694635206836,0.7848183455295867,20.999999999999996,1.062693399944692e-06
220.5,-30.806364780603936,40.37407173700316,-142.14782160042523,33.04694695240411,33.04694631586049,0.7848183970397997,20.999999999999996,1.0463229216384207e-06
220.55,-31.517001648257846,39.82180799355169,-141.13242210738994,33.04694690693671,33.04694628020926,0.7848184477564573,21.0,1.0302042596777028e-06
220.60000000000002,-32.21774018210963,39.257037679906176,-140.1170226161174,33.046946862170465,33.04694624510612,0.7848184976917523,20.999999999999996,1.0143331508061237e-06
220.65,-32.90836030588859,38.67993816974218,-139.10162312658045,33.04694681809444,33.04694621054259,0.7848185468577,21.0,9.987059002014576e-07
220.70000000000002,-33.588645121146605,38.090690708882676,-138.08622363875236,33.04694677469788,33.0469461765104,0.7848185952661098,21.0,9.833189551500254e-07
220.75,-34.25838097537791,37.48948035837541,-137.07082415260675,33.0469467319702,33.046946143001314,0.7848186429286272,21.0,9.6816819450396e-07
220.8,-34.9173575291195,36.876495936371995,-136.0554246681177,33.046946689901,33.04694611000731,0.7848186898566993,21.000000000000007,9.532503497666767e-07
220.85000000000002,-35.565367822010984,36.251929958827034,-135.0400251852597,33.04694664848002,33.04694607752042,0.7848187360616237,21.0,9.385614418988553e-07
220.9,-36.202208337793216,35.61597857903592,-134.02462570400758,33.04694660769719,33.04694604553288,0.7848187815544918,21.0,9.240984866210056e-07
220.95000000000002,-36.82767906822523,34.96884152603026,-133.00922622433663,33.0469465675426,33.046946014036955,0.7848188263462532,21.0,9.098573627852602e-07
221.0,-37.441583575899465,34.31072204185033,-131.99382674622248,33.04694652800647,33.04694598302509,0.7848188704476797,21.0,8.958352282206761e-07
221.05,-38.0437290559355,33.64182681771417,-130.97842726964114,33.04694648907923,33.046945952489885,0.7848189138693584,20.999999999999996,8.820285302135744e-07
221.10000000000002,-38.63392639653298,32.96236592910345,-129.96302779456903,33.04694645075143,33.04694592242396,0.7848189566217485,20.999999999999993,8.684335739417293e-07
221.15,-39.21199023836461,32.272552769786486,-128.94762832098291,33.04694641301375,33.046945892820105,0.7848189987151102,20.999999999999996,8.550478014512919e-07
221.20000000000002,-39.77773903279075,31.57260398479906,-127.93222884885985,33.04694637585706,33.04694586367123,0.7848190401595687,20.999999999999993,8.41867233702942e-07
221.25,-40.33099509887707,30.86273940240416,-126.9168293781774,33.04694633927236,33.04694583497036,0.784819080965093,20.999999999999996,8.288891706342838e-07
221.3,-40.871584679197646,30.143181965051987,-125.90142990891333,33.04694630325079,33.046945806710596,0.7848191211414957,20.999999999999996,8.161104858572799e-07
221.35000000000002,-41.39933799440571,29.414157659361912,-124.8860304410458,33.04694626778364,33.04694577888513,0.78481916069844,21.000000000000007,8.035280529838928e-07
221.4,-41.914089296555105,28.675895445148353,-123.87063097455335,33.04694623286232,33.04694575148734,0.7848191996454332,21.0,7.911388877346326e-07
221.45000000000002,-42.41567692115557,27.92862718351291,-122.85523150941482,33.04694619847839,33.04694572451067,0.7848192379918331,20.999999999999996,7.789398637214617e-07
221.5,-42.90394333794564,27.17258756402529,-121.83983204560936,33.046946164623556,33.046945697948615,0.7848192757468837,20.999999999999996,7.669279966648901e-07
221.55,-43.37873520036704,26.408014031015927,-120.82443258311645,33.04694613128963,33.04694567179483,0.7848193129196517,21.0,7.551010128281632e-07
221.60000000000002,-43.8399033937252,25.63514670900343,-119.8090331219159,33.04694609846857,33.04694564604307,0.7848193495190827,21.0,7.434553594976023e-07
221.65,-44.287303082020685,24.85422832728028,-118.79363366198783,33.046946066152465,33.046945620687154,0.7848193855539876,21.0,7.319886208279058e-07
221.70000000000002,-44.72079375343681,24.06550414368046,-117.77823420331268,33.04694603433351,33.046945595721,0.7848194210330348,20.999999999999996,7.206980967566778e-07
221.75,-45.14023926446924,23.26922186755299,-116.76283474587115,33.04694600300405,33.046945571138636,0.7848194559647581,21.000000000000007,7.095809451129753e-07
221.8,-45.54550788268362,22.465631581965486,-115.74743528964424,33.046945972156514,33.04694554693417,0.7848194903575632,21.000000000000007,6.986344658344024e-07
221.85000000000002,-45.9364723280879,21.654985665162272,-114.73203583461331,33.04694594178349,33.046945523101826,0.7848195242197278,20.999999999999993,6.878561009671103e-07
221.9,-46.313009813106234,20.837538711301615,-113.71663638075997,33.04694591187766,33.046945499635896,0.7848195575594019,20.999999999999996,6.772432925572502e-07
221.95000000000002,-46.675002081142054,20.013547450497057,-112.70123692806608,33.046945882431814,33.04694547653077,0.7848195903846076,21.0,6.667934826509736e-07
222.0,-47.0223354437181,19.183270668187916,-111.6858374765138,33.046945853438885,33.046945453780914,0.7848196227032602,21.0,6.565041132944316e-07
222.05,-47.35490081618174,18.34696912386427,-110.67043802608558,33.046945824891885,33.046945431380855,0.7848196545231332,20.999999999999996,6.463730528594169e-07
222.10000000000002,-47.67259375196448,17.504905469171973,-109.65503857676414,33.04694579678396,33.0469454093253,0.7848196858518861,21.0,6.363974591749866e-07
222.15,-47.97531447538471,16.657344165423428,-108.63963912853244,33.04694576910834,33.04694538760891,0.784819716697065,20.999999999999996,6.265750585043861e-07
222.20000000000002,-48.26296791298361,15.804551400539992,-107.62423968137375,33.04694574185838,33.04694536622651,0.7848197470661162,21.0,6.169035771108611e-07
222.25,-48.53546372338418,14.946795005452124,-106.60884023527153,33.04694571502753,33.04694534517298,0.7848197769663301,21.0,6.073810254747514e-07
222.3,-48.79271632566414,14.084344369983524,-105.59344079020954,33.04694568860935,33.04694532444329,0.7848198064049257,20.999999999999996,5.980042772080196e-07
222.35000000000002,-49.0346449262337,13.217470358245686,-104.57804134617182,33.04694566259749,33.046945304032484,0.7848198353890012,21.0,5.887719112251943e-07
222.4,-49.26117354420989,12.346445223569425,-103.56264190314255,33.046945636985704,33.046945283935656,0.7848198639255273,20.999999999999993,5.796815116809739e-07
222.45000000000002,-49.47223103527929,11.471542523000105,-102.54724246110626,33.04694561176784,33.046945264148015,0.7848198920213889,20.999999999999996,5.707305206215096e-07
222.5,-49.66775111404187,10.59303703138342,-101.53184302004767,33.04694558693785,33.04694524466485,0.7848199196833576,20.999999999999996,5.619172327442357e-07
222.55,-49.84767237482873,9.7112046550687,-100.51644357995175,33.04694556248978,33.04694522548144,0.7848199469181125,20.999999999999996,5.532393743123976e-07
222.60000000000002,-50.0119383109874,8.826322345256871,-99.50104414080369,33.04694553841775,33.04694520659325,0.7848199737322048,20.999999999999996,5.446950979148824e-07
222.65,-50.16049733262842,7.9386680110202485,-98.4856447025889,33.04694551471601,33.0469451879957,0.7848200001321146,21.0,5.362818455978413e-07
222.70000000000002,-50.293302782827865,7.0485204320215065,-97.47024526529304,33.04694549137884,33.04694516968441,0.7848200261242013,20.999999999999996,5.279981962758029e-07
222.75,-50.410312952280535,6.156159170959229,-96.45484582890197,33.04694546840067,33.04694515165498,0.7848200517147461,20.999999999999996,5.198417341034656e-07
222.8,-50.51149109239927,5.261864485767533,-95.43944639340175,33.046945445775975,33.04694513390305,0.7848200769099165,21.000000000000007,5.118108958868106e-07
222.85000000000002,-50.59680542685634,4.365917241597349,-94.42404695877872,33.04694542349934,33.0469451164244,0.7848201017157947,21.0,5.039034078890836e-07
222.9,-50.6662291615632,3.4685988226069933,-93.40864752501933,33.04694540156542,33.046945099214845,0.7848201261383636,21.0,4.961175648077187e-07
222.95000000000002,-50.7197404930855,2.570191043589742,-92.39324809211035,33.046945379968946,33.04694508227029,0.7848201501835206,21.0,4.884513771230559e-07
223.0,-50.75732261549074,1.6709760614661577,-91.37784866003865,33.046945358704754,33.04694506558663,0.7848201738570779,21.0,4.809031395325292e-07
223.05,-50.778963725626355,0.7712362866689676,-90.36244922879138,33.046945337767745,33.04694504915987,0.7848201971647413,21.0,4.734711467335728e-07
223.10000000000002,-50.78465702682666,-0.1287457055516782,-89.34704979835583,33.0469453171529,33.04694503298614,0.7848202201121524,21.000000000000007,4.6615326709797955e-07
223.15,-50.77440073104739,-1.0286872638747107,-88.33165036871952,33.04694529685527,33.04694501706149,0.7848202427048463,21.0,4.58948221648825e-07
223.20000000000002,-50.74819805942728,-1.9283057496785365,-87.31625093987016,33.04694527687,33.04694500138213,0.7848202649482872,21.0,4.5185387875790184e-07
223.25,-50.706057241276355,-2.827318625807444,-86.30085151179563,33.0469452571923,33.046944985944336,0.7848202868478396,21.0,4.448688173397386e-07
223.3,-50.64799151149143,-3.7254435453061427,-85.285452084484,33.04694523781744,33.04694497074438,0.7848203084088041,21.0,4.3799104787467513e-07
223.35000000000002,-50.5740191063995,-4.6223984400945675,-84.27005265792356,33.04694521874079,33.046944955778606,0.7848203296363963,20.999999999999996,4.3121929138578707e-07
223.4,-50.484163258030314,-5.517901609555097,-83.25465323210273,33.046945199957776,33.04694494104345,0.784820350535739,20.999999999999993,4.245518425705086e-07
223.45000000000002,-50.378452186820105,-6.4116718090043685,-82.2392538070101,33.0469451814639,33.04694492653541,0.7848203711118842,20.999999999999996,4.1798685401772673e-07
223.5,-50.25691909274852,-7.303428338021895,-81.22385438263449,33.04694516325472,33.04694491225093,0.78482039136982,21.0,4.1152290464196994e-07
223.55,-50.119602144911724,-8.192891128607757,-80.20845495896485,33.04694514532587,33.04694489818663,0.7848204113144348,20.999999999999996,4.051587154663139e-07
223.60000000000002,-49.96654446953489,-9.079780833141662,-79.19305553599031,33.04694512767307,33.04694488433911,0.7848204309505675,20.999999999999996,3.988922969710984e-07
223.65,-49.79779413642779,-9.963818912115777,-78.17765611370018,33.04694511029207,33.0469448707051,0.7848204502829574,21.0,3.9272265439649345e-07
223.70000000000002,-49.613404143887855,-10.844727721613742,-77.1622566920839,33.046945093178714,33.046944857281275,0.784820469316287,20.999999999999996,3.866477982228389e-07
223.75,-49.41343240205532,-11.722230600508428,-76.14685727113111,33.046945076328896,33.046944844064434,0.7848204880551606,20.999999999999996,3.8066659158175753e-07
223.8,-49.19794171472577,-12.596051957351026,-75.1314578508316,33.046945059738576,33.04694483105142,0.7848205065041114,20.999999999999996,3.7477747127923067e-07
223.85000000000002,-48.966999759625764,-13.465917356924193,-74.1160584311753,33.04694504340378,33.046944818239105,0.784820524667623,21.000000000000007,3.689790162297868e-07
223.9,-48.72067906715772,-14.33155360643207,-73.10065901215229,33.04694502732059,33.046944805624356,0.7848205425500794,21.0,3.6327023167359584e-07
223.95000000000002,-48.459056997620785,-15.192688841300097,-72.08525959375284,33.04694501148514,33.04694479320425,0.7848205601558078,21.0,3.576491280909977e-07
224.0,-48.18221571691479,-16.049052610557688,-71.06986017596735,33.04694499589365,33.046944780975714,0.7848205774890857,20.999999999999996,3.521145686136151e-07
224.05,-47.89024217073495,-16.900375961776934,-70.05446075878632,33.04694498054237,33.04694476893585,0.7848205945541125,21.0,3.4666555848161806e-07
224.10000000000002,-47.58322805726538,-17.746391525540684,-69.03906134220048,33.04694496542762,33.04694475708174,0.7848206113550162,21.0,3.4130053450098785e-07
224.15,-47.261269798380084,-18.586833599413445,-68.02366192620063,33.04694495054577,33.046944745410556,0.7848206278958685,20.999999999999996,3.3601807558625296e-07
224.20000000000002,-46.92446850936036,-19.421438231388763,-67.00826251077775,33.04694493589325,33.04694473391947,0.7848206441806909,20.999999999999996,3.308170448690362e-07
224.25,-46.57292996713819,-20.249943302786825,-65.99286309592296,33.046944921466554,33.04694472260575,0.7848206602134127,20.999999999999996,3.2569644758950744e-07
224.3,-46.20676457707558,-21.07208861057633,-64.9774636816275,33.046944907262215,33.046944711466665,0.7848206759979348,21.0,3.2065443633655377e-07
224.35000000000002,-45.82608733829031,-21.887615949094677,-63.96206426788274,33.046944893276816,33.04694470049953,0.7848206915380871,20.999999999999996,3.1569044267598656e-07
224.4,-45.431017807538865,-22.69626919114088,-62.94666485468017,33.046944879507016,33.04694468970169,0.7848207068376283,20.999999999999993,3.108030455223343e-07
224.45000000000002,-45.02168006166811,-23.497794368415708,-61.93126544201149,33.04694486594949,33.04694467907058,0.7848207219002816,20.999999999999996,3.0599082379012543e-07
224.5,-44.59820265864723,-24.291939751283792,-60.915866029868425,33.046944852600994,33.046944668603615,0.7848207367296993,21.0,3.0125306693662424e-07
224.55,-44.16071859719246,-25.07845592783265,-59.90046661824289,33.04694483945833,33.04694465829829,0.7848207513294696,20.999999999999996,2.965883538763592e-07
224.60000000000002,-43.70936527499699,-25.857095882203804,-58.885067207126895,33.04694482651832,33.046944648152106,0.7848207657031452,21.0,2.919954056324059e-07
224.65,-43.244284445579446,-26.62761507217138,-57.86966779651259,33.04694481377788,33.046944638162635,0.7848207798542219,20.999999999999996,2.874735116620286e-07
224.70000000000002,-42.76562217376427,-27.38977150594383,-56.854268386392235,33.046944801233934,33.04694462832749,0.7848207937861176,20.999999999999996,2.8302153509685013e-07
224.75,-42.27352878980815,-28.14332581816466,-55.83886897675821,33.04694478888347,33.046944618644225,0.7848208075022356,20.999999999999996,2.7863791274285177e-07
224.8,-41.76815884218674,-28.88804134508829,-54.82346956760301,33.04694477672352,33.04694460911061,0.7848208210058871,21.0,2.743223603829392e-07
224.85000000000002,-41.249671049056744,-29.62368419890744,-53.80807015891925,33.04694476475117,33.046944599724284,0.784820834300362,20.999999999999996,2.700730306059995e-07
224.9,-40.71822824840828,-30.35002334120869,-52.79267075069968,33.04694475296354,33.04694459048298,0.7848208473889002,21.0,2.658894970863912e-07
224.95000000000002,-40.173997346923485,-31.06683065553315,-51.777271342937105,33.046944741357784,33.046944581384516,0.7848208602746709,20.999999999999996,2.617707650642842e-07
225.0,-39.61714926755723,-31.773881019019456,-50.7618719356245,33.04694472993112,33.04694457242666,0.7848208729608004,20.999999999999996,2.57715413454207e-07
225.05,-39.04785889585652,-32.47095237310659,-49.74647252875491,33.046944718680805,33.04694456360724,0.7848208854503866,21.0,2.537225896048767e-07
225.10000000000002,-38.46630502503533,-33.157825793274306,-48.731073122321476,33.04694470760412,33.04694455492415,0.7848208977464566,21.0,2.497917250821047e-07
225.15,-37.87267029982223,-33.83428555779926,-47.715673716317504,33.046944696698404,33.04694454637528,0.7848209098520016,20.999999999999993,2.459213988004194e-07
225.20000000000002,-37.26714115909837,-34.50011921550532,-46.70027431073633,33.04694468596104,33.04694453795859,0.7848209217699562,21.000000000000007,2.4211090021708515e-07
225.25,-36.64990777734389,-35.15511765248661,-45.68487490557147,33.04694467538943,33.04694452967205,0.7848209335032266,20.999999999999996,2.3835909246372466e-07
225.3,-36.02116400491108,-35.79907515778253,-44.66947550081645,33.04694466498105,33.04694452151361,0.7848209450546761,21.0,2.3466540710614936e-07
225.35000000000002,-35.38110730714308,-36.43178948798403,-43.65407609646497,33.04694465473337,33.04694451348133,0.7848209564270974,21.0,2.3102899149307632e-07
225.4,-34.729938702357316,-37.05306193075077,-42.6386766925108,33.046944644643936,33.04694450557327,0.7848209676232756,21.0,2.2744842453903402e-07
225.45000000000002,-34.06786269871296,-37.66269736721942,-41.623277288947804,33.04694463471032,33.04694449778754,0.7848209786459179,20.999999999999996,2.2392356413547532e-07
225.5,-33.39508722998247,-38.260504333283286,-40.60787788576992,33.04694462493013,33.04694449012223,0.7848209894977103,20.999999999999993,2.2045284708838153e-07
225.55,-32.71182359024723,-38.84629507972415,-39.59247848297123,33.04694461530099,33.04694448257548,0.784821000181303,20.999999999999996,2.170358470721112e-07
225.60000000000002,-32.01828636753778,-39.41988563117742,-38.577079080545865,33.04694460582059,33.04694447514548,0.7848210106992894,20.999999999999993,2.136718535439286e-07
225.65,-31.31469337643966,-39.98109584391201,-37.56167967848804,33.04694459648666,33.04694446783043,0.7848210210542348,21.0,2.1035972963545646e-07
225.70000000000002,-30.60126558968579,-40.52974946240684,-36.54628027679211,33.04694458729693,33.04694446062858,0.7848210312486543,21.0,2.070989069125062e-07
225.75,-29.878227068757088,-41.065674174706274,-35.53088087545245,33.046944578249196,33.04694445353815,0.7848210412850278,21.0,2.0388839061524777e-07
225.8,-29.145804893512956,-41.58870166653691,-34.515481474463606,33.046944569341264,33.04694444655745,0.7848210511658067,21.0,2.007274702009454e-07
225.85000000000002,-28.404229090873848,-42.09866767416895,-33.50008207382011,33.04694456057099,33.046944439684786,0.7848210608933996,20.999999999999993,1.9761557723541046e-07
225.9,-27.653732562578256,-42.595412036005364,-32.48468267351663,33.046944551936264,33.04694443291848,0.7848210704701728,21.0,1.9455185906736006e-07
225.95000000000002,-26.894551012036825,-43.07877874288277,-31.469283273547923,33.04694454343499,33.0469444262569,0.7848210798984638,20.999999999999993,1.9153546304551128e-07
226.0,-26.12692287030656,-43.54861598706818,-30.453883873908797,33.04694453506512,33.04694441969842,0.7848210891805607,20.999999999999996,1.8856582073567552e-07
226.05,-25.3510892212084,-44.00477620993624,-29.438484474594187,33.046944526824646,33.0469444132415,0.78482109831873,20.999999999999996,1.856419373780227e-07
226.10000000000002,-24.567293725611627,-44.44711614831193,-28.42308507559906,33.04694451871156,33.04694440688454,0.7848211073151958,21.0,1.8276338664691139e-07
226.15,-23.775782544908935,-44.87549687946429,-27.407685676918476,33.04694451072392,33.046944400625975,0.7848211161721608,20.999999999999996,1.7992931589105865e-07
226.20000000000002,-22.97680426370619,-45.28978386473695,-26.392286278547576,33.04694450285978,33.046944394464326,0.7848211248917778,20.999999999999996,1.7713929878482304e-07
226.25,-22.170609811751106,-45.68984699180172,-25.376886880481578,33.046944495117245,33.04694438839808,0.7848211334761643,20.999999999999996,1.743923405683745e-07
226.3,-21.35745238512546,-46.07556061552217,-24.36148748271575,33.04694448749445,33.04694438242577,0.7848211419274307,21.0,1.7168773069897725e-07
226.35000000000002,-20.53758736672547,-46.44680359741407,-23.346088085245455,33.04694447998954,33.04694437654596,0.7848211502476232,20.999999999999986,1.6902532706808415e-07
226.4,-19.711272246055422,-46.80345934369056,-22.330688688066147,33.046944472600714,33.046944370757224,0.784821158438767,20.999999999999993,1.6640385069877084e-07
226.45000000000002,-18.878766538359667,-47.14541584188001,-21.315289291173286,33.046944465326185,33.046944365058124,0.7848211665028799,21.0,1.6382287526539585e-07
226.5,-18.040331703118408,-47.47256569600494,-20.299889894562458,33.04694445816418,33.0469443594473,0.784821174441916,21.0,1.6128225865941204e-07
226.55,-17.196231061932888,-47.78480616031121,-19.2844904982293,33.04694445111297,33.046944353923394,0.784821182257815,20.999999999999996,1.5878072190389503e-07
226.60000000000002,-16.34672971582574,-48.08203917153666,-18.26909110216952,33.046944444170855,33.046944348485056,0.7848211899524742,20.999999999999993,1.5631798078175052e-07
226.65,-15.492094461982497,-48.364171379709155,-17.25369170637889,33.04694443733616,33.04694434313096,0.7848211975277835,20.999999999999996,1.538931826416956e-07
226.70000000000002,-14.632593709960377,-48.631114177464426,-16.23829231085324,33.04694443060721,33.046944337859834,0.7848212049855832,21.0,1.5150618537518312e-07
226.75,-13.768497397390718,-48.88278372787432,-15.222892915588469,33.0469444239824,33.046944332670364,0.7848212123276994,20.999999999999996,1.4915599422238301e-07
226.8,-12.900076905201473,-49.11910099077695,-14.207493520580561,33.04694441746011,33.0469443275613,0.7848212195559228,20.999999999999996,1.4684232496620098e-07
226.85000000000002,-12.027604972386426,-49.33999174760026,-13.192094125825522,33.04694441103877,33.04694432253143,0.7848212266720154,21.0,1.4456446706390125e-07
226.9,-11.15135561034789,-49.54538662467138,-12.176694731319428,33.04694440471682,33.046944317579495,0.784821233677718,20.999999999999996,1.4232185208129522e-07
226.95000000000002,-10.271604016839794,-49.735221115004315,-11.161295337058442,33.04694439849272,33.046944312704284,0.784821240574729,20.999999999999996,1.4011405369274144e-07
227.0,-9.388626489538169,-49.90943559855924,-10.14589594303877,33.04694439236498,33.04694430790464,0.7848212473647536,21.0,1.3794021924695699e-07
227.05,-8.502700339266202,-50.06797536096695,-9.130496549256673,33.04694438633209,33.04694430317939,0.784821254049433,21.000000000000007,1.3580049085248902e-07
227.10000000000002,-7.614103802901083,-50.2107906107126,-8.115097155708462,33.04694438039262,33.04694429852735,0.7848212606304017,21.0,1.3369358953241317e-07
227.15,-6.7231159559900275,-50.33783649477345,-7.099697762390523,33.0469443745451,33.04694429394745,0.7848212671092654,21.0,1.3161937317818229e-07
227.20000000000002,-5.830016625102896,-50.449073112705484,-6.084298369299294,33.046944368788125,33.04694428943853,0.7848212734876086,20.999999999999996,1.2957727335560776e-07
227.25,-4.935086299948942,-50.544465529174715,-5.068898976431263,33.046944363120296,33.04694428499951,0.7848212797669945,20.999999999999996,1.2756686373904813e-07
227.3,-4.0386060452853,-50.623983784929045,-4.053499583782997,33.04694435754024,33.04694428062932,0.7848212859489507,21.0,1.2558771800286195e-07
227.35000000000002,-3.140857412644865,-50.687602906207395,-3.0381001913510577,33.0469443520466,33.04694427632687,0.7848212920349908,20.999999999999996,1.2363912560431345e-07
227.4,-2.2421223519113,-50.73530291258303,-2.0227007991321146,33.04694434663805,33.04694427209111,0.7848212980265998,21.000000000000007,1.2172080232630833e-07
227.45000000000002,-1.342683122768931,-50.76706882323866,-1.0073014071228592,33.04694434131327,33.046944267921035,0.7848213039252414,20.999999999999993,1.1983217973465798e-07
227.5,-0.4428222060553487,-50.78289066167138,0.008097984679965517,33.046944336070965,33.046944263815604,0.784821309732358,20.999999999999996,1.1797283150372095e-07
227.55,0.45717778495544903,-50.782763458825904,1.02349737627954,33.04694433090987,33.04694425977386,0.7848213154493635,20.999999999999993,1.1614233130785578e-07
227.60000000000002,1.357034193311505,-50.766687254655174,2.0388967676790197,33.04694432582872,33.046944255794756,0.7848213210776649,20.999999999999996,1.1434011071287387e-07
227.65,2.25646440715507,-50.734667098107785,3.054296158881483,33.04694432082629,33.04694425187739,0.7848213266186264,20.999999999999993,1.1256602761022805e-07
227.70000000000002,3.1551859484806064,-50.68671304554231,4.0696955498900085,33.04694431590137,33.046944248020765,0.7848213320736122,20.999999999999993,1.1081922934863542e-07
227.75,4.052916561850756,-50.62284015756897,5.0850949407076,33.046944311052755,33.046944244223944,0.7848213374439439,21.0,1.0909971592809597e-07
227.8,4.949374303042403,-50.54306849431961,6.100494331337206,33.04694430627927,33.046944240486006,0.7848213427309432,20.999999999999996,1.0740663469732681e-07
227.85000000000002,5.8442776275950035,-50.44742310914759,7.115893721781756,33.04694430157975,33.04694423680603,0.7848213479359032,20.999999999999993,1.0573998565632792e-07
227.9,6.737345479233351,-50.335934040759405,8.131293112044098,33.04694429695306,33.04694423318314,0.7848213530600816,21.0,1.040992003709107e-07
227.95000000000002,7.628297378137039,-50.20863630378065,9.146692502127058,33.04694429239806,33.046944229616436,0.7848213581047503,21.000000000000007,1.0248356829833938e-07
228.0,8.516853509028863,-50.065569877759195,10.162091892033406,33.04694428791366,33.04694422610509,0.7848213630711314,21.000000000000007,1.0089337365570827e-07
228.05,9.402734809054524,-49.90677969460909,11.177491281765919,33.04694428349876,33.04694422264816,0.784821367960447,20.999999999999996,9.932762168318732e-08
228.10000000000002,10.28566305542602,-49.73231562449908,12.192890671327241,33.04694427915229,33.04694421924488,0.7848213727738838,20.999999999999996,9.778631238077651e-08
228.15,11.16536095280121,-49.54223246019021,13.20829006072007,33.04694427487319,33.04694421589438,0.7848213775126212,21.0,9.626873520574009e-08
228.20000000000002,12.041552220372083,-49.336589899827466,14.223689449947003,33.04694427066042,33.04694421259587,0.7848213821778174,20.999999999999996,9.47747480495309e-08
228.25,12.913961678634422,-49.115452528190715,15.239088839010606,33.04694426651295,33.04694420934851,0.7848213867706164,20.999999999999993,9.330392458650749e-08
228.3,13.782315335811578,-48.87888979641105,16.254488227913402,33.046944262429776,33.046944206151544,0.7848213912921338,21.000000000000007,9.185598059957556e-08
228.35000000000002,14.64634047390522,-48.62697600015871,17.26988761665788,33.0469442584099,33.04694420300418,0.7848213957434922,20.999999999999996,9.04303476545465e-08
228.4,15.505765734346037,-48.359790256309545,18.285287005246513,33.046944254452356,33.04694419990565,0.7848214001257574,21.0,8.902716785996745e-08
228.45000000000002,16.360321203217506,-48.07741647809729,19.300686393681715,33.04694425055616,33.046944196855165,0.7848214044400237,21.0,8.76453043474612e-08
228.5,17.20973849602593,-47.779943348759524,20.316085781965853,33.04694424672037,33.04694419385205,0.7848214086873213,20.999999999999996,8.628532555121637e-08
228.55,18.053750841990162,-47.4674642936855,21.331485170101296,33.046944242944065,33.046944190895495,0.7848214128687161,21.0,8.494595249430859e-08
228.60000000000002,18.89209316782449,-47.14007745107467,22.34688455809033,33.046944239226306,33.046944187984835,0.7848214169852028,20.999999999999996,8.36278957194736e-08
228.65,19.724502180988434,-46.79788564111506,23.36228394593522,33.0469442355662,33.04694418511933,0.7848214210378046,20.999999999999996,8.23297341412399e-08
228.70000000000002,20.550716452377255,-46.44099633369126,24.37768333363821,33.046944231962854,33.04694418229828,0.7848214250275234,20.999999999999996,8.105203619379608e-08
228.75,21.370476498427234,-46.06952161463203,25.393082721201484,33.046944228415384,33.046944179521034,0.7848214289553113,21.0,7.979437555150071e-08
228.8,22.183524862609936,-45.68357815050829,26.40848210862723,33.04694422492293,33.04694417678686,0.7848214328221417,20.999999999999996,7.85557574545237e-08
228.85000000000002,22.98960619628983,-45.28328715199241,27.42388149591756,33.04694422148464,33.04694417409512,0.7848214366289668,20.999999999999996,7.733660822850652e-08
228.9,23.788467338919943,-44.86877433579041,28.439280883074584,33.046944218099675,33.04694417144516,0.7848214403767031,20.999999999999996,7.613650154780771e-08
228.95000000000002,24.57985739755026,-44.44016988515894,29.45468027010037,33.04694421476721,33.04694416883633,0.7848214440662744,21.000000000000007,7.495472686969151e-08
229.0,25.363527825624,-43.9976084090195,30.470079656996973,33.046944211486434,33.046944166267984,0.7848214476985831,20.999999999999996,7.379142630270508e-08
229.05,26.139232501036958,-43.54122889968272,31.48547904376638,33.04694420825655,33.046944163739475,0.7848214512745173,21.0,7.264617352120695e-08
229.10000000000002,26.906727803435416,-43.07117468919599,32.500878430410545,33.046944205076755,33.046944161250224,0.784821454794951,20.999999999999996,7.151868430810282e-08
229.15,27.665772690728343,-42.58759340432812,33.516277816931435,33.04694420194629,33.0469441587996,0.7848214582607511,21.000000000000007,7.040867444629839e-08
229.20000000000002,28.41612877478987,-42.090636920205164,34.53167720333096,33.04694419886438,33.046944156387006,0.7848214616727631,21.0,6.931600182724651e-08
229.25,29.157560396328233,-41.58046131261206,35.54707658961099,33.046944195830285,33.046944154011875,0.7848214650318184,21.000000000000007,6.824024012530572e-08
229.3,29.889834698897708,-41.05722680897493,36.562475975773395,33.046944192843256,33.04694415167358,0.7848214683387411,20.999999999999996,6.718110512338171e-08
229.35000000000002,30.612721702030267,-40.52109773803956,37.57787536182,33.04694418990256,33.04694414937158,0.7848214715943413,21.0,6.613845471292734e-08
229.4,31.325994373463985,-39.97224247826171,38.59327474775259,33.0469441870075,33.04694414710532,0.7848214747994078,20.999999999999996,6.51120046768483e-08
229.45000000000002,32.02942870044555,-39.410833404925704,39.60867413357295,33.04694418415734,33.04694414487422,0.7848214779547362,21.0,6.410132868950313e-08
229.5,32.722803760084425,-38.837046836007616,40.624073519282796,33.04694418135141,33.04694414267776,0.7848214810610941,21.0,6.3106568859439e-08
229.55,33.405901788736614,-38.251062976800306,41.63947290488384,33.04694417858901,33.04694414051538,0.7848214841192416,20.999999999999996,6.212715675246727e-08
229.60000000000002,34.07850825039624,-37.653065863317536,42.654872290377796,33.04694417586946,33.04694413838659,0.7848214871299248,21.0,6.116295026004082e-08
229.65,34.7404119040734,-37.043243304495036,43.6702716757663,33.04694417319212,33.046944136290826,0.7848214900938757,20.999999999999996,6.021366516506532e-08
229.70000000000002,35.391404870137215,-36.42178682320658,44.685671061051025,33.0469441705563,33.04694413422757,0.7848214930118331,21.0,5.9279017250446486e-08
229.75,36.03128269560319,-35.788891596113714,45.701070446233565,33.04694416796139,33.04694413219636,0.7848214958845006,20.999999999999993,5.835914862473146e-08
229.8,36.65984441834437,-35.14475639236792,46.7164698313155,33.04694416540674,33.04694413019668,0.7848214987125886,21.0,5.7453348745184485e-08
229.85000000000002,37.27689263020617,-34.48958351118452,47.73186921629837,33.04694416289174,33.046944128228034,0.7848215014967863,20.999999999999996,5.656175972035271e-08
229.9,37.88223353900502,-33.82357871830794,48.74726860118375,33.04694416041576,33.04694412628994,0.7848215042377689,20.999999999999996,5.5683955224594683e-08
229.95000000000002,38.47567702939139,-33.146951181388225,49.76266798597312,33.0469441579782,33.04694412438194,0.7848215069362112,20.999999999999993,5.48196510408161e-08
230.0,39.05703672255801,-32.45991340428917,50.77806737066801,33.046944155578466,33.04694412250355,0.7848215095927671,21.0,5.3968847169016954e-08
230.05,39.626130034774626,-31.762681160348656,51.79346675526983,33.046944153215975,33.0469441206543,0.7848215122081044,20.999999999999993,5.3131117283555795e-08
230.10000000000002,40.18277823473083,-31.055473424612178,52.8088661397801,33.04694415089014,33.04694411883378,0.7848215147828483,21.0,5.230674560152693e-08
230.15,40.72680649966902,-30.33851230506081,53.82426552420015,33.0469441486004,33.04694411704152,0.7848215173176385,21.0,5.149487947164744e-08
230.20000000000002,41.25804397028976,-29.612022972855254,54.83966490853144,33.0469441463462,33.04694411527708,0.784821519813093,20.999999999999996,5.069580311101163e-08
230.25,41.77632380441247,-28.87623359161784,55.85506429277536,33.04694414412697,33.04694411354,0.7848215222698087,20.999999999999993,4.9909090193978045e-08
230.3,42.28148322937439,-28.13137524577472,56.87046367693323,33.046944141942184,33.04694411182991,0.7848215246884038,20.999999999999996,4.913431439490523e-08
230.35000000000002,42.77336359315148,-27.37768186798073,57.88586306100636,33.04694413979131,33.04694411014637,0.7848215270694539,21.0,4.8371902039434644e-08
230.4,43.251810414185236,-26.615390165649732,58.90126244499614,33.04694413767382,33.04694410848896,0.7848215294135557,20.999999999999996,4.762100047628337e-08
230.45000000000002,43.71667342989964,-25.844739546613514,59.916661828903784,33.046944135589186,33.04694410685727,0.7848215317212848,21.0,4.6882036031092866e-08
230.5,44.16780664389313,-25.06597204393257,60.93206121273067,33.046944133536904,33.0469441052509,0.7848215339931954,21.0,4.6154582378221676e-08
230.55,44.60506837179068,-24.27933223988243,61.94746059647797,33.046944131516476,33.04694410366946,0.7848215362298561,20.999999999999996,4.543821319202834e-08
230.60000000000002,45.02832128574169,-23.485067189139304,62.96285998014689,33.046944129527404,33.04694410211259,0.7848215384317925,21.0,4.473321268960717e-08
230.65,45.43743245754961,-22.683426341189335,63.978259363738715,33.046944127569205,33.0469441005799,0.7848215405995589,21.0,4.403872821967525e-08
230.70000000000002,45.8322734004198,-21.87466146198563,64.99365874725461,33.046944125641396,33.046944099070984,0.7848215427336882,20.999999999999993,4.3355328216421185e-08
230.75,46.2127201093125,-21.059026554877853,66.00905813069576,33.04694412374351,33.046944097585495,0.7848215448346991,20.999999999999993,4.268258635420352e-08
230.8,46.57865309988827,-20.236777780839077,67.02445751406337,33.04694412187508,33.046944096123056,0.7848215469031032,20.999999999999993,4.202021841592796e-08
230.85000000000002,46.92995744603364,-19.408173378015043,68.03985689735852,33.04694412003565,33.04694409468332,0.784821548939405,21.0,4.136808229304734e-08
230.9,47.266522815955156,-18.57347358062104,69.05525628058237,33.04694411822477,33.046944093265935,0.784821550944109,20.999999999999993,4.072603587701451e-08
230.95000000000002,47.588243506830565,-17.732940537211892,70.070655663736,33.046944116442,33.04694409187054,0.7848215529176983,20.999999999999996,4.009407916782948e-08
231.0,47.89501847800618,-16.886838228350722,71.08605504682052,33.046944114686895,33.04694409049682,0.7848215548606703,21.0,3.947178583985078e-08
231.05,48.18675138273003,-16.035432383702364,72.10145442983699,33.04694411295903,33.04694408914441,0.7848215567734869,21.0,3.885944011017273e-08
231.10000000000002,48.46335059841084,-15.178990398577417,73.11685381278646,33.046944111257986,33.04694408781301,0.784821558656617,20.999999999999996,3.8256331436059554e-08
231.15,48.724729255393335,-14.317781249953212,74.13225319567002,33.04694410958335,33.04694408650226,0.7848215605105295,20.999999999999996,3.7662601926058414e-08
231.20000000000002,48.97080526424078,-13.452075411998013,75.14765257848859,33.0469441079347,33.04694408521187,0.7848215623356722,21.0,3.707825158016931e-08
231.25,49.20150134151627,-12.582144771125018,76.16305196124324,33.046944106311635,33.046944083941526,0.7848215641324856,21.0,3.650285407275078e-08
231.3,49.41674503405463,-11.708262540602819,77.178451343935,33.04694410471377,33.046944082690885,0.7848215659014173,20.999999999999996,3.5936267295255675e-08
231.35000000000002,49.61646874171727,-10.830703174749154,78.19385072656482,33.04694410314071,33.046944081459635,0.7848215676429078,20.999999999999993,3.537863335623115e-08
231.4,49.80060973862292,-9.949742282734874,79.20925010913363,33.04694410159206,33.04694408024753,0.7848215693573763,21.0,3.482981014713005e-08
231.45000000000002,49.9691101928475,-9.065656542025236,80.2246494916424,33.04694410006745,33.046944079054214,0.7848215710452351,21.0,3.4289371342310915e-08
231.5,50.121917184587055,-8.178723611485665,81.24004887409207,33.046944098566506,33.04694407787943,0.7848215727069032,20.999999999999996,3.37571748332266e-08
231.55,50.25898272277785,-7.289222044179307,82.25544825648353,33.046944097088854,33.0469440767229,0.7848215743427858,21.0,3.3233362728424254e-08
231.60000000000002,50.38026376016866,-6.397431199883735,83.27084763881768,33.046944095634146,33.04694407558433,0.7848215759532735,20.999999999999996,3.271765081080957e-08
231.65,50.4857222068403,-5.503631157354309,84.28624702109546,33.04694409420202,33.04694407446342,0.7848215775387857,21.000000000000007,3.2209754863288254e-08
231.70000000000002,50.575324942168265,-4.608102626361719,85.30164640331772,33.04694409279212,33.046944073359896,0.7848215790996846,20.999999999999996,3.17102433200489e-08
231.75,50.64904382522472,-3.711126859531361,86.31704578548532,33.04694409140411,33.04694407227351,0.7848215806363683,21.0,3.1217979312714306e-08
231.8,50.70685570361652,-2.8129855640122137,87.33244516759913,33.046944090037634,33.04694407120395,0.7848215821492133,20.999999999999996,3.073367338402022e-08
231.85000000000002,50.748742420756514,-1.9139608130029688,88.34784454965997,33.04694408869237,33.04694407015101,0.7848215836385748,20.999999999999993,3.0256899208325194e-08
231.9,50.774690821565876,-1.0143349571632,89.36324393166859,33.04694408736799,33.04694406911443,0.7848215851048295,20.999999999999993,2.9787230459987768e-08
231.95000000000002,50.78469275660564,-0.1143905359373889,90.37864331362593,33.046944086064165,33.04694406809393,0.7848215865483255,20.999999999999996,2.93250934646494e-08
232.0,50.77874508463611,0.7855898111803372,91.39404269553268,33.04694408478058,33.046944067089264,0.7848215879694322,21.0,2.886991978812148e-08
232.05,50.75684967360343,1.68532343341289,92.40944207738964,33.046944083516905,33.04694406610023,0.7848215893684838,20.999999999999996,2.8422135756045463e-08
232.10000000000002,50.71901340005293,2.584527757470449,93.42484145919767,33.04694408227286,33.0469440651265,0.7848215907458282,21.000000000000007,2.7981030825685593e-08
232.15,50.66524814696943,3.4829203762963536,94.44024084095744,33.04694408104812,33.04694406416789,0.7848215921018067,20.999999999999996,2.7546889214136172e-08
232.20000000000002,50.59557080004526,4.380219137760789,95.45564022266974,33.04694407984239,33.04694406322417,0.7848215934367389,20.999999999999996,2.7119568812850048e-08
232.25,50.51000324237706,5.276142233274405,96.47103960433527,33.04694407865537,33.0469440622951,0.7848215947509516,20.999999999999996,2.6698643296185764e-08
232.3,50.40857234759313,6.170408286294048,97.4864389859548,33.04694407748678,33.04694406138044,0.784821596044786,20.999999999999996,2.6284254772690474e-08
232.35000000000002,50.29130997141337,7.062736440692797,98.50183836752899,33.04694407633633,33.04694406048,0.7848215973185404,21.0,2.587668745945848e-08
232.4,50.1582529416446,7.952846448966557,99.5172377490586,33.04694407520373,33.04694405959353,0.7848215985725275,20.999999999999996,2.5475088705206872e-08
232.45000000000002,50.00944304661429,8.840458760249511,100.53263713054429,33.04694407408872,33.04694405872081,0.7848215998070671,20.999999999999996,2.5079742727029952e-08
232.5,49.84492702204636,9.725294608110778,101.54803651198678,33.04694407299102,33.04694405786161,0.7848216010224505,21.0,2.4690791633474873e-08
232.55,49.664756536383244,10.60707609810471,102.56343589338667,33.046944071910346,33.046944057015786,0.7848216022189689,21.0,2.4307666990353027e-08
232.60000000000002,49.46898817455869,11.48552629504733,103.57883527474468,33.04694407084645,33.04694405618307,0.784821603396928,20.999999999999996,2.3930368797664414e-08
232.65,49.25768342022653,12.360369309991512,104.59423465606147,33.04694406979907,33.04694405536327,0.7848216045566048,21.0,2.3559181272503338e-08
232.70000000000002,49.03090863645092,13.231330386873553,105.6096340373376,33.046944068767935,33.046944054556214,0.7848216056982977,20.999999999999996,2.319353598068119e-08
232.75,48.788735044864126,14.098135988803971,106.62503341857378,33.04694406775281,33.04694405376168,0.7848216068222769,21.0,2.2833859247839428e-08
232.8,48.53123870329844,14.960513883975391,107.64043279977058,33.04694406675345,33.046944052979484,0.7848216079288122,21.0,2.247958263978944e-08
232.85000000000002,48.25850048189921,15.818193231160564,108.65583218092864,33.046944065769594,33.0469440522094,0.7848216090181879,20.999999999999996,2.2130706156531232e-08
232.9,47.97060603772647,16.67090466477364,109.67123156204859,33.046944064801,33.04694405145129,0.7848216100906527,21.0,2.1787514015159104e-08
232.95000000000002,47.667645787853225,17.518380379468013,110.686630943131,33.046944063847455,33.04694405070492,0.7848216111464836,21.0,2.1449295672937296e-08
233.0,47.34971488096876,18.360354214244143,111.70203032417639,33.0469440629087,33.04694404997015,0.7848216121859295,20.999999999999996,2.1116619564054417e-08
233.05,47.01691316749595,19.19656173604095,112.71742970518541,33.04694406198452,33.04694404924679,0.7848216132092531,21.0,2.078891725432186e-08
233.10000000000002,46.66934516823187,20.02674032278453,113.73282908615859,33.04694406107468,33.046944048534634,0.7848216142166962,21.0,2.0466472960833926e-08
233.15,46.30712004152169,20.85062924586809,114.74822846709652,33.046944060178966,33.046944047833534,0.7848216152085143,20.999999999999993,2.014886035794916e-08
233.20000000000002,45.93035154897602,21.667969752037255,115.76362784799973,33.04694405929715,33.04694404714331,0.7848216161849422,20.999999999999993,1.983636366276187e-08
233.25,45.53915801974257,22.478505144654925,116.77902722886876,33.04694405842902,33.04694404646379,0.7848216171462212,21.0,1.9528556549630594e-08
233.3,45.13366231334333,23.281980864320293,117.79442660970409,33.04694405757436,33.04694404579485,0.784821618092586,20.999999999999993,1.9225581127102487e-08
233.35000000000002,44.71399178108887,24.078144568816587,118.80982599050628,33.04694405673297,33.04694404513627,0.7848216190242709,21.0,1.8927295286630397e-08
233.4,44.28027822608201,24.8667462123625,119.82522537127586,33.04694405590463,33.04694404448792,0.7848216199414964,21.0,1.8633699028214323e-08
233.45000000000002,43.83265786182328,25.64753812414238,120.84062475201334,33.04694405508915,33.04694404384963,0.7848216208444967,21.0,1.8344508134759963e-08
233.5,43.371271269431254,26.42027508609054,121.85602413271921,33.04694405428633,33.046944043221224,0.7848216217334922,20.999999999999996,1.806000682336162e-08
233.55,42.89626335349121,27.184714409905254,122.87142351339394,33.04694405349596,33.04694404260261,0.784821622608689,20.999999999999993,1.7779910876924987e-08
233.60000000000002,42.407783296545894,27.940616013268222,123.88682289403802,33.04694405271787,33.046944041993555,0.7848216234703074,21.0,1.7503936078355764e-08
233.65,41.905984512242796,28.687742495245626,124.90222227465193,33.04694405195184,33.046944041393964,0.7848216243185675,21.0,1.7232366644748254e-08
233.70000000000002,41.39102459715251,29.42585921084703,125.91762165523613,33.046944051197706,33.046944040803716,0.7848216251536613,20.999999999999993,1.6965202576102456e-08
233.75,40.86306528127348,30.15473434471877,126.93302103579111,33.04694405045528,33.046944040222584,0.7848216259758019,21.0,1.6701875438229763e-08
233.8,40.32227237723852,30.874138983948622,127.94842041631729,33.046944049724374,33.0469440396505,0.7848216267851882,21.000000000000007,1.644281155677163e-08
233.85000000000002,39.768815728239176,31.583847189958963,128.96381979681513,33.046944049004814,33.04694403908728,0.7848216275820192,20.999999999999993,1.6187726714633754e-08
233.9,39.2028691546842,32.283636069465764,129.97921917728507,33.04694404829641,33.046944038532786,0.7848216283664939,20.999999999999996,1.5936620911816135e-08
233.95000000000002,38.62461039960895,32.97328584448118,130.99461855772756,33.04694404759901,33.046944037986925,0.78482162913879,20.999999999999993,1.5689494148318772e-08
234.0,38.03422107285282,33.652579921337775,132.010017938143,33.04694404691243,33.04694403744953,0.7848216298991062,21.0,1.544592009850021e-08
234.05,37.431886594022295,34.321304958712595,133.02541731853182,33.046944046236504,33.04694403692045,0.7848216306476345,20.999999999999996,1.5206325088001904e-08
234.10000000000002,36.8177961342574,34.979250934629874,134.04081669889445,33.046944045571074,33.04694403639958,0.7848216313845526,21.0,1.4970567008276703e-08
234.15,36.192142556820045,35.626211212421204,135.05621607923126,33.04694404491597,33.04694403588682,0.784821632110031,21.0,1.4738361642230302e-08
234.20000000000002,35.55512235652274,36.26198260562254,136.0716154595427,33.04694404427103,33.04694403538198,0.7848216328242614,21.0,1.450956688131555e-08
234.25,34.90693559801677,36.8863654417876,137.0870148398291,33.046944043636096,33.046944034885016,0.7848216335274074,21.0,1.4284609051173902e-08
234.3,34.24778585295928,37.499163625197646,138.1024142200909,33.04694404301102,33.04694403439574,0.7848216342196466,20.999999999999993,1.4062919717616751e-08
234.35000000000002,33.57788013607885,38.100184698447926,139.1178136003285,33.04694404239564,33.04694403391403,0.7848216349011565,20.999999999999996,1.38447830977384e-08
234.4,32.8974288401598,38.689239902891515,140.13321298054223,33.04694404178981,33.04694403343982,0.7848216355720865,21.000000000000007,1.363019919153885e-08
234.45000000000002,32.20664566996551,39.266144237921445,141.14861236073244,33.04694404119338,33.04694403297298,0.784821636232607,20.999999999999996,1.3418599564829492e-08
234.5,31.505747575121646,39.830716519072624,142.16401174089955,33.046944040606206,33.04694403251335,0.7848216368828886,21.0,1.3210410543251783e-08
234.55,30.79495468198022,40.38277943492519,143.17941112104387,33.046944040028144,33.0469440320609,0.7848216375230805,21.0,1.3005632126805722e-08
234.60000000000002,30.074490224485984,40.922159602791545,144.19481050116582,33.046944039459056,33.04694403161541,0.784821638153339,20.999999999999996,1.2803837989849853e-08
234.65,29.34458047406687,41.448687623169484,145.2102098812657,33.04694403889879,33.04694403117685,0.7848216387738205,21.000000000000007,1.260517024093133e-08
234.70000000000002,28.605454668570424,41.96219813294434,146.22560926134386,33.04694403834723,33.0469440307451,0.7848216393846812,20.999999999999996,1.240962888005015e-08
234.75,27.857344940268618,42.462529857323474,147.24100864140064,33.046944037804224,33.04694403032004,0.7848216399860632,21.0,1.2217213907206315e-08
234.8,27.10048624295364,42.94952566048678,148.25640802143636,33.04694403726964,33.04694402990159,0.7848216405781159,20.999999999999996,1.202764110530552e-08
234.85000000000002,26.335116278147524,43.42303259493725,149.27180740145133,33.046944036743355,33.04694402948964,0.7848216411609883,21.0,1.1841052582894918e-08
234.9,25.56147542044884,43.88290194953618,150.28720678144586,33.04694403622523,33.04694402908408,0.7848216417348155,20.999999999999996,1.1657448339974508e-08
234.95000000000002,24.779806642039855,44.328989296207894,151.30260616142036,33.04694403571514,33.0469440286848,0.7848216422997467,20.999999999999996,1.1476544159449986e-08
235.0,23.990355436377897,44.76115453529924,152.3180055413751,33.04694403521298,33.046944028291705,0.7848216428559098,21.0,1.1298624258415657e-08
235.05,23.19336974109487,45.1792619395798,153.33340492131038,33.0469440347186,33.046944027904715,0.784821643403447,20.999999999999996,1.1123262311230064e-08
235.10000000000002,22.389099860129157,45.583180196868824,154.34880430122644,33.04694403423189,33.046944027523736,0.7848216439424931,21.0,1.0950742534987512e-08
235.15,21.577798385114345,45.972782451275535,155.36420368112363,33.04694403375274,33.046944027148655,0.7848216444731761,21.000000000000007,1.0780922821140848e-08
235.20000000000002,20.75972011604946,46.34794634303992,156.37960306100226,33.046944033281015,33.04694402677942,0.784821644995624,21.0,1.061366106114292e-08
235.25,19.935121981275653,46.708554046961446,157.3950024408626,33.04694403281661,33.0469440264159,0.7848216455099717,21.0,1.044895725499373e-08
235.3,19.10426295678444,47.054492309403614,158.41040182070495,33.04694403235942,33.04694402605802,0.78482164601634,20.999999999999993,1.0286953511240426e-08
235.35000000000002,18.26740398488285,47.38565248386277,159.42580120052958,33.04694403190933,33.04694402570566,0.7848216465148568,20.999999999999993,1.0127365612788708e-08
235.4,17.42480789224105,47.70193056508999,160.44120058033673,33.046944031466204,33.0469440253588,0.7848216470056357,20.999999999999996,9.970335668185726e-09
235.45000000000002,16.57673930734811,48.00322722175529,161.45659996012677,33.04694403102996,33.046944025017304,0.7848216474888048,20.999999999999996,9.815579460337176e-09
235.5,15.723464577401934,48.28944782764397,162.47199933989984,33.04694403060048,33.0469440246811,0.7848216479644847,20.999999999999996,9.663381206337363e-09
235.55,14.86525168465938,48.56050249137521,163.48739871965623,33.04694403017767,33.046944024350154,0.784821648432775,20.999999999999993,9.513598797639133e-09
235.60000000000002,14.002370162272875,48.81630608463369,164.50279809939622,33.04694402976142,33.046944024024334,0.7848216488938107,21.0,9.365805908601033e-09
235.65,13.13509100963995,49.056778268905205,165.51819747912015,33.04694402935163,33.04694402370354,0.7848216493476912,20.999999999999996,9.22071308195882e-09
235.70000000000002,12.263686607292282,49.28184352070811,166.53359685882813,33.0469440289482,33.046944023387724,0.7848216497945373,20.999999999999996,9.077609774976736e-09
235.75,11.388430631350975,49.49143115531241,167.5489962385205,33.04694402855102,33.04694402307682,0.7848216502344485,20.999999999999996,8.936922313296236e-09
235.8,10.509597967574933,49.6854753489393,168.56439561819744,33.046944028160006,33.04694402277075,0.7848216506675314,20.999999999999996,8.798224371275865e-09
235.85000000000002,9.62746462502935,49.86391515943393,169.57979499785927,33.046944027775055,33.04694402246939,0.7848216510939068,20.999999999999996,8.661658057462773e-09
235.9,8.742307649401392,50.02669454540514,170.59519437750615,33.04694402739608,33.04694402217274,0.7848216515136599,21.0,8.527507588951266e-09
235.95000000000002,7.854405035990318,50.17376238382601,171.61059375713836,33.04694402702298,33.046944021880655,0.7848216519269045,21.0,8.395062423005584e-09
236.0,6.9640356423993754,50.305072486089685,172.62599313675608,33.04694402665567,33.04694402159313,0.784821652333747,21.000000000000007,8.264890993814333e-09
236.05,6.071479100956858,50.42058361251555,173.64139251635953,33.046944026294064,33.046944021310075,0.7848216527342728,21.0,8.136851192830363e-09
236.10000000000002,5.177015730893869,50.520259485301096,174.656791895949,33.04694402593806,33.046944021031386,0.7848216531285885,20.999999999999996,8.010516694412217e-09
236.15,4.28092645030634,50.60406879991543,175.67219127552463,33.046944025587585,33.04694402075704,0.7848216535167793,20.999999999999996,7.886313824201352e-09
236.20000000000002,3.383492687928977,50.6719852349309,176.68759065508672,33.046944025242546,33.04694402048693,0.7848216538989519,21.0,7.76381625655631e-09
236.25,2.4849962947488287,50.72398746028967,177.70299003463538,33.046944024902864,33.046944020221055,0.7848216542751985,20.999999999999996,7.64345031711855e-09
236.3,1.5857194554862433,50.760059144002724,178.7183894141709,33.04694402456845,33.04694401995926,0.7848216546456186,21.0,7.524931788793765e-09
236.35000000000002,0.6859445999710106,50.780188957279115,179.73378879369346,33.04694402423922,33.046944019701535,0.7848216550102833,21.000000000000007,7.4084027801291086e-09
236.4,-0.21404568555847459,50.78437057808396,-179.2508118267967,33.0469440239151,33.04694401944779,0.7848216553692922,20.999999999999996,7.293294856935972e-09
236.45000000000002,-1.1139687472051731,50.77260269312393,-178.23541244729947,33.04694402359601,33.04694401919798,0.7848216557227374,20.999999999999996,7.180176453402964e-09
236.5,-2.0135419521846085,50.74488899825972,-177.22001306781462,33.04694402328187,33.046944018952075,0.7848216560706973,21.0,7.068905460982933e-09
236.55,-2.912482777589446,50.701238197345305,-176.20461368834194,33.046944022972596,33.04694401870998,0.7848216564132642,20.999999999999993,6.959197662581573e-09
236.60000000000002,-3.810508899119561,50.6416639994944,-175.18921430888125,33.04694402266812,33.046944018471606,0.7848216567505162,20.999999999999996,6.85133727529319e-09
236.65,-4.7073382797497345,50.566185114774896,-174.17381492943235,33.04694402236837,33.04694401823696,0.7848216570825386,20.999999999999996,6.745040082023479e-09
236.70000000000002,-5.602689258307123,50.47482524833275,-173.15841554999508,33.046944022073276,33.04694401800596,0.7848216574094025,21.0,6.640448191319592e-09
236.75,-6.496280637930692,50.367613092947046,-172.14301617056927,33.04694402178275,33.046944017778536,0.7848216577312002,21.0,6.537277386087226e-09
236.8,-7.387831774384819,50.244582320018665,-171.1276167911547,33.046944021496735,33.04694401755464,0.7848216580480099,20.999999999999996,6.4359539919678355e-09
236.85000000000002,-8.277062664199343,50.10577156899531,-170.11221741175123,33.046944021215154,33.04694401733421,0.7848216583599026,20.999999999999996,6.336193791867117e-09
236.9,-9.163694032608374,49.951224435236284,-169.0968180323587,33.04694402093794,33.04694401711719,0.7848216586669636,21.0,6.2378546772379195e-09
236.95000000000002,-10.047447421260236,49.78098945632081,-168.0814186529769,33.04694402066503,33.04694401690356,0.7848216589692569,20.999999999999996,6.141220865174546e-09
237.0,-10.92804527567101,49.59512009680413,-167.06601927360566,33.04694402039636,33.046944016693224,0.7848216592668606,21.0,6.0458660300355405e-09
237.05,-11.805211032394206,49.393674731426266,-166.05061989424487,33.04694402013185,33.046944016486165,0.784821659559853,21.0,5.952074388915207e-09
237.10000000000002,-12.678669205879185,49.17671662677865,-165.03522051489432,33.04694401987145,33.04694401628233,0.7848216598482978,21.0,5.859845941813546e-09
237.15,-13.548145474991047,48.94431392143442,-164.01982113555388,33.04694401961508,33.046944016081646,0.7848216601322662,21.0,5.768896471636253e-09
237.20000000000002,-14.413366769164835,48.6965396045486,-163.00442175622334,33.04694401936269,33.04694401588406,0.7848216604118363,20.999999999999996,5.679368086930481e-09
237.25,-15.27406135416696,48.433471492934856,-161.98902237690262,33.04694401911422,33.04694401568954,0.784821660687065,20.999999999999996,5.59140289624338e-09
237.3,-16.129958917436955,48.15519220662615,-160.97362299759152,33.046944018869596,33.046944015498056,0.7848216609580234,21.0,5.504574573933496e-09
237.35000000000002,-16.980790652982716,47.86178914292675,-159.9582236182899,33.04694401862877,33.04694401530953,0.7848216612247896,20.999999999999996,5.419167337095132e-09
237.4,-17.82628934580259,47.553354448964015,-158.94282423899762,33.04694401839168,33.04694401512392,0.7848216614874062,20.999999999999993,5.33532329427544e-09
237.45000000000002,-18.6661894558078,47.229984992748314,-157.92742485971453,33.046944018158264,33.0469440149412,0.7848216617459585,20.999999999999996,5.2523319027386606e-09
237.5,-19.50022720121883,46.89178233275037,-156.9120254804405,33.046944017928475,33.04694401476131,0.7848216620004891,20.999999999999996,5.171045813767705e-09
237.55,-20.3281406414096,46.53885268600546,-155.89662610117537,33.04694401770225,33.0469440145842,0.7848216622510833,20.999999999999993,5.090612376079662e-09
237.60000000000002,-21.149669759173392,46.171306894754565,-154.881226721919,33.04694401747953,33.04694401440986,0.7848216624977837,20.999999999999996,5.011884240957443e-09
237.65,-21.964556542384702,45.789260391632865,-153.86582734267128,33.04694401726027,33.046944014238214,0.7848216627406615,21.0,4.934008757118136e-09
237.70000000000002,-22.772545065031387,45.3928331634166,-152.85042796343205,33.04694401704441,33.04694401406924,0.7848216629797662,21.0,4.857554358750349e-09
237.75,-23.573381567591607,44.98214971333964,-151.8350285842012,33.0469440168319,33.046944013902866,0.784821663215169,21.0,4.782094720212626e-09
237.8,-24.366814536730384,44.55733902199157,-150.8196292049786,33.04694401662268,33.04694401373907,0.7848216634469196,20.999999999999996,4.708056167146424e-09
237.85000000000002,-25.152594784290706,44.118534506809645,-149.8042298257641,33.04694401641671,33.04694401357785,0.7848216636750749,20.999999999999996,4.6350123739102855e-09
237.9,-25.930475525554364,43.66587398017727,-148.7888304465576,33.046944016213935,33.04694401341911,0.7848216638996988,21.0,4.563105449051363e-09
237.95000000000002,-26.700212456747977,43.19949960614216,-147.77343106735896,33.0469440160143,33.046944013262824,0.7848216641208339,20.999999999999996,4.4924775011168094e-09
238.0,-27.461563831769837,42.71955785576788,-146.75803168816805,33.04694401581777,33.04694401310898,0.7848216643385371,21.0,4.422702204465168e-09
238.05,-28.21429053811347,42.22619946113264,-145.74263230898475,33.046944015624284,33.04694401295751,0.7848216645528581,20.999999999999996,4.354063776190742e-09
238.10000000000002,-28.95815617196411,41.719579367989866,-144.72723292980896,33.0469440154338,33.04694401280838,0.7848216647638608,20.999999999999993,4.28642010774638e-09
238.15,-29.692927112444437,41.19985668710548,-143.71183355064053,33.04694401524627,33.04694401266157,0.7848216649715951,21.0,4.220055416226387e-09
238.20000000000002,-30.418372594986327,40.667194644286994,-142.6964341714794,33.046944015061655,33.04694401251705,0.7848216651761035,20.999999999999996,4.154685484536458e-09
238.25,-31.134264783805524,40.121760529120316,-141.68103479232542,33.0469440148799,33.04694401237476,0.7848216653774358,20.999999999999996,4.090168204129441e-09
238.3,-31.84037884345649,39.56372564243022,-140.66563541317848,33.046944014700955,33.04694401223466,0.7848216655756559,20.999999999999993,4.026645683552488e-09
238.35000000000002,-32.536493009444975,38.99326524248105,-139.65023603403847,33.04694401452479,33.04694401209677,0.7848216657707923,20.999999999999996,3.964402139899903e-09
238.4,-33.22238865787607,38.41055848993455,-138.6348366549053,33.04694401435136,33.04694401196099,0.7848216659629088,21.000000000000007,3.902727030435926e-09
238.45000000000002,-33.89785037411597,37.815788391582046,-137.61943727577886,33.046944014180625,33.04694401182732,0.7848216661520411,21.000000000000007,3.842330897896318e-09
238.5,-34.562666020445796,37.209141742868766,-136.60403789665907,33.04694401401253,33.04694401169575,0.7848216663382317,20.999999999999996,3.782645308092469e-09
238.55,-35.216626802686264,36.59080906922824,-135.58863851754575,33.046944013847046,33.046944011566204,0.7848216665215446,20.999999999999996,3.723812369571533e-09
238.60000000000002,-35.85952733577224,35.96098456624526,-134.57323913843888,33.046944013684126,33.04694401143866,0.7848216667020154,21.0,3.666258407974965e-09
238.65,-36.491165708256695,35.319866038666156,-133.5578397593383,33.04694401352374,33.04694401131308,0.7848216668796866,21.0,3.609414989114157e-09
238.70000000000002,-37.11134354572362,34.66765483827563,-132.54244038024393,33.04694401336584,33.04694401118948,0.7848216670545938,21.0,3.553424221536261e-09
238.75,-37.719866073090195,34.00455580065953,-131.5270410011557,33.046944013210386,33.04694401106777,0.7848216672268009,20.999999999999993,3.4981439966941252e-09
238.8,-38.31654217577845,33.33077718087351,-130.51164162207348,33.04694401305734,33.04694401094798,0.7848216673963222,20.999999999999996,3.4441427487763576e-09
238.85000000000002,-38.90118445973737,32.646530588037784,-129.49624224299723,33.04694401290667,33.04694401083,0.7848216675632216,20.999999999999996,3.390425717952894e-09
238.9,-39.47360931029645,31.95203091887846,-128.4808428639268,33.04694401275834,33.04694401071389,0.7848216677275346,20.999999999999996,3.3379876640537987e-09
238.95000000000002,-40.033636949832356,31.24749629023637,-127.4654434848621,33.04694401261231,33.046944010599574,0.7848216678892967,21.0,3.2862601528904634e-09
239.0,-40.58109149423043,30.53314797056459,-126.4500441058031,33.046944012468536,33.046944010487024,0.7848216680485507,21.000000000000007,3.235243184462888e-09
239.05,-41.11580100812347,29.80921031043613,-125.43464472674967,33.046944012327,33.04694401037624,0.784821668205339,20.999999999999996,3.185078867318225e-09
239.10000000000002,-41.63759755889029,29.075910672083673,-124.41924534770172,33.046944012187666,33.04694401026715,0.7848216683596902,20.999999999999996,3.135767201456474e-09
239.15,-42.146317269397215,28.33347935799344,-123.40384596865917,33.04694401205049,33.04694401015976,0.7848216685116469,21.0,3.0870239697833313e-09
239.20000000000002,-42.64180036946584,27.58214953857564,-122.38844658962195,33.046944011915436,33.04694401005405,0.7848216686612517,20.999999999999996,3.0391333893931005e-09
239.25,-43.123891246050995,26.8221571789342,-121.37304721058995,33.04694401178248,33.04694400994995,0.7848216688085401,21.0,2.992095460285782e-09
239.3,-43.59243849211307,26.05374096475881,-120.3576478315631,33.04694401165159,33.04694400984748,0.7848216689535334,21.000000000000007,2.9457680739142234e-09
239.35000000000002,-44.04729495416943,25.277142227362482,-119.34224845254131,33.046944011522726,33.04694400974659,0.7848216690962815,20.999999999999996,2.899867013184121e-09
239.4,-44.48831777850991,24.492604867888282,-118.32684907352456,33.04694401139586,33.04694400964728,0.7848216692368197,21.0,2.8549607122840825e-09
239.45000000000002,-44.9153684560619,23.700375280708915,-117.3114496945127,33.04694401127096,33.04694400954951,0.7848216693751766,21.000000000000007,2.8107649541198043e-09
239.5,-45.32831286589098,22.90070227604331,-116.29605031550568,33.046944011148,33.046944009453235,0.7848216695113805,21.000000000000007,2.767137630144134e-09
239.55,-45.72702131732338,22.093837001814475,-115.28065093650343,33.046944011026945,33.04694400935848,0.7848216696454813,20.999999999999996,2.724078740357072e-09
239.60000000000002,-46.11136859067704,21.280032864773133,-114.26525155750589,33.04694401090777,33.04694400926518,0.784821669777493,21.000000000000007,2.682014610400074e-09
239.65,-46.48123397658854,20.459545450911996,-113.24985217851297,33.04694401079044,33.04694400917332,0.7848216699074655,20.999999999999996,2.6402346975373803e-09
239.70000000000002,-46.83650131392345,19.632632445195576,-112.23445279952458,33.04694401067493,33.04694400908289,0.78482167003542,20.999999999999993,2.5994495445047505e-09
239.75,-47.177059026258284,18.799553550630804,-111.21905342054067,33.04694401056121,33.046944008993876,0.784821670161385,21.0,2.559090717113577e-09
239.8,-47.502800156922575,17.960570406703855,-110.20365404156118,33.04694401044926,33.04694400890623,0.7848216702854032,20.999999999999996,2.5193003239110112e-09
239.85000000000002,-47.81362240259001,17.11594650720879,-109.18825466258603,33.04694401033905,33.046944008819956,0.7848216704074886,20.999999999999996,2.4803625819913577e-09
239.9,-48.10942814540818,16.265947117493837,-108.17285528361515,33.04694401023053,33.046944008735004,0.7848216705276911,20.999999999999996,2.4417090571660083e-09
239.95000000000002,-48.39012448365672,15.410839191151284,-107.15745590464847,33.04694401012372,33.04694400865138,0.7848216706460249,20.999999999999993,2.404050292170723e-09
240.0,-48.655623260924365,14.55089128617716,-106.14205652568594,33.04694401001854,33.04694400856906,0.7848216707625184,20.999999999999996,2.3666757442697417e-09
240.05,-48.90584109379562,13.686373480627031,-105.12665714672748,33.04694400991501,33.04694400848801,0.7848216708772071,20.999999999999996,2.3298696305573685e-09
240.10000000000002,-49.14069939803845,12.817557287794402,-104.11125776777304,33.04694400981308,33.04694400840819,0.7848216709901195,21.000000000000007,2.2937740595807554e-09
240.15,-49.360124413284666,11.944715570938364,-103.09585838882256,33.04694400971273,33.046944008329646,0.7848216711012839,21.0,2.2582469227927504e-09
240.20000000000002,-49.564047226195385,11.068122457587261,-102.08045900987597,33.04694400961394,33.046944008252304,0.7848216712107217,20.999999999999996,2.2232882201933535e-09
240.25,-49.752403792104154,10.188053253445306,-101.06505963093319,33.04694400951668,33.046944008176155,0.7848216713184613,20.999999999999996,2.1887558432354126e-09
240.3,-49.925134955131035,9.304784355929163,-100.0496602519942,33.046944009420926,33.04694400810121,0.7848216714245311,21.0,2.15479190046608e-09
240.35000000000002,-50.0821864667613,8.41859316736168,-99.03426087305891,33.04694400932666,33.04694400802741,0.7848216715289595,20.999999999999996,2.121396391885355e-09
240.4,-50.223509002882885,7.529758007849994,-98.01886149412728,33.046944009233854,33.04694400795475,0.7848216716317609,20.999999999999996,2.0885693174932385e-09
240.45000000000002,-50.3490581792773,6.638558027875417,-97.00346211519926,33.04694400914249,33.04694400788324,0.7848216717329777,20.999999999999993,2.056026460195426e-09
240.5,-50.45879456555906,5.745273120622518,-95.98806273627476,33.046944009052545,33.04694400781281,0.7848216718326171,20.999999999999996,2.0243362541805254e-09
240.55,-50.55268369755934,4.85018383407495,-94.97266335735375,33.046944008964,33.04694400774348,0.7848216719307146,20.999999999999996,1.992788156712777e-09
240.60000000000002,-50.63069608814989,3.953571282905635,-93.95726397843619,33.046944008876814,33.04694400767523,0.7848216720272916,21.0,1.9619506019807886e-09
240.65,-50.692807236503874,3.0557170601889685,-92.941864599522,33.04694400879099,33.046944007608055,0.7848216721223622,20.999999999999996,1.9315393728902563e-09
240.70000000000002,-50.73899763579067,2.1569031489627752,-91.92646522061114,33.04694400870649,33.04694400754189,0.7848216722159691,21.000000000000007,1.901412360894028e-09
240.75,-50.76925277930224,1.2574118336677946,-90.91106584170355,33.046944008623306,33.04694400747677,0.7848216723081194,20.999999999999996,1.872138000180712e-09
240.8,-50.783563165009184,0.35752561149250284,-89.89566646279918,33.046944008541416,33.046944007412655,0.7848216723988415,20.999999999999996,1.8430057480145479e-09
240.85000000000002,-50.78192429854494,-0.5424728963488783,-88.880267083898,33.046944008460784,33.04694400734953,0.7848216724881567,20.999999999999996,1.8144419300369918e-09
240.9,-50.764336694617334,-1.4423010333773254,-87.86486770499995,33.04694400838141,33.046944007287415,0.7848216725760793,20.999999999999996,1.7863044377008919e-09
240.95000000000002,-50.7308058768469,-2.3416761966210333,-86.84946832610497,33.04694400830327,33.046944007226244,0.7848216726626447,20.999999999999996,1.758451162459096e-09
241.0,-50.68134237603214,-3.2403159253706297,-85.83406894721303,33.04694400822634,33.046944007166005,0.7848216727478672,21.0,1.7313084299530601e-09
241.05,-50.615961726842166,-4.137937989889711,-84.81866956832405,33.046944008150604,33.0469440071067,0.7848216728317681,20.999999999999993,1.7044499145413283e-09
241.10000000000002,-50.53468446293784,-5.034260480052836,-83.80327018943802,33.04694400807604,33.04694400704833,0.7848216729143687,21.0,1.6780177247710526e-09
241.15,-50.437536110522906,-5.9290018938831475,-82.78787081055488,33.04694400800263,33.04694400699087,0.7848216729956832,21.0,1.652011860642233e-09
241.20000000000002,-50.32454718032715,-6.821881225961799,-81.77247143167457,33.046944007930364,33.04694400693429,0.78482167307574,21.0,1.6262902136077173e-09
241.25,-50.19575315802409,-7.712618055681441,-80.75707205279708,33.04694400785922,33.0469440068786,0.7848216731545534,21.0,1.6011370007618098e-09
241.3,-50.05119449308623,-8.600932635316035,-79.74167267392235,33.04694400778917,33.04694400682377,0.7848216732321447,21.0,1.5762680050102063e-09
241.35000000000002,-49.890916586081374,-9.486545977879336,-78.72627329505032,33.04694400772022,33.04694400676978,0.7848216733085351,20.999999999999993,1.5518253349000588e-09
241.4,-49.71496977441398,-10.369179944744468,-77.71087391618097,33.046944007652336,33.04694400671663,0.784821673383739,21.0,1.5278089904313674e-09
241.45000000000002,-49.52340931651601,-11.248557332997043,-76.69547453731425,33.046944007585495,33.04694400666429,0.7848216734577704,21.000000000000007,1.50407686305698e-09
241.5,-49.316295374492306,-12.124401962494423,-75.68007515845012,33.0469440075197,33.04694400661278,0.784821673530665,21.0,1.4806289527768968e-09
241.55,-49.093692995225865,-12.996438762603752,-74.66467577958855,33.04694400745492,33.046944006562086,0.7848216736024227,20.999999999999996,1.4578915852325736e-09
241.60000000000002,-48.85567208994901,-13.86439385859155,-73.64927640072949,33.04694400739114,33.04694400651217,0.7848216736730649,20.999999999999996,1.4351542176882504e-09
241.65,-48.60230741228685,-14.7279946576377,-72.6338770218729,33.04694400732836,33.046944006463,0.7848216737426128,21.0,1.4128431757853832e-09
241.70000000000002,-48.33367853477989,-15.586969934446847,-71.61847764301875,33.046944007266546,33.04694400641461,0.7848216738110878,20.999999999999996,1.3909584595239721e-09
241.75,-48.04986982389324,-16.441049916430302,-70.603078264167,33.046944007205695,33.04694400636696,0.784821673878497,20.999999999999996,1.369500068904017e-09
241.8,-47.750970413520186,-17.2899663684317,-69.58767888531759,33.04694400714578,33.046944006320075,0.7848216739448546,21.0,1.348183786831214e-09
241.85000000000002,-47.437074176988524,-18.133452676969817,-68.57227950647051,33.04694400708681,33.0469440062739,0.784821674010189,21.0,1.3271517218527151e-09
241.9,-47.10827969757839,-18.971243933972072,-67.55688012762572,33.04694400702874,33.04694400622843,0.7848216740745144,20.999999999999996,1.3066880910628242e-09
241.95000000000002,-46.76469023756086,-19.803077019972424,-66.54148074878319,33.04694400697157,33.046944006183686,0.784821674137838,21.0,1.2865086773672374e-09
242.0,-46.40641370576709,-20.628690686747525,-65.52608136994287,33.0469440069153,33.04694400613964,0.7848216742001739,20.999999999999996,1.2664713722188026e-09
242.05,-46.033562623698096,-21.44782563936521,-64.51068199110473,33.04694400685989,33.04694400609626,0.7848216742615506,21.000000000000007,1.2467182841646718e-09
242.10000000000002,-45.64625409018587,-22.260224617619496,-63.495282612268724,33.04694400680535,33.04694400605356,0.7848216743219751,20.999999999999996,1.227533630299149e-09
242.15,-45.244609744616966,-23.065632476826572,-62.479883233434855,33.046944006751644,33.046944006011515,0.7848216743814618,21.0,1.2084910849807784e-09
242.20000000000002,-44.82875572873002,-23.863796267956378,-61.46448385460307,33.04694400669878,33.046944005970154,0.7848216744400247,21.0,1.1897327567567118e-09
242.25,-44.39882264699927,-24.654465317074592,-60.44908447577332,33.04694400664673,33.0469440059294,0.7848216744976781,20.999999999999996,1.1712586456269491e-09
242.3,-43.95494552561648,-25.437391304070125,-59.4336850969456,33.046944006595496,33.04694400588927,0.7848216745544434,21.0,1.1530687515914906e-09
242.35000000000002,-43.49726377008417,-26.21232834064333,-58.418285718119876,33.04694400654505,33.04694400584981,0.7848216746103205,20.999999999999993,1.135305183197488e-09
242.4,-43.02592112143347,-26.979033047530507,-57.40288633929608,33.04694400649539,33.046944005810914,0.7848216746653378,21.0,1.1175416148034856e-09
242.45000000000002,-42.541065611080356,-27.737264630940366,-56.38748696047422,33.046944006446495,33.04694400577264,0.7848216747194954,21.000000000000007,1.1003464805980911e-09
242.5,-42.04284951433439,-28.48678495817854,-55.37208758165424,33.04694400639836,33.046944005734964,0.7848216747728145,21.0,1.0831513463926967e-09
242.55,-41.531429302574665,-29.2273586324363,-54.356688202836146,33.04694400635098,33.04694400569787,0.7848216748253094,20.999999999999996,1.0663825378287584e-09
242.60000000000002,-41.006965594107875,-29.958753066720057,-53.341288824019884,33.04694400630432,33.046944005661345,0.7848216748769872,21.0,1.049897946359124e-09
242.65,-40.469623103724,-30.680738556898394,-52.325889445205426,33.0469440062584,33.04694400562537,0.784821674927862,21.000000000000007,1.0335554634366417e-09
242.70000000000002,-39.91957059096545,-31.393088353843694,-51.310490066392745,33.04694400621318,33.04694400558998,0.7848216749779482,20.999999999999996,1.0174971976084635e-09
242.75,-39.3569808071259,-32.09557873464571,-50.295090687581826,33.046944006168665,33.046944005555126,0.7848216750272599,21.0,1.0017231488745892e-09
242.8,-38.78203044099543,-32.787989072874744,-49.27969130877264,33.046944006124846,33.046944005520814,0.7848216750758112,20.999999999999993,9.86233317235019e-10
242.85000000000002,-38.19490006336907,-33.47010190787225,-48.264291929965125,33.0469440060817,33.04694400548703,0.7848216751236023,21.000000000000007,9.71027702689753e-10
242.9,-37.59577407033616,-34.141703013047284,-47.248892551159294,33.04694400603922,33.046944005453774,0.7848216751706545,21.000000000000007,9.558220881444868e-10
242.95000000000002,-36.98484062536831,-34.80258146315722,-46.23349317235512,33.0469440059974,33.046944005421025,0.7848216752169819,20.999999999999993,9.410427992406767e-10
243.0,-36.36229160022412,-35.452529700551565,-45.21809379355257,33.046944005956234,33.046944005388816,0.7848216752625845,20.999999999999996,9.265477274311706e-10
243.05,-35.728322514689374,-36.09134360035826,-44.202694414751626,33.0469440059157,33.04694400535709,0.7848216753074837,20.999999999999996,9.120526556216646e-10
243.10000000000002,-35.08313247517141,-36.71882253459176,-43.187295035952225,33.046944005875794,33.04694400532585,0.7848216753516866,20.999999999999996,8.979839094536146e-10
243.15,-34.42692411216712,-37.33476943516293,-42.17189565715439,33.046944005836515,33.0469440052951,0.7848216753952002,21.0,8.840572718327167e-10
243.20000000000002,-33.75990351662416,-37.93899085577091,-41.15649627835807,33.04694400579784,33.04694400526482,0.7848216754380388,21.0,8.702727427589707e-10
243.25,-33.08228017521536,-38.53129703265746,-40.14109689956326,33.04694400575977,33.04694400523501,0.7848216754802166,20.999999999999993,8.567724307795288e-10
243.3,-32.39426690454661,-39.11150194420483,-39.12569752076992,33.04694400572228,33.04694400520568,0.7848216755217337,21.0,8.435563358943909e-10
243.35000000000002,-31.69607978431904,-39.67942336935828,-38.11029814197803,33.04694400568538,33.046944005176776,0.7848216755626112,20.999999999999996,8.303402410092531e-10
243.4,-30.98793808946627,-40.234882944855045,-37.094898763187565,33.04694400564905,33.04694400514833,0.7848216756028563,21.0,8.175504717655713e-10
243.45000000000002,-30.270064221288237,-40.77770622124167,-36.0794993843985,33.046944005613284,33.046944005120324,0.7848216756424762,21.0,8.049028110690415e-10
243.5,-29.54268363760311,-41.307722717662195,-35.06410000561084,33.04694400557808,33.04694400509277,0.784821675681485,20.999999999999996,7.923972589196637e-10
243.55,-28.806024781939257,-41.824765975399906,-34.04870062682455,33.04694400554341,33.046944005065626,0.7848216757198827,21.0,7.8017592386459e-10
243.60000000000002,-28.060319011789534,-42.328673610155924,-33.033301248039585,33.04694400550928,33.0469440050389,0.7848216757576836,20.999999999999996,7.679545888095163e-10
243.65,-27.305800525950385,-42.819287363048154,-32.01790186925594,33.04694400547568,33.046944005012584,0.7848216757949018,21.0,7.560174708487466e-10
243.70000000000002,-26.54270629096861,-43.29645315031457,-31.002502490473617,33.046944005442604,33.0469440049867,0.7848216758315374,20.999999999999996,7.44364569982281e-10
243.75,-25.771275966718868,-43.76002111170528,-29.98710311169257,33.04694400541004,33.046944004961205,0.7848216758676116,21.0,7.327116691158153e-10
243.8,-24.99175183113531,-44.20984565754811,-28.971703732912793,33.04694400537798,33.04694400493611,0.7848216759031317,21.0,7.214850938908057e-10
243.85000000000002,-24.204378704120984,-44.64578551447299,-27.956304354134264,33.04694400534642,33.046944004911396,0.7848216759380975,21.0,7.104006272129482e-10
243.9,-23.409403870658895,-45.06770376978073,-26.940904975356954,33.046944005315346,33.04694400488708,0.7848216759725162,21.000000000000007,6.993161605350906e-10
243.95000000000002,-22.607077003148866,-45.475467914442255,-25.92550559658084,33.04694400528476,33.046944004863136,0.784821676006402,20.999999999999996,6.883738024043851e-10
244.0,-21.797650082994615,-45.86894988471485,-24.910106217805925,33.04694400525464,33.04694400483955,0.7848216760397619,21.000000000000007,6.777156613679836e-10
244.05,-20.981377321465644,-46.24802610236226,-23.894706839032178,33.046944005224994,33.04694400481636,0.7848216760726032,20.999999999999996,6.671996288787341e-10
244.10000000000002,-20.158515079858812,-46.61257751346607,-22.87930746025958,33.0469440051958,33.0469440047935,0.78482167610494,21.0,6.568257049366366e-10
244.15,-19.32932178898468,-46.96248962581619,-21.8639080814881,33.04694400516707,33.04694400477101,0.7848216761367723,20.999999999999996,6.467359980888432e-10
244.20000000000002,-18.494057868003864,-47.29765254486863,-20.848508702717734,33.046944005138776,33.04694400474886,0.7848216761681073,20.999999999999996,6.366462912410498e-10
244.25,-17.652985642638967,-47.61796100825937,-19.833109323948467,33.04694400511093,33.046944004727045,0.784821676198959,21.000000000000007,6.266986929404084e-10
244.3,-16.806369262787676,-47.92331441886337,-18.81770994518027,33.04694400508351,33.04694400470559,0.7848216762293276,20.999999999999996,6.17035311734071e-10
244.35000000000002,-15.954474619563001,-48.21361687638845,-17.802310566413137,33.04694400505651,33.04694400468444,0.7848216762592273,21.0,6.073719305277336e-10
244.4,-15.097569261786628,-48.48877720749405,-16.786911187647075,33.046944005029935,33.04694400466366,0.7848216762886651,20.999999999999996,5.979927664157003e-10
244.45000000000002,-14.235922311961666,-48.74870899442543,-15.771511808882032,33.04694400500377,33.04694400464316,0.7848216763176481,20.999999999999996,5.88755710850819e-10
244.5,-13.369804381751152,-48.993330602154295,-14.756112430118005,33.046944004978016,33.04694400462301,0.7848216763461764,20.999999999999996,5.796607638330897e-10
244.55,-12.499487486988864,-49.22256520401738,-13.740713051354971,33.04694400495266,33.046944004603155,0.7848216763742641,20.999999999999996,5.705658168153604e-10
244.60000000000002,-11.625244962249138,-49.43634080584488,-12.72531367259293,33.046944004927695,33.04694400458361,0.7848216764019185,21.0,5.617550868919352e-10
244.65,-10.747351375002518,-49.63459026857116,-11.709914293831854,33.04694400490311,33.04694400456437,0.7848216764291465,21.000000000000007,5.53086465515662e-10
244.70000000000002,-9.866082439384193,-49.8172513293207,-10.694514915071721,33.04694400487892,33.046944004545416,0.7848216764559481,20.999999999999996,5.445599526865408e-10
244.75,-8.981714929602319,-49.98426662096253,-9.67911553631253,33.04694400485509,33.04694400452677,0.7848216764823377,20.999999999999996,5.360334398574196e-10
244.8,-8.094526593013398,-50.13558369012719,-8.663716157554253,33.04694400483164,33.04694400450841,0.7848216765083151,21.000000000000007,5.277911441226024e-10
244.85000000000002,-7.204796062892038,-50.27115501368038,-7.648316778796894,33.04694400480855,33.04694400449035,0.7848216765338876,21.0,5.195488483877853e-10
244.9,-6.312802770922472,-50.390938013648224,-6.632917400040425,33.04694400478582,33.046944004472536,0.7848216765590692,21.0,5.114486612001201e-10
244.95000000000002,-5.41882685943933,-50.49489507058947,-5.617518021284846,33.04694400476344,33.046944004455014,0.78482167658386,21.0,5.03632691106759e-10
245.0,-4.523149093445218,-50.58299353541036,-4.602118642530132,33.04694400474141,33.046944004437776,0.7848216766082601,20.999999999999996,4.958167210133979e-10
245.05,-3.6260507724327438,-50.655205739618516,-3.586719263776284,33.04694400471972,33.0469440044208,0.7848216766322906,21.0,4.880007509200368e-10
245.10000000000002,-2.727813642038676,-50.7115090040126,-2.571319885023275,33.04694400469837,33.04694400440409,0.7848216766559375,20.999999999999993,4.806111064681318e-10
245.15,-1.8287198055579847,-50.751885645805004,-1.5559205062710804,33.04694400467735,33.04694400438764,0.784821676679222,21.0,4.729372449219227e-10
245.20000000000002,-0.9290516353455607,-50.776322984175394,-0.5405211275196999,33.04694400465666,33.04694400437143,0.7848216767021512,20.999999999999996,4.656897090171697e-10
245.25,-0.029091684133425666,-50.78481334425325,0.47487825123086624,33.04694400463628,33.046944004355474,0.784821676724718,20.999999999999993,4.5858428165956866e-10
245.3,0.8708774037087024,-50.7773540595283,1.4902776299806437,33.04694400461623,33.04694400433978,0.7848216767469367,20.999999999999996,4.5133674575481564e-10
245.35000000000002,1.7705729809416266,-50.75394747268794,2.505677008729658,33.04694400459648,33.046944004324324,0.7848216767688072,20.999999999999993,4.4437342694436666e-10
245.4,2.6697124862257886,-50.71460093488151,3.5210763874779083,33.04694400457704,33.04694400430909,0.7848216767903438,20.999999999999996,4.374101081339177e-10
245.45000000000002,3.5680135328634073,-50.659326803411545,4.536475766225396,33.0469440045579,33.04694400429411,0.7848216768115464,20.999999999999996,4.3073100641777273e-10
245.5,4.4651939974857715,-50.58814243785282,5.551875144972145,33.04694400453906,33.046944004279354,0.7848216768324221,20.999999999999993,4.240519047016278e-10
245.55,5.360972108657828,-50.50107019460031,6.567274523718157,33.04694400452051,33.04694400426482,0.7848216768529639,20.999999999999996,4.1751491153263487e-10
245.60000000000002,6.255066535372241,-50.39813741984793,7.582673902463457,33.04694400450225,33.04694400425055,0.784821676873193,20.999999999999993,4.1083580981648993e-10
245.65,7.147196475405132,-50.27937644100003,8.598073281208043,33.046944004484274,33.046944004236465,0.7848216768931096,20.999999999999996,4.0458303374180105e-10
245.70000000000002,8.037081743505743,-50.1448245565186,9.613472659951944,33.04694400446657,33.04694400422259,0.7848216769127205,21.0,3.9833025766711216e-10
245.75,8.924442859392334,-49.99452402420915,10.628872038695155,33.04694400444914,33.04694400420895,0.7848216769320189,20.999999999999996,3.922195901395753e-10
245.8,9.809001135526678,-49.828522047949114,11.64427141743768,33.046944004431985,33.046944004195524,0.7848216769510259,21.0,3.859668140648864e-10
245.85000000000002,10.69047876463958,-49.64687076286284,12.659670796179546,33.046944004415096,33.04694400418229,0.7848216769697345,21.0,3.801403636316536e-10
245.9,11.568598906979942,-49.449627218947846,13.675070174920748,33.04694400439847,33.04694400416929,0.7848216769881446,21.000000000000007,3.7417180465126876e-10
245.95000000000002,12.44308577725995,-49.23685336315754,14.690469553661314,33.0469440043821,33.04694400415646,0.7848216770062848,20.999999999999996,3.682032456708839e-10
246.0,13.313664731269123,-49.00861601994593,15.705868932401245,33.04694400436598,33.04694400414383,0.7848216770241336,20.999999999999993,3.6280312087910715e-10
246.05,14.180062352129955,-48.764986870280524,16.72126831114054,33.04694400435012,33.04694400413141,0.7848216770417054,21.0,3.5697667044587433e-10
246.10000000000002,15.042006536168127,-48.50604242912998,17.736667689879223,33.04694400433449,33.046944004119204,0.7848216770590071,20.999999999999996,3.5143443710694555e-10
246.15,15.899226578370277,-48.23186402143355,18.752067068617297,33.046944004319116,33.046944004107175,0.7848216770760388,20.999999999999996,3.460343123151688e-10
246.20000000000002,16.751453257402492,-47.942537756559936,19.767466447354785,33.04694400430398,33.046944004095316,0.7848216770928076,20.999999999999996,3.4063418752339203e-10
246.25,17.59841892016286,-47.63815450126344,20.782865826091687,33.046944004289074,33.04694400408364,0.7848216771093206,20.999999999999996,3.353761712787673e-10
246.3,18.439857565841464,-47.31880985114611,21.798265204828002,33.0469440042744,33.04694400407216,0.7848216771255707,20.999999999999996,3.3026026358129457e-10
246.35000000000002,19.275504929461473,-46.984604100634655,22.81366458356376,33.046944004259956,33.04694400406085,0.7848216771415721,20.999999999999996,3.250022473366698e-10
246.4,20.10509856487507,-46.635642211481624,23.82906396229896,33.04694400424573,33.04694400404973,0.7848216771573249,21.0,3.200284481863491e-10
246.45000000000002,20.928377927188144,-46.272033779800815,24.844463341033595,33.04694400423173,33.04694400403877,0.7848216771728289,21.0,3.150546490360284e-10
246.5,21.74508445458787,-45.89389300164713,25.8598627197677,33.04694400421795,33.046944004027964,0.7848216771880985,20.999999999999996,3.100808498857077e-10
246.55,22.554961649547494,-45.5013386371518,26.87526209850127,33.04694400420438,33.04694400401735,0.7848216772031336,21.000000000000007,3.0539126782969106e-10
246.60000000000002,23.357755159382762,-45.09449397322418,27.890661477234303,33.04694400419102,33.046944004006896,0.7848216772179271,21.0,3.007016857736744e-10
246.65,24.153212856134775,-44.673486784831894,28.90606085596683,33.04694400417787,33.046944003996586,0.7848216772325003,21.0,2.958699951705057e-10
246.70000000000002,24.941084915754118,-44.238449294871344,29.92146023469885,33.04694400416492,33.04694400398645,0.784821677246839,20.999999999999996,2.914646302087931e-10
246.75,25.72112389656142,-43.78951813264142,30.936859613430357,33.046944004152174,33.04694400397646,0.7848216772609575,21.0,2.8677504815277644e-10
246.8,26.493084816959687,-43.32683429093322,31.952258992161383,33.04694400413962,33.046944003966644,0.7848216772748629,21.0,2.823696831910638e-10
246.85000000000002,27.25672523237404,-42.85054308174939,32.9676583708919,33.04694400412727,33.04694400395696,0.7848216772885479,21.000000000000007,2.781064267765032e-10
246.9,28.01180531139465,-42.36079409066699,33.983057749621956,33.046944004115105,33.046944003947445,0.7848216773020198,20.999999999999993,2.737010618147906e-10
246.95000000000002,28.75808791109896,-41.85774112985812,34.99845712835153,33.046944004103125,33.046944003938066,0.7848216773152856,21.000000000000007,2.6943780540023e-10
247.0,29.495338651529593,-41.34154218978318,36.01385650708065,33.04694400409134,33.04694400392884,0.7848216773283383,20.999999999999996,2.653166575328214e-10
247.05,30.223325989304463,-40.8123593895719,37.029255885809306,33.046944004079734,33.04694400391975,0.7848216773411991,20.999999999999996,2.610534011182608e-10
247.10000000000002,30.94182129033607,-40.27035892610762,38.044655264537504,33.04694400406831,33.0469440039108,0.7848216773538539,21.0,2.5721647034515627e-10
247.15,31.650598901637057,-39.71571102183098,39.060054643265275,33.04694400405705,33.046944003902,0.7848216773663168,21.0,2.530953224777477e-10
247.20000000000002,32.34943622218953,-39.14858987127931,40.075454021992606,33.046944004045976,33.04694400389333,0.7848216773785808,21.000000000000007,2.4925839170464315e-10
247.25,33.038113772855866,-38.56917358637853,41.09085340071951,33.046944004035076,33.04694400388481,0.7848216773906529,20.999999999999996,2.452793523843866e-10
247.3,33.71641526530904,-37.9776441405047,42.10625277944598,33.04694400402435,33.04694400387639,0.7848216774025474,20.999999999999996,2.4144242161128204e-10
247.35000000000002,34.384127669960854,-37.374187311332896,43.12165215817205,33.04694400401378,33.04694400386812,0.78482167741425,21.0,2.3788970793248154e-10
247.4,35.04104128286671,-36.75899262249125,44.1370515368977,33.04694400400337,33.04694400385998,0.784821677425775,21.0,2.34052777159377e-10
247.45000000000002,35.68694979158591,-36.13225328403854,45.15245091562295,33.04694400399313,33.04694400385195,0.7848216774371224,20.999999999999996,2.305000634805765e-10
247.5,36.32165033997682,-35.49416613178402,46.167850294347794,33.04694400398305,33.04694400384406,0.7848216774482921,20.999999999999996,2.26947349801776e-10
247.55,36.94494359190653,-34.84493156546851,47.183249673072254,33.04694400397312,33.04694400383628,0.7848216774592913,20.999999999999996,2.233946361229755e-10
247.60000000000002,37.55663379385501,-34.184753485826185,48.19864905179633,33.04694400396334,33.046944003828635,0.7848216774701129,20.999999999999996,2.1998403099132702e-10
247.65,38.15652883639414,-33.51383923054688,49.21404843052,33.04694400395372,33.04694400382113,0.7848216774807639,21.0,2.1643131731252652e-10
247.70000000000002,38.744440314522144,-32.83239950915889,50.22944780924335,33.04694400394425,33.046944003813685,0.7848216774912586,20.999999999999996,2.1302071218087804e-10
247.75,39.32018358683478,-32.14064833685288,51.24484718796628,33.04694400393492,33.046944003806416,0.7848216775015828,21.0,2.098943241435336e-10
247.8,39.883577833514344,-31.43880296726755,52.260246566688856,33.04694400392574,33.046944003799226,0.7848216775117507,20.999999999999996,2.0648371901188511e-10
247.85000000000002,40.43444611311858,-30.727083824258266,53.27564594541108,33.0469440039167,33.046944003792156,0.7848216775217622,20.999999999999996,2.0335733097454067e-10
247.9,40.97261541815148,-30.00571443267001,54.29104532413294,33.046944003907804,33.046944003785214,0.7848216775316175,21.0,2.0023094293719623e-10
247.95000000000002,41.49791672939856,-29.274921348136434,55.3064447028545,33.04694400389904,33.04694400377835,0.7848216775413235,21.000000000000007,1.971045548998518e-10
248.0,42.01018506900963,-28.534934085927063,56.321844081575705,33.046944003890424,33.04694400377159,0.7848216775508803,20.999999999999996,1.9412027540965937e-10
248.05,42.50925955231224,-27.785985048864973,57.33724346029655,33.04694400388194,33.046944003764956,0.7848216775602808,21.0,1.9113599591946695e-10
248.10000000000002,42.994983438339666,-27.028309454337595,58.35264283901709,33.04694400387358,33.04694400375841,0.7848216775695391,21.000000000000007,1.880096078821225e-10
248.15,43.467204179057504,-26.262145260423587,59.368042217737276,33.046944003865356,33.04694400375199,0.7848216775786554,21.000000000000007,1.851674369390821e-10
248.20000000000002,43.925773467273366,-25.487733091158926,60.38344159645716,33.046944003857256,33.04694400374566,0.7848216775876296,20.999999999999996,1.823252659960417e-10
248.25,44.37054728321476,-24.70531616096574,61.39884097517673,33.04694400384928,33.046944003739405,0.7848216775964687,21.0,1.794830950530013e-10
248.3,44.8013859397604,-23.91514019826759,62.414240353896005,33.04694400384144,33.046944003733266,0.7848216776051657,20.999999999999996,1.7678303265711293e-10
248.35000000000002,45.21815412631079,-23.117453368315196,63.429639732614966,33.04694400383371,33.04694400372722,0.7848216776137278,21.0,1.7394086171407253e-10
248.4,45.620720951284326,-22.312506195246847,64.44503911133363,33.0469440038261,33.046944003721265,0.7848216776221619,20.999999999999996,1.7124079931818414e-10
248.45000000000002,46.00895998322553,-21.500551483407968,65.46043849005198,33.046944003818616,33.0469440037154,0.7848216776304611,20.999999999999993,1.6868284546944778e-10
248.5,46.38274929051253,-20.68184423795456,66.47583786877007,33.04694400381124,33.046944003709626,0.7848216776386323,21.0,1.659827830735594e-10
248.55,46.7419714796513,-19.85664158476545,67.49123724748787,33.046944003803986,33.04694400370394,0.7848216776466757,21.0,1.6342482922482304e-10
248.60000000000002,47.086513732144645,-19.02520268968848,68.5066366262054,33.04694400379684,33.04694400369833,0.7848216776545982,20.999999999999996,1.6086687537608668e-10
248.65,47.416267839924366,-18.18778867714606,69.52203600492264,33.046944003789804,33.046944003692815,0.7848216776623929,20.999999999999996,1.5845103007450234e-10
248.70000000000002,47.73113023933541,-17.34466254812554,70.53743538363962,33.046944003782876,33.04694400368739,0.7848216776700667,21.0,1.5589307622576598e-10
248.75,48.031002043661424,-16.4960890975803,71.5528347623563,33.046944003776055,33.04694400368207,0.7848216776776269,20.999999999999996,1.5347723092418164e-10
248.8,48.31578907418145,-15.642334831267338,72.56823414107272,33.04694400376935,33.04694400367681,0.7848216776850663,21.0,1.5120349416974932e-10
248.85000000000002,48.585401889748,-14.78366788204763,73.58363351978889,33.04694400376274,33.04694400367164,0.784821677692392,21.0,1.4878764886816498e-10
248.9,48.839755814877215,-13.920357925675436,74.59903289850479,33.04694400375623,33.046944003666546,0.784821677699604,21.000000000000007,1.4651391211373266e-10
248.95000000000002,49.078770966342354,-13.052676096103042,75.61443227722044,33.04694400374982,33.04694400366152,0.7848216777067094,20.999999999999993,1.4424017535930034e-10
249.0,49.30237227826216,-12.180894900327553,76.62983165593586,33.04694400374352,33.0469440036566,0.7848216777137011,21.0,1.4210854715202004e-10
249.05,49.51048952567631,-11.30528813280645,77.64523103465105,33.04694400373731,33.04694400365173,0.7848216777205792,21.0,1.3983481039758772e-10
249.10000000000002,49.70305734660049,-10.4261307894688,78.660630413366,33.0469440037312,33.04694400364693,0.7848216777273507,21.0,1.375610736431554e-10
249.15,49.88001526255419,-9.543698981349145,79.67602979208068,33.04694400372518,33.04694400364222,0.7848216777340227,20.999999999999996,1.354294454358751e-10
249.20000000000002,50.041307697554785,-8.658269847871157,80.69142917079512,33.046944003719254,33.0469440036376,0.7848216777405881,20.999999999999996,1.3343992577574681e-10
249.25,50.1868839955719,-7.770121469808329,81.70682854950935,33.04694400371342,33.04694400363301,0.784821677747054,21.0,1.3130829756846651e-10
249.3,50.31669843643661,-6.87953278194901,82.72222792822338,33.04694400370768,33.0469440036285,0.7848216777534205,20.999999999999993,1.2931877790833823e-10
249.35000000000002,50.43071025020048,-5.9867834854932385,83.73762730693716,33.04694400370202,33.046944003624084,0.7848216777596875,20.999999999999996,1.2732925824820995e-10
249.4,50.52888362993987,-5.092153960208864,84.75302668565072,33.04694400369645,33.04694400361972,0.7848216777658479,21.0,1.2533973858808167e-10
249.45000000000002,50.611187743001636,-4.19592517637456,85.76842606436409,33.046944003690975,33.046944003615415,0.784821677771923,20.999999999999993,1.2320811038080137e-10
249.5,50.677596740686475,-3.2983786065373764,86.78382544307725,33.046944003685574,33.04694400361116,0.7848216777778987,20.999999999999996,1.2150280781497713e-10
249.55,50.728089766367084,-2.399796137112551,87.79922482179016,33.04694400368026,33.04694400360702,0.784821677783782,21.0,1.1951328815484885e-10
249.60000000000002,50.76265096203846,-1.5004599798533396,88.81462420050286,33.04694400367503,33.04694400360294,0.7848216777895658,21.0,1.176658770418726e-10
249.65,50.781269473298295,-0.6006525832186669,89.83002357921536,33.04694400366988,33.04694400359891,0.7848216777952715,20.999999999999996,1.1567635738174431e-10
249.70000000000002,50.78393945275598,0.2993434563335611,90.84542295792767,33.046944003664805,33.04694400359496,0.7848216778008918,21.0,1.1411316336307209e-10
249.75,50.770660061869016,1.199245483099626,91.86082233663981,33.046944003659824,33.04694400359103,0.7848216778064128,21.0,1.1240786079724785e-10
249.8,50.7414354712064,2.098770870901773,92.87622171535175,33.04694400365491,33.04694400358718,0.7848216778118555,20.999999999999993,1.1041834113711957e-10
249.85000000000002,50.696274859138796,2.9976371118507137,93.8916210940635,33.04694400365007,33.04694400358338,0.784821677817213,20.999999999999996,1.0885514711844735e-10
249.9,50.63519240895593,3.8955619050709798,94.90702047277503,33.04694400364531,33.04694400357967,0.7848216778224852,21.0,1.0714984455262311e-10
249.95000000000002,50.558207304412164,4.79226324536126,95.92241985148641,33.04694400364062,33.04694400357598,0.7848216778276793,21.0,1.0544454198679887e-10
250.0,50.46534372370156,5.687459511761878,96.93781923019759,33.046944003636,33.04694400357237,0.7848216778327881,21.0,1.0388134796812665e-10
250.05,50.356630831864415,6.58086955600159,97.95321860890861,33.04694400363145,33.046944003568804,0.7848216778378188,21.0,1.0217604540230241e-10
250.10000000000002,50.23210277162758,7.472212790795938,98.96861798761942,33.046944003626976,33.04694400356529,0.7848216778427783,21.0,1.0061285138363019e-10
250.15,50.09179865268149,8.361209277969404,99.98401736633011,33.04694400362257,33.04694400356184,0.7848216778476527,20.999999999999996,9.919176591210999e-11
250.20000000000002,49.93576253939725,9.247579816373715,100.99941674504056,33.04694400361823,33.04694400355846,0.7848216778524559,20.999999999999996,9.748646334628575e-11
250.25,49.764043436987635,10.13104602957467,102.01481612375088,33.046944003613966,33.04694400355512,0.784821677857181,21.0,9.606537787476555e-11
250.3,49.576695276116325,11.01133045327995,103.03021550246103,33.04694400360976,33.046944003551815,0.7848216778618351,21.0,9.450218385609332e-11
250.35000000000002,49.37377689596031,11.88815662248047,104.04561488117099,33.04694400360562,33.0469440035486,0.784821677866411,21.0,9.308109838457312e-11
250.4,49.155352025730636,12.761249158277877,105.0610142598808,33.046944003601546,33.04694400354542,0.7848216778709229,20.999999999999996,9.15179043659009e-11
250.45000000000002,48.921489264657396,13.630333854370956,106.07641363859045,33.04694400359754,33.04694400354228,0.7848216778753638,21.000000000000007,9.023892744153272e-11
250.5,48.67226206044525,14.495137763173753,107.09181301729996,33.04694400359359,33.046944003539195,0.7848216778797408,21.0,8.881784197001252e-11
250.55,48.40774868620619,15.355389281538391,108.1072123960093,33.0469440035897,33.046944003536154,0.7848216778840467,21.0,8.753886504564434e-11
250.60000000000002,48.12803221587682,16.210818236055644,109.1226117747185,33.04694400358588,33.046944003533184,0.7848216778882815,20.999999999999996,8.611777957412414e-11
250.65,47.83320049812791,17.061155967906483,110.13801115342753,33.04694400358211,33.04694400353024,0.7848216778924524,21.0,8.469669410260394e-11
250.70000000000002,47.52334612877432,17.90613541723794,111.15341053213648,33.04694400357841,33.04694400352732,0.7848216778965593,21.0,8.341771717823576e-11
250.75,47.19856642169409,18.745491207036807,112.16880991084525,33.04694400357476,33.046944003524466,0.7848216779006023,21.0,8.213874025386758e-11
250.8,46.85896337826569,19.578959726474803,113.18420928955389,33.04694400357117,33.04694400352164,0.7848216779045885,21.0,8.08597633294994e-11
250.85000000000002,46.50464365533316,20.406279213699065,114.19960866826237,33.04694400356763,33.04694400351888,0.7848216779085035,20.999999999999996,7.972289495228324e-11
250.9,46.13571853170911,21.22718983804192,115.2150080469707,33.04694400356415,33.04694400351615,0.7848216779123618,20.999999999999996,7.830180948076304e-11
250.95000000000002,45.752303873226104,22.04143378162416,116.23040742567893,33.046944003560725,33.046944003513474,0.7848216779161632,21.0,7.716494110354688e-11
251.0,45.3545200963475,22.848755320326177,117.245806804387,33.04694400355734,33.04694400351082,0.7848216779199007,20.999999999999996,7.602807272633072e-11
251.05,44.942492130349024,23.648900904101502,118.26120618309493,33.046944003554025,33.04694400350825,0.7848216779235813,20.999999999999996,7.474909580196254e-11
251.10000000000002,44.51634937808309,24.441619236607583,119.27660556180274,33.046944003550756,33.046944003505686,0.784821677927205,20.999999999999996,7.361222742474638e-11
251.15,44.07622567533813,25.226661354128716,120.29200494051047,33.04694400354754,33.04694400350316,0.784821677930772,21.0,7.247535904753022e-11
251.20000000000002,43.62225924880564,26.003780703766417,121.30740431921802,33.04694400354437,33.04694400350068,0.784821677934282,20.999999999999996,7.133849067031406e-11
251.25,43.154592672668315,26.772733220872638,122.3228036979255,33.04694400354124,33.046944003498226,0.7848216779377424,20.999999999999996,7.02016222930979e-11
251.3,42.67337282382269,27.533277405701494,123.33820307663285,33.04694400353817,33.046944003495796,0.7848216779411459,20.999999999999996,6.920686246303376e-11
251.35000000000002,42.178750835750506,28.285174399255478,124.35360245534005,33.046944003535145,33.04694400349344,0.7848216779444996,20.999999999999996,6.80699940858176e-11
251.4,41.67088205105326,29.028188058302295,125.36900183404717,33.04694400353217,33.04694400349108,0.7848216779478037,21.0,6.707523425575346e-11
251.45000000000002,41.14992597266477,29.762085029538778,126.38440121275413,33.046944003529234,33.046944003488804,0.7848216779510508,21.000000000000007,6.608047442568932e-11
251.5,40.616046213757166,30.48663482287859,127.39980059146097,33.04694400352635,33.046944003486544,0.7848216779542412,21.0,6.494360604847316e-11
251.55,40.06941044635603,31.201609883840696,128.41519997016772,33.0469440035235,33.04694400348432,0.784821677957396,21.0,6.3806737671257e-11
251.60000000000002,39.51019034868072,31.906785665015875,129.43059934887438,33.04694400352071,33.04694400348212,0.784821677960494,20.999999999999996,6.30961949354969e-11
251.65,38.938561551226606,32.6019406965888,130.44599872758093,33.04694400351795,33.04694400347996,0.7848216779635422,21.0,6.195932655828074e-11
251.70000000000002,38.35470358160591,33.28685665589359,131.46139810628736,33.046944003515236,33.046944003477826,0.7848216779665407,20.999999999999996,6.09645667282166e-11
251.75,37.75879980816475,33.96131843598093,132.4767974849937,33.046944003512564,33.046944003475716,0.7848216779694965,20.999999999999993,5.996980689815246e-11
251.8,37.15103738239383,34.62511421317527,133.49219686369995,33.04694400350993,33.04694400347364,0.7848216779724098,21.0,5.911715561524034e-11
251.85000000000002,36.53160718015104,35.27803551360087,134.5075962424061,33.046944003507335,33.046944003471594,0.7848216779752732,21.000000000000007,5.826450433232822e-11
251.9,35.90070374171436,35.91987727865576,135.52299562111213,33.046944003504784,33.046944003469584,0.7848216779780941,21.0,5.7269744502264075e-11
251.95000000000002,35.258525210683906,36.55043792941314,136.53839499981808,33.04694400350227,33.04694400346763,0.7848216779808652,20.999999999999996,5.6417093219351955e-11
252.0,34.60527327175231,37.16951942992993,137.5537943785239,33.046944003499796,33.046944003465676,0.7848216779836008,20.999999999999996,5.5422333389287814e-11
252.05,33.94115308736294,37.77692734944254,138.56919375722964,33.04694400349736,33.04694400346378,0.7848216779862938,20.999999999999996,5.4711790653527714e-11
252.10000000000002,33.26637323327594,38.37247092343048,139.58459313593528,33.04694400349496,33.04694400346189,0.7848216779889441,21.0,5.3859139370615594e-11
252.15,32.58114563306223,38.95596311352847,140.5999925146408,33.0469440034926,33.046944003460055,0.7848216779915518,20.999999999999993,5.3006488087703474e-11
252.20000000000002,31.88568549154607,39.52722066626832,141.6153918933462,33.04694400349028,33.04694400345824,0.7848216779941168,20.999999999999993,5.2153836804791354e-11
252.25,31.18021122721719,40.08606417063213,142.63079127205154,33.04694400348799,33.04694400345648,0.7848216779966393,21.0,5.1301185521879233e-11
252.3,30.4649444036335,40.63231811439867,143.64619065075684,33.046944003485734,33.046944003454705,0.7848216779991333,20.999999999999996,5.044853423896711e-11
252.35000000000002,29.740109659836154,41.165810939265356,144.661590029462,33.046944003483524,33.046944003452985,0.7848216780015775,20.999999999999996,4.988010005035903e-11
252.4,29.005934639798664,41.6863750947284,145.67698940816712,33.04694400348134,33.046944003451244,0.7848216780039934,21.0,4.888534022029489e-11
252.45000000000002,28.26264992093228,42.19384709070425,146.69238878687213,33.04694400347919,33.04694400344957,0.7848216780063666,21.0,4.831690603168681e-11
252.5,27.510488941670104,42.68806754887587,147.70778816557706,33.04694400347707,33.04694400344792,0.7848216780086972,20.999999999999996,4.746425474877469e-11
252.55,26.749687928152653,43.16888125274757,148.72318754428187,33.04694400347499,33.04694400344631,0.7848216780109993,20.999999999999996,4.661160346586257e-11
252.60000000000002,25.98048582003789,43.63613719639281,149.73858692298666,33.046944003472944,33.0469440034447,0.784821678013266,20.999999999999996,4.604316927725449e-11
252.65,25.203124195459072,44.08968863187965,150.7539863016913,33.04694400347093,33.04694400344314,0.7848216780154971,20.999999999999993,4.533262654149439e-11
252.70000000000002,24.417847195153907,44.52939311535887,151.7693856803959,33.046944003468944,33.04694400344158,0.7848216780176926,21.0,4.462208380573429e-11
252.75,23.624901445788936,44.95511255180032,152.78478505910044,33.04694400346699,33.04694400344006,0.7848216780198456,20.999999999999996,4.391154106997419e-11
252.8,22.824535982503143,45.366713238363545,153.8001844378049,33.04694400346507,33.04694400343855,0.7848216780219772,20.999999999999996,4.305888978706207e-11
252.85000000000002,22.017002170695164,45.764065906388915,154.81558381650925,33.046944003463175,33.04694400343709,0.7848216780240733,20.999999999999996,4.263256414560601e-11
252.9,21.20255362707865,46.147045761996154,155.83098319521355,33.04694400346131,33.04694400343563,0.7848216780261339,20.999999999999996,4.192202140984591e-11
252.95000000000002,20.381446140030572,46.515532525277536,156.84638257391777,33.04694400345948,33.0469440034342,0.784821678028166,20.999999999999996,4.121147867408581e-11
253.0,19.55393758925748,46.869410468073376,157.86178195262193,33.046944003457675,33.046944003432785,0.7848216780301698,21.0,4.064304448547773e-11
253.05,18.72028786480496,47.20856845031799,158.87718133132597,33.0469440034559,33.04694400343141,0.784821678032138,21.0,4.007461029686965e-11
253.10000000000002,17.880758785435717,47.53289995494472,159.89258071003,33.04694400345415,33.04694400343007,0.7848216780340778,20.999999999999996,3.936406756110955e-11
253.15,17.035614016401922,47.84230312133901,160.90798008873392,33.04694400345243,33.04694400342871,0.7848216780359891,21.0,3.879563337250147e-11
253.20000000000002,16.18511898663763,48.13668077732912,161.92337946743777,33.04694400345074,33.046944003427406,0.784821678037865,20.999999999999996,3.822719918389339e-11
253.25,15.329540805397299,48.41594046970431,162.9387788461416,33.04694400344907,33.046944003426105,0.7848216780397124,20.999999999999996,3.751665644813329e-11
253.3,14.469148178366591,48.67999449325101,163.95417822484532,33.04694400344743,33.04694400342482,0.7848216780415385,20.999999999999996,3.694822225952521e-11
253.35000000000002,13.604211323271784,48.928759918297786,164.96957760354903,33.046944003445816,33.046944003423555,0.7848216780433361,20.999999999999996,3.652189661806915e-11
253.4,12.735001885014297,49.162158616760536,165.98497698225268,33.046944003444224,33.0469440034223,0.7848216780451054,21.0,3.595346242946107e-11
253.45000000000002,11.861792850357014,49.38011728667962,167.00037636095627,33.04694400344266,33.04694400342105,0.7848216780468391,21.0,3.538502824085299e-11
253.5,10.984858462189164,49.58256747524135,168.01577573965977,33.04694400344111,33.04694400341985,0.7848216780485515,20.999999999999993,3.467448550509289e-11
253.55,10.1044741333967,49.76944560027646,169.0311751183632,33.04694400343959,33.046944003418666,0.7848216780502355,20.999999999999996,3.424815986363683e-11
253.60000000000002,9.220916360365221,49.94069297022898,170.0465744970666,33.0469440034381,33.046944003417494,0.7848216780518911,21.000000000000007,3.367972567502875e-11
253.65,8.334462636142625,50.096255802589056,171.06197387576995,33.04694400343663,33.04694400341633,0.7848216780535253,21.0,3.311129148642067e-11
253.70000000000002,7.445391363288719,50.23608524078408,172.07737325447323,33.04694400343518,33.04694400341517,0.7848216780551311,20.999999999999996,3.268496584496461e-11
253.75,6.553981766439209,50.36013736952275,173.09277263317642,33.04694400343375,33.046944003414076,0.7848216780567157,21.0,3.211653165635653e-11
253.8,5.660513804611493,50.468373228587225,174.10817201187962,33.046944003432344,33.046944003412975,0.7848216780582717,21.0,3.169020601490047e-11
253.85000000000002,4.765268083279813,50.56075882506914,175.1235713905827,33.04694400343096,33.04694400341189,0.7848216780597994,20.999999999999996,3.112177182629239e-11
253.9,3.8685257662473855,50.63726514404551,176.13897076928578,33.0469440034296,33.0469440034108,0.7848216780613129,20.999999999999996,3.055333763768431e-11
253.95000000000002,2.9705684873431726,50.69786815769121,177.15437014798877,33.04694400342826,33.04694400340978,0.7848216780627908,21.0,3.026912054338027e-11
254.0,2.0716782619710417,50.74254883282532,178.16976952669177,33.046944003426944,33.04694400340872,0.7848216780642616,21.0,2.955857780762017e-11
254.05,1.1721373985390828,50.771293136888666,179.18516890539465,33.04694400342564,33.046944003407695,0.784821678065704,21.0,2.941646926046815e-11
254.10000000000002,0.2722284097969062,50.78409204235098,-179.79943171590247,33.04694400342436,33.04694400340667,0.7848216780671251,20.999999999999996,2.8848035071860068e-11
254.15,-0.6277660758912375,50.780941529546084,-178.78403233719968,33.04694400342309,33.04694400340568,0.7848216780685178,21.0,2.8421709430404007e-11
254.20000000000002,-1.5275634033096468,50.76184258793436,-177.7686329584969,33.04694400342185,33.046944003404725,0.7848216780698891,20.999999999999996,2.7853275241795927e-11
254.25,-2.4268809791627923,50.72680121579196,-176.7532335797942,33.04694400342063,33.04694400340375,0.7848216780712391,20.999999999999996,2.7426949600339867e-11
254.3,-3.325436360827492,50.67582841832698,-175.73783420109154,33.04694400341942,33.04694400340279,0.784821678072575,21.0,2.7000623958883807e-11
254.35000000000002,-4.222947345057768,50.60894020422313,-174.72243482238895,33.046944003418226,33.04694400340188,0.7848216780738824,20.999999999999996,2.6716406864579767e-11
254.4,-5.11913205661452,50.526157580612,-173.7070354436864,33.04694400341705,33.04694400340096,0.7848216780751756,21.0,2.6147972675971687e-11
254.45000000000002,-6.013709036792187,50.42750654647548,-172.6916360649839,33.0469440034159,33.04694400340007,0.7848216780764474,20.999999999999993,2.5863755581667647e-11
254.5,-6.906397331814591,50.313018084480426,-171.6762366862814,33.04694400341477,33.0469440033992,0.7848216780776909,20.999999999999993,2.5437429940211587e-11
254.55,-7.7969165810722005,50.18272815124818,-170.660837307579,33.04694400341366,33.04694400339833,0.7848216780789201,20.999999999999996,2.4868995751603507e-11
254.60000000000002,-8.6849871051731,50.03667766606187,-169.64543792887662,33.04694400341256,33.04694400339748,0.7848216780801351,21.0,2.4584778657299466e-11
254.65,-9.570329993780014,49.874912498015206,-168.63003855017428,33.04694400341149,33.04694400339664,0.7848216780813217,20.999999999999996,2.4300561562995426e-11
254.70000000000002,-10.452667193205807,49.69748345160665,-167.61463917147196,33.04694400341043,33.046944003395794,0.7848216780824941,20.999999999999996,2.3732127374387346e-11
254.75,-11.33172159373993,49.50444625078361,-166.59923979276974,33.046944003409386,33.04694400339499,0.7848216780836523,21.0,2.3447910280083306e-11
254.8,-12.207217116678404,49.29586152144158,-165.5838404140675,33.046944003408356,33.046944003394174,0.7848216780847892,20.999999999999996,2.3163693185779266e-11
254.85000000000002,-13.078878801030005,49.07179477238378,-164.56844103536534,33.04694400340734,33.0469440033934,0.7848216780859048,21.0,2.2737367544323206e-11
254.9,-13.946432889871412,48.83231637474726,-163.5530416566632,33.046944003406345,33.04694400339262,0.7848216780870061,21.0,2.2311041902867146e-11
254.95000000000002,-14.809606916324201,48.577501539901874,-162.53764227796108,33.046944003405365,33.04694400339185,0.7848216780880932,20.999999999999993,2.2026824808563106e-11
255.0,-15.668129789126688,48.30743029582919,-161.52224289925903,33.0469440034044,33.046944003391076,0.7848216780891661,21.0,2.1742607714259066e-11
255.05,-16.521731877773735,48.02218746198862,-160.506843520557,33.046944003403446,33.04694400339034,0.7848216780902177,20.999999999999996,2.1458390619955026e-11
255.10000000000002,-17.370145097197796,47.72186262267875,-159.49144414185503,33.04694400340251,33.04694400338961,0.7848216780912551,20.999999999999996,2.1032064978498966e-11
255.15,-18.21310299196458,47.40655009890218,-158.47604476315308,33.046944003401585,33.046944003388894,0.7848216780922783,21.0,2.0747847884194925e-11
255.20000000000002,-19.05034081995693,47.076348918742795,-157.46064538445117,33.04694400340068,33.046944003388184,0.7848216780932802,20.999999999999996,2.0463630789890885e-11
255.25,-19.881595635520593,46.73136278626467,-156.44524600574925,33.046944003399794,33.04694400338747,0.7848216780942678,21.0,2.0037305148434825e-11
255.3,-20.706606372045798,46.37170004894241,-155.42984662704743,33.04694400339891,33.0469440033868,0.7848216780952484,20.999999999999993,1.9753088054130785e-11
255.35000000000002,-21.525113923958674,45.99747366363321,-154.41444724834562,33.046944003398046,33.0469440033861,0.7848216780962076,21.0,1.9610979506978765e-11
255.4,-22.336861228096822,45.608801161101255,-153.39904786964382,33.04694400339719,33.046944003385434,0.7848216780971526,20.999999999999996,1.9184653865522705e-11
255.45000000000002,-23.141593344443386,45.20580460910561,-152.38364849094208,33.046944003396355,33.04694400338478,0.7848216780980835,21.0,1.8900436771218665e-11
255.5,-23.939057536194376,44.788610574063235,-151.36824911224036,33.04694400339553,33.046944003384134,0.784821678098993,20.999999999999996,1.8616219676914625e-11
255.55,-24.729003349133993,44.357350081299096,-150.35284973353868,33.046944003394714,33.0469440033835,0.7848216780998953,20.999999999999996,1.8189894035458565e-11
255.60000000000002,-25.511182690293115,43.91215857389596,-149.33745035483705,33.04694400339391,33.046944003382876,0.7848216781007835,21.0,1.8047785488306545e-11
255.65,-26.285349905866184,43.453175870156656,-148.32205097613544,33.04694400339312,33.04694400338227,0.7848216781016575,21.0,1.7763568394002505e-11
255.70000000000002,-27.051261858362043,42.98054611969232,-147.30665159743384,33.04694400339235,33.046944003381654,0.7848216781025172,21.0,1.7479351299698465e-11
255.75,-27.80867800296449,42.49441775815026,-146.2912522187323,33.04694400339159,33.04694400338105,0.7848216781033628,21.0,1.7195134205394424e-11
255.8,-28.55736046307858,41.994943460595806,-145.27585284003075,33.046944003390834,33.04694400338046,0.7848216781042012,20.999999999999996,1.6910917111090384e-11
255.85000000000002,-29.297074105038917,41.48228009356264,-144.26045346132923,33.046944003390095,33.04694400337988,0.7848216781050183,21.0,1.6768808563938364e-11
255.9,-30.027586611956504,40.956588665786825,-143.24505408262777,33.04694400338936,33.04694400337931,0.7848216781058213,20.999999999999996,1.6342482922482304e-11
255.95000000000002,-30.74866855668096,40.41803427763982,-142.22965470392634,33.046944003388646,33.04694400337877,0.7848216781066171,21.0,1.6058265828178264e-11
256.0,-31.46009347385515,39.866786069276564,-141.21425532522494,33.04694400338794,33.046944003378215,0.7848216781073987,20.999999999999996,1.5916157281026244e-11
256.05,-32.16163793103963,39.30301716751474,-140.19885594652357,33.046944003387246,33.04694400337767,0.784821678108166,21.000000000000007,1.5631940186722204e-11
256.1,-32.853081598884586,38.726904631462006,-139.18345656782222,33.046944003386564,33.04694400337712,0.7848216781089263,21.0,1.5347723092418164e-11
256.15000000000003,-33.534207320327184,38.13862939690823,-138.16805718912087,33.04694400338589,33.04694400337661,0.7848216781096724,20.999999999999996,1.5205614545266144e-11
256.2,-34.20480117879263,37.53837621950021,-137.15265781041958,33.04694400338523,33.04694400337608,0.7848216781104043,21.0,1.4921397450962104e-11
256.25,-34.864652565377504,36.9263336167167,-136.1372584317183,33.04694400338457,33.04694400337557,0.784821678111129,21.0,1.4637180356658064e-11
256.3,-35.513554244994296,36.30269380866199,-135.12185905301703,33.04694400338393,33.04694400337508,0.7848216781118396,21.0,1.4495071809506044e-11
256.35,-36.151302421456315,35.667652657696664,-134.1064596743158,33.046944003383295,33.046944003374584,0.7848216781125359,21.0,1.4210854715202004e-11
256.40000000000003,-36.77769680148261,35.02140960692438,-133.0910602956146,33.04694400338268,33.046944003374094,0.7848216781132322,20.999999999999996,1.3926637620897964e-11
256.45,-37.39254065760272,34.36416761755414,-132.07566091691342,33.046944003382066,33.04694400337361,0.7848216781139143,20.999999999999996,1.3926637620897964e-11
256.5,-37.99564088994155,33.696133105157614,-131.06026153821227,33.04694400338146,33.04694400337315,0.7848216781145823,20.999999999999996,1.3642420526593924e-11
256.55,-38.586808086864934,33.01751587484163,-130.04486215951115,33.046944003380865,33.04694400337269,0.7848216781152431,20.999999999999996,1.3358203432289883e-11
256.6,-39.16585658446692,32.32852905535603,-129.02946278081004,33.04694400338028,33.046944003372246,0.7848216781158897,20.999999999999996,1.3216094885137863e-11
256.65000000000003,-39.73260452487994,31.629389032157814,-128.01406340210897,33.04694400337971,33.046944003371785,0.7848216781165291,20.999999999999993,1.2931877790833823e-11
256.7,-40.2868739133897,30.920315379452383,-126.99866402340788,33.046944003379146,33.04694400337132,0.7848216781171615,20.999999999999996,1.2789769243681803e-11
256.75,-40.82849067433678,30.20153079123336,-125.98326464470684,33.046944003378584,33.0469440033709,0.7848216781177797,21.000000000000007,1.2647660696529783e-11
256.8,-41.357284705787414,29.47326101134257,-124.96786526600582,33.04694400337804,33.046944003370456,0.7848216781183908,20.999999999999993,1.2363443602225743e-11
256.85,-41.87308993295627,28.735734762572207,-123.95246588730481,33.0469440033775,33.04694400337003,0.7848216781189876,21.0,1.2221335055073723e-11
256.90000000000003,-42.375744360364415,27.989183674831395,-122.93706650860383,33.046944003376964,33.046944003369624,0.7848216781195845,20.999999999999996,1.1937117960769683e-11
256.95,-42.865090122716154,27.233842212399736,-121.92166712990289,33.04694400337644,33.04694400336921,0.7848216781201671,20.999999999999996,1.1937117960769683e-11
257.0,-43.340973534478735,26.469947600290705,-120.90626775120194,33.04694400337593,33.04694400336881,0.7848216781207356,20.999999999999996,1.1652900866465643e-11
257.05,-43.80324513814932,25.697739749747974,-119.89086837250102,33.046944003375415,33.04694400336841,0.784821678121304,21.0,1.1368683772161603e-11
257.1,-44.2517597511941,24.9174611828981,-118.87546899380011,33.04694400337491,33.04694400336801,0.7848216781218582,21.0,1.1368683772161603e-11
257.15000000000003,-44.686376511644795,24.12935695658324,-117.86006961509923,33.04694400337442,33.04694400336764,0.7848216781224053,21.0,1.1084466677857563e-11
257.2,-45.10695892233822,23.333674585397787,-116.84467023639837,33.04694400337394,33.04694400336724,0.7848216781229453,21.0,1.0942358130705543e-11
257.25,-45.513374893785056,22.530663963953135,-115.82927085769752,33.04694400337346,33.04694400336686,0.7848216781234783,20.999999999999996,1.0800249583553523e-11
257.3,-45.90549678565427,21.720577288394953,-114.8138714789967,33.04694400337299,33.04694400336649,0.784821678123997,20.999999999999996,1.0658141036401503e-11
257.35,-46.28320144686029,20.90366897719764,-113.79847210029588,33.04694400337253,33.04694400336613,0.7848216781245156,21.0,1.0373923942097463e-11
257.40000000000003,-46.64637025424021,20.080195591260825,-112.7830727215951,33.04694400337207,33.04694400336577,0.784821678125013,21.0,1.0373923942097463e-11
257.45,-46.994889149809,19.25041575333301,-111.76767334289433,33.04694400337162,33.04694400336543,0.7848216781255104,20.999999999999996,9.947598300641403e-12
257.5,-47.32864867658089,18.41459006678766,-110.75227396419359,33.04694400337118,33.046944003365084,0.7848216781260007,20.999999999999996,9.947598300641403e-12
257.55,-47.647544012945836,17.572981033777268,-109.73687458549286,33.04694400337075,33.04694400336474,0.784821678126491,21.0,9.805489753489383e-12
257.6,-47.95147500559009,16.725852972791046,-108.72147520679214,33.04694400337032,33.04694400336441,0.7848216781269599,21.0,9.805489753489383e-12
257.65000000000003,-48.240346200950725,15.873471935642213,-107.70607582809143,33.0469440033699,33.046944003364096,0.7848216781274289,20.999999999999996,9.379164112033322e-12
257.7,-48.514066875194054,15.016105623910885,-106.69067644939074,33.04694400336949,33.04694400336374,0.7848216781278978,20.999999999999996,9.379164112033322e-12
257.75,-48.77255106270867,14.154023304868842,-105.67527707069007,33.04694400336908,33.04694400336343,0.7848216781283526,20.999999999999996,9.379164112033322e-12
257.8,-49.015717583104106,13.287495726912562,-104.65987769198942,33.04694400336868,33.04694400336311,0.7848216781288002,20.999999999999996,9.094947017729282e-12
257.85,-49.24349006670658,12.416795034531097,-103.64447831328877,33.04694400336828,33.046944003362796,0.7848216781292408,21.0,8.952838470577262e-12
257.90000000000003,-49.455796978543916,11.542194682835483,-102.62907893458815,33.046944003367884,33.0469440033625,0.7848216781296671,21.0,8.810729923425242e-12
257.95,-49.65257164081208,10.663969351676531,-101.61367955588754,33.0469440033675,33.04694400336221,0.7848216781300934,20.999999999999996,8.526512829121202e-12
258.0,-49.833752253816186,9.782394859377977,-100.59828017718695,33.04694400336713,33.0469440033619,0.7848216781305126,20.999999999999996,8.526512829121202e-12
258.05,-49.99928191537955,8.89774807611207,-99.58288079848637,33.046944003366754,33.04694400336161,0.7848216781309247,21.0,8.384404281969182e-12
258.1,-50.14910863871454,8.010306836944821,-98.5674814197858,33.046944003366384,33.04694400336131,0.7848216781313297,21.0,8.242295734817162e-12
258.15000000000003,-50.28318536874973,7.120349854578217,-97.55208204108524,33.04694400336602,33.04694400336104,0.7848216781317348,20.999999999999996,8.100187187665142e-12
258.2,-50.401469996908176,6.228156631816792,-96.53668266238472,33.04694400336567,33.04694400336076,0.7848216781321256,20.999999999999996,8.100187187665142e-12
258.25,-50.503925374332184,5.334007373786062,-95.5212832836842,33.04694400336531,33.04694400336049,0.7848216781325164,21.000000000000007,7.815970093361102e-12
258.3,-50.59051932355036,4.438182899930386,-94.5058839049837,33.04694400336497,33.046944003360224,0.7848216781328929,21.000000000000007,7.815970093361102e-12
258.35,-50.66122464858342,3.5409645558178897,-93.49048452628321,33.046944003364636,33.046944003359954,0.7848216781332695,21.0,7.531752999057062e-12
258.40000000000003,-50.716019143485426,2.6426341247801592,-92.47508514758273,33.046944003364295,33.0469440033597,0.784821678133639,21.0,7.531752999057062e-12
258.45,-50.754885599317845,1.743473739414441,-91.45968576888227,33.04694400336397,33.046944003359435,0.7848216781340085,21.0,7.389644451905042e-12
258.5,-50.77781180955427,0.8437657929761566,-90.4442863901818,33.04694400336364,33.04694400335919,0.7848216781343638,21.0,7.389644451905042e-12
258.55,-50.78479057391404,-0.056207149310449456,-89.42888701148136,33.04694400336332,33.046944003358945,0.7848216781347119,21.0,7.105427357601002e-12
258.6,-50.77581970062355,-0.9561624389956683,-88.41348763278094,33.04694400336301,33.04694400335871,0.7848216781350601,20.999999999999996,6.963318810448982e-12
258.65000000000003,-50.750902007104656,-1.8558174331738249,-87.39808825408052,33.046944003362704,33.04694400335845,0.7848216781354012,20.999999999999996,6.963318810448982e-12
258.7,-50.710045319089794,-2.754889583251034,-86.38268887538013,33.0469440033624,33.04694400335822,0.7848216781357422,20.999999999999996,6.821210263296962e-12
258.75,-50.6532624681642,-3.653096523683339,-85.36728949667973,33.0469440033621,33.046944003358,0.7848216781360691,20.999999999999996,6.821210263296962e-12
258.8,-50.580571287736014,-4.550156160657357,-84.35189011797935,33.04694400336181,33.04694400335777,0.784821678136403,21.0,6.536993168992922e-12
258.85,-50.491994607435416,-5.4457867606855865,-83.33649073927897,33.046944003361524,33.04694400335754,0.7848216781367228,20.999999999999996,6.679101716144942e-12
258.90000000000003,-50.38756024594472,-6.33970703908855,-82.32109136057862,33.04694400336124,33.04694400335732,0.7848216781370354,20.999999999999996,6.394884621840902e-12
258.95,-50.267301002261526,-7.23163624833598,-81.30569198187827,33.046944003360956,33.04694400335709,0.7848216781373551,20.999999999999996,6.252776074688882e-12
259.0,-50.13125464539775,-8.12129426621931,-80.29029260317792,33.046944003360686,33.04694400335687,0.7848216781376536,20.999999999999996,6.394884621840902e-12
259.05,-49.97946390251781,-9.008401683827772,-79.2748932244776,33.04694400336041,33.046944003356664,0.7848216781379591,20.999999999999996,5.9685589803848416e-12
259.1,-49.81197644551951,-9.892679893300471,-78.25949384577729,33.046944003360146,33.04694400335646,0.7848216781382646,21.0,6.110667527536862e-12
259.15000000000003,-49.62884487606214,-10.773851175326888,-77.24409446707698,33.04694400335988,33.04694400335626,0.784821678138556,21.0,6.110667527536862e-12
259.2,-49.430126709046164,-11.651638786368311,-76.22869508837668,33.04694400335962,33.046944003356025,0.7848216781388473,20.999999999999996,5.8264504332328215e-12
259.25,-49.21588435454993,-12.525767045572822,-75.21329570967639,33.046944003359364,33.04694400335584,0.7848216781391315,20.999999999999996,5.8264504332328215e-12
259.3,-48.98618509822894,-13.395961421356523,-74.19789633097612,33.046944003359116,33.04694400335564,0.7848216781394157,21.0,5.6843418860808015e-12
259.35,-48.74110108018391,-14.261948617623826,-73.18249695227586,33.04694400335887,33.046944003355456,0.7848216781396928,21.0,5.6843418860808015e-12
259.40000000000003,-48.48070927230421,-15.123456659599723,-72.16709757357559,33.046944003358625,33.046944003355264,0.7848216781399628,21.0,5.5422333389287814e-12
259.45,-48.205091454093825,-15.980214979247071,-71.15169819487535,33.046944003358384,33.046944003355065,0.7848216781402328,20.999999999999996,5.4001247917767614e-12
259.5,-47.914334186987396,-16.831954500242077,-70.13629881617511,33.04694400335815,33.046944003354874,0.7848216781404957,20.999999999999996,5.4001247917767614e-12
259.55,-47.60852878716448,-17.67840772248129,-69.12089943747489,33.04694400335791,33.04694400335471,0.7848216781407515,20.999999999999996,5.258016244624741e-12
259.6,-47.28777129687047,-18.51930880609356,-68.10550005877465,33.04694400335768,33.04694400335453,0.7848216781410073,20.999999999999996,5.115907697472721e-12
259.65000000000003,-46.95216245425326,-19.354393654930572,-67.09010068007444,33.04694400335746,33.04694400335433,0.7848216781412631,20.999999999999996,5.115907697472721e-12
259.7,-46.601807661725104,-20.183399999509763,-66.07470130137425,33.04694400335723,33.04694400335418,0.7848216781415047,20.999999999999996,5.115907697472721e-12
259.75,-46.23681695285957,-21.006067479383518,-65.05930192267407,33.04694400335702,33.046944003354014,0.7848216781417463,21.0,4.831690603168681e-12
259.8,-45.857304957834046,-21.82213772490883,-64.04390254397387,33.046944003356806,33.046944003353836,0.7848216781419879,21.0,4.831690603168681e-12
259.85,-45.46339086742861,-22.631354438391728,-63.02850316527369,33.04694400335659,33.046944003353666,0.7848216781422224,21.0,4.831690603168681e-12
259.90000000000003,-45.05519839559258,-23.433463474580947,-62.0131037865735,33.04694400335639,33.04694400335349,0.7848216781424568,20.999999999999996,4.689582056016661e-12
259.95,-44.63285574059052,-24.228212920485635,-60.99770440787334,33.04694400335618,33.04694400335333,0.7848216781426842,20.999999999999996,4.689582056016661e-12
260.0,-44.19649554473984,-25.01535317449197,-59.98230502917318,33.046944003355975,33.04694400335317,0.7848216781429116,20.999999999999996,4.547473508864641e-12
260.05,-43.746254852752756,-25.794637024753857,-58.966905650473045,33.046944003355776,33.04694400335302,0.7848216781431319,20.999999999999996,4.547473508864641e-12
260.1,-43.282275068695554,-26.56581972683309,-57.951506271772914,33.04694400335558,33.04694400335286,0.7848216781433521,21.0,4.405364961712621e-12
260.15000000000003,-42.80470191157877,-27.3286590805646,-56.936106893072775,33.046944003355385,33.04694400335272,0.7848216781435653,21.0,4.405364961712621e-12
260.2,-42.31368536959219,-28.08291550612261,-55.92070751437264,33.04694400335519,33.046944003352564,0.7848216781437785,20.999999999999996,4.263256414560601e-12
260.25,-41.80937965299911,-28.82835211926389,-54.90530813567253,33.04694400335501,33.04694400335241,0.7848216781439845,20.999999999999996,4.263256414560601e-12
260.3,-41.29194314570451,-29.564734805724374,-53.88990875697242,33.046944003354824,33.046944003352266,0.7848216781441835,21.0,4.121147867408581e-12
260.35,-40.761538355512485,-30.291832294745866,-52.87450937827231,33.04694400335464,33.04694400335211,0.7848216781443895,20.999999999999996,3.979039320256561e-12
260.40000000000003,-40.21833186308856,-31.009416231709682,-51.859109999572226,33.04694400335446,33.046944003351975,0.7848216781445885,21.0,4.121147867408581e-12
260.45,-39.66249426964276,-31.717261249854463,-50.843710620872145,33.046944003354284,33.04694400335184,0.7848216781447803,20.999999999999996,3.979039320256561e-12
260.5,-39.09420014335008,-32.41514504105558,-49.828311242172056,33.04694400335411,33.04694400335171,0.7848216781449722,21.0,3.836930773104541e-12
260.55,-38.51362796452502,-33.10284842564397,-48.812911863471996,33.04694400335394,33.04694400335158,0.784821678145164,21.0,3.836930773104541e-12
260.6,-37.92096006956746,-33.7801554212424,-47.797512484771936,33.04694400335377,33.046944003351456,0.7848216781453488,21.0,3.836930773104541e-12
260.65000000000003,-37.316382593697504,-34.446853310597625,-46.78211310607188,33.0469440033536,33.04694400335133,0.7848216781455335,21.0,3.694822225952521e-12
260.7,-36.700085412497245,-35.102732708387045,-45.76671372737182,33.04694400335344,33.0469440033512,0.7848216781457111,21.0,3.694822225952521e-12
260.75,-36.07226208227782,-35.747587626978955,-44.75131434867176,33.04694400335328,33.04694400335105,0.7848216781458888,21.0,3.552713678800501e-12
260.8,-35.433109779290454,-36.3812155411257,-43.73591496997173,33.04694400335312,33.046944003350944,0.7848216781460664,21.0,3.552713678800501e-12
260.85,-34.78282923780069,-37.00341745156939,-42.72051559127169,33.04694400335297,33.04694400335083,0.784821678146244,21.0,3.552713678800501e-12
260.90000000000003,-34.121624687045085,-37.6139979475403,-41.70511621257166,33.04694400335281,33.0469440033507,0.7848216781464146,21.0,3.552713678800501e-12
260.95,-33.44970378709032,-38.21276526812817,-40.68971683387163,33.046944003352664,33.04694400335057,0.7848216781465851,20.999999999999996,3.410605131648481e-12
261.0,-32.76727756361482,-38.799531362507324,-39.67431745517162,33.04694400335251,33.04694400335045,0.7848216781467556,20.999999999999996,3.410605131648481e-12
261.05,-32.074560341633294,-39.37411194899646,-38.658918076471615,33.046944003352365,33.04694400335034,0.784821678146919,20.999999999999996,3.410605131648481e-12
261.1,-31.371769678185167,-39.93632657293481,-37.643518697771604,33.046944003352216,33.06220297621631,0.7848216781470754,20.0,3.268496584496461e-12
261.15000000000003,-30.659126294007873,-40.485998663356305,-36.628119319071594,33.048033929985365,33.0622029762162,0.7848216781472388,20.0,3.126388037344441e-12
261.2,-29.93685400421659,-41.02295558844402,-35.6126776831848,33.04904600471614,33.06217764738075,0.7848216781473951,20.0,3.268496584496461e-12
261.25,-29.20517926149422,-41.54702817011774,-34.59719680754509,33.04998397919218,33.06212887553038,0.7848210143992631,20.0,3.126388037344441e-12
261.3,-28.464331527151895,-42.05805129534775,-33.581679564332354,33.050851471787766,33.04680634153721,0.7848190707588927,21.000000000000007,1.3274962640252852e-05
261.35,-27.714543195626305,-42.55586396885865,-32.5661286856125,33.05056253391273,33.04672038128194,0.7848152765985574,20.999999999999996,3.8872807408552035e-05
261.40000000000003,-26.956049518172065,-43.040309364400755,-31.550589010026645,33.050288094439104,33.04664123176288,0.7848091047851398,20.999999999999996,7.588320670492976e-05
261.45,-26.18908887296646,-43.51123544002814,-30.535059975352908,33.050027604247944,33.0465685715954,0.7848007332282094,21.0,0.00012343626835331634
261.5,-25.413902285668826,-43.968494398249675,-29.51954104067081,33.04978053048705,33.04650209077369,0.7847903316971099,21.0,0.0001674311386068439
261.55,-24.63073335426413,-44.411942732198995,-28.504031685729593,33.04954635622181,33.04644149036067,0.7847780621022551,20.999999999999996,0.00020803062199092892
261.6,-23.839828173086207,-44.841441270480466,-27.488531410330115,33.04932458008887,33.04638648218368,0.7847640787689727,21.0,0.00024539189709571474
261.65000000000003,-23.04143525604413,-45.25685522067599,-26.47303973372024,33.04911471595279,33.046336788535996,0.7847485287039788,20.999999999999993,0.0002796666656479374
261.7,-22.235805459075678,-45.658054211497955,-25.457556194003505,33.04891629256587,33.0462921418835,0.7847315518546978,21.0,0.00031100129987748915
261.75,-21.423191901851975,-46.04491233357405,-24.442080347561333,33.04872885323142,33.04625228457742,0.7847132813615048,20.999999999999993,0.0003395369856207253
261.8,-20.60384988875781,-46.417308178850014,-23.42661176848799,33.04855195547042,33.0462169685723,0.7846938438029909,20.999999999999996,0.0003654098638605774
261.85,-19.778036829172258,-46.775124878597175,-22.41115004803889,33.048385170691986,33.04618595514984,0.7846733594344855,20.999999999999996,0.00038875117027714623
261.90000000000003,-18.946012157074566,-47.11825014001161,-21.39569479409139,33.04822808386755,33.046159014648055,0.7846519424197851,21.0,0.00040968737010871337
261.95,-18.1080372500005,-47.44657628139273,-20.380245630618557,33.04808029320901,33.046135926196236,0.7846297010564456,21.0,0.00042834029400751206
262.0,-17.26437534737457,-47.760000265889126,-19.36480219717528,33.04794140985095,33.04611647745517,0.7846067379945794,21.0,0.000444827266790071
262.05,-16.415291468243762,-48.058423733800375,-18.349364148396777,33.04781105753697,33.04610046436303,0.7845831504493432,20.999999999999993,0.0004592612373244265
262.1,-15.561052328438633,-48.34175303342361,-17.333931153509408,33.04768887231025,33.04608769088655,0.7845590304073227,21.0,0.00047175090472251213
262.15000000000003,-14.701926257187877,-48.609899250434474,-16.318502895853335,33.04757450220856,33.046077968777766,0.7845344648267911,21.0,0.0004824008404114011
262.2,-13.838183113212558,-48.862778235792355,-15.303079072417185,33.0474676069635,33.046071117335885,0.7845095358321288,20.999999999999996,0.0004913116106308735
262.25,-12.970094200326502,-49.100310632160316,-14.287659393384445,33.04736785770439,33.04606696317477,0.7844843209023651,21.000000000000007,0.0004985798932466423
262.3,-12.097932182569444,-49.32242189883074,-13.27224358169114,33.047274936666554,33.046065339995415,0.7844588930541576,20.999999999999996,0.0005042985952741219
262.35,-11.221970998899735,-49.52904233514806,-12.2568313725951,33.047188536904336,33.04606608836372,0.7844333210191081,21.0,0.0005085569641494203
262.40000000000003,-10.342485777473529,-49.72010710242057,-11.241422513256223,33.04710836200858,33.04606905549344,0.7844076694157636,21.0,0.0005114407009898514
262.45,-9.45975274953757,-49.89555624431364,-10.226016762327811,33.04703412582893,33.04607409503423,0.7843819989162526,20.999999999999993,0.0005130320668911281
262.5,-8.574049162962782,-50.05533470571741,-9.210613889558594,33.04696555220074,33.04608106686466,0.7843563664077564,21.0,0.0005134099902193157
262.55,-7.685653195446023,-50.199392350082306,-8.19521367540542,33.04690237467673,33.046089836890275,0.7843308251489276,20.999999999999996,0.0005126501699237451
262.6,-6.794843867407491,-50.32768397521637,-7.179815910656358,33.04684433626341,33.046100276846495,0.7843054249213424,21.000000000000007,0.0005108251765761906
262.65000000000003,-5.901900954611326,-50.4401693275388,-6.164420396064062,33.04679118916221,33.04611226410639,0.7842802121761636,21.0,0.0005080045517047438
262.7,-5.0071049005371275,-50.53681311478476,-5.14902694198913,33.046742694515366,33.04612568149326,0.7842552301760577,21.0,0.0005042549035749744
262.75,-4.110736728530115,-50.61758501715685,-4.133635368053375,33.04669862215664,33.04614041709787,0.7842305191324925,20.999999999999996,0.00049964000211844
262.8,-3.213077953757802,-50.68245969691922,-3.1182455028027105,33.04665875036673,33.04615636410032,0.7842061163386234,20.999999999999996,0.0004942208713032414
262.85,-2.314410495001082,-50.7314168064309,-2.1028571833796343,33.04662286563342,33.046173420596496,0.7841820562977162,21.0,0.0004880558773834309
262.90000000000003,-1.4150165863076993,-50.764440994615306,-1.0874702552049642,33.046590762416486,33.04619148942915,0.7841583708473507,20.999999999999993,0.0004812008181431793
262.95,-0.5151786885361265,-50.78152191186341,-0.07208457166861557,33.046562242917396,33.04621047802315,0.7841350892794594,20.999999999999996,0.00047370900730925314
263.0,0.38482059918209244,-50.78265421336865,0.9433000061705437,33.046537116853514,33.04623029822517,0.7841122384562667,21.0,0.00046563135782662357
263.05,1.2846986280334431,-50.76783756089222,1.9586836098761322,33.04651520123721,33.046250866147886,0.7840898429223557,20.999999999999996,0.00045701646385509775
263.1,2.1841727881388797,-50.73707662295756,2.9740663639171476,33.046496320159406,33.04627210201804,0.784067925012792,20.999999999999993,0.0004479106782184772
263.15000000000003,3.0829605971674754,-50.69038107347395,3.9894483859424352,33.04648030457788,33.046293930028874,0.7840465049575727,21.0,0.00043835819127480136
263.2,3.9807797889191714,-50.627765588788996,5.004829787047013,33.04646699211009,33.046316278196386,0.7840256009823889,20.999999999999996,0.0004284011043864666
263.25,4.8773484018485025,-50.549249843170834,6.020210672030185,33.04645622683054,33.04633907821998,0.7840052294058495,20.999999999999996,0.00041807950367456215
263.3,5.772384867501211,-50.454858502721045,7.035591139645985,33.04644785907264,33.04636226534649,0.7839854047332437,20.999999999999996,0.00040743153078892647
263.35,6.665608098835678,-50.34462121771995,8.050971282845817,33.04644174523506,33.0463857782385,0.7839661397469158,21.000000000000007,0.00039649345211500986
263.40000000000003,7.556737578401143,-50.21857261340644,9.066351189013693,33.04643774759244,33.04640955884613,0.7839474455934266,21.0,0.0003852997265596514
263.45,8.445493446344724,-50.07675227919496,10.081730940193978,33.04643573411056,33.04643355228262,0.7839293318674763,20.999999999999993,0.0003738830697841422
263.5,9.331596588219307,-49.91920475633284,11.09711061331208,33.04643557826571,33.046457706703585,0.783911806692771,20.999999999999996,0.00036227451900572305
263.55,10.214768722564454,-49.74597952400153,12.112490280388117,33.046437158868414,33.04648197318968,0.7838948767998701,20.999999999999996,0.0003505034941042595
263.6,11.094732488232516,-49.55713098386609,13.127870008743724,33.04644035989136,33.04650630563278,0.7838785476011338,20.999999999999996,0.0003385978580183746
263.65000000000003,11.971211531432257,-49.35271844307745,14.143249861202184,33.046445070301466,33.04653066062559,0.7838628232628011,20.999999999999996,0.00032658397472573597
263.7,12.843930592462373,-49.13280609573262,15.158629896282061,33.046451183896046,33.046554997354605,0.7838477067743597,21.0,0.00031448676665490893
263.75,13.712615592107387,-48.89746300279862,16.174010168384484,33.04645859914308,33.04657927749615,0.7838332000152022,21.0,0.000302329768828713
263.8,14.576993717668515,-48.64676307050618,17.189390727974267,33.046467219025445,33.04660346511574,0.7838193038187242,20.999999999999996,0.0002901351831496868
263.85,15.436793508602218,-48.38078502721997,18.204771621754876,33.04647695088904,33.04662752657053,0.7838060180338928,21.0,0.0002779239295591651
263.90000000000003,16.291744941739278,-48.09961239879237,19.220152892837667,33.046487706294855,33.046651430414826,0.7837933415843565,21.0,0.0002657156966279217
263.95,17.14157951605739,-47.803333482408576,20.235534580905224,33.04649940087486,33.04667514730845,0.7837812725252178,20.999999999999996,0.00025352899072572654
264.0,17.986030336980374,-47.49204131893108,21.250916722369244,33.046511954191544,33.046698649928096,0.7837698080975031,20.999999999999996,0.00024138118277505782
264.05,18.824832200177294,-47.16583366375209,22.266299350522914,33.0465252896013,33.04672191288152,0.7837589447803879,20.999999999999996,0.0002292885542942713
264.1,19.65772167483494,-46.82481295616307,23.281682495687956,33.04653933412131,33.04674491262444,0.7837486783413041,20.999999999999996,0.00021726634230390118
264.15000000000003,20.484437186377242,-46.46908628725091,24.297066185356638,33.04655401830011,33.04676762738016,0.7837390038839658,20.999999999999996,0.00020532878167500712
264.2,21.304719098605474,-46.098765366330696,25.3124504443286,33.04656927609154,33.046790037061875,0.783729915894277,21.0,0.0001934891467669786
264.25,22.118309795233134,-45.713966485925724,26.32783529484292,33.04658504473228,33.046812123197384,0.7837214082844284,21.0,0.00018175979377588192
264.3,22.924953760789776,-45.3148104853056,27.343220756705346,33.046601264622645,33.046833868856616,0.7837134744350038,21.0,0.0001701521969721398
264.35,23.724397660868103,-44.901422712593885,28.35860684741101,33.046617879210785,33.04685525858115,0.7837061072352824,20.999999999999993,0.0001586769884909245
264.40000000000003,24.51639042168893,-44.47393298545719,29.37399358226256,33.0466348348801,33.04687627831655,0.7836992991217357,21.0,0.00014734399442772883
264.45,25.30068330895884,-44.03247555038804,30.3893809744839,33.04665208083985,33.04689691534682,0.7836930421148978,20.999999999999996,0.00013616227093393718
264.5,26.07703000599558,-43.57718904059433,31.40476903532984,33.04666956901891,33.046917158230976,0.7836873278544871,21.0,0.00012514013675968272
264.55,26.845186691096444,-43.10821643250846,32.42015777419144,33.04668725396263,33.046936996742176,0.783682147632959,20.999999999999996,0.00011428520821255006
264.6,27.604912114125177,-42.62570500093009,33.43554719869758,33.0467050927326,33.04695642180863,0.783677492427536,20.999999999999996,0.00010360443056356416
264.65000000000003,28.355967672293197,-42.12980627281625,34.45093731481233,33.04672304480946,33.04697542545681,0.7836733529307125,20.999999999999996,9.310410845841943e-05
264.7,29.09811748511114,-41.62067597973373,35.46632812692891,33.046741071998554,33.04699400075666,0.7836697195792937,20.999999999999993,8.278993647081734e-05
264.75,29.83112846848702,-41.09847400898839,36.48171963795968,33.046759138338416,33.04701214176863,0.7836665825821498,20.999999999999996,7.266702837682715e-05
264.8,30.554770407947622,-40.56336435344693,37.49711184942281,33.046777210012,33.047029843492965,0.7836639319464709,21.0,6.273994287653295e-05
264.85,31.26881603095992,-40.01551506006691,38.51250476152537,33.04679525526064,33.04704710182035,0.7836617575028555,21.0,5.301271357893711e-05
264.90000000000003,31.973041078329715,-39.45509817715116,39.527898373243175,33.04681324430062,33.04706391348488,0.7836600489290859,21.000000000000007,4.3488872307761994e-05
264.95,32.66722437465492,-38.88228970034318,40.54329268239728,33.04683114924236,33.047080276018505,0.7836587957727019,21.0,3.41714753915312e-05
265.0,33.35114789781121,-38.29726951738067,41.55868768572747,33.04684894401208,33.04709618770723,0.7836579874724237,20.999999999999993,2.5063127679914032e-05
265.05,34.02459684744813,-37.7002213516244,42.57408337896267,33.04686660427602,33.04711164754898,0.7836576133784732,20.999999999999996,1.6166005565310115e-05
265.1,34.68735971247399,-37.09133270438033,43.58947975688834,33.04688410736694,33.0471266552132,0.7836576627717662,20.999999999999993,7.4818790096742305e-06
265.15000000000003,35.339228337508274,-36.47079479603313,44.604876813411124,33.046901432213104,33.0471412110018,0.7836581248821162,21.000000000000007,9.878658602247015e-07
265.2,35.97999798828056,-35.83880250600962,45.62027454162073,33.04691855926944,33.04715531581184,0.7836589889054224,21.0,9.242206999715563e-06
265.25,36.60946741595532,-35.195554311591,46.63567293384906,33.04693547045105,33.047168971099566,0.7836602440198916,21.0,1.7280466124702798e-05
265.3,37.22743892036232,-34.54125222559329,47.65107198172688,33.046952149068794,33.04718217884584,0.7836618794013361,21.0,2.5102289384903997e-05
265.35,37.8337184121126,-33.87610173293541,48.6664716762379,33.04696857976716,33.047194941523074,0.7836638842375905,21.0,3.270762888973877e-05
265.40000000000003,38.42811547358059,-33.20031172611508,49.681872007770465,33.046984748464006,33.047207262063516,0.783666247742083,21.0,4.00967250868689e-05
265.45,39.01044341873291,-32.51409443961271,50.69727296616697,33.047000642292545,33.04721914382869,0.7836689591665476,20.999999999999993,4.727008985128123e-05
265.5,39.58051935178521,-31.81766538324405,51.71267454077091,33.04701624954512,33.047230590580256,0.7836720078130099,20.999999999999996,5.422848929015345e-05
265.55,40.13816422466841,-31.111243274482522,52.72807672047192,33.047031559619064,33.047241606451934,0.7836753830449439,20.999999999999996,6.0972929247782304e-05
265.6,40.68320289328626,-30.395049969772625,53.7434794937485,33.04704656296427,33.047252195922866,0.7836790742977797,21.0,6.750463867888357e-05
265.65000000000003,41.21546417254655,-29.669310394855973,54.75888284870889,33.04706125103274,33.04726236379184,0.7836830710886602,20.999999999999996,7.382505671671424e-05
265.7,41.73478089014854,-28.934252474131974,55.77428677312994,33.04707561622981,33.047272115152765,0.7836873630255425,20.999999999999996,7.993581760956658e-05
265.75,42.24098993910975,-28.190107059075356,56.789691254493995,33.04708965186717,33.0472814553713,0.7836919398156965,21.0,8.583873764678174e-05
265.8,42.73393232901547,-27.437107855733117,57.80509628002409,33.04710335211747,33.047290390062315,0.7836967912735275,21.000000000000007,9.153580307952325e-05
265.85,43.21345323597491,-26.675491351323718,58.82050183671735,33.04711671197067,33.04729892506854,0.7837019073278739,21.0,9.702915662046507e-05
265.90000000000003,43.67940205126833,-25.905496739961627,59.835907911376616,33.04712972719195,33.0473070664401,0.7837072780287144,21.0,0.0001023210869277591
265.95,44.13163242866965,-25.127365847530626,60.85131449064055,33.0471423942811,33.04731482041503,0.7837128935533286,20.999999999999996,0.00010741401681002571
266.0,44.57000233042979,-24.34134305572952,61.86672156101209,33.047154710433524,33.04732219340059,0.7837187442119955,20.999999999999996,0.0001123104922839957
266.05,44.99437407190627,-23.547675225314165,62.88212910888545,33.0471666735026,33.04732919195565,0.7837248204531164,20.999999999999996,0.00011701317333745465
266.1,45.40461436482494,-22.746611618559992,63.89753712057157,33.04717828196353,33.04733582277374,0.7837311128679829,20.999999999999996,0.00012152482241845064
266.15000000000003,45.800594359160264,-21.938403820969427,64.91294558232227,33.04718953487855,33.047342092667,0.7837376121949973,20.999999999999993,0.0001258482973298669
266.2,46.182189683621054,-21.123305662248857,65.928354480353,33.04720043186344,33.047348008550934,0.7837443093235237,20.999999999999996,0.0001299865402870637
266.25,46.54928048472882,-20.301573136580036,66.94376380086433,33.04721097305541,33.04735357742983,0.7837511952973344,20.999999999999996,0.00013394257052823377
266.3,46.901751464476476,-19.47346432221098,67.95917353006209,33.04722115908215,33.04735880638305,0.7837582613176153,21.0,0.00013771947621421532
266.35,47.23949191655566,-18.639239300391715,68.9745836541765,33.047230991032215,33.04736370255189,0.7837654987457014,20.999999999999996,0.00014132040561776193
266.40000000000003,47.56239576114109,-17.799160073680362,69.98999415947993,33.04724047042647,33.04736827312717,0.7837728991053723,21.0,0.00014474856172341788
266.45,47.87036157822124,-16.95349048364525,71.00540503230373,33.047249599190806,33.0473725253376,0.7837804540848552,21.0,0.00014800719341678814
266.5,48.163292639464686,-16.102496127989003,72.0208162590539,33.04725837962987,33.047376466438536,0.7837881555385167,20.999999999999996,0.000151099589658088
266.55,48.4410969386122,-15.246444277120634,73.03622782622577,33.047266814401915,33.047380103701606,0.783795995488255,20.999999999999996,0.00015402907322936699
266.6,48.703687220385056,-14.38560379020192,74.05163972041774,33.04727490649474,33.04738344440469,0.7838039661245801,21.0,0.00015679899476594983
266.65000000000003,48.95098100790044,-13.520245030694456,75.067051928344,33.0472826592026,33.0473864958226,0.7838120598074809,20.999999999999996,0.00015941272650366045
266.7,49.18290062858531,-12.650639781433973,76.08246443684651,33.04729007610403,33.04738926521828,0.7838202690669647,20.999999999999993,0.00016187365801556552
266.75,49.399373238580694,-11.777061159258622,77.09787723290597,33.04729716104076,33.04739175983448,0.783828586603434,20.999999999999996,0.0001641851896749813
266.8,49.60033084562867,-10.89978352921808,78.11329030365194,33.047303918097455,33.047393986886036,0.7838370052877792,21.0,0.00016635072938697704
266.85,49.78571033043487,-10.019082418390468,79.1287036363724,33.047310351582354,33.04739595355245,0.7838455181612858,20.999999999999996,0.0001683736869040331
266.90000000000003,49.95545346649981,-9.135234429334183,80.1441172185224,33.047316466008795,33.04739766697107,0.7838541184353289,21.000000000000007,0.00017025747013121872
266.95,50.10950693841288,-8.248517153201858,81.15953103773185,33.04732226607753,33.04739913423082,0.7838627994908762,21.000000000000007,0.00017200548086293566
267.0,50.24782235860313,-7.35920908254378,82.174945081813,33.04732775665991,33.04740036236595,0.7838715548778481,21.0,0.0001736211109459873
267.05,50.3703562825418,-6.467589523828185,83.19035933876687,33.04733294278177,33.04740135835069,0.7838803783142438,21.0,0.00017510773943740787
267.1,50.47707022239161,-5.573938509705932,84.20577379678946,33.04733782960812,33.047402129093946,0.783889263685154,21.0,0.00017646872791488022
267.15000000000003,50.567930659098735,-4.678536711047144,85.22118844427693,33.047342422428535,33.04740268143448,0.783898205041659,21.0,0.00017770741820299918
267.2,50.64290905292354,-3.781665348777475,86.23660326983052,33.04734672664324,33.047403022136514,0.7839071965994933,20.999999999999996,0.00017882713009953477
267.25,50.70198185240692,-2.883606105541709,87.25201826226086,33.0473507477499,33.0474031578856,0.7839162327376812,20.999999999999996,0.00017983115668585015
267.3,50.745130501769246,-1.9846410372224739,88.2674334105917,33.04735449133103,33.047403095284714,0.7839253079970092,20.999999999999996,0.0001807227637584674
267.35,50.77234144673989,-1.0850524843418778,89.28284870406327,33.047357963042,33.047402840850964,0.7839344170783775,21.000000000000007,0.00018150518656057102
267.40000000000003,50.783606138815216,-0.1851229833739143,90.29826413213499,33.047361168599785,33.04740240101234,0.7839435548410663,21.0,0.0001821816273661625
267.45,50.77892103794399,0.7148648220044845,91.31367968448798,33.04736411377211,33.04740178210471,0.783952716300945,21.0,0.00018275525377475788
267.5,50.75828761363915,1.614628269695852,92.3290953510269,33.0473668043673,33.0474009903694,0.7839618966284903,20.999999999999996,0.00018322919757451928
267.55,50.721712344515794,2.513884767970151,93.34451112188175,33.0473692462246,33.04740003195065,0.7839710911468458,21.0,0.00018360655090532418
267.6,50.669206716255445,3.412351884230388,94.3599269874088,33.04737144520503,33.04739891289368,0.7839802953297124,21.0,0.0001838903671114167
267.65000000000003,50.60078721799728,4.309747433727989,95.37534293819155,33.04737340718279,33.04739763914262,0.7839895047992655,21.0,0.00018408365733080245
267.7,50.51647533715747,5.205789568200054,96.39075896504131,33.04737513803707,33.047396216539056,0.7839987153239036,21.0,0.0001841893910636827
267.75,50.41629755267832,6.100196864400644,97.40617505899726,33.047376643644355,33.047394650820486,0.7840079228160306,21.0,0.0001842104927618493
267.8,50.300285326709265,6.992688412498274,98.42159121132647,33.04737792987122,33.047392947619045,0.7840171233297681,20.999999999999996,0.0001841498425392274
267.85,50.16847509472245,7.882983904311853,99.43700741352343,33.047379002567496,33.047391112460616,0.7840263130585825,20.999999999999996,0.0001840102747507899
267.90000000000003,50.020908254065965,8.77080372135733,100.45242365730941,33.04737986755986,33.04738915076381,0.7840354883329468,21.000000000000007,0.00018379457628725504
267.95,49.85763115095833,9.655869022677397,101.46783993463167,33.04738053064586,33.047387067839416,0.7840446456178967,21.0,0.000183505487285629
268.0,49.67869506592844,10.537901832426655,102.48325623766213,33.047380997588256,33.0473848688898,0.7840537815106217,21.000000000000007,0.0001831456989975777
268.05,49.48415619770535,11.416625127184727,103.4986725587962,33.047381274109796,33.04738255900857,0.7840628927379782,21.000000000000007,0.0001827178544999697
268.1,49.274075645563315,12.29176292296988,104.51408889065118,33.04738136588828,33.04738014318038,0.7840719761540242,21.0,0.0001822245471316819
268.15000000000003,49.048519390127254,13.163040361925844,105.52950522606447,33.047381278552,33.04737762628085,0.7840810287375177,21.000000000000007,0.00018166832091992546
268.2,48.807558272645025,14.030183798654576,106.5449215580917,33.04738101767549,33.0473750130766,0.7840900475894017,21.0,0.0001810516698697029
268.25,48.55126797273283,14.892920886167868,107.56033788000464,33.04738058877557,33.04737230822548,0.784099029930303,20.999999999999996,0.000180377037679591
268.3,48.27972898460085,15.750980661430793,108.57575418528886,33.04737999730771,33.04736951627681,0.7841079730979885,20.999999999999996,0.00017964681802595805
268.35,47.993026591766565,16.60409363047012,109.59117046764153,33.047379248662644,33.04736664167188,0.7841168745448499,20.999999999999996,0.00017886335371031237
268.40000000000003,47.69125084026374,17.451991853020978,110.60658672096878,33.047378348163306,33.04736368874435,0.7841257318354096,21.0,0.0001780289372277366
268.45,47.37449651035547,18.29440902668517,111.62200293938314,33.04737730106195,33.0473606617209,0.7841345426437556,21.0,0.00017714581119321338
268.5,47.04286308676024,19.13108057057471,112.6374191172008,33.04737611253759,33.047357564722,0.7841433047510478,21.0,0.00017621616692053976
268.55,46.69645472740034,19.96174370841434,113.6528352489387,33.04737478769362,33.047354401762604,0.7841520160430449,21.0,0.0001752421458434128
268.6,46.3353802306824,20.786137551076866,114.66825132931166,33.04737333155569,33.04735117675301,0.784160674507568,20.999999999999996,0.0001742258399417551
268.65000000000003,45.959753001320514,21.60400317852548,115.68366735322925,33.04737174906978,33.047347893499946,0.7841692782320635,20.999999999999993,0.000173169290462738
268.7,45.569691014712504,22.415083721137258,116.69908331579298,33.04737004510051,33.047344555707376,0.7841778254011089,20.999999999999996,0.00017207448991030105
268.75,45.165316779880634,23.219124440382334,117.71449921229288,33.04736822442957,33.04734116697762,0.7841863142940113,20.999999999999996,0.00017094338090828387
268.8,44.746757300988435,24.015872808833436,118.7299150382043,33.04736629175443,33.04733773081261,0.7841947432823559,21.0,0.00016977785804783707
268.85,44.31414403744568,24.80507858948059,119.74533078918486,33.047364251687156,33.04733425061495,0.7842031108275904,21.0,0.00016857976689266252
268.90000000000003,43.86761286261411,25.58649391432618,120.76074646107088,33.047362108753426,33.04733072968915,0.7842114154787012,21.0,0.00016735090468955605
268.95,43.40730402112686,26.359873362235597,121.77616204987415,33.04735986739169,33.04732717124297,0.784219655869812,20.999999999999996,0.00016609302221581856
269.0,42.93336208483504,27.12497403601909,122.79157755177854,33.0473575319525,33.047323578388685,0.7842278307178816,20.999999999999996,0.00016480782221606205
269.05,42.44593590739522,27.881555638720613,123.80699296313668,33.047355106697935,33.04731995414444,0.7842359388203803,21.0,0.0001634969613917292
269.1,41.94517857751225,28.629380549089667,124.82240828046632,33.04735259580126,33.04731630143567,0.784243979053052,20.999999999999996,0.0001621620499747678
269.15000000000003,41.431247370852,29.368213896212506,125.83782350044717,33.04735000334658,33.047312623096424,0.784251950367647,20.999999999999996,0.00016080465343293326
269.2,40.90430370063911,30.097823633279226,126.85323861991711,33.04734733332871,33.04730892187106,0.7842598517897059,21.0,0.0001594262919013545
269.25,40.364513066955396,30.8179806104636,127.86865363586898,33.04734458965316,33.04730520041535,0.7842676824164059,21.0,0.00015802844117729364
269.3,39.81204500475474,31.528458646892766,128.88406854544704,33.04734177613617,33.047301461298304,0.7842754414143798,21.0,0.00015661253399912312
269.35,39.247073030610814,32.22903460168419,129.89948334594357,33.0473388965049,33.047297707003466,0.784283128017627,20.999999999999993,0.00015517995947789132
269.40000000000003,38.66977458821446,32.91948844402758,130.9148980347952,33.04733595439765,33.04729393993055,0.7842907415253961,20.999999999999996,0.0001537320649447338
269.45,38.08033099263771,33.599603322289745,131.93031260957972,33.04733295336428,33.04729016239696,0.7842982813001811,20.999999999999996,0.00015227015538243904
269.5,37.47892737338209,34.26916563212076,132.94572706801262,33.047329896866614,33.04728637663924,0.7843057467656678,21.0,0.00015079549569918527
269.55,36.865752616228995,34.92796508353996,133.96114140794347,33.047326788278944,33.047282584814816,0.7843131374047587,21.0,0.00014930930973378054
269.6,36.24099930391049,35.5757947669808,134.97655562735275,33.04732363088865,33.047278789003336,0.7843204527576546,21.0,0.00014781278181885682
269.65000000000003,35.60486365561915,36.21245121827376,135.99196972434834,33.04732042789684,33.047274991208475,0.7843276924198932,21.0,0.00014630705791773835
269.7,34.95754546537589,36.83773448254699,137.00738369716225,33.0473171824191,33.04727119335929,0.7843348560405374,20.999999999999996,0.00014479324477179034
269.75,34.29924803927524,37.451448177024524,138.02279754414732,33.047313897486255,33.0472673973119,0.7843419433202854,20.999999999999996,0.0001432724128846985
269.8,33.630178131627716,38.05339955270244,139.0382112637738,33.04731057604523,33.04726360485107,0.7843489540096868,20.999999999999996,0.00014174559495927497
269.85,32.95054588001933,38.64339955488355,140.05362485462632,33.04730722095993,33.047259817691625,0.7843558879073811,20.999999999999993,0.00014021378802908657
269.90000000000003,32.26056473930872,39.22126288255169,141.06903831540043,33.047303835012194,33.04725603748023,0.7843627448583419,20.999999999999996,0.00013867795388478044
269.95,31.560451414582577,39.786808046566826,142.08445164489967,33.047300420902765,33.04725226579669,0.784369524752222,21.000000000000007,0.00013713901921619254
270.0,30.850425793090395,40.33985742666289,143.09986484203213,33.04729698125233,33.04724850415578,0.7843762275216477,20.999999999999996,0.00013559787760186737
270.05,30.130710875180014,40.88023732723031,144.11527790580763,33.04729351860258,33.047244754008446,0.7843828531406487,20.999999999999996,0.0001340553885142981
270.1,29.401532704255583,41.407778031865796,145.1306908353345,33.047290035417284,33.04724101674363,0.7843894016229953,21.000000000000007,0.000132512380019989
270.15000000000003,28.66312029577996,41.922313856672226,146.1461036298165,33.047286534083455,33.047237293689584,0.7843958730207348,21.0,0.00013096964693204427
270.2,27.915705565343863,42.42368320229193,147.16151628855005,33.047283016912466,33.04723358611548,0.7844022674225926,21.0,0.00012942795478920743
270.25,27.159523255824332,42.91172860465703,148.17692881092114,33.04727948614126,33.0472298952328,0.7844085849525584,21.0,0.00012788803715579888
270.3,26.394810863655433,43.38629678444084,149.19234119640257,33.047275943933506,33.047226222196855,0.784414825768387,21.0,0.00012635059931653814
270.35,25.6218085642343,43.84723869519494,150.20775344455083,33.04727239238088,33.04722256810827,0.7844209900602337,20.999999999999993,0.00012481631657124126
270.40000000000003,24.840759136485993,44.294409570156674,151.22316555500367,33.04726883350427,33.047218934014374,0.7844270780492266,21.000000000000007,0.00012328583693488326
270.45,24.051907886610838,44.72766896771247,152.23857752747716,33.047265269254986,33.0472153209106,0.784433089986166,20.999999999999996,0.00012175977985862119
270.5,23.255502571038207,45.14688081550265,153.25398936176308,33.047261701516106,33.04721172974198,0.7844390261501815,20.999999999999996,0.00012023873878774793
270.55,22.451793318610925,45.55191345315396,154.26940105772601,33.047258132103664,33.04720816140443,0.7844448868474956,21.0,0.000118723280309041
270.6,21.641032552024765,45.942639673626324,155.28481261530115,33.047254562768,33.0472046167462,0.784450672410145,20.999999999999993,0.00011721394628239068
270.65000000000003,20.823474908547677,46.3189367631609,156.3002240344915,33.04725099519502,33.047201096569125,0.7844563831947795,20.999999999999993,0.00011571125298814877
270.7,19.999377160043675,46.68068653981686,157.31563531536537,33.047247431007456,33.04719760163004,0.7844620195814969,20.999999999999996,0.00011421569269032261
270.75,19.16899813232648,47.02777539058485,158.33104645805412,33.04724387176621,33.04719413264205,0.7844675819726774,20.999999999999993,0.0001127277343471178
270.8,18.332598623868243,47.360094307065424,159.3464574627494,33.04724031897163,33.047190690275855,0.7844730707918899,21.0,0.00011124782361093821
270.85,17.49044132388892,47.6775389197013,160.36186832970125,33.04723677406479,33.047187275160944,0.7844784864827901,21.0,0.00010977638424947145
270.90000000000003,16.642790729851953,47.98000953055263,161.37727905921545,33.0472332384288,33.047183887886874,0.7844838295080763,20.999999999999996,0.00010831381800358031
270.95,15.789913064392222,48.26741114460509,162.39268965165147,33.04722971339009,33.04718052900454,0.7844891003484662,21.000000000000007,0.00010686050572417116
271.0,14.932076191702347,48.53965349960088,163.40810010742018,33.04722620021969,33.04717719902732,0.784494299501695,20.999999999999993,0.00010541680779851959
271.05,14.069549533403574,48.79665109438331,164.42351042698172,33.047222700134526,33.047173898432256,0.7844994274815775,20.999999999999993,0.00010398306457659601
271.1,13.202603983927697,49.038323215746054,165.43892061084338,33.04721921429864,33.04717062766129,0.7845044848170417,21.000000000000007,0.00010255959765004263
271.15000000000003,12.331511825436557,49.26459396377869,166.45433065955774,33.047215743824545,33.047167387122244,0.7845094720512265,20.999999999999996,0.00010114670928373926
271.2,11.45654664230587,49.47539227570049,167.46974057372026,33.04721228977438,33.04716417719012,0.7845143897406359,21.0,9.974468369478018e-05
271.25,10.57798323520021,49.670651948175106,168.4851503539678,33.04720885316122,33.047160998208085,0.7845192384542301,20.999999999999996,9.83537881893426e-05
271.3,9.69609753476615,49.85031165809897,169.50056000097638,33.047205434950286,33.04715785048856,0.7845240187726503,21.0,9.697427188370966e-05
271.35,8.811166514970656,50.01431498185708,170.51596951545946,33.047202036060156,33.04715473431428,0.7845287312873879,21.0,9.56063684043329e-05
271.40000000000003,7.923468106111954,50.16261041304,171.53137889816617,33.04719865736403,33.0471516499393,0.7845333766000309,21.0,9.42502947509638e-05
271.45,7.0332811075301676,50.2951513786165,172.5467881498794,33.047195299690834,33.04714859759006,0.7845379553215039,21.0,9.290625285984788e-05
271.5,6.140885100045178,50.41189625355691,173.56219727141428,33.04719196382649,33.04714557746633,0.7845424680713506,21.0,9.157442946161609e-05
271.55,5.246560358149161,50.512808373902395,174.57760626361636,33.047188650515054,33.04714258974209,0.7845469154770157,20.999999999999996,9.025499693393613e-05
271.6,4.350587761981398,50.59785604827624,175.59301512735996,33.047185360459835,33.04713963456666,0.7845512981732199,20.999999999999996,8.894811330151242e-05
271.65000000000003,3.453248709113007,50.667012567833396,176.60842386354682,33.04718209432461,33.04713671206542,0.7845556168012351,21.0,8.765392408349726e-05
271.7,2.5548250261692753,50.72025621464521,177.62383247310424,33.04717885273467,33.0471338223409,0.784559872008316,20.999999999999993,8.637256030397111e-05
271.75,1.6555988803173716,50.75757026851679,178.63924095698394,33.04717563627796,33.04713096547349,0.7845640644470606,21.0,8.510414161833069e-05
271.8,0.7558526906472125,50.77894301223467,179.65464931616037,33.04717244550621,33.04712814152234,0.7845681947748275,20.999999999999996,8.384877489220344e-05
271.85,-0.1441309605266733,50.78436773524339,-179.3299424483707,33.04716928093594,33.047125350526294,0.7845722636531889,20.999999999999993,8.260655533831596e-05
271.90000000000003,-1.0440694164144388,50.773842735749604,-178.3145343355934,33.04716614304954,33.047122592504586,0.7845762717473548,20.999999999999996,8.13775672270367e-05
271.95,-1.9436800345234952,50.74737132125318,-177.29912634447314,33.047163032296325,33.047119867457674,0.7845802197257044,21.00000000000001,8.016188331794183e-05
272.0,-2.842680275426497,50.70496180750514,-176.283718473958,33.04715994909357,33.047117175368044,0.7845841082592102,21.0,7.895956699144335e-05
272.05,-3.7407877914968566,50.646627515892675,-175.26831072297983,33.047156893827456,33.047114516200956,0.7845879380210121,20.999999999999996,7.777067011716099e-05
272.1,-4.637720515583931,50.57238676925216,-174.25290309045548,33.04715386685414,33.047111889905125,0.7845917096859125,21.0,7.659523603820162e-05
272.15000000000003,-5.5331967496000205,50.48226288611145,-173.237495575288,33.04715086850064,33.047109296413474,0.7845954239299786,20.999999999999996,7.543329800796528e-05
272.2,-6.426935252991377,50.37628417336319,-172.22208817636783,33.047147899065834,33.04710673564386,0.7845990814300521,21.0,7.428488132177336e-05
272.25,-7.318655331065424,50.2544839173716,-171.20668089257376,33.04714495882141,33.047104207499714,0.7846026828633654,20.999999999999996,7.315000146945749e-05
272.3,-8.208076923146463,50.116900373515406,-170.19127372277404,33.047142048012724,33.04710171187075,0.7846062289071796,21.0,7.202866626698778e-05
272.35,-9.094920690532177,49.9635767541702,-169.17586666582744,33.04713916685972,33.047099248633465,0.7846097202383433,21.0,7.092087628279842e-05
272.40000000000003,-9.978908104223311,49.79456121513411,-168.1604597205842,33.04713631555785,33.047096817651976,0.7846131575329807,21.0,6.982662327459366e-05
272.45,-10.859761532398982,49.60990684050093,-167.14505288588697,33.04713349427886,33.04709441877845,0.7846165414661144,20.999999999999993,6.87458927473017e-05
272.5,-11.737204327610142,49.40967162598554,-166.12964616057175,33.04713070317169,33.04709205185376,0.7846198727113673,20.999999999999993,6.767866267409772e-05
272.55,-12.610960913663824,49.193918460706755,-165.11423954346873,33.04712794236326,33.04708971670807,0.7846231519406004,20.999999999999993,6.662490505959795e-05
272.6,-13.480756872170883,48.962715107433525,-164.09883303340325,33.04712521195932,33.04708741316136,0.7846263798236635,20.999999999999996,6.558458466088268e-05
272.65000000000003,-14.346319028730038,48.71613418130041,-163.08342662919645,33.04712251204518,33.047085141023935,0.7846295570280617,20.999999999999996,6.455766126123308e-05
272.7,-15.207375538721179,48.45425312699927,-162.0680203296663,33.04711984268651,33.047082900097074,0.7846326842186926,20.999999999999996,6.354408796482858e-05
272.75,-16.063655972680973,48.17715419445418,-161.05261413362808,33.04711720393012,33.04708069017339,0.7846357620576327,21.0,6.254381261783237e-05
272.8,-16.91489140123397,47.884924412987274,-160.03720803989538,33.04711459580464,33.0470785110373,0.7846387912038182,21.000000000000007,6.155677880315125e-05
272.85,-17.760814479552533,47.5776555639836,-159.02180204728057,33.047112018321265,33.0470763624657,0.7846417723128383,20.999999999999996,6.058292370880736e-05
272.90000000000003,-18.601159531319084,47.2554441520636,-158.0063961545957,33.04710947147444,33.04707424422824,0.7846447060367367,20.999999999999996,5.9622180401674996e-05
272.95,-19.435662632164263,46.9183913747723,-156.99099036065294,33.04710695524257,33.04707215608783,0.784647593023756,21.0,5.8674477969589134e-05
273.0,-20.264061692554847,46.566603090794565,-155.9755846642653,33.04710446958866,33.04707009780102,0.7846504339181877,21.000000000000007,5.7739740384477045e-05
273.05,-21.08609654010536,46.20018978670667,-154.96017906424734,33.047102014460975,33.04706806911853,0.7846532293601385,20.999999999999996,5.681788863398651e-05
273.1,-21.901509001287533,45.81926654227438,-153.94477355941547,33.04709958979365,33.04706606978556,0.7846559799853594,20.999999999999996,5.5908839016183265e-05
273.15000000000003,-22.710042982511983,45.423952994308536,-152.92936814858874,33.04709719550736,33.04706409954215,0.7846586864251108,21.0,5.50125044185279e-05
273.2,-23.511444550556604,45.01437329908962,-151.9139628305893,33.04709483150985,33.047062158123694,0.7846613493059564,21.0,5.412879502841861e-05
273.25,-24.30546201231645,44.59065609337282,-150.8985576042428,33.04709249769655,33.04706024526112,0.7846639692496638,20.999999999999996,5.325761691210573e-05
273.3,-25.09184599385004,44.15293445398612,-149.88315246837897,33.04709019395116,33.04705836068141,0.7846665468730123,20.999999999999996,5.239887414631994e-05
273.35,-25.870349518697278,43.70134585603393,-148.8677474218321,33.04708792014618,33.047056504107786,0.7846690827877154,20.999999999999996,5.155246697086113e-05
273.40000000000003,-26.640728085444398,43.23603212971946,-147.85234246344137,33.04708567614344,33.04705467526018,0.7846715776002569,20.999999999999996,5.071829406233519e-05
273.45,-27.402739744511543,42.75713941579939,-146.83693759205136,33.047083461794635,33.04705287385542,0.7846740319118126,21.0,4.989625082885141e-05
273.5,-28.15614517413891,42.26481811968475,-145.82153280651232,33.04708127694183,33.047051099607614,0.784676446318116,21.000000000000007,4.908623111532506e-05
273.55,-28.900707755547565,41.75922286420258,-144.80612810568073,33.047079121417966,33.04704935222842,0.7846788214093792,21.0,4.828812606660904e-05
273.6,-29.63619364725132,41.24051244103303,-143.79072348841945,33.04707699504728,33.04704763142727,0.7846811577702013,21.0,4.7501825264362196e-05
273.65000000000003,-30.362371858496388,40.708849760837296,-142.77531895359823,33.04707489764585,33.047045936911765,0.7846834559794829,21.0,4.672721644283229e-05
273.7,-31.079014321805673,40.16440180209193,-141.75991450009394,33.047072829021985,33.047044268387765,0.7846857166103547,20.999999999999996,4.5964185630964494e-05
273.75,-31.785895964604986,39.607339558645705,-140.7445101267908,33.04707078897668,33.04704262555982,0.7846879402300999,20.999999999999996,4.521261743661853e-05
273.8,-32.48279477990865,39.03783798601544,-139.72910583258084,33.04706877730405,33.0470410081312,0.7846901274001183,21.0,4.447239490446009e-05
273.85,-33.16949189604231,38.45607594643764,-138.713701616364,33.0470667937917,33.04703941580437,0.784692278675827,20.999999999999996,4.374340036861213e-05
273.90000000000003,-33.84577164538104,37.862236152693285,-137.69829747704858,33.047064838221175,33.04703784828099,0.7846943946066673,21.0,4.302551417367795e-05
273.95,-34.51142163208121,37.25650511072328,-136.6828934135512,33.047062910368304,33.047036305262225,0.7846964757360055,20.999999999999996,4.231861680636939e-05
274.0,-35.16623279878475,36.639073061052756,-135.66748942479725,33.04706101000359,33.04703478644899,0.7846985226011327,21.000000000000007,4.1622586763878644e-05
274.05,-35.80999949227496,36.01013391904244,-134.65208550972102,33.04705913689255,33.047033291541986,0.7847005357332364,21.0,4.093730254339789e-05
274.1,-36.4425195280632,35.369885213985995,-133.6366816672658,33.047057290796076,33.0470318202421,0.7847025156573366,21.0,4.026264207368513e-05
274.15000000000003,-37.06359425388612,34.71852802707241,-132.6212778963843,33.04705547147079,33.04703037225035,0.7847044628923001,21.0,3.959848200452143e-05
274.2,-37.67302861209367,34.056266928232866,-131.60587419603857,33.04705367866933,33.04702894726828,0.7847063779507906,21.0,3.894469926990496e-05
274.25,-38.270631200908035,33.38330991189203,-130.5904705652003,33.04705191214068,33.04702754499796,0.784708261339297,21.0,3.8301169809074054e-05
274.3,-38.85621433453454,32.69986833164382,-129.5750670028508,33.047050171630495,33.04702616514216,0.7847101135580985,20.999999999999996,3.766777012970124e-05
274.35,-39.42959410210539,32.0061568338723,-128.5596635079814,33.04704845688132,33.04702480740456,0.7847119351012495,20.999999999999996,3.7044376028916304e-05
274.40000000000003,-39.99059042543791,31.3023932903384,-127.54426007959333,33.047046767632985,33.047023471489865,0.7847137264565944,20.999999999999993,3.643086301963194e-05
274.45,-40.53902711558909,30.58879872975374,-126.52885671669789,33.04704510362276,33.047022157103896,0.784715488105789,20.999999999999996,3.5827106898977945e-05
274.5,-41.07473192818866,29.865597268363032,-125.5134534183166,33.04704346458569,33.047020863953776,0.7847172205242714,21.0,3.523298389040974e-05
274.55,-41.59753661753331,29.133016039556804,-124.4980501834812,33.04704185025484,33.047019591747976,0.7847189241812984,21.0,3.4648369648948574e-05
274.6,-42.10727698942511,28.391285122536615,-123.48264701123388,33.0470402603615,33.04701834019651,0.7847205995399591,21.0,3.407314054015842e-05
274.65000000000003,-42.60379295273752,27.64063747005514,-122.46724390062717,33.047038694635425,33.04701710901097,0.784722247057168,20.999999999999993,3.350717321382035e-05
274.7,-43.08692856969275,26.881308835253787,-121.45184085072408,33.0470371528051,33.04701589790471,0.7847238671837076,20.999999999999996,3.2950344177606894e-05
274.75,-43.55653210483477,26.113537697620888,-120.43643786059818,33.04703563459793,33.047014706592805,0.7847254603642568,20.999999999999996,3.2402530791841855e-05
274.8,-44.01245607268249,25.337565188093656,-119.42103492933357,33.047034139740425,33.047013534792306,0.7847270270373841,20.999999999999996,3.186361098528323e-05
274.85,-44.45455728404822,24.55363501332746,-118.40563205602501,33.04703266795841,33.047012382222235,0.7847285676356179,21.0,3.133346254458047e-05
274.90000000000003,-44.88269689100684,23.761993379156216,-117.39022923977781,33.04703121897726,33.047011248603624,0.7847300825854404,20.999999999999996,3.0811964677468495e-05
274.95,-45.29674043050152,22.96288891326786,-116.374826479708,33.047029792522004,33.04701013365966,0.7847315723073507,20.999999999999996,3.029899644957368e-05
275.0,-45.69655786657239,22.1565725871193,-115.35942377494226,33.04702838831755,33.047009037115764,0.7847330372158723,21.000000000000007,2.979443820549932e-05
275.05,-46.08202363119478,21.343297637115256,-114.3440211246179,33.047027006088854,33.047007958699616,0.784734477719617,21.0,2.929817043195726e-05
275.1,-46.45301666371427,20.52331948507583,-113.3286185278829,33.04702564556105,33.0470068981412,0.7847358942212992,21.0,2.8810074894636273e-05
275.15000000000003,-46.80942044886622,19.696895658017723,-112.31321598389593,33.04702430645963,33.04700585517293,0.7847372871177924,20.999999999999993,2.833003364344222e-05
275.2,-47.15112305336767,18.864285707274323,-111.29781349182628,33.04702298851058,33.04700482952957,0.7847386568001795,20.999999999999996,2.7857929865149345e-05
275.25,-47.47801716107032,18.025751126980055,-110.28241105085384,33.047021691440506,33.04700382094851,0.7847400036537593,20.999999999999996,2.7393647741291716e-05
275.3,-47.79000010666343,17.181555271944596,-109.26700866016915,33.04702041497679,33.047002829169585,0.7847413280581534,21.000000000000007,2.6937071595511952e-05
275.35,-48.086973907916025,16.33196327494275,-108.2516063189733,33.04701915884771,33.047001853935186,0.7847426303872851,20.999999999999996,2.648808788308088e-05
275.40000000000003,-48.36884529644844,15.477241963445952,-107.23620402647789,33.04701792278253,33.047000894990376,0.7847439110094854,21.0,2.6046582632943682e-05
275.45,-48.63552574702334,14.617659775821538,-106.22080178190504,33.04701670651166,33.04699995208284,0.7847451702875148,20.999999999999996,2.561244400567375e-05
275.5,-48.886931505347135,13.753486677026144,-105.20539958448732,33.047015509766744,33.046999024962936,0.7847464085786129,20.999999999999996,2.518556058817012e-05
275.55,-49.122983614373105,12.884994073819652,-104.18999743346772,33.04701433228076,33.04699811338373,0.7847476262345552,21.0,2.476582196209165e-05
275.6,-49.34360793909781,12.012454729526358,-103.17459532809954,33.04701317378811,33.04699721710101,0.7847488236017242,21.000000000000007,2.4353118845965582e-05
275.65000000000003,-49.54873518984312,11.13614267837011,-102.15919326764642,33.047012034024746,33.046996335873324,0.7847500010211164,20.999999999999996,2.394734337940463e-05
275.7,-49.73830094401659,10.256333139410318,-101.14379125138221,33.04701091272821,33.04699546946197,0.7847511588284561,20.999999999999996,2.3548387844130048e-05
275.75,-49.91224566634319,9.373302430105866,-100.12838927859096,33.047009809637764,33.046994617631086,0.7847522973542027,21.000000000000007,2.3156146795599852e-05
275.8,-50.07051472756217,8.487327879534089,-99.11298734856678,33.04700872449443,33.04699378014752,0.7847534169236354,20.999999999999996,2.2770514931380603e-05
275.85,-50.21305842158316,7.598687741292039,-98.09758546061389,33.04700765704108,33.046992956781,0.7847545178568893,20.999999999999996,2.2391388654341426e-05
275.90000000000003,-50.33983198109609,6.707661106107421,-97.08218361404641,33.0470066070225,33.04699214730409,0.7847556004690333,20.999999999999996,2.2018665077894184e-05
275.95,-50.450795591630005,5.814527814186626,-96.06678180818844,33.04700557418548,33.04699135149209,0.7847566650701125,20.999999999999996,2.1652242878644756e-05
276.0,-50.54591440405646,4.919568367327394,-95.0513800423738,33.0470045582788,33.04699056912323,0.78475771196522,21.0,2.1292021585850307e-05
276.05,-50.62515854553345,4.023063840823721,-94.0359783159461,33.04700355905341,33.04698979997853,0.7847587414545245,20.999999999999993,2.093790214985347e-05
276.1,-50.688503128886516,3.125295795190649,-93.02057662825862,33.047002576262344,33.046989043841826,0.7847597538333773,21.0,2.0589786089431072e-05
276.15000000000003,-50.73592826042404,2.226546187736688,-92.00517497867419,33.04700160966088,33.04698830049983,0.7847607493923263,20.999999999999993,2.0247577054988142e-05
276.2,-50.76741904618431,1.3270972840116342,-90.98977336656515,33.04700065900652,33.046987569742036,0.7847617284172017,20.999999999999993,1.9911178981146804e-05
276.25,-50.78296559661235,0.4272315691575853,-89.97437179131319,33.046999724059056,33.04698685136079,0.7847626911891581,21.0,1.958049750783175e-05
276.3,-50.7825630296651,-0.4727683408089952,-88.95897025230937,33.04699880458061,33.04698614515127,0.7847636379847671,21.000000000000007,1.9255439127618956e-05
276.35,-50.76621147234388,-1.372619787756307,-87.94356874895395,33.046997900335654,33.046985450911436,0.7847645690760245,21.0,1.8935912180495507e-05
276.40000000000003,-50.7339160606538,-2.27204016020946,-86.92816728065633,33.04699701109107,33.04698476844206,0.7847654847304568,21.0,1.8621825148557036e-05
276.45,-50.68568693798995,-3.1707469821080565,-85.91276584683493,33.046996136616144,33.0469840975467,0.7847663852111495,20.999999999999996,1.8313088645527387e-05
276.5,-50.62153925195107,-4.068458001521241,-84.89736444691712,33.04699527668261,33.0469834380317,0.7847672707768254,20.999999999999996,1.8009613853564588e-05
276.55,-50.54149314958152,-4.964891279292344,-83.88196308033916,33.04699443106469,33.04698278970616,0.7847681416819015,21.0,1.7711313518020688e-05
276.6,-50.445573771043165,-5.859765277585296,-82.866561746546,33.04699359953908,33.04698215238193,0.7847689981765313,20.999999999999996,1.7418101521116114e-05
276.65000000000003,-50.33381124171911,-6.75279894830499,-81.85116044499127,33.046992781884995,33.0469815258736,0.7847698405066907,21.0,1.7129892597722574e-05
276.7,-50.2062406627518,-7.643711821363824,-80.83575917513718,33.046991977884176,33.04698090999848,0.7847706689142129,21.0,1.6846603188014342e-05
276.75,-50.0629021000184,-8.532224092766713,-79.8203579364544,33.04699118732091,33.04698030457657,0.7847714836368596,21.0,1.656815044270843e-05
276.8,-49.903840571546965,-9.418056712486901,-78.80495672842194,33.04699040998204,33.04697970943054,0.7847722849083638,20.999999999999996,1.6294452933607317e-05
276.85,-49.72910603337738,-10.300931472104969,-77.78955555052708,33.04698964565693,33.04697912438578,0.7847730729585223,20.999999999999996,1.602543008516477e-05
276.90000000000003,-49.53875336387137,-11.18057109218352,-76.7741544022653,33.04698889413756,33.0469785492702,0.7847738480132165,21.0,1.576100316924567e-05
276.95,-49.332842346476724,-12.056699309350106,-75.75875328314008,33.046988155218465,33.046977983914466,0.7847746102944768,20.999999999999993,1.550109388404053e-05
277.0,-49.11143765095094,-12.929040963061045,-74.74335219266293,33.04698742869675,33.04697742815176,0.7847753600205678,20.999999999999996,1.5245625206716795e-05
277.05,-48.874608813050315,-13.797322082018862,-73.7279511303532,33.0469867143721,33.04697688181788,0.7847760974060094,21.0,1.4994521819744477e-05
277.1,-48.62243021269081,-14.661269970216246,-72.712550095738,33.0469860120468,33.046976344751144,0.7847768226616552,20.999999999999996,1.4747708831919226e-05
277.15000000000003,-48.35498105058755,-15.520613292579469,-71.6971490883521,33.04698532152569,33.04697581679238,0.7847775359947349,20.999999999999996,1.4505112915230711e-05
277.2,-48.072345323380326,-16.375082160184395,-70.68174810773786,33.04698464261617,33.046975297784996,0.7847782376089114,20.999999999999996,1.4266661594319885e-05
277.25,-47.774611797252874,-17.224408215018293,-69.66634715344512,33.04698397512822,33.04697478757483,0.7847789277043447,20.999999999999996,1.4032283530696077e-05
277.3,-47.46187398005422,-18.068324714260857,-68.65094622503102,33.0469833188744,33.046974286010155,0.7847796064777413,21.0,1.3801908664845541e-05
277.35,-47.13423009193089,-18.90656661405794,-67.63554532206003,33.04698267366982,33.04697379294172,0.7847802741224186,20.999999999999993,1.3575467932014362e-05
277.40000000000003,-46.79178303447911,-19.738870652761715,-66.62014444410376,33.0469820393321,33.04697330822265,0.7847809308283331,20.999999999999993,1.3352893546425548e-05
277.45,-46.43464035842684,-20.564975433611107,-65.60474359074091,33.04698141568142,33.04697283170843,0.7847815767821444,21.0,1.3134118290736296e-05
277.5,-46.06291422985562,-21.384621506826523,-64.58934276155715,33.046980802540496,33.04697236325692,0.7847822121672863,21.0,1.2919076226580728e-05
277.55,-45.67672139497296,-22.19755145109312,-63.57394195614499,33.046980199734534,33.04697190272831,0.7847828371639949,20.999999999999996,1.2707702836678436e-05
277.6,-45.276183143446275,-23.003509954406997,-62.55854117410375,33.04697960709123,33.04697144998507,0.7847834519493659,20.999999999999996,1.2499934172183202e-05
277.65000000000003,-44.86142527030992,-23.802243894258943,-61.543140415039424,33.04697902444079,33.04697100489195,0.7847840566974256,20.999999999999993,1.2295707421117186e-05
277.7,-44.43257803645725,-24.59350241713052,-60.52773967856459,33.04697845161587,33.04697056731593,0.7847846515791375,21.0,1.2094961192588016e-05
277.75,-43.98977612773011,-25.377037017277573,-59.5123389642983,33.046977888451586,33.04697013712618,0.7847852367624952,21.0,1.1897634237811872e-05
277.8,-43.533158612618685,-26.15260161477637,-58.49693827186601,33.04697733478549,33.04696971419412,0.784785812412558,20.999999999999996,1.1703667155416042e-05
277.85,-43.062868898584874,-26.91995263280788,-57.48153760089948,33.046976790457535,33.046969298393265,0.7847863786914857,21.0,1.1513001254570554e-05
277.90000000000003,-42.57905468702299,-27.67884907415594,-56.466136951036674,33.04697625531009,33.0469688895993,0.7847869357586035,20.999999999999996,1.132557855498817e-05
277.95,-42.081867926871894,-28.429052596895243,-55.450736321921646,33.04697572918789,33.04696848768997,0.7847874837704296,20.999999999999996,1.1141342355358574e-05
278.0,-41.57146476689317,-29.17032758924541,-54.4353357132045,33.04697521193805,33.046968092545164,0.784788022880754,20.999999999999996,1.0960236522805644e-05
278.05,-41.048005506630275,-29.902441243567623,-53.41993512454124,33.04697470340999,33.04696770404676,0.7847885532406593,20.999999999999996,1.0782206487647272e-05
278.1,-40.51165454606407,-30.62516362948058,-52.404534555593706,33.04697420345547,33.046967322078636,0.7847890749985709,20.999999999999996,1.0607198106526994e-05
278.15000000000003,-39.96258033398064,-31.338267766072814,-51.389134006029536,33.04697371192856,33.046966946526744,0.7847895883002991,20.999999999999996,1.0435158230848174e-05
278.2,-39.40095531506745,-32.04152969318871,-50.37373347552198,33.046973228685566,33.046966577278894,0.7847900932891108,20.999999999999996,1.026603456466546e-05
278.25,-38.82695587575462,-32.73472854176577,-49.35833296374985,33.04697275358509,33.04696621422492,0.7847905901057217,20.999999999999996,1.0099776233118973e-05
278.3,-38.24076228881822,-33.417646603201135,-48.34293247039746,33.046972286487936,33.0469658572565,0.7847910788883894,21.0,9.936332219240285e-06
278.35,-37.64255865676301,-34.0900693977255,-47.32753199515454,33.04697182725712,33.046965506267235,0.784791559772934,20.999999999999993,9.77565335347208e-06
278.40000000000003,-37.03253285400243,-34.751785741762966,-46.3121315377161,33.046971375757835,33.04696516115255,0.7847920328927742,20.999999999999996,9.617690892582687e-06
278.45,-36.41087646785399,-35.40258781425571,-45.29673109778237,33.04697093185746,33.04696482180968,0.7847924983789838,20.999999999999996,9.462396803883166e-06
278.5,-35.77778473836852,-36.04227122193258,-44.28133067505875,33.04697049542547,33.04696448813771,0.7847929563603202,20.999999999999996,9.30972419155296e-06
278.55,-35.13345649701233,-36.67063506350118,-43.265930269255705,33.046970066333486,33.04696416003746,0.7847934069632743,20.999999999999996,9.159626728205694e-06
278.6,-34.478094104221405,-37.28748199274324,-42.250529880088635,33.046969644455196,33.04696383741148,0.7847938503121057,20.999999999999996,9.01205908121483e-06
278.65000000000003,-33.81190338584725,-37.892618280493465,-41.2351295072779,33.04696922966636,33.046963520164056,0.7847942865288786,20.999999999999996,8.866976628496559e-06
278.7,-33.13509356851445,-38.48585387548245,-40.219729150548595,33.046968821844764,33.04696320820116,0.7847947157335184,21.000000000000007,8.724335458509813e-06
278.75,-32.44787721391012,-39.067002464024426,-39.20432880963062,33.04696842087022,33.04696290143045,0.7847951380438118,21.00000000000001,8.5840927965819e-06
278.8,-31.750470152026008,-39.635881528531264,-38.18892848425851,33.04696802662452,33.04696259976115,0.7847955535754849,20.999999999999996,8.446205868040124e-06
278.85,-31.043091413374096,-40.192312404834176,-37.17352817417138,33.04696763899142,33.04696230310415,0.7847959624422245,21.0,8.310633461405814e-06
278.90000000000003,-30.325963160197052,-40.73612033829529,-36.15812787911288,33.046967257856615,33.04696201137197,0.7847963647556995,20.999999999999996,8.177334791525936e-06
278.95,-29.59931061669515,-41.2671345386913,-35.142727598831065,33.04696688310771,33.046961724478564,0.7847967606256248,21.0,8.0462694995731e-06
279.0,-28.86336199829153,-41.785188233852146,-34.127327333078355,33.0469665146342,33.04696144233955,0.7847971501597684,20.999999999999996,7.917398505696838e-06
279.05,-28.11834843995804,-42.29011872203767,-33.11192708161142,33.046966152327435,33.046961164871945,0.7847975334640083,20.999999999999996,7.79068287215523e-06
279.1,-27.36450392362415,-42.78176742303597,-32.09652684419121,33.04696579608062,33.046960891994345,0.7847979106423466,21.0,7.666084798074735e-06
279.15000000000003,-26.60206520469176,-43.25997992796734,-31.081126620582754,33.04696544578874,33.04696062362672,0.7847982817969807,20.999999999999996,7.543566766798904e-06
279.2,-25.83127173767896,-43.724606047778096,-30.065726410555193,33.04696510134859,33.04696035969055,0.7847986470282748,21.0,7.42309268275676e-06
279.25,-25.052365601016124,-44.175499860409154,-29.050326213881657,33.04696476265874,33.046960100108706,0.784799006434838,20.999999999999996,7.304625881943139e-06
279.3,-24.265591421017888,-44.612519756624536,-28.034926030339182,33.04696442961944,33.04695984480537,0.784799360113567,20.999999999999996,7.188131263546893e-06
279.35,-23.471196295054988,-45.035528484485305,-27.01952585970872,33.046964102132726,33.046959593706234,0.7847997081596247,20.999999999999993,7.0735745794081595e-06
279.40000000000003,-22.669429713950006,-45.4443931924551,-26.004125701774974,33.04696378010226,33.04695934673819,0.7848000506665258,20.999999999999996,6.960921155041433e-06
279.45,-21.860543483621434,-45.83898547112365,-24.988725556326436,33.0469634634334,33.04695910382953,0.7848003877261363,20.999999999999996,6.850138021263774e-06
279.5,-21.04479164600066,-46.21918139353515,-23.973325423155195,33.04696315203312,33.04695886490983,0.784800719428695,21.000000000000007,6.741192208892244e-06
279.55,-20.2224303992467,-46.58486155410895,-22.95792530205701,33.04696284581003,33.046958629909916,0.7848010458628778,21.000000000000007,6.634051175069544e-06
279.6,-19.393718017283756,-46.93591110614014,-21.942525192831173,33.04696254467431,33.046958398761895,0.7848013671157901,20.999999999999996,6.528683655915302e-06
279.65000000000003,-18.558914768686837,-47.27221979786848,-20.927125095280413,33.0469622485377,33.04695817139906,0.7848016832730309,20.999999999999996,6.425058245440596e-06
279.7,-17.71828283494096,-47.59368200710414,-19.911725009210947,33.04696195731352,33.046957947755956,0.7848019944186859,20.999999999999996,6.32314481663343e-06
279.75,-16.87208622809958,-47.90019677439951,-18.896324934432297,33.046961670916545,33.046957727768294,0.7848023006353841,21.0,6.222913100373262e-06
279.8,-16.020590707868077,-48.19166783475659,-17.880924870757323,33.046961389263096,33.04695751137295,0.784802602004298,20.999999999999996,6.124333964407924e-06
279.85,-15.164063698138415,-48.46800364786008,-16.865524818002104,33.04696111227094,33.046957298507955,0.7848028986051787,20.999999999999996,6.027378276485251e-06
279.90000000000003,-14.302774203001126,-48.729117426826555,-15.850124775985918,33.0469608398593,33.04695708911243,0.7848031905164135,21.0,5.932017614895813e-06
279.95,-13.436992722261012,-48.97492716546084,-14.834724744531208,33.046960571948816,33.04695688312667,0.7848034778149895,20.999999999999996,5.838224694798555e-06
280.0,-12.56699116648311,-49.20535566401089,-13.819324723463424,33.046960308461514,33.04695668049198,0.7848037605765796,20.999999999999996,5.7459715208096895e-06
280.05,-11.69304277159559,-49.42033055341317,-12.803924712611101,33.04696004932084,33.04695648115077,0.7848040388755209,21.0,5.655231802847993e-06
280.1,-10.815422013076402,-49.619784318020926,-11.788524711805715,33.046959794451546,33.046956285046505,0.7848043127848712,20.999999999999996,5.565978824506601e-06
280.15000000000003,-9.934404519750645,-49.803654316808114,-10.773124720881679,33.04695954377976,33.046956092123644,0.7848045823764238,20.999999999999996,5.478187006247026e-06
280.2,-9.050266987225697,-49.971882803042455,-9.75772473967622,33.04695929723289,33.046955902327674,0.7848048477207143,21.0,5.391831052747875e-06
280.25,-8.163287090991323,-50.12441694242134,-8.742324768029448,33.04695905473966,33.04695571560508,0.7848051088870562,21.0,5.306885810796302e-06
280.3,-7.273743399212033,-50.26120882966496,-7.726924805784193,33.046958816230045,33.04695553190329,0.7848053659435763,20.999999999999996,5.2233268377221975e-06
280.35,-6.381915285239094,-50.38221550356137,-6.711524852786006,33.04695858163528,33.046955351170716,0.7848056189572148,20.999999999999996,5.141130401398186e-06
280.40000000000003,-5.488082839869662,-50.48739896045884,-5.696124908883085,33.04695835088781,33.04695517335668,0.7848058679937466,20.999999999999993,5.060272769696894e-06
280.45,-4.592526783380588,-50.57672616620121,-4.680724973926302,33.04695812392131,33.04695499841147,0.7848061131178312,21.0,4.980730636816588e-06
280.5,-3.69552837736454,-50.65016906650252,-3.6653250477690444,33.046957900670606,33.04695482628621,0.7848063543929982,20.999999999999996,4.902481691715366e-06
280.55,-2.797369336396108,-50.70770459575764,-2.649925130267272,33.04695768107172,33.046954656932954,0.78480659188169,20.999999999999996,4.8255033391342295e-06
280.6,-1.8983317395556596,-50.749314684286155,-1.634525221279387,33.04695746506181,33.04695449030464,0.7848068256452763,20.999999999999996,4.749773836465465e-06
280.65000000000003,-0.9986979418387073,-50.7749862640072,-0.6191253206662586,33.046957252579155,33.046954326355,0.7848070557440678,21.0,4.675271725318453e-06
280.7,-0.0987504854786323,-50.78471127254349,0.39627457170887714,33.04695704356315,33.04695416503869,0.7848072822373524,21.0,4.601975831519667e-06
280.75,0.8012279887893998,-50.778486655753255,1.4116744559804175,33.046956837954255,33.04695400631107,0.7848075051833874,21.0,4.529865691438317e-06
280.8,1.7009548304954545,-50.75631436868926,2.42707433228047,33.04695663569403,33.04695385012841,0.7848077246394425,20.999999999999996,4.458920699335067e-06
280.85,2.6001474682049004,-50.71820137498464,3.4424742007388525,33.046956436725054,33.046953696447765,0.7848079406617998,20.999999999999996,4.389121102121862e-06
280.90000000000003,3.4985234982636584,-50.664159644665695,4.457874061483168,33.046956240990966,33.04695354522688,0.7848081533057965,20.999999999999996,4.320447146710649e-06
280.95,4.395800773490753,-50.59420615039242,5.473273914638833,33.046956048436385,33.04695339642434,0.7848083626258031,21.0,4.252879932664655e-06
281.0,5.291697491790315,-50.50836286212784,6.4886737603291005,33.04695585900696,33.04695324999947,0.7848085686752881,21.0,4.186400133221468e-06
281.05,6.185932284655206,-50.40665674023793,7.504073598675161,33.046955672649275,33.046953105912294,0.7848087715067962,20.999999999999996,4.120989700595601e-06
281.1,7.078224305534463,-50.289119727024165,8.519473429796097,33.046955489310925,33.0469529641236,0.7848089711719766,20.999999999999996,4.0566301606759225e-06
281.15000000000003,7.968293318036818,-50.15578873669153,9.534873253808975,33.0469553089404,33.046952824594825,0.784809167721626,20.999999999999996,3.993303607785492e-06
281.2,8.855859783942586,-50.00670564375492,10.550273070828856,33.046955131487145,33.04695268728815,0.7848093612056601,21.000000000000007,3.930992988898652e-06
281.25,9.740644950996282,-49.84191726988782,11.565672880968817,33.04695495690151,33.04695255216645,0.7848095516731419,20.999999999999996,3.869680682555554e-06
281.3,10.622370940452397,-49.66147536921718,12.581072684340075,33.046954785134716,33.04695241919318,0.7848097391723243,20.999999999999996,3.809349635730541e-06
281.35,11.50076083434683,-49.4654366120692,13.596472481051887,33.0469546161389,33.04695228833254,0.7848099237506432,21.000000000000007,3.7499836480492377e-06
281.40000000000003,12.375538762466578,-49.253862567171154,14.611872271211704,33.046954449867016,33.04695215954934,0.7848101054547243,21.0,3.691566377028721e-06
281.45,13.246429988990364,-49.0268196823148,15.627272054925122,33.04695428627289,33.046952032808974,0.7848102843304261,21.0,3.634081622294616e-06
281.5,14.113160998772992,-48.78437926348744,16.64267183229598,33.04695412531119,33.04695190807755,0.7848104604228112,21.0,3.57751403612383e-06
281.55,14.97545958324633,-48.526617452477204,17.65807160342631,33.04695396693735,33.046951785321696,0.7848106337762104,20.999999999999996,3.521847702359082e-06
281.6,15.833054925909954,-48.253615202959615,18.67347136841644,33.04695381110766,33.0469516645087,0.7848108044342013,20.999999999999996,3.467067983820016e-06
281.65000000000003,16.685677687384576,-47.9654582550729,19.688871127365044,33.04695365777916,33.046951545606326,0.7848109724396295,20.999999999999996,3.4131598170006328e-06
281.7,17.533060090001587,-47.662237108490054,20.704270880369062,33.046953506909674,33.046951428583064,0.7848111378346374,20.999999999999996,3.3601085647205764e-06
281.75,18.3749360019021,-47.34404699399609,21.719670627523836,33.04695335845777,33.04695131340787,0.7848113006606354,21.000000000000007,3.3079001582336787e-06
281.8,19.21104102061911,-47.01098784357949,22.735070368923104,33.046953212382775,33.046951200050245,0.7848114609583732,21.0,3.256519960359583e-06
281.85,20.041112556116534,-46.66316425904712,23.750470104659026,33.04695306864474,33.046951088480256,0.7848116187679111,21.0,3.205954755003404e-06
281.90000000000003,20.864889913259002,-46.30068547917253,24.765869834822183,33.046952927204416,33.04695097866849,0.7848117741286416,21.0,3.156190757636068e-06
281.95,21.682114373686552,-45.92366534538801,25.781269559501684,33.04695278802328,33.04695087058608,0.7848119270793035,21.0,3.107214610054143e-06
282.0,22.49252927706849,-45.53222226603106,26.796669278785078,33.046952651063485,33.04695076420464,0.7848120776580032,20.999999999999996,3.059013238271291e-06
282.05,23.295880101710875,-45.126479179156625,27.812068992758526,33.04695251628785,33.046950659496304,0.7848122259021935,21.0,3.011573994626815e-06
282.1,24.091914544492376,-44.70656351392664,28.827468701506703,33.046952383659885,33.04695055643364,0.7848123718487301,21.0,2.9648838051343773e-06
282.15000000000003,24.880382600103328,-44.27260715058917,29.842868405112867,33.04695225314373,33.04695045498979,0.7848125155338508,20.999999999999996,2.9189307326760172e-06
282.2,25.661036639563132,-43.82474637905956,30.858268103658894,33.046952124704156,33.0469503551383,0.7848126569931893,21.0,2.8737024138081324e-06
282.25,26.43363148799135,-43.36312185611675,31.87366779722529,33.0469519983066,33.04695025685321,0.7848127962618179,21.0,2.829186769304215e-06
282.3,27.19792450160804,-42.88787856122799,32.88906748589124,33.04695187391707,33.046950160109006,0.7848129333741909,20.999999999999996,2.78537257258904e-06
282.35,27.953675643939185,-42.39916575101614,33.90446716973456,33.046951751502206,33.04695006488061,0.7848130683642367,20.999999999999996,2.742247460219005e-06
282.40000000000003,28.700647561203258,-41.8971369123835,34.91986684883185,33.04695163102924,33.04694997114338,0.7848132012653011,20.999999999999996,2.699800916161621e-06
282.45,29.43860565685523,-41.3819497143072,35.935266523258356,33.04695151246596,33.04694987887315,0.784813332110204,20.999999999999996,2.6580212875160214e-06
282.5,30.167318165264664,-40.85376595832105,36.950666193088146,33.04695139578076,33.04694978804611,0.7848134609312041,20.999999999999996,2.616898058249717e-06
282.55,30.886556224504698,-40.31275152769962,37.966065858394046,33.04695128094257,33.04694969863888,0.7848135877600484,21.0,2.5764200017874828e-06
282.6,31.5960939482291,-39.75907633536029,38.98146551924762,33.04695116792088,33.04694961062852,0.7848137126279724,20.999999999999996,2.5365768863139238e-06
282.65000000000003,32.295708496614786,-39.192914270499806,39.996865175719336,33.046951056685714,33.04694952399245,0.7848138355656857,21.0,2.497358480013645e-06
282.7,32.98518014634756,-38.61444314398201,41.01226482787845,33.04695094720763,33.046949438708516,0.7848139566034078,21.0,2.4587542668541573e-06
282.75,33.66429235962903,-38.023844632493926,42.027664475793074,33.046950839457686,33.04694935475489,0.7848140757708677,20.999999999999993,2.420754441345707e-06
282.8,34.33283185218313,-37.42130422148774,43.04306411953021,33.046950733407485,33.0469492721102,0.7848141930972972,21.000000000000007,2.383349197998541e-06
282.85,34.99058866024079,-36.80701114692658,44.05846375915577,33.046950629029105,33.04694919075334,0.7848143086114732,21.0,2.3465285892143584e-06
282.90000000000003,35.637356206481755,-36.18115833585241,45.073863394734545,33.04695052629512,33.046949110663654,0.7848144223417037,20.999999999999996,2.3102835200461413e-06
282.95,36.27293136491288,-35.543942345794676,46.08926302633031,33.04695042517859,33.04694903182082,0.7848145343158279,20.999999999999996,2.274604611329778e-06
283.0,36.89711452466244,-34.89556330303878,47.104662654005764,33.046950325653036,33.04694895420483,0.7848146445612514,21.000000000000007,2.2394824839011562e-06
283.05,37.50970965267053,-34.2362248397737,48.1200622778226,33.04695022769245,33.046948877796034,0.7848147531049108,21.000000000000007,2.2049084691389e-06
283.1,38.11052435525574,-33.566134030138585,49.135461897841466,33.046950131271274,33.046948802575166,0.7848148599733378,21.0,2.1708731878788967e-06
283.15000000000003,38.69936993853891,-32.88550132518833,50.15086151412206,33.04695003636441,33.04694872852322,0.7848149651926164,21.0,2.1373685399339593e-06
283.2,39.27606146770483,-32.19454048679857,51.16626112672314,33.04694994294718,33.046948655621506,0.7848150687884328,21.0,2.104385572465617e-06
283.25,39.84041782508343,-31.493468520530946,52.18166073570241,33.04694985099535,33.046948583851716,0.7848151707860325,21.000000000000007,2.071916327395229e-06
283.3,40.3922617670321,-30.782505607479536,53.197060341116654,33.046949760485084,33.046948513195844,0.7848152712102774,20.999999999999993,2.0399519939928723e-06
283.35,40.93141997960136,-30.061875035120075,54.212459943021805,33.046949671392994,33.04694844363613,0.7848153700856244,21.0,2.0084848983970005e-06
283.40000000000003,41.45772313296629,-29.331803127183512,55.227859541472824,33.046949583696076,33.046948375155175,0.7848154674361325,20.999999999999996,1.977506940420426e-06
283.45,41.97100593460678,-28.592519172576026,56.24325913652386,33.04694949737173,33.04694830773582,0.7848155632854983,21.0,1.947010161984508e-06
283.5,42.47110718121976,-27.844255353367753,57.258658728228085,33.04694941239773,33.04694824136122,0.7848156576570133,21.0,1.9169873155533423e-06
283.55,42.95786980934714,-27.087246671872933,58.27405831663781,33.04694932875227,33.04694817601483,0.784815750573614,20.999999999999996,1.8874303009397408e-06
283.6,43.43114094470364,-26.32173087684427,59.289457901804596,33.046949246413874,33.04694811168037,0.7848158420578528,21.0,1.858332012716346e-06
283.65000000000003,43.89077195018892,-25.547948388804777,60.30485748377912,33.04694916536149,33.04694804834184,0.7848159321319486,20.999999999999996,1.8296847770216118e-06
283.7,44.33661847256893,-24.76614222454048,61.320257062611205,33.04694908557437,33.04694798598348,0.7848160208177504,20.999999999999996,1.801481914753822e-06
283.75,44.76854048781193,-23.976557920777783,62.33565663834996,33.04694900703216,33.0469479245898,0.7848161081367735,21.0,1.7737160362685245e-06
283.8,45.18640234506481,-23.179443457069354,63.35105621104358,33.04694892971485,33.04694786414562,0.7848161941101637,20.999999999999996,1.7463804624640034e-06
283.85,45.590072809255986,-22.375049177912867,64.36645578073963,33.046948853602764,33.04694780463593,0.7848162787587682,21.0,1.7194678036958067e-06
283.90000000000003,45.97942510231144,-21.563627714126962,65.3818553474848,33.046948778676565,33.04694774604601,0.7848163621030722,21.0,1.692972091404954e-06
283.95,46.35433694297101,-20.745433903509177,66.39725491132502,33.046948704917234,33.04694768836145,0.7848164441632619,20.999999999999993,1.6668860780555406e-06
284.0,46.714690585192365,-19.92072471080074,67.41265447230559,33.046948632306105,33.04694763156794,0.784816524959183,20.999999999999993,1.641203795088586e-06
284.05,47.06037285513066,-19.08975914698338,68.42805403047105,33.04694856082481,33.046947575651494,0.7848166045103895,21.0,1.6159184212938271e-06
284.1,47.391275186682215,-18.25279818793347,69.44345358586514,33.046948490455286,33.046947520598366,0.7848166828361087,20.999999999999996,1.5910241302208306e-06
284.15000000000003,47.70729365558109,-17.410104692459104,70.45885313853098,33.046948421179785,33.046947466395,0.7848167599552767,21.0,1.5665143848764274e-06
284.2,48.00832901203781,-16.561943319745765,71.474252688511,33.04694835298087,33.04694741302809,0.7848168358865166,20.999999999999996,1.5423833588101843e-06
284.25,48.29428671191004,-15.70858044623662,72.48965223584695,33.04694828584138,33.046947360484516,0.784816910648189,20.999999999999996,1.5186247992460267e-06
284.3,48.56507694639533,-14.850284081973436,73.50505178057988,33.046948219744465,33.046947308751406,0.7848169842583275,21.0,1.4952334481677099e-06
284.35,48.82061467023675,-13.987323786424477,74.52045132275019,33.04694815467354,33.046947257816086,0.7848170567347026,20.999999999999996,1.4722027685820649e-06
284.40000000000003,49.0608196284324,-13.119970583825776,75.5358508623977,33.04694809061229,33.04694720766609,0.7848171280948009,21.0,1.4495275024728471e-06
284.45,49.285616381440505,-12.248496878062365,76.55125039956157,33.0469480275447,33.046947158289115,0.784817198355853,20.999999999999996,1.4272019654981705e-06
284.5,49.49493432887217,-11.373176367116233,77.56664993428026,33.04694796545501,33.046947109673134,0.7848172675347911,20.999999999999996,1.4052210417503375e-06
284.55,49.68870773166427,-10.494283957107836,78.58204946659178,33.04694790432774,33.04694706180627,0.7848173356482988,21.0,1.3835787626703677e-06
284.6,49.86687573272569,-9.612095675958182,79.59744899653334,33.04694784414763,33.046947014676874,0.7848174027127897,21.0,1.362270154459111e-06
284.65000000000003,50.02938237605017,-8.726888586698607,80.61284852414171,33.04694778489972,33.04694696827342,0.7848174687444356,20.999999999999996,1.3412898169917753e-06
284.7,50.176176624290065,-7.838940700455454,81.62824804945305,33.04694772656927,33.04694692258461,0.7848175337591385,20.999999999999996,1.3206329185777577e-06
284.75,50.30721237478519,-6.948530889136991,82.64364757250289,33.046947669141794,33.046946877599325,0.7848175977725731,20.999999999999996,1.3002940590922663e-06
284.8,50.42244847404193,-6.055938797849996,83.65904709332624,33.04694761260304,33.04694683330669,0.7848176608001438,20.999999999999996,1.2802686910617922e-06
284.85,50.52184873065803,-5.161444757073506,84.67444661195759,33.04694755693902,33.046946789695866,0.784817722857035,21.0,1.2605514143615437e-06
284.90000000000003,50.60538192668889,-4.265329694617311,85.68984612843086,33.046947502135936,33.04694674675629,0.7848177839581822,20.999999999999996,1.2411378236265591e-06
284.95,50.673021827451976,-3.367875047392862,86.70524564277936,33.04694744818025,33.04694670447757,0.7848178441182938,20.999999999999996,1.222022945057688e-06
285.0,50.72474718976608,-2.4693626730242753,87.72064515503602,33.04694739505863,33.046946662849415,0.7848179033518576,21.0,1.2032022311814217e-06
285.05,50.760541768623,-1.5700747613272172,88.73604466523312,33.046947342757974,33.04694662186181,0.7848179616731201,21.0,1.1846712766327983e-06
285.1,50.78039432228946,-0.6702937456834549,89.75144417340255,33.04694729126539,33.04694658150473,0.7848180190961216,21.0,1.1664252497212146e-06
285.15000000000003,50.78429861583767,0.22969778566108467,90.7668436795756,33.0469472405682,33.04694654176847,0.7848180756346679,21.0,1.1484600292988034e-06
285.2,50.77225342310346,1.129617178346894,91.78224318378307,33.04694719065394,33.04694650264342,0.7848181313023588,21.0,1.1307709257835086e-06
285.25,50.744262527071314,2.029181800672226,92.79764268605538,33.04694714151033,33.04694646412011,0.7848181861126022,21.0,1.1133538180274627e-06
285.3,50.70033471868625,2.9281091323573216,93.81304218642236,33.04694709312531,33.04694642618925,0.7848182400785646,21.0,1.0962048690998927e-06
285.35,50.64048379409285,3.8261168532736374,94.82844168491344,33.04694704548702,33.04694638884169,0.7848182932132346,21.000000000000007,1.0793192473101954e-06
285.40000000000003,50.564728550302384,4.72292293211022,95.84384118155761,33.046946998583785,33.046946352068396,0.7848183455293807,20.999999999999996,1.062693399944692e-06
285.45,50.47309277928928,5.618245714949367,96.8592406763833,33.04694695240411,33.04694631586051,0.7848183970395866,20.999999999999996,1.0463229216384207e-06
285.5,50.36560526051895,6.511804013723766,97.87464016941863,33.04694690693671,33.04694628020927,0.7848184477562441,21.0,1.0302041175691556e-06
285.55,50.24229975190914,7.4033171945273235,98.89003966069116,33.046946862170465,33.04694624510612,0.7848184976915391,20.999999999999996,1.0143331508061237e-06
285.6,50.103214979227786,8.292505265751954,99.90543915022808,33.04694681809444,33.04694621054263,0.7848185468574798,21.0,9.987059002014576e-07
285.65000000000003,49.94839462393066,9.179088966022647,100.92083863805615,33.046946774697886,33.04694617651044,0.7848185952658895,21.00000000000001,9.833188130414783e-07
285.7,49.77788730944256,10.06278985190319,101.93623812420174,33.04694673197021,33.04694614300139,0.784818642928407,21.0,9.6816819450396e-07
285.75,49.591746585886455,10.943330385345012,102.95163760869079,33.046946689901006,33.04694611000739,0.7848186898564791,21.000000000000007,9.532503497666767e-07
285.8,49.390030913265335,11.820434020851678,103.96703709154879,33.04694664848003,33.0469460775205,0.7848187360614034,21.0,9.385614418988553e-07
285.85,49.17280364310204,12.69382529233165,104.98243657280089,33.046946607697215,33.04694604553295,0.7848187815542786,21.0,9.240984866210056e-07
285.90000000000003,48.94013299854283,13.56322989961206,105.99783605247184,33.04694656754262,33.04694601403704,0.78481882634604,20.999999999999996,9.098575048938073e-07
285.95,48.692092052930974,14.428374794586293,107.01323553058599,33.04694652800651,33.04694598302519,0.7848188704474666,21.0,8.958352282206761e-07
286.0,48.428758706857074,15.288988266968364,108.02863500716731,33.046946489079275,33.04694595248996,0.7848189138691453,20.999999999999996,8.820285302135744e-07
286.05,48.150215663693324,16.144800029627113,109.04403448223943,33.04694645075146,33.04694592242405,0.7848189566215282,20.999999999999993,8.684335739417293e-07
286.1,47.856550403619366,16.995541303473455,110.05943395582558,33.046946413013785,33.04694589282018,0.7848189987148899,21.0,8.550476593427447e-07
286.15000000000003,47.54785515614798,17.840944901873996,111.07483342794863,33.046946375857104,33.04694586367132,0.7848190401593556,20.999999999999993,8.41867233702942e-07
286.2,47.224226871159146,18.68074531456453,112.09023289863107,33.0469463392724,33.04694583497046,0.7848190809648798,20.999999999999996,8.28889312742831e-07
286.25,46.88576718845162,19.514678791037035,113.10563236789514,33.046946303250834,33.04694580671069,0.7848191211412825,20.999999999999996,8.161104858572799e-07
286.3,46.532582405821564,20.342483423374013,114.12103183576265,33.04694626778368,33.04694577888524,0.7848191606982198,21.000000000000007,8.035280529838928e-07
286.35,46.164783445678324,21.163899228504125,115.1364313022551,33.04694623286236,33.04694575148746,0.784819199645213,20.999999999999996,7.911387456260854e-07
286.40000000000003,45.78248582020772,21.978668229853305,116.15183076739366,33.04694619847844,33.04694572451078,0.7848192379916199,20.999999999999996,7.789398637214617e-07
286.45,45.385809595093896,22.786534538365704,117.16723023119913,33.046946164623606,33.046945697948715,0.7848192757466705,20.999999999999996,7.669281387734372e-07
286.5,44.9748793518111,23.587244432869035,118.18262969369206,33.04694613128969,33.04694567179494,0.7848193129194385,21.0,7.551010128281632e-07
286.55,44.549824148497144,24.380546439759055,119.19802915489264,33.04694609846863,33.046945646043156,0.7848193495188767,21.0,7.434553594976023e-07
286.6,44.11077747942102,25.166191411978158,120.21342861482069,33.04694606615252,33.04694562068724,0.7848193855537886,21.0,7.31988762936453e-07
286.65000000000003,43.657877233057185,25.943932607263314,121.22882807349583,33.04694603433357,33.04694559572109,0.7848194210328288,21.0,7.20698238865225e-07
286.7,43.191265648779876,26.71352576563871,122.24422753093735,33.046946003004116,33.04694557113874,0.784819455964552,21.0,7.095808030044282e-07
286.75,42.7110892721909,27.474729186128844,123.25962698716424,33.046945972156585,33.04694554693428,0.7848194903573571,21.000000000000007,6.986344658344024e-07
286.8,42.21749890909503,28.227303802667883,124.27502644219514,33.04694594178356,33.046945523101975,0.7848195242195217,20.999999999999993,6.878561009671103e-07
286.85,41.71064957813742,28.971013259181532,125.29042589604848,33.046945911877735,33.04694549963604,0.784819557559203,20.999999999999996,6.772432925572502e-07
286.90000000000003,41.190700462117945,29.705623983817762,126.30582534874236,33.0469458824319,33.04694547653092,0.7848195903844157,21.0,6.667936247595208e-07
286.95,40.657814857997685,30.430905262303142,127.3212248002946,33.04694585343898,33.04694545378108,0.7848196227030684,20.999999999999996,6.565042554029787e-07
287.0,40.11216012561335,31.146629310401696,128.33662425072282,33.046945824891985,33.04694543138105,0.7848196545229413,20.999999999999996,6.463730528594169e-07
287.05,39.55390763511568,31.852571345453544,129.3520237000443,33.04694579678406,33.04694540932545,0.7848196858517014,21.0,6.363974591749866e-07
287.1,38.98323271314835,32.548509656970865,130.36742314827598,33.04694576910845,33.04694538760908,0.7848197166968873,20.999999999999996,6.265752006129333e-07
287.15000000000003,38.40031458778431,33.234225676269,131.38282259543467,33.04694574185849,33.046945366226666,0.7848197470659315,20.999999999999996,6.169037192194082e-07
287.2,37.80533633223682,33.90950404511082,132.39822204153688,33.04694571502765,33.046945345173164,0.7848197769661525,20.999999999999996,6.073808833662042e-07
287.25,37.19848480736285,34.57413268334284,133.41362148659886,33.04694568860947,33.04694532444348,0.7848198064047551,21.0,5.980044193165668e-07
287.3,36.57995060297695,35.22790285550175,134.4290209306366,33.046945662597615,33.04694530403268,0.7848198353888236,20.999999999999996,5.887720533337415e-07
287.35,35.949927977993944,35.8706092363706,135.44442037366585,33.04694563698584,33.04694528393584,0.7848198639253567,20.999999999999996,5.796813695724268e-07
287.40000000000003,35.308614799419374,36.50204997546381,136.45981981570213,33.04694561176798,33.046945264148206,0.7848198920212255,20.999999999999996,5.707306627300568e-07
287.45,34.6562124802067,37.12202676042106,137.47521925676074,33.046945586937994,33.04694524466501,0.7848199196832013,21.000000000000007,5.619173748527828e-07
287.5,33.99292591600087,37.730344879289824,138.49061869685667,33.046945562489924,33.04694522548163,0.7848199469179491,21.0,5.532395164209447e-07
287.55,33.31896342078816,38.32681328167729,139.50601813600474,33.0469455384179,33.04694520659341,0.7848199737320485,20.999999999999993,5.446949558063352e-07
287.6,32.634536661472325,38.91124463875221,140.52141757421958,33.04694551471616,33.04694518799587,0.7848200001319654,20.999999999999996,5.362819877063885e-07
287.65000000000003,31.93986059139785,39.48345540207799,141.53681701151544,33.04694549137899,33.04694516968457,0.7848200261240592,21.0,5.279983383843501e-07
287.7,31.235153382840945,40.04326586125854,142.55221644790652,33.04694546840082,33.04694515165511,0.784820051714604,21.0,5.198418762120127e-07
287.75,30.520636358489668,40.59050020037862,143.56761588340675,33.04694544577613,33.046945133903186,0.7848200769097744,21.000000000000007,5.118108958868106e-07
287.8,29.796533921934568,41.124986553221206,144.58301531802977,33.046945423499494,33.04694511642457,0.7848201017156526,21.0,5.039034078890836e-07
287.85,29.06307348719177,41.6465570572443,145.59841475178916,33.046945401565566,33.046945099214994,0.7848201261382286,21.0,4.961175648077187e-07
287.90000000000003,28.320485407280565,42.155047906300396,146.61381418469819,33.0469453799691,33.0469450822704,0.7848201501833927,20.999999999999993,4.88451519231603e-07
287.95,27.56900290187798,42.65029940208194,147.62921361676985,33.0469453587049,33.04694506558676,0.78482017385695,21.0,4.809032816410763e-07
288.0,26.808861984073047,43.132156004276695,148.64461304801713,33.04694533776789,33.04694504916003,0.7848201971646134,21.0,4.734711467335728e-07
288.05,26.040301386243744,43.60046637941723,149.66001247845267,33.04694531715304,33.046945032986265,0.7848202201120316,21.000000000000007,4.6615326709797955e-07
288.1,25.26356248507992,44.05508344840916,150.67541190808896,33.04694529685542,33.04694501706165,0.7848202427047255,20.999999999999996,4.5894836375737214e-07
288.15000000000003,24.478889225775735,44.4958644327233,151.69081133693834,33.04694527687015,33.046945001382284,0.7848202649481664,21.0,4.5185387875790184e-07
288.2,23.686528045415436,44.92267089923715,152.7062107650129,33.04694525719244,33.04694498594446,0.7848202868477259,21.0,4.448688173397386e-07
288.25,22.88672779557651,45.33536880371158,153.72161019232453,33.04694523781758,33.046944970744505,0.7848203084086904,20.999999999999996,4.379911899832223e-07
288.3,22.079739664174536,45.73382853288926,154.737009618885,33.04694521874094,33.04694495577875,0.7848203296362755,20.999999999999996,4.3121929138578707e-07
288.35,21.265817096574292,46.11792494520136,155.75240904470584,33.046945199957925,33.04694494104358,0.7848203505356253,20.999999999999993,4.2455170046196145e-07
288.40000000000003,20.445215715991857,46.48753741006991,156.76780846979847,33.04694518146404,33.046944926535524,0.7848203711117776,20.999999999999996,4.179869961262739e-07
288.45,19.61819324321276,46.842549845793435,157.78320789417407,33.04694516325486,33.04694491225105,0.7848203913697205,21.0,4.115230467505171e-07
288.5,18.785009415651334,47.18285075600393,158.79860731784368,33.04694514532602,33.04694489818675,0.7848204113143424,21.0,4.0515885757486103e-07
288.55,17.945925905776726,47.50833326468375,159.81400674081826,33.04694512767321,33.04694488433923,0.7848204309504752,20.999999999999996,3.9889243907964556e-07
288.6,17.101206238931198,47.818895149731446,160.8294061631084,33.046945110292214,33.04694487070523,0.7848204502828651,21.0,3.9272265439649345e-07
288.65000000000003,16.25111571056648,48.11443887506594,161.8448055847246,33.046945093178856,33.04694485728141,0.7848204693162018,20.999999999999996,3.866477982228389e-07
288.7,15.395921302924219,48.394871621259036,162.8602050056774,33.046945076329045,33.04694484406459,0.7848204880550824,20.999999999999996,3.806667336903047e-07
288.75,14.535891601186652,48.66010531468653,163.87560442597695,33.046945059738725,33.04694483105155,0.7848205065040403,21.0,3.747776133877778e-07
288.8,13.671296709123876,48.91005665518895,164.89100384563326,33.04694504340392,33.04694481823922,0.7848205246675519,21.000000000000007,3.6897915833833395e-07
288.85,12.802408164264163,49.14464714223302,165.90640326465626,33.04694502732073,33.0469448056245,0.7848205425500154,21.0,3.6327023167359584e-07
288.90000000000003,11.929498852614,49.36380309956577,166.92180268305572,33.04694501148528,33.04694479320436,0.784820560155751,21.0,3.5764927019954484e-07
288.95,11.05284292295461,49.56745569835359,167.9372021008412,33.04694499589379,33.04694478097584,0.784820577489036,21.0,3.5211471072216227e-07
289.0,10.172715700741898,49.75554097879875,168.95260151802225,33.046944980542506,33.04694476893595,0.7848205945540627,20.999999999999996,3.466657005901652e-07
289.05,9.289393601636828,49.927999870226856,169.96800093460809,33.04694496542775,33.04694475708186,0.7848206113549665,21.0,3.4130053450098785e-07
289.1,8.403154044693421,50.08477820963876,170.98340035060792,33.04694495054591,33.04694474541067,0.7848206278958259,20.999999999999996,3.3601807558625296e-07
289.15000000000003,7.514275365231621,50.225826758721155,171.9987997660308,33.046944935893386,33.0469447339196,0.7848206441806482,21.0,3.3081718697758333e-07
289.2,6.623036727422391,50.35110121931048,173.01419918088558,33.04694492146669,33.04694472260587,0.78482066021337,20.999999999999996,3.2569644758950744e-07
289.25,5.729718036612499,50.46056224730538,174.02959859518106,33.04694490726234,33.04694471146679,0.7848206759978993,21.0,3.2065443633655377e-07
289.3,4.834599851416535,50.554175465023214,175.04499800892583,33.04694489327695,33.04694470049963,0.7848206915380587,21.0,3.156905847845337e-07
289.35,3.9379632956037547,50.63191147199678,176.06039742212837,33.04694487950714,33.046944689701824,0.784820706837607,21.0,3.1080318763088144e-07
289.40000000000003,3.0400899698074246,50.693745854207954,177.07579683479702,33.04694486594962,33.04694467907073,0.7848207219002603,21.0,3.059909658986726e-07
289.45,2.141261863084414,50.73965919175521,178.09119624694011,33.04694485260112,33.046944668603736,0.784820736729678,21.0,3.0125306693662424e-07
289.5,1.2417612643527858,50.76963706495267,179.10659565856565,33.046944839458455,33.04694465829841,0.7848207513294554,20.999999999999996,2.965883538763592e-07
289.55,0.3418706737352205,50.7836700588588,-179.87800493031835,33.04694482651845,33.046944648152234,0.784820765703131,21.0,2.9199554774095304e-07
289.6,-0.558127286163897,50.78175376623331,-178.86260551970406,33.046944813778005,33.046944638162756,0.7848207798542077,20.999999999999996,2.874735116620286e-07
289.65000000000003,-1.4579499590198544,50.76388878892124,-177.8472061095837,33.04694480123406,33.04694462832761,0.7848207937861105,20.999999999999996,2.8302153509685013e-07
289.7,-2.3573147435595803,50.730080737664,-176.83180669994965,33.04694478888359,33.04694461864435,0.7848208075022285,21.0,2.786380548513989e-07
289.75,-3.2559391823163213,50.68034023033715,-175.81640729079447,33.04694477672365,33.04694460911073,0.7848208210058871,21.0,2.743223603829392e-07
289.8,-4.153541050339157,50.614682888615796,-174.80100788211072,33.046944764751295,33.046944599724405,0.7848208343003691,21.0,2.7007317271454667e-07
289.85,-5.04983844382949,50.53312933306831,-173.78560847389113,33.04694475296366,33.04694459048311,0.7848208473889073,20.999999999999996,2.6588963919493835e-07
289.90000000000003,-5.944549868676667,50.43570517668021,-172.77020906612856,33.046944741357905,33.046944581384636,0.7848208602746851,20.999999999999996,2.617707650642842e-07
289.95,-6.837394328864946,50.32244101681001,-171.75480965881593,33.04694472993124,33.04694457242675,0.7848208729608217,20.999999999999996,2.5771555556275416e-07
290.0,-7.7280914147240125,50.19337242557974,-170.73941025194634,33.04694471868092,33.04694456360735,0.7848208854504009,20.999999999999996,2.5372273171342385e-07
290.05,-8.616361390995364,50.04853993870302,-169.7240108455129,33.04694470760423,33.046944554924266,0.7848208977464779,20.999999999999993,2.497915829735575e-07
290.1,-9.501925284686868,49.887989042754285,-168.70861143950893,33.04694469669852,33.04694454637539,0.7848209098520229,21.000000000000007,2.4592154090896656e-07
290.15000000000003,-10.384504972687937,49.711770160883084,-167.69321203392778,33.04694468596115,33.046944537958694,0.7848209217699846,21.000000000000007,2.4211090021708515e-07
290.2,-11.263823269117776,49.519938636978054,-166.6778126287629,33.04694467538955,33.04694452967213,0.7848209335032621,21.000000000000007,2.3835923457227182e-07
290.25,-12.139604012379284,49.312554718285405,-165.66241322400788,33.04694466498116,33.0469445215137,0.7848209450547046,20.999999999999996,2.346655492146965e-07
290.3,-13.011572151891267,49.08968353648746,-164.6470138196564,33.04694465473349,33.04694451348143,0.7848209564271329,21.0,2.3102884938452917e-07
290.35,-13.879453834471716,48.851395087247205,-163.63161441570224,33.04694464464406,33.046944505573386,0.7848209676233111,20.999999999999993,2.2744856664758117e-07
290.40000000000003,-14.742976490345036,48.59776420822517,-162.6162150121392,33.046944634710435,33.04694449778763,0.7848209786459535,20.999999999999996,2.2392356413547532e-07
290.45,-15.60186891874619,48.32887055557571,-161.60081560896134,33.04694462493024,33.046944490122314,0.7848209894977529,20.999999999999993,2.2045284708838153e-07
290.5,-16.4558613730949,48.044798578929885,-160.58541620616265,33.0469446153011,33.046944482575555,0.7848210001813456,20.999999999999996,2.1703598918065836e-07
290.55,-17.30468564571314,47.74563749487295,-159.57001680373727,33.04694460582071,33.046944475145565,0.7848210106993321,20.999999999999993,2.136718535439286e-07
290.6,-18.1480751520593,47.43148125892469,-158.55461740167945,33.04694459648677,33.046944467830514,0.7848210210542774,21.0,2.1035972963545646e-07
290.65000000000003,-18.98576501445261,47.102428536031425,-157.53921799998352,33.04694458729704,33.04694446062865,0.784821031248697,21.0,2.070989069125062e-07
290.7,-19.817492145261486,46.75858266957898,-156.52381859864386,33.046944578249295,33.046944453538224,0.7848210412850847,21.0,2.0388839061524777e-07
290.75,-20.642995329529676,46.4000516489363,-155.508419197655,33.04694456934136,33.04694444655751,0.7848210511658706,20.999999999999996,2.007277544180397e-07
290.8,-21.462015307014287,46.02694807553997,-154.4930197970115,33.046944560571085,33.04694443968485,0.7848210608934636,21.0,1.976157193439576e-07
290.85,-22.27429485360991,45.63938912753024,-153.477620396708,33.046944551936356,33.046944432918544,0.7848210704702367,21.0,1.9455185906736006e-07
290.90000000000003,-23.07957886213324,45.23749652294961,-152.46222099673932,33.04694454343508,33.046944426256964,0.7848210798985278,20.999999999999993,1.9153546304551128e-07
290.95,-23.87761442244289,44.82139648151575,-151.44682159710018,33.046944535065215,33.0469444196985,0.7848210891806247,20.999999999999996,1.8856582073567552e-07
291.0,-24.66815090086916,44.39121968498043,-150.43142219778557,33.04694452682474,33.04694441324156,0.784821098318794,20.999999999999996,1.856419373780227e-07
291.05,-25.45094001892887,43.94710123608722,-149.41602279879044,33.046944518711655,33.046944406884585,0.7848211073152669,21.0,1.8276338664691139e-07
291.1,-26.225735931300495,43.489180616140686,-148.40062340010985,33.04694451072401,33.04694440062603,0.7848211161722247,20.999999999999996,1.799294579996058e-07
291.15000000000003,-26.992295303035167,43.017601641200386,-147.38522400173898,33.046944502859866,33.046944394464376,0.7848211248918417,20.999999999999996,1.771391566762759e-07
291.2,-27.75037738597923,42.53251241691356,-146.36982460367295,33.04694449511733,33.046944388398146,0.7848211334762283,20.999999999999996,1.743923405683745e-07
291.25,-28.49974409438439,42.03406529200058,-145.35442520590712,33.046944487494535,33.04694438242584,0.7848211419274875,21.0,1.7168773069897725e-07
291.3,-29.24016007968169,41.52241681040777,-144.33902580843684,33.04694447998963,33.04694437654603,0.7848211502476801,20.999999999999996,1.69025184959537e-07
291.35,-29.97139280439587,40.997727662142744,-143.3236264112575,33.0469444726008,33.04694437075725,0.784821158438838,20.999999999999993,1.6640385069877084e-07
291.40000000000003,-30.69321261517682,40.460162632807545,-142.30822701436463,33.046944465326256,33.04694436505817,0.7848211665029439,20.999999999999996,1.6382315948249015e-07
291.45,-31.405392814925275,39.90989055184554,-141.29282761775383,33.046944458164255,33.04694435944734,0.78482117444198,21.0,1.6128211655086488e-07
291.5,-32.107709733990035,39.3470842395183,-140.27742822142065,33.04694445111305,33.046944353923436,0.7848211822578719,20.999999999999996,1.5878072190389503e-07
291.55,-32.79994280041438,38.77192045262908,-139.2620288253609,33.04694444417093,33.04694434848509,0.7848211899525381,20.999999999999996,1.5631783867320337e-07
291.6,-33.481874609209626,38.184579829010005,-138.24662942957025,33.04694443733623,33.04694434313102,0.7848211975278474,20.999999999999996,1.5389332475024275e-07
291.65000000000003,-34.153290990634034,37.585246830790354,-137.2312300340446,33.04694443060728,33.046944337859884,0.7848212049856471,21.0,1.5150618537518312e-07
291.7,-34.813981077455665,36.97410968646379,-136.21583063877983,33.04694442398247,33.04694433267041,0.7848212123277705,20.999999999999996,1.4915599422238301e-07
291.75,-35.46373737117802,36.35136033177268,-135.20043124377193,33.046944417460175,33.046944327561356,0.7848212195559938,21.0,1.4684246707474813e-07
291.8,-36.10235580720769,35.71719434942814,-134.18503184901687,33.04694441103884,33.04694432253147,0.7848212266720935,21.0,1.4456446706390125e-07
291.85,-36.72963581894356,35.07181090768467,-133.16963245451078,33.046944404716875,33.04694431757952,0.7848212336777962,20.999999999999996,1.4232199418984237e-07
291.90000000000003,-37.34538040076739,34.41541269778873,-132.1542330602498,33.046944398492776,33.04694431270432,0.7848212405748143,20.999999999999996,1.4011405369274144e-07
291.95,-37.94939616991606,33.74820587032086,-131.13883366623014,33.046944392365035,33.046944307904674,0.7848212473648317,21.000000000000007,1.3794036135550414e-07
292.0,-38.54149342721596,33.07039997045134,-130.12343427244804,33.04694438633215,33.046944303179416,0.7848212540495112,20.999999999999996,1.3580034874394187e-07
292.05,-39.12148621666057,32.38220787212976,-129.10803487889982,33.04694438039267,33.04694429852741,0.7848212606304799,21.0,1.3369358953241317e-07
292.1,-39.689192383812376,31.68384571122912,-128.0926354855819,33.04694437454515,33.04694429394748,0.7848212671093506,21.0,1.3161937317818229e-07
292.15000000000003,-40.24443363301088,30.97553281766549,-127.07723609249065,33.046944368788175,33.046944289438564,0.7848212734877009,20.999999999999996,1.295774154641549e-07
292.2,-40.78703558336874,30.257491646514527,-126.06183669962262,33.04694436312034,33.04694428499954,0.7848212797670868,21.000000000000007,1.2756700584759528e-07
292.25,-41.31682782353838,29.52994770814652,-125.04643730697435,33.04694435754028,33.04694428062933,0.7848212859490431,21.0,1.2558771800286195e-07
292.3,-41.83364396523195,28.793129497401853,-124.03103791454242,33.046944352046644,33.04694427632688,0.7848212920350832,20.999999999999996,1.2363912560431345e-07
292.35,-42.33732169547774,28.047268421829166,-123.01563852232347,33.04694434663809,33.04694427209113,0.7848212980266922,21.000000000000007,1.2172080232630833e-07
292.40000000000003,-42.82770282759675,27.29259872900874,-122.00023913031421,33.046944341313306,33.04694426792106,0.7848213039253338,20.999999999999993,1.1983217973465798e-07
292.45,-43.30463335088331,26.529357432983943,-120.9848397385114,33.046944336071,33.04694426381563,0.7848213097324503,20.999999999999996,1.1797283150372095e-07
292.5,-43.76796347897414,25.757784239823806,-119.96944034691182,33.0469443309099,33.04694425977387,0.7848213154494559,20.999999999999993,1.1614233130785578e-07
292.55,-44.217547696890804,24.97812147234016,-118.95404095551234,33.04694432582876,33.04694425579478,0.7848213210777573,20.999999999999996,1.1434011071287387e-07
292.6,-44.65324480674058,24.190613993982936,-117.93864156430985,33.046944320826334,33.04694425187739,0.7848213266187187,20.999999999999993,1.1256602761022805e-07
292.65000000000003,-45.07491797206153,23.395509131937548,-116.92324217330132,33.046944315901406,33.04694424802076,0.7848213320737045,20.999999999999993,1.1081922934863542e-07
292.7,-45.482434760797794,22.593056599448506,-115.90784278248374,33.04694431105279,33.04694424422392,0.7848213374440363,21.0,1.0909971592809597e-07
292.75,-45.875667186891675,21.78350841739365,-114.89244339185413,33.0469443062793,33.046944240486,0.7848213427310355,20.999999999999996,1.0740663469732681e-07
292.8,-46.25449175047931,20.96711883513366,-113.87704400140959,33.04694430157978,33.04694423680602,0.7848213479359956,20.999999999999993,1.0573998565632792e-07
292.85,-46.61878947667745,20.144144250661657,-112.86164461114724,33.04694429695308,33.046944233183126,0.7848213530601811,21.0,1.040992003709107e-07
292.90000000000003,-46.9684459529491,19.31484313007801,-111.8462452210643,33.04694429239808,33.04694422961644,0.7848213581048427,20.999999999999996,1.0248371040688653e-07
292.95,-47.30335136503629,18.47947592641563,-110.83084583115793,33.046944287913675,33.046944226105076,0.7848213630712237,20.999999999999996,1.0089323154716112e-07
293.0,-47.623400531448716,17.638304997841235,-109.81544644142542,33.046944283498775,33.04694422264815,0.7848213679605323,20.999999999999996,9.932762168318732e-08
293.05,-47.92849293649734,16.791594525258287,-108.8000470518641,33.0469442791523,33.04694421924486,0.784821372773969,21.0,9.778617027222936e-08
293.1,-48.21853276186271,15.939610429337462,-107.78464766247127,33.04694427487319,33.04694421589437,0.7848213775126993,21.0,9.626873520574009e-08
293.15000000000003,-48.493428916687954,15.082620287000749,-106.76924827324436,33.04694427066042,33.04694421259587,0.7848213821779026,21.0,9.477460594098375e-08
293.2,-48.75309506618705,14.220893247385355,-105.75384888418077,33.04694426651295,33.04694420934852,0.7848213867707017,21.0,9.330406669505464e-08
293.25,-48.99744965875946,13.354699947313845,-104.73844949527798,33.046944262429776,33.046944206151544,0.7848213912922191,21.000000000000007,9.185598059957556e-08
293.3,-49.22641595160243,12.48431242629706,-103.72305010653348,33.0469442584099,33.04694420300418,0.7848213957435703,20.999999999999996,9.04303476545465e-08
293.35,-49.439922034813144,11.610004041096495,-102.70765071794484,33.046944254452356,33.04694419990564,0.7848214001258356,21.0,8.90270257514203e-08
293.40000000000003,-49.637900853972916,10.732049379872977,-101.69225132950965,33.04694425055616,33.04694419685518,0.7848214044400947,21.0,8.76453043474612e-08
293.45,-49.820290231206556,9.850724175948612,-100.67685194122551,33.04694424672037,33.046944193852056,0.7848214086873995,20.999999999999996,8.628518344266922e-08
293.5,-49.98703288471016,8.966305221209073,-99.66145255309007,33.046944242944065,33.046944190895516,0.7848214128687871,20.999999999999993,8.494609460285574e-08
293.55,-50.13807644674119,8.079070279173436,-98.64605316510105,33.04694423922631,33.04694418798485,0.784821416985281,20.999999999999996,8.362775361092645e-08
293.6,-50.27337348006526,7.189297997758858,-97.63065377725617,33.04694423556621,33.04694418511935,0.7848214210378828,20.999999999999996,8.232987624978705e-08
293.65000000000003,-50.392881492854464,6.297267821767498,-96.6152543895532,33.04694423196286,33.04694418229831,0.7848214250276015,20.999999999999996,8.105203619379608e-08
293.7,-50.49656295203244,5.403259905123173,-95.59985500198992,33.04694422841539,33.04694417952104,0.7848214289553965,21.0,7.979437555150071e-08
293.75,-50.58438529506216,4.507555022885295,-94.58445561456418,33.04694422492294,33.04694417678688,0.7848214328222269,20.999999999999996,7.855589956307085e-08
293.8,-50.656320940172634,3.6104344830677406,-93.56905622727383,33.04694422148465,33.046944174095145,0.7848214366290449,20.999999999999996,7.733660822850652e-08
293.85,-50.71234729502129,2.7121800382903305,-92.5536568401168,33.04694421809969,33.046944171445176,0.7848214403767813,20.999999999999996,7.613635943926056e-08
293.90000000000003,-50.75244676378943,1.8130737972906847,-91.538257453091,33.04694421476722,33.04694416883632,0.7848214440663597,21.000000000000007,7.495472686969151e-08
293.95,-50.77660675270842,0.9133981363242261,-90.5228580661944,33.04694421148644,33.04694416626797,0.7848214476986684,21.000000000000007,7.379156841125223e-08
294.0,-50.78481967401491,0.013435610480170057,-89.507458679425,33.046944208256555,33.04694416373947,0.7848214512746026,21.0,7.264617352120695e-08
294.05,-50.777082948333906,-0.8865311350586509,-88.49205929278081,33.04694420507676,33.04694416125021,0.7848214547950363,20.999999999999996,7.151868430810282e-08
294.1,-50.753399005488816,-1.7862194537842586,-87.47665990625991,33.046944201946296,33.04694415879957,0.7848214582608364,21.000000000000007,7.040867444629839e-08
294.15000000000003,-50.71377528373834,-2.685346786632416,-86.46126051986037,33.04694419886439,33.04694415638697,0.7848214616728484,21.0,6.931600182724651e-08
294.2,-50.65822422744041,-3.583630750724052,-85.44586113358034,33.046944195830285,33.04694415401183,0.7848214650319036,21.000000000000007,6.824024012530572e-08
294.25,-50.58676328314381,-4.480789228051352,-84.43046174741791,33.046944192843256,33.046944151673536,0.7848214683388193,20.999999999999996,6.718110512338171e-08
294.3,-50.49941489410894,-5.376540454080662,-83.41506236137131,33.046944189902554,33.046944149371534,0.7848214715944195,20.999999999999996,6.613831260438019e-08
294.35,-50.39620649325913,-6.2706031062443826,-82.39966297543872,33.04694418700748,33.04694414710526,0.7848214747994859,20.999999999999996,6.51120046768483e-08
294.40000000000003,-50.27717049456501,-7.16269639229405,-81.38426358961837,33.046944184157326,33.04694414487418,0.7848214779548144,21.0,6.410132868950313e-08
294.45,-50.14234428286446,-8.052540138486874,-80.36886420390852,33.046944181351385,33.04694414267771,0.7848214810611722,21.0,6.3106568859439e-08
294.5,-49.99177020212138,-8.939854877578014,-79.35346481830746,33.04694417858898,33.046944140515336,0.7848214841193126,20.999999999999996,6.212715675246727e-08
294.55,-49.82549554212705,-9.824361936590982,-78.3380654328135,33.046944175869434,33.046944138386515,0.7848214871299959,20.999999999999996,6.116280815149366e-08
294.6,-49.6435725236481,-10.705783524338587,-77.32266604742496,33.04694417319208,33.04694413629074,0.7848214900939539,20.999999999999996,6.021366516506532e-08
294.65000000000003,-49.4460582820259,-11.583842818666941,-76.30726666214024,33.04694417055627,33.04694413422751,0.7848214930119042,21.0,5.927915935899364e-08
294.7,-49.23301484923245,-12.458264053395135,-75.2918672769577,33.046944167961364,33.04694413219628,0.7848214958845716,21.0,5.835900651618431e-08
294.75,-49.004509134388385,-13.328772604923266,-74.27646789187577,33.046944165406714,33.04694413019661,0.7848214987126596,21.0,5.7453348745184485e-08
294.8,-48.76061290274932,-14.19509507848162,-73.26106850689288,33.046944162891705,33.04694412822794,0.7848215014968503,20.999999999999996,5.656175972035271e-08
294.85,-48.501402753167,-15.056959393993933,-72.24566912200751,33.04694416041572,33.04694412628986,0.7848215042378328,20.999999999999996,5.568381311604753e-08
294.90000000000003,-48.22696009403238,-15.914094871527746,-71.23026973721812,33.04694415797815,33.04694412438186,0.7848215069362752,20.999999999999993,5.48196510408161e-08
294.95,-47.93737111770828,-16.766232316305032,-70.21487035252325,33.046944155578416,33.046944122503454,0.7848215095928381,21.0,5.3968847169016954e-08
295.0,-47.63272677345952,-17.613104103246386,-69.19947096792141,33.04694415321592,33.04694412065424,0.7848215122081683,20.999999999999996,5.313125939210295e-08
295.05,-47.313122738889064,-18.454444261022232,-68.18407158341117,33.04694415089009,33.04694411883369,0.7848215147829194,21.0,5.2306603492979775e-08
295.1,-46.97865938988923,-19.289988555584657,-67.1686721989911,33.046944148600346,33.046944117041434,0.7848215173176953,20.999999999999996,5.149502158019459e-08
295.15000000000003,-46.62944176911731,-20.119474573153607,-66.1532728146598,33.04694414634614,33.046944115276986,0.7848215198131427,21.000000000000007,5.0695518893917324e-08
295.2,-46.26557955300548,-20.942641802631428,-65.1378734304159,33.04694414412691,33.046944113539936,0.7848215222698585,21.0,4.990894808543089e-08
295.25,-45.887187017315526,-21.759231717419826,-64.12247404625803,33.04694414194213,33.046944111829816,0.7848215246884536,20.999999999999996,4.913431439490523e-08
295.3,-45.49438300124897,-22.568987856613585,-63.10707466218487,33.04694413979124,33.04694411014626,0.7848215270695107,21.0,4.8371902039434644e-08
295.35,-45.08729087012406,-23.371655905545506,-62.09167527819512,33.04694413767375,33.04694410848886,0.7848215294136125,21.0,4.762114258483052e-08
295.40000000000003,-44.66603847663125,-24.16698377565731,-61.07627589428745,33.04694413558911,33.046944106857175,0.7848215317213345,21.0,4.6882036031092866e-08
295.45,-44.230758120679376,-24.954721683671398,-60.06087651046059,33.04694413353683,33.04694410525081,0.7848215339932452,20.999999999999996,4.6154440269674524e-08
295.5,-43.78158650784509,-25.734622230038593,-59.045477126713294,33.046944131516405,33.04694410366938,0.7848215362298987,20.999999999999996,4.543821319202834e-08
295.55,-43.31866470643868,-26.50644047663726,-58.030077743044345,33.046944129527326,33.046944102112505,0.7848215384318351,20.999999999999996,4.473307058106002e-08
295.6,-42.84213810319967,-27.269934023699374,-57.01467835945252,33.04694412756913,33.04694410057979,0.7848215405996086,21.0,4.403872821967525e-08
295.65000000000003,-42.352156357636204,-28.02486308593938,-55.99927897593658,33.04694412564131,33.04694409907087,0.7848215427337379,21.0,4.335547032496834e-08
295.7,-41.84887335502248,-28.770990567861944,-54.98387959249541,33.04694412374342,33.04694409758537,0.7848215448347418,20.999999999999993,4.268258635420352e-08
295.75,-41.33244715806902,-29.508082138224943,-53.968480209127826,33.04694412187499,33.046944096122935,0.7848215469031459,20.999999999999996,4.2020076307380805e-08
295.8,-40.80303995728103,-30.235906303634295,-52.95308082583268,33.04694412003556,33.0469440946832,0.7848215489394477,21.0,4.136808229304734e-08
295.85,-40.260818020020245,-30.95423448124754,-51.93768144260883,33.04694411822468,33.046944093265815,0.7848215509441445,20.999999999999993,4.072603587701451e-08
295.90000000000003,-39.705951638286514,-31.662841070563303,-50.922282059455206,33.0469441164419,33.04694409187043,0.7848215529177338,21.000000000000007,4.0093937059282325e-08
295.95,-39.13861507523531,-32.36150352427414,-49.90688267637069,33.046944114686795,33.04694409049671,0.7848215548606987,21.0,3.947178583985078e-08
296.0,-38.558986510448065,-33.05000241816046,-48.891483293354234,33.04694411295893,33.04694408914431,0.7848215567735153,20.999999999999996,3.8859298001625575e-08
296.05,-37.96724798397253,-33.72812152000361,-47.87608391040475,33.04694411125789,33.0469440878129,0.7848215586566454,20.999999999999996,3.8256331436059554e-08
296.1,-37.36358533915066,-34.3956478574965,-46.86068452752122,33.046944109583244,33.04694408650216,0.7848215605105509,20.999999999999996,3.7662601926058414e-08
296.15000000000003,-36.748188164252056,-35.05237178513034,-45.84528514470262,33.0469441079346,33.04694408521177,0.7848215623356936,20.999999999999996,3.7078109471622156e-08
296.2,-36.12124973293125,-35.69808705003663,-44.82988576194794,33.046944106311535,33.0469440839414,0.7848215641325069,21.0,3.650285407275078e-08
296.25,-35.48296694352753,-36.33259085676359,-43.81448637925619,33.04694410471367,33.04694408269074,0.7848215659014457,20.999999999999996,3.5936267295255675e-08
296.3,-34.83354025722643,-36.95568393096677,-42.799086996626386,33.0469441031406,33.04694408145952,0.784821567642922,21.0,3.53787754647783e-08
296.35,-34.17317363510222,-37.567170581993814,-41.78368761405758,33.046944101591954,33.04694408024741,0.7848215693573835,20.999999999999996,3.482952593003574e-08
296.40000000000003,-33.502074474061224,-38.166858764343665,-40.768288231548816,33.04694410006734,33.046944079054136,0.7848215710452351,21.0,3.428922923376376e-08
296.45,-32.82045354170606,-38.75456013798106,-39.752888849099136,33.0469440985664,33.046944077879324,0.7848215727069032,21.0,3.375703272467945e-08
296.5,-32.12852491014128,-39.33009012748716,-38.73748946670768,33.046944097088755,33.046944076722795,0.7848215743427787,21.0,3.3233362728424254e-08
296.55,-31.426505888741193,-39.89326798002796,-37.72209008437349,33.046944095634046,33.0469440755842,0.7848215759532735,20.999999999999993,3.271750870226242e-08
296.6,-30.71461695590096,-40.44391682212208,-36.70669070209571,33.04694409420191,33.04694407446329,0.7848215775387715,20.999999999999996,3.2209896971835406e-08
296.65000000000003,-29.99308168979243,-40.98186371519024,-35.69129131987346,33.04694409279201,33.04694407335976,0.7848215790996775,20.999999999999993,3.17099591029546e-08
296.7,-29.26212669814644,-41.506939709868924,-34.675891937705856,33.046944091403994,33.04694407227338,0.7848215806363612,21.0,3.121812142126146e-08
296.75,-28.52198154708366,-42.018979899071155,-33.66049255559207,33.04694409003751,33.04694407120384,0.784821582149192,20.999999999999996,3.073367338402022e-08
296.8,-27.772878689016302,-42.51782346977776,-32.64509317353126,33.04694408869226,33.046944070150914,0.7848215836385535,20.999999999999993,3.025661499123089e-08
296.85,-27.01505338964335,-43.003313753542834,-31.62969379152261,33.046944087367876,33.046944069114325,0.784821585104801,20.999999999999993,2.9787230459987768e-08
296.90000000000003,-26.24874365406224,-43.47529827569755,-30.614294409565304,33.04694408606405,33.04694406809384,0.7848215865483041,21.0,2.9324951356102247e-08
296.95,-25.47419015202021,-43.93362880323682,-29.59889502765856,33.04694408478046,33.0469440670892,0.7848215879694038,20.999999999999996,2.887006189666863e-08
297.0,-24.691636142328765,-44.378161391373894,-28.58349564580156,33.0469440835168,33.046944066100124,0.7848215893684554,21.0,2.842199364749831e-08
297.05,-23.901327396465017,-44.80875642874807,-27.568096263993564,33.04694408227275,33.046944065126404,0.7848215907457998,21.000000000000007,2.7981030825685593e-08
297.1,-23.10351212138389,-45.22527868127154,-26.55269688223381,33.04694408104802,33.04694406416782,0.7848215921017712,20.999999999999996,2.7546889214136172e-08
297.15000000000003,-22.29844088156543,-45.62759733460142,-25.537297500521536,33.046944079842284,33.0469440632241,0.7848215934367033,20.999999999999996,2.7119426704302896e-08
297.2,-21.486366520321706,-46.01558603522374,-24.521898118856004,33.04694407865527,33.04694406229505,0.7848215947509232,20.999999999999996,2.6698643296185764e-08
297.25,-20.667544080388012,-46.38912293013645,-23.5064987372365,33.046944077486685,33.046944061380394,0.7848215960447504,21.000000000000007,2.6284396881237626e-08
297.3,-19.842230723823306,-46.74809070511897,-22.49109935566229,33.04694407633623,33.04694406047994,0.7848215973185049,21.0,2.587654535091133e-08
297.35,-19.01068565124505,-47.09237662157624,-21.475699974132684,33.04694407520364,33.04694405959346,0.784821598572492,20.999999999999996,2.5475088705206872e-08
297.40000000000003,-18.17317002042383,-47.421872551945846,-20.46030059264699,33.04694407408862,33.04694405872075,0.7848215998070245,20.999999999999996,2.5079742727029952e-08
297.45,-17.329946864263263,-47.736475013656836,-19.44490121120453,33.04694407299092,33.046944057861566,0.7848216010224007,21.000000000000007,2.469064952492772e-08
297.5,-16.481281008191054,-48.03608520162985,-18.42950182980464,33.046944071910254,33.04694405701574,0.7848216022189192,20.999999999999996,2.4307524881805875e-08
297.55,-15.627438986987034,-48.32060901930815,-17.41410244844663,33.04694407084636,33.04694405618304,0.7848216033968782,20.999999999999996,2.3930368797664414e-08
297.6,-14.768688961074375,-48.589957108209866,-16.398703067129865,33.046944069798975,33.046944055363234,0.784821604556555,21.0,2.3559181272503338e-08
297.65000000000003,-13.905300632300259,-48.84404487599226,-15.38330368585371,33.04694406876785,33.04694405455618,0.784821605698248,20.999999999999996,2.319353598068119e-08
297.7,-13.037545159232424,-49.08279252301903,-14.367904304617527,33.04694406775273,33.04694405376163,0.7848216068222271,21.0,2.2833859247839428e-08
297.75,-12.165695071998222,-49.30612506742247,-13.352504923420707,33.04694406675337,33.04694405297942,0.7848216079287624,21.0,2.247958263978944e-08
297.8,-11.290024186692909,-49.51397236865251,-12.33710554226264,33.046944065769516,33.04694405220937,0.784821609018131,20.999999999999996,2.2130706156531232e-08
297.85,-10.410807519384072,-49.70626914950529,-11.321706161142712,33.04694406480093,33.046944051451234,0.7848216100906029,21.0,2.1787371906611952e-08
297.90000000000003,-9.528321199739176,-49.88295501662433,-10.306306780060341,33.046944063847384,33.046944050704894,0.7848216111464268,21.0,2.144943778148445e-08
297.95,-8.64284238430338,-50.04397447946786,-9.290907399014941,33.046944062908636,33.04694404997012,0.7848216121858798,20.999999999999996,2.1116477455507265e-08
298.0,-7.754649169454844,-50.189276967736376,-8.275508018005928,33.046944061984455,33.046944049246754,0.7848216132091963,20.999999999999996,2.078905936286901e-08
298.05,-6.864020504064868,-50.318816847254894,-7.260108637032738,33.04694406107462,33.04694404853463,0.7848216142166393,20.999999999999996,2.0466330852286774e-08
298.1,-5.9712361018903,-50.43255343430497,-6.244709256094841,33.04694406017891,33.04694404783356,0.7848216152084575,20.999999999999993,2.014886035794916e-08
298.15000000000003,-5.076576353725714,-50.53045100840198,-5.22930987519165,33.0469440592971,33.04694404714331,0.7848216161848924,20.999999999999993,1.983636366276187e-08
298.2,-4.180322239342959,-50.61247882351359,-4.213910494322656,33.04694405842897,33.04694404646383,0.7848216171461715,21.000000000000007,1.9528698658177746e-08
298.25,-3.282755239245734,-50.67861111771596,-3.1985111134873256,33.04694405757432,33.046944045794866,0.7848216180925363,20.999999999999993,1.9225581127102487e-08
298.3,-2.3841572462668985,-50.72882712128463,-2.1831117326851235,33.04694405673293,33.046944045136314,0.7848216190242212,21.0,1.8927295286630397e-08
298.35,-1.4848104770362847,-50.763111063217515,-1.167712351915541,33.046944055904596,33.046944044487944,0.7848216199414537,21.0,1.8633699028214323e-08
298.40000000000003,-0.5849973833468206,-50.78145217618799,-0.15231297117806963,33.04694405508912,33.046944043849656,0.7848216208444541,20.999999999999996,1.8344650243307115e-08
298.45,0.31499943655320584,-50.78384469992653,0.8630864095277744,33.04694405428631,33.046944043221266,0.7848216217334496,20.999999999999996,1.806000682336162e-08
298.5,1.2148973267138776,-50.770287883029795,1.8784857902024998,33.04694405349594,33.04694404260264,0.7848216226086464,20.999999999999993,1.7779910876924987e-08
298.55,2.114413662255502,-50.7407859831966,2.8938851708465902,33.046944052717855,33.0469440419936,0.7848216234702718,21.0,1.7503936078355764e-08
298.6,3.013265938130705,-50.69534826589074,3.9092845514605035,33.04694405195184,33.04694404139401,0.7848216243185249,21.000000000000007,1.7232508753295406e-08
298.65000000000003,3.911171857848894,-50.63398900143106,4.924683932044723,33.046944051197706,33.04694404080374,0.7848216251536186,20.999999999999996,1.6965060467555304e-08
298.7,4.807849422135214,-50.55672746050964,5.940083312599707,33.04694405045528,33.046944040222606,0.7848216259757663,21.0,1.6701875438229763e-08
298.75,5.703017017496166,-50.46358790813961,6.955482693125913,33.04694404972438,33.046944039650505,0.7848216267851527,21.0,1.6442953665318782e-08
298.8,6.5963935046640625,-50.35459959603437,7.970882073623774,33.046944049004814,33.04694403908728,0.7848216275819837,20.999999999999993,1.6187726714633754e-08
298.85,7.487698306892545,-50.22979675342073,8.986281454093723,33.046944048296425,33.0469440385328,0.7848216283664513,20.999999999999996,1.5936620911816135e-08
298.90000000000003,8.376651498075438,-50.08921857628875,10.001680834536216,33.04694404759903,33.04694403798691,0.7848216291387544,20.999999999999996,1.568935203977162e-08
298.95,9.262973890661256,-49.932909215081715,11.017080214951664,33.046944046912444,33.04694403744951,0.7848216298990707,20.999999999999996,1.5446062207047362e-08
299.0,10.146387123335762,-49.76091776083012,12.032479595340495,33.04694404623652,33.046944036920436,0.784821630647599,20.999999999999996,1.5206325088001904e-08
299.05,11.026613748445032,-49.57329822973395,13.047878975703119,33.04694404557108,33.046944036399594,0.78482163138451,21.0,1.4970567008276703e-08
299.1,11.903377319131572,-49.37010954619821,14.063278356039943,33.04694404491598,33.046944035886796,0.7848216321099954,20.999999999999993,1.473821953368315e-08
299.15000000000003,12.776402476156127,-49.15141552432689,15.078677736351372,33.04694404427104,33.04694403538198,0.7848216328242259,21.0,1.4509708989862702e-08
299.2,13.645415034377903,-48.917284847881355,16.09407711663779,33.0469440436361,33.046944034884994,0.7848216335273648,21.0,1.4284609051173902e-08
299.25,14.51014206886605,-48.66779104870924,17.109476496899603,33.046944043011024,33.046944034395715,0.7848216342196039,21.0,1.4062777609069599e-08
299.3,15.370312000615362,-48.40301248365084,18.124875877137193,33.046944042395644,33.04694403391402,0.7848216349011068,20.999999999999996,1.38447830977384e-08
299.35,16.22565468183926,-48.123032309930075,19.14027525735092,33.046944041789814,33.0469440334398,0.7848216355720439,21.0,1.3630057082991698e-08
299.40000000000003,17.0759014808133,-47.82793845903787,20.155674637541154,33.046944041193385,33.04694403297294,0.7848216362325644,20.999999999999996,1.3418741673376644e-08
299.45,17.920785366242534,-47.5178236091161,21.171074017708264,33.046944040606206,33.04694403251331,0.784821636882846,21.0,1.3210410543251783e-08
299.5,18.760040991126218,-47.1927851558508,22.1864733978526,33.046944040028144,33.04694403206086,0.7848216375230308,21.0,1.3005632126805722e-08
299.55,19.59340477609357,-46.85292518188375,23.20187277797452,33.04694403945905,33.04694403161539,0.7848216381532893,20.999999999999996,1.2803695881302701e-08
299.6,20.42061499218438,-46.498350424752054,24.21727215807438,33.046944038898786,33.04694403117685,0.7848216387737779,21.000000000000007,1.260517024093133e-08
299.65000000000003,21.241411843048436,-46.129172243365815,25.232671538152534,33.04694403834723,33.046944030745095,0.7848216393846315,21.0,1.2409770988597302e-08
299.7,22.055537546538044,-45.745506583034384,26.24807091820929,33.04694403780422,33.04694403032005,0.7848216399860135,21.0,1.2217071798659163e-08
299.75,22.86273641566792,-45.3474739390522,27.263470298245004,33.04694403726963,33.04694402990161,0.7848216405780661,20.999999999999996,1.202764110530552e-08
299.8,23.662754938917086,-44.93519931885563,28.27886967825998,33.04694403674335,33.04694402948964,0.7848216411609386,21.0,1.1841052582894918e-08
299.85,24.455341859847522,-44.50881220276274,29.29426905825455,33.04694403622523,33.04694402908407,0.7848216417347658,20.999999999999996,1.1657448339974508e-08
299.90000000000003,25.240248256014596,-44.06844650330828,30.309668438229046,33.04694403571514,33.04694402868479,0.784821642299697,20.999999999999996,1.1476544159449986e-08
299.95,26.01722761714445,-43.61424052318666,31.32506781818377,33.046944035212974,33.04694402829171,0.7848216428558601,21.0,1.1298624258415657e-08
300.0,26.786035922553832,-43.146336911816164,32.340467198119,33.0469440347186,33.04694402829171,0.7848216434033972,20.999999999999996,1.1123262311230064e-08
