time_s,north_m,east_m,heading_deg,bank_deg,bank_demand_deg,radial_error_m,l1_period_s,abs_error_rate_mps
0.0,85.0,0.0,90.0,0.0,35.0,35.0,20.0,0.0
0.05,85.0,0.9,90.0,2.5000000000000004,35.0,35.004764572346176,20.0,0.0
0.1,85.0,1.8,90.0681449877476,4.821428571428572,35.0,35.01905668730981,14.476631852621775,0.0952914469235111
0.15000000000000002,84.99892958128792,2.69999936344632,90.19979494313216,6.977040816326531,35.0,35.04180164205927,14.432538341060845,0.2858422992727583
0.2,84.99579121602036,3.599993891576046,90.3907994181403,8.978680758017495,35.0,35.07199586501254,14.397448681635476,0.4548990949891163
0.25,84.98965260071257,4.4999729565559505,90.63740689726464,10.837346418159102,35.0,35.10869994189515,14.370803007127105,0.603884459065398
0.30000000000000004,84.97964044310781,5.399917264110645,90.93619549374141,12.563250245433451,35.0,35.1510328551517,14.351960835222348,0.7340815376522869
0.35000000000000003,84.9649353730412,6.299797123266486,91.28401949070688,14.165875227902491,35.0,35.19816715598631,14.341723508735216,0.846658265130884
0.4,84.9447677302591,7.199571131662268,91.67796778905172,15.654026997338025,35.0,35.249324860831194,14.341869343050258,0.9426860166922779
0.45,84.91841404138414,8.09918520618683,92.11533138877478,17.03588221181388,35.0,35.30377391597668,14.342025394982944,1.023154096897656
0.5,84.88519404157955,8.998571903671834,92.59357777563496,18.319033482398606,35.0,35.36082511188704,14.342191603676557,1.0889811029096563
0.55,84.84446812873492,9.897649987056683,93.1103306157308,19.510531090798704,35.0,35.419829356620696,14.342365990900888,1.1410239182072246
0.6000000000000001,84.79563516236699,10.796324200214993,93.66335354547707,20.616921727170222,35.0,35.48017523862124,14.342549362823057,1.1800848946731435
0.65,84.73813053808557,11.694485220403607,94.25053712799978,21.64428446094378,35.0,35.54128682490034,14.34274276718665,1.2069176400109427
0.7000000000000001,84.67142448292645,12.592009761686523,94.8698882590395,22.598264142304938,35.0,35.60262165264757,14.34293892769669,1.2222317255819348
0.75,84.5950205281652,13.488760806122402,95.51952146621932,23.484102417854583,35.0,35.66366888153621,14.343135954092453,1.226696554944624
0.8,84.50845412515656,14.384587942276553,96.19765166886934,24.30666653086497,35.0,35.72394758113265,14.343328860937694,1.2209445777727979
0.8500000000000001,84.4112913768456,15.27932779292626,96.90258806118545,25.070476064374613,35.0,35.783005133362025,14.343524434862694,1.205573991928759
0.9,84.30312786327171,16.17280451580792,97.63272885618677,25.77972777406214,35.0,35.84041573430126,14.343723481676756,1.1811510445875228
0.9500000000000001,84.18358754394006,17.064830362997387,98.38655668665734,26.43831864734342,35.0,35.89577898294013,14.343914632794215,1.1482120187847045
1.0,84.05232172359305,17.955206286081914,99.16263450561469,27.049867315390316,35.0,35.94871854717874,14.344098175598317,1.1072649727773864
1.05,83.90900807085482,18.843722575712455,99.95960186551957,27.617733935719578,35.0,35.9988808993768,14.344273941830956,1.0587912847722691
1.1,83.75334968158172,19.73015952544374,100.77617148444986,28.14503865459675,35.0,36.04593411535936,14.344440721073772,1.003247043961153
1.1500000000000001,83.5850741806385,20.614288110991286,101.61112603036082,28.63467875069698,35.0,36.08956673201345,14.344603616163006,0.9410643196511614
1.2000000000000002,83.403932857322,21.49587067716824,102.46331507255755,29.089344554218624,35.0,36.12948665955358,14.344755004778339,0.8726523330818736
1.25,83.20969983084113,22.374661625815346,103.33165216356896,29.51153422891729,35.0,36.16542014525558,14.344893676018533,0.7983985508025171
1.3,83.00217124319079,23.25040809900713,104.21511202550535,29.903567498280346,35.0,36.19711078600224,14.353925393387657,0.7186697140400611
1.35,82.78116447747693,24.122850652708347,105.1127278233224,30.26759839126032,35.0,36.22431858739135,14.366060893808655,0.6338128149332078
1.4000000000000001,82.54651740029786,24.991723916867922,106.02358851370865,30.60562707759887,35.0,36.24681906745677,14.38091828365209,0.5441560277822077
1.4500000000000002,82.29808762719654,25.856757238675137,106.94683626297154,30.919510857770383,35.0,36.26440240327118,14.398373347921948,0.4500096013083521
1.5,82.03575181049742,26.717675306366136,107.88166393066068,31.21097436792964,35.0,36.27687261885387,14.418338767399446,0.3516667162881504
1.55,81.75940494905045,27.57419875156096,108.8273126180081,31.48161905593466,35.0,36.28404681291555,14.440593179723537,0.24940431165390464
1.6,81.46895971954515,28.426044728635226,109.78306928181536,31.73293198051076,35.0,36.2857544250454,14.465074756622148,0.14348388123352152
1.6500000000000001,81.16434582914219,29.272927470089776,110.74826441535717,31.966293981902847,35.0,36.281836538994284,14.49175906405653,0.03415224259697425
1.7000000000000002,80.84550938921402,30.114558817280415,111.72226979835415,32.182987268909784,35.0,36.272145221739635,14.48068651579512,0.07835772102225746
1.75,80.51241230999781,30.950648726212243,112.70449631820898,32.384202463987656,35.0,36.256542897037505,14.453322247956471,0.19382634509298668
1.8,80.1650317159541,31.78090574839383,113.69439186460365,32.57104514513139,35.0,36.23490175218048,14.426804920598483,0.31204649404259044
1.85,79.80335938159803,32.605037486989936,114.69143929928954,32.74454192047916,35.0,36.2071031766902,14.401770382599912,0.4328228971405679
1.9000000000000001,79.42740118753412,33.42275102871234,115.69515450253247,32.905646069016356,35.0,36.17303723168163,14.378852840800711,0.5559715098056017
1.9500000000000002,79.03717659638276,34.23375335205104,116.70508449724208,33.05524277837233,35.0,36.13260214864556,14.3590071137481,0.6813189001712772
2.0,78.63271814824246,35.03775171257669,117.72080565135838,33.19415400848859,35.0,36.085703856407605,14.344904505011794,0.8087016607214537
2.0500000000000003,78.21407097528623,35.83445400614422,118.7419219586095,33.323143007882265,35.0,36.032255535035105,14.344741594506136,0.9379658447591055
2.1,77.7812923350484,36.623569110900114,119.76806339731375,33.44291850731925,35.0,35.972177195480725,14.344556195232522,1.0689664274499933
2.15,77.33445116191788,37.404807209046474,120.79888436648893,33.5541386139393,35.0,35.90539528377131,14.344351908551696,1.2015667910876004
2.2,76.8736276363186,38.17788008934577,121.83406219815939,33.657414427229355,35.0,35.83184230857351,14.344130084164044,1.3356382341882522
2.25,76.39891277102711,38.942501431365,122.87329574442106,33.753313396712976,35.0,35.751456490994215,14.348306045606012,1.4710595039559848
2.3000000000000003,75.91040801405146,39.69838707245904,123.91630403754039,33.8423624398049,35.0,35.664181435501675,14.356943709738326,1.6077163515859638
2.35,75.40822486747469,40.44525525848269,124.96282502112103,33.925050836961695,35.0,35.56996582088513,14.36708016505336,1.7455011098508066
2.4000000000000004,74.89248452165101,41.182826879201436,126.01261435017648,34.00183292003586,35.0,35.468763110203085,14.37852453733601,1.8843122923308897
2.45,74.36331750413142,41.91082568934429,127.06544425778766,34.073130568604725,35.0,35.360531278705494,14.38668161505585,2.024054213640909
2.5,73.8208633426895,42.62897851620941,128.12110248590713,34.139335527990106,35.0,35.24523255875066,14.374356866868744,2.164636629951815
2.5500000000000003,73.26527024181622,43.337015454696385,129.17939127778524,34.200811561705095,35.0,35.12283320077496,14.363141106100155,2.3059743990967263
2.6,72.69669477205373,44.03467005059923,130.2401264294399,34.25789645015473,35.0,34.99330324941069,14.353239932666536,2.4479871595139002
2.6500000000000004,72.11530157154411,44.72167947295178,131.30313639756375,34.31090384657225,35.0,34.85661633388517,14.344933750238795,2.5905990272855206
2.7,71.52126305917663,45.39778467617405,132.3682614612599,34.36012500038852,35.0,34.71274947187234,14.340855368270288,2.7337383105103186
2.75,70.91475915872833,46.062730552724155,133.43535293501293,34.40583035750363,35.0,34.56168288600523,14.340447115001364,2.8773372402565656
2.8000000000000003,70.2959770334058,46.71626607691648,134.50427243033636,34.448271046253375,35.0,34.403399832295705,14.340026988670473,3.021331717342264
2.85,69.66511083021136,47.35814444052367,135.57489116358676,34.48768025723527,35.0,34.237886439743576,14.339601192657778,3.1656610741904956
2.9000000000000004,69.02236143357324,47.98812318073744,136.64708930749325,34.52427452457561,35.0,34.06513156045405,14.33916418229638,3.3102678510425676
2.95,68.3679362276979,48.60596430102244,137.72075538402234,34.55825491567735,35.0,33.885126629616735,14.339997000898242,3.455097585790554
3.0,67.70204886712132,49.211434385357215,138.795785696274,34.58980813598611,35.0,33.697865534733936,14.344447859553553,3.6000986167462656
3.0500000000000003,67.0249190549562,49.804304706318916,139.87208379718768,34.61910755484425,35.0,33.503344493518895,14.349811930817166,3.745221897655995
3.1,66.33677232835227,50.384351327431645,140.94955999292347,34.646314158069664,35.0,33.30156193991627,14.355982381054908,3.8904208243008043
3.1500000000000004,65.63783985070786,50.95135520016432,142.0281308788736,34.67157743249326,35.0,33.092518417728115,14.36287231912094,4.035651072052531
3.2,64.92835821019169,51.5051022559312,143.10771890634825,34.69503618731517,35.0,32.876216481357886,14.370404077195571,4.1808704437630695
3.25,64.20856922415476,52.04538349341768,144.18825197807203,34.71681931679266,35.0,32.65266060321342,14.37849947751445,4.32603872740458
3.3000000000000003,63.47871974903322,52.57199506152534,145.26966307071822,34.73704650845033,34.48120917254486,32.42185708733663,14.387108441749824,4.471117562889333
3.35,62.73906149536358,53.08473833820323,146.3518898827964,34.7187724130285,33.917923637360566,32.18381398885377,14.381878006261449,4.61607031753573
3.4000000000000004,61.989850847551914,53.58342000540749,147.43337972223242,34.66156892905222,33.34986495529444,31.938541038864216,14.373590159092583,4.760861969657242
3.45,61.23136132661946,54.06787190873294,148.5125647165025,34.56787578806953,32.76913911747431,31.686072146053036,14.365851484218275,4.905458999791108
3.5,60.463882073646644,54.53795232340292,149.58798148742366,34.43939459731273,32.17687352219047,31.426465470666344,14.358754464134613,5.0493778562236
3.5500000000000003,59.687715320706694,54.99354553190218,150.65824468317402,34.27778594908971,31.574287647762194,31.15980169009238,14.352376580066453,5.192133507733843
3.6,58.90317416544783,55.43456160383731,151.7220479672989,34.084678927566316,30.96262276890296,30.886182670309736,14.34680726778224,5.33327561147928
3.6500000000000004,58.110580415630125,55.86093602585382,152.7781647574106,33.86167491623322,30.34323847124317,30.60573013084087,14.342107393335626,5.472380395652863
3.7,57.310262516525455,56.272629188746635,153.82544852006544,33.61035802730535,29.71752661630266,30.31858430978002,14.338341883489916,5.609050789377363
3.75,56.502553573978425,56.66962574305102,154.86283292297827,33.332298640805156,29.086874595317845,30.024902638102432,14.335593251751703,5.742916421216933
3.8000000000000003,55.68778948204488,57.05193383150286,155.88933161013588,33.02905406612749,28.452795602580572,29.72485842766187,14.333904870348206,5.873633433551788
3.85,54.86630716425425,57.41958421101761,156.90403753339294,32.702178461588424,27.816532932635422,29.418639580443838,14.33344689261052,6.000884208811215
3.9000000000000004,54.03844293614064,57.77262927869291,157.9061222482342,32.353203780948924,27.180665349257268,29.10644732723,14.333818031555555,6.124376944360677
3.95,53.20453099236261,58.11114201113344,158.89483410397165,31.983736750113806,26.548087940580373,28.78849499740042,14.33445069958196,6.243845064276741
4.0,52.364902026627306,58.43521484229684,159.8694998094199,31.59547612086142,25.920340962029456,28.465006836956718,14.33534694434493,6.359046596591611
4.05,51.519881965427444,58.74495843976057,160.8295262509184,31.190109323801998,25.298944907783333,28.13621682562301,14.336504063444318,6.469763208874042
4.1000000000000005,50.66979081762632,59.04050038336616,161.77439808272612,30.76931186551495,24.68538857743039,27.802367489815296,14.337916405902579,6.5758002266741755
4.15,49.81494166333315,59.321983816989274,162.70367512867386,30.334745916366053,24.081112614645043,27.463708773234075,14.339579769337528,6.676986716154261
4.2,48.95563977845781,59.58956608592666,163.61698961846693,29.888057823385978,23.487514055337346,27.12049696693572,14.341486270943037,6.773174331624432
4.25,48.092181890215386,59.84341737158805,164.5140432696337,29.430876125668217,22.905903961960178,26.772993700074295,14.343642557842628,6.864236125967125
4.3,47.22485555795428,60.08371933447328,165.39460428025168,28.96480668540336,22.33757140452912,26.421464992064912,14.346035940379153,6.950065337228466
4.3500000000000005,46.353938672714406,60.31066377481956,166.25850417065485,28.491432736769482,21.783739175055302,26.06618036573876,14.348653325146131,7.030574160187655
4.4,45.47969906866992,60.524451320575025,167.10563468861545,28.012311768075616,21.24552628537668,25.707412021765947,14.35149973324057,7.1056925265230575
4.45,44.602394238388115,60.72529014840522,167.9359446934695,27.528969947882832,20.724006728068257,25.345434071379515,14.354566264014663,7.175366879456249
4.5,43.722271144087856,60.91339474398793,168.74943696119155,27.042901146467507,20.220211497156814,24.980521825565035,14.357825711325427,7.239559007728644
4.55,42.83956611718401,61.0889847080482,169.54616509472552,26.55556617151674,19.73499412008529,24.612951139656232,14.361309221353194,7.298244916289605
4.6000000000000005,41.95450483779827,61.25228361108208,170.32623056011676,26.068382453557355,19.26926995376205,24.24299780960675,14.364967400160422,7.3514137181760475
4.65,41.06730238613191,61.40351789871951,171.08977953485643,25.58273156071483,18.82375639531983,23.87093701593585,14.368822536713918,7.39906660098967
4.7,40.178163358707536,61.54291585390842,171.83700018653107,25.099947620329473,18.399181099050473,23.497042815886417,14.372843464205074,7.441215873417946
4.75,39.28728204104931,61.670706611976236,172.5681197351358,24.621321440238116,17.99611690400149,23.12158767555178,14.3770494597375,7.477884000988695
4.800000000000001,38.39484263054994,61.787119234090596,173.2834018324797,24.148092544792643,17.61516249835316,22.74484204307838,14.38139179809902,7.509102806692738
4.8500000000000005,37.50101950226372,61.89238183590454,173.98314385154538,23.681454684332678,17.256727946106675,22.367073956534753,14.385900036938477,7.534912649468026
4.9,36.605977511769794,61.98672077406191,174.6676745279423,23.22254563160225,16.92550706281338,21.988548685980007,14.387254526065021,7.555361730872505
4.95,35.70987232879273,62.07035988597517,175.3373514299041,22.772757162403046,16.6247370846793,21.60952840309139,14.382704908508687,7.570505411094928
5.0,34.812850796715146,62.14351978611988,175.99256851973212,22.333612871137067,16.346544938319024,21.230271879322657,14.378258851129642,7.58040565777236
5.050000000000001,33.91505130194491,62.206417061023515,176.63375965726655,21.905965161650062,16.091019357181118,20.851034067143672,14.373971780356033,7.585130475374626
5.1000000000000005,33.0166041628695,62.259263425962075,177.26137667966475,21.490611889902283,15.858298582244263,20.472065620293478,14.369813323705431,7.5847562435797045
5.15,32.11763205884864,62.30226524211343,177.87588761883313,21.088303796498142,15.648363773655992,20.093612714470908,14.365844831555673,7.579368937003892
5.2,31.218250463131028,62.335623079040246,178.47777524834186,20.699736652009417,15.461255917415345,19.715916881519647,14.362027421164871,7.5690581164514015
5.25,30.318568076856558,62.35953131668911,179.06753546546554,20.32555945668127,15.296873797283771,19.339214851829084,14.35840882721262,7.553916659025219
5.300000000000001,29.418687262050863,62.374177788777686,179.6456760032425,19.96636762386716,15.155137815208288,18.963738406849743,14.354968168596667,7.534040593811255
5.3500000000000005,28.518704471501113,62.37974346162856,-179.7872850076645,19.622708351820098,15.035858193742257,18.589714236694476,14.35175051945583,7.509528899586826
5.4,27.61871067394653,62.376402150018095,-179.2308202560215,19.29507619767168,14.938125686636242,18.217363804767118,14.349619203540103,7.480483403105325
5.45,26.7187917731155,62.364320265766594,-178.68439455828982,18.983865446883435,14.861512829664852,17.84690321618379,14.348955694298223,7.4470086385471745
5.5,25.81902901943834,62.34365659970042,-178.1474675785705,18.689411688510678,14.807033779782401,17.478543091326216,14.348230642034434,7.409211771666548
5.550000000000001,24.919499412653263,62.31456215835697,-177.61949522892058,18.41209898074437,14.774332679583415,17.112488465001505,14.34743340601321,7.367202497151482
5.6000000000000005,24.02027609402151,62.27718003390019,-177.0999278023277,18.152258530661445,14.762993880730534,16.748938692745057,14.346577657520092,7.321092526494226
5.65,23.121428729932816,62.231645255205144,-176.5882111927882,17.910168198523525,14.77256200092947,16.388087317553143,14.345679813678318,7.2709954451289605
5.7,22.223023886062926,62.17808466791266,-176.0837881122067,17.686053470123948,14.802555511123263,16.030121941509677,14.344739628546087,7.217027503838267
5.75,21.325125391538784,62.116616842741465,-175.58609926494384,17.48008933019533,14.852449385177595,15.675224102798495,14.34376913536504,7.1593075208693335
5.800000000000001,20.427794692715246,62.04735201076405,-175.09458445805956,17.29240076269406,14.921688977054982,15.323569158117735,14.342773589528363,7.097956774223633
5.8500000000000005,19.531091196321793,61.970392024045246,-174.60868369300192,17.123064206576988,15.009682580097818,14.975326170269355,14.341768235931722,7.033098893615204
5.9,18.6350726018012,61.8858303407996,-174.12783821380475,16.972108376114186,15.092023632183155,14.630657801422956,14.394221342776142,6.9648597569675985
5.95,17.739795222776415,61.79375203387276,-173.65149153410283,16.83781660869054,14.9895510026533,14.289720212253172,15.047086484197917,6.8933673769279835
6.0,16.84531429762804,61.69423382174197,-173.1791409513279,16.70579763683074,15.031968343531169,13.952662967523423,15.555948799425918,6.818751783395669
6.050000000000001,15.951684194989896,61.58734490903844,-172.710713311872,16.586238401595057,15.158157078097062,13.619629687711587,15.960516730526685,6.7411448945949815
6.1000000000000005,15.058957829284681,61.47315368356661,-172.2458336947163,16.484232592773772,15.336572726071418,13.290764213331897,16.29815629949156,6.660665596236726
6.15,14.167187349201411,61.35172300024459,-171.78397770097226,16.40225688800932,15.551595368382069,12.966206114757412,16.58749233562342,6.577309487593794
6.2,13.27642467273376,61.2231078603419,-171.32454929589667,16.341495350893087,15.794039155136247,12.646088370861847,16.83424543122049,6.491161971489703
6.25,12.386721927157073,61.087354317061056,-170.86691893379728,16.302391336910453,16.0574442852369,12.330536156516992,17.047079357569416,6.402354877911307
6.300000000000001,11.498131833853448,60.94449898435466,-170.41044513817354,16.28489511893377,16.337376305592276,12.019666172293128,17.23274825563983,6.311044286897101
6.3500000000000005,10.610708053179772,60.79456888899405,-169.95448867283775,16.288643775123663,16.63070370924885,11.713586282021055,17.397724694618212,6.217399684477272
6.4,9.724505494459013,60.63758154900519,-169.49842137455542,16.313076627561177,16.935068977736908,11.412395354879443,17.54632719256047,6.121597805441468
6.45,8.839580596879934,60.47354519436191,-169.04163158952056,16.35750465257373,17.248586018004797,11.116183237365767,17.68171530195326,6.023818542832231
6.5,7.955991585943302,60.302459076421194,-168.5835275921101,16.42115332153309,17.56968559256019,10.825030807875912,17.80636795062053,5.924242350273516
6.550000000000001,7.073798708681144,60.12431383425089,-168.12353977896504,16.50319134089217,17.897012805840358,10.539010086145545,17.922199909088377,5.823048589797111
6.6000000000000005,6.193064449948453,59.93909189846958,-167.66112205773226,16.6027500169599,18.229373155107435,10.25818438099838,18.03076473646645,5.720414434607335
6.65,5.313853731610395,59.74676791983073,-167.195752707512,16.718937383970438,18.56569264938645,9.982608465679988,18.1333229132528,5.616514102943313
6.7,4.4362340960459585,59.54730921415022,-166.72693486434872,16.850848474357296,18.90499096137202,9.712328773885048,18.230892957073607,5.511518306367833
6.75,3.5602758751598715,59.340676217603004,-166.25419674369576,16.99757293771549,19.246369904377335,9.447383611641314,18.324344258505644,5.405593835898799
6.800000000000001,2.6860523458733607,59.12682294818251,-165.77709167585996,17.15820129247705,19.588998552228187,9.187803381697599,18.414401548886367,5.29890324487468
6.8500000000000005,1.813639872878276,58.905697470313946,-165.2951979922878,17.33182966817356,19.932099025614598,8.93361081804376,18.50162564710533,5.1916045988743065
6.9,0.9431180393384667,58.677242360214635,-164.8081188048398,17.51756319370506,20.2749610798576,8.684821228623441,18.586590811089177,5.08385127307676
6.95,0.07456976607624988,58.44139517025211,-164.31548171581372,17.7145201855731,20.61691340264762,8.441442744815767,18.669710691550858,4.975791788406383
7.0,-0.7919185803777421,58.19808889113168,-163.8169384321879,17.92183398679271,20.953632165621144,8.203476576730466,18.723901071915368,4.867569676153494
7.050000000000001,-1.6562570903995564,57.94725241034536,-163.31216435178618,18.13839099956617,21.285374393258785,7.970917272868597,18.7556788532295,4.759323361706009
7.1000000000000005,-2.5183522243727796,57.68881096633977,-162.80086607665905,18.36317552768707,21.614700426826182,7.74375298364393,18.787862785791496,4.651186077237384
7.15,-3.3781067730857943,57.42268671722429,-162.2827786239604,18.59542730619701,21.941163709612972,7.5219658495331245,18.820589159514476,4.543285784493349
7.2,-4.235419822668744,57.148799267685646,-161.75765785864417,18.834408477869577,22.271257029166986,7.305532357814137,18.906302602801855,4.435742682216102
7.25,-5.090186698890618,56.8670660830696,-161.2252799368963,19.079897660105107,22.601204788763074,7.094423593953273,19.020568107811815,4.3286698343797525
7.300000000000001,-5.942298920582931,56.5774028965191,-160.6854256945403,19.331419597866393,22.92566779804722,6.888605493337664,19.126414537230872,4.222175277217275
7.3500000000000005,-6.791644083990853,56.27972388584557,-160.13788838465433,19.58815161216502,23.244403517207104,6.688038862097038,19.224860696508344,4.11636201231218
7.4,-7.638105789925797,55.97394196946446,-159.58248441342155,19.84931246252517,23.557205488477898,6.4926795227405805,19.316789574049665,4.011332624812525
7.45,-8.481563636964589,55.659969263216475,-159.01905229094285,20.114161964378937,23.863902374493957,6.302478632029008,19.4029980344985,3.907186787129149
7.5,-9.321893224096078,55.33771752157429,-158.4474515979216,20.382000565101436,24.164351691206516,6.117382991181962,19.484193725826458,3.8040178142314574
7.550000000000001,-10.158966162632703,55.007098563301085,-157.86756196693074,20.65216850268037,24.458438396261947,5.937335348103922,19.56102159052157,3.7019128169409043
7.6000000000000005,-10.992650097195593,54.66802468160015,-157.27928208881755,20.924044923650484,24.746063128802646,5.762274691294806,19.633996652073936,3.6009528615608133
7.65,-11.822808735637217,54.32040903894184,-156.68252874348806,21.197046224018496,25.027153781392933,5.592136535281803,19.70362529187222,3.501213136182315
7.7,-12.64930188775828,53.96416604673429,-156.0772358775614,21.470625335259527,25.301653076854173,5.426853197409244,19.770322837515312,3.4027631202600617
7.75,-13.471985512811445,53.59921173032006,-155.4633536979978,21.744270173944862,25.569534126788596,5.266354066186423,19.834573317471964,3.3056667574511778
7.800000000000001,-14.290711775596492,53.22546407932271,-154.84084780644184,22.0175033134337,25.830771610056363,5.110565860934912,19.896689569843794,3.2099826244564156
7.8500000000000005,-15.105329111095198,52.84284338371806,-154.2096983346249,22.289879620335316,26.085361071016827,4.959412882877999,19.95700079794125,3.115764105030223
7.9,-15.915682297326333,52.45127255543147,-153.56989914392776,22.56098543824114,26.33175488596094,4.812817257221745,20.0,3.0230595611382682
7.95,-16.72161253650097,52.050677436160264,-152.92145703966725,22.830326113078268,26.591077894996364,4.67069916677552,20.24552985662519,2.93191251312507
8.0,-17.522957544231833,51.64098709140605,-152.26439457983471,23.098951240358133,26.847449141258046,4.532977076918492,20.54198155167997,2.842361808924494
8.05,-18.319551672692057,51.22213414047614,-151.5987006152217,23.366701090422414,27.09320427222904,4.39956800741497,20.80928027255045,2.754441797140572
8.1,-19.111225680250914,50.794054398190084,-150.92436885018276,23.632879889122886,27.32909280897124,4.270387037571197,21.053037508084856,2.66818139007043
8.15,-19.89780677174037,50.356687062291236,-150.24141532560387,23.896895097683483,27.555726470844323,4.1453474106044155,21.27755112656908,2.583619396875463
8.200000000000001,-20.679118782331077,49.9099751393401,-149.5498754258932,24.158240195766403,27.77362365219774,4.024360912678127,21.48627301719233,2.5007925393356345
8.25,-21.454982359416373,49.45386582157471,-148.84980138938593,24.416481871225784,27.98305414628245,3.9073382086444965,21.67970699465025,2.419729958525778
8.3,-22.22521514404277,48.98831082215287,-148.14126018770543,24.67123703372983,28.184341360457886,3.7941891416428746,21.858972419494982,2.3404540806726004
8.35,-22.98963195278737,48.51326667419531,-147.42433211753578,24.922173057067546,28.377955670624697,3.6848230017219237,22.027324421768167,2.2629813400324394
8.4,-23.7480449642253,48.028695003457486,-146.6991093520445,25.16901467232163,28.56429749474325,3.5791487741080914,22.18744471120563,2.187322798419018
8.450000000000001,-24.50026390839094,47.534562774152086,-145.965694229244,25.411534873923177,28.743708993903383,3.4770753660912987,22.341505554001493,2.1134845522766454
8.5,-25.246096255566513,47.03084250465067,-145.22419780458284,25.64954731106462,28.916496394401026,3.378511808054242,22.49142069923991,2.041468160335853
8.55,-25.9853474050863,46.517512456890294,-144.47473862462252,25.88290081701722,29.082931342496394,3.283367432435888,22.638811070080326,1.9712711607411393
8.6,-26.71782087470519,45.99455680264754,-143.71744165555378,26.111474425980017,29.24326234458019,3.1915520338032906,22.78513881459869,1.902887512367073
8.65,-27.443318490677047,45.46196576890856,-142.95243735425163,26.335173563022888,29.397720814670592,3.102976012217532,22.931780839938614,1.8363079726519516
8.700000000000001,-28.16164057871431,44.919735764355345,-142.17986084598598,26.55392693814058,29.546520685373483,3.0175505019252356,23.07999813114252,1.7715204317151745
8.75,-28.872586155788376,44.367869488488786,-141.39985118787862,26.7676836343715,29.687006118730054,2.935187486878675,23.172567081095593,1.7085102058459256
8.8,-29.575953122622337,43.80637602462051,-140.61255071404537,26.97620666896854,29.82234590056431,2.855799904286762,23.265910676294613,1.6472603009312081
8.85,-30.27153845676393,43.235270917895726,-139.81811144552427,27.179502328368237,29.95313968675947,2.7793017373589137,23.370347438555346,1.5877516518382606
8.9,-30.959138476976488,42.65457632329053,-139.01668683449552,27.37761928253904,30.07952541395305,2.705608207818102,23.48737849489282,1.5299633385569678
8.950000000000001,-31.63854903405646,42.06432104383232,-138.20843029267016,27.57061257764004,30.201646776932996,2.6346358385710644,23.618886848108804,1.473870590816233
9.0,-32.309565690555964,41.46454054506612,-137.39349494011597,27.758543591875252,30.319648208841986,2.566302492431248,23.76708583569062,1.419447384940753
9.05,-32.97198390066703,40.855276960963764,-136.57203335045878,27.941479635944305,30.43365952671189,2.5005274059499527,23.9341545068589,1.3666669227963268
9.1,-33.62559918972685,40.23657909131554,-135.74419730515504,28.119492485284844,30.54381245495461,2.437231218284687,24.1226723445213,1.3155017296259075
9.15,-34.27020733293707,39.60850239081864,-134.9101375947918,28.292658197404116,30.650238128109372,2.3763359952371985,24.33561498869144,1.2659237533053158
9.200000000000001,-34.905604533323704,38.97110895051601,-134.07000382353408,28.461056763883064,30.75307558613084,2.3177652491940606,24.57669395198018,1.217904460949768
9.25,-35.53158759852474,38.3244674717339,-133.22394422290188,28.62477239404362,30.85246644440479,2.261443955019331,24.850326444980134,1.171414920862759
9.3,-36.14795411607006,37.66865323275379,-132.3721054530027,28.783893397640842,30.94855992019466,2.2072985620493384,25.161948841944188,1.1264258834945906
9.35,-36.7545026265799,37.00374804823626,-131.51463240547793,28.938512434966114,31.041517116217992,2.1552570019994945,25.518393073279334,1.0829078593998531
9.4,-37.35103279446788,36.32984022160154,-130.6516679953991,29.088727055055532,31.13150899055027,2.105248692818968,25.92811153235693,1.0408312009968768
9.450000000000001,-37.93734557559292,35.647024490463615,-129.78335293190682,29.234640050448014,31.2187266664719,2.057204538331412,26.401983715312973,1.0001661836105313
9.5,-38.5132433811787,34.955401965149775,-128.90982547405758,29.37636052302115,31.29154713974015,2.0110569233418047,26.406024288398267,0.9608830897511211
9.55,-39.07853023738786,34.255080060453686,-128.03122114640146,29.513159567072506,31.361429576320614,1.9667397039926797,26.407888122020502,0.9229522997921435
9.600000000000001,-39.633011939621404,33.54617242056807,-127.14770282238287,29.64517885344737,31.428530407051827,1.9241881927551603,26.409678167297574,0.8863443869825005
9.65,-40.17649658131423,32.82879912566226,-126.25942958609174,29.77256110727626,31.492955118331164,1.8833396147688006,26.411444024593436,0.8510302247503887
9.700000000000001,-40.70879470787943,32.103086576194364,-125.3665566127456,29.89544639378018,31.554803434011614,1.8441330748899958,26.413123314764878,0.8169715597271932
9.75,-41.229719465153096,31.369167372698936,-124.46923518538998,30.013971896653853,31.614173370419515,1.8065095217929468,26.414749975991686,0.7841307975760969
9.8,-41.739086743813594,30.627180192600786,-123.5676127229847,30.128272001922824,31.67115872561074,1.7704117113012146,26.41631472569548,0.7524710619409802
9.850000000000001,-42.23671531976779,29.877269664341714,-122.66183280883867,30.23847819647196,31.72585027394723,1.7357841691696123,26.417826845408136,0.7219562098346444
9.9,-42.7224269903763,29.11958623900189,-121.75203522607366,30.344719059148765,31.77833531157486,1.7025731533615414,26.419279064888347,0.6925508426320448
9.950000000000001,-43.19604670649251,28.35428605965656,-120.83835599673131,30.447120220036346,31.828698411644382,1.670726615970061,26.420694525370894,0.6642203161614191
10.0,-43.65740270026448,27.581530828674147,-119.92092742563496,30.545804376579774,31.87702050238193,1.640194164876668,26.422049715076668,0.6369307478296093
10.05,-44.106326608679986,26.801487673167387,-118.99987814687074,30.6408912427085,31.923380005430122,1.6109270252578938,26.42335348283716,0.6106490218678573
10.100000000000001,-44.54265359282219,26.014329008786838,-118.0753331752734,30.7324975829029,31.96785246303815,1.5828780010146772,26.424613540023046,0.585342792375485
10.15,-44.966222452850424,25.220232402060436,-117.14741395972895,30.82073721719828,32.01051054142048,1.5560014362360022,26.425825992419227,0.5609804848643307
10.200000000000001,-45.376875738691666,24.419380431451767,-116.21623843927055,30.905721026071294,32.051424262449125,1.5302531767566023,26.426986900687332,0.5375312955735012
10.25,-45.77445985645415,23.611960547312773,-115.28192110188418,30.98755697152685,32.09066109083225,1.5055905318829161,26.42809229193226,0.514965189587997
10.3,-46.15882517058567,22.798164930900043,-114.34457304533346,31.066350122905806,32.128286239794605,1.4819722363587573,26.429169759864944,0.4932528974737238
10.350000000000001,-46.52982610180113,21.978190352612845,-113.40430203973034,31.14220270268358,32.16436221001467,1.4593584126302304,26.43020888008085,0.4723659104831768
10.4,-46.887321220810264,21.152238029603435,-112.46121259100701,31.215214096064372,32.198949155198825,1.4377105334641271,26.43118877661111,0.45227647457053877
10.450000000000001,-47.23117333787412,20.320513482898996,-111.51540600653031,31.285480886002546,32.232105263412976,1.4169913849594167,26.43213173754001,0.43295758332206447
10.5,-47.5612495882452,19.483226394176754,-110.56698046181532,31.353096912960435,32.26388650463212,1.3971650300101643,26.43305904532824,0.4143829700942092
10.55,-47.87742151353999,18.640590462320425,-109.61603106731131,31.418153312365554,32.29434645146296,1.3781967722606367,26.43392427304189,0.3965270989850467
10.600000000000001,-48.17956513908454,17.792823259874616,-108.66264993598537,31.4807385365868,32.323537095970444,1.3600531205763602,26.434777300556842,0.3793651549905519
10.65,-48.46756104729085,16.94014608951269,-107.70692625218352,31.540938433685632,32.35150808667114,1.3427017540652741,26.435564368926695,0.36287303368553125
10.700000000000001,-48.74129444713536,16.08278384062978,-106.74894633954655,31.598836266041744,32.3783075718995,1.3261114876898787,26.4363416031757,0.34702733022172083
10.75,-49.00065523978294,15.220964846155175,-105.7887937301307,31.654512787888724,32.40398164063458,1.310252238475293,26.43708877142847,0.33180532750790803
10.8,-49.24553808043672,14.354920739684069,-104.82654923243071,31.70804627737057,32.42857468134228,1.2950949923514088,26.437784609789887,0.31718498429171404
10.850000000000001,-49.47584243646375,13.484886313011781,-103.86229099991539,31.759512591939977,32.45212949270541,1.2806117716300207,26.438458097970987,0.303144922477685
10.9,-49.69147264187423,12.611099374156185,-102.89609459911067,31.808985227708938,32.47468719441765,1.266775603142598,26.4391177253931,0.2896644144277616
10.950000000000001,-49.89233794822076,11.733800605944172,-101.9280330769914,31.856535368188133,32.483721651202465,1.253560487048361,26.439705910117656,0.2767233697484528
11.0,-50.07835257198308,10.853233425232467,-100.95817702799593,31.90133438840344,32.48347459918549,1.240941366317891,26.44033408107834,0.2643023218847418
11.05,-50.249435738510705,9.969643842829596,-99.98662858439343,31.942915832030728,32.48327951170665,1.2288940969018682,26.44088439096363,0.25238241460940003
11.100000000000001,-50.405512247396416,9.083280416590647,-99.01350782335838,31.98151323772187,32.48200132138317,1.2173959514621302,26.44251539703134,0.24094538832045487
11.15,-50.546512830118445,8.194394127084475,-98.03892630630448,32.01726238655482,32.479835193719325,1.2064259092091376,26.445030545471504,0.22996290879476078
11.200000000000001,-50.67237409439966,7.303238168705957,-97.06299073163147,32.05030330135228,32.47779052289823,1.1959645295567114,26.447403431576344,0.2194008450598517
11.25,-50.783038517824465,6.410067756417208,-96.0858027383061,32.08083810289128,32.47575453467414,1.1859938825525091,26.44975060645344,0.20922759304852434
11.3,-50.878454431723554,5.515139936213364,-95.10745651643367,32.109046419447196,32.4738111887905,1.1764974756673396,26.45198798100729,0.19941294008404498
11.350000000000001,-50.958575961214876,4.618713396829365,-94.12803962506625,32.135101045828854,32.47186224809013,1.1674601425257123,26.454216994431434,0.18992813770339012
11.4,-51.023362971596434,3.7210482904083686,-93.14763322138197,32.15915541741895,32.470033098009225,1.1588679439921634,26.456311014964363,0.18074666283254714
11.450000000000001,-51.07278101237509,2.8224060605718226,-92.16631276981293,32.18136096603254,32.46821111775283,1.1507080724086762,26.458385897486654,0.17184397067097734
11.5,-51.10680126687185,1.923049278041121,-91.18414809579347,32.201850262583996,32.466414212837776,1.1429687665597754,26.46042433800798,0.16319743166974376
11.55,-51.12540049752974,1.0232414826653893,-90.20120408336408,32.22074768760212,32.46465576823219,1.1356392271052158,26.462413536098094,0.15478611697801625
11.600000000000001,-51.128560997384774,0.12324703199323839,-89.2175409702913,32.238169693361414,32.463001459785474,1.1287095426257636,26.464287265954923,0.14659078909119216
11.65,-51.116270541723296,-0.7766690444825812,-88.2332146355629,32.254229105248854,32.461285133307044,1.1221706199893902,26.46621566087042,0.13859368958904383
11.700000000000001,-51.0885223401049,-1.6762411857291548,-87.24827672511891,32.269018821538715,32.45960274782017,1.1160141189444914,26.46810146840272,0.13077845272746913
11.75,-51.04531498648988,-2.575203434432395,-86.2627754002046,32.28263195913025,32.4579885426565,1.1102323884237535,26.46991030142757,0.12313002089797465
11.8,-50.98665241749979,-3.473289567829122,-85.27675532025728,32.29515742938213,32.45636459293769,1.1048184143621427,26.471722142050012,0.11563461041475875
11.850000000000001,-50.912543867015394,-4.370233224222934,-84.29025779537123,32.30667222677895,32.454815096477795,1.099765767025474,26.473451522863755,0.10827948123221631
11.9,-50.82300381999364,-5.265768025321888,-83.30332123388388,32.31725386032887,32.45325253109148,1.095068550532254,26.475188135313875,0.10105294673337539
11.950000000000001,-50.71805197031449,-6.159627695096135,-82.3159811171,32.32696805109763,32.45172215888946,1.0907213592225276,26.476886145838048,0.09394432986439938
12.0,-50.59771317543134,-7.051546174804942,-81.32827044394968,32.33587905879705,32.45022655381184,1.0867192334624676,26.47854323773121,0.08694382619452767
12.05,-50.46201741532526,-7.9412577351936084,-80.34021978262601,32.34404673701239,32.44866010617313,1.0830576222817996,26.480267487669977,0.08004251520119965
12.100000000000001,-50.31099974976307,-8.828497085475226,-79.35185743511192,32.351519120523875,32.447222027230396,1.0797323466842812,26.48185580840986,0.07323222361335979
12.15,-50.14470027575895,-9.712999479449348,-78.3632098852045,32.358355042431484,32.44572481794126,1.0767395654174763,26.48349981750389,0.06650551195036769
12.200000000000001,-49.963164089719704,-10.594500819867118,-77.3743013837936,32.36459574068218,32.4441778483575,1.074075747666953,26.485190167641868,0.05985562533609823
12.25,-49.76644124105588,-11.472737758747275,-76.38515461823589,32.370280176944696,32.44279873025285,1.0717376391331825,26.4867048528987,0.05327635501046757
12.3,-49.55458669409249,-12.347447796949043,-75.39579079747641,32.37546007360957,32.441342658131724,1.0697222385310283,26.488293985648955,0.04676217067540733
12.350000000000001,-49.32766028929233,-13.218369381711112,-74.40622916314108,32.38016597250401,32.43977522131228,1.0680267753433483,26.48999287378286,0.04030801204308432
12.4,-49.0857266951851,-14.085241999828883,-73.41648779693341,32.384423775990314,32.43836796943196,1.0666486798198918,26.491524329551986,0.033909263753599816
12.450000000000001,-48.82885537084747,-14.947806271482325,-72.42658379677779,32.388276932664716,32.4369555671276,1.0655855655930608,26.493057311144565,0.02756191046913159
12.5,-48.557120529237764,-15.805804042956906,-71.4365326056233,32.39175397798349,32.435410052990086,1.0648352150016862,26.494722640215286,0.02126228453661838
12.55,-48.27060108876736,-16.658978474261858,-70.44634858018458,32.39487226905539,32.433585062936515,1.0643955538184002,26.496669976626702,0.015007011827492533
12.600000000000001,-47.969380631896506,-17.50707412709974,-69.4560454173246,32.39763746861833,32.43225684530168,1.0642646348650828,26.498106379226222,0.008793223665719552
12.65,-47.65354736846528,-18.34983705326011,-68.46563660037322,32.40011028123857,32.430477855042426,1.0644406282861567,26.5,0.0026183790663480977
12.700000000000001,-47.32319410388594,-19.18701488417883,-67.47513329551185,32.40227939365313,32.43054881103962,1.064921818796165,26.5,0.0035198684214776677
12.75,-46.97841817498176,-20.018356906963835,-66.4845471030775,32.40429863775216,32.432310384652084,1.0657065698502137,26.49826923990823,0.009623810200167782
12.8,-46.61932142476831,-20.843614154121433,-65.49388374635842,32.40629947681644,32.43422373981647,1.0667933310067212,26.496380273440256,0.015695021080972538
12.850000000000001,-46.24601008498755,-21.66253945205226,-64.50314392528749,32.40829406703074,32.43600700479553,1.068180546133533,26.494621109160835,0.021735223130150416
12.9,-45.85859467231341,-22.474887467389603,-63.51232787529749,32.41027356258537,32.43761536849357,1.0698665750299199,26.49303750964926,0.0277443025362345
12.950000000000001,-45.45718995010016,-23.280414778524925,-62.52143616994241,32.41222654872166,32.439143563485935,1.0718496866879548,26.49153270833992,0.033720577927738304
13.0,-45.04191490028591,-24.078879951842946,-61.53046981914691,32.414149192633396,32.44054700606919,1.0741280651942446,26.490152254983556,0.039662233160697724
13.05,-44.6128926951496,-24.87004361853902,-60.5394299794706,32.41603475073595,32.44197682610277,1.0766998172059417,26.488741830086276,0.045567570125797374
13.100000000000001,-44.170250663525984,-25.653668549127705,-59.54831806539615,32.4178877561193,32.443447085875306,1.0795629749043698,26.48728712533927,0.0514350402339403
13.15,-43.7141202571282,-26.42951972838787,-58.55713531829807,32.41971342253044,32.44488967938131,1.0827155007240137,26.48585773485379,0.057263153968563074
13.200000000000001,-43.24463700961853,-27.19736442642763,-57.56588278039091,32.42151172659122,32.44631303125409,1.0861552853371421,26.484445099452252,0.0630505163928774
13.25,-42.76194049416423,-27.95697226865168,-56.57456149490956,32.42328324835285,32.44772275313747,1.0898801452557834,26.483043536789125,0.06879569226256876
13.3,-42.26617428248976,-28.708115306535905,-55.58317248303756,32.42502892726604,32.4491227650803,1.0938878236052787,26.481649095361806,0.07449719837282487
13.350000000000001,-41.757485902374356,-29.45056808748266,-54.59171673016091,32.42674991568134,32.450533807207734,1.098175990561984,26.480240658605826,0.08015356698990672
13.4,-41.23602679374851,-30.184107723788117,-53.60019517772075,32.42844876507609,32.451888068328095,1.1027422436016678,26.478887497292337,0.08576333913410394
13.450000000000001,-40.70195226348747,-30.908513960734247,-52.60860866970838,32.43012300102266,32.45321826047845,1.107584107646062,26.477556273415736,0.09132506079367886
13.5,-40.15542143835925,-31.623569243341585,-51.61695814482562,32.43177266241236,32.454544105046594,1.1126990343951775,26.47622691788444,0.09683728088788257
13.55,-39.596597219221735,-32.32905878408996,-50.62524454039174,32.433399194029086,32.45586692275419,1.1180844047038079,26.47489814574468,0.10229853498231023
13.600000000000001,-39.02564623279175,-33.02477062896155,-49.63346873858043,32.43500403179517,32.457187829955814,1.123737529473864,26.47356888274396,0.10770740617260799
13.65,-38.44273878160226,-33.710495722091274,-48.64163156674936,32.43658858880664,32.45848551215515,1.129655649726807,26.472260942276748,0.1130624954011239
13.700000000000001,-37.848048792857945,-34.38602796949867,-47.649733798304034,32.43815265476011,32.459699490742935,1.135835936705881,26.471036088739893,0.11836240505886053
13.75,-37.241753766213186,-35.05116430188913,-46.657776214774316,32.43969171447317,32.460919656860966,1.1422754920162035,26.469802674032724,0.12360573958147825
13.8,-36.62403472118923,-35.70570473716773,-45.665759770456,32.44120799607229,32.46214582695913,1.1489713487639577,26.468560958720055,0.1287911062064495
13.850000000000001,-35.99507614533151,-36.34945244384716,-44.67368533452439,32.44270355542135,32.46337790672943,1.1559204753049102,26.467311113583484,0.13391713495508384
13.9,-35.355065938267124,-36.98221380080048,-43.681553697610205,32.444180294800496,32.464548746573115,1.1631197749642084,26.466121702608184,0.13898253081904954
13.950000000000001,-34.70419535484143,-37.603798456041496,-42.68936557766234,32.445635184212826,32.465689776476786,1.1705660858817026,26.46496073494164,0.1439859931859644
14.0,-34.0426589473396,-38.21401938451706,-41.697121808598716,32.44706765508882,32.46684063371038,1.178256180971296,26.46378786440043,0.14892621834988518
14.05,-33.37065450871716,-38.81269294704653,-40.70482324616674,32.44848001070464,32.46800196011352,1.1861867708650493,26.462603572157487,0.1538019017918657
14.100000000000001,-32.688383013731865,-39.39963894722928,-39.71247065808877,32.44987443566242,32.46909478239025,1.194354505398934,26.46148920765079,0.15861179787506785
14.15,-31.996048557949244,-39.974680686006714,-38.72006472858972,32.45124731757155,32.47017392172967,1.20275597339311,26.46038886136032,0.16335469067769282
14.200000000000001,-31.29385829590179,-40.5376450151482,-37.727606280150454,32.45259921786856,32.471266513582734,1.2113877025232611,26.459274864548878,0.1680293598835192
14.25,-30.58202238050668,-41.088362392351435,-36.73509611384857,32.45393259613386,32.47233555549722,1.2202461626944086,26.458184943661777,0.172634582603024
14.3,-29.860753899892824,-41.62666693336236,-35.74253493673672,32.45524709323124,32.47334673140567,1.2293277669251452,26.457154077748875,0.17716920342294884
14.350000000000001,-29.130268812659374,-42.15239646204563,-34.74992346967032,32.456539924529416,32.474372779967474,1.2386288711092703,26.456108108016046,0.18163208461473346
14.4,-28.390785883298683,-42.6653925606508,-33.75726254010684,32.45781369991785,32.47538211527842,1.24814577548878,26.45507923345911,0.18602208368250217
14.450000000000001,-27.642526617530695,-43.16550062016629,-32.76455287571879,32.45906858672932,32.47632714187311,1.2578747276013118,26.45411596416632,0.19033808759019166
14.5,-26.88571519489818,-43.65256988687581,-31.77179519783804,32.46030134066817,32.47730654524137,1.2678119220018544,26.4531177071737,0.1945790422506377
14.55,-26.120578401403893,-44.12645350891954,-30.778990351992594,32.461515998137685,32.47826191622986,1.2779535014681045,26.4521439968453,0.19874388801085274
14.600000000000001,-25.34734556238192,-44.587008583430745,-29.786139029331615,32.462712135144265,32.479178675179796,1.2882955602711519,26.4512096877151,0.202831589325001
14.65,-24.56624847224786,-45.03409619876369,-28.793241937284282,32.46388831657537,32.480113232280715,1.2988341430847967,26.45025728805574,0.20684117606094787
14.700000000000001,-23.777521324940242,-45.46758147775248,-27.800299838251966,32.46504723912575,32.48095794805789,1.3095652465897274,26.449396486963373,0.21077165627289673
14.75,-22.981400643867868,-45.88733362029479,-26.8073133915018,32.46618371833519,32.481828738794356,1.320484821698706,26.448509156119645,0.21462207009861345
14.8,-22.178125209933818,-46.293225942515924,-25.81428345474974,32.46730121979655,32.4826850819721,1.331588773311232,26.447636588573737,0.21839150217957126
14.850000000000001,-21.36793599103213,-46.685135918882274,-24.821210753152762,32.468400067094805,32.48350886434091,1.3428729648172109,26.44679723739849,0.2220790322505195
14.9,-20.551076068425928,-47.06294521844991,-23.828095999538384,32.4694792668981,32.48431428646344,1.354333217412595,26.445976630114096,0.2256838301195785
14.950000000000001,-19.727790563379607,-47.426539741484326,-22.8349399448017,32.470538911152765,32.485087293977344,1.3659653113144756,26.445189082649826,0.2292050519076838
15.0,-18.89832656346567,-47.775809655514685,-21.841743336372932,32.47157808135452,32.485880897383,1.37776498777815,26.444380586614272,0.2326418780376116
15.05,-18.062933047955998,-48.11064942950277,-20.848506956888397,32.47259971107084,32.486599670889454,1.3897279504713467,26.44364835507938,0.23599352927348605
15.100000000000001,-17.22186081283115,-48.43095786726565,-19.855231476761467,32.473599708200744,32.48733866432153,1.401849867464783,26.442895555109924,0.23925925386393487
15.15,-16.375362394378957,-48.73663813741394,-18.861917723072665,32.474581062209374,32.488037487787444,1.4141263709155254,26.442183703652496,0.24243833986872687
15.200000000000001,-15.52369199374647,-49.027597805901685,-17.868566408536026,32.47554223546495,32.488718771817766,1.426553060981675,26.441489744864924,0.24553006901484764
15.25,-14.667105399452284,-49.30374886325162,-16.87517830476628,32.47648341663301,32.4893843990308,1.4391255054868495,26.44081175920668,0.24853380132299208
15.3,-13.80585991032816,-49.56500775298238,-15.881754176206082,32.47740491537571,32.49002663912893,1.4518392423129,26.440157618331174,0.2514488901034895
15.350000000000001,-12.940214257615981,-49.81129539769991,-14.888294775493033,32.478306467072365,32.49065127563383,1.4646897807606365,26.439521429334825,0.25427473652101185
15.4,-12.070428526595109,-50.0425372237446,-13.894800865440098,32.47918823911247,32.49124762889158,1.4776726028431213,26.43891406700121,0.2570107689547285
15.450000000000001,-11.196764077872352,-50.258663184790386,-12.901273202498672,32.48004962409669,32.49183622423444,1.490783164929013,26.438314625265328,0.25965644164969603
15.5,-10.31948346818926,-50.459607783807286,-11.907712566415578,32.480891524106525,32.49239129366229,1.5040168991302707,26.43774934496348,0.2622112417178357
15.55,-9.438850370947291,-50.645310094083754,-10.914119702450447,32.481712936217654,32.492917355461564,1.5173692151592064,26.43721362177739,0.2646746840251524
15.600000000000001,-8.555129496168199,-50.815713777963175,-9.920495394297731,32.48251325187793,32.493466001718204,1.530835501281011,26.43665491581377,0.26704632057871436
15.65,-7.668586510360796,-50.970767105291856,-8.926840448991198,32.483295591152235,32.49393426364746,1.5444111264139835,26.43617808135275,0.26932572243609343
15.700000000000001,-6.779487955987454,-51.11042297022861,-7.933155554164247,32.48405549633046,32.49442218619749,1.5580914419943568,26.435681239359823,0.2715125026594478
15.75,-5.8881011703027015,-51.234638904418254,-6.939441568140629,32.484795974178105,32.49489377775458,1.5718717816005636,26.4352010395236,0.27360631160746607
15.8,-4.994694204641743,-51.34337709324112,-5.945699234177781,32.485517245862134,32.4953026561567,1.585747465134581,26.43478470763258,0.27560679212413675
15.850000000000001,-4.0995357427771655,-51.43660438619895,-4.951929287102556,32.48621620374032,32.49572625018785,1.5997137985148981,26.434353401698225,0.2775136706803494
15.9,-3.202895019364904,-51.51429230751712,-3.9581325807527468,32.486895492772284,32.496124491948756,1.6137660750442606,26.433947918725686,0.27932666760634106
15.950000000000001,-2.3050417383545776,-51.576417067307325,-2.9643098677425757,32.48755470699918,32.49649628651587,1.6278995787780133,26.433569371822188,0.28104553058724946
16.0,-1.4062459908993794,-51.622959567846635,-1.97046191626289,32.48819339125037,32.49684312702566,1.6421095844316653,26.433216239131838,0.28267007467505323
16.05,-0.5067781733323773,-51.65390541023708,-0.9765895119651734,32.48881122952004,32.49716676544675,1.6563913591211445,26.432886735502418,0.28420011307304094
16.1,0.3930910949863745,-51.669244899650835,0.01730654736664946,32.4894080535148,32.49748543103943,1.6707401641301374,26.432562300532215,0.2856354937895844
16.150000000000002,1.293091053929289,-51.66897304904464,1.011225457472281,32.48998500905227,32.49779227499024,1.6851512565906432,26.432249906586303,0.28697610017985653
16.2,2.1929508849327304,-51.653089581335806,2.00516645793051,32.490542670904986,32.49804724100153,1.6996198910710447,26.431990332910154,0.2882218492101174
16.25,3.0923997933409275,-51.62159892933711,2.999128810298038,32.491078711626166,32.498281162695925,1.71414132036994,26.43175218704702,0.28937268960802953
16.3,3.991167090713604,-51.57451023458545,3.9931116869885823,32.49159317241687,32.498506100811205,1.7287107966490396,26.431523189867818,0.29042858597790655
16.35,4.8889822772049545,-51.51183734646386,4.987114261963825,32.49208695301646,32.49872513808393,1.7433235743064017,26.431300202725758,0.29138952558199094
16.400000000000002,5.7855751238938415,-51.433598818446534,5.981135743607979,32.49256110909271,32.498921519230706,1.7579749114194385,26.431100282539866,0.2922555531472426
16.45,6.680675754985977,-51.33981790237902,6.975175380700949,32.493015424102566,32.49909558531388,1.7726600706656228,26.430923081362003,0.2930267422607358
16.5,7.574014729860131,-51.23052254122038,7.969232413707296,32.49344972133195,32.49923707534709,1.7873743201432006,26.43077904420481,0.29370318492368597
16.55,8.465323125042257,-51.10574536110373,8.963306076302038,32.4938631037616,32.499350818185846,1.802112934950351,26.43066325456075,0.29428498955155646
16.6,9.35433261603801,-50.96552366192891,9.95739556778992,32.494255083363335,32.499445801196636,1.8168711987332244,26.430566562881165,0.2947722961430088
16.650000000000002,10.240775559074537,-50.80989940694037,10.95150006876617,32.49462584892286,32.49952661525299,1.8316444056595387,26.43048429544045,0.2951652756574674
16.7,11.124385072641186,-50.63891921061778,11.945618767033606,32.49497590366072,32.4995925682479,1.846427862137972,26.43041715659696,0.2954641385262846
16.75,12.004895118744663,-50.452634324728315,12.939750869644397,32.49530566541695,32.49963774218195,1.861216888121831,26.43037117056616,0.2956691295686653
16.8,12.882040583860283,-50.25110062276484,13.933895599632397,32.49561509947159,32.499662267640595,1.8760068182147194,26.430346204258356,0.2957805196771801
16.85,13.755557359592661,-50.03437858301321,14.928052178684803,32.495904182912234,32.49966624747336,1.8907930028182776,26.430342152890603,0.2957986018577685
16.900000000000002,14.625182423082897,-49.8025332704671,15.92221982759539,32.49617290180945,32.49964975745027,1.9055708095425459,26.430358939317216,0.29572369207116367
16.95,15.49065391708794,-49.55563431732092,16.91639776660947,32.49642124864094,32.49961284780198,1.9203356245992182,26.430396512461044,0.29555613448536633
17.0,16.35171122970678,-49.29375590204845,17.910585215670388,32.49664922000959,32.499555543450015,1.9350828541791714,26.43045484707855,0.2952963011334475
17.05,17.208095073728348,-49.01697672707526,18.90478139457841,32.49685681454105,32.49947932198824,1.9498079258153922,26.43053243919732,0.2949445915990623
17.1,18.059547565576263,-48.72537999505315,19.898985523069356,32.497044136501565,32.49939303810041,1.964506289732391,26.43062027508138,0.29450143272441665
17.150000000000002,18.905812303825822,-48.419053383745215,20.89319682486097,32.497211915187194,32.49928875170256,1.9791734201830167,26.430726437842548,0.29396727833997716
17.2,19.746634447246237,-48.09808901947108,21.887414551589135,32.49736026065258,32.49916639580443,1.9938048167100035,26.430850995991207,0.2933426090125124
17.25,20.58176079222097,-47.762583448833055,22.881637959095844,32.49748927030628,32.49900566387965,2.0083960050196694,26.431014622155228,0.29262793053973724
17.3,21.41093984977673,-47.41263760943653,23.87586630694585,32.49759758413295,32.498823727464234,2.0229425382158936,26.431199836369984,0.2918237661933176
17.35,22.233921922085674,-47.04835679926658,24.870098802616496,32.49768516579947,32.49862069416939,2.0374399980292637,26.431406529729372,0.29093066392448463
17.400000000000002,23.050459178783065,-46.669850645518586,25.86433465218796,32.49775198925446,32.49839776463524,2.0518839969098153,26.431633480644532,0.28994919626740057
17.45,23.86030573242949,-46.27723307134875,26.858573060738227,32.49779811606737,32.49818120261243,2.066270179310351,26.4318539518408,0.2888799776110318
17.5,24.66321771337498,-45.87062226129301,27.852813235699458,32.49782547939202,32.49794549445888,2.0805942229499053,26.43209391774919,0.2877236480107115
17.55,25.458953343979207,-45.45014062532434,28.847054458530966,32.497834051896795,32.497684942287414,2.094851840010712,26.43235918005638,0.28648087279108836
17.6,26.247273011641855,-45.01591476062228,29.84129600964409,32.49782340121042,32.49737096442318,2.109038777195593,26.43267883889189,0.28515234121613275
17.650000000000002,27.02793934166495,-44.568075413123346,30.83553715289222,32.49779108429704,32.49706948175401,2.1231508169505204,26.432985781625945,0.28373874369762575
17.7,27.80071726955327,-44.10675743800354,31.829777058574024,32.49773954125825,32.49675179919314,2.137183778916544,26.43330922313026,0.28224079509854505
17.75,28.56537411326131,-43.63209975991283,32.82401499043271,32.4976689882536,32.49641332129286,2.1511335225761385,26.433653843147216,0.280659239320471
17.8,29.32167964322236,-43.14424532942118,33.818250220491784,32.49757929775641,32.49605193459311,2.1649959469474354,26.43402179472913,0.2789948731918912
17.85,30.069406152257844,-42.64334107940367,34.81248201589462,32.4974702003876,32.49566763451702,2.17876699160108,26.434413083922202,0.2772484874259362
17.900000000000002,30.80832852481792,-42.12953788037685,35.80670963347324,32.497341445682565,32.495261098020784,2.19244263786873,26.43482702291037,0.27542089307289075
17.95,31.538224305478565,-41.60299049468988,36.800932320473706,32.497192849421005,32.49487539779419,2.20601891012123,26.435219754753398,0.2735129253530033
18.0,32.25887376662283,-41.063857529501796,37.795149317093994,32.497027317161944,32.494425172790656,2.2194918770197134,26.4356781982113,0.27152544505000265
18.05,32.97005997526629,-40.51230138853757,38.789359974805194,32.49684144970685,32.493961505127935,2.232857652710898,26.436150341535622,0.26945933796966415
18.1,33.671568857862866,-39.94848822122228,39.78356351491703,32.496635739379784,32.4935216530821,2.2461123961480567,26.43659824499239,0.26731551382368934
18.150000000000002,34.36318926653631,-39.37258787367387,40.777759177601816,32.496413304644236,32.49300915394629,2.259252314188032,26.437120138950633,0.26509486874317645
18.2,35.04471304301753,-38.78477383667681,41.77194632245919,32.49617015102296,32.4925174297616,2.272273662330903,26.437620890904128,0.2627983607995077
18.25,35.71593508058574,-38.1852231913742,42.766124156136584,32.49590924236143,32.49200500807627,2.2851727438637894,26.438142734712034,0.26042696285742295
18.3,36.37665338785064,-37.57411655710731,43.760291998789036,32.495630368483916,32.491464814812666,2.2979459132661404,26.438692876615868,0.2579816306577243
18.35,37.02666914883224,-36.95163803500754,44.754449162535195,32.49533282893597,32.49089857253685,2.3105895754129406,26.439269564757932,0.2554633880470192
18.400000000000002,37.665786783290834,-36.31797515198215,45.74859493268432,32.49501609633604,32.49035912311855,2.323100186670125,26.43981898242433,0.25287324293600477
18.45,38.29381400627761,-35.673318803849654,46.74272857436514,32.49468345539193,32.48973534494099,2.335474256267865,26.440454307377728,0.25021222514368446
18.5,38.91056188661773,-35.01786319734684,47.73684947850012,32.49433001893115,32.489166675033196,2.347708347552391,26.441033522879856,0.2474813919548069
18.55,39.515844902679206,-34.35180578956015,48.73095684888683,32.49396120865272,32.4885203766995,2.359799076927871,26.44169182829476,0.24468182569052033
18.6,40.10948100066759,-33.67534722973175,49.72505009694624,32.493572577798915,32.48790186224858,2.371743117695793,26.442321855491805,0.2418145875095945
18.650000000000002,40.69129164728899,-32.98869129589153,50.71912846384254,32.49316752668818,32.48725392352378,2.3835371976765245,26.442981877563142,0.23888081535844208
18.7,41.26110188573544,-32.29204483450555,51.71319132096032,32.492745126462154,32.48657402944266,2.3951781027487087,26.443674476130113,0.23588159961462907
18.75,41.81874038701057,-31.58561769608601,52.70723800413482,32.492304333817906,32.48592250525147,2.4066626756511837,26.44433819890989,0.23281810144368364
18.8,42.364039502095125,-30.869622671600503,53.7012678092719,32.491848488920304,32.485187272664135,2.4179878173711273,26.445087225842965,0.2296914580495013
18.85,42.89683531306284,-30.144275427988685,54.695280160191786,32.49137268775915,32.484518745990854,2.4291504885829482,26.44576832154136,0.22650283439887176
18.900000000000002,43.41696768092554,-29.409794441235764,55.68927429296148,32.49088312048998,32.48376539421508,2.440147708433038,26.446535867062295,0.22325342423641814
18.95,43.92428029630661,-28.66640093152828,56.683249680685805,32.49037471147035,32.48303637527122,2.4509765582647134,26.447278651485142,0.2199443970017967
19.0,44.4186207235032,-27.91431879370084,57.67720560214876,32.48985054459898,32.48226901308823,2.4616341786527656,26.44806053522543,0.21657699663350627
19.05,44.89984044889964,-27.153774530761872,58.671141454234885,32.48930900663393,32.48153258979701,2.472117773195471,26.448810925521578,0.2131524077610436
19.1,45.36779492412427,-26.384997183854953,59.665056572082804,32.488753548288436,32.48070190682953,2.4824246073809917,26.449657399589693,0.20967189085411064
19.150000000000002,45.82234361033633,-25.608218263013967,60.658950422972616,32.48817843104137,32.47994176512285,2.492552010260397,26.45043202520762,0.20613668371041172
19.200000000000003,46.26335001866555,-24.823671675606587,61.65282225449623,32.487590097761476,32.47911628460981,2.5024973730571602,26.45127327118344,0.20254805758810335
19.25,46.69068175417893,-24.031593656833742,62.64667156094605,32.4869848253935,32.478299380121975,2.5122581532844492,26.45210581483425,0.1989072559352678
19.3,47.10421055222383,-23.232222695897867,63.640497694095316,32.48636443644553,32.47743920857844,2.5218318715182164,26.45298249417573,0.1952156045457798
19.35,47.50381231881925,-22.425799464502703,64.63430007551818,32.485726920169306,32.476608877768214,2.531216114265746,26.453828799330186,0.19147436467534362
19.400000000000002,47.889367166838966,-21.612566743094806,65.6280780498323,32.485075631426376,32.47576372344732,2.5404085334806084,26.45469025275496,0.1876848549505894
19.450000000000003,48.260759452957835,-20.7927693475077,66.62183109012024,32.48441049514216,32.47486345962563,2.549406848364285,26.45560792240793,0.18384838429724937
19.5,48.617877810374154,-19.966654053619326,67.61555866661338,32.483728564033825,32.473996793371406,2.558208843922607,26.456491387719574,0.17996629767353056
19.55,48.96061518205294,-19.13446952236756,68.60926013673665,32.483033437557935,32.47307900182473,2.5668123715665843,26.457427015097753,0.17603991116644124
19.6,49.288868854256144,-18.29646622482923,69.60293499573895,32.482322406434136,32.47219510381191,2.5752153514217966,26.458328134798457,0.1720705528795463
19.650000000000002,49.602540485105166,-17.452896365244076,70.59658263517719,32.48159902767541,32.47127280477812,2.5834157706823646,26.45926845029605,0.16805959710424645
19.700000000000003,49.90153613531114,-16.60401380495796,71.59020258280282,32.4808614403256,32.47031790162771,2.591411685740077,26.460242056933776,0.16400838521136052
19.75,50.18576629402652,-15.750073984551026,72.58379429515222,32.4801083304186,32.46939909263439,2.5992012205269077,26.461178683760835,0.15991830115424932
19.8,50.45514590638609,-14.891333846648408,73.57735717849025,32.479343384862595,32.468419595386855,2.6067825680971097,26.462175953065866,0.15579069573661286
19.85,50.70959439939675,-14.028051758102256,74.57089078024273,32.478563114185754,32.46747521609069,2.614153991861599,26.46313600885851,0.15162695140404026
19.900000000000002,50.94903570357291,-13.160487430888177,75.5643945142874,32.477771121464684,32.46652224764172,2.6213138237968465,26.46410338568067,0.14742847528978587
19.950000000000003,51.17339827731748,-12.288901843867194,76.5578679324498,32.476967630477326,32.46550125925558,2.6282604669502874,26.465138665379175,0.14319663870494992
20.0,51.38261512581485,-11.413557163010088,77.55131059514463,32.47614860396149,32.46451828895439,2.6349923936625643,26.46613367698441,0.13893286306881691
20.05,51.57662382046985,-10.534716661896113,78.54472190827886,32.475317867175264,32.463488141847684,2.641508145803435,26.46717528406348,0.13463853424553918
20.1,51.75536651945963,-9.652644642411394,79.53810142420573,32.47447288679473,32.46244621829351,2.6478063375510104,26.468227357899032,0.1303150428174149
20.150000000000002,51.91878998227649,-8.767606354086563,80.53144859834076,32.47361383904464,32.461471116086805,2.653885653424979,26.46920969759465,0.12596383495150576
20.200000000000003,52.06684558659488,-7.879867913987275,81.52476289287495,32.47274650169051,32.46042295584643,2.659744850124376,26.47026496900334,0.12158631747936965
20.25,52.199489342137795,-6.989696225988005,82.51804399116463,32.47186624841593,32.45936482080578,2.6653827567174204,26.471328804723747,0.11718393398794547
20.3,52.31668189978477,-6.097358899394433,83.5112913995232,32.470973289300915,32.45835379607353,2.6707982714453635,26.472342944732095,0.11275813186088612
20.35,52.41838856543674,-5.203124168374687,84.50450463233314,32.47007189692753,32.45725475895612,2.6759903647632868,26.473445234743775,0.1083102945588621
20.400000000000002,52.50457930959775,-4.307260810701782,85.4976833675222,32.46915638707243,32.456153661837035,2.6809580794545482,26.474547969550684,0.10384186635846504
20.450000000000003,52.57522877309602,-3.4100380661687386,86.49082706550055,32.46822762098419,32.45510486146552,2.685700528284748,26.47559566779089,0.09935429382522898
20.5,52.63031627733743,-2.5117255554707896,87.48393521967076,32.46729028101857,32.453966566968084,2.6902168976231664,26.476733009675037,0.09484897660399838
20.55,52.66982582922263,-1.6125931985233652,88.4770075026545,32.46633858715782,32.45285058278504,2.6945064471105127,26.477845897004446,0.09032738676836516
20.6,52.69374612233448,-0.712911132692639,89.47004336590473,32.46537515827405,32.45181149815696,2.6985685070112453,26.47887860310337,0.08579098974692556
20.650000000000002,52.7020705429787,0.18705036871780378,90.46304236112582,32.46440632540855,32.450701871351015,2.7024024818370194,26.47998160360814,0.08124119801465213
20.700000000000003,52.69479716975291,1.0870209782612035,91.4560042823163,32.463427435833005,32.44955541696734,2.7060078489025656,26.481120493830407,0.07667949651548156
20.75,52.67192876945389,1.9867303959443596,92.44892874544918,32.4624365773426,32.44848088633865,2.709384154632218,26.48218426407152,0.07210734131092522
20.8,52.6334727981642,2.885908430747349,93.44181529335286,32.46143974227088,32.44737342457536,2.7125310174511483,26.483279947855948,0.06752611459305058
20.85,52.579441399266024,3.7842850822321847,94.43466369817507,32.46043500529263,32.44617161916775,2.715448129011051,26.484470253652074,0.06293725637860348
20.900000000000002,52.50985139528856,4.681590621804084,95.42747365841016,32.459416191997995,32.44505405339629,2.718135250646448,26.485572869498256,0.05834223119805415
20.950000000000003,52.424724283095614,5.5775556740073995,96.42024463632707,32.45839032495502,32.44397156578164,2.720592214572541,26.486637985750868,0.053742432707934995
21.0,52.324086230189295,6.471911298078286,97.41297636292288,32.45736041358549,32.44269205665643,2.722818927618789,26.48790261102065,0.049139278521863616
21.05,52.20796806169749,7.364389068639609,98.40566868435447,32.456312673804845,32.44151156932017,2.7248153670121837,26.489064475234674,0.044534260924962155
21.1,52.07640524837819,8.254721156206664,99.39832091941831,32.455255452055944,32.44046722063527,2.726581578555205,26.49008566866888,0.039928787867893334
21.150000000000002,51.92943790320157,9.142640408983478,100.39093270628082,32.45419914981161,32.439159350268845,2.72811768487896,26.491374366767708,0.03532423086042513
21.200000000000003,51.767110763332276,10.027880432740796,101.38350408106935,32.4531248784157,32.43799393226325,2.7294238803768636,26.492515978486484,0.030722126475097866
21.25,51.58947316956926,10.910175669768677,102.37603435729098,32.45204409654767,32.43705147021452,2.730500424886152,26.493428268352428,0.026123909958073455
21.3,51.396579061695554,11.789261480794886,103.36852328686248,32.45097319466672,32.43579039848908,2.7313476549545044,26.494664434973366,0.021530890185772478
21.35,51.18848695449497,12.664874223347677,104.36097124873339,32.44988870922546,32.43451495219791,2.7319659768504962,26.495913761612222,0.016944601367043788
21.400000000000002,50.96525990964306,13.53675132847585,105.35337772425251,32.44879058372349,32.43364497371671,2.7323558565939905,26.49674734932762,0.01236643791983738
21.450000000000003,50.72696552953895,14.404631382637021,106.34574219264488,32.44770875443729,32.4324948630004,2.7325178339199354,26.497865632032255,0.007797594869884961
21.5,50.473675935969176,15.268254206437582,107.33806527829863,32.44662204790609,32.43034890695174,2.732452522157857,26.5,0.0032395465188983508
21.55,50.20546773019714,16.12736092760588,108.33034679564697,32.44545968069506,32.43029041761833,2.732160590071935,26.499999999999993,0.001306235241571585
21.6,49.922421981318884,16.981694061718066,109.32258385165451,32.44437616190386,32.43163281588709,2.731642774397436,26.498567161537167,0.00583864171844084
21.650000000000002,49.62462424108613,17.830997603399286,110.31477946336,32.44346592290267,32.43207855017803,2.7308999221654133,26.49804911511598,0.010356313489978675
21.700000000000003,49.31216442920408,18.67501707352935,111.30694025943892,32.442652539136624,32.43339384885907,2.7299328976386334,26.496641269757735,0.014857044640450567
21.75,48.98513675367742,19.513499571521784,112.29906994509093,32.441991204116796,32.43475368643005,2.728742525346263,26.495186632689467,0.01934049053559761
21.8,48.64363972678336,20.346193861536143,113.29117433631362,32.441474238567736,32.435631323948,2.7273296357809826,26.494223280860204,0.023807445847410236
21.85,48.28777610586135,21.172850430677325,114.2832589551408,32.44105688752347,32.43372403347803,2.725695032020461,26.492983115348473,0.028257791305605906
21.900000000000002,47.917652868562385,21.993221559625276,115.27532761169657,32.44053311223451,32.42774752828101,2.7238394941302744,26.491773298521174,0.03269207521043427
21.950000000000003,47.53338120703961,22.807061402684415,116.26737623582129,32.43961985623783,32.42183754433073,2.7217638058474236,26.490837110242897,0.037110757803731076
22.0,47.13507660697569,23.61412611233781,117.25938993190235,32.438349691101614,32.41602013187086,2.7194688781560217,26.48970916221335,0.041513765657015256
22.05,46.72285896180558,24.414173994036407,118.25135505090435,32.43675472258513,32.41029501920247,2.7169559190955113,26.488609822005923,0.04589855382803876
22.1,46.29685251161986,25.206965583547902,119.24325917275948,32.43486474377208,32.404664416712635,2.7142264138709606,26.487680684357446,0.050259181210208226
22.150000000000002,45.85718578126473,25.992263721976123,120.23509101804113,32.43270757755355,32.39914911925908,2.711282105164017,26.486537767860987,0.054590104491012426
22.200000000000003,45.40399151868435,26.769833629035432,121.22684037267089,32.430310544818234,32.393746113113096,2.708124974760736,26.485433119114973,0.05888617413887687
22.25,44.937406633355145,27.539442974601304,122.21849806871417,32.42769879969644,32.38845903489888,2.704757226296266,26.484424710954322,0.06314260806561833
22.3,44.4575721340943,28.300861948175704,123.21005590146962,32.424895959353755,32.38330020403224,2.701181268240063,26.4833124743257,0.0673549692893971
22.35,43.96463306714945,29.05386332684612,124.20150657061025,32.42192483397364,32.37826498452555,2.697399698126894,26.48235996917851,0.07151916112405843
22.400000000000002,43.458738454266765,29.79822254164518,125.19284364920868,32.41880627329878,32.373363516322335,2.693415287659768,26.481401228474297,0.07563140226338305
22.450000000000003,42.94004123040377,30.533717742144017,126.1840615086428,32.415560362086175,32.36860243872175,2.6892309682509605,26.480354036038335,0.07968820934252108
22.5,42.40869818169146,31.26012985973644,127.17515528919428,32.412206224703006,32.36397808155074,2.6848498176979376,26.479422736180098,0.08368638817614737
22.55,41.86486988307257,31.977242669286852,128.16612086316513,32.40876135733499,32.35950037198325,2.6802750472798564,26.478406228503566,0.08762301106045811
22.6,41.30872063574592,32.68484284925998,129.15695477246587,32.405242715524146,32.35516504957653,2.675509989395664,26.477507422816743,0.09149540836162373
22.650000000000002,40.74041840475454,33.38272004064126,130.1476542077737,32.40166573938504,32.35097779282822,2.6705580861480342,26.47662770085668,0.09530115768384917
22.700000000000003,40.160134756214916,34.07066690431427,131.1382169504371,32.39804517177383,32.346943682846536,2.665422878223211,26.47567330179693,0.0990380649525946
22.75,39.568044794663,34.748479177314294,132.1286413456566,32.39439506542188,32.34305902610243,2.6601079946547657,26.474805147064288,0.10270415849646497
22.8,38.964327100145105,35.415955727708386,133.11892627594247,32.39072820547049,32.33932937837505,2.6546171429828433,26.473896199749877,0.10629767136890678
22.85,38.34916366507204,36.07289860813949,134.1090711125173,32.38705686067796,32.33574947877702,2.648954099807085,26.47314181309799,0.10981703343844629
22.900000000000002,37.72273983110471,36.71911310831545,135.09907569543228,32.38339204768503,32.33233095310296,2.6431227020821524,26.47220772084806,0.11326086351516551
22.950000000000003,37.08524422574412,37.35440780618875,136.08894028558694,32.37974482664345,32.329062332779735,2.6371268387071325,26.471468827880482,0.11662795449865371
23.0,36.436868698952715,37.97859461817533,137.07866556625493,32.37612464851033,32.32595249146948,2.6309704428525222,26.470658149833802,0.11991726750039788
23.05,35.77780825926274,38.591488847904785,138.0682525814903,32.372540923007406,32.322997270699155,2.6246574842490418,26.46991077912263,0.12312791709220505
23.1,35.10826101007528,39.19290923424491,139.05770273443886,32.369002090699674,32.3201997875676,2.6181919624318937,26.4691241063397,0.12625917206960935
23.150000000000002,34.428428085496655,39.78267799796411,140.04701775021965,32.36551621190453,32.317554940405905,2.6115779000013717,26.468454089157966,0.12931043634296202
23.200000000000003,33.738513586102606,40.36062088746605,141.0361996613096,32.362090406797485,32.31506846451311,2.60481933645805,26.46769886433323,0.13228124861043966
23.25,33.03872451439567,40.92656722336685,142.02525077156125,32.358731696634315,32.31273345292028,2.597920322260798,26.467064220705087,0.13517127086643654
23.3,32.32927071017591,41.480349942199894,143.01417365235227,32.3554461077976,32.31055470669704,2.590884913444846,26.46636487995824,0.13798028394504058
23.35,31.610364785505823,42.02180563888638,144.00297110453863,32.35223957914756,32.30852793812127,2.5837171662967293,26.465711644161818,0.14070817631903765
23.400000000000002,30.882222059609045,42.55077460841447,144.99164615505995,32.34911731907425,32.30665212464508,2.5764211326245885,26.46510283656612,0.14335494296233264
23.450000000000003,30.1450604933686,43.06710088632209,145.98020202900943,32.34608409090074,32.30492791227503,2.5690008550809083,26.464474689054693,0.14592067344281645
23.5,29.399100623662,43.570632288309405,146.96864213260983,32.34314436385605,32.30335192201159,2.5614603629244073,26.463896886389378,0.14840555087360485
23.55,28.6445654974278,44.06122044886644,147.95697004196086,32.34030204658145,32.30192325587423,2.5538036680508753,26.463350513505503,0.15080984313001977
23.6,27.881680605416406,44.5387208588566,148.94518948162386,32.337560704388075,32.30064288882684,2.546034761203451,26.462745927403578,0.15313389747063866
23.650000000000002,27.110673815715284,45.00299290220486,149.9333043115066,32.334923717562276,32.29950363678301,2.538157608523079,26.462278292993243,0.15537813694848523
23.700000000000003,26.33177530697574,45.45389989159769,150.92131851979602,32.33239371179233,32.29850940350651,2.530176148309671,26.46174672605568,0.1575430536074407
23.75,25.54521750129815,45.89130910312353,151.9092361941639,32.329973404057625,32.29765565859287,2.5220942879000035,26.46124699388727,0.15962920426815685
23.8,24.751234996946987,46.3150918101613,152.8970615252563,32.327664993667284,32.2969404790894,2.5139159010044096,26.460779720878143,0.1616372081933548
23.85,23.950064500643435,46.72512331608824,153.8847987869519,32.32547038548315,32.296361998038535,2.505644824996047,26.460340898442745,0.16356773791187607
23.900000000000002,23.141944759620433,47.12128298613167,154.87245232514368,32.32339121495139,32.29591884451325,2.497284858518398,26.459905459569594,0.16542152016725709
23.950000000000003,22.327116493373445,47.50345427825724,155.86002654748006,32.321428902777235,32.29560947503311,2.4888397592778233,26.45945176168616,0.16719932955297168
24.0,21.505822325102496,47.87152477308687,156.84752591519532,32.31958465793837,32.29542879254732,2.48031324200673,26.45909059214318,0.1689019848114981
24.05,20.678306712835123,48.22538620282138,157.8349549350589,32.31785923898187,32.29537720548906,2.471708976565239,26.458723520236163,0.1705303454218665
24.1,19.844815880234734,48.56493447916969,158.8223181422223,32.316253379446664,32.2954531251957,2.4630305861800323,26.45832437784128,0.17208530882982132
24.150000000000002,19.0055977471509,48.8900697204206,159.80962009929652,32.314767647000174,32.29565246302006,2.454281645963796,26.457962296117756,0.17356780770413138
24.200000000000003,18.160901859814416,49.20069627742567,160.7968653900579,32.31340227671588,32.295971695031426,2.445465681460959,26.45768528973219,0.17497880432472357
24.25,17.310979320719706,49.49672275857018,161.78405860679703,32.312157235166985,32.29641189155034,2.4365861673044478,26.457359198609623,0.17631929005673896
24.3,16.45608271823246,49.77806205382727,162.77120434011445,32.3110325677658,32.29696891761851,2.427646526083805,26.457053109814733,0.17759028313022895
24.35,15.596466055907584,50.044631357861775,163.7583071819641,32.31002802132671,32.29764038088912,2.4186501273865275,26.456767126573215,0.17879282441285227
24.400000000000002,14.732384681459314,50.296352191984795,164.74537171430234,32.30914318986689,32.298423897528686,2.409600286805002,26.456500341531584,0.17992797394555282
24.450000000000003,13.864095215463308,50.533150425171556,165.7324025032986,32.308377526128446,32.29931702980733,2.400500265135342,26.45625350904882,0.18099681163050718
24.5,12.9918554797672,50.7549562940587,166.71940409398553,32.30773034781979,32.30031740725601,2.3913532676811684,26.45602421842557,0.18200043339319905
24.55,12.115924425614432,50.961704421911946,167.7063810051469,32.307200852065236,32.30142261372407,2.3821624436555666,26.45581162429689,0.182939949083476
24.6,11.236562061487735,51.153333836557785,168.69333772475653,32.30678812075515,32.30263022506138,2.3729308856778886,26.455615045617655,0.1838164805120357
24.650000000000002,10.35402938067793,51.32978798726742,169.68027870562062,32.30649112820559,32.30393781491231,2.363661629356713,26.45543384516958,0.18463115955356102
24.700000000000003,9.46858828858586,51.491014760586246,170.6672083613116,32.30630874868465,32.30534338366073,2.3543576529562245,26.455249077676793,0.1853851264235118
24.75,8.580501529765323,51.63696649510021,171.65413106238796,32.30623979404008,32.30684441057948,2.345021877141349,26.455063967289306,0.18607952800977046
24.8,7.690032614715584,51.76759999513041,172.6410511340482,32.306282980935755,32.308438015079226,2.3356571647974604,26.45489790019715,0.18671551629751093
24.85,6.797445746430243,51.88287654332893,173.62797285253427,32.306436911946,32.31012126284924,2.326266320902107,26.454773695615117,0.1872942468777694
24.900000000000002,5.903005746716784,51.982761912190384,174.6149004408126,32.30670007986767,32.311892416669366,2.3168520924686646,26.454662119899698,0.1878168779070677
24.950000000000003,5.006977982298071,52.067226374485514,175.60183806441876,32.30707096106779,32.3137490896973,2.3074171685731173,26.45456274372831,0.18828456866884835
25.0,4.109628290704758,52.136244712609425,176.58878983085984,32.30754797025561,32.315688909096245,2.2979641804617046,26.45447516335098,0.18869847791094685
25.05,3.2112229059648376,52.189796226783315,177.575759787291,32.308129465887085,32.31770951780703,2.2884957016833596,26.454398998945926,0.18905976222825416
25.1,2.3120283841069633,52.22786474213115,178.56275191839632,32.30881375530994,32.31980857620737,2.279014248274258,26.454333892892286,0.18936957556690004
25.150000000000002,1.4123115284902967,52.25043861462256,179.5497701444646,32.309599099659756,32.321983763655666,2.269522278991097,26.454279508300388,0.18962906818202896
25.200000000000003,0.5123393149742266,52.25751073587329,-179.46318168034992,32.31048371851661,32.32423277992697,2.260022195590203,26.45423552765607,0.18983938566321967
25.25,-0.38762118305816096,52.249078536794926,-178.47609976959072,32.31146579433163,32.32655334818087,2.2505163431493713,26.454201574358713,0.1900016680178851
25.3,-1.287302869808432,52.22514399008547,-177.4889804058952,32.31254347674944,32.32894332170259,2.2410070104298185,26.45417218238901,0.1901170488166315
25.35,-2.186438702288026,52.18571361155282,-176.5018199422275,32.3137148942461,32.33140031274493,2.2314964302754063,26.45415446655702,0.19018665439105575
25.400000000000002,-3.0847617656448785,52.130798460263215,-175.5146148026692,32.31497813842458,32.33392211724289,2.2219867800466417,26.45414811949927,0.19021160308824392
25.450000000000003,-3.9820053485751234,52.06041413750241,-174.52736148381032,32.31633127976875,32.3365065572203,2.212480182082345,26.454152850901195,0.19019300457529198
25.5,-4.877903018804064,51.974580784554064,-173.54005655554155,32.31777237101529,32.33915148167606,2.202978704198422,26.4541683864392,0.19013195928593518
25.55,-5.772188698619411,51.87332307928083,-172.55269666171895,32.3192994503482,32.34185476739166,2.19348436021415,26.454194466856634,0.1900295576784572
25.6,-6.664596740439398,51.756670231501545,-171.56527852070892,32.32091054442273,32.3446144244531,2.183999110503919,26.45422560800972,0.18988687968544582
25.650000000000002,-7.554862002397954,51.62465597715806,-170.57779892581868,32.322603678710614,32.34742834433184,2.174524862572518,26.454263620909124,0.18970499420461806
25.700000000000003,-8.442719923928692,51.47731857126561,-169.59025474533422,32.32437686911213,32.35029446197787,2.165063471651891,26.45430969436741,0.1894849586280145
25.75,-9.327906601328275,51.31470077963663,-168.60264292287917,32.326228125745395,32.35321077025549,2.155616741313146,26.45436365888873,0.18922781841254732
25.8,-10.210158863280956,51.136849869379255,-167.61496047763083,32.32815545749611,32.356175292874546,2.146186424098815,26.454425354130876,0.18893460677489315
25.85,-11.089214346324995,50.943817598164806,-166.62720450436368,32.330156874308855,32.35918608480583,2.136774222172839,26.454494628400166,0.18860634428662593
25.900000000000002,-11.964811570241029,50.7356602022584,-165.63937217340714,32.33223038934436,32.36224123264176,2.1273817879854846,26.45457133817681,0.18824403851951388
25.950000000000003,-12.83669001334231,50.512438383308535,-164.65146073052196,32.33437402100846,32.36533885490504,2.1180107249517306,26.454655347666684,0.18784868374709163
26.0,-13.704590187646444,50.27421729389189,-163.66346749670052,32.336585794858216,32.368477102308105,2.108662588141648,26.45474652838239,0.18742126067508025
26.05,-14.568253713907897,50.02106652181005,-162.67538986789546,32.33886374539035,32.371654157965665,2.099338884981421,26.454844758750887,0.18696273620165016
26.1,-15.427423396490296,49.75306007313529,-161.68722531468129,32.341205917717154,32.37486806304439,2.090041075963697,26.4549593454488,0.18647406320454252
26.150000000000002,-16.281843298057268,49.470276354003005,-160.69897138185289,32.3436103566691,32.378116948833735,2.0807705753661168,26.45509675808817,0.1859561803544807
26.200000000000003,-17.13125881406029,49.172798151148875,-159.71062568844104,32.3460751132523,32.38139936726102,2.071528751976821,26.455242422307457,0.18541001195160334
26.25,-17.97541674700441,48.86071261119627,-158.72218592748237,32.348598274252915,32.3847137752958,2.062316929833237,26.455388407513574,0.18483646778591378
26.3,-18.81406538046951,48.53411121868988,-157.73364986466046,32.35117795289884,32.3880587545075,2.053136388970266,26.4555214577057,0.18423644287167917
26.35,-19.646954552858944,48.1930897728592,-156.74501533730384,32.35381229587088,32.3914323284505,2.043988366159745,26.45566101784208,0.18361081725942086
26.400000000000002,-20.47383573085447,47.837748363118195,-155.75628025311707,32.35649944105514,32.39483290945224,2.03487405564686,26.455807005833222,0.18296045621042367
26.450000000000003,-21.294462082553032,47.468191343298635,-154.76744259052515,32.35923754594065,32.39825894253879,2.025794609878858,26.455959344163915,0.18228621025770053
26.5,-22.108588550272785,47.08452730464221,-153.77850039793464,32.3620247885548,32.40170890532578,2.0167511402514506,26.456117959622475,0.18158891536003807
26.55,-22.915971922999994,46.6868690475374,-152.7894517929597,32.364859368324154,32.405181307880845,2.0077447178555303,26.45628278316166,0.18086939254814638
26.6,-23.716370908453793,46.27533355200326,-151.80029496161586,32.36773950686392,32.40867469256279,1.9987763742235742,26.456453749698046,0.1801284479184062
26.650000000000002,-24.509546204745824,45.850041946922644,-150.81102815748392,32.37066344869955,32.4121876161447,1.9898471020750037,26.45663183114946,0.17936687263912177
26.700000000000003,-25.295260571611653,45.41111947802793,-149.82164970084702,32.37362946065992,32.415718698501294,1.9809578560597387,26.45681619682396,0.17858544297141066
26.75,-26.073278901190783,44.95869547464294,-148.832157977851,32.37663583479144,32.41926658128618,1.972109553499557,26.45700658502736,0.17778492030529947
26.8,-26.843368288332446,44.492903315185764,-147.84255143955411,32.379680888112496,32.422829933999495,1.9633030751271647,26.45720294540354,0.1769660512036353
26.85,-27.605298100403243,44.01388039143601,-146.85282860098602,32.38276296281871,32.4264074573073,1.9545392658212535,26.45740523076058,0.1761295674478447
26.900000000000002,-28.358840046573544,43.52176807157206,-145.86298804019955,32.38588042671075,32.429997882762905,1.9458189353373498,26.457613396924838,0.17527618611822504
26.950000000000003,-29.10376824655948,43.01671166198427,-144.87302839730617,32.389031673571615,32.433600470445185,1.9371428590342958,26.457797134068297,0.17440660967807275
27.0,-29.83985929879724,42.49886036787031,-143.8829483734972,32.39221515906259,32.437213757178846,1.9285117785957127,26.457971451108545,0.17352152606108007
27.05,-30.566892348026467,41.96836725261955,-142.89274672869365,32.395429344642324,32.440835717008156,1.9199264027462561,26.458188227814272,0.17262160877166366
27.1,-31.284649152246644,41.425389195976706,-141.90242228133891,32.39867265695416,32.44446564316667,1.911387407940758,26.4584207503393,0.17170751698913023
27.150000000000002,-31.992914149042512,40.8700868510206,-140.9119739097427,32.401943584540774,32.44810257984919,1.902895439059769,26.45865901966794,0.1707798961099627
27.200000000000003,-32.69147452127196,40.30262459998476,-139.92140054973112,32.40524065563423,32.45174557208116,1.8944511101357548,26.45889455946705,0.1698393776197804
27.25,-33.38012026205909,39.723170508881985,-138.93070119314422,32.40856243538044,32.4553940869943,1.8860550050515883,26.459093830505598,0.16888657848028288
27.3,-34.0586442390768,39.131896280953804,-137.93987488643984,32.411907553352854,32.45904643689718,1.877707678224617,26.459297634251197,0.167922101683331
27.35,-34.72684225809655,38.52897720895651,-136.94892072824547,32.415274616463165,32.46270161557524,1.8694096552776571,26.459505954259015,0.16694653653942737
27.400000000000002,-35.38451312577113,37.91459212628264,-135.95783787023856,32.418662259256884,32.46635803427994,1.8611614336802447,26.45975801638382,0.1659604589391961
27.450000000000003,-36.0314587116626,37.28892335696813,-134.96662551610464,32.42206910032996,32.466447086315476,1.852963483412303,26.46002926292085,0.16496443194824906
27.5,-36.667484009474194,36.65215666457312,-133.97528292216165,32.42523895647179,32.46625303492413,1.8448162476197538,26.460253109214523,0.16395900535883356
27.55,-37.29239719748267,36.00448119996674,-132.98381913924925,32.42816853350409,32.466054749619495,1.8367201432881117,26.46048147985063,0.16294471585098336
27.6,-37.906009810089095,35.34608955235089,-131.9922433460704,32.430874691798046,32.46585230152753,1.8286757149493411,26.460714366598804,0.1619220866328419
27.650000000000002,-38.508136804610444,34.67717768785102,-131.00056407841362,32.433373092493014,32.46564505872691,1.8206836365305605,26.460952471944733,0.1608885667754123
27.700000000000003,-39.09859661779488,33.99794487870956,-130.00878927472365,32.435678232938294,32.46543209499412,1.8127447010560829,26.46119679272897,0.1598415683756116
27.75,-39.67721122103053,33.30859363230287,-129.01692632035915,32.43780350879942,32.46521154689706,1.8048598110269864,26.46144927615655,0.1587787094895532
27.8,-40.24380617428547,32.60932961996845,-128.0249820895122,32.43976122580639,32.464984123303275,1.797029969460688,26.46170924137703,0.1576978005819285
27.85,-40.79821067880085,31.90036160561727,-127.03296298671037,32.441562861341886,32.46474915802383,1.7892562715565532,26.461977405073217,0.15659683132597024
27.900000000000002,-41.340257628578755,31.181901374124624,-126.04087497834163,32.443219025390604,32.464505985220576,1.7815398969835456,26.46225447920886,0.1554739580826947
27.950000000000003,-41.86978366058266,30.45416365940166,-125.04872362569594,32.44473952252132,32.46429253358538,1.7738821026356462,26.46250181289571,0.15432749146015112
28.0,-42.38662920370349,29.717366072166108,-124.05651411565573,32.44613616616875,32.46408835043079,1.766284215881086,26.462740287519484,0.15315588695798965
28.05,-42.89063852649435,28.971729027391707,-123.06425118375564,32.447418465044606,32.46381513618319,1.7587476282706476,26.46304977499969,0.15195773509120158
28.1,-43.381659782287095,28.217475670515043,-122.07193920224493,32.44858965584022,32.463530909058726,1.7512737880162135,26.463371125422025,0.15073175220877033
28.150000000000002,-43.85954505382147,27.454831803922964,-121.07958241993339,32.44965688821297,32.46326608099757,1.743864193833602,26.463673337960994,0.14947680508868189
28.200000000000003,-44.324150399511495,26.684025814872378,-120.08718481246099,32.450628973411874,32.463034961102494,1.7365203925359722,26.463941829803638,0.14819188365223113
28.25,-44.77533589625704,25.905288601477206,-119.0947500186796,32.451515115389775,32.46279376796936,1.7292439742595604,26.46422125995962,0.14687602595259364
28.3,-45.212965679851784,25.11885349766328,-118.10228132557646,32.45232073343117,32.46247041946715,1.722036566675584,26.464585150773352,0.14552836552823578
28.35,-45.63690798361037,24.324956197577265,-117.10978181301249,32.453045711005174,32.462171887405745,1.7148998289523192,26.46492440525717,0.14414815167953066
28.400000000000002,-46.04703517744276,23.523834680652918,-116.11725456547197,32.45369758074807,32.46189366293395,1.7078354479796403,26.465243622352123,0.1427347544652946
28.450000000000003,-46.44322380843351,22.71572913762424,-115.12470237941064,32.454283015189915,32.461602644095855,1.7008451379100364,26.465576562311814,0.14128761945357837
28.5,-46.82535463590054,21.900881893842094,-114.1321277961301,32.45480584582605,32.46129779812133,1.6939306350936363,26.465924275030996,0.13980620139207645
28.55,-47.193312665386514,21.07953733244487,-113.13953321044525,32.45526955670429,32.460976561203324,1.6870936935214829,26.466289370330745,0.13829005632800317
28.6,-47.5469871827043,20.251941817836414,-112.14692088395984,32.455677199882786,32.460640077714146,1.6803360819691093,26.466670674127574,0.13673883144306842
28.650000000000002,-47.8862717867208,19.41834361877564,-111.1542929615792,32.456031691156454,32.46028749015679,1.673659581343152,26.46706905270831,0.13515223104747065
28.700000000000003,-48.21106442093216,18.57899283110576,-110.16165147671101,32.456335676799334,32.460016764572444,1.667065982282658,26.467384564724526,0.1335300125191452
28.75,-48.521267403670336,17.734141300065932,-109.16899836156603,32.45659861164027,32.459641180721185,1.660557082838217,26.46780766296562,0.13187198120988342
28.8,-48.81678745701644,16.884042542232283,-108.17633518665575,32.456815938003196,32.459232877545304,1.6541346863097388,26.46826474939388,0.1301779888888177
28.85,-49.0975357303819,16.02895166577393,-107.1836636968951,32.45698857654192,32.458913203635774,1.6478005949899526,26.46863202020142,0.12844793056956405
28.900000000000002,-49.363427830579674,15.169125293154194,-106.19098560200005,32.45712604990577,32.45859007535769,1.6415566123278111,26.469003393052567,0.12668182639572478
28.950000000000003,-49.61438384740328,14.304821482205735,-105.19830224736884,32.457230623152334,32.45812685837259,1.6354045417990903,26.469518239529247,0.12487965324282868
29.0,-49.85032837278888,13.436299645439057,-104.20561489175047,32.45729463995377,32.45776479540791,1.6293461806064897,26.46993043471687,0.12304141057441598
29.05,-50.071190522658185,12.563820470469757,-103.21292508683564,32.45732822248621,32.45738355982523,1.6233833177420678,26.47036271263183,0.12116722385201228
29.1,-50.27690396312561,11.687645841522391,-102.22023399704457,32.45733217515328,32.45698080436178,1.6175177380142074,26.470817447702967,0.11925725728843872
29.150000000000002,-50.46740692493486,10.808038757909541,-101.22754275602341,32.457307077239605,32.45655436289609,1.6117512153912301,26.471296829201734,0.11731159455720785
29.200000000000003,-50.642642221845406,9.925263253765552,-100.23485247525497,32.45725331192935,32.45610454188888,1.6060855119470148,26.471800523384722,0.11533045245954554
29.25,-50.80255726772032,9.039584317523515,-99.24216425155954,32.45717125692646,32.455763684961234,1.6005223769451717,26.472193475897505,0.11331406888430706
29.3,-50.94710409229723,8.151267811144887,-98.24947916730248,32.4570707160718,32.45526097572555,1.5950635460445568,26.472751980576604,0.11126270003686045
29.35,-51.07623935552736,7.2605803890991485,-97.2567979297478,32.45694144890422,32.45479850809471,1.589710740511947,26.473269812709553,0.10917661801229883
29.400000000000002,-51.1899243548562,6.367789416403075,-96.26412163795432,32.45678838170353,32.45441843427488,1.5844656607738372,26.4737039325883,0.107056110652195
29.450000000000003,-51.288125042979054,5.473162888262869,-95.27145120249277,32.456619099744344,32.453867073397966,1.5793299920201846,26.47431317035993,0.10490159476219674
29.5,-51.37081203514807,4.576969348157808,-94.27878724371463,32.45642252643389,32.45343299297972,1.574305400698222,26.47480304201997,0.10271337507305134
29.55,-51.43796061341734,3.67947780589325,-93.28613080574934,32.45620898833002,32.45297167543863,1.5693935294136878,26.47532099019984,0.10049182643925292
29.6,-51.48955074061792,2.780957656550216,-92.29348253762558,32.45597775169492,32.45247822991526,1.5645960030541985,26.475871980156413,0.09823742569068372
29.650000000000002,-51.52556706007885,1.8816785982304478,-91.30084311643503,32.45572778585351,32.45195186741078,1.559914422055833,26.476456791820016,0.09595052718978536
29.700000000000003,-51.54599890052534,0.9819105504003588,-90.30821325869144,32.45545807739332,32.45152551884563,1.555350362323665,26.47693973449867,0.09363161996731151
29.75,-51.55084027972211,0.08192357213485457,-89.31559371966839,32.4551771803542,32.45095608305479,1.550905375338374,26.477568881024233,0.09128119464335782
29.8,-51.54008990666998,-0.8180122197298985,-88.32298492736179,32.45487567340424,32.450429846822445,1.5465809882600468,26.478154084177778,0.08889973970582332
29.85,-51.5137511766159,-1.7176267323402379,-87.33038767020258,32.45455811436268,32.449985054716585,1.5423786982900651,26.478656277459315,0.08648774156654326
29.900000000000002,-51.471832175430684,-2.6166499786134554,-86.33780256223322,32.4542314672451,32.449359346623325,1.5382999778444315,26.479343214398703,0.08404579939963241
29.950000000000003,-51.41434567415169,-3.514812158940984,-85.34522995105644,32.453883458629264,32.448857722129674,1.534346271334421,26.479903560292193,0.08157440891267242
30.0,-51.3413091206615,-4.411843742473177,-84.35267065381596,32.45352447745072,32.448314968880936,1.5305189905100747,26.480505918282873,0.07907413020021181
30.05,-51.252744641473384,-5.307475549091354,-83.36012509018676,32.45315236969574,32.44772552244779,1.526819521374314,26.481155942925234,0.07654561648692493
30.1,-51.14867902850474,-6.20143883032692,-82.36759376223921,32.452764737749455,32.44721443477245,1.5232492174871197,26.481725953408027,0.0739893827152116
30.150000000000002,-51.029143731952885,-7.09346535060435,-81.37507726375541,32.45236828753681,32.44660719051512,1.5198094008171878,26.482394069680666,0.07140607774388741
30.200000000000003,-50.89417485188541,-7.983287468453379,-80.38257593195989,32.451956780606686,32.446018250493296,1.5165013627502688,26.48304341952806,0.06879633339863744
30.25,-50.743813123002,-8.870638216741334,-79.39009034272463,32.4515325998843,32.44550230217024,1.513326359636899,26.48361814115315,0.06616076133838078
30.3,-50.57810390568768,-9.755251383779378,-78.39762098074624,32.451101864333296,32.44483610934811,1.5102856161298064,26.484346115205835,0.06350006226739424
30.35,-50.397097170528944,-10.636861593467977,-77.40516809662677,32.45065431040578,32.44428309985649,1.5073803233510503,26.484958368486254,0.06081487014185427
30.400000000000002,-50.20084747925878,-11.515204384567424,-76.41273233358908,32.45019922393798,32.443667443596695,1.5046116348251246,26.48563439138142,0.05810585557512127
30.450000000000003,-49.98941397394587,-12.390016291682945,-75.42031397961453,32.44973266819932,32.44298103178068,1.5019806722683597,26.486382442286175,0.05537377051851422
30.5,-49.762860353303815,-13.261034923500873,-74.42791347327076,32.44925040845513,32.44251218937672,1.4994885196418863,26.486908090475104,0.05261925113529742
30.55,-49.52125485538698,-14.127999042352604,-73.43553141510478,32.44876910709239,32.44169053606826,1.4971362251621159,26.48779372829415,0.04984305252946797
30.6,-49.26467023903066,-14.990648643667807,-72.44316776825815,32.448263494876386,32.44129371681125,1.494924803502066,26.488245247930593,0.04704588959540956
30.650000000000002,-48.99318375188402,-15.84872503146599,-71.45082346248711,32.44776565358602,32.44047641997988,1.4928552254474283,26.48912582856481,0.04422843320099901
30.700000000000003,-48.706877121227855,-16.701970900628165,-70.45849820032005,32.44724499404273,32.43992241783323,1.4909284327620114,26.489737180962308,0.04139156109275177
30.75,-48.40583651055255,-17.550130408459232,-69.46619285438388,32.44672195288491,32.43927494637364,1.4891453186034838,26.49044361468638,0.03853585370833912
30.8,-48.09015251060252,-18.39294925742712,-68.47390751554823,32.44619002384839,32.438510955093896,1.4875067456106166,26.49126865709976,0.0356622831705522
30.85,-47.75992010002102,-19.230174767670047,-67.4816425235495,32.44564151893735,32.43808775425388,1.4860135333424864,26.491745213199778,0.03277145985734364
30.900000000000002,-47.41523861999804,-20.061555954207947,-66.4893985121805,32.445101964317104,32.437073658964586,1.4846664619201988,26.4928248559886,0.029864245362603015
30.950000000000003,-47.05621174813001,-20.886843604228627,-65.4971751388383,32.444528513934785,32.436820644340344,1.4834662763916384,26.49312665100895,0.026941428445752535
31.0,-46.682947452649564,-21.705790345915464,-64.50497369976885,32.4439779518209,32.43582244805373,1.482413671152571,26.494189123958066,0.024003710571207648
31.05,-46.295557982985535,-22.51815073317805,-63.512793319241425,32.44339541583753,32.435295998691316,1.4815093154629935,26.494769207943754,0.021052104781347225
31.1,-45.894159804510245,-23.32368130510982,-62.52063521994975,32.44281688604136,32.434579223578126,1.4807538191143124,26.495543183799725,0.0180871137915517
31.150000000000002,-45.478873592820634,-24.12214067313082,-61.528499248377386,32.44222848157971,32.43356060801344,1.4801477651926547,26.49662497962843,0.015109926973622123
31.200000000000003,-45.04982417748716,-24.91328958402055,-60.536385781921105,32.44160934775355,32.43334755031167,1.479691688274258,26.496883229751695,0.012121078433153798
31.25,-44.607140511500326,-25.69689099536975,-59.54429599559109,32.44101921936484,32.432123011041654,1.4793860825927894,26.49817428667385,0.0091215383679355
31.3,-44.1509556427454,-26.472710153111457,-58.55222877970822,32.44038377591318,32.43215127848784,1.479231414409469,26.49818474333225,0.006112113629370697
31.35,-43.68140664238207,-27.240514644019004,-57.56018586709241,32.439795740382806,32.430412553399194,1.4792280859780789,26.500000000000004,0.003093363666408777
31.400000000000002,-43.19863460158651,-28.000074488024786,-56.568165444267834,32.43912551274112,32.430449764403576,1.4793764800655325,26.5,6.6568627801189e-05
31.450000000000003,-42.702784541294385,-28.751162177784305,-55.576170654366045,32.43850581643129,32.430486314216395,1.4796769041285387,26.500000000000004,0.002967881749071921
31.5,-42.194005433562246,-29.493552788942132,-54.58419956447212,32.43793299484451,32.432160939296075,1.4801296680728697,26.498325574412767,0.006008481260124654
31.55,-41.67245008954397,-30.227024003868785,-53.59225038159347,32.43752070516248,32.43235720057926,1.4807350044265917,26.498160976943016,0.0090552788866205
31.6,-41.13827511618372,-30.95135617755402,-52.6003169661682,32.437151883406536,32.43363431954316,1.4814930704678773,26.496891347171246,0.01210672707443905
31.650000000000002,-40.591640815746466,-31.666332360084226,-51.608397655702895,32.43690062884487,32.43395048767613,1.4824038799072738,26.496602735519772,0.015161320825711755
31.700000000000003,-40.032711196556846,-32.37173839974688,-50.616487953974335,32.43668990447568,32.43505867546856,1.4834673732119015,26.49550421721406,0.018216188787931742
31.75,-39.461653890274455,-33.067362977332735,-49.624586310943684,32.43657338811802,32.435857494603205,1.4846833731206743,26.494720977422304,0.021269866092552547
31.8,-38.878640139769246,-33.752997695474875,-48.63268912381304,32.436522252866965,32.436462199587424,1.4860516309845693,26.49413522656683,0.024319998175457158
31.85,-38.28384472452409,-34.428437118371804,-47.640793892228785,32.436517963347,32.4375267367061,1.487571794610318,26.493078963276737,0.02736515727789879
31.900000000000002,-37.67744592350878,-35.09347884197056,-46.64889882468696,32.436590018586934,32.43798114353646,1.4892434256977936,26.492645089217763,0.030403272514973878
31.950000000000003,-37.05962547161028,-35.74792356019811,-45.65700100156301,32.436689384654755,32.43908634118435,1.4910660111226761,26.491545674383055,0.03343262174951178
32.0,-36.430568493804934,-36.39157511086384,-44.66509937841174,32.43686059583544,32.439619883952666,1.4930389453900546,26.49102929122641,0.036451708497651225
32.050000000000004,-35.790463472610476,-37.02424055313301,-43.67319120766196,32.43705768784381,32.4404553589517,1.495161560291507,26.490203696992438,0.03945868534756869
32.1,-35.139502173982834,-37.645730205250416,-42.681275499527025,32.43730037863723,32.44117140231359,1.4974330983773214,26.489499236314753,0.0424522980290476
32.15,-34.47787961079593,-38.255857719694724,-41.68935051012838,32.4375768803284,32.44188449697845,1.4998527408192146,26.488796942787847,0.04543076171628968
32.2,-33.80579397741882,-38.85444012956666,-40.697414946369435,32.437884567231976,32.44266843254107,1.5024195958380844,26.48802146760319,0.04839284883786377
32.25,-33.12344659647492,-39.44129790766882,-39.705467615545864,32.43822627189691,32.44337982216835,1.5051327060809214,26.487319235592057,0.05133710037739547
32.300000000000004,-32.431041860726104,-40.016255020776065,-38.71350721660082,32.43859438263058,32.44413038093417,1.5079910505152085,26.486576173536577,0.054262204856740937
32.35,-31.728787171911772,-40.579138980432305,-37.72153273955222,32.43898981108084,32.44483062718632,1.5109935430652826,26.48588365506887,0.05716688868574238
32.4,-31.016892882667396,-41.12978089759921,-36.72954313952753,32.43940701223123,32.44557771876815,1.5141390375436643,26.48514248420693,0.06004985100148019
32.45,-30.295572234211036,-41.66801553241055,-35.73753758369618,32.439847776983875,32.446250523174044,1.517426327481708,26.48447634476242,0.06290988956763499
32.5,-29.565041295487664,-42.19368134599171,-34.745515170710675,32.440305115997454,32.44696960428004,1.520854149858387,26.483762152506415,0.06574579876087228
32.550000000000004,-28.82551889873899,-42.7066205477565,-33.753475266510165,32.44078115087478,32.44764923350198,1.524421184440456,26.483087441314176,0.06855644753358092
32.6,-28.077226577265954,-43.20667914594724,-32.76141715587118,32.44127172820529,32.44832701106301,1.5281260584155305,26.482413834479726,0.07134069164138168
32.65,-27.32038849913037,-43.69370699267065,-31.769340282401597,32.44177567698084,32.44903412459214,1.531967345568816,26.48170950808208,0.07409747950148926
32.7,-26.55523140215146,-44.167557830955026,-30.77724413447875,32.442294137524506,32.44966533178611,1.5359435692465766,26.481081905812964,0.07682574306571155
32.75,-25.781984527038727,-44.628089339245605,-29.78512815684829,32.44282065140033,32.45035457721265,1.5400532035440548,26.48039431294693,0.0795244735552103
32.800000000000004,-25.000879549035673,-45.07516317357149,-28.792992041258678,32.443358788958356,32.45099056090605,1.544294673120568,26.479760353373276,0.08219268594956475
32.85,-24.21215051108586,-45.50864501251605,-27.80083534288738,32.44390391552605,32.45158108108547,1.5486663575952946,26.479172077641238,0.08482939153026336
32.9,-23.416033753185705,-45.92840459583791,-26.80865779416689,32.44445228449458,32.45230767638877,1.5531665899323528,26.47844421563775,0.08743368949453156
32.95,-22.612767843432913,-46.3343157662053,-25.81645927082534,32.445013383915594,32.45281359290444,1.557793659769949,26.477940895764405,0.09000464674116415
33.0,-21.80259350795729,-46.72625650934976,-24.82423928567017,32.44557054170051,32.45354064319468,1.5625458162295587,26.47721122056391,0.09254139675192619
33.050000000000004,-20.985753556684763,-47.10410898586023,-23.831997989202836,32.44613983466438,32.454056697265294,1.567421262786695,26.476696226559532,0.0950431291921916
33.1,-20.162492815267978,-47.46775957590772,-22.839734916979992,32.44670532485016,32.454695385061584,1.5724181678725628,26.47605544665991,0.09750893114272685
33.15,-19.333058047977406,-47.81709890494131,-21.847450214187543,32.447276043436695,32.455295348561634,1.577534655811185,26.47545356997083,0.09993810171735618
33.2,-18.497697887928133,-48.15202188564352,-20.855143680558687,32.44784885094562,32.45585624404743,1.5827688170047125,26.47489096219399,0.10232975877244144
33.25,-17.656662760630265,-48.47242774490808,-19.86281523591095,32.44842080759575,32.4563843958505,1.5881187031273925,26.474361185656313,0.10468322387055196
33.300000000000004,-16.810204809912612,-48.77822005623535,-18.870464912513476,32.44898963532823,32.45702498997453,1.5935823296437661,26.473716115346694,0.10699772245359895
33.35,-15.958577823129719,-49.06930677077775,-17.878092829779614,32.44956358923154,32.457489127407655,1.5991576782178,26.473250552671523,0.1092725303274733
33.4,-15.102037155598333,-49.34560024675011,-16.88569879133977,32.45012969910126,32.458051277627014,1.6048426987345579,26.472684461076486,0.11150697148067934
33.45,-14.240839652599913,-49.60701727150039,-15.893283096981177,32.450695526138816,32.458610311517994,1.6106353050027877,26.472121048335183,0.11370041033515577
33.5,-13.375243574827124,-49.85347909439465,-14.900845757251366,32.45126086795162,32.45906234063908,1.6165333832212951,26.471666325115066,0.11585212536459721
33.550000000000004,-12.505508519573683,-50.08491144663455,-13.908386790440817,32.45181811600072,32.459588960804666,1.6225347881170435,26.471135036248032,0.11796156437014815
33.6,-11.63189534300993,-50.301244564150544,-12.915906505909872,32.45237317634386,32.46008784063597,1.628637343757397,26.470631605114985,0.12002809791496816
33.65,-10.754666083053213,-50.50241321348684,-11.923404987087864,32.4529242237933,32.46055775433004,1.6348388488212962,26.47015729991406,0.12205111280707115
33.7,-9.874083879807305,-50.68835670847008,-10.930882387232542,32.4534694759745,32.46100342779455,1.6411370737571431,26.469707317282534,0.12403010127798098
33.75,-8.990412896838324,-50.859018930003245,-9.938338927795597,32.45400761539022,32.46149560892836,1.64752976259431,26.469209504809783,0.1259644987169395
33.800000000000004,-8.103918242033155,-51.01434834448056,-8.945774880640819,32.454542472071516,32.46194410325057,1.65401463473642,26.468755891520303,0.1278537767433363
33.85,-7.214865888026562,-51.15429802056214,-7.953190371112827,32.45507116001287,32.4623209960795,1.6605893864820018,26.46837496823124,0.12969744284220042
33.9,-6.323522591859601,-51.27882564150712,-6.960585634974483,32.4555890054462,32.462781500421606,1.6672516894584462,26.467908426468423,0.13149503491163728
33.95,-5.4301558150758815,-51.38789352009228,-5.967961086809692,32.4561027550873,32.46323880221954,1.6739991930984957,26.467444842719466,0.13324605952888646
34.0,-4.53503364355658,-51.48146861322378,-4.975316883092532,32.45661247273961,32.46356269688094,1.6808295281967744,26.46711704248056,0.13495007280099003
34.050000000000004,-3.638424706318018,-51.55952252833338,-3.9826531778613643,32.45710891732113,32.463970360139065,1.6877403036083862,26.46670352329806,0.1366067019655759
34.1,-2.740598094762063,-51.62203153234042,-2.989970478724369,32.457599020379554,32.46436060574173,1.6947291069695254,26.466307513390618,0.1382155082322356
34.15,-1.8418232820709632,-51.66897656479412,-1.9972690281020509,32.458081990762565,32.464731050616884,1.7017935110149054,26.46593145992128,0.13977606722278324
34.2,-0.9423700416566817,-51.700343239916755,-1.0045490986930306,32.4585569236093,32.465080639657984,1.708931070179915,26.465576455143236,0.14128808090760003
34.25,-0.04250836595014462,-51.71612185185264,-0.01181099782588479,32.45902290332706,32.46541195789346,1.716139321848516,26.465239878367505,0.14275118330019154
34.300000000000004,0.8574916149275422,-51.71630737857134,0.9809449321289848,32.459479264367516,32.46572610121665,1.7234157876734102,26.46492062745341,0.14416503337201902
34.35,1.7573597145932462,-51.70089948435977,1.9737183233252136,32.4599254669996,32.466056246217455,1.730757974906453,26.464584882346408,0.14552931649788547
34.4,2.656825771899783,-51.66990252074342,2.9665087872538742,32.460363379800874,32.466406792265744,1.7381633775819125,26.464228172914417,0.14684374466085615
34.45,3.5556197324670378,-51.62332552590875,3.959316006891525,32.46079505211979,32.46667087676674,1.7456294776269061,26.463959495460408,0.14810805350919054
34.5,4.453471730118652,-51.56118222125727,4.952139743620206,32.461214753880284,32.46692047499271,1.7531537445271326,26.463705459935657,0.1493220008998719
34.550000000000004,5.350112168164764,-51.48349100643554,5.944979539561846,32.46162230538832,32.467184794156736,1.7607336348865346,26.463436294577196,0.150485338004529
34.6,6.2452718009905395,-51.390274957606906,6.9378349299497994,32.46201962601463,32.46747206190929,1.768366596664869,26.463143623191083,0.15159780718803972
34.65,7.138681815441542,-51.28156182096436,7.930705523448086,32.4624090857214,32.46774249109134,1.7760500700807214,26.462868032999673,0.1526592355666878
34.7,8.030073911921665,-51.15738400357023,8.923591019395996,32.46279004324782,32.46797668703755,1.7837814872539823,26.462629313147655,0.15366946831704809
34.75,8.919180385202477,-51.0177785625224,9.916491092587206,32.46316051780423,32.46815859022481,1.7915582715788858,26.46244385037784,0.1546283434652196
34.800000000000004,9.805734205250333,-50.86278719450936,10.90940534201181,32.46351752297713,32.46835932785574,1.7993778389080788,26.462239152461823,0.15553568649806948
34.85,10.689469098042494,-50.69245622474277,11.90233325237331,32.46386336618274,32.468566556916244,1.8072375995426668,26.462027837413714,0.15639134658385956
34.9,11.570119626387978,-50.506836595056626,12.89527439665812,32.46419930837799,32.46875936414611,1.81513496082664,26.461831230712445,0.15719521269176084
34.95,12.447421269943828,-50.305983847467246,13.888228396094695,32.46452502664714,32.46893811022529,1.8230673265591761,26.46164896410934,0.1579472256794645
35.0,13.321110504993241,-50.08995810696678,14.881194859546255,32.46484024690272,32.46910312164214,1.8310320970355392,26.46148070426846,0.15864731465072168
35.050000000000004,14.190924884108608,-49.85882406385727,15.874173385379075,32.465144737955534,32.46925469533773,1.8390266700396865,26.46132614802669,0.1592954095272603
35.1,15.056603115502872,-49.612650954663565,16.8671635631041,32.465438306339976,32.46939310452718,1.8470484418066988,26.461185016454248,0.15989146008294597
35.15,15.917885142042746,-49.35151254163444,17.86016497482059,32.46572079192478,32.46951792073773,1.8550948079585226,26.46105774614112,0.16043543534024707
35.2,16.774512219897677,-49.075487090841,18.853177196491835,32.465992015411416,32.46962997159236,1.8631631644156315,26.46094349291518,0.16092732303647495
35.25,17.626226996798884,-48.78465734888168,19.846199797211778,32.46625186942434,32.46972963220362,1.8712509082871165,26.46084187405424,0.1613671291421781
35.300000000000004,18.472773589892952,-48.479110518230755,20.83923234195756,32.46650028105143,32.46981708745976,1.8793554387704248,26.460752700831343,0.16175487742970063
35.35,19.31389766314756,-48.15893823118583,21.8322743929086,32.466737195794884,32.46989250311282,1.8874741580056948,26.460675804060422,0.16209060966616562
35.4,20.14934650428955,-47.82423652244429,22.825325510151522,32.466962574889024,32.46995602625125,1.8956044719070562,26.460611033612743,0.16237438470540155
35.45,20.978869101253295,-47.475105800326446,23.818385252282507,32.46717639284347,32.47000778580404,1.903743790980144,26.460558257901607,0.16260627802722638
35.5,21.802216218115348,-47.11165081665592,24.811453176915585,32.4673786351978,32.47004789301812,1.9118895311273363,26.460517363394263,0.16278638146175695
35.550000000000004,22.619140470491658,-46.73398063530795,25.80452884110518,32.46756929647067,32.470076441877076,1.920039114441856,26.460488254184106,0.16291480294384542
35.6,23.429396400373918,-46.342208599436795,26.797611801689907,32.46774837828542,32.470093509462174,1.9281899699919052,26.460470851621682,0.1629916662903952
35.65,24.23274055038191,-45.93645229739339,27.79070161556491,32.46791588765519,32.47009915625789,1.936339534595831,26.4604650940026,0.1630171110009826
35.7,25.028931537408955,-45.51683352734503,28.783797839888432,32.46807183541252,32.47009342640355,1.9444852535891926,26.460470936310415,0.16299129207851593
35.75,25.81773012563795,-45.0834782606089,29.77690003222832,32.46821623476903,32.470076347891904,1.952624581584601,26.460488350013918,0.16291437986723167
35.800000000000004,26.59889929890557,-44.6365166037116,30.770007750653445,32.46834909999209,32.47004793271626,1.9607549832249873,26.4605173229169,0.16278655990817015
35.85,27.37220433239269,-44.17608275918724,31.763120553774396,32.468470445186675,32.47000817696606,1.968873933931043,26.460557859060756,0.16260803280772507
35.9,28.137412863619172,-43.70231498512677,32.756238000737696,32.468580283170915,32.46995706087233,1.9769789206432975,26.460609978678225,0.16237901412111455
35.95,28.89429496272156,-43.21535555349168,33.74935965117681,32.468678624435306,32.46989454880217,1.9850674425595116,26.460673718199388,0.16209973424508917
36.0,29.64262320199241,-42.71535070720538,34.74248506512347,32.4687654761758,32.469820589203444,1.9931370118677307,26.460749130308486,0.1617704383242824
36.050000000000004,30.382172724660307,-42.202450616035875,35.73561380288189,32.46884084139206,32.46973511449805,2.001185154475465,26.460836284053315,0.1613913861643823
36.1,31.112721312889832,-41.67680933128376,36.7287454248686,32.46890471804249,32.46963804092419,2.00920941073543,26.460935265006903,0.16096285215468242
36.15,31.834049454981084,-41.13858473928969,37.72187949141971,32.468957098248325,32.46952926832645,2.0172073361680987,26.461046175482398,0.16048512519930114
36.2,32.54594041174859,-40.58793851377584,38.71501556256798,32.468997967539615,32.46940861484499,2.025176502181502,26.46116920112934,0.15995850865337502
36.25,33.24818028205971,-40.02503606703624,39.708153197790885,32.469027299489994,32.4692751686733,2.0331144967884427,26.46130527193168,0.1593833202680628
36.300000000000004,33.94055806751293,-39.45004649999099,40.70129195555328,32.46904500443166,32.46912953201085,2.041018925321481,26.461453774125154,0.1587598921388178
36.35,34.62286573623862,-38.86314255112192,41.694431390887665,32.46905104211589,32.46897153297232,2.0488874111486624,26.461614883277225,0.15808857066076598
36.4,35.29489828582353,-38.264500544327866,42.68757105728559,32.46904536289135,32.468800981091455,2.0567175964206967,26.461788793933817,0.1573697165436272
36.45,35.95645380529675,-37.654300335663116,43.680710506338286,32.4690279070485,32.46861765086416,2.064507142781622,26.46197572004402,0.1566037054406877
36.5,36.60733353618012,-37.032725259002866,44.6738492873521,32.46899860303534,32.468421269239286,2.0722537320781456,26.46217589578321,0.1557909272185043
36.550000000000004,37.247341932584725,-36.39996207065227,45.66698694689553,32.46895736490704,32.468215476591574,2.0799550670678713,26.462385597816883,0.1549317859304722
36.6,37.876286720336395,-35.7562008929163,46.660123028248876,32.46890437288451,32.46804424974471,2.0876088721273476,26.462559971202417,0.1540266997945139
36.65,38.493978955113334,-35.10163515664814,47.65325708159076,32.46884293551738,32.46784703089576,2.0952128939612393,26.462760758147162,0.15307610118952653
36.7,39.10023307945393,-34.43646154267957,48.64638878371976,32.46877179947298,32.46759447377115,2.1027649021438393,26.46301787483633,0.152080436677835
36.75,39.69486697731436,-33.760879921026564,49.63951776347069,32.468687704779995,32.46732725121521,2.1102626877725186,26.463289834884453,0.15104016365199868
36.800000000000004,40.2777020295538,-33.075093291030726,50.63264352492139,32.468590529525365,32.46704759552567,2.1177040648560066,26.46357435087967,0.1499557125735862
36.85,40.84856316933238,-32.37930772126752,51.625765567486795,32.46848031995396,32.46681722328986,2.1250868729009653,26.46380847230904,0.14882754166976042
36.9,41.40727893505704,-31.67373228722046,52.618883392354874,32.46836152733509,32.46657450022211,2.13240897760366,26.464055041123288,0.14765616089917444
36.95,41.953681522150426,-30.958579007973515,53.61199667106577,32.468233882541305,32.46630503955597,2.1396682714319226,26.464328717629357,0.14644209405389574
37.0,42.48760683156982,-30.234062780438617,54.605105064862826,32.46809610804235,32.465957320134386,2.146862671550643,26.46468203460958,0.14518587656525028
37.050000000000004,43.00889451937124,-29.50040131453854,55.59820818610188,32.4679433374775,32.46566102284086,2.1539901205768572,26.46498272527939,0.14388800237441046
37.1,43.51738804564072,-28.757815067869487,56.59130546091025,32.46778031500346,32.46536198516208,2.1610485879325054,26.465286013998856,0.1425489805242819
37.15,44.01293472410768,-28.006527180664875,57.58439649697588,32.467607577157644,32.46504828108392,2.1680360733455615,26.465604051311892,0.1411693471129638
37.2,44.495385765846684,-27.246763406637086,58.577480922523684,32.46742477029523,32.46471900641866,2.174950604564728,26.465937747045615,0.139749708261121
37.25,44.96459632381325,-26.478752044551403,59.57055835224936,32.46723150144691,32.464372059755405,2.1817902375945195,26.466289232150526,0.1382906243833304
37.300000000000004,45.42042553662634,-25.70272386932437,60.563628385814866,32.467027255611804,32.464008603916554,2.1885530574565237,26.466657308324727,0.13679266059583028
37.35,45.862736571167964,-24.918912062368953,61.55669060317894,32.46681163763357,32.463627982888234,2.1952371789651366,26.467042632383038,0.13525639724008442
37.4,46.29139666403092,-24.127552141228943,62.54974456918406,32.46658423372319,32.46331803299199,2.2018407475672674,26.467355598473695,0.13368243017225723
37.45,46.7062771616758,-23.328881888450027,63.5427898328441,32.46635093367096,32.462923473816346,2.2083619401004597,26.467754579064014,0.13207137204261699
37.5,47.107253559355,-22.52314127975253,64.53582616856984,32.466106115109916,32.462485324595335,2.214798965552447,26.46819772458842,0.13042385066384554
37.550000000000004,47.49420553536028,-21.710572409892496,65.52885313562034,32.46584748721602,32.46211496087299,2.2211500620221116,26.468571413713,0.1287405090397442
37.6,47.86701699016244,-20.891419421026377,66.52187020559772,32.46558087819152,32.46175797511081,2.2274135005912186,26.468931129768233,0.12702192939329393
37.65,48.2255760825549,-20.065928429396127,67.51487707314257,32.465307813685754,32.461281284478545,2.2335875871832016,26.46941261847893,0.12526877138213877
37.7,48.569775260036465,-19.23434744944227,68.50787349128316,32.465020204456664,32.46086645257629,2.2396706595315052,26.469830655044817,0.12348173183966082
37.75,48.899511290174885,-18.396926318571694,69.5008589035026,32.46472350789378,32.46045241974288,2.245661086724674,26.470247513317023,0.12166144696607262
37.800000000000004,49.21468529604338,-17.55391662347631,70.49383296213028,32.46441843016871,32.460018506463456,2.2515572745209766,26.47068427761432,0.11980854386337114
37.85,49.51520278280688,-16.70557162281364,71.486795346525,32.46410414990405,32.45956131649913,2.25735766250952,26.471144401832323,0.11792375592605708
37.9,49.80097366558246,-15.852146170558044,72.47974570462115,32.463779661803706,32.45908219041525,2.263060724117331,26.47162650786878,0.11600775977086641
37.95,50.07191229682317,-14.993896639185373,73.47268364589219,32.4634441281331,32.4586549006125,2.268664967524529,26.47205531818329,0.11406123215621733
38.0,50.3279374924728,-14.131080842394093,74.46560874776361,32.46310204045306,32.45818632705012,2.274168936679679,26.472525826636094,0.11208486814396679
38.050000000000004,50.568972556681246,-13.263957957318379,75.45852075954078,32.46275091806714,32.457632339242814,2.2795712122038196,26.473083052108972,0.11007938310299892
38.1,50.794945302064896,-12.392788445487428,76.45141933561118,32.46238530529397,32.45721600944408,2.2848704090807814,26.4734993798797,0.10804551048281041
38.15,51.005788072610336,-11.517833974609815,77.44430392161112,32.46201606987612,32.45672548669527,2.2900651785280814,26.473990955072637,0.10598393753923574
38.2,51.201437766980014,-10.639357340263146,78.43717437903639,32.461638171077496,32.456182106722935,2.2951542116450625,26.474536002108742,0.10389538894600037
38.25,51.381835850882105,-9.75762238500479,79.43003037650787,32.46124845219503,32.455700151976096,2.300136233238824,26.475017898538162,0.10178066233962113
38.300000000000004,51.546928377333316,-8.87289391947994,80.4228714618678,32.46085214503653,32.455192215537785,2.305010005201936,26.47552582458838,0.09964043187522975
38.35,51.696666004466906,-7.985437642798997,81.41569738315631,32.46044786435805,32.4546542103099,2.3097743287469683,26.47606394395059,0.09747543926224012
38.400000000000006,51.831004006983584,-7.095520061738915,82.4085078354167,32.460034031926035,32.45408678170096,2.3144280415879877,26.47663159184355,0.09528647090064624
38.45,51.94990229009893,-6.203408410502242,83.40130245331312,32.45960922833853,32.453652586027836,2.3189700190888374,26.477062764845773,0.09307425682038684
38.5,52.05332540221284,-5.309370570206499,84.39408081721044,32.459183753887764,32.45301944016853,2.323399175516414,26.477696460238946,0.09083955001699451
38.550000000000004,52.14124254608482,-4.413674988095369,85.38684290159348,32.45874344576496,32.45249767253445,2.3277144651874124,26.478215966158956,0.08858312855153372
38.6,52.21362758158127,-3.5165905959470183,86.37958813905784,32.45829731910564,32.45199641988066,2.3319148765604325,26.47871400414987,0.08630579341996736
38.650000000000006,52.270459041639036,-2.618386729807653,87.37231630714464,32.45784725487528,32.451358009043894,2.3359994410204905,26.47935149691369,0.08400822746040149
38.7,52.31172013295107,-1.7193330482381155,88.36502725536867,32.4573837373159,32.45082944993903,2.339967227721516,26.479876329289354,0.08169128920116009
38.75,52.33739873949139,-0.8196994510630501,89.35772046917332,32.45691557393184,32.45026623598075,2.3438173427061813,26.480435987836767,0.07935573402050977
38.800000000000004,52.347487431472594,0.08024400176835333,90.3503957709922,32.45644062122105,32.449663432620945,2.347548934864193,26.481035507756232,0.07700229969330508
38.85,52.3419834618809,0.9802271717880675,91.34305290125513,32.45595653632104,32.44906610596705,2.3511611908668684,26.481628885528615,0.0746318431602333
38.900000000000006,52.32088876816841,1.8799799233243863,92.3356915107643,32.45546436272432,32.44854538765893,2.354653336672513,26.482143504335596,0.07224512005350903
38.95,52.28420997264821,2.7792322049223745,93.3283112902558,32.45497015021965,32.44783148404001,2.3580246391405097,26.482854774110276,0.06984291611288995
39.0,52.231958379435156,3.6777141307320687,94.32091216193031,32.454460245492534,32.44737867063275,2.3612744055989623,26.483298946105936,0.06742604935993768
39.050000000000004,52.16414996697038,4.575156061554897,95.31349352564474,32.45395441871683,32.44664780140704,2.364401980392728,26.484026419306268,0.06499532916905082
39.1,52.080805390945706,5.47128868658719,96.30605553763176,32.45343251748042,32.44610964126911,2.367406753261484,26.48455658941884,0.0625514958753115
39.150000000000006,51.98194996578774,6.3658431035551235,97.29859758314852,32.4529094548939,32.445527220146865,2.370288147619931,26.485131381255023,0.06009545737512667
39.2,51.86761366863494,7.258550900739278,98.29111961799711,32.452382152411964,32.4448912417838,2.373045632819455,26.485760290210493,0.05762788716893397
39.25,51.73783112093221,8.149144236842682,99.28362148020815,32.45184708736709,32.444198123099326,2.3756787153251935,26.48644698082488,0.05514970399048025
39.300000000000004,51.59264157939376,9.037355921649773,100.27610287305613,32.45130073277654,32.44373837010752,2.3781869406947678,26.486894827636274,0.05266165011477142
39.35,51.43208892581048,9.922919496683983,101.26856336490081,32.450760564014466,32.44291524458033,2.3805698958129753,26.487713152510757,0.05016450739148581
39.400000000000006,51.25622165543351,10.805569315813944,102.26100319263269,32.450200184054886,32.4424731490814,2.382827211117487,26.488141841523003,0.047659102364150385
39.45,51.06509285159358,11.685040623101862,103.25342158333572,32.44964825298535,32.44169555030826,2.3849585501927706,26.488912578554178,0.04514630609023129
39.5,50.85876018478709,12.561069635525834,104.2458188604783,32.44908020279413,32.441134916201115,2.386963625717165,26.489461205486137,0.04262678150567467
39.550000000000004,50.63728587800957,13.433393618594867,105.23819440770986,32.4485126823232,32.44054113563887,2.3888421823137165,26.490043134574634,0.04010151048788657
39.6,50.400736701928935,14.301750968592879,106.23054824556772,32.44794328613146,32.439866802578464,2.3905940113758746,26.490706789047547,0.03757113193103123
39.650000000000006,50.14918394458832,15.16588128878442,107.2228803025746,32.447366394449105,32.43909849682123,2.392218941114308,26.491465889757574,0.03503658124316189
39.7,49.882703390914514,16.025525467799028,108.21519029228966,32.44677583033283,32.4387043532798,2.393716838042991,26.49184231545671,0.032498594768668454
39.75,49.60137530267842,16.880425758341396,109.20747769200692,32.44619929625761,32.437724801365455,2.395087610386078,26.49281614246537,0.02995793857365925
39.800000000000004,49.30528439733659,17.730325855866898,110.19974303868287,32.44559397519389,32.43744630025029,2.396331211807812,26.493073399926992,0.027415446861738246
39.85,48.99451980631696,18.574970970082568,111.19198523148825,32.445011998412205,32.43646853702885,2.3974476247745784,26.494044406862372,0.024872028434685944
39.900000000000006,48.66917507197463,19.414107909941443,112.1842051636482,32.44440175117054,32.43599506557606,2.398436886279036,26.494499802692445,0.022328259335324674
39.95,48.32934808960864,20.247485148685115,113.17640175412475,32.443801273628075,32.43540785245681,2.3992990565024854,26.495070895925615,0.019785230089155448
40.0,47.975141106475185,21.07485291038453,114.1685753769131,32.443201743544414,32.434653612037444,2.4000342498031983,26.495812141313017,0.01724340446898509
40.050000000000004,47.60666066932046,21.89596323636653,115.16072606855788,32.44259116272249,32.43384691648793,2.400642611824317,26.49660651969169,0.014703866014258438
40.1,47.22401759689158,22.710570061234932,116.1528534066982,32.441966573705734,32.43357191811459,2.4011243247488494,26.496857248787432,0.012167240422371606
40.150000000000006,46.827326952701405,23.51842928957362,117.14495685587576,32.441366955449226,32.432158026548194,2.4014796144523913,26.49827111037872,0.009634258490649472
40.2,46.416708011415984,24.319298870128183,118.13703737147097,32.440709174813435,32.432726848226885,2.4017087522121443,26.497658814338667,0.007105794070838556
40.25,45.99228420168098,25.11293885760993,119.12909272929991,32.440139008628684,32.430404603461184,2.401812031209843,26.5,0.0045827551950594625
40.300000000000004,45.55418311273801,25.899111507774624,120.12112628060028,32.439443693973864,32.43037329273731,2.401789816388991,26.500000000000004,0.0020655799539781583
40.35,45.10253637875836,26.67758130660147,121.11313323932742,32.43879580817125,32.430341593861044,2.40164245677375,26.499999999999993,0.00044429641704368805
40.400000000000006,44.63747975014051,27.44811510351021,122.10511541978501,32.438191935720525,32.43030951422824,2.401370413184324,26.499999999999993,0.002947192304816326
40.45,44.15915296184002,28.210482130337937,123.09707450557605,32.437628905613934,32.43106798801609,2.400974154430571,26.499191837901765,0.005440871788522372
40.5,43.667699693724124,28.964454069642183,124.08901205896522,32.43716026864266,32.432299678847116,2.4004541592311526,26.49789984613737,0.007925175075058633
40.550000000000004,43.1632675295968,29.709805122364205,125.0809316901083,32.43681308365726,32.432153221968534,2.3998109179833165,26.498015579716146,0.010399903988371761
40.6,42.64600788714319,30.446312055317833,126.07283804385585,32.436480236393784,32.433615620102145,2.3990449004566443,26.49648722125597,0.012864824956722032
40.650000000000006,42.116075961262446,31.173754255037043,127.06473166862139,32.43627562094438,32.4335351000271,2.398156539407651,26.49653484133182,0.015320350533443161
40.7,41.57363073154871,31.89191382836376,128.05661746838385,32.43607986945029,32.434374617505284,2.3971462948026456,26.495642177113893,0.01776722097986294
40.75,41.01883486088308,32.6005756249158,129.04849578215624,32.43595806573994,32.435001301178644,2.3960145852740524,26.494966614802273,0.020204892100110783
40.800000000000004,40.45185470544085,33.29952734237181,130.04036943788927,32.43588972541413,32.43548216202393,2.3947618597075504,26.49443968087511,0.02263419057186411
40.85,39.872860234994086,33.98855956454438,131.03224048014482,32.4358606137434,32.43588333466444,2.3933885580227923,26.493993813030407,0.02505451133004044
40.900000000000006,39.28202499310977,34.66746582975888,132.02411040911016,32.43586223666633,32.43675422240446,2.3918951233566332,26.493067823940155,0.02746603369516265
40.95,38.6795260528781,35.33604269670816,133.01598040013937,32.43592594993334,32.436956531503945,2.3902820104917737,26.49282444110669,0.02986869332318065
41.0,38.06554396862969,35.99408980765234,134.00785282769607,32.43599956290267,32.43779817217782,2.388549690834374,26.491927725841546,0.0322622572971909
41.050000000000004,37.44026270913695,36.641409934426704,134.99972807036963,32.43612803499376,32.43818774638649,2.3866986334498392,26.491492456200998,0.03464639314799456
41.1,36.80386962645502,37.277809057866214,135.99160822610082,32.43627515723609,32.438767314129834,2.384729336284927,26.49086284651078,0.037021147690694534
41.150000000000006,36.15655538134601,37.903096406274095,136.98349400813,32.43645316844279,32.43935741617601,2.3826422990254414,26.490222207536682,0.03938594329824241
41.2,35.4985139026752,38.51708452696433,137.97538659774784,32.436660614709446,32.43987286784099,2.3804380447103526,26.489657546542126,0.04174074518971338
41.25,34.82994232502146,39.119589336533174,138.96728712065766,32.4368900613617,32.44032737371286,2.378117112238023,26.48915487275261,0.04408508630177721
41.300000000000004,34.15104093122015,39.710430175926184,139.95919641825478,32.4371355836725,32.44102262839157,2.3756800570931276,26.488406105131943,0.04641864944659346
41.35,33.462013096247254,40.289429867318646,140.95111510536714,32.43741322972386,32.44141582703681,2.373127455661937,26.487965572097178,0.048741102897906785
41.400000000000006,32.76306522933622,40.85641476953432,141.9430444105654,32.43769912953193,32.441918157739714,2.370459908635155,26.487413380918955,0.05105202862381475
41.45,32.0544067068276,41.41121482223429,142.93498464956826,32.43800048868963,32.44259253587683,2.3676780312050028,26.486685315370465,0.05335094053563694
41.5,31.336249819254537,41.95366360767986,143.9269364136702,32.438328492060144,32.44292410423826,2.364782467237376,26.486307111636744,0.055637548603044706
41.550000000000004,30.60880970559614,42.483598397102725,144.91890072193297,32.438656750072866,32.44349398811171,2.3617738847692777,26.485685400011096,0.05791127935253826
41.6,29.872304285610287,43.00086019380867,145.91087758418638,32.43900226707564,32.444015562584994,2.3586529691088387,26.485112868460146,0.060171649361961954
41.650000000000006,29.126954204471577,43.50529379354853,146.90286766058694,32.439360359612024,32.44449166034333,2.3554204385024207,26.484586636321342,0.062418313208780773
41.7,28.37298276123616,43.99674782271657,147.89487143218727,32.43972688109283,32.44492998552009,2.3520770337254078,26.484098851312584,0.06465061212836076
41.75,27.610615844173154,44.47507478596226,148.88688922146383,32.44009853140906,32.44556918994917,2.348623520694808,26.483405883032344,0.06686809554025785
41.800000000000004,26.84008186495541,44.94013111251945,149.8789212246863,32.44048929273336,32.44593347182122,2.34506069275254,26.482993511550635,0.06907026061199417
41.85,26.061611691657834,45.39177720105122,150.87096817289077,32.440878162668206,32.44643660975016,2.3413893724328787,26.48243931738214,0.07125655884536286
41.900000000000006,25.275438575816768,45.82987745433664,151.86302999386814,32.44127519460263,32.447010992272915,2.337610402839374,26.48181235418384,0.0734264063932244
41.95,24.481798089320563,46.25430033095154,152.8551069999158,32.44168489443623,32.447360082933635,2.333724660032786,26.48141535407739,0.0755793918700931
42.0,23.68092805113423,46.664918379672514,153.84719967567636,32.442090265043184,32.44787378662792,2.3297330467535815,26.480850309170524,0.0777148561317631
42.050000000000004,22.873068455276997,47.06160827541147,154.83930785571096,32.4425033737278,32.448354724248254,2.3256364894691473,26.48031873137242,0.07983226558408774
42.1,22.058461403849527,47.444250865519585,155.8314318361225,32.442921327336414,32.448802854825196,2.321435948332642,26.479820679745913,0.08193114568868509
42.150000000000006,21.237351031479083,47.81273119930372,156.82357180236465,32.44334143644275,32.44922331990859,2.3171324096718493,26.479350924573566,0.08401082273010729
42.2,20.409983433255604,48.16693856428914,157.81572783702995,32.44376157097602,32.4497342485633,2.3127268874580125,26.47878891413906,0.08607077321585166
42.25,19.576606591892162,48.506766521171876,158.80789994124083,32.444188190803686,32.45016470617214,2.308220424644503,26.478309141887713,0.08811044427673664
42.300000000000004,18.737470304062892,48.8321129372396,159.80008836320374,32.44461508475858,32.45052202399901,2.303614094161425,26.477904140141128,0.09012925627018831
42.35,17.892826104304337,49.142880013704,160.79229311355843,32.44503700899004,32.451047250115494,2.2989089947408274,26.47732791315686,0.0921266096615625
42.400000000000006,17.04292719120774,49.43897431881172,161.78451400236847,32.445466311927575,32.451467244502474,2.2941062543469855,26.476859256468778,0.09410198841194983
42.45,16.188028352619977,49.72030681921168,162.77675131202193,32.44589494996863,32.45086207168994,2.2892070330175827,26.47642955018799,0.09605480787683973
42.5,15.32838588697004,49.98679289999507,163.76900501724253,32.4462497443773,32.449356354592396,2.284212515126022,26.47593540274051,0.09798442658805584
42.550000000000004,14.464257528170382,50.238352394982265,164.7612722936014,32.44647164510695,32.447911714897955,2.279123913887979,26.475465131483986,0.0998903578312138
42.6,13.595902379966667,50.47490965356484,165.7535480578752,32.44657450723488,32.44653105486154,2.273942514996101,26.475019905658282,0.10177202476086222
42.650000000000006,12.723580844100047,50.69639359894983,166.7458277567379,32.44657140349393,32.445217123663866,2.2686697117498014,26.474595910962265,0.1036279778375615
42.7,11.84755453501607,50.90273774302158,167.73810733687898,32.44647466922035,32.44397336928973,2.263306996352746,26.474151586778646,0.10545606492598836
42.75,10.96808619495373,51.09388019991694,168.73038321682827,32.4462960049396,32.44280251261406,2.2578559516499723,26.47366267170803,0.1072543079411048
42.800000000000004,10.085439609401266,51.26976369832591,169.7226522626944,32.446046469773485,32.44170204540767,2.2523182432804347,26.473301151504977,0.10902089405547599
42.85,9.199879522900353,51.43033559249328,170.71491176364214,32.445736153747355,32.44067804328694,2.2466956121854835,26.47289344374233,0.11075416739075195
42.900000000000006,8.311671555196515,51.575547871958264,171.70715939482906,32.44537486014304,32.43973225551279,2.2409898674797475,26.472425676365916,0.11245262189902405
42.95,7.4210821177593065,51.7053571702588,172.6993932064374,32.44497181695516,32.438862215097956,2.235202879883218,26.4720455760491,0.11411489411472076
43.0,6.528378330593515,51.81972477222655,173.69161160166487,32.444535416822504,32.43807042477787,2.229336575306725,26.471695136932393,0.11573975193059027
43.050000000000004,5.633827939374481,51.9186166200699,174.68381330476564,32.44407363167646,32.43735972868222,2.2233929287658825,26.471293202228342,0.11732609152986129
43.1,4.7376992329170085,52.00200331842676,175.6759973449493,32.44359406717687,32.436729053545996,2.217373958781671,26.47091097240541,0.11887293081684902
43.150000000000006,3.840260960936685,52.06986013816488,176.66816304236127,32.44310370906038,32.43617893116907,2.211281722020061,26.470548173253373,0.12037939968422506
43.2,2.9417822521039176,52.12216701891878,177.6603099843603,32.442609082068145,32.43570972961625,2.205118308139653,26.470205012238313,0.12184473523220163
43.25,2.042532532401575,52.158908570536234,178.6524380078755,32.442116271178726,32.4353217391267,2.198885835001086,26.4698789419499,0.12326827760816172
43.300000000000004,1.1427814437719142,52.180074073358995,179.64454718257565,32.44163094746072,32.435015070902914,2.192586444144162,26.469569232985837,0.12464946277134459
43.35,0.24279876304969705,52.1856574773433,-179.3633622049718,32.44115838484945,32.43479139500305,2.1862222965212794,26.46920273338133,0.12598781713847984
43.400000000000006,-0.6571456788207769,52.17565740002153,-178.37128966649885,32.44070359986042,32.434648292448045,2.179795568472805,26.468875912739538,0.12728295245764798
43.45,-1.556782077285955,52.15007712331068,-177.37923452189045,32.440271077902395,32.43458493200064,2.173308447935433,26.468614048274187,0.12853456096948435
43.5,-2.4558407343978876,52.10892458909846,-176.38719591950417,32.4398649246237,32.434602139425216,2.1667631308008026,26.468365803364296,0.12974241074743986
43.550000000000004,-3.354052138746958,52.052212393785005,-175.3951728506997,32.43948901139524,32.434700901002735,2.1601618175896604,26.468066871792008,0.1309063426926116
43.6,-4.2511470451156885,51.97995778170191,-174.40316415880307,32.43914700351006,32.434879523042994,2.1535067103517918,26.46776657508604,0.13202626422284425
43.650000000000006,-5.1468565538465985,51.89218263733272,-173.4111685469906,32.438842183476694,32.435136964848816,2.1468000097050037,26.467482516074824,0.13310214475737325
43.7,-6.040912189915008,51.78891347632949,-172.4191845929301,32.438577525003275,32.435471284804485,2.140043911997296,26.467270135926167,0.13413401293576044
43.75,-6.933045981712261,51.67018143544138,-171.4272107605906,32.438355650703365,32.435882871974016,2.133240606698976,26.467076739097482,0.13512195415415817
43.800000000000004,-7.8229905395354775,51.53602226132034,-170.43524541366864,32.438179023651266,32.436372254284485,2.126392273981203,26.466838537983545,0.13606610596639257
43.85,-8.710479133786459,51.386476298237355,-169.44328682168702,32.4380499686965,32.43693721742883,2.1195010825069076,26.46661417216246,0.13696665435546151
43.900000000000006,-9.595245772859847,51.22158847460329,-168.4513331652776,32.437970486463094,32.43757679144206,2.112569187319842,26.466403136609273,0.1378238294859102
43.95,-10.477025280707595,51.0414082882903,-167.45938254857626,32.43794236539016,32.438289952624174,2.1055987278194124,26.46620495249127,0.13863790374131213
44.0,-11.355553374092487,50.84598979087128,-166.4674330073323,32.43796719304974,32.43907562799628,2.098591825933738,26.466019165514435,0.13940919000859253
44.050000000000004,-12.230566739515005,50.63539157071745,-165.4754825165837,32.43804636697449,32.439932694997,2.0915505844240982,26.465845561879444,0.1401380377134842
44.1,-13.101803109805093,50.40967673495393,-164.48352899791814,32.43818110469038,32.440859981538516,2.084477085314532,26.465684366988715,0.14082483019279834
44.150000000000006,-13.969001340369735,50.16891289027298,-163.49157032634923,32.43837245303668,32.44185631097458,2.077373388440492,26.46553426042712,0.14146998219132456
44.2,-14.831901485086705,49.913172122604955,-162.499604336836,32.43862130003224,32.44292045340124,2.0702415301110904,26.465394879016895,0.14207393748080221
44.25,-15.690244871834322,49.642530975647155,-161.50762883034818,32.438928382415746,32.44405114882003,2.063083521879591,26.4652658781652,0.14263716658803105
44.300000000000004,-16.543774177645904,49.357070428249095,-160.51564157964276,32.43929429430176,32.445247110417924,2.0559013494155636,26.46514693088256,0.1431601646299896
44.35,-17.392233503477726,49.05687587065517,-159.52364033470934,32.43971949545292,32.44650702767926,2.0486969714743424,26.465037726848003,0.14364344928054606
44.400000000000006,-18.235368448578463,48.74203707960492,-158.5316228278989,32.440204319183366,32.44782956933625,2.0414723189591513,26.464937971527746,0.14408755882442392
44.45,-19.07292618444764,48.412648192291314,-157.53958677875048,32.44074897990857,32.44921338616499,2.0342292940709896,26.46484738534289,0.1444930503038222
44.5,-19.90465552837009,48.06880767917757,-156.5475298985289,32.44135358035546,32.45065711363339,2.026969769541971,26.464765702882108,0.14486049776323284
44.550000000000004,-20.730307016512917,47.710618315673386,-155.55544989448705,32.44201811844675,32.45215960575997,2.01969558794778,26.464680726591503,0.1451904905803758
44.6,-21.549632976571043,47.338187152671644,-154.56334447386502,32.442742510397686,32.45371936269315,2.0124085610951568,26.464597781238346,0.1454836318838204
44.650000000000006,-22.36238759994696,46.95162548594682,-153.57121134700603,32.44352657127594,32.45533481946714,2.0051104694805204,26.46452534182522,0.14574053705246115
44.7,-23.16832701344548,46.55104882440791,-152.57904823121635,32.44437001757531,32.45700457583412,1.9978030618059535,26.464463131717984,0.14596183229272697
44.75,-23.967209350474505,46.13657685722189,-151.58685285452694,32.44527248602237,32.458727227448215,1.9904880545645085,26.46441088808836,0.14614815349133892
44.800000000000004,-24.75879482173773,45.70833341981161,-150.59462295873647,32.44623353898136,32.46050136774175,1.983167131693449,26.464368361235053,0.1463001448288992
44.85,-25.54284578540027,45.26644645872332,-149.6023563022478,32.447252669607096,32.46232558969228,1.9758419442841344,26.464335313955626,0.1464184574211913
44.900000000000006,-26.31912681671089,44.81104799536698,-148.6100506627082,32.44832930675604,32.46266399123727,1.9685141103456303,26.46431152091088,0.14650374818629075
44.95,-27.087404777064325,44.34227408863243,-147.61770383946174,32.44935321279041,32.46267816089714,1.9611852146189008,26.46429676802621,0.14655667877008227
45.0,-27.847448882486812,43.86026479638535,-146.625317848675,32.45030499479804,32.46268443334088,1.9538568084387364,26.464290851925732,0.14657791453458913
45.050000000000004,-28.599030807758776,43.365164190846954,-145.6328954485146,32.45118924040824,32.46268301906251,1.9465304755019304,26.464293579398237,0.14656812360328786
45.1,-29.341924763832107,42.85712032460142,-144.64043922182182,32.452010224597835,32.46267375727727,1.939207843051939,26.464305134045098,0.14652665873612136
45.150000000000006,-30.075907566950253,42.336285183000136,-143.6479515880477,32.4527719055035,32.462656413671894,1.9318905786420615,26.46432577267165,0.14645264899982635
45.2,-30.80075870685571,41.80281463556779,-142.65543481535147,32.453477941801246,32.462630758312166,1.9245803870728295,26.46435574589956,0.14634528819755133
45.25,-31.516260414085192,41.25686838642627,-141.66289103203744,32.45413171440917,32.46259656383951,1.9172790075070552,26.464395300073384,0.14620383138463922
45.300000000000004,-32.22219772634496,40.69860992374124,-140.67032223716436,32.45473634651134,32.462553603677065,1.9099882107530348,26.464444679153125,0.14602759131548737
45.35,-32.91835855395608,40.12820646819438,-139.67773031039098,32.455294722023176,32.462501650308155,1.9027097967037818,26.46450412652915,0.1458159350804067
45.400000000000006,-33.60453374435878,39.54582892048515,-138.68511702111746,32.45580950261496,32.46244047363358,1.8954455919209536,26.464573886753293,0.14556828098506003
45.45,-34.28051714566449,38.95165180786706,-137.69248403697685,32.456283143402004,32.462369839395784,1.8881974473531926,26.46465420719863,0.14528409565656375
45.5,-34.94610566924375,38.34585322972447,-136.6998329317283,32.45671790740156,32.46229179252967,1.8809672361794014,26.46474300927265,0.14496289135522034
45.550000000000004,-35.601099351337794,37.72861480219675,-135.70716519259804,32.45711604205357,32.46222365516642,1.8737568517681638,26.46482263141435,0.1446042234758238
45.6,-36.24530141368116,37.100121601857595,-134.71448222086818,32.45748087156163,32.462147771191546,1.866568205745196,26.464911085743843,0.14420768822475338
45.650000000000006,-36.878518323052916,36.4605621083891,-133.7217852906726,32.4578142215352,32.46206393328002,1.8594032260635274,26.465008586418286,0.1437729204593552
45.7,-37.50055984926716,35.81012814581868,-132.72907560632711,32.458117772374116,32.46197192525534,1.8522638544203147,26.465115355403324,0.14329959363337252
45.75,-38.11123912267874,35.14901482344081,-131.7363543078806,32.458393069008494,32.461871524329,1.8451520445688345,26.465231620229105,0.1427874328642531
45.800000000000004,-38.71037269064773,34.47742047583748,-130.74362247629406,32.45864153010281,32.46176249647981,1.8380697607129548,26.465357618741834,0.14223619702960377
45.85,-39.297780572949584,33.795546602009146,-129.75088113826843,32.4588644562726,32.46164459533389,1.831018975978715,26.465493600283608,0.14164567711759446
45.900000000000006,-39.8732863161174,33.10359780362818,-128.75813127075784,32.45906303763412,32.46151756101626,1.8240016709579479,26.46563982690019,0.14101569468479624
45.95,-40.4367170467032,32.401781722427735,-127.76537380519517,32.45923836073285,32.46138111896554,1.8170198323194668,26.465796574585625,0.1403461004153428
46.0,-40.98790352344489,31.69030897673955,-126.77260963145223,32.45939141489232,32.46123441525568,1.8100754514838115,26.465964709280506,0.13963677276962017
46.050000000000004,-41.526680188325805,30.969393097194786,-125.77983960155775,32.45952305777542,32.46107708975056,1.8031705233576147,26.46614459232105,0.1388876167131059
46.1,-42.05288521651372,30.23925046160243,-124.78706453473313,32.45963406005936,32.460909343710846,1.7963070451243794,26.466336011502634,0.13809856252393615
46.150000000000006,-42.566360565186365,29.50010022903431,-123.79428522071913,32.45972515174875,32.46073082616346,1.7894870151126625,26.466539317003136,0.13726956466470597
46.2,-43.066952021212245,28.752164273117035,-122.80150242133068,32.45979698563551,32.460541164085186,1.782712431715133,26.466754880629843,0.13640060023433875
46.25,-43.55450924765334,27.995667114533436,-121.80871687340998,32.45985014123906,32.460339960723715,1.7759852923311286,26.466983097565205,0.1354916679505891
46.300000000000004,-44.02888582909658,27.230835852765047,-120.81592929162893,32.45988512834511,32.46015733561888,1.769307592354913,26.467193234008022,0.13454278768008976
46.35,-44.489939315801934,26.457900097092665,-119.82314037115633,32.45990457172181,32.45999846075816,1.762681324207641,26.46738000204148,0.13355399952430957
46.400000000000006,-44.93753126665528,25.677091896872344,-118.83035070673253,32.45991127808155,32.459774245130795,1.7561084764112493,26.467634267207032,0.1325253629454437
46.45,-45.37152728976561,24.888645670472332,-117.83756078570693,32.459901490013635,32.45952133485585,1.749591031391411,26.46791863543992,0.13145695592783113
46.5,-45.79179708165937,24.092798133552364,-116.84477123919685,32.45987433607379,32.459254397134806,1.7431309631720282,26.468218132018492,0.13034890039676839
46.550000000000004,-46.1982144686779,23.28978822855179,-115.85198273166283,32.459830054721,32.45902859735812,1.736730239016353,26.468476467965594,0.1292013643876544
46.6,-46.59065744564326,22.47985705256795,-114.85919591844024,32.45977280776651,32.45881584632674,1.7303908193352342,26.4687222812586,0.12801448311350327
46.650000000000006,-46.96900821266286,21.663247784254345,-113.86641129562175,32.45970445337796,32.45859148404922,1.7241146569295225,26.468980711407557,0.12678839362237682
46.7,-47.33315320848429,20.84020560913924,-112.87362928820048,32.45962495556876,32.45827087620901,1.7179036938761243,26.469338081809095,0.12552324811423432
46.75,-47.68298314374109,20.010977645067705,-111.88085032254453,32.45952823561449,32.457980834440825,1.7117598598007149,26.469665008227246,0.12421926106796377
46.800000000000004,-48.01839303391535,19.1758128675697,-110.88807505760474,32.45941770695923,32.45771502336407,1.7056850712919385,26.469967935184144,0.12287668150818831
46.85,-48.33928223438459,18.334962035957926,-109.89530402172235,32.45929608670244,32.457435028628566,1.6996812349506456,26.470286033677944,0.12149577017552815
46.900000000000006,-48.64555446889498,17.488677616647248,-108.90253763927323,32.45916315398287,32.457140120592115,1.6937502447370036,26.47062002890246,0.12007672682585735
46.95,-48.93711785703256,16.6372137062566,-107.90977634308038,32.45901865159782,32.45682737902493,1.68789397973908,26.470972880673944,0.11861980427283925
47.0,-49.21388494198788,15.780825954893155,-106.91702057580393,32.45886213212833,32.456497839326886,1.6821143037110176,26.471343512869915,0.11712529995847376
47.050000000000004,-49.475772716999046,14.919771488962166,-105.92427079721877,32.45869325407108,32.45615071458771,1.6764130646370958,26.471732708301413,0.11559352056124794
47.1,-49.722702650554176,14.0543088335492,-104.93152748016136,32.458511644107986,32.45586294802046,1.6707920944144874,26.472061940584005,0.11402478147843453
47.150000000000006,-49.95460071017616,13.184697834341186,-103.93879111174647,32.45832245153031,32.45553308955087,1.665253208476713,26.47243469711831,0.11241940445216869
47.2,-50.171397384860114,12.3111995791363,-102.9460619820654,32.458123211388916,32.45512594714473,1.659798205440893,26.47288686526285,0.11077771875548592
47.25,-50.373027702902924,11.434076318216858,-101.95334047551702,32.45790912108576,32.4547720786752,1.6544288634404793,26.473285209004107,0.10910006071640055
47.300000000000004,-50.55943125276731,10.553591385581464,-100.96062716024626,32.457685046627866,32.45446613481271,1.6491469410398238,26.473635161117365,0.10738684000827448
47.35,-50.730552203969246,9.670009119994528,-99.96792241821366,32.457455124355356,32.45405207976703,1.6439541795593584,26.474095916204394,0.10563844801311006
47.400000000000006,-50.886339320896354,8.783594784483455,-98.97522647311618,32.4572120497419,32.45364993619712,1.638852299595193,26.474544980486506,0.10385522960930871
47.45,-51.026745975613096,7.894614485876533,-97.98253982811978,32.456957613060126,32.45328321171759,1.6338429979830096,26.474958340834604,0.10203759928330669
47.5,-51.151730166042725,7.003335095257267,-96.98986291788653,32.45669515582137,32.452895057620445,1.6289279516445845,26.47539398393966,0.10018603224366984
47.550000000000004,-51.26125452737602,6.110024167150746,-95.99719604922583,32.45642372023559,32.45248133458826,1.6241088159746795,26.47585611018142,0.098300926768502
47.6,-51.35528634112809,5.214949858502299,-95.00453956558627,32.45614212126078,32.452042475327744,1.6193872223019596,26.476344254573554,0.0963827133980999
47.650000000000006,-51.43379754533827,4.31838084787709,-94.01189385574908,32.45584928940843,32.45163249374367,1.6147647779407848,26.476803269240357,0.09443187345439696
47.7,-51.49676474349896,3.4205862544673313,-93.01925934940574,32.455548089718086,32.45124743821849,1.6102430663868148,26.477237159961074,0.09244888722349742
47.75,-51.5441692120037,2.521835556906666,-92.02663636662653,32.45524090032526,32.45072202533176,1.6058236474503857,26.477814589472143,0.0904342310793993
47.800000000000004,-51.575996903815415,1.6223985118423998,-91.03402513649142,32.45491812354001,32.45033186818408,1.6015080550327099,26.478254240214817,0.08838837872858107
47.85,-51.592238451000426,0.7225450725840742,-90.04142625526627,32.45459053387173,32.44992412363709,1.5972977952024365,26.478712079360204,0.08631184835351746
47.900000000000006,-51.59288917303978,-0.17745469217191034,-89.04883990699362,32.45425721885497,32.44938115245851,1.5931943514775924,26.479308154913657,0.08420519660546688
47.95,-51.57794907148039,-1.0773306799421114,-88.05626631062079,32.453908928398086,32.44895139208083,1.589199177872196,26.47978886564587,0.08206887449688338
48.0,-51.54742283018727,-1.9768128357364967,-87.06370603897436,32.45355481866113,32.44849068590101,1.585313698974872,26.480301325585273,0.07990347210792947
48.050000000000004,-51.50131981918489,-2.875631233621472,-86.0711593145799,32.453193094892555,32.44799300088021,1.581539315047067,26.480851669020048,0.0777095779464787
48.1,-51.43965408602063,-3.773516157959393,-85.07862642861913,32.45282165960596,32.44745791077548,1.5778773960681676,26.48144030815766,0.07548767855610095
48.150000000000006,-51.3624443522925,-4.670198184665422,-84.08610775250906,32.4524385346895,32.44709424690574,1.5743292823706625,26.48185403767945,0.07323837957798673
48.2,-51.269714008937704,-5.56540826248029,-83.09360373333243,32.4520567998478,32.44647482982532,1.5708962854665458,26.482528910690384,0.07096227395010146
48.25,-51.16149111002528,-6.4588777942221345,-82.10111431778618,32.451658087703336,32.44598805236509,1.5675796888111861,26.483068413229034,0.06865993808233384
48.300000000000004,-51.03780835615894,-7.350338716751013,-81.10864015522111,32.451253085179175,32.44554895833802,1.5643807395277136,26.483559243836936,0.06633193310719321
48.35,-50.89870309523506,-8.239523583009598,-80.1161814861414,32.450845647547666,32.44492171852079,1.5613006590394534,26.48424214402879,0.0639789856694506
48.400000000000006,-50.74421730445663,-9.126165641817755,-79.12373840356223,32.45042250976003,32.44444273917556,1.5583406362521615,26.484773637434927,0.06160160976520501
48.45,-50.57439757506235,-10.009998917672682,-78.13131150794285,32.44999538328971,32.443916310425166,1.555501824851639,26.4853535109366,0.0592004557458381
48.5,-50.38929510576924,-10.890758292224888,-77.1389009517145,32.44956116379939,32.44333462097072,1.5527853508999598,26.48598971913917,0.056776228010448904
48.550000000000004,-50.1889656800533,-11.768179582821555,-76.14650700605635,32.449116410740196,32.44280930235544,1.5501923054328302,26.486568257213236,0.05432947903358354
48.6,-49.973469650814195,-12.641999622293172,-75.15413007375207,32.44866590299843,32.442281812374894,1.5477237459706643,26.487148874649854,0.051860909342593686
48.650000000000006,-49.74287192382055,-13.511956338633338,-74.16177037476714,32.44820989652531,32.44162009480278,1.5453806982424823,26.487866396963,0.04937118924331685
48.7,-49.49724193498225,-14.377788833162906,-73.1694281192696,32.447739196402274,32.44125880357282,1.5431641529814257,26.48827695113743,0.046860954563641144
48.75,-49.23665362892017,-15.239237458876417,-72.17710386914635,32.44727631120017,32.44048830220103,1.5410750654493057,26.48910517892866,0.04433090522113048
48.800000000000004,-48.9611854415872,-16.096043900126414,-71.18479732527506,32.44679145341452,32.43999678083596,1.53911436065124,26.489648280278608,0.041781750642400084
48.85,-48.67092026335587,-16.947951246207158,-70.1925093279544,32.44630611965891,32.4394317451633,1.5372829195113837,26.490266205122456,0.03921409596131298
48.900000000000006,-48.36594543069745,-17.794704074041213,-69.20023989519109,32.44581509290922,32.43877553175711,1.5355815964844126,26.49097697752923,0.03662882279712676
48.95,-48.046352687203665,-18.636048520927336,-68.207989244545,32.44531226711264,32.43828408828823,1.5340112063627416,26.49151917127285,0.03402646053942249
49.0,-47.712238158563196,-19.471732361713645,-67.21575782712588,32.44481025433947,32.437610511369755,1.5325725271469466,26.49224707288284,0.031407802433420784
49.050000000000004,-47.363702326617215,-20.30150508592777,-66.22354561162125,32.44429598698449,32.436980246568325,1.5312663034623668,26.492930403569915,0.028773584315899825
49.1,-47.00084999168738,-21.125117970137318,-65.23135306654524,32.44377343409762,32.436531485332445,1.5300932387407826,26.493427982280096,0.02612447369159554
49.150000000000006,-46.62379024787267,-21.942324155621975,-64.23918050858472,32.44325615204297,32.43573056922846,1.529054002844049,26.494284900602935,0.023461294431683655
49.2,-46.23263644755729,-22.752878721643807,-63.247027735907515,32.44271861041336,32.43523472636326,1.5281492294632528,26.494829794745172,0.02078471793467429
49.25,-45.82750615957561,-23.556538755339577,-62.254895523172124,32.44218404726693,32.43457602066047,1.5273795077700072,26.495540645164244,0.018095467615921734
49.300000000000004,-45.40852114720979,-24.353063431299347,-61.26278375621407,32.441640616795034,32.43367004057439,1.5267453975650227,26.49650368756179,0.015394433864912571
49.35,-44.97580731862657,-25.14221407759754,-60.27069277393903,32.44107128992213,32.433631412908504,1.526247415137533,26.496580176784956,0.012682204099689898
49.400000000000006,-44.52949469493834,-25.923754250548697,-59.278623566542485,32.440539870135446,32.43195701894759,1.5258860402165624,26.498327404613956,0.009959648549795475
49.45,-44.06971737940912,-26.69744981091126,-58.286574683955,32.439926809336306,32.43260826970871,1.5256617260479217,26.49769805518281,0.007227498419410949
49.5,-43.59661348366254,-27.46306897461434,-57.29454924834071,32.439404056505765,32.43039009475825,1.5255748609201945,26.5,0.0044862833728132046
49.550000000000004,-43.11032514710577,-28.220382419449997,-56.30254380555124,32.43876020209523,32.430424333841,1.5256258398593587,26.5,0.0017373025545452947
49.6,-42.61099840612099,-28.9691632991054,-55.31056298683093,32.438164782934216,32.43045804615586,1.52581496120834,26.500000000000004,0.001019578783285624
49.650000000000006,-42.09878325635265,-29.709187380029658,-54.318604939471385,32.43761430173576,32.430491210081286,1.5261425535336528,26.500000000000014,0.0037824269796260523
49.7,-41.57383352173971,-30.440233053110216,-53.32666794458621,32.43710550947473,32.43283688803424,1.5266088736779935,26.497636619168873,0.006551846506255288
49.75,-41.0363068108012,-31.162081399390537,-52.33475040760478,32.43680060794327,32.432303537056214,1.5272141087838236,26.498214246386137,0.009326402886813412
49.800000000000004,-40.48636447163106,-31.874516255070745,-51.34284453096405,32.43647938859419,32.43362863332315,1.5279583781903696,26.496892494070025,0.012104702116602084
49.85,-39.92417146812099,-32.57732421376524,-50.35095093862053,32.436275763217694,32.433899073992734,1.5288416359683055,26.496647621874338,0.014885388130920774
49.900000000000006,-39.349896437340036,-33.27029476798925,-49.35906513341715,32.436105999701624,32.434881710881776,1.5298638032187952,26.495674510346596,0.01766515555871706
49.95,-38.76371157730527,-33.95322032020268,-48.367185820365385,32.4360185505002,32.43566009333564,1.531024687664953,26.494909420028414,0.020443345009795166
50.0,-38.16579263595034,-34.62589627455886,-47.37530985156487,32.435992946417024,32.43625669214737,1.5323240340164617,26.494329354936234,0.0232176889231539
50.050000000000004,-37.556318837841864,-35.288121077340534,-46.38343486192002,32.43601178539777,32.43709848434441,1.533761494952813,26.493498144951975,0.02598692703017491
50.1,-36.9354728415868,-35.93969628323319,-45.39155915183175,32.4360894067511,32.43767926854405,1.535336643536553,26.49293285167008,0.028749218727028847
50.150000000000006,-36.3034406942602,-36.58042662022819,-44.39968047333167,32.43620296830773,32.43841297241271,1.5370489838093704,26.49221066026712,0.03150297167479721
50.2,-35.660411770911196,-37.21012004066119,-43.4077974519779,32.436360825743805,32.43912533114258,1.5388979423440645,26.491509566973388,0.034246805456348284
50.25,-35.00657872900642,-37.82858778704215,-42.41590839377655,32.43655829041514,32.43977191150086,1.5408828821555929,26.49087494450759,0.03697917069388268
50.300000000000004,-34.34213744844754,-38.435644443944355,-41.42401178402197,32.436787834778414,32.44051301786882,1.5430030978926723,26.49014306941642,0.03969879623056727
50.35,-33.66728697616793,-39.031107994519864,-40.43210639586329,32.437053919284864,32.44115692299514,1.5452578188868813,26.489509748525016,0.04240431474158868
50.400000000000006,-32.98222947074869,-39.614799877510166,-39.44019083184958,32.437346990978455,32.441743919353335,1.547646213928168,26.4889338247267,0.045094419884179615
50.45,-32.28717014126735,-40.18654503796275,-38.44826405984181,32.437661057290946,32.442559495504845,1.550167388858739,26.488123765093437,0.04776790082573257
50.5,-31.58231719067678,-40.746171983386006,-37.45632527685808,32.438010945734796,32.44306990777269,1.5528203926049855,26.487624613783982,0.0504234986114227
50.550000000000004,-30.867881756628762,-41.293512837494866,-36.46437311283833,32.43837230016607,32.443926558172365,1.5556042210889842,26.486771205235446,0.05306007492492881
50.6,-30.14407784375871,-41.8284033830404,-35.47240712917152,32.438769032880806,32.44441210002912,1.5585178086504996,26.486296026646055,0.055676569679974364
50.650000000000006,-29.41112226940874,-42.350683122288736,-34.48042597272216,32.439172109105684,32.445121904757315,1.5615600430264607,26.485591162718173,0.0582717512303077
50.7,-28.669234591085374,-42.86019531326356,-33.48842940075012,32.43959709450937,32.44576738794195,1.5647297513502494,26.48495128300513,0.06084468751922145
50.75,-27.918637051679376,-43.35678703071127,-32.496416575196484,32.44003782975455,32.44635548268032,1.5680257179762265,26.484369309765754,0.06339416647577423
50.800000000000004,-27.15955450824801,-43.84030920420258,-31.504386893546116,32.44048909067782,32.447026780252116,1.5714466755256424,26.483701715098185,0.06591933251954174
50.85,-26.39221436751719,-44.3106166657883,-30.512339953069468,32.440956068504555,32.44762038559217,1.5749913089999126,26.48311277075579,0.06841915098831919
50.900000000000006,-25.61684652007158,-44.76756819620215,-29.520275152479343,32.44143209115367,32.448187504406114,1.5786582593470868,26.482550206079168,0.07089266948540285
50.95,-24.83368327048751,-45.21102656459868,-28.528192145655495,32.4419146206717,32.448912449519646,1.582446120785498,26.481825881809634,0.07333900694348472
51.0,-24.042959270381964,-45.64085857324518,-27.536090683536216,32.442414465589415,32.44937661012401,1.5863534452689763,26.481367131961235,0.0757572287682251
51.050000000000004,-23.244911449307867,-46.05693509899361,-26.54397010365148,32.442911761627606,32.450005403227685,1.5903787444817468,26.480739702048428,0.07814648966956383
51.1,-22.439778941263732,-46.459131126436155,-25.551830503278858,32.443418450313324,32.45059077273608,1.5945204838282407,26.480155986320725,0.08050598425541011
51.150000000000006,-21.627803018990722,-46.84732579622039,-24.559671522954226,32.44393075905781,32.45113487411001,1.5987770948641824,26.479613793511312,0.08283478692987956
51.2,-20.809227018754576,-47.221402435209505,-23.567492947498682,32.44444533870439,32.4516584082793,1.603146968630469,26.479092005111525,0.0851322207188332
51.25,-19.984296268838353,-47.58124859378655,-22.575294689828965,32.44496055795974,32.45229769806448,1.6076284584403382,26.478451499837213,0.08739747532573006
51.300000000000004,-19.153258017156297,-47.926756081753496,-21.583076725255477,32.445484639395794,32.45273853142683,1.6122198824237515,26.47801298388498,0.08962979619738576
51.35,-18.316361357744732,-48.257821002072404,-20.590838714572623,32.446002774540865,32.45333762203669,1.6169195250505553,26.47741240657337,0.09182847966826557
51.400000000000006,-17.47385715452917,-48.57434377781549,-19.59858088499678,32.446526692219145,32.453871494363355,1.6217256327439387,26.476877860947287,0.09399285253607559
51.45,-16.625997969593417,-48.87622919071264,-18.60630301511186,32.44705132094373,32.45433757057431,1.6266364233425037,26.47641198693817,0.0961221538676682
51.5,-15.773037985119448,-49.16338640355287,-17.614005077486233,32.44757176734591,32.45487050197666,1.6316500796272067,26.475877386228994,0.09821581197130058
51.550000000000004,-14.915232928461357,-49.43572899069599,-16.62168723186838,32.44809310553382,32.455373202217956,1.6367647529528924,26.475373151717175,0.10027312569405922
51.6,-14.052839996465636,-49.69317496724995,-15.629349443915402,32.44861311243983,32.45584565600081,1.6419785667821003,26.474899312221115,0.10229346651371429
51.650000000000006,-13.186117777482302,-49.935646811224885,-14.636991764321884,32.44912972269419,32.456292477578955,1.6472896142385096,26.474451172936888,0.10427627658415872
51.7,-12.315326174308403,-50.1630714885179,-13.644614322791433,32.449641348043095,32.45682090774261,1.6526959600538476,26.47391932291869,0.10622094912818625
51.75,-11.440726326592296,-50.375380476492886,-12.652217309788764,32.45015417373592,32.45725559131543,1.6581956424283462,26.47348270676911,0.10812691630675886
51.800000000000004,-10.562580532688028,-50.57250978595305,-11.659800679173443,32.45066141784874,32.45763041263247,1.6637866746122043,26.47310676065444,0.10999364748997209
51.85,-9.681152170125124,-50.754399977194026,-10.667364644243342,32.451159203190436,32.458134856928794,1.6694670418237578,26.472598165578848,0.11182064367716293
51.900000000000006,-8.796705617499832,-50.92099618228057,-9.674909566625592,32.451657464171745,32.45859140418733,1.6752347059670853,26.47213806559848,0.11360734423107033
51.95,-7.909506175415003,-51.07224812429907,-8.682435427913994,32.45215274560143,32.45893325308879,1.6810876086107385,26.47179462655819,0.11535328286655044
52.0,-7.019819985678817,-51.20811012705447,-7.689942341883095,32.452637067564815,32.45936374900013,1.6870236656733226,26.471360398583172,0.11705805287306248
52.050000000000004,-6.127913951825906,-51.3285411312717,-6.697430727593084,32.4531175448102,32.459772459862755,1.6930407701620211,26.47094806650272,0.1187211412516831
52.1,-5.234055659538086,-51.433504712138124,-5.704900731930986,32.45359289588538,32.46016000487114,1.6991367976359655,26.470557012534343,0.12034208977397043
52.150000000000006,-4.338513295534616,-51.5229690864727,-4.712352550813141,32.45406197509865,32.46052617160807,1.7053096026041814,26.47018746724875,0.12192054947888664
52.2,-3.4415555670526228,-51.596907123479525,-3.7197864239933747,32.45452370342075,32.46087389996219,1.7115570199745846,26.469836445290824,0.12345609936431856
52.25,-2.5434516210884492,-51.655296354024046,-2.7272026325144294,32.454977288887996,32.46120407655444,1.7178768664266357,26.46950305595899,0.12494834740806482
52.300000000000004,-1.644470963434542,-51.6981189784666,-1.7346014877268077,32.4554220594356,32.461617673661024,1.7242669417486098,26.469084310844483,0.12639692904102162
52.35,-0.7448833775363942,-51.72536187291529,-0.7419833267027436,32.45586460330885,32.46193175370225,1.7307250300067736,26.46876684033382,0.12780150643948218
52.400000000000006,0.15504115678667596,-51.73701659399327,0.2506517655354046,32.45629797119409,32.46221106881609,1.7372489006463567,26.46848460143773,0.12916176516327482
52.45,1.0550325447059432,-51.73307937782562,1.2433034380861985,32.456720335309946,32.46250900077577,1.7438363052334438,26.468183154060174,0.13047741279166303
52.5,1.954820657625754,-51.71355114574472,2.235971270107625,32.45713381141465,32.46284691274792,1.750484982336495,26.46784072136418,0.1317480917417413
52.550000000000004,2.8541354146873785,-51.678437505500625,3.22865492169495,32.45754189008131,32.46316703401193,1.7571926593329295,26.46751624529964,0.1329735420610234
52.6,3.752706864229329,-51.62774874867943,4.221354186484956,32.45794368607635,32.46341376139317,1.7639570518483865,26.467266452463573,0.13415353992868972
52.650000000000006,4.650265265046744,-51.56149984588033,5.214068824239103,32.45833440574184,32.46364267373929,1.7707758623725596,26.467034662144904,0.13528785030914037
52.7,5.546541167653698,-51.47971044310656,6.206798411301679,32.458713567741654,32.4639125154652,1.777646781507677,26.466760967686668,0.13637621048346205
52.75,6.441265495766091,-51.38240485907446,7.1995425055892985,32.45908492115048,32.46416713620572,1.7845674915682324,26.466502653119125,0.13741838270235007
52.800000000000004,7.33416962760355,-51.26961207850942,8.192300808453652,32.45944793651157,32.46440705723056,1.791535667590523,26.46625919691494,0.1384142012111056
52.85,8.224985476724074,-51.14136574150255,9.18507300098088,32.45980215942007,32.464632764430675,1.7985489758009763,26.46603011324671,0.13936352044581213
52.900000000000006,9.113445572921314,-50.997704134017496,10.177858746862844,32.46014720263512,32.46484428932272,1.8056050746575494,26.465815379307326,0.14026616420906635
52.95,9.999283142962373,-50.838670176939914,11.170657694966561,32.46048270882709,32.46504156422786,1.8127016158471605,26.465615073017954,0.14112197713146202
53.0,10.882232191137533,-50.664311413676984,12.163469480478541,32.460808341355715,32.46522595675531,1.8198362452436712,26.46542780799413,0.14193082379222233
53.050000000000004,11.762027579597714,-50.47467999633218,13.156293725696164,32.46112388531282,32.46539781682236,1.8270066038484671,26.465253235370824,0.14269258793021322
53.1,12.638405108454275,-50.26983267046418,14.149130044685476,32.461429166134934,32.46555746903023,1.8342103287189175,26.465091031633246,0.14340717209591958
53.150000000000006,13.511101595600358,-50.04983075837502,15.141978044824992,32.461724044913176,32.46570521398513,1.841445053823655,26.46494089725833,0.14407449740900802
53.2,14.379854956234494,-49.81474014098059,16.13483732817002,32.4620084141326,32.46584132923707,1.8487084108733072,26.464802555747404,0.144694502094751
53.25,15.244404282060305,-49.56463123827192,17.127707492654046,32.46228219378292,32.46598248855647,1.8559980301293564,26.46465900831462,0.14526714099304172
53.300000000000004,16.10448992013649,-49.299578988375636,18.120588133141432,32.462546500552456,32.46612821157031,1.8633115411932266,26.464510750782452,0.14579238512098414
53.35,16.959853551351628,-49.01966282522236,19.113478887218825,32.46280233705373,32.46625992788183,1.8706465737779467,26.46437672734104,0.14627022127740474
53.400000000000006,17.810238268267888,-48.724966654166046,20.106379430831453,32.46304930782716,32.466375767403186,1.8780007577592315,26.46425884956077,0.1467006516944025
53.45,18.655388652509956,-48.415578826326154,21.09928942478669,32.463286912082594,32.466456377049994,1.8853717232940213,26.464176858131744,0.14708367962569469
53.5,19.495050851960862,-48.09159211238056,22.0922085107234,32.46351330243741,32.466526684334546,1.8927571017779314,26.46410533447559,0.1474193106957955
53.550000000000004,20.32897265753105,-47.753103675067614,23.085136259583734,32.46372854400149,32.46658682371844,1.9001545268643767,26.46404414444264,0.14770756967820375
53.6,21.15690357977542,-47.40021504108858,24.07807224479484,32.46393270683842,32.46663691441216,1.9075616362910424,26.46399316891213,0.14794850172890506
53.650000000000006,21.97859492461244,-47.03303207059576,25.07101604245879,32.46412586452226,32.46667706417854,1.9149760725543317,26.463952299914606,0.1481421885333134
53.7,22.793799868497214,-46.65166492535928,26.06396723148728,32.46430809306914,32.466707364967895,1.9223954835781853,26.46392144508535,0.14828872526578607
53.75,23.602273533025528,-46.25622803562318,27.056925393695444,32.46447946963334,32.4667278932961,1.9298175233779276,26.46390052728192,0.14838822047707367
53.800000000000004,24.403773058946125,-45.84684006566185,28.04989011384575,32.46464007132354,32.46673871056962,1.9372398527195642,26.46388948425651,0.14844079599484417
53.85,25.19805767955872,-45.42362387804811,29.042860979646576,32.46478997412683,32.46673986335912,1.944660139775202,26.463888268381744,0.14844658683273337
53.900000000000006,25.98488879347555,-44.98670649664472,30.035837581709703,32.464929251929135,32.466731383624364,1.9520760607749708,26.46389684642692,0.14840574111275373
53.95,26.764030036724556,-44.53621906833135,31.028819513470165,32.46505797562165,32.46671328889094,1.9594853006560768,26.463915199384267,0.14831841999537687
54.0,27.535247354172373,-44.07229682347927,32.02180637107199,32.465176212283744,32.46668558238127,1.9668855537092753,26.463943322342654,0.14818479762212178
54.050000000000004,28.2983090702458,-43.595079035186465,33.014797753222716,32.46528402443357,32.46664825309912,1.9742745242231337,26.463981224409473,0.14800506106396938
54.1,29.052985958930414,-43.104708977285995,34.00779326101906,32.46538146933825,32.4666012758692,1.981649927126476,26.46402892867926,0.1477794102771668
54.150000000000006,29.799051313025437,-42.60133388114092,35.00079249774634,32.46546859837618,32.46654461133199,1.9890094886291152,26.464086472248596,0.14750805806684752
54.2,30.53628101263412,-42.085104891239254,35.993795068653384,32.46554545644445,32.46647820589292,1.996350946861348,26.46415390627853,0.14719123005278334
54.25,31.264453592869167,-41.556177019602835,36.986800580704866,32.465612081405055,32.46640199162733,2.0036720525121794,26.464231296102703,0.14682916464465734
54.300000000000004,31.983350310753035,-41.01470909902415,37.979808642312285,32.46566850356379,32.466300616778355,2.0109705694666005,26.464334293652367,0.14642211301662655
54.35,32.692755211293154,-40.460863735145686,38.972818863045106,32.46571365450769,32.4661761901502,2.018244275442079,26.46446074377288,0.1459703390884215
54.400000000000006,33.392455192712355,-39.894807257396366,39.96583081158599,32.46574669276787,32.46603868734112,2.025490962624353,26.464600467963013,0.14547411950957212
54.45,34.08224007123629,-39.3167096693027,40.95884402441542,32.46576754952311,32.46589202505502,2.0327084389581387,26.464749466296023,0.14493374364548117
54.5,34.76190264494798,-38.7267445975437,41.951858035379274,32.465776440632524,32.465763989538665,2.039894529295708,26.46487939454818,0.1443495266757111
54.550000000000004,35.431238756458164,-38.12508923952848,42.94487238658314,32.46577555126868,32.465625323178706,2.0470470760748682,26.46502008492675,0.1437218067513868
54.6,36.09004735453498,-37.511924309758314,43.93788670375335,32.465764820690815,32.465475853306565,2.0541639398195883,26.465171706891457,0.14305093558320436
54.650000000000006,36.738130553958186,-36.88743398427249,44.93090061029178,32.46574418016337,32.46531538970342,2.0612429984507514,26.465334447477893,0.14233727489440184
54.7,37.37529369528121,-36.251805845075225,45.92391372697032,32.46571355227338,32.46514371863302,2.0682821479406712,26.46550851740146,0.14158117262326186
54.75,38.001345403619,-35.605230823529126,46.91692567159897,32.465672849870494,32.46496060808045,2.07527930296623,26.46569414573349,0.14078298979839587
54.800000000000004,38.616097646444096,-34.947903142732464,47.90993605865345,32.46562197545692,32.46476571912036,2.082232397560638,26.465891670318413,0.1399431005111751
54.85,39.21936579037399,-34.28002025889775,48.90294449887962,32.46556081429002,32.46455757825716,2.0891393857644545,26.466102585945674,0.13906189188816143
54.900000000000006,39.81096865693293,-33.60178280174926,49.89595059863374,32.46548915457339,32.464337085752696,2.095998242276039,26.466325966130086,0.13813976407632822
54.95,40.390728577274444,-32.91339451395987,50.88895395616878,32.46540686394334,32.46410392339775,2.102806963105337,26.466562126919815,0.13717713023169154
55.0,40.95847144588568,-32.21506218967502,51.88195416467449,32.465313796761514,32.463857749899,2.1095635662789007,26.466811407727523,0.13617441658595908
55.050000000000004,41.514026773177086,-31.50699561207222,52.874950811769715,32.46520979341419,32.46359819995902,2.116266092489802,26.467074172292616,0.13513206347127493
55.1,42.05722773698244,-30.789407490012685,53.867943478967916,32.465094679595964,32.46338852405306,2.1229126057481054,26.467285896000714,0.13405052421802566
55.150000000000006,42.587911232953914,-30.062513393803687,54.86093174111529,32.464972811342896,32.4631492701098,2.129501194032045,26.46752760938645,0.13293026516606687
55.2,43.10591792383736,-29.326531690090896,55.853915339752724,32.46484255839768,32.46284603112389,2.136029969940253,26.46783439979454,0.131771765678792
55.25,43.611092285351944,-28.58168347436615,56.846893954038705,32.46469994930669,32.46252759408037,2.142497068613224,26.468156495220008,0.13057551816416435
55.300000000000004,44.10328265379449,-27.828192504803546,57.839867111160714,32.46454478107624,32.46223931025142,2.148900649245654,26.468447625092885,0.1293419734594181
55.35,44.5823412737111,-27.066285135969522,58.832834330543,32.464380104588756,32.46197865602589,2.1552388979980535,26.468710352062615,0.128071612648597
55.400000000000006,45.04812434255298,-26.296190250400063,59.82579524836049,32.46420857254855,32.461705411382795,2.1615100286346163,26.468985692747893,0.12676497504799045
55.45,45.50049205244083,-25.518139188418385,60.81874960230083,32.46402977532243,32.461327540269046,2.167712281196742,26.46936752435939,0.12542261273125632
55.5,45.9393086308402,-24.73236567746127,61.81169711437971,32.463836758532906,32.460993918614186,2.1738439209078564,26.469703969057207,0.12404505124251841
55.550000000000004,46.364442381565304,-23.939105761674266,62.80463724050123,32.46363369853871,32.460676496871265,2.1799032389110025,26.470023628844427,0.12263279422228379
55.6,46.77576572805603,-23.138597732587943,63.79756959638752,32.463422469848176,32.46034415924949,2.1858885569317934,26.470358235811695,0.1211863600629215
55.650000000000006,47.173155249566335,-22.331082055839925,64.79049386949478,32.4632025905197,32.459995833411256,2.191798225241712,26.470708874326142,0.11970636041581884
55.7,47.55649171723884,-21.516801298022106,65.78340972884202,32.46297353644052,32.45962935876346,2.1976306219963604,26.471077739186285,0.11819336619836918
55.75,47.92566013015458,-20.69600005356321,66.77631682339778,32.46273466660645,32.4592457616434,2.2033841539815953,26.471463774098698,0.11664793509297056
55.800000000000004,48.28054975013247,-19.868924870987918,67.76921477760817,32.46248545910909,32.45884424380596,2.2090572573761307,26.47186778438273,0.11507063970469744
55.85,48.62105413530948,-19.035824178589195,68.76210319595452,32.462225372301724,32.458547399186386,2.2146483985754344,26.472164681971528,0.11346206789070834
55.900000000000006,48.94707117236066,-18.196948209477927,69.75498166219903,32.46196265993634,32.4581169461047,2.2201560749349127,26.472597567340834,0.11182282398607413
55.95,49.25850310742339,-17.352548926068067,70.74785007593417,32.46168796609122,32.45765513517104,2.22557881551554,26.4730621114523,0.11015352718956706
56.0,49.555256570713574,-16.50287994227186,71.74070797875956,32.46139990673978,32.457301644364044,2.2309151765339976,26.473415787879333,0.10845481161254611
56.050000000000004,49.837242609718636,-15.648196448921116,72.73355485932518,32.461107173712946,32.45694461192561,2.2361637473884812,26.47377271967443,0.10672722036915161
56.1,50.104376716632714,-14.788755136833304,73.7263905388704,32.46080984787099,32.456422372734075,2.2413231518829377,26.474297857766484,0.10497141708967206
56.150000000000006,50.356578848644425,-13.924814117660844,74.71921484173215,32.460496456789784,32.456025110106445,2.246392043385633,26.4746950992983,0.1031880898891302
56.2,50.59377345172945,-13.056632846112478,75.7120271532818,32.46017707488383,32.45560835388624,2.251369105154616,26.47511184893947,0.10137783005390588
56.25,50.81588948981417,-12.184472043493175,76.70482724437768,32.45985073766971,32.45517024721084,2.2562530575975472,26.47554999417384,0.09954123537966098
56.300000000000004,51.0228604601149,-11.308593617310194,77.6976148489796,32.45951641692265,32.454708004135085,2.261042652570808,26.47601237116319,0.09767904885862322
56.35,51.21462441345346,-10.429260582447995,78.69038966171102,32.4591729588664,32.45422224702029,2.2657366743041933,26.476498338584292,0.09579189946521183
56.400000000000006,51.39112397324245,-9.546736981973599,79.68315133305668,32.458819336591674,32.45382156887228,2.270333940354327,26.47689706788998,0.09388043466771023
56.45,51.55230635316956,-8.66128780759879,80.67589947421811,32.458462353183144,32.45333872293171,2.2748333026237972,26.4773792302333,0.09194532100266883
56.5,51.69812337342473,-7.773178919790597,81.66863395670049,32.458096379593755,32.45277383600779,2.2792336482940527,26.47794469539437,0.08998724538940905
56.550000000000004,51.82853147088053,-6.882676966891021,82.66135443663933,32.45771619790905,32.45238536662424,2.2835338960425062,26.47832967733294,0.0880069134051098
56.6,51.943491715230174,-5.990049305310297,83.65406037053819,32.45733542424585,32.45190308499965,2.2877329997221594,26.478809963057614,0.08600495496907001
56.650000000000006,52.04296982351839,-5.09556391919636,84.64675173587051,32.45694740001398,32.45135470537741,2.29182995178369,26.479357266569686,0.08398207359306298
56.7,52.126936162020456,-4.199489338595751,85.63942825535314,32.45654792182565,32.450889865923266,2.295823775367907,26.47981885318392,0.08193904123061202
56.75,52.195365758789066,-3.302094559088936,86.63208949089001,32.45614377497548,32.450397653818534,2.299713528574273,26.480307922082137,0.07987647168434364
56.800000000000004,52.24823831335152,-2.403648960861619,87.6247352639971,32.45573333774998,32.44987297868613,2.3034983072435153,26.48082966652391,0.07779506412731507
56.85,52.285538198405646,-1.5044222271759766,88.61736533415022,32.455314740674,32.44931609439479,2.3071772411258777,26.481383825774103,0.07569557338484856
56.900000000000006,52.30725446513214,-0.6046842632334385,89.60997938930831,32.45488626593977,32.448904840317404,2.310749495092196,26.481788859529182,0.07357867764724801
56.95,52.313380847245135,0.2952948851040137,90.60257705171877,32.454459021252454,32.448308560026696,2.314214270483724,26.482382296937374,0.07144507932636657
57.0,52.303915763535876,1.1952451127223953,91.59515836859646,32.45401970259347,32.4477343262192,2.317570806360493,26.482952758040852,0.06929550783056015
57.050000000000004,52.27886231129094,2.094896336547835,92.58772287817683,32.453570747138166,32.44732407658642,2.3208183730319547,26.483355335713785,0.06713071753537747
57.1,52.23822827296489,2.993978576907034,93.58027021194818,32.453124556384466,32.446641334153846,2.323956280248595,26.48403562224069,0.06495133342923509
57.150000000000006,52.18202611197283,3.892222038948269,94.5728004758499,32.45266146908228,32.44615960553046,2.326983875922842,26.484510212404686,0.06275814433280402
57.2,52.11027296109889,4.789357193392493,95.56531302365154,32.45219705025715,32.445641806764094,2.3299005388519234,26.485021146662916,0.06055191348494304
57.25,52.02299062872006,5.68511485841943,96.55780780459658,32.45172881857907,32.44508130828622,2.3327056906989725,26.485575195974263,0.058333258581626524
57.300000000000004,51.920205582497424,6.579226280040366,97.55028467300546,32.451253996415296,32.4444746937674,2.3353987867941086,26.486175852261912,0.056103036940982065
57.35,51.80194894249041,7.471423212950501,98.54274337694464,32.450769760511875,32.44401729419293,2.3379793177707526,26.486623673248676,0.05386192190272254
57.400000000000006,51.66825647303236,8.361438001372697,99.5351835564857,32.450287441489095,32.4434043302072,2.3404468113699792,26.48722985753418,0.051610619532880264
57.45,51.51916857321247,9.24900365986073,100.52760528515665,32.44979579068324,32.442757929526756,2.3428008342618227,26.48786971190511,0.049349871984532
57.5,51.35473025757114,10.13385395248036,101.52000820617813,32.449293086314924,32.44237568654934,2.3450409853511758,26.488239348857267,0.04708045783686998
57.550000000000004,51.17499114880256,11.015723473883089,102.5123918969185,32.44879898633167,32.44159907101364,2.3471669026422077,26.48901123507777,0.04480302178706097
57.6,50.98000546337095,11.89434772945356,103.50475668673606,32.448284706666094,32.44111412493541,2.34917826436714,26.48948480447526,0.04251834582063907
57.650000000000006,50.76983198322466,12.769463212257515,104.49710180391276,32.447772522256756,32.4405757458456,2.351074777258013,26.490012474356448,0.04022723449864429
57.7,50.54453405455066,13.640807485972104,105.48942732882126,32.447258466798814,32.43997117347421,2.3528561939172903,26.490607284805566,0.03793025781746451
57.75,50.304179555227435,14.508119260742331,106.4817331901134,32.44673794584706,32.439290677650305,2.3545222994965798,26.491279184493326,0.03562833318554226
57.800000000000004,50.04884087632493,15.371138472032744,107.47401914070012,32.44620599811872,32.43899850386494,2.356072914133833,26.49155402761992,0.03332211158578957
57.85,49.778594902557224,16.22960635941255,108.46628474372775,32.44569117710059,32.438145967505214,2.3575078957581823,26.492400754298117,0.031012292745060677
57.900000000000006,49.4935229915236,17.083265545235346,109.45853065453969,32.44515223355807,32.43759616122334,2.3588271431045342,26.492937846435595,0.028699632486990367
57.95,49.193710932531566,17.931860106426353,110.45075595067574,32.444612514105586,32.43722004378761,2.36003057858084,26.49329709368352,0.0263849469270383
58.0,48.87924894387579,18.77513565907249,111.44296060270432,32.44408448051145,32.43633287535611,2.3611181730676734,26.494177933338186,0.024068709526119392
58.050000000000004,48.55023163193313,19.612839430367586,112.43514505784532,32.44353079442892,32.43587718960096,2.362089931893877,26.49461761072608,0.021751889736663088
58.1,48.20675795540446,20.444720331417656,113.42730833516453,32.442984108369785,32.43531903554193,2.3629458873432156,26.495161551572703,0.019435176524069675
58.150000000000006,47.84893121595895,21.27052904082789,114.41945070265956,32.44243660316779,32.434615134156566,2.3636861210731936,26.495853985830497,0.017119108986776155
58.2,47.476859008526695,22.090018072149537,115.41157212925388,32.441877926809845,32.43382956955997,2.3643107444699893,26.496629469450586,0.01480467459956003
58.25,47.09065319294421,22.902941849640555,116.40367218793695,32.44130304414914,32.43375361624038,2.364819903310689,26.496679618339215,0.012492467935913965
58.300000000000004,46.6904298655226,23.709056784490155,117.39575025913649,32.44076379929851,32.43225279518118,2.3652137839373637,26.498185131572633,0.010183176813995942
58.35,46.276309326271225,24.508121349447297,118.3878077061434,32.44015587043299,32.432516770101685,2.365492616225538,26.497887219958596,0.007877612533491174
58.400000000000006,45.848416014666064,25.299896136797567,119.37984190233497,32.43961022040932,32.43143040780444,2.3656566423704106,26.49896862034893,0.005576645763483157
58.45,45.40687852720734,26.084143959343884,120.37185522989154,32.4390259480804,32.43039271539588,2.3657061794867715,26.5,0.0032805228974552847
58.5,44.95182950914832,26.860629883983552,121.36384621196547,32.438409288602934,32.43036408661867,2.365641540841338,26.500000000000007,0.000990742327218186
58.550000000000004,44.48340566733546,27.62912133118468,122.35581361022513,32.43783463131834,32.43033514739968,2.36546309637734,26.5,0.0012927729086698037
58.6,44.00174772479894,28.389388143817907,123.34775903131256,32.43729895389558,32.43030590426671,2.365171268861495,26.500000000000007,0.0035688892799612404
58.650000000000006,43.50700034006639,29.141202632438805,124.33968396622441,32.43679945035066,32.43167567051282,2.3647664890754143,26.498570223855673,0.005836550316900002
58.7,42.99931206580284,29.884339642804527,125.33158979859549,32.43643346607653,32.43225887625113,2.364249197508748,26.497943873694826,0.008095595721613336
58.75,42.478835306151666,30.61857662271157,126.32348163474481,32.436135281088994,32.43211780916686,2.3636198459198994,26.498057221228937,0.010345831333324895
58.800000000000004,41.94572622442303,31.34369365256154,127.31536206758318,32.435848318808844,32.43348464498223,2.3628788387334225,26.496629684130998,0.012587031776973845
58.85,41.40014473063473,32.05947353048193,128.30723152636514,32.43567948496409,32.4334507272342,2.3620265724043037,26.496632963660293,0.014820143729536994
58.900000000000006,40.8422544617127,32.76570185605526,129.29909452860943,32.43552028798338,32.43415763450689,2.3610634692917003,26.495879111146373,0.017045326582376674
58.95,40.27222268283455,33.462167053368816,130.29095144287083,32.4354229555922,32.43478369486411,2.359989913323851,26.495207592656634,0.019262062252067835
59.0,39.690220289941635,34.148660472613976,131.28280463497467,32.435377294111625,32.43527128824542,2.358806315059958,26.4946772625057,0.02147111935698831
59.050000000000004,39.09642173509381,34.824976431512354,132.27465608090793,32.435369722264035,32.435660480479655,2.357513080203752,26.4942471860013,0.02367196527785609
59.1,38.491004980319715,35.49091227905234,133.26650723728136,32.43539049070801,32.43630003255306,2.3561106156137726,26.493561112692387,0.02586469712412054
59.150000000000006,37.87415145161506,36.14626846016656,134.25835918787413,32.435455457982656,32.43681215265169,2.3545993373486453,26.493004965239017,0.028049291799590037
59.2,37.2460459898304,36.79084857844223,135.25021362292424,32.43555236474472,32.437060294043135,2.352979676408353,26.49271820931166,0.030225565302544055
59.25,36.60687678939542,37.42445944736361,136.24207176385778,32.43566007398032,32.43784786161593,2.3512520690894334,26.491880245857324,0.032393218805850665
59.300000000000004,35.9568353483411,38.04691115224682,137.23393402378952,32.435816344525726,32.438190551203014,2.349416964228702,26.491496456899398,0.034552146378388215
59.35,35.296116420539754,38.658017115599364,138.22580225981028,32.43598593071696,32.4386869294869,2.3474748357766515,26.490955479534577,0.03670209721462925
59.400000000000006,34.62491794262385,39.257594135875635,139.21767698115966,32.436178859200524,32.43923389823847,2.3454261599862463,26.490362632808093,0.0388425690410088
59.45,33.94344099007695,39.845462457141025,140.2095590805251,32.436397076274666,32.43971754729468,2.343271436453712,26.48983426431414,0.04097351580810482
59.5,33.25188971363579,40.421445818057464,141.20144952503688,32.436634252776095,32.440147302626535,2.3410111819589616,26.489360752959705,0.04309447065068639
59.550000000000004,32.550471278225835,40.98537150329183,142.1933490397949,32.43688518490827,32.44057559296602,2.3386459291549784,26.48888856551637,0.04520508989500627
59.6,31.839395804141088,41.53707039775796,143.18525815090223,32.43714878548382,32.441214416904955,2.3361762302239413,26.48820122578334,0.047305056079665064
59.650000000000006,31.11887630669415,42.0763770394738,144.17717734289326,32.43743918772819,32.44151136858474,2.3336026598521897,26.487862856186215,0.04939397862074202
59.7,30.389128633348765,42.60312966950709,145.1691076408131,32.437730057789366,32.44205227843569,2.3309258157263386,26.487275232396815,0.05147140743503087
59.75,29.650371394744326,43.11717027336008,146.1610490626244,32.43803878783553,32.44261742204469,2.3281463098799122,26.486662751961486,0.05353688251702238
59.800000000000004,28.902825909042164,43.61834464102699,147.15300229143415,32.43836583313619,32.44291771389655,2.325264784344917,26.4863206062082,0.05559011692852778
59.85,28.146716130091423,44.10650240463939,148.14496802777472,32.43869096747621,32.443432264768916,2.322281900528857,26.485759593627726,0.057630510699908655
59.900000000000006,27.38226858093227,44.58149708311964,149.13694619865333,32.43902963156855,32.443907012256275,2.3191983387600814,26.48523915161541,0.05965767632119423
59.95,26.60971229293282,45.04318613634975,150.1289373216013,32.439378015903394,32.44434370268595,2.3160148102520353,26.484757508462234,0.061671235375513334
60.0,25.829278732606905,45.49143100014299,151.12094176846688,32.439732707816425,32.44474796929297,2.3127320476332045,26.48430892547465,0.06367057016092303
60.050000000000004,25.041201733977722,45.926097129754694,152.11295978058845,32.440090940779044,32.44521737566463,2.3093508070347895,26.483793810048134,0.06565525237661518
60.1,24.245717429951025,46.347054042095095,153.10499149350247,32.44045711469944,32.44570384951382,2.3058718699336325,26.483261262402905,0.06762481196830095
60.150000000000006,23.443064182667367,46.754175356478164,154.09703721102716,32.440831881471894,32.446020715941124,2.302296044599913,26.482901874475196,0.06957874202313974
60.2,22.63348251117469,47.147338830345106,155.0890972619208,32.44120251250541,32.446515603712236,2.298624163232226,26.482360768442405,0.07151650667438503
60.25,21.81721501960477,47.52642639569927,156.0811714881247,32.44158201902019,32.4470193950843,2.2948570813372413,26.481810619652833,0.07343762735374071
60.300000000000004,20.994506328013127,47.891324201638916,157.07326022921507,32.44197040302477,32.447308033929815,2.2909956851413256,26.481480164303285,0.07534163789969739
60.35,20.165602995982617,48.24192264166499,158.06536382485345,32.44235166237513,32.4477664113421,2.287040883530331,26.480976511440808,0.0772279239183149
60.400000000000006,19.33075344917953,48.578116386702995,159.05748200266723,32.442738430158485,32.448197843375624,2.2829936077978275,26.480500462212802,0.07909603221989414
60.45,18.490207908785152,48.89980442583894,160.04961497346574,32.44312838824543,32.44860297746197,2.278854821001943,26.48005137168095,0.08094551465006816
60.5,17.644218313737724,49.20689008989945,161.0417628593992,32.443519430332316,32.448983846949595,2.2746255101103756,26.479627181097605,0.08277573591769283
60.550000000000004,16.793038245984484,49.499281081996656,162.0339257020582,32.44390974580498,32.44934343620505,2.270306687120268,26.479224861898793,0.0845862178313439
60.6,15.936922855082795,49.77688950669095,163.0261034737803,32.44429786654785,32.44983152547577,2.265899390043792,26.4786915562243,0.08637645980215325
60.650000000000006,15.07612878216865,50.039631897705185,164.01829609074804,32.44469312789984,32.45017885538557,2.261404683708683,26.47830211156316,0.08814594152951827
60.7,14.210914083323503,50.28742924414437,165.0105038262144,32.445084965577394,32.45047762576665,2.25682366034534,26.47796243523007,0.08989412670217689
60.75,13.341538150755984,50.5202070091314,166.00272654935685,32.44547015559092,32.45092465631975,2.2521574336750874,26.47747166976229,0.09162046726686413
60.800000000000004,12.468261636935475,50.73789515857803,166.99496400603118,32.44585976278583,32.451359500803434,2.247407144947708,26.47699359502041,0.09332453340505253
60.85,11.591346376816109,50.94042818445229,167.98721636532287,32.44625260121566,32.45160779581075,2.2425739645614016,26.476706176225143,0.09500577454758741
60.900000000000006,10.711055307746038,51.127745118324995,168.97948375095825,32.44663511511531,32.45200054034454,2.2376590850891773,26.476271624230705,0.09666360772612848
60.95,9.827652391006186,51.29978955065433,169.97176576814283,32.447018359774546,32.45237411788408,2.232663721658625,26.475856943749434,0.09829758944448486
61.0,8.941402534268724,51.45650965604234,170.96406244495338,32.44740091392522,32.45272962385905,2.2275891197574396,26.475461035220334,0.09990726861104804
61.050000000000004,8.052571510746782,51.597858202638825,171.95637375510142,32.44778153606335,32.45306585897566,2.2224365482434507,26.475085141238548,0.10149203802370721
61.1,7.161425879690851,51.72379256748785,172.94869962480746,32.44815898769995,32.45338596267847,2.2172072998433805,26.474726077130533,0.10305143027977692
61.150000000000006,6.268232906554826,51.834274750397256,173.94103993291495,32.448532343055554,32.45369092505726,2.2119026915366007,26.474382852032452,0.10458496800140438
61.2,5.373260482877472,51.92927138642761,174.93339452285062,32.44890081319853,32.45407607794673,2.206524064929873,26.47395820758107,0.10609216613559624
61.25,4.476777045886746,52.008753756808055,175.92576320785827,32.449270474966255,32.45439975654494,2.201072786436818,26.47359672315552,0.10757253213455442
61.300000000000004,3.5790514978778343,52.07269779837643,176.91814603363687,32.44963685222188,32.45466020152977,2.1955502473678266,26.47330020928947,0.10902556986110312
61.35,2.6803531251801958,52.12108410750015,177.91054287465755,32.44999566288673,32.454945871658474,2.1899578598868814,26.472978422895913,0.110450781379825
61.400000000000006,1.7809515175478232,52.15389794891355,178.90295344158162,32.450349249227564,32.45529661286711,2.184297059302672,26.472590729750266,0.11184774961890298
61.45,0.881116487215486,52.171129263048044,179.89537753466524,32.45070263234467,32.45550876578242,2.178569306236355,26.472219739058716,0.11321601168418738
61.5,-0.018882012350062594,52.172772667977256,-179.1121848537596,32.45104592759022,32.455099738270974,2.1727760848013986,26.471965988943605,0.11455506132634241
61.550000000000004,-0.9187739676025297,52.15882745833768,-178.1197341094978,32.451335485495996,32.454753958925956,2.1669188991662125,26.471663173801325,0.11586442869912617
61.6,-1.8182893861269642,52.129297611795394,-177.1272722881821,32.451579662169564,32.45447193469353,2.1609992790671058,26.471338892608387,0.11714371270372226
61.650000000000006,-2.717158379382939,52.08419181435215,-176.13480112581874,32.451786253064135,32.45425383149842,2.1550188056037314,26.471028709287943,0.11839240198213474
61.7,-3.615111245585192,52.02352345291756,-175.14232206022274,32.45196250866658,32.4541004997776,2.148979105771758,26.47073223357249,0.11960946926748761
61.75,-4.511878552125252,51.947310606750484,-174.1498362518565,32.452115222317374,32.454012607315526,2.142881847317753,26.470450292024616,0.12079399663946333
61.800000000000004,-5.407191217542178,51.855576037780885,-173.157344601311,32.45225074981724,32.45399072046539,2.1367287339083063,26.470181774145594,0.12194516908010655
61.85,-6.300780593044998,51.74834717977857,-172.16484776603917,32.45237503343496,32.454035264754744,2.1305215005623097,26.469925693187154,0.12306226818893151
61.900000000000006,-7.192378543589282,51.62565612637518,-171.17234617617217,32.452493621386374,32.45414652209797,2.1242619093356865,26.469681678176613,0.12414466691993198
61.95,-8.081717528509104,51.48753961794198,-170.1798400495912,32.45261168572292,32.45432496555923,2.1179517452456693,26.469435211991286,0.12519182453246458
62.0,-8.968530681704884,51.33403902732761,-169.18732940631588,32.452734062854084,32.45457163620277,2.1115928124239574,26.4691402751455,0.12620328180034335
62.050000000000004,-9.852551891386879,51.16520034446026,-168.19481408134254,32.452865318093274,32.45488423189256,2.1051869304892463,26.468897950301464,0.1271786564342392
62.1,-10.73351587937046,50.98107415980402,-167.2022937350133,32.4530095262218,32.45526276290236,2.098735931115783,26.468700748586933,0.12811763869422066
62.150000000000006,-11.611158279913587,50.78171564664519,-166.20976787178014,32.45317047169898,32.455707730585914,2.0922416547602083,26.46851375996465,0.12901998746926324
62.2,-12.485215718123357,50.56718454234986,-165.21723585130917,32.45335170447662,32.456218789653754,2.08570594767955,26.468336674315985,0.12988552711149737
62.25,-13.355425887909984,50.33754512848558,-164.22469689744946,32.453556496274985,32.45679657644434,2.079130659120821,26.468118889526693,0.13071414161316852
62.300000000000004,-14.221527629476201,50.09286620978606,-163.23215010887444,32.4537879305728,32.45743960893793,2.0725176386496713,26.46790554907087,0.13150577117457374
62.35,-15.083261006343626,49.833221091995135,-162.23959446627967,32.45404876474174,32.458147140764716,2.0658687336450257,26.46770438903882,0.13226040942299733
62.400000000000006,-15.94036738189642,49.55868755854839,-161.247028844855,32.454341505886234,32.458918531875526,2.0591857869064896,26.467515048805907,0.1329781000929131
62.45,-16.79258949546048,49.26934784618175,-160.25445202385458,32.45466843631404,32.45975261102996,2.0524706344579187,26.46736005966745,0.13365893477072177
62.5,-17.639671537902746,48.9652886194317,-159.26186269519212,32.455031591650894,32.46006379692978,2.0457251035024413,26.467238282857256,0.1343030489714181
62.550000000000004,-18.481359226740757,48.64660094402124,-158.26925947287342,32.455391034885096,32.460162474450264,2.038951010514076,26.467124404469004,0.13491061910954727
62.6,-19.317399880761368,48.3133802591519,-157.27664249880632,32.455731851996894,32.460286435612666,2.032150159479741,26.46698557568491,0.1354818597673102
62.650000000000006,-20.14754250383046,47.96572637183871,-156.2840124854965,32.45605717939802,32.46040721540012,2.02532436536805,26.466850846314422,0.13601702068669397
62.7,-20.97153786409125,47.60374343540566,-155.29137002546915,32.456367896255315,32.460519022212594,2.0184754625598416,26.466726136457993,0.13651588223382305
62.75,-21.789138568812888,47.22753991649777,-154.29871567762586,32.45666440525226,32.46062196264774,2.011605302425721,26.466611348994334,0.13697805616416758
62.800000000000004,-22.600099139122204,46.8372285620593,-153.30604998547324,32.45694708792337,32.46071613990874,2.0047157522540076,26.466506389608043,0.1374032026824068
62.85,-23.404176084244547,46.432926365277346,-152.3133734779312,32.45721630592232,32.46080164717825,1.9978086944593514,26.466411173538987,0.1377910034342733
62.900000000000006,-24.201127975131087,46.01475453024733,-151.3206866700926,32.457472401726314,32.46087856633021,1.9908860257986944,26.46632562688747,0.13814115589312337
62.95,-24.99071551745095,45.58283843537094,-150.32799006395626,32.45771569919802,32.460946967964524,1.9839496565939427,26.466249686570514,0.13845337321313878
63.0,-25.77270162392701,45.137307595497404,-149.33528414913843,32.45794650410991,32.46100691142287,1.9770015099612834,26.46618330029822,0.13872738409503427
63.050000000000004,-26.546851485994143,44.678295622819746,-148.34256940356406,32.458165104632265,32.46105844478238,1.970043521046847,26.466126426573364,0.13896293265318604
63.1,-27.312932644759183,44.20594018653769,-147.34984629413992,32.45837177178584,32.46110160482723,1.9630776362688067,26.466079034714276,0.13915977828872883
63.150000000000006,-28.070715061241753,43.72038297129953,-146.35711527740997,32.458566759860226,32.46113641699591,1.9561058125656885,26.466041104903205,0.13931769556080553
63.2,-28.819971185875538,43.22176963443542,-145.36437680019492,32.45875030679849,32.46116289530475,1.949130016650905,26.46601262825979,0.13943647406236437
63.25,-29.56047602724967,42.710249761994994,-144.37163130021727,32.45892263454894,32.461181042245315,1.9421522242734568,26.465993606941804,0.13951591829567178
63.300000000000004,-30.292007220070126,42.185976823602516,-143.37887920671287,32.45908394938439,32.46119084865542,1.9351744194848095,26.465984054273637,0.13955584754896222
63.35,-31.014345092321243,41.64910812614313,-142.38612094103,32.45923444218947,32.46119229356186,1.9281985939118869,26.46598399490442,0.1395560957729458
63.400000000000006,-31.727272731607737,41.09980476629414,-141.39335691721791,32.45937428871607,32.46118534399412,1.9212267460362966,26.465993464996505,0.1395165114584529
63.45,-32.43057605065775,40.53823158191543,-140.40058754260542,32.45950364980736,32.46116995476669,1.9142608804796666,26.466012512446788,0.13943695751180485
63.5,-33.124043851967755,39.96455710231375,-139.4078132183709,32.45962267159017,32.46114606822947,1.9073030072954111,26.466041197141355,0.1393173111326007
63.550000000000004,-33.80746789157039,39.37895349739553,-138.41503434010505,32.45973148563583,32.46111361398226,1.9003551412666368,26.466079591247613,0.13915746368510895
63.6,-34.48064294190649,38.78159652572366,-137.42225129836748,32.45983020908915,32.46107250855435,1.8934193012106988,26.466127779542816,0.1389573205754857
63.650000000000006,-35.1433668537829,38.1726654814935,-136.42946447923836,32.459918944765235,32.4610226550431,1.8864975092901446,26.466185859785256,0.13871680111876117
63.7,-35.79544061739789,37.552343140444115,-135.43667426486655,32.45999778121365,32.46096394271251,1.8795917903304087,26.466253943127114,0.13843583841108398
63.75,-36.43666842241623,36.92081570472073,-134.44388103401488,32.46006679274928,32.46089624654611,1.8727041711443562,26.466332154574715,0.13811437919471814
63.800000000000004,-37.06685771707641,36.27827274670492,-133.4510851626048,32.46012603944906,32.46081942675246,1.8658366798637473,26.46642063349805,0.13775238372105036
63.85,-37.68581926631243,35.62490715182917,-132.45828702426076,32.46017556711358,32.46073332821948,1.858991345277957,26.466519534193267,0.13734982561217635
63.900000000000006,-38.293367208873356,34.96091506039285,-131.46548699085622,32.46021540719258,32.46063777991296,1.8521701961800332,26.466629026503092,0.13690669171580794
63.95,-38.8893191134237,34.28649580839687,-130.4726854330625,32.460245576672605,32.46053259421579,1.8453752607203953,26.46674929649848,0.13642298195847502
64.0,-39.4734960336082,33.60185186741459,-129.479882720902,32.46026607792569,32.46041756620226,1.8386085657683893,26.46688054722752,0.13589870919275882
64.05,-40.04572256206485,32.90718878351676,-128.48707922430705,32.46027689851687,32.46029247284246,1.8318721362819517,26.467022999536454,0.13533389904011983
64.10000000000001,-40.60582688337035,32.202715115268674,-127.49427531368634,32.4602780109687,32.46017517940045,1.8251679946857067,26.467158422658862,0.134728589728752
64.15,-41.15364082590236,31.488642370817846,-126.50147136050013,32.46027066585668,32.460072561049635,1.8184981602578105,26.467279795149796,0.1340828319248999
64.2,-41.68899991260345,30.765184944090766,-125.50866768835826,32.46025651551332,32.45996222190844,1.8118646485258196,26.467409952654425,0.13339668855792297
64.25,-42.21174340999903,30.03256004966618,-124.51586455764762,32.46023549454154,32.45979793859693,1.8052694698946752,26.467596036067395,0.13267023463981786
64.3,-42.72171437584211,29.290987656708435,-123.52306223125711,32.4602042405455,32.45961774088318,1.7987146280337782,26.46779924242137,0.131903572622889
64.35000000000001,-43.21875970642084,28.540690422707215,-122.53026110072965,32.460162347712476,32.459425653592994,1.7922021192974285,26.46801545581728,0.13109683721793886
64.4,-43.702730184376854,27.781893627466864,-121.53746157313485,32.46010972670394,32.459221303346474,1.7857339341283023,26.468245046307963,0.13025017472699574
64.45,-44.17348052392607,27.01482510522501,-120.54466405895947,32.46004626789269,32.45904863562662,1.7793120566850646,26.46844317288657,0.12936370338252345
64.5,-44.63086941473183,26.239715175881134,-119.55186897288348,32.45997500844512,32.458883777550525,1.7729384642808554,26.46863417545505,0.12843754886475267
64.55,-45.074759564582266,25.456796575472534,-118.55907661337548,32.45989706338122,32.458709040296796,1.7666151268352763,26.46883608488118,0.1274718480841841
64.60000000000001,-45.50501773918718,24.666304385007855,-117.56628723623922,32.459812204589475,32.45850944038403,1.7603440044364262,26.469064172045833,0.12646674891158227
64.65,-45.92151480168997,23.86847595926298,-116.57350110600524,32.45971915000337,32.45823679924429,1.7541270460602618,26.46936757259711,0.12542244797700164
64.7,-46.32412575163279,23.06355085530228,-115.5807185362574,32.4596132678063,32.45799700293264,1.747966189099671,26.46963825130164,0.12433916752328855
64.75,-46.71272976324604,22.251770760598003,-114.58794001780113,32.45949782031532,32.45777599368144,1.7418633595298374,26.469890533528485,0.12321713921181754
64.8,-47.08721022433283,21.433379421283966,-113.59516591661529,32.45937483269862,32.45754276489118,1.7358204740896426,26.470156035375524,0.12205659139667091
64.85000000000001,-47.44745476962684,20.608622567668363,-112.60239652118894,32.45924397071238,32.457296761803,1.7298394377209902,26.470435305943102,0.12085770880389646
64.9,-47.79335531347448,19.77774783958602,-111.60963213279756,32.45910488436171,32.45703681843887,1.7239221417543789,26.470729517559235,0.11962072737304652
64.95,-48.12480808249534,18.941004711793266,-110.61687306610543,32.45895716536722,32.45676147126262,1.7180704635157866,26.471040145838224,0.11834591933222782
65.0,-48.44171364695085,18.098644418796773,-109.62411965139536,32.458800330074034,32.45647132883197,1.71228626594678,26.471366552054334,0.11703356477184457
65.05,-48.743976950835226,17.250919879146718,-108.6313722374523,32.458633972842456,32.45616566069262,1.7065713972633745,26.47170946332038,0.11568395138013443
65.10000000000001,-49.03150734068976,16.398085619216864,-107.63863118857786,32.458457664831755,32.45589969459458,1.7009276906641233,26.47201251184501,0.11429737366810855
65.15,-49.304218593044325,15.540397696462206,-106.64589688547761,32.45827495267196,32.4556381804463,1.6953569639953798,26.47231164254585,0.1128741319850235
65.2,-49.56202894053351,14.678113622199259,-105.65316957315476,32.45808661179869,32.4552800295211,1.6898610194346801,26.47270997928946,0.1114145333748695
65.25,-49.80486109436469,13.811492283282597,-104.66044946694069,32.45788614163601,32.4549094488318,1.6844416407891174,26.47312158450113,0.10991889121399367
65.3,-50.032642266987544,12.94079386396707,-103.66773703088096,32.45767352072142,32.45464106118096,1.6791005924642235,26.473429479262528,0.10838757291125489
65.35000000000001,-50.24530419764013,12.06627976845396,-102.67503272983606,32.45745691646852,32.454357819789266,1.6738396228110233,26.473753072115652,0.10682096649787809
65.4,-50.442783172805385,11.188212541888886,-101.68233671617165,32.45723555242001,32.453930602304574,1.6686604635840894,26.47422410003992,0.10521939306400441
65.45,-50.62502004046309,10.306855790019185,-100.68964917195855,32.45699948455462,32.45359124327091,1.6635648244828474,26.47460597474811,0.1035831845386781
65.5,-50.79196022815035,9.422474099946996,-99.69697065972312,32.456756038748644,32.453252950843556,1.658554393073942,26.4749872378809,0.10191278202484
65.55,-50.94355376507821,8.535332961479332,-98.70430146169645,32.45650581818399,32.452895431256174,1.6536308402297095,26.47538857584432,0.10020862817810894
65.60000000000001,-51.079755292683444,7.645698686129062,-97.71164183702754,32.45624793340343,32.45251503808822,1.6487958151929973,26.47581368763582,0.09847105688464808
65.65,-51.20052407771961,6.753838326789726,-96.7189920788912,32.45598129802377,32.45211219930271,1.6440509446882885,26.476262114614922,0.09670050073424363
65.7,-51.30582402483373,5.8600195973273355,-95.72635252202123,32.45570493382941,32.45169568041742,1.6393978329363037,26.476724889278817,0.09489741009417685
65.75,-51.39562368786236,4.964510791943522,-94.7337235385709,32.4554185585857,32.45139863406482,1.6348380617939213,26.47706609627165,0.0930622350396959
65.8,-51.4698962796595,4.067580704306957,-93.74110551148462,32.455131421119916,32.45091941280078,1.6303731908356198,26.477593566132747,0.09119542284764748
65.85000000000001,-51.528619680098075,3.1694985464611785,-92.74849846985411,32.45483056338284,32.450483697149444,1.6260047570234732,26.478076950486265,0.08929741916603007
65.9,-51.571776436934016,2.2705338673222237,-91.7559029385216,32.4545200729376,32.45014922119738,1.6217342686562546,26.478457296657872,0.08736867624293154
65.95,-51.59935377857138,1.3709564719702638,-90.76331928593726,32.45420786924186,32.449654257153476,1.6175632126721524,26.47900171321973,0.08540976734437322
66.0,-51.61134361519536,0.4710363400598091,-89.77074757756411,32.45388261123555,32.449222510857005,1.6134930517149115,26.47948184899826,0.08342111968204335
66.05,-51.607742536173355,-0.42895645559462137,-88.77818831274267,32.453549746922796,32.44880901108772,1.6095252189046292,26.479943579370886,0.08140321914481774
66.10000000000001,-51.58855181761172,-1.3287518302888284,-87.78564178237804,32.453211122934576,32.44836587064735,1.6056611241916556,26.480435759614803,0.07935665620564691
66.15,-51.553777418405765,-2.2280797688962446,-86.7931082067227,32.45286503348549,32.447889091497956,1.6019021506289945,26.480962448267498,0.07728189425947107
66.2,-51.50342997703666,-3.1266704071445988,-85.80058787128156,32.452509609057806,32.44737772170934,1.5982496528170245,26.481524595399666,0.07517947125322166
66.25,-51.43752480908694,-4.024254112899956,-84.80808113307354,32.452143045675776,32.4470412089833,1.5947049574917784,26.48190836698531,0.07304995623940158
66.3,-51.356081903434536,-4.9205615674705925,-83.81558841812172,32.45177862876917,32.44645236551933,1.5912693642203877,26.482549827263398,0.07089390650492078
66.35000000000001,-51.259125916984395,-5.81532384690099,-82.82310964419742,32.451398181394175,32.44599329136362,1.5879441460657233,26.483058886541517,0.06871186542781516
66.4,-51.1466861589779,-6.7082725020987235,-81.83064542443724,32.45101211782056,32.445600614297746,1.5847305411920871,26.483500209840226,0.06650436309328711
66.45,-51.018796592693676,-7.599139640810009,-80.83819597356546,32.450625581854645,32.44497511942884,1.5816297633874896,26.484179251479304,0.064272097472724
66.5,-50.87549581865521,-8.487658007620722,-79.84576130952668,32.45022197739566,32.44452596683566,1.578642995413631,26.484678260518915,0.062015556091949975
66.55,-50.716827059629274,-9.373561063778205,-78.85334208513628,32.44981511949852,32.44403504898869,1.5757713855325974,26.485219890719016,0.05973535947717323
66.60000000000001,-50.542838157095446,-10.256583069050482,-77.8609384247126,32.44940225731924,32.44349423570763,1.57301605710758,26.4858124225919,0.05743219762067042
66.65,-50.35358154829378,-11.136459160341122,-76.86855055780018,32.44898025577555,32.44289997549656,1.5703780999385089,26.486459463679537,0.05510656850034934
66.7,-50.14911425171719,-12.012925431586433,-75.87617883386405,32.44854595004134,32.44254272393489,1.5678585715621907,26.486864409521957,0.05275914338142229
66.75,-49.9294978514167,-12.885719013551295,-74.88382372342296,32.44811714817659,32.4418264738011,1.5654584987937668,26.48763582245514,0.05039056752636384
66.8,-49.69479847990619,-13.75457815346557,-73.89148501578032,32.44766781429263,32.441425431996976,1.563178879296018,26.48808523074749,0.04800145536847822
66.85000000000001,-49.44508678753947,-14.619242290975246,-72.89916349617233,32.44722192984294,32.440831099106724,1.5610206705564522,26.488731866136703,0.04559238995497594
66.9,-49.18043793595689,-15.47945214057941,-71.90685903248094,32.44676544193321,32.440268456835376,1.5589848052208666,26.48934596392675,0.043164174791314736
66.95,-48.90093156121696,-16.33494976563733,-70.91457203013351,32.44630137156908,32.43976959594441,1.5570721763825475,26.489894726876365,0.04071730671171281
67.0,-48.60665175754794,-17.18547865824035,-69.92230277898894,32.44583481616731,32.43919605272346,1.5552836457367647,26.490519540639134,0.03825257676638216
67.05,-48.297687049892176,-18.030783815815525,-68.93005137391837,32.445360618778466,32.438533330965505,1.5536200414868802,26.491235196634793,0.03577061291565542
67.10000000000001,-47.974130363999166,-18.87061181666685,-67.93781810704387,32.44487295536325,32.43824213155064,1.5520821550140056,26.49157113936216,0.033272084997690854
67.15,-47.63607900099731,-19.704710897095904,-66.94560349324603,32.44439932509093,32.437368455424526,1.5506707437195928,26.49250172552973,0.030757729457491223
67.2,-47.283634610919954,-20.532831028419253,-65.95340699556529,32.443897120114755,32.43693126035827,1.5493865342799609,26.492986194328438,0.02822822588825602
67.25,-46.91690314651568,-21.35472398557115,-64.96122970676161,32.44339955870358,32.43631310299754,1.5482302058902988,26.49365518490974,0.02568418879263845
67.3,-46.53599485450527,-22.170143431670958,-63.969071449011786,32.442893383296,32.43567303715151,1.5472024156442856,26.4943462211329,0.023126567793241293
67.35000000000001,-46.141024223691176,-22.97884498403395,-62.97693255157396,32.442377644285685,32.4351837309667,1.5463037783653135,26.49488290031455,0.020555804920263654
67.4,-45.73210995739881,-23.78058629070499,-61.98481338001535,32.44186379333433,32.43453880891852,1.5455348743737645,26.49557817445636,0.017972745579442062
67.45,-45.30937493782074,-24.575127103515964,-60.99271386189741,32.44134058016177,32.43366143562798,1.5448962498711722,26.496510539239296,0.01537807983098105
67.5,-44.872946182561044,-25.362229346926863,-60.00063435507007,32.440792069837926,32.433673441556365,1.5443884098854923,26.496533889880975,0.012772490051844443
67.55,-44.422954812034796,-26.14165719249816,-59.00857582682197,32.44028359638924,32.43207097568742,1.5440118248684271,26.49820625801957,0.01015679971359873
67.60000000000001,-43.95953601776269,-26.913177134635358,-58.01653674565621,32.439696980624824,32.43251176665993,1.5437669401183243,26.497790616484306,0.007531700341303349
67.65,-43.48282898759476,-27.67655804046709,-57.02452009993234,32.43918375105591,32.43038294084846,1.5436541363896197,26.499999999999993,0.0048976950020573895
67.7,-42.992976924009625,-28.431571256113934,-56.03252308271554,32.43855512175538,32.43041598017689,1.5436738007673299,26.499999999999993,0.0022560745740918264
67.75,-42.49012692351888,-29.17799062684761,-55.04055010717352,32.43797375449977,32.430448540149975,1.5438262355168106,26.49999999999999,0.0003932875542034253
67.8,-41.97443002679626,-29.91559262705549,-54.048599365489935,32.437436239189076,32.43048059977875,1.54411177139783,26.500000000000004,0.0030486949896157967
67.85000000000001,-41.44604109114788,-30.644156373535075,-53.05666918033215,32.436939407802626,32.43172709222548,1.544530669846914,26.498758590368176,0.00571071762038855
67.9,-40.90511874643247,-31.363463691020154,-52.064757995582085,32.43656709954711,32.4324879357563,1.5450831249468493,26.498012896917956,0.008377968981676531
67.95,-40.35182534969816,-32.073299176981656,-51.072861048943054,32.43627573070491,32.43297411412825,1.5457692652725399,26.497547272625166,0.01104910199870801
68.0,-39.78632689800341,-32.77345023291947,-50.080975244983044,32.43603990094943,32.434160513355614,1.546589103493929,26.49636569616043,0.013722806513811747
68.05,-39.20879300166901,-33.4637071405885,-49.089098459694625,32.43590565897845,32.43444043444016,1.5475425625587107,26.496109611864817,0.016396764427781818
68.10000000000001,-38.61939684689055,-34.14386313205838,-48.09722680810651,32.435801000082854,32.43530086627082,1.5486294909802183,26.495259867963163,0.019069181295634507
68.15,-38.01831512456921,-34.81371443129666,-47.10535915888796,32.43576527623913,32.43595485106122,1.549849635230963,26.494620406534327,0.021738568430151872
68.2,-37.405728011724825,-35.47306034140529,-46.1134928758199,32.43577881729785,32.436470780880946,1.5512026830811791,26.494121330707575,0.024402885014893627
68.25,-36.78181910121585,-36.12170328739908,-45.12162607491508,32.43582824326808,32.437484587058,1.5526882400662458,26.493113049975157,0.027060957004323427
68.3,-36.146775357021845,-36.7594488816293,-44.129757383862454,32.435946553538784,32.43777872844782,1.5543058414340294,26.492839211545686,0.029711139701333877
68.35000000000001,-35.50078706524044,-37.386105986337554,-43.13788416838044,32.43607742317514,32.43872841063591,1.5560549603362048,26.491895138982876,0.032352027355671
68.4,-34.8440477645937,-38.00148675544399,-42.14600594815908,32.43626677942234,32.43916117913089,1.5579349881807403,26.491478366332387,0.03498237804350879
68.45,-34.17675421326299,-38.60540671400841,-41.154120486517535,32.436473522258666,32.43994873626048,1.5599452686656292,26.49069856601324,0.03760055689070896
68.5,-33.49910631223014,-39.19768479246967,-40.16222711851777,32.43672175183023,32.44063874063526,1.5620850704071643,26.490017734642635,0.040205609697778755
68.55,-32.81130706321133,-39.7781433982713,-39.170324257556324,32.43700153674487,32.44124221322994,1.564353611868114,26.489424604470898,0.042796034830701046
68.60000000000001,-32.11356249934237,-40.34660845752413,-38.17841069680993,32.43730444220809,32.44185509938834,1.5667500471372193,26.48882118857737,0.04537082921899582
68.65,-31.40608162858199,-40.902909470922566,-37.18648555200704,32.437629489149536,32.44258540984172,1.5692734721718011,26.48809719456576,0.04792870538210536
68.7,-30.6890763753111,-41.44687956824589,-36.194547976301415,32.43798348348469,32.44308383938591,1.5719229301599356,26.487609319556938,0.05046850069163611
68.75,-29.962761518089373,-41.97835555846462,-35.20259686254407,32.4383477946205,32.44390319943705,1.5746974124208961,26.48679307612217,0.05298915976268859
68.8,-29.227354623836675,-42.4971779749865,-34.210631816071384,32.43874460925025,32.44435717419972,1.5775958546458853,26.486349264850816,0.05548964521921107
68.85000000000001,-28.483075990075907,-43.00319113225339,-33.218651593691625,32.43914550674664,32.445040836850964,1.5806171484362466,26.485670274532204,0.05796884449978279
68.9,-27.730148572141193,-43.49624316127483,-32.226656039122645,32.439566601754095,32.44566496791752,1.5837601283366283,26.485051424042446,0.06042587580722625
68.95,-26.968797926773213,-43.97618606912717,-31.23464437977058,32.440002199337194,32.44623462399685,1.5870235892866944,26.484487551681546,0.06285959800763408
69.0,-26.19925213982903,-44.44287577524512,-30.242616060825988,32.440447372527174,32.44679773298417,1.5904062773322778,26.483929729917183,0.06526921900132265
69.05,-25.421741760547803,-44.89617215743889,-29.250570715899833,32.440900969702675,32.447473971018994,1.5939068934537204,26.483255791738834,0.06765376091166786
69.10000000000001,-24.63649973460532,-45.33593909650292,-28.25850802263751,32.441370469796695,32.44791333067369,1.5975240969470335,26.482823063733672,0.0700123224288518
69.15,-23.8437613351559,-45.762044517776076,-27.266427372630048,32.441837817002195,32.448622471722,1.60125650655025,26.482114323833514,0.0723440698662614
69.2,-23.043764090747462,-46.17436042692694,-26.274328848032194,32.442322435196466,32.44911468564788,1.6051026963979496,26.481626436373734,0.07464819206433049
69.25,-22.23674771969582,-46.572762958111966,-25.282211788086077,32.442807595942995,32.44968708375689,1.6090612073295034,26.481056112579964,0.07692379695399154
69.3,-21.422954053344583,-46.9571324009747,-24.290076171840877,32.4432989879297,32.450262631859665,1.6131305356919938,26.4804820029931,0.0791702186310772
69.35000000000001,-20.6026269685312,-47.32735324577085,-23.297921760762165,32.44379639106756,32.450798848539925,1.617309143875623,26.47994748067883,0.0813865672498082
69.4,-19.776012313320596,-47.68331421524792,-22.305748324725823,32.4442965666013,32.45130005303538,1.6215954573923668,26.479448146100655,0.08357216367258502
69.45,-18.943357833758263,-48.02490829842967,-21.313555757479946,32.44479681563231,32.45184911450189,1.625987865515846,26.47889942956583,0.08572627033487379
69.5,-18.104913100697097,-48.35203278482895,-20.321344056000946,32.44530055126585,32.45238733612981,1.6304847237459796,26.478361255355193,0.08784816246958371
69.55,-17.260929435800872,-48.66458929714046,-19.329113086713672,32.4458067501847,32.45279655441772,1.6350843559595134,26.47795423181733,0.08993716460267365
69.60000000000001,-16.41165983566684,-48.96248381922533,-18.336862755180892,32.44630602191563,32.45338301960642,1.6397850528983398,26.47736581593589,0.09199264427067533
69.65,-15.5573588964423,-49.24562672526409,-17.34459332615635,32.44681152175069,32.453874102543196,1.6445850733332676,26.476874263159704,0.09401393877652708
69.7,-14.698282739401185,-49.5139328124173,-16.352304561195137,32.4473159918073,32.45430490881019,1.6494826502643036,26.476443754084777,0.09600040869855775
69.75,-13.834688931773048,-49.767321319312025,-15.3599964994712,32.44781520016465,32.45480344546616,1.6544759835831897,26.475943670041072,0.0979515386207197
69.8,-12.966836411031213,-50.00571595482642,-14.367669342040022,32.448314360543336,32.45527481193807,1.659563245010375,26.475470872433608,0.09986666637772146
69.85000000000001,-12.094985407946478,-50.22904492388359,-13.375323090525367,32.44881153564295,32.455718262657086,1.6647425812221996,26.47502613436355,0.10174522854370593
69.9,-11.219397367715365,-50.43724094643023,-12.382957820658634,32.44930487328682,32.456138001020015,1.670012111310335,26.474605179178567,0.10358672423649296
69.95,-10.340334871897095,-50.63024127919096,-11.390573679025938,32.44979295383919,32.456569706639435,1.6753699285458765,26.474171613102797,0.10539060176270709
70.0,-9.458061559890416,-50.807987736035436,-10.398170866524724,32.45027700761064,32.45705493752948,1.680814102099859,26.47368304780811,0.10715634471083035
70.05,-8.57284204994034,-50.97042670674058,-9.405749536994355,32.45076114546199,32.45740809123501,1.6863426785107194,26.47332887750203,0.10888347107965046
70.10000000000001,-7.684941859506492,-51.117509172818416,-8.41330968701942,32.45123592730291,32.457790450972176,1.6919536815660479,26.472944548868483,0.11057152821720706
70.15,-6.794627325159604,-51.2491907202375,-7.420851674316016,32.45170410756501,32.4582423393131,1.6976451104601367,26.47248893774818,0.11222006110656935
70.2,-5.9021655234842445,-51.36543155880283,-6.428375751239402,32.452171124118436,32.45863085718371,1.7034149461006507,26.472097655504147,0.11382857788177603
70.25,-5.007824190441189,-51.46619653292961,-5.435881962122158,32.4526325336231,32.4589435535511,1.7092611500928712,26.471783415147637,0.11539671281028063
70.3,-4.111871640509431,-51.55145512939225,-4.443370521283901,32.45308332076082,32.45932954500209,1.715181662117061,26.47139409343858,0.11692407984440933
70.35000000000001,-3.2145766863851124,-51.62118148956569,-3.4508418349202152,32.45352947963519,32.4596960916837,1.7211744032493002,26.47102432255606,0.11841024048379722
70.4,-2.3162085583106613,-51.675354420629155,-2.4582960799222295,32.45396995192437,32.460044138598214,1.7272372796308204,26.470673150747025,0.11985482264478264
70.45,-1.4170368227234356,-51.7139573987663,-1.4657334736749534,32.454403822401076,32.46037269782759,1.733368179525769,26.470341598095935,0.1212575276304051
70.5,-0.5173313012127202,-51.736978575172635,-0.47315426858435666,32.45483017064583,32.460684379038675,1.7395649746215653,26.47002701436723,0.12261799789897054
70.55,0.38263801066572245,-51.74441078056825,0.5194412477227648,32.45524832838817,32.46098014266775,1.7458255212475464,26.46972843174323,0.12393590191592807
70.60000000000001,1.2826010246848725,-51.73625152830061,1.5120527620444184,32.455657743693855,32.46127593097659,1.7521476616005813,26.46942959899289,0.12521093251962157
70.65,2.1822876413230112,-51.71250301587944,2.5046799400534945,32.456059042785476,32.46163002539016,1.758529224822567,26.469071075479388,0.12644280706069821
70.7,3.0814278311846435,-51.67317212502267,3.497322471372562,32.45645697011438,32.46189569083078,1.7649680280111752,26.468802557991435,0.12763126443971373
70.75,3.979751716394725,-51.61827041957498,4.489980227136334,32.45684545016555,32.46213173476754,1.7714618765253363,26.468564066168764,0.12877606377216466
70.8,4.876989651729515,-51.547814139541444,5.482652846027767,32.45722304192284,32.46235501488537,1.7780085618188437,26.468338414239966,0.12987697028322032
70.85000000000001,5.7728723060607585,-51.46182420019733,6.475339911586941,32.45758961142016,32.4626303664853,1.7846058657792483,26.46805947770215,0.13093370587014874
70.9,6.667130743714466,-51.36032618698944,7.468041002217822,32.45794966535339,32.46289833130384,1.7912515622835272,26.467787918405627,0.13194607920809176
70.95,7.559496505690445,-51.24335034823189,8.460755868743872,32.458303141492706,32.463150914713744,1.797943417969634,26.46753190060781,0.1329139300855786
71.0,8.449701690341593,-51.110931583624236,9.453484259601563,32.458649411008494,32.463353968751846,1.8046791902206394,26.467326264184585,0.13383711372213725
71.05,9.337479034110684,-50.963109434098875,10.446225899161607,32.45898545084731,32.4635174288863,1.8114566278964475,26.467160882484574,0.13471544502010602
71.10000000000001,10.222561992146835,-50.799928070598085,11.438980396121204,32.45930916356438,32.46370706295809,1.8182734724076326,26.466968681007085,0.13554875351616147
71.15,11.104684819029684,-50.62143628285363,12.431747278916506,32.45962329923536,32.463902168102706,1.8251274602291545,26.466770785262362,0.13633689022370277
71.2,11.98358264929333,-50.42768746619181,13.42452618119746,32.45992893272588,32.464084132562355,1.8320163248581594,26.466586186539644,0.13707975643043824
71.25,12.858991577120214,-50.21873960408027,14.417316777733394,32.4602257327142,32.46425330961252,1.8389377958583282,26.46641453147144,0.13777729258009686
71.3,13.73064873586115,-49.99465525028536,15.41011873060971,32.46051341677837,32.46441001804533,1.8458895989112278,26.466255501439452,0.13842942000337644
71.35000000000001,14.59829237741696,-49.7555015104698,16.402931691098843,32.46079174544029,32.46455454869307,1.8528694567129307,26.466108805909244,0.13903606105799327
71.4,15.461661951295703,-49.50135002237571,17.39575530130333,32.4610605171012,32.464687169769164,1.859875089840905,26.46597417697309,0.13959715603405698
71.45,16.320498183319195,-49.23227693460272,18.388589195605228,32.461319563720345,32.46480795414711,1.86690421759468,26.465851545503686,0.1401126625594884
71.5,17.174543153952968,-48.94836288399029,19.381433001950196,32.46156873446511,32.464916756119116,1.8739545588129545,26.465741064846334,0.14058255507549688
71.55,18.02354037623406,-48.64969297161378,20.374286342506025,32.461807878868974,32.46501440404807,1.8810238326695554,26.465641894411867,0.1410068243654905
71.60000000000001,18.86723487327406,-48.33635673741094,21.36714883367678,32.46203691638176,32.46510108209717,1.8881097594578051,26.465553850181088,0.14138547713201888
71.65,19.705373255316175,-48.00844813345577,22.3600200887782,32.462255785361435,32.46517695618166,1.8952100613731275,26.465476766275312,0.14171853576499416
71.7,20.5377037963066,-47.666065495848976,23.352899718761424,32.46246444042002,32.465242174631534,1.902322463251977,26.46541049427857,0.1420060383064481
71.75,21.363976509964708,-47.30931151526282,24.345787332835194,32.46266285000655,32.46529686859733,1.9094446932974165,26.46535490282298,0.14224803757699078
71.8,22.183943225328168,-46.93829320615118,25.338682538995503,32.46285099419161,32.465341152531074,1.9165744837927576,26.46530987709838,0.14244460090878874
71.85000000000001,22.997357661749454,-46.55312187463566,26.331584944470592,32.46302886264443,32.465375124612144,1.923709571804551,26.46527531841915,0.14259580990682252
71.9,23.803975503320487,-46.153913085079,27.32449415608846,32.46319645278498,32.465398867120456,1.930847699875919,26.465251143845805,0.142701760235866
71.95,24.603554472702385,-45.7407866253573,28.317409780573694,32.46335376809466,32.46541244675785,1.9379866167114628,26.465237285860205,0.14276256142736088
72.0,25.39585440433768,-45.313866470842775,29.31033142477974,32.4635008165706,32.465415914920754,1.9451240778543806,26.46523369209145,0.14277833671087592
72.05,26.180637317022523,-44.873280747109135,30.30325869586191,32.4636376093099,32.46540930792353,1.9522578463568578,26.465240325092875,0.142749222858356
72.10000000000001,26.957667485816756,-44.419161691371976,31.296191201396326,32.463764159210875,32.465392647175506,1.9593856934443536,26.465257162167177,0.14267537004954534
72.15,27.72671151326995,-43.95164561267674,32.2891285494491,32.463880479779775,32.46536593931127,1.9665053991744088,26.465284195240066,0.14255694174991618
72.2,28.48753839994182,-43.470872850847215,33.282070348599866,32.46398658403203,32.46532917627492,1.9736147530906791,26.465321430781593,0.14239411460110318
72.25,29.239919614195628,-42.97698773420777,34.27501620792326,32.464082483477945,32.4652823353596,1.980711554872613,26.465368889773995,0.14218707832540645
72.3,29.983629161243574,-42.47013853609285,35.26796573693161,32.46416818718378,32.46522537920098,1.9877936149813422,26.465426607727267,0.14193603563867896
72.35000000000001,30.71844365142329,-41.95047743015752,36.260918545481665,32.464243700899296,32.46515825572599,1.9948587553021753,26.46549463474106,0.14164120217458276
72.4,31.44414236768495,-41.41816044450313,37.25387424364802,32.46430902624405,32.465080898055554,2.0019048097840653,26.46557303561442,0.14130280641666104
72.45,32.16050733226875,-40.87334741463247,38.24683244156524,32.46436415994487,32.46499322436086,2.0089296250764477,26.46566189000357,0.14092108963779992
72.5,32.867323372552704,-40.31620193524912,39.23979274924095,32.464409093117446,32.46489513767268,2.015931061163691,26.465761292628297,0.14049630584764827
72.55,33.56437818605114,-39.74689131091591,40.23275477634135,32.46444381058567,32.46478652564211,2.0229069919975586,26.465871353528794,0.14002872174486924
72.60000000000001,34.25146240454436,-39.1655865055878,41.22571813195078,32.46446829023256,32.46466651230959,2.029855306127814,26.465992961221602,0.13951861667734988
72.65,34.92836965732043,-38.57246209103453,42.21868242430632,32.46448244895235,32.46453557954262,2.0367739073313302,26.466125619009425,0.1389662826051108
72.7,35.594896633510125,-37.96769619416912,43.211647258464275,32.464486243994514,32.46439360860243,2.0436607152398025,26.466269442440378,0.13837202407032123
72.75,36.250843143518544,-37.35147044332145,44.20461223784462,32.46447962718079,32.46424041929156,2.050513665998551,26.46642460943884,0.13773615816944584
72.8,36.896012179494726,-36.723969913427204,45.197576964023675,32.46446254090299,32.46407581391288,2.05733071289508,26.466591315487076,0.13705901517496955
72.85000000000001,37.530209974838364,-36.08538307016995,46.19054103637346,32.464434917546555,32.463899576547256,2.0641098269850815,26.466769774379188,0.13634093793058355
72.9,38.15324606272721,-35.435901713094815,47.18350405167911,32.464396678903746,32.463711472392895,2.0708489977177678,26.46696021891288,0.1355822818000263
72.95,38.764933333647846,-34.775720917710956,48.17646560373375,32.46434773558154,32.46352569204907,2.0775462335609802,26.467148167838236,0.13478341465372523
73.0,39.3650880919127,-34.10503897660023,49.16942528291084,32.46428901818636,32.46336941015365,2.084199562626168,26.467305895330774,0.13394471686424936
73.05,39.95353011114665,-33.4240573395498,50.1623827151959,32.46422333189832,32.463185328642425,2.0908070332934514,26.467491837398164,0.13306658130375126
73.10000000000001,40.53008268825043,-32.732980552329316,51.15533763391929,32.464149188808605,32.46294613846659,2.097366714216818,26.467733842664014,0.13214941334567243
73.15,41.0945726953837,-32.0320161938583,52.148289715476146,32.46406325664132,32.46269352235825,2.103876693196021,26.467989386965982,0.13119361846733568
73.2,41.646830632807706,-31.32137481415108,53.1412385087504,32.46396541847824,32.46242709637902,2.110335078622434,26.468258854097524,0.13019957958405826
73.25,42.186690681563,-30.601269871967002,54.13418355815449,32.463855538328296,32.46220455835408,2.1167400020265035,26.468483380405544,0.1291677085282572
73.3,42.71399075356685,-29.871917670308065,55.12712440290005,32.46373761118728,32.4619849385745,2.1230896186848938,26.468704747813337,0.12809846808139014
73.35000000000001,43.228572540586754,-29.133537291053983,56.120060735073466,32.46361242028637,32.46175406510534,2.129382108231475,26.46893740390993,0.12699233316780578
73.4,43.730281560004386,-28.386350527363003,57.112992276734346,32.46347968063058,32.461451641447844,2.135615672777675,26.469242848849742,0.12584979093162474
73.45,44.21896720091923,-27.63058181647081,58.10591873903912,32.46333482068896,32.461133236280354,2.141788536956213,26.46956438989561,0.12467129092399887
73.5,44.69448276960037,-26.866458172063798,59.09883965821549,32.46317756465977,32.460863390585914,2.147898948599625,26.469836177735075,0.12345728357075814
73.55,45.15668553596901,-26.094209117185013,60.09175455994193,32.46301226651164,32.46058047119054,2.153945181987666,26.47012107634998,0.12220823286824611
73.60000000000001,45.605436776761714,-25.314066614890073,61.084663136507025,32.462838566845846,32.46028399278892,2.159925538504197,26.470419572055306,0.12092466776081778
73.65,46.040601815043004,-24.526264996804883,62.077565066450305,32.46265609727035,32.45997283617932,2.1658383445031717,26.47073279790026,0.1196071303306212
73.7,46.46205006087829,-23.73104089249066,63.07046001421854,32.46246443576385,32.45964551278403,2.1716819519998225,26.47106226388466,0.11825611997949181
73.75,46.869655050779755,-22.928633158101576,64.06334762811417,32.462263084122434,32.45930279493363,2.177454739359213,26.471407173539166,0.11687214993301609
73.8,47.263294485936775,-22.11928280436763,65.05622753738051,32.462051634894664,32.45894402617567,2.1831551120088477,26.4717681881354,0.11545574718780927
73.85000000000001,47.64285026923219,-21.303232923927098,66.04909935567511,32.46182966284331,32.45864782241351,2.188781503188686,26.47206509023796,0.11400745299269488
73.9,48.00820854094253,-20.48072861798528,67.04196268038967,32.46160238852689,32.4583089134179,2.1943323746380443,26.472405272616033,0.11252782359676416
73.95,48.359259713168015,-19.652016922352168,68.03481730868064,32.46136714030482,32.45789659333563,2.1998062172844755,26.472820057640956,0.11101742898716793
74.0,48.69589849982431,-18.817346731607,69.02766293548082,32.461119244092735,32.45750868567636,2.2052015485307024,26.47320962900985,0.10947685292862275
74.05,49.018023949653944,-17.976968724652952,70.02049907688087,32.460861347062995,32.45719036724542,2.210516914276937,26.47352788040682,0.10790662492453862
74.10000000000001,49.32553947910638,-17.13113529001846,71.01332535026894,32.46059913421889,32.45682550647611,2.2157508921378835,26.473893295527354,0.10630731492469181
74.15,49.61835289981365,-16.28010044898449,72.00614159056542,32.460329589380116,32.45635909960454,2.2209020902499432,26.47436199349704,0.10467955721892963
74.2,49.89637644294435,-15.424119777786215,72.9989475172859,32.46004598296758,32.45598877252043,2.2259691442438196,26.474732312934478,0.10302396224119548
74.25,50.15952678712473,-14.563450331158913,73.99174259245993,32.45975618222135,32.455600636625135,2.230950719438532,26.475120455120415,0.10134107987752827
74.3,50.40772508720634,-13.698350565908338,74.98452657914619,32.459459357535906,32.45519313858949,2.2358455152579353,26.47552799805053,0.09963150389424413
74.35000000000001,50.64089699329783,-12.829080261451974,75.9772992086655,32.45915462761116,32.45476360398911,2.2406522608646,26.475957664229803,0.09789591638806883
74.4,50.85897267339074,-11.955900441625602,76.9700601786238,32.45884098306673,32.45431280224222,2.245369716011858,26.476408662322832,0.09613491213329439
74.45,51.061886834657926,-11.079073296084797,77.96280914801281,32.45851754157926,32.4539031566179,2.2499966719178985,26.47681728186076,0.0943491029451593
74.5,51.249578743461974,-10.198862101331235,78.95554574207246,32.45818794265345,32.453506891914685,2.25453195220755,26.477211858891803,0.09253911812081128
74.55,51.42199224391652,-9.315531141350204,79.94826972530184,32.4578535818864,32.452983889473664,2.258974413768172,26.477735386801285,0.09070560579303333
74.60000000000001,51.579075772390304,-8.429345627429882,80.94098091560186,32.45750574671406,32.45255356969674,2.2633229448783894,26.47816392791409,0.0888492312124356
74.65,51.720782371915334,-7.54057161810521,81.93367879753093,32.45715201978425,32.452176423356434,2.2675764646764733,26.47853779364267,0.08697062220434759
74.7,51.84706971120479,-6.6494759397770125,82.92636314577248,32.45679662003941,32.45160239300074,2.2717339286942178,26.479112194655645,0.08507039596167942
74.75,51.957900092616015,-5.7563261054511905,83.91903389643123,32.45642560382236,32.45116884303379,2.275794324587416,26.479542800536095,0.08314928035488833
74.8,52.05324046066351,-4.861390233882412,84.91169045213587,32.45605012090889,32.45071917903922,2.2797566698788714,26.479989431980698,0.08120791786396353
74.85000000000001,52.133062419978295,-3.9649369697290884,85.90433264211123,32.45566933934677,32.450242750411164,2.2836200206075787,26.48046295643203,0.07924690582910898
74.9,52.19734223688326,-3.0672354017574905,86.89696026375671,32.45528172585137,32.44973666486954,2.2873834648867444,26.48096632361753,0.0772670145741472
74.95,52.24606084669513,-2.1685549818873353,87.88957305581573,32.45488565006695,32.449200390720556,2.2910461236533166,26.48150007457971,0.0752688855833128
75.0,52.279203860040525,-1.2691654441083,88.88217069466398,32.45447956011363,32.44884398214368,2.2946071518296662,26.48184978293317,0.07325317533144471
75.05,52.29676156782047,-0.3693367232410929,89.87475279731414,32.45407701883007,32.448241506822356,2.298065739533797,26.482450237677128,0.07122056352699246
75.10000000000001,52.29872894471282,0.5306611264386514,90.86731949966948,32.4536601965438,32.447712634181194,2.3014211132322444,26.482975116850653,0.06917175408261755
75.15,52.2851056421727,1.4305580125472215,91.859870255517,32.45323537066076,32.4473206601182,2.304672527800257,26.483359794063475,0.0671074739689459
75.2,52.25589599888282,2.33008388584875,92.85240475881227,32.452812891336286,32.44666291538272,2.307819277438334,26.484015348814562,0.06502829136024957
75.25,52.21110903529881,3.2289688216958945,93.84492309947957,32.4523736073396,32.44620077872614,2.310860692090941,26.48447075727741,0.0629349927615408
75.3,52.15075844434288,4.126943100932928,94.83742463478976,32.45193269101007,32.445709783657925,2.313796131408182,26.48495517797916,0.06082829305213977
75.35000000000001,52.07486259838686,5.023737291684975,95.82990930246069,32.45148819762777,32.44518032667811,2.3166249964266754,26.485478417352436,0.05870878634482324
75.4,51.98344453422688,5.919082329949688,96.8223769658162,32.45103763541708,32.4446086902705,2.3193467206134457,26.48604427398681,0.056577300369866634
75.45,51.876531946929596,6.81270960050347,97.81482739286145,32.450578425049464,32.44408968992744,2.3219607711866956,26.4865559390623,0.05443448373540605
75.5,51.75415718259219,7.7043510178083,98.80726025293757,32.45011494396932,32.44362211459126,2.324466650755859,26.48701464570634,0.05228101146499853
75.55,51.616357229735755,8.593739106885709,99.79967538285116,32.449651170442316,32.44290345824621,2.3268638990042234,26.487729286469175,0.050117591383269655
75.60000000000001,51.46317370515683,9.48060708341749,100.79207277159742,32.44916919099974,32.44252654718803,2.329152090180969,26.48809451758713,0.04794496496728584
75.65,51.29465283865358,10.36468893344779,101.7844517229217,32.44869471644176,32.44194983382564,2.3313308308237737,26.488663332178355,0.04576382353491226
75.7,51.110845469279994,11.245719495326298,102.77681252410511,32.44821293911204,32.44134563288974,2.3333997706262295,26.48925977921141,0.043574812856093104
75.75,50.91180701445932,12.123434536500026,103.7691548959893,32.447722417239014,32.44085470167002,2.3353585870809823,26.489740117029807,0.04137879604911632
75.8,50.69759746164728,12.997570834501698,104.76147850427404,32.44723186612694,32.440309028627766,2.337206994461539,26.49027592527844,0.03917632909505642
75.85000000000001,50.46828135068479,13.867866256328702,105.7537833480451,32.446737377734145,32.439697927989585,2.3389447447624647,26.49087812588803,0.03696814761113387
75.9,50.22392774888293,14.734059835897643,106.7460692769008,32.446234559895245,32.439079027805356,2.3405716225264825,26.491487872122732,0.03475500601851422
75.95,49.96461023212742,15.59589185288457,107.73833597244027,32.44572345046026,32.43872335507656,2.3420874472473017,26.491828352758038,0.0325375552803564
76.0,49.69040686485107,16.453103911464193,108.73058311772112,32.44522344364713,32.43786613252907,2.343492076053508,26.492680689933657,0.03031649441638251
76.05,49.401400176065266,17.305439018002147,109.72281113764019,32.444697921424414,32.43752997912922,2.344785403720323,26.493000402932974,0.028092576124123525
76.10000000000001,49.097677123095885,18.152641654385533,110.71501905645668,32.44418592554619,32.43695842925509,2.34596735104153,26.493560152056688,0.025866553336300058
76.15,48.77932908580566,18.99445786185214,111.70720739177553,32.443669675811115,32.436256144197685,2.347037886847069,26.494253053150544,0.02363894642414266
76.2,48.44645181659281,19.830635309312548,112.69937598111487,32.443140137838725,32.43580376101442,2.3479970045502583,26.494690297639085,0.02141071611077905
76.25,48.09914542130051,20.660923372450316,113.69152431644933,32.4426161109227,32.43525161814087,2.348844732827466,26.49522906896855,0.019182354063786988
76.3,47.73751433367183,21.485073211047943,114.68365260880262,32.442090075724,32.434559648246015,2.3495811410331484,26.495910315643627,0.016954565544153866
76.35000000000001,47.361667273119274,22.302837839210596,115.67576078159624,32.441552188047005,32.43384725157839,2.350206327881665,26.496612079858338,0.014728164113648745
76.4,46.9717172158582,23.1139722009794,116.66784838174473,32.44100183544211,32.43376117519335,2.350720425932991,26.496673628309914,0.012503736970330692
76.45,46.567781365853435,23.918233246337763,117.65991493275489,32.440484645424334,32.43233205558144,2.3511236074656168,26.498106968741123,0.010281961026521458
76.5,46.14998111935552,24.715380004486025,118.65196170321849,32.439902317578415,32.432473112224386,2.3514160847920067,26.497935756840114,0.00806363065251503
76.55,45.71844200377542,25.505173643181823,119.64398620213363,32.439371660053126,32.43184388024772,2.3515980827847685,26.498551229642903,0.005849546527798566
76.60000000000001,45.273293691606995,26.287377568110355,120.63599040591959,32.4388339614956,32.430398822530364,2.3516698978637436,26.5,0.00363995985523502
76.65,44.81466989941578,27.061757460176356,121.62797404553393,32.43823145156951,32.43037135837199,2.3516318277378403,26.500000000000004,0.0014363015795026968
76.7,44.34270837843649,27.828081362136167,122.61993464257067,32.437670016341116,32.430343609480076,2.3514842065889496,26.5,0.0007614025180657791
76.75,43.85755090194682,28.58611976684016,123.61187376818054,32.437146701565325,32.43031558185851,2.3512274396788726,26.5,0.002952422977813285
76.80000000000001,43.35934316792232,29.33564565282287,124.60379288047598,32.43665876444341,32.43054448095127,2.3508619396246146,26.499737192373555,0.005135338201540662
76.85000000000001,42.84823475732414,30.076434551643448,125.5956933326266,32.43622202990825,32.43248634492093,2.350388128055485,26.49772391661308,0.007310001085159001
76.9,42.324379091093896,30.808264614539517,126.5875770829406,32.4359551952663,32.43195006769679,2.349806437140856,26.49824238107766,0.00947623138259246
76.95,41.787933377015186,31.530916671788777,127.57945062890062,32.43566911472562,32.432970603553166,2.3491172999616765,26.497169977160695,0.011633818292580145
77.0,41.23905850701329,32.24417425294751,128.57131323456744,32.43547636392759,32.433713130234544,2.348321079088187,26.496381385190762,0.013782743583590218
77.05000000000001,40.677919101791275,32.94782371674826,129.56316846909664,32.4353504186638,32.43377374425189,2.3474181800955165,26.496289194848394,0.015924417469790342
77.10000000000001,40.104683408671974,33.6416542725283,130.5550188872691,32.435237799062946,32.43446541545,2.3464089838274447,26.495552055516352,0.018057979853409734
77.15,39.51952326556986,34.325458050614316,131.54686499869192,32.435182628804874,32.43500337724467,2.345293862222235,26.494971707641835,0.02018392536143665
77.2,38.92261407522228,34.99903018370667,132.53870900032163,32.43516982512201,32.43542990673184,2.344073210333015,26.49450495289876,0.022302432104197578
77.25,38.31413473338162,35.66216884986418,133.53055251231976,32.43518840237985,32.4357764806813,2.3427474197136817,26.49411963502802,0.02441303778439874
77.30000000000001,37.694267583323224,36.314675337401646,134.52239673473946,32.43523040797282,32.43661430403923,2.3413168873697643,26.49323229173731,0.026515812386662674
77.35000000000001,37.063198367091815,36.95635410775725,135.51424256351578,32.43532925769184,32.436862656827664,2.339782022247128,26.49294685264462,0.02861064687834869
77.4,36.421116174100234,37.58701285656132,136.50609217245875,32.435438786201544,32.43724342761124,2.3381432498957864,26.492525935542584,0.030697302452722397
77.45,35.76821337136097,38.20646255603273,137.4979459699517,32.435567689159384,32.43797764720886,2.3364009922800975,26.491743806121384,0.03277544702683599
77.5,35.10468556632535,38.81451753047551,138.48980469691827,32.43573982902006,32.43820019874206,2.334555695392716,26.49148408876943,0.03484515231377827
77.55000000000001,34.430731545194746,39.410995507773826,139.481670006835,32.43591556971449,32.43874395752377,2.3326078239087664,26.49089611527762,0.03690593774763329
77.60000000000001,33.7465532047101,39.995717662657384,140.47354203743038,32.43611759741515,32.43926357447963,2.330557846724062,26.490332628504053,0.03895742967898741
77.65,33.052355508251374,40.568508687579566,141.4654217940049,32.436342310062614,32.43972524086898,2.3284062606348996,26.489828163336245,0.04099954369408465
77.7,32.34834641614163,41.129196834615705,142.45731014412104,32.436583947977354,32.44013739639548,2.326153576574548,26.489374106390766,0.04303172178325099
77.75,31.634736825602758,41.67761396809254,143.44920773508872,32.436837765721506,32.440519552971224,2.3238003216365115,26.488950539733192,0.04505368120703679
77.80000000000001,30.911740510477095,42.213595617325716,144.44111503274905,32.437100750525055,32.44118066980855,2.321347042389604,26.48824196884254,0.04706509876072573
77.85000000000001,30.179574059509797,42.73698102797255,145.43303238773348,32.43739217333102,32.44146878212585,2.318794307578628,26.487914188568205,0.04906558493814828
77.9,29.43845681300779,43.24761321158154,146.42496088766464,32.43768335967351,32.441927095458134,2.3161427097782763,26.48741249519808,0.05105469621952352
77.95,28.68861079114865,43.74533898296777,147.41690052357134,32.43798648365812,32.44251354512821,2.313392853654321,26.48677987054823,0.05303195600703248
78.0,27.930260637838302,44.230009020182955,148.40885175206688,32.4383098451917,32.442763547132195,2.3105453730224923,26.486490714858043,0.05499712247910793
78.05000000000001,27.16363354968745,44.70147790326364,149.40081534719633,32.43862796675888,32.443267220307696,2.3076009233617256,26.485942471037003,0.056949612636572056
78.10000000000001,26.38895920594301,45.159604153487436,150.39279110864905,32.43895934201237,32.44373346122418,2.304560176648117,26.485432401367976,0.058888993215333585
78.15,25.60646970807758,45.6042502888921,151.38477954339373,32.43930035052749,32.444164388732425,2.301423836475145,26.484958353239808,0.060814934272173105
78.2,24.816399504857547,46.03528285608843,152.3767810199473,32.439647781827844,32.44456305054324,2.298192626751103,26.484517227050503,0.06272680345944082
78.25,24.018985323703546,46.45257247217598,153.36879578404938,32.43999887245037,32.4449339552143,2.2948672936746988,26.48410443306695,0.06462419448084233
78.30000000000001,23.214466101094317,46.85599386532741,154.36082397575538,32.44035137836208,32.445493141979775,2.2914486074583422,26.483499424934564,0.06650666152808071
78.35000000000001,22.40308291204329,47.245425913989806,155.3528656492987,32.440718647191915,32.44583024927386,2.287937363776223,26.483121172989136,0.06837372432713096
78.4,21.585078898672073,47.62075168463257,156.34492136940975,32.44108376162634,32.44615401261808,2.2843343848932847,26.48275658200076,0.07022487364238827
78.45,20.76069919429537,47.98185845971687,157.33699105380498,32.44144592241146,32.44666743743427,2.2806405114198967,26.482198429266788,0.07205957765876292
78.5,19.930190854546037,48.328637780909474,158.32907458962987,32.44181888777023,32.447080289099226,2.276856612242682,26.481743028091046,0.07387746946776019
78.55000000000001,19.09380278353684,48.660985482381165,159.32117239023933,32.44219470215088,32.447394324444936,2.2729835847649866,26.48138859318327,0.07567798354429556
78.60000000000001,18.251785656332228,48.978801714650835,160.31328456471914,32.44256610374331,32.44782418720422,2.269022346393456,26.480916029880287,0.07746054955390491
78.65,17.404391845945444,49.28199097916752,161.30541094441,32.44294168113338,32.44822970197402,2.2649738390632024,26.48046845123925,0.0792247674306168
78.7,16.551875349301387,49.570462161349965,162.29755168914508,32.44331939690771,32.44861119376592,2.2608390333396713,26.480045541041846,0.0809701466050683
78.75,15.694491709452391,49.844128553366396,163.28970688083385,32.44369738239758,32.44897067515764,2.2566189229898868,26.479645261213598,0.08269611447062175
78.80000000000001,14.832497939582382,50.10290788156958,164.28187652991363,32.44407404616615,32.449310723863384,2.2523145259304513,26.479264997612916,0.08440220699569068
78.85000000000001,13.966152446435379,50.34672233254383,165.2740605859511,32.4444480945731,32.449750221128426,2.247926885067315,26.478783428814584,0.08608794118870833
78.9,13.09571495318326,50.57549857768516,166.26625894903094,32.44482681789848,32.45011310987237,2.2434570689618596,26.478380273346474,0.0877528172627251
78.95,12.22144642176833,50.78916779628621,167.25847179808585,32.44520441018233,32.450397111767096,2.2389061723105925,26.478057868994508,0.08939632210910986
79.0,11.343608973663008,50.98766569225474,168.2506990899753,32.44557531743838,32.45077020617412,2.2342753112599283,26.477644788320333,0.09101793302534134
79.05000000000001,10.462465812245453,51.170932517095125,169.24294056911603,32.44594638091951,32.45118444109855,2.2295656265826906,26.477189996481194,0.09261722101328473
79.10000000000001,9.578281144520151,51.33891309144674,170.23519624160048,32.446320528075155,32.45149270155284,2.2247782866963632,26.476843655105746,0.09419369354475293
79.15,8.691320100981802,51.49155681796494,171.2274662254989,32.44668996903784,32.451788663216526,2.219914483226056,26.476510175179993,0.09574679772654804
79.2,7.801848655901957,51.628817695084294,172.21975034091247,32.44705416147917,32.452145752930896,2.214975428911657,26.476114641384893,0.09727606940614919
79.25,6.910133548377052,51.750654335762896,173.21204838719297,32.44741784658287,32.45248591107397,2.2099623619479445,26.475736737619478,0.09878108628797122
79.30000000000001,6.016442202223232,51.85702998057773,174.2043603450464,32.447779851189374,32.45280963973113,2.204876545962925,26.475375968956918,0.10026133927425462
79.35000000000001,5.121042645308157,51.947912506270455,175.19668615030238,32.4481391217995,32.453116444521065,2.1997192668140215,26.475032857621407,0.10171631970038675
79.4,4.22420342923583,52.02327443641277,176.18902569849007,32.44849464485104,32.45340896655143,2.194491832930858,26.474704726392556,0.10314558297807253
79.45,3.326193548800706,52.08309295061109,177.18137884636457,32.44884566782964,32.453687920558885,2.1891955755794115,26.47439086415451,0.10454867766327425
79.5,2.4272823612448704,52.12734989229211,178.17374542189157,32.44919154302458,32.454034174462016,2.183831849095334,26.474008770219704,0.10592514702892686
79.55000000000001,1.5277395053406728,52.15603177493116,179.16612522825565,32.44953744527012,32.4543497247146,2.1784020309534498,26.47365847000298,0.10727452968154694
79.60000000000001,0.6278348203407744,52.16912978681212,-179.84148173340685,32.449881179516154,32.4545884732066,2.1729075217672715,26.473387016953595,0.10859636283768737
79.65,-0.2721617351638881,52.16663979087976,-178.8490755459288,32.45021741477976,32.45481622306101,2.1673497417828145,26.473127282128157,0.1098901837235644
79.7,-1.1719801642493195,52.148562327611195,-177.85665649607776,32.45054590108556,32.455128639041945,2.161730131794357,26.472781672421114,0.11115559968914113
79.75,-2.071350512867408,52.114902618364404,-176.86422488019033,32.45087323951102,32.455435674498176,2.156050155938388,26.472442088743687,0.11239219976914683
79.80000000000001,-2.9700029511596147,52.06567056425865,-175.87178074208683,32.45119912772439,32.4557069954764,2.1503113014275925,26.472139497990128,0.11359951711938265
79.85000000000001,-3.867667854456961,52.000880739531574,-174.8793241371542,32.4515211182781,32.45589149357215,2.1445150741608288,26.471926061299932,0.11477709021590954
79.9,-4.764075884252721,51.92055238763958,-173.88685521440857,32.45183328794196,32.45614011369307,2.1386629984749845,26.47164778484612,0.1159245453352753
79.95,-5.6589580692492065,51.8247094172353,-172.894374349466,32.452140918352754,32.456394180988944,2.1327566181800677,26.471364554345914,0.11704151371688454
80.0,-6.5520458866862255,51.71338039880083,-171.90188171589676,32.45244472282677,32.45663645905922,2.1267974996768757,26.471093972460107,0.11812760589833715
80.05000000000001,-7.443071342898527,51.58659855316961,-170.90937745998602,32.45274413255766,32.45686736752844,2.1207872283348976,26.470835626866066,0.11918237006383947
80.10000000000001,-8.331767053881139,51.4444017413871,-169.91686174978236,32.45303864934129,32.457087003869304,2.1147274076087896,26.470589433777953,0.12020542683956137
80.15,-9.217866325775685,51.28683245393566,-168.9243347723973,32.45332781752186,32.45729490202422,2.108619658919551,26.47035588415061,0.12119641452216001
80.2,-10.101103235176204,51.11393779851619,-167.931796732378,32.4536111807006,32.45749267725733,2.102465621487333,26.470133345320455,0.1221549737847738
80.25,-10.981212709229085,50.925769486406104,-166.93924785173607,32.453888430454654,32.45768066190584,2.096266952133007,26.46992149330842,0.12308074864435525
80.30000000000001,-11.857930605505876,50.722383817422276,-165.94668836428676,32.45415930412974,32.457859166629746,2.0900253250744143,26.469720025977676,0.12397338708652228
80.35000000000001,-12.730993791602815,50.50384166340557,-164.95411851389812,32.4544235800226,32.45802848157619,2.083742431628025,26.46952866181585,0.12483254117185538
80.4,-13.60014022444964,50.27020845029228,-163.9615385529245,32.45468107299071,32.45823629503777,2.0774199798773694,26.469298765048237,0.12565786892778874
80.45,-14.465109029301397,50.021554138780644,-162.96894874080792,32.45493501742264,32.45844444762258,2.071059694311387,26.46906927946633,0.12644903501310978
80.5,-15.325640578387342,49.75795320360069,-161.97634921325275,32.45518569100835,32.4586019535716,2.064663315435247,26.468892230422433,0.12720571131964675
80.55000000000001,-16.181476568561646,49.47948460946058,-160.98374009534174,32.45542970976287,32.458735458027455,2.058232597320817,26.46874044700303,0.12792757752279726
80.60000000000001,-17.032360098977883,49.18623178736606,-159.99112164162648,32.455665834638914,32.45886106508752,2.051769306928975,26.468597513027543,0.12861436228860157
80.65,-17.878035749085516,48.87828261166489,-158.99849415406712,32.45589406538524,32.45897897007302,2.0452752256279467,26.46846324154613,0.12926580783684471
80.7,-18.718249655888823,48.555729374486404,-158.00585793463827,32.45611441572008,32.45908934634605,2.0387521494178813,26.46833746752752,0.12988162602056263
80.75,-19.552749590521017,48.21866875812955,-157.01321328479426,32.45632691076479,32.45922427609044,2.0322018884059787,26.46818747508036,0.13046152420130852
80.80000000000001,-20.38128503432492,47.86720180611177,-156.02056050503268,32.45653386543091,32.459357398166965,2.0256262662683113,26.468040166615076,0.13100522023805183
80.85000000000001,-21.203607254416774,47.50143389288919,-155.02789980728784,32.456735546340624,32.45948066481577,2.0190271196999348,26.467903761258647,0.1315124427533476
80.9,-22.019469378131397,47.121474691016324,-154.03523139329604,32.45693162623171,32.45959423450578,2.0124062964842864,26.467778106253398,0.13198293136753136
80.95,-22.828626467338076,46.72743813816041,-153.04255547731736,32.457121812537,32.4596982578462,2.0057656547892435,26.46766305640949,0.13241646431296772
81.0,-23.63083559232549,46.3194424031497,-152.0498722848083,32.4573058443448,32.45979287139916,1.9991070628161793,26.4675584803962,0.13281283390085719
81.05000000000001,-24.425855905089424,45.897609850715995,-151.0571820512107,32.4574834891344,32.45987819618265,1.9924323984244268,26.467464262249898,0.13317183946128353
81.10000000000001,-25.213448711999586,45.46206700494376,-150.06448502086573,32.457654539637836,32.459943307067256,1.9857435487329553,26.467391553249563,0.13349328783505143
81.15,-25.993377545822316,45.01294451143902,-149.07178144604762,32.45781802302565,32.45999085277584,1.9790424097015062,26.467337657882965,0.13377699382942865
81.2,-26.765408237076386,44.55037709823121,-148.07907161625448,32.45797322515067,32.46003205335652,1.9723308856930188,26.467291137161087,0.13402278062898176
81.25,-27.529308984949807,44.07450353582369,-147.08635584831163,32.45812028430823,32.460066956166266,1.965610889492801,26.467251948566997,0.13423048016974803
81.30000000000001,-28.284850427461738,43.5854665958621,-146.09363445375612,32.45825933229809,32.46009559644172,1.9588843421689859,26.467220061293624,0.13439992400435585
81.35000000000001,-29.03180571063419,43.08341300814386,-145.10090773908541,32.45839049402263,32.46011799795621,1.9521531724173187,26.46719545556782,0.13453094647630337
81.4,-29.769950556902742,42.56849341643348,-144.1081760060209,32.45851388716074,32.460134174939384,1.9454193159067188,26.46717812068731,0.1346233950333442
81.45,-30.49906333274599,42.04086233309764,-143.11543955178396,32.45862962200207,32.46014413205253,1.9386847146259498,26.467168055042002,0.13467713021199756
81.5,-31.218925115513716,41.50067809257366,-142.12269866937868,32.45873780129139,32.46014786433768,1.93195131623186,26.467165266162596,0.1346920256153794
81.55000000000001,-31.92931975943398,40.948102803685885,-141.12995364788014,32.45883852008041,32.46014535713981,1.9252210733994772,26.467169770797575,0.13466796788179636
81.60000000000001,-32.630033960779535,40.383302300824326,-140.1372047727288,32.45893186558465,32.46013658600193,1.9184959431741362,26.4671815950186,0.13460485664765542
81.65,-33.32085732217427,39.80644609400041,-139.14445232602995,32.45901791704303,32.46012151653277,1.9117778863260924,26.467200774354673,0.13450260450682094
81.7,-34.00158241602063,39.21770731779498,-138.15169658685883,32.45909674557801,32.46010010424515,1.9050688667077438,26.467227353957007,0.1343611369608766
81.75,-34.67200484702925,38.61726267921413,-137.158937831571,32.45916841405423,32.46007229436487,1.898370850613837,26.467261388794746,0.13418039236697155
81.80000000000001,-35.33192331383219,38.00529240446833,-136.16617633411818,32.45923297693356,32.46003802160802,1.8916858061448707,26.467302943883624,0.1339603218781349
81.85000000000001,-35.9811396696617,37.38198018469123,-135.17341236636958,32.459290480124594,32.459997209925895,1.8850157025740018,26.467352094548666,0.13370088937932678
81.9,-36.61945898207637,36.747513120614244,-134.18064619843895,32.45934096082469,32.45994977221504,1.8783625097177605,26.467408926723053,0.13340207141737892
81.95,-37.24668959171712,36.102081666213635,-133.187878099018,32.45938444735257,32.45987696970906,1.8717281973107873,26.467492551607506,0.13306385712482438
82.0,-37.86264317007566,35.445879571347035,-132.19510833571564,32.45941962752089,32.459789733302536,1.8651147343849388,26.467591814927086,0.13268624813946417
82.05000000000001,-38.467134776258156,34.779103823396575,-131.20233722634865,32.45944606364815,32.459692640555154,1.8585240886530414,26.467702042845577,0.13226925851697047
82.10000000000001,-39.05998291332966,34.10195458846321,-130.20956510548103,32.459463676284365,32.45958550858992,1.851958226697782,26.46782341695479,0.13181291463794764
82.15,-39.64100958326009,33.41463515120746,-129.21679231071744,32.459472378591904,32.45946813255409,1.8454191136345983,26.467956140652472,0.13131723910518645
82.2,-40.21004034065799,32.7173518535908,-128.2240191829854,32.45947207530349,32.45934028751607,1.8389087125587977,26.468100437214485,0.13078226126367554
82.25,-40.76690434543336,32.01031403268902,-127.23124606685776,32.4594626618901,32.45920172872453,1.8324289839968912,26.468256549538765,0.13020802151601174
82.30000000000001,-41.31143441437404,31.293733957596597,-126.23847331090701,32.459444023806846,32.45908040749719,1.8259818853628857,26.468395956684564,0.12959457123812967
82.35000000000001,-41.843467071620495,30.567826765440962,-125.24570126808796,32.4594180512133,32.45896536413636,1.8195693704202611,26.468529830252315,0.12894197268010998
82.4,-42.36284259802398,29.832810396525886,-124.2529302190337,32.45938571642209,32.45884194967026,1.8131933887501077,26.46867310454845,0.1282502988524925
82.45,-42.86940507837241,29.08890552794171,-123.2601604071742,32.459346875939815,32.45870991169954,1.8068558840150004,26.468826026951223,0.12751963340306816
82.5,-43.363002447868006,28.33633550672971,-122.26739208142922,32.45930137849408,32.458568983580854,1.8005587927751776,26.468988858820452,0.12675009470214604
82.55000000000001,-43.843486537978336,27.575326282639196,-121.27462549650586,32.45924906457171,32.45836573984198,1.7943040439766875,26.469216091325315,0.1259418247964561
82.60000000000001,-44.31071312111653,26.806106340094146,-120.28186091321376,32.45918596994816,32.45814333863907,1.7880935584456878,26.469463685988885,0.12509497596980168
82.65,-44.76454195413732,26.028906629389756,-119.28909874404016,32.45911149628323,32.4579649946689,1.7819292483894458,26.469667141471163,0.12420971061999353
82.7,-45.2048368226256,25.24396049825534,-118.29633942436416,32.459029603310775,32.45778322972752,1.7758130191857404,26.46987488134041,0.12328620112484145
82.75,-45.6314655822842,24.451503621553417,-117.30358323805645,32.458940576626254,32.45759077488743,1.7697467691510695,26.47009430795488,0.12232458407410718
82.80000000000001,-46.04430019666412,23.65177392898862,-116.31083045805892,32.45884416221634,32.457387205322405,1.7637323865707089,26.470325840922058,0.12132500069341745
82.85000000000001,-46.443216775530374,22.845011533294795,-115.31808136703069,32.45874009386677,32.45717207707463,1.7577717489390992,26.47056991893873,0.12028765160721377
82.9,-46.82809561225817,22.031458657914797,-114.32533625781488,32.45862809266733,32.45694370285248,1.7518667225270406,26.470828248795208,0.119212752632194
82.95,-47.198821219974135,21.211359564034293,-113.33259543392403,32.45850777910913,32.456702233437376,1.746019161959019,26.47110066165153,0.11810052824117179
83.0,-47.55528236643166,20.38496047699088,-112.3398592133889,32.45837881156115,32.456447549486924,1.7402309098009994,26.47138726388734,0.11695121136042985
83.05000000000001,-47.897372107658285,19.552509512100155,-111.34712792730897,32.45824086427013,32.456179054995474,1.7345037962117615,26.471688647854464,0.11576504316039404
83.10000000000001,-48.22498782028913,18.714256599884884,-110.35440191924445,32.45809359217908,32.45593252760788,1.7288396385746267,26.47196829332769,0.11454227178475662
83.15,-48.53803123258723,17.87045341073663,-109.36168154595464,32.457939230423996,32.45573191132987,1.7232402411229657,26.472201751703032,0.11328315274269585
83.2,-48.83640845416016,17.02135327904048,-108.36896707867726,32.457781564774415,32.45541714001351,1.7177073945807066,26.472552323677327,0.11198794903322096
83.25,-49.12003000288081,16.167211126292298,-107.37625864380124,32.45761267729149,32.45508559502191,1.7122428742558071,26.472920632205188,0.11065693084518102
83.30000000000001,-49.388810829544056,15.308283383569883,-106.38355667065858,32.45743217141509,32.45479577826115,1.7068484372057853,26.473246966503304,0.10929040649799049
83.35000000000001,-49.64267034787106,14.44482791572294,-105.390861603749,32.45724385761838,32.45454744552162,1.7015258264419657,26.47353155536883,0.107888741000437
83.4,-49.88153245892369,13.577103943538534,-104.39817374177741,32.457051256754326,32.45426676294975,1.6962767706177004,26.47384971763969,0.10645221527639137
83.45,-50.10532557170977,12.70537196484926,-103.40549324873703,32.45685236433971,32.45386132016943,1.691102981192138,26.47429573213731,0.10498111648530539
83.5,-50.31398262253696,11.82989367548961,-102.41282036531025,32.45663871832755,32.45356576772892,1.6860061497726875,26.47463013717058,0.10347578851124695
83.55000000000001,-50.50744109619577,10.950931890785858,-101.42015565593152,32.456419221856216,32.45325388450889,1.6809879487836028,26.474981711924283,0.10193662838901218
83.60000000000001,-50.685643049595456,10.068750467378782,-100.4274993443977,32.456193126331414,32.45292467989409,1.676050036020989,26.47535144682399,0.10036401978169351
83.65,-50.84853512383772,9.183614222414736,-99.43485168314308,32.4559596658716,32.45257514824513,1.6711940487763144,26.47574238868364,0.0987582552522781
83.7,-50.99606856053056,8.295788853855356,-98.44221295390011,32.45571791461257,32.45220527601721,1.666421603765869,26.476154531048486,0.09711974489349018
83.75,-51.12819921672751,7.405540860488921,-97.44958347381937,32.45546701185576,32.451814309981565,1.6617342970766558,26.476588622408478,0.09544890020890762
83.80000000000001,-51.244887578571095,6.513137461677452,-96.45696359297555,32.455206104579034,32.451524310661,1.657133704214523,26.476920070999157,0.09374613378426488
83.85000000000001,-51.34609877350139,5.618846516838592,-95.46435369407283,32.45494311929917,32.45112802122694,1.6526213801192284,26.477360373559904,0.09201185724265315
83.9,-51.431802581057696,4.722936444693875,-94.47175385655413,32.45467061229401,32.45066449949416,1.6481988591810506,26.47786965068596,0.09024648190589346
83.95,-51.50197343701244,3.825676141897313,-93.47916444464303,32.45438446137973,32.45033543714602,1.6438676499874205,26.478242030081496,0.08845041876355708
84.0,-51.55659044528079,2.9273349024967086,-92.48658598026205,32.45409524536304,32.45000792171241,1.6396292393138125,26.47861314046876,0.08662418387260118
84.05000000000001,-51.59563738645262,2.028182336807702,-91.49401858060487,32.45380329367371,32.44948368248562,1.6354850941254,26.47918532988898,0.08476821347215946
84.10000000000001,-51.6191027160817,1.1284882897531494,-90.50146235025984,32.45349475001742,32.44911119231333,1.6314366547503951,26.479602898332093,0.08288290376825103
84.15,-51.62697956769719,0.2285227597417897,-89.5089179239138,32.45318163875284,32.44871406024021,1.6274853342204096,26.48004586266769,0.0809687875000975
84.2,-51.61926576293058,-0.6714441825488827,-88.51638547622771,32.45286252600194,32.44828874483594,1.6236325261438367,26.48051781590164,0.0790264105997096
84.25,-51.59596380467356,-1.571142475723538,-87.52386523671406,32.45253582734722,32.447832643190814,1.6198795970332185,26.48102139380616,0.07705616153145911
84.30000000000001,-51.55708087690386,-2.4703021489340617,-86.53135749549425,32.452199885621766,32.44734452001462,1.6162278867279696,26.48155783685339,0.07505858221236394
84.35000000000001,-51.50262884318579,-3.3686534031904167,-85.53886260607977,32.451853073792684,32.447034206461396,1.6126787089158867,26.481912920558308,0.07303420610497824
84.4,-51.43262424379518,-4.2659266926982236,-84.5463809842174,32.45150886898331,32.44647481164245,1.6092333517065853,26.48252240742977,0.0709835562416572
84.45,-51.34708829140396,-5.161852806196723,-83.55391253007258,32.45114929345896,32.44602201210084,1.6058930781948106,26.483023184328957,0.06890714418602784
84.5,-51.24604685632089,-6.056162947253142,-82.56145783155188,32.45078305907624,32.44567309295867,1.6026591179555183,26.48341799318551,0.06680547023549366
84.55000000000001,-51.129530469142885,-6.948588816173909,-81.56901714327819,32.45041806149641,32.445049962233426,1.5995326774503624,26.484092814979224,0.06467920478584688
84.60000000000001,-50.997574306022344,-7.838862690335397,-80.57659041782448,32.45003462583477,32.44462858468154,1.5965149344042686,26.484561698731206,0.0625288101031174
84.65,-50.85021817306959,-8.726717503962721,-79.58417836040954,32.44964848003811,32.44417004899899,1.5936070326813478,26.48506853740283,0.06035486092187625
84.7,-50.68750650572025,-9.611886930292165,-78.59178107458135,32.449257163535314,32.44366705056917,1.590810093738149,26.485620768923397,0.058158034458415386
84.75,-50.50948834567337,-10.494105460302459,-77.5993987580105,32.448857869752025,32.44311610916891,1.588125206811533,26.48622192814735,0.05593877886397536
84.80000000000001,-50.31621732726027,-11.373108482732736,-76.6070317157225,32.448447743996084,32.44274114346002,1.5855534300456426,26.486643355159213,0.05369773853232118
84.85000000000001,-50.10775166260698,-12.24863236399507,-75.61468036193456,32.44804012967208,32.44214851855036,1.5830957918366906,26.48728696332509,0.051435535317807535
84.9,-49.88415412541038,-13.120414527932608,-74.62234460043562,32.44761930030625,32.44158526173047,1.5807532922163006,26.487900496037177,0.04915276417904124
84.95,-49.645492023913214,-13.988193532811705,-73.6300249365868,32.44718829755083,32.44125221064875,1.578526894511299,26.488278838023366,0.0468499924078003
85.0,-49.39183718945071,-14.8517091522152,-72.63772175938682,32.446764291343534,32.44051895514591,1.5764175344817772,26.489065732140205,0.044527954100033185
85.05000000000001,-49.12326595264868,-15.710702452982224,-71.64543480105095,32.446318195900844,32.440074443048196,1.5744261181915107,26.48955760631242,0.04218720059043335
85.10000000000001,-48.839859110244845,-16.564915869921276,-70.65316490636035,32.445872213554225,32.43956985158372,1.5725535113992208,26.49011066163338,0.03982832580533113
85.15,-48.541701917066874,-17.414093288460084,-69.66091207082009,32.44542204484205,32.438990209081005,1.5708005567546337,26.49074017275732,0.037452135845796874
85.2,-48.228884047282946,-18.257980117569204,-68.6686764543905,32.444962628001974,32.43832323089939,1.569168060187046,26.49145867401824,0.035059092891742694
85.25,-47.90149956953613,-19.09632336691904,-67.67645841063839,32.44448838535179,32.43803680662639,1.5676567932285224,26.491788263155026,0.03264993135175587
85.30000000000001,-47.559646921105475,-19.92887172392958,-66.6842585064625,32.44402755829998,32.43716225720676,1.566267495806379,26.492718302895554,0.03022533917047099
85.35000000000001,-47.203428880937444,-20.75537563067101,-65.69207622853914,32.44353717965046,32.43688986499737,1.565000879355864,26.49303302425516,0.027785948442868857
85.4,-46.83295252273122,-21.575587352124842,-64.69991270699447,32.443062371460954,32.43613296011558,1.5638576096238737,26.493842360228154,0.025332329010296917
85.45,-46.448329206009426,-22.389261060827494,-63.70776734608308,32.44256741350771,32.43562676692262,1.5628383322690524,26.49439529970266,0.0228653946398083
85.5,-46.04967451751208,-23.19615289951412,-62.715640916296714,32.442071653037345,32.435144805066415,1.5619436455457816,26.494923162015315,0.02038554709642426
85.55000000000001,-45.6371082555016,-23.99602106330782,-61.72353344812156,32.44157687818228,32.434514125351775,1.5611741215721793,26.495602606838563,0.01789373446541731
85.60000000000001,-45.21075438283508,-24.788625867268944,-60.731444903652275,32.441072395837246,32.43366453544126,1.5605302945235024,26.49650534296987,0.015390479472046081
85.65,-44.770740988447955,-25.573729817558284,-59.7393756539584,32.44054326295182,32.433721701840646,1.560012659387155,26.49648134727458,0.012876540973536521
85.7,-44.31720025412718,-26.351097685630908,-58.74732664160922,32.44005600858674,32.43221773041019,1.5596216782287158,26.49805190556682,0.010352702726947882
85.75,-43.8502684219636,-27.120496583545613,-57.75529626469858,32.439496131574124,32.432427055210546,1.5593577890218384,26.497871618920144,0.007819623168785483
85.80000000000001,-43.370085718775286,-27.88169601310318,-56.7632873004898,32.438991197548155,32.43089013778881,1.5592213655424558,26.49947510173559,0.0052777841375473145
85.85000000000001,-42.87679637213453,-28.634467970930206,-55.77129764744008,32.438412550422484,32.43040844142465,1.5592127860357934,26.499999999999993,0.002728469587651716
85.9,-42.37054850173263,-29.378586976005025,-54.7793301244347,32.43784082835121,32.430440000233254,1.559332356464516,26.500000000000004,0.00017159013324885564
85.95,-41.851494138993985,-30.11383017966078,-53.78738446634967,32.437312197771355,32.430471099185674,1.559580387699981,26.5,0.002391408574453635
86.0,-41.319789140265094,-30.83997740600452,-52.79545902494866,32.43682354787237,32.430501719344065,1.559957146984118,26.5,0.004960624709298145
86.05000000000001,-40.77559312254164,-31.55681120424086,-51.803552271019605,32.43637198869178,32.43269320122723,1.5604628361224755,26.497791633877895,0.00753518568274103
86.10000000000001,-40.21906941777325,-32.26411691327399,-50.81166278591949,32.436109218158606,32.432283044146224,1.5610975932929136,26.498240946912603,0.01011378276714936
86.15,-39.65038502591369,-32.96168272554931,-49.819783349786654,32.43583592001486,32.43394419131874,1.5618614947421818,26.496573502971113,0.012695143408762988
86.2,-39.06971049588532,-33.64929969027337,-48.82791436515972,32.435700796536565,32.433992994247475,1.5627544636448079,26.496552772851416,0.01527802898536379
86.25,-38.477219969372754,-34.326761848620876,-47.83605054792037,32.435578810658775,32.434940544325336,1.5637763898594912,26.495613297668545,0.01785937805252047
86.30000000000001,-37.87309106195523,-34.99386623567174,-46.84419139564761,32.43553322020639,32.4356558018544,1.5649270406469142,26.494910563264998,0.02043852429366666
86.35000000000001,-37.25750486836409,-35.65041298820347,-45.85233398683522,32.43554197603839,32.436214247728905,1.5662061358564614,26.494367424029228,0.02301301574846093
86.4,-36.63064588123321,-36.29620537763931,-44.8604762431843,32.43558999544485,32.43688488962253,1.5676133100231837,26.493709072297207,0.025581904190943305
86.45,-35.9927019472981,-36.93104987604455,-43.86861666318508,32.43568248788611,32.43760943427811,1.5691481257343085,26.492995054846805,0.028143483334446273
86.5,-35.343864218962565,-37.55475621903649,-42.87675354610334,32.435820126914116,32.438093222445914,1.5708100828338942,26.49252633225524,0.030696314222495857
86.55000000000001,-34.68432709607462,-38.16713745938656,-41.884885165436444,32.435982490880676,32.43904162957091,1.5725986154586238,26.491582435319746,0.033239141991714405
86.60000000000001,-34.014288168791154,-38.76801002152001,-40.8930105756338,32.43620100078712,32.43940525178749,1.5745130918193126,26.491235184446126,0.035770652494591104
86.65,-33.33394816785613,-39.35719376461526,-39.90112762952263,32.43642987585857,32.44013871181226,1.5765528266749271,26.49050957436076,0.03828952721377732
86.7,-32.64351089320145,-39.9345120215303,-38.90923593067233,32.43669479271241,32.44078106334633,1.5787170626830331,26.489876385359572,0.04079469711228967
86.75,-31.943183172038502,-40.499791671766104,-37.917334100702064,32.43698666918626,32.44134710130119,1.5810049981469305,26.489320497965817,0.04328472016212004
86.80000000000001,-31.233174787858825,-41.05286318106175,-36.92542110853582,32.43729812862304,32.4420096996882,1.583415771853609,26.488665369445652,0.04575870927794767
86.85000000000001,-30.513698422157248,-41.59356065580789,-35.93349620518507,32.437634669413406,32.442632514784464,1.585948468810109,26.488050239215614,0.048215474133570524
86.9,-29.78496959433778,-42.12172189587087,-34.94155843136776,32.43799165836848,32.44314555421716,1.5886021249724678,26.487546576238575,0.050653939130000936
86.95,-29.0472065960488,-42.637188440232045,-33.949607004971384,32.43835979378625,32.443928010102226,1.5913757242564515,26.48676718721706,0.053073123247173726
87.0,-28.30063042833479,-43.1398056164223,-32.95764149960068,32.4387575235231,32.44435091295031,1.594268201650948,26.486354312477257,0.05547198567967371
87.05000000000001,-27.545464739318675,-43.62942259134537,-31.965660783321038,32.43915705133933,32.44500805226311,1.5972784491512328,26.485701652685787,0.05784954788992991
87.10000000000001,-26.78193575187029,-44.105892407100825,-30.973664787230987,32.43957497997675,32.44560994944646,1.6004053050367233,26.485104791434182,0.06020495000569781
87.15,-26.010272205620016,-44.569072038980785,-29.981652807452186,32.440006049224586,32.44616042702577,1.6036475709450997,26.484559827267514,0.06253711770980885
87.2,-25.23070528366425,-45.01882242996717,-28.989624341266488,32.44044564763895,32.44666821751994,1.607004002286729,26.484057847974952,0.06484531816752792
87.25,-24.443468545648045,-45.45500853510764,-27.99757906231028,32.440890116916165,32.447371467227974,1.610473311807496,26.483355736609802,0.06712862683258436
87.30000000000001,-23.648797859719647,-45.87749936450644,-27.00551678412706,32.44135307050987,32.44779714128363,1.6140541727751625,26.482936423115817,0.06938619041534366
87.35000000000001,-22.846931333322882,-46.28616802472446,-26.013436799585122,32.44181336127942,32.44840506884585,1.6177452216056807,26.48233048349902,0.07161721935332821
87.4,-22.038109238595503,-46.68089174972818,-25.02133921034789,32.442284197534164,32.44898588390679,1.6215450501252349,26.48175166614624,0.07382097661036369
87.45,-21.222573946584205,-47.06155194922906,-24.0292236128972,32.44276288941792,32.44943907864672,1.6254522187285119,26.481302574053636,0.07599657039108365
87.5,-20.40056985143091,-47.4280342374112,-23.03708970658364,32.44323976007712,32.45000243121289,1.6294652489076284,26.480740496734345,0.07814337206554
87.55000000000001,-19.57234329830815,-47.780228468911936,-22.044937560871464,32.44372280801539,32.45052956252695,1.6335826253442391,26.480214866713602,0.08026060358233167
87.60000000000001,-18.738142512213763,-48.11802877749602,-21.052766939294724,32.444209004766215,32.451021336677655,1.6378028022103948,26.479724810386504,0.08234752873221396
87.65,-17.8982175219151,-48.44133360373868,-20.06057772121603,32.444695599902744,32.45148326973567,1.6421241988600883,26.47926470684578,0.08440353732311223
87.7,-17.05282008600322,-48.750045727494154,-19.06836989119669,32.44518043346224,32.45207147955855,1.6465452021562186,26.478675227300425,0.08642793299387108
87.75,-16.202203618219368,-49.04407229897184,-18.076143516415936,32.44567265104055,32.452500245961986,1.6510641686404952,26.478248001799226,0.08842006592260532
87.80000000000001,-15.346623112031466,-49.32332486821921,-17.083898314232847,32.44616033639208,32.452918859231325,1.6556794263576577,26.477830667886675,0.09037932968553264
87.85000000000001,-14.486335062624557,-49.587719406830836,-16.091634457803,32.44664308802346,32.45347006292179,1.660389269896264,26.477277560489426,0.0923051543432507
87.9,-13.621597392393028,-49.83717634035353,-15.099352135645223,32.447130729087625,32.453904562502764,1.6651919680933958,26.476843115096504,0.09419687077212302
87.95,-12.75266937359941,-50.07162057285968,-14.107051160532983,32.44761457433157,32.45431796317537,1.670085764828812,26.4764297704269,0.09605396394263721
88.0,-11.879811549098477,-50.290981504220525,-13.114731677462247,32.44809338782041,32.4547836061902,1.6750688736836068,26.475962695175905,0.0978759347083269
88.05000000000001,-11.003285655687634,-50.495193056734884,-12.12239387871111,32.4485712605611,32.45522444184649,1.6801394837280625,26.47552053239609,0.09966217709589387
88.10000000000001,-10.123354545710288,-50.68419369613601,-11.130037800071241,32.449046487795776,32.45563996867765,1.6852957608407877,26.475103805289095,0.10141220088911496
88.15,-9.24028210763211,-50.85792644810484,-10.137663542547898,32.44951745071591,32.456033379141985,1.6905358458341766,26.4747092678806,0.10312554225450299
88.2,-8.354333187116596,-51.01633891679779,-9.14527126907492,32.449982874174914,32.45640645731917,1.6958578560694235,26.474335111696597,0.1048016998677781
88.25,-7.465773507707369,-51.15938330196607,-8.152861191370684,32.45044170154236,32.45688467141516,1.7012598870266444,26.473853325485294,0.10644020470493842
88.30000000000001,-6.574869591123642,-51.28701641450266,-7.160433561580968,32.450901913676134,32.45723628257279,1.7067400136746897,26.473500382451864,0.10804061914441832
88.35000000000001,-5.681888677222871,-51.39919969047972,-6.167988326553027,32.45135436859732,32.45755122269737,1.7122962917154183,26.473184528107115,0.10960253296090627
88.4,-4.787098643098516,-51.495899198398504,-5.175525782860761,32.45179700103304,32.45794295166008,1.7179267534031695,26.472790009884367,0.11112556081457114
88.45,-3.890767923316621,-51.577085655244886,-4.183046306095135,32.452235997506406,32.4583464211481,1.7236294136594523,26.47238321331022,0.1126092337550233
88.5,-2.993165429191174,-51.642734436953134,-3.190550035187002,32.45267245633796,32.4586708461147,1.7294022719397972,26.472056776201974,0.11405320512565709
88.55000000000001,-2.09456046752218,-51.692825582516654,-2.198037067053512,32.45310091275058,32.45895825973485,1.7352433091465684,26.47176782245545,0.11545716560689812
88.60000000000001,-1.195222659643039,-51.72734379972353,-1.2055077076788832,32.45351929467803,32.45930298420089,1.7411504876043509,26.47142013236543,0.11682074413542409
88.65,-0.2954218605037301,-51.746278473427104,-0.21296234232719116,32.45393241535823,32.459630222170695,1.7471217549839082,26.4710900302881,0.11814356915564872
88.7,0.6045719226177854,-51.74962367037534,0.7795988278686549,32.454339401559125,32.45994076370469,1.753155046191047,26.47077672108217,0.11942534759114665
88.75,1.5044886115111107,-51.73737813848515,1.7721755683623395,32.45473949885523,32.4602343446868,1.759248281121387,26.470480484920916,0.12066582414277605
88.80000000000001,2.4040581383147046,-51.70954530811599,2.7647676157382883,32.4551319878432,32.460511888488725,1.765399365836032,26.47020039032149,0.1218646986067995
88.85000000000001,3.3030105268449974,-51.66613329185687,3.757374679050733,32.45551626646074,32.46077489433425,1.7716061936692284,26.469934918170757,0.12302169429290188
88.9,4.201075973944458,-51.60715488287488,4.749996444312109,32.45589188273742,32.46102393748171,1.777866646318003,26.46968349174776,0.12413655666392742
88.95,5.097984930817496,-51.53262755177469,5.742632580234925,32.4562584580763,32.46127467284327,1.784178594863988,26.469430151040775,0.12520905297549234
89.0,5.993468184320031,-51.4425734419489,6.735282741038462,32.45661675913108,32.46157117177532,1.7905399007073797,26.46912994890051,0.12623897091970093
89.05000000000001,6.887256938173872,-51.33701936346588,7.727946610265517,32.45697064574853,32.46181048161163,1.796948416458811,26.468887917828066,0.12722611686783125
89.10000000000001,7.7790828939898145,-51.215996784857666,8.72062401912889,32.45731634831018,32.46200662029839,1.8034019861448485,26.468689765389204,0.1281703150286262
89.15,8.668678331826236,-51.07954182166238,9.713314654610855,32.45765136773791,32.46219127050225,1.8098984435564205,26.4685031806682,0.12907139372074994
89.2,9.555776191155218,-50.92769522810843,10.706018108070364,32.457975646506796,32.46236478919017,1.8164356151843748,26.468327807826718,0.1299291482314402
89.25,10.440110151688764,-50.760502386613794,11.698733968656311,32.45828915669846,32.46257884241018,1.8230113223924818,26.46811095297902,0.13074343255908616
89.30000000000001,11.321414713818285,-50.57801329442006,12.691461824440536,32.458595562820726,32.46278374552872,1.829623382123792,26.467903305351655,0.13151414416213925
89.35000000000001,12.199425278810805,-50.38028254880493,13.684201403695246,32.45889471872844,32.46297497650556,1.836269607589493,26.467709484535035,0.13224119462620365
89.4,13.073878228214642,-50.16736932873879,14.676952429095387,32.45918616571252,32.4631529036267,1.8429478067390264,26.467529121335293,0.132924509314023
89.45,13.944511003368854,-49.93933737740899,15.66971460575929,32.459469504134965,32.463301956723285,1.849655783020907,26.467378103486624,0.1335639829906654
89.5,14.811062184656464,-49.696254983540065,16.662487623508607,32.45974325074842,32.46341342281752,1.8563913363318392,26.46726532355222,0.1341595256376138
89.55000000000001,15.673271570431929,-49.43819496129583,17.655271115406627,32.46000540589621,32.46351581625653,1.863152263930175,26.467161702007417,0.13471106621864237
89.60000000000001,16.53088025580318,-49.1652346294236,18.64806463799801,32.460256149493375,32.46362385973758,1.869936362000459,26.467052226960295,0.13521855196671595
89.65,17.383630711199313,-48.87745578930208,19.640867754703713,32.46049670022511,32.463739336944904,1.8767414275273424,26.46693508396571,0.13568196140568034
89.7,18.231266860184583,-48.574944700359175,20.633680075567902,32.460728317133665,32.46384319064677,1.8835652588583827,26.466829715357978,0.1361013105376685
89.75,19.073534156606776,-48.25779205355065,21.626501258803422,32.460950808098886,32.463935622254645,1.8904056556410254,26.46673591932073,0.13647662662080506
89.80000000000001,19.91017966121694,-47.92609294348913,22.61933095526671,32.461164009110014,32.464016809960334,1.8972604187340067,26.466653517295708,0.13680793565285398
89.85000000000001,20.740952118080425,-47.57994684006312,23.612168809533358,32.46136778059932,32.46408690944264,1.904127350989512,26.466582353259,0.13709526185962773
89.9,21.56560203048438,-47.2194575587077,24.605014460833544,32.46156200408813,32.46414605879629,1.9110042580167175,26.466522288691895,0.13733864511010552
89.95,22.38388173631758,-46.844733229338054,25.597867543859124,32.46174657942443,32.46419437900248,1.917888948928777,26.466473202100175,0.13753814054410896
90.0,23.195545482898776,-46.45588626395736,26.59072768946497,32.46192142225143,32.46423197434835,1.9247792370749295,26.46643498858672,0.1376938182411891
90.05000000000001,24.000349501230097,-46.05303332295065,27.583594525273593,32.812086461686924,32.4642589327954,1.9316729407593627,26.466407559476984,0.13780576292305113
90.10000000000001,24.798052079652233,-45.636295280076375,28.58991259867307,33.13724163819467,32.46426850112868,1.9385678839479112,26.466390841994954,0.1378740736886641
90.15,25.588312595226274,-45.205611733229446,29.60881642993755,33.439172128404245,32.464257077073334,1.9452507323480646,26.466384778990964,0.13789886377097105
90.2,26.370789617417717,-44.76094364381621,30.63949083562041,33.71953533902346,32.463265615389275,1.951521834600733,26.467360433173827,0.13365696800306637
90.25,27.14514148886581,-44.3022725424976,31.681168604974886,33.979801787335305,32.46123577663961,1.9571944862333837,26.469367690567974,0.1254220450533694
90.30000000000001,27.91102688200404,-43.829599754432216,32.73312551567495,34.221332786571324,32.45839180301437,1.9620942249412892,26.47216633944992,0.11345303265301254
90.35000000000001,28.668105353580156,-43.34294568029333,33.79467807727833,34.445408430602974,32.454548260050515,1.966058199644408,26.47593280268204,0.09799477415810998
90.4,29.416037877104227,-42.84234909595129,34.8651821429982,34.65320413270637,32.449899812656994,1.9689345710164545,26.480454873314578,0.07927949406237644
90.45,30.1544873457396,-42.32786646041134,35.9440303693136,34.845825252702845,32.44437934834697,1.9705819303073113,26.485787010022825,0.05752742744093098
90.5,30.88311905571035,-41.79957124821924,37.03065085870443,35.0,32.43821361586721,1.9708687549490165,26.491683517589415,0.03294718581713596
90.55000000000001,31.601601160514186,-41.25755329180391,38.12351855540246,35.0,32.43083129312908,1.9696728826942973,26.49871933458503,0.005736492834103046
90.60000000000001,32.30961466991752,-40.70193033466267,39.2163862521005,35.0,32.4346761567171,1.966896511974646,26.494204068861468,0.023917445094383538
90.65,33.006902000271694,-40.13290451896751,40.30925394879853,35.0,32.441723275675216,1.9625403996388755,26.486338479738585,0.05552741439302622
90.7,33.69320947023824,-39.5506828630081,41.40212164549656,35.0,32.448660817445905,1.9566057333963442,26.478507048531807,0.0871222467154098
90.75,34.36828739308114,-38.95547718587614,42.49498934219459,35.0,32.41664523743261,1.949094131781898,26.470954873885958,0.118693324850625
90.80000000000001,35.03189016750581,-38.34750403040307,43.58785703889262,35.0,32.37195010087871,1.9400076441077374,26.463503490783825,0.15023203228892612
90.85000000000001,35.68377636701172,-37.726984584379224,44.68072473559065,35.0,32.32752421088734,1.9293487504021343,26.456085834640895,0.18172975348321074
90.9,36.323708827726215,-37.094144600083126,45.77359243228869,35.0,32.28338082376018,1.9171203613346748,26.44880472430946,0.21317787411206268
90.95,36.95145473468753,-36.44921431215015,46.866460128986716,35.0,32.239534624288986,1.9033258181276125,26.441716644261405,0.24456778134918977
91.0,37.56678570654559,-35.79242835381043,47.959327825684746,35.0,32.19600203707503,1.887968892453003,26.434720138094853,0.2758908641412461
91.05000000000001,38.169477878649836,-35.12402567152657,49.05219552238278,35.0,32.15279830976912,1.871053786315123,26.427849360334548,0.3071385134921911
91.10000000000001,38.75931198449385,-34.44424943806206,50.14506321908081,35.0,32.109939131595986,1.8525851319176425,26.421166797819087,0.33830212275759663
91.15,39.33607343548706,-33.75334696401221,51.23793091577887,35.0,32.067440996590264,1.8325679915149777,26.41464141179923,0.36937308794961154
91.2,39.8995523990246,-33.0515696078296,52.330798612476926,35.0,32.02533117379685,1.8110078572470414,26.415215641919026,0.4003428080532956
91.25,40.4495438748269,-32.33917268437695,53.42366630917498,35.0,31.9836456629167,1.7879106509569311,26.416128587190038,0.43120268535872697
91.30000000000001,40.98584776952118,-31.61641537204054,54.516534005873034,35.0,31.94240151424283,1.7632827239904216,26.41709661799032,0.461944125802205
91.35000000000001,41.50826896943778,-30.883560618438093,55.60940170257109,35.0,31.90161583235659,1.7371308569767052,26.418120912215734,0.4925585393301901
91.4,42.01661741159481,-30.140875044755315,56.70226939926915,35.0,31.861306146564598,1.7094622595892588,26.419224498638492,0.5230373402743282
91.45,42.51070815284531,-29.38862884874597,57.795137095967206,35.0,31.82149006117304,1.6802845702859202,26.42040481298107,0.5533719477489285
91.5,42.99036143716173,-28.627095706430765,58.888004792665264,35.0,31.78218523813376,1.649605856027101,26.421652083497964,0.5835537860667728
91.55000000000001,43.4554027610333,-27.85655267253079,59.98087248936332,35.0,31.743409675686067,1.6174346119710066,26.422971091541854,0.6135742851763837
91.60000000000001,43.905662936952446,-27.077280079671745,61.07374018606138,35.0,31.70518105138122,1.5837797611445694,26.42433853370729,0.6434248811218879
91.65,44.34097815496721,-26.289561436395633,62.166607882759436,35.0,31.6675181761011,1.5486506540888954,26.425786343224893,0.6730970165287431
91.7,44.76119004227724,-25.49368332401702,63.259475579457494,35.0,31.630439600744026,1.512057068477887,26.42731643267139,0.7025821411134814
91.75,45.16614572085167,-24.689935292361373,64.35234327615555,35.0,31.593963031839984,1.4740092087084165,26.42889166757169,0.731871712220169
91.80000000000001,45.55569786304794,-23.87860975442343,65.4452109728536,35.0,31.558108404317508,1.434517705460756,26.430560708932468,0.760957195389409
91.85000000000001,45.92970474521136,-23.060001879983904,66.53807866955167,35.0,31.522892957662137,1.3935936152274948,26.432265083247138,0.7898300649532075
91.9,46.28803029923581,-22.234409488223253,67.63094636624972,35.0,31.48833803708761,1.3512484198092736,26.43408339385004,0.8184818046652254
91.95,46.63054416206692,-21.402132939371544,68.72381406294778,35.0,31.454461774617588,1.307494025775668,26.435979151215196,0.8469039083644248
92.0,46.95712172312971,-20.563475025433878,69.81668175964583,35.0,31.421281687624614,1.262342763889194,26.437905873776153,0.8750878806721119
92.05000000000001,47.267644169663356,-19.718740860031083,70.90954945634388,35.0,31.388818879603537,1.2158073884906102,26.439914863465578,0.9030252377294801
92.10000000000001,47.56199852994669,-18.868237767395797,72.00241715304195,35.0,31.357093624437947,1.1679010768434068,26.442024304107726,0.9307075079716753
92.15,47.84007771439864,-18.012275170564287,73.09528484974,35.0,31.32612250930733,1.1186374284353136,26.444164908330656,0.9581262329440676
92.2,48.10178055453865,-17.151164478804713,74.18815254643806,35.0,31.295929290835037,1.0680304642347167,26.44643104113584,0.9852729681618655
92.25,48.34701183979301,-16.285218974322767,75.28102024313611,35.0,31.253399234702087,1.0160946258994628,26.188078699232427,1.012139284011937
92.30000000000001,48.57568235213357,-15.414753698285917,76.37388793983418,35.0,31.19494106659894,0.9628447749357889,25.651709673139624,1.038716766705079
92.35000000000001,48.78770889853627,-14.540085336207728,77.46675563653223,35.0,31.135975331173423,0.9082961918047161,25.158368025430036,1.064997019273477
92.4,48.9830143412478,-13.661532102733936,78.55962333323029,35.0,31.076378684165185,0.8524645749733324,24.700512641954756,1.090971662621456
92.45,49.16152762584918,-12.779413625872225,79.65249102992834,35.0,31.016004946687627,0.7953660399082167,24.271731883292325,1.1166323366276742
92.5,49.32318380710622,-11.894050830707783,80.74535872662639,35.0,30.954691231785436,0.7370171180080831,23.866637277269373,1.1419707013023128
92.55000000000001,49.467924072597334,-11.005765822646993,81.83822642332446,35.0,30.892255823398475,0.6774347554727669,23.480659629050436,1.1669784380026726
92.60000000000001,49.595695764110225,-10.114881770231676,82.93109412002251,35.0,30.828488918582625,0.6166363121053919,23.109811156134814,1.1916472507063247
92.65,49.706452396799534,-9.221722787566593,84.02396181672057,35.0,30.763129667491175,0.5546395600445635,22.750369674219776,1.2159688673474989
92.7,49.80015367609858,-8.326613816402903,85.11682951341862,35.0,30.708562056267585,0.49146268242331814,22.52741479322627,1.2399350412165688
92.75,49.876765512379016,-7.429880507920531,86.20969721011669,35.0,30.67550580213241,0.42712427195128555,22.52431669506351,1.263537552424907
92.80000000000001,49.93626003335301,-6.531849104252444,87.30256490681474,35.0,30.643403071541613,0.3616433294166086,22.52119888097497,1.2867682094406518
92.85000000000001,49.97861559421353,-5.632846319793914,88.3954326035128,35.0,30.61225768125719,0.2950392621039697,22.5178844963277,1.3096188506935391
92.9,50.003816785508974,-4.733199222339978,89.48830030021085,35.0,30.58212318223841,0.22733188212478694,22.51465897980127,1.332081346252778
92.95,50.0118544387493,-3.8332351140943284,90.5811679969089,35.0,30.553005906536086,0.15854140465583555,22.511368849973174,1.354147599583655
93.0,50.00272562974166,-2.933281412592911,91.67403569360697,35.0,30.52489852298042,0.0886884460821804,22.507768135258402,1.3758095493790279
93.05000000000001,49.97643367965422,-2.0336655315855783,92.76690339030502,35.0,30.4978828188264,0.017794022040156676,22.504354324157056,1.3970591714731029
93.10000000000001,49.932988153807905,-1.1347147619191094,93.85977108700308,35.0,30.471838553380508,-0.05412045464372994,22.5,1.4178884808404746
93.15,49.872404858196404,-0.23675615246494874,94.95263878370113,35.0,30.89519772537423,-0.12703317612253784,26.497703262789113,0.7265286520714653
93.2,49.79470583373578,0.6598836088650227,96.0455064803992,35.0,30.425167274777216,-0.20092194181172118,22.506440337646612,1.458254429576158
93.25,49.69991934824573,1.5548783139713955,97.13837417709725,35.0,30.403685517640742,-0.2757641607898762,22.510004966582102,1.4777753137836669
93.30000000000001,49.58807988616538,2.4479023532455786,98.23124187379531,35.0,30.383466600928557,-0.35153685432202053,22.51375709862615,1.4968443795631003
93.35000000000001,49.45922813600749,3.3386308340304067,99.32410957049336,35.0,30.36450510506761,-0.4282166585105216,22.517498278758925,1.5154538706428866
93.4,49.31341097555546,4.226739698819914,100.41697726719143,35.0,30.346824972622546,-0.5057798270786549,22.521245548450388,1.5335960837700213
93.45,49.15068145480867,5.111905843155269,101.50984496388948,35.0,30.33045095085547,-0.5842022342919364,22.52502168174189,1.5512633713626656
93.5,48.971098776682226,5.99380723317398,102.60271266058753,35.0,30.315405544767355,-0.6634593780227007,22.528835515279066,1.5684481442656306
93.55000000000001,48.77472827546828,6.872123022769603,103.69558035728559,35.0,30.301710037909768,-0.7435263829631751,22.532689990229603,1.5851428746152862
93.60000000000001,48.56164139306662,7.746533670319336,104.78844805398364,35.0,30.289384868997434,-0.8243780039927415,22.53658524063559,1.6013400988094872
93.65,48.331915652993295,8.61672105493702,105.88131575068171,35.0,30.27844978343489,-0.9059886297050141,22.5405199536821,1.617032420591329
93.7,48.085634632176614,9.48236859220926,106.97418344737976,35.0,30.26891301939678,-0.9883322861004871,22.54442925599546,1.6322125142454524
93.75,47.82288793055089,10.343161349372565,108.06705114407782,35.0,30.26080314892501,-1.071382640450743,22.54837137806922,1.6468731279094584
93.80000000000001,47.54377113845894,11.198786159889591,109.15991884077587,35.0,30.254139200815057,-1.1551130053400982,22.55234998481296,1.6610070870051175
93.85000000000001,47.24838580187517,12.04893173738282,110.25278653747394,35.0,30.248930776684738,-1.2394963428908952,22.556320235545883,1.6746072977871052
93.9,46.93683938546198,12.893288788884195,111.34565423417199,35.0,30.245196883048852,-1.3245052691786015,22.56029400899086,1.6876667510159393
93.95,46.60924523347283,13.731550127359561,112.43852193087004,35.0,30.24291091719027,-1.4101120588429623,22.564046323104034,1.7001785257541258
94.0,46.26572252851629,14.563410783466907,113.5313896275681,35.0,30.241993681738354,-1.4962886499016435,22.56710020250604,1.7121357932872172
94.05000000000001,45.90639624819599,15.388568116507809,114.62425732426615,35.0,30.24248799312709,-1.583006648772752,22.569632485199644,1.7235318211736228
94.10000000000001,45.531397119642286,16.20672192453168,115.71712502096422,35.0,30.24441294035167,-1.670237335512752,22.57169288949747,1.734359977422173
94.15,45.14086157195222,17.017574553552777,116.80999271766227,35.0,30.247800593503435,-1.7579516692763164,22.57339457363082,1.744613734799998
94.2,44.734931686554994,17.82083100584021,117.90286041436033,35.0,30.25266170071785,-1.846120294004784,22.574743875794194,1.7542866752712882
94.25,44.31375514552106,18.6161990472416,118.99572811105838,35.0,30.259025469136734,-1.9347135443497763,22.575837738429062,1.763372494569353
94.30000000000001,43.877485177833655,19.403389313501314,120.08859580775645,35.0,30.267578302899924,-2.0237014518386474,22.57984511111205,1.7718650068998443
94.35000000000001,43.42628050364232,20.18211541553456,121.1814635044545,35.0,30.28601591700566,-2.1130537512885184,22.62216412944461,1.7797581497774217
94.4,42.960305276518596,20.95209404361913,122.27433120115255,35.0,30.305804189835193,-2.2027398874754383,22.66241237819575,1.78704598899742
94.45,42.47972902373505,21.7130450704668,123.36719889785061,35.0,30.326975656538398,-2.2927290220654086,22.700792581490823,1.793722723738398
94.5,41.98472658458924,22.464691653136942,124.46006659454866,35.0,30.349542181261075,-2.38299004081383,22.73740903934752,1.7997826917994075
94.55000000000001,41.47547804679515,23.20676033375524,125.55293429124673,35.0,30.37353185070812,-2.4734915610399355,22.77243694900807,1.8052203749684281
94.60000000000001,40.95216868096514,23.938981139000887,126.64580198794478,35.0,30.398957784349385,-2.56420193938272,22.805981760637025,1.8100304045221094
94.65,40.41498887320628,24.66108767832605,127.73866968464284,35.0,30.42583122374674,-2.655089279844738,22.838139893595017,1.8142075668556856
94.7,39.86413405585574,25.3728172408719,128.8315373813409,35.0,30.454170843567375,-2.7461214421300255,22.869039791329314,1.8177468092403615
94.75,39.29980463638011,26.073910891045895,129.92440507803894,35.0,30.483987592420135,-2.8372660502823948,22.898775621270747,1.820643245705753
94.80000000000001,38.72220592446484,26.764113562725612,131.01727277473702,35.0,30.515288530060523,-2.928490501630044,22.92742534392493,1.8228921630473849
94.85000000000001,38.131548057320174,27.44317415205481,132.11014047143507,35.0,30.54808769388869,-3.0197619760422327,22.955097637271056,1.824489026952989
94.9,37.52804592323074,28.110845608797945,133.20300816813312,35.0,30.576289045217095,-3.111047445503857,22.95623946054603,1.8254294882437705
94.95,36.911919083376674,28.766885026219978,134.29587586483117,35.0,30.605668421543943,-3.202313684013113,22.955609432622957,1.825709389232486
95.0,36.28339169195466,29.41105372945869,135.38874356152922,35.0,30.637004430971064,-3.29352727780752,22.95647519275314,1.8253247701851194
95.05000000000001,35.64269241462803,30.04311736235741,136.4816112582273,35.0,30.670304927582713,-3.3846546359231198,22.958846066723154,1.8242718758881438
95.10000000000001,34.99005434533546,30.662845972726547,137.57447895492535,35.0,30.70557968075591,-3.4756620010915,22.9627469643215,1.8225471623119915
95.15,34.325714921488675,31.2700140960029,138.6673466516234,35.0,30.742831988371726,-3.5665154609786995,22.968184372175987,1.8201473033676052
95.2,33.64991583758994,31.864400837276314,139.76021434832145,35.0,30.782058125483776,-3.657180959770031,22.975145139929527,1.8170691977439901
95.25,32.96290295730072,32.445789951653865,140.85308204501953,35.0,30.823269962393155,-3.7476243101041646,22.98368678142711,1.813309975826627
95.30000000000001,32.26492622399361,33.013969922932276,141.94594974171758,35.0,30.86645901881987,-3.837811205359557,22.993794120727188,1.808867006682675
95.35000000000001,31.556239569819994,33.56873404055003,143.03881743841563,35.0,30.91162807869841,-3.927707232295731,23.005505303250487,1.8037379051078517
95.4,30.837100823326516,34.10988047479106,144.13168513511368,35.0,30.958771994546137,-4.0172778840515235,23.01883586808675,1.7979205387234742
95.45,30.107771615654045,34.63721235021284,145.22455283181174,35.0,31.007883465444063,-4.106488573501807,23.033801931082056,1.791413035115852
95.5,29.36851728535318,35.15053781727192,146.3174205285098,35.0,31.058957539563938,-4.195304646973668,23.05043768219591,1.784213789005662
95.55000000000001,28.619606781850962,35.649670122121094,147.41028822520786,35.0,31.11198697919133,-4.283691398322382,23.068777434287714,1.776321469437221
95.60000000000001,27.86131256760389,36.13442767455263,148.50315592190591,35.0,31.16696035744813,-4.371614083366943,23.088848584852855,1.767735026974293
95.65,27.0939105189729,36.60463411406294,149.59602361860397,35.0,31.22386862846936,-4.459037934684218,23.110696980243965,1.7584537008912093
95.7,26.31767982585628,37.06011837401458,150.68889131530204,35.0,31.282694910926118,-4.54592817676005,23.134348023448172,1.7484770263455118
95.75,25.532902890117104,37.50071474387233,151.7817590120001,35.0,31.343423909498924,-4.632250041494963,23.159842870923427,1.7378048415166347
95.80000000000001,24.739865222842106,37.92626292949063,152.87462670869814,35.0,31.40604395746006,-4.717968784061291,23.187246216114797,1.7264372946982576
95.85000000000001,23.93885534046939,38.336608111430486,153.9674944053962,35.0,31.470539235222414,-4.803049699107824,23.216616908320148,1.7143748513265678
95.9,23.130164659822757,38.731601001284574,155.06036210209425,35.0,31.53689175938755,-4.887458137307071,23.248015788893017,1.7016183009306474
95.95,22.31408739209082,39.11109789599015,156.15322979879232,35.0,31.60507936042705,-4.971159522239624,23.28149826794808,1.6881687639849474
96.0,21.490920435789526,39.47496073010991,157.24609749549037,35.0,31.675090629085684,-5.054119367608827,23.317171287503204,1.6740276986510594
96.05000000000001,20.66096326874698,39.823057126061826,158.33896519218843,35.0,31.74690413996304,-5.136303294778578,23.355114900183075,1.6591969073840573
96.10000000000001,19.824517839149873,40.15526044227964,159.43183288888648,35.0,31.82049649048968,-5.21767705062544,23.39541306250426,1.6436785433950263
96.15,18.981888455691195,40.47144981928659,160.52470058558455,35.0,31.895854249953093,-5.298206525695917,23.438199653488635,1.6274751169372337
96.2,18.13338167685913,40.771510223665494,161.6175682822826,35.0,31.97295581621795,-5.377857772658309,23.483589989885015,1.6105895014095495
96.25,17.27930619940749,41.05533248990927,162.71043597898066,35.0,32.05178059298998,-5.456597025037681,23.53171634120061,1.5930249392478402
96.30000000000001,16.419972746048188,41.322813360136614,163.8033036756787,35.0,32.132319100449905,-5.5343907162214805,23.58276787698685,1.5747850475874259
96.35000000000001,15.555693952406669,41.57385552165846,164.89617137237676,35.0,32.21455248237655,-5.611205498722171,23.636912903238017,1.555873823675995
96.4,14.686784253281377,41.80836764238145,165.98903906907483,35.0,32.298462663324486,-5.687008263682287,23.694338802259402,1.5362956500138125
96.45,13.813559768248686,42.02626440403566,167.08190676577289,35.0,32.3840477426181,-5.761766160606129,23.755314028860184,1.5160552992023213
96.5,12.936338186654869,42.227466533214354,168.17477446247094,35.0,32.47128878497864,-5.835446617301301,23.820059917544633,1.4951579384768365
96.55000000000001,12.055438652036978,42.41190083021462,169.267642159169,35.0,32.56018360990263,-5.908017360012188,23.888885346316574,1.4736091339034374
96.60000000000001,11.171181646014668,42.57950019566825,170.36050985586706,35.0,32.65072158102596,-5.979446433726352,23.962089628924453,1.4514148542177452
96.65,10.283888871695213,42.73020365495331,171.45337755256512,35.0,32.74288975469276,-6.049702222633783,24.039988562275198,1.428581474283277
96.7,9.393883136634123,42.86395638037739,172.54624524926317,35.0,32.83668397803971,-6.118753470717877,24.122962438021855,1.4051157781486268
96.75,8.501488235393964,42.9807097111246,173.63911294596122,35.0,32.93210701211341,-6.186569302455872,24.211453335255214,1.3810249616818737
96.80000000000001,7.607028831744079,43.080421170958914,174.73198064265927,35.0,33.029157023884665,-6.253119243605603,24.30592208441377,1.3563166347599065
96.85000000000001,6.710830340544087,43.16305448367757,175.82484833935735,35.0,33.1278435039223,-6.318373242054214,24.406920006274774,1.3309988229946157
96.9,5.813218809354131,43.22857958630872,176.9177160360554,35.0,33.228173746081,-6.382301688703755,24.515038901772968,1.3050799689722226
96.95,4.914520799814934,43.27697264004875,178.01058373275345,35.0,33.33017345583405,-6.4448754383672835,24.63100832728097,1.2785689329908223
97.0,4.01506326884083,43.308216038935065,179.1034514294515,35.0,33.39560389171641,-6.506065830648673,24.584808982691722,1.2514749932705627
97.05000000000001,3.115173449668994,43.3222984162514,-179.80368087385042,35.0,33.459715638784836,-6.565844710777888,24.531612367043216,1.223807845627789
97.10000000000001,2.215178732808133,43.31921464866313,-178.7108131771524,35.0,33.52457874249938,-6.6241844503733205,24.480752701483407,1.195577602584308
97.15,1.3154065469299696,43.29896585808119,-177.61794548045438,35.0,33.59014236492646,-6.681057968101449,24.43217282343811,1.166794791908643
97.2,0.4161842397468345,43.26155941125394,-176.52507778375633,35.0,33.656337958421005,-6.736438750203789,24.38574429757181,1.1374703545625664
97.25,-0.48216104108128255,43.20700891708705,-175.4322100870583,35.0,33.72311869294292,-6.7903008708602925,24.34144034127021,1.1076156420467953
97.30000000000001,-1.3793024669669034,43.13533422169241,-174.3393423903603,35.0,33.79041193978002,-6.842619012357929,24.29912614807199,1.0772424131300795
97.35000000000001,-2.2749136472991487,43.04656140116787,-173.24647469366224,35.0,33.858163101220796,-6.893368485032568,24.258751017911166,1.0463628299527272
97.4,-3.1686687481884834,42.940722752110474,-172.1536069969642,35.0,33.92631923982511,-6.942525246952016,24.220275848513843,1.014989453492774
97.45,-4.060242611008921,42.81785677986656,-171.0607393002662,35.0,33.99481501725345,-6.990065923307704,24.183610620156003,0.983135238388968
97.5,-4.949310870694561,42.678008184523065,-169.96787160356814,35.0,34.06359129385168,-7.035967825482288,24.14869568235617,0.9508135271137519
97.55000000000001,-5.835550073747416,42.521227844645125,-168.87500390687012,35.0,34.132590747900835,-7.080208969760378,24.115482012882122,0.9180380434916913
97.60000000000001,-6.7186377959136,42.34757279876583,-167.7821362101721,35.0,34.20175801721506,-7.122768095649519,24.083931443547847,0.884822885561789
97.65,-7.598252759485073,42.157106224634944,-166.68926851347405,35.0,34.271036208165135,-7.163624683778657,24.0540007167261,0.8511825177828314
97.7,-8.474074950184244,41.94989741623409,-165.59640081677603,35.0,34.34036540689464,-7.202758973341474,24.02563419699827,0.8171317625827612
97.75,-9.345785733588944,41.72602175856679,-164.503533120078,35.0,34.40969179928127,-7.240151979052314,23.99880421196084,0.7826857912563412
97.80000000000001,-10.213067971055366,41.485560700232526,-163.41066542337995,35.0,34.47453117238274,-7.275785507582768,23.95340972633781,0.7478601142167918
97.85000000000001,-11.07560613509685,41.22860172379475,-162.31779772668193,35.0,34.53774297627347,-7.309642173447564,23.902431984228308,0.7126705706090775
97.9,-11.933086424176482,40.955238313953735,-161.2249300299839,35.0,34.5995793113153,-7.3417054143088265,23.847146494200622,0.677133317295926
97.95,-12.785196876871801,40.66556992353569,-160.13206233328586,35.0,34.65986158165608,-7.3719595056687695,23.78687567319193,0.6412648172252489
98.0,-13.631627485370029,40.35970193731072,-159.03919463658784,35.0,34.718386142521595,-7.400389574921483,23.72082031178123,0.605081827198859
98.05000000000001,-14.47207030825256,40.037745633652534,-157.94632693988981,35.0,34.774917925307555,-7.426981614735517,23.648032609706707,0.5686013850542793
98.10000000000001,-15.306219582527682,39.69981814405411,-156.85345924319176,35.0,34.829202744358525,-7.451722495739951,23.56747642510131,0.5318407962806759
98.15,-16.133771834870743,39.34604241051388,-155.76059154649374,35.0,34.880917729324864,-7.474599978487852,23.47780794196259,0.4948176200886678
98.2,-16.95442599203132,38.97654714080795,-154.66772384979572,35.0,34.92967980683561,-7.495602724672217,23.377426007328296,0.45754965495802935
98.25,-17.767883490367225,38.59146676166473,-153.57485615309767,35.0,34.9750419219265,-7.514720307570791,23.26447383911431,0.420054923687303
98.30000000000001,-18.57384838446545,38.19094136985887,-152.48198845639965,35.0,35.0,-7.531943221697709,23.13646852292043,0.3823516579714692
98.35000000000001,-19.37202745481061,37.77511668124246,-151.38912075970163,35.0,35.0,-7.547262891641267,22.990506474994984,0.3444582825383691
98.4,-20.162130314461642,37.34414397773183,-150.29625306300358,35.0,35.0,-7.560671680068992,22.82271315671219,0.30639339887116535
98.45,-20.943869514698,36.89818005226945,-149.20338536630555,35.0,35.0,-7.572162894882425,22.628159078787622,0.2681757685544994
98.5,-21.71696064959689,36.43738715178079,-148.11051766960753,35.0,35.0,-7.581730795506289,22.556054164257752,0.22982429626864587
98.55000000000001,-22.48112245950346,35.961932918146985,-147.0176499729095,35.0,35.0,-7.589370598298181,22.546856998737802,0.19135801247728068
98.60000000000001,-23.236076933356422,35.47199032721474,-145.92478227621146,35.0,35.0,-7.595078481066913,22.537568429970683,0.15279605583785383
98.65,-23.981549409831707,34.967737625865695,-144.83191457951344,35.0,35.0,-7.598851586689506,22.528214142738754,0.1141576553746404
98.7,-24.71726867726751,34.4493582671681,-143.73904688281542,35.0,35.0,-7.600688025818947,22.51872274360164,0.07546211245184509
98.75,-25.44296707233427,33.917040843634425,-142.64617918611737,35.0,35.0,-7.600586878676594,22.509075771200294,0.03672878258882406
98.80000000000001,-26.15838057741376,33.3709790186092,-141.55331148941934,35.0,35.0,-7.598548195925261,22.499999999999996,0.0020229428470486255
98.85000000000001,-26.86324891665178,32.81137145581199,-140.46044379272132,35.0,35.0,-7.594572998621196,22.510147503337986,0.040773655026669076
98.9,-27.557315650649606,32.23842174706122,-139.36757609602327,35.0,35.0,-7.5886632772447555,22.51971319510618,0.07950394608130296
98.95,-28.240328269759626,31.652338338205045,-138.27470839932525,35.0,35.0,-7.580821989812328,22.529179493842154,0.11819442752880605
99.0,-28.912038285951354,31.053334453286332,-137.18184070262723,35.0,35.0,-7.571053059073257,22.53854562941288,0.1568257486485436
99.05000000000001,-29.57220132321428,30.441628016969215,-136.08897300592918,35.0,35.0,-7.559361368798399,22.547834970071143,0.1953786147814185
99.10000000000001,-30.220577206464753,29.817441575255547,-134.99610530923115,35.0,35.0,-7.545752759168195,22.556989965686427,0.23383380549717003
99.15,-30.85693004892449,29.181002214520046,-133.90323761253313,35.0,35.0,-7.53023402127058,22.65733125330589,0.2721721926040743
99.2,-31.481028337938973,28.532541478893595,-132.81036991583508,35.0,35.0,-7.512812890720802,22.85005810723146,0.31037475795230307
99.25,-32.092645019204475,27.872295286024773,-131.71750221913706,35.0,35.0,-7.493498040417059,23.016569737006623,0.3484226109955557
99.30000000000001,-32.69155757937308,27.200503841250217,-130.62463452243904,35.0,35.0,-7.47229907244769,23.161714808398976,0.3862970060748694
99.35000000000001,-33.27754812700568,26.517411550205114,-129.531766825741,35.0,35.0,-7.449226509167538,23.289179595613597,0.4239793593873742
99.4,-33.85040347184342,25.823266929905543,-128.43889912904297,35.0,35.0,-7.424291783462458,23.401914844115165,0.4614512656030456
99.45,-34.409915202368836,25.11832251833506,-127.34603143234493,35.0,35.0,-7.397507228222992,23.50225462576002,0.4986945141016008
99.5,-34.95587976162842,24.40283478256841,-126.25316373564691,35.0,35.0,-7.368886065049232,23.592073148418105,0.535691104789322
99.55000000000001,-35.488098521289025,23.677064025465782,-125.16029603894887,35.0,35.0,-7.338442392210737,23.672950412732725,0.5724232634752013
99.60000000000001,-36.00637785390121,22.94127429097157,-124.06742834225084,35.0,35.0,-7.306191171886518,23.746164211780876,0.608873456769885
99.65,-36.510529203343175,22.195733268052074,-122.97456064555281,35.0,35.0,-7.272148216711287,23.812790855416228,0.6450244064843957
99.7,-37.00036915341968,21.440712193307107,-121.88169294885478,35.0,35.0,-7.236330175655425,23.87373494233195,0.6808591035046163
99.75,-37.47571949459105,20.67648575229092,-120.78882525215674,35.0,35.0,-7.1987545192670765,23.929794237107764,0.7163608211172345
99.80000000000001,-37.93640728880786,19.90333197957837,-119.69595755545872,35.0,35.0,-7.1594395243056965,23.98165838749634,0.7515131277669695
99.85000000000001,-38.38226493242788,19.12153215761267,-118.60308985876068,35.0,35.0,-7.11840425779728,24.028520620812778,0.7862998992276005
99.9,-38.81313021719223,18.33137071437152,-117.51022216206265,35.0,35.0,-7.075668560542049,24.057049654027747,0.8207053301683231
99.95,-39.22884638923865,17.53313511988887,-116.41735446536462,35.0,35.0,-7.031253030106143,24.087155388892793,0.8547139451046348
100.0,-39.6292622061304,16.72711578166992,-115.32448676866659,35.0,35.0,-6.985179003329257,24.118874433384686,0.8883106087181147
100.05000000000001,-40.01423199188005,15.913605939037474,-114.23161907196855,35.0,35.0,-6.937468538380543,24.15226016676445,0.9214805355377109
100.10000000000001,-40.383615689948115,15.092901556448005,-113.13875137527053,35.0,35.0,-6.88814439639539,24.187355541344076,0.9542092989742912
100.15,-40.73727891419727,14.265301215816313,-112.0458836785725,35.0,35.0,-6.837230022725933,24.224202510976983,0.9864828397030578
100.2,-41.0750929977836,13.4311060078879,-110.95301598187446,35.0,35.0,-6.784749527838052,24.262874247758944,1.0182874733891367
100.25,-41.396935039967126,12.590619422698621,-109.86014828517644,35.0,35.0,-6.730727667887763,24.303451899965197,1.0496098977576196
100.30000000000001,-41.70268795082455,11.744147239161434,-108.7672805884784,35.0,35.0,-6.6751898250096176,24.345968138468336,1.080437199005786
100.35000000000001,-41.99224049384791,10.891997413820429,-107.67441289178036,35.0,35.0,-6.618161987349694,24.390497880786146,1.1107568575629045
100.4,-42.26548732641377,10.034479968812617,-106.58154519508234,35.0,35.0,-6.559670728875169,24.437144319515525,1.1405567531984673
100.45,-42.52232903810809,9.171906879078227,-105.4886774983843,35.0,35.0,-6.499743188992404,24.48594694292915,1.1698251694905082
100.5,-42.7626721868929,8.304591958860545,-104.39580980168627,35.0,35.0,-6.438407052004692,24.53705882156789,1.1985507976552867
100.55000000000001,-42.98642933310162,7.432850747536606,-103.30294210498825,35.0,35.0,-6.375690526440479,24.59049533218301,1.2267227397542513
100.60000000000001,-43.19351907125065,6.557000394820249,-102.21007440829021,35.0,35.0,-6.311622324282098,24.64643509065963,1.2543305112842518
100.65,-43.38386605965561,5.6773595453793195,-101.11720671159217,35.0,35.0,-6.246231640124442,24.618512862673214,1.2813640431676276
100.7,-43.55740104784158,4.794248222908989,-100.02433901489415,35.0,35.0,-6.179548130292211,24.50340951997429,1.307813683153114
100.75,-43.71406090173719,3.9079877137033683,-98.93147131819612,35.0,35.0,-6.111601891943643,24.396051984865075,1.3336701966446185
100.80000000000001,-43.85378862664358,3.0189004497677714,-97.83860362149808,35.0,35.0,-6.042423442187562,24.29576202481423,1.35892476697137
100.85000000000001,-43.976533387969695,2.1273098915141553,-96.74573592480006,35.0,35.0,-5.972043697239961,24.201930158653585,1.3835689951216068
100.9,-44.082250529726565,1.233540410082417,-95.65286822810202,35.0,35.0,-5.900493951645167,24.11403937426806,1.407594898952027
100.95,-44.170901590773624,0.33791716933035243,-94.56000053140399,35.0,35.0,-5.827805857585744,24.03161549337654,1.4309949118958798
101.0,-44.24245431881137,-0.5592339924647803,-93.46713283470596,35.0,35.0,-5.754011404304244,23.95423056810197,1.4537618811884556
101.05000000000001,-44.296882682115104,-1.4575866811500635,-92.37426513800793,35.0,35.0,-5.679142897658949,23.88150719366188,1.4758890656300139
101.10000000000001,-44.33416687900558,-2.3568140654429532,-91.2813974413099,35.0,35.0,-5.603232939834626,23.81311703818167,1.4973701329058997
101.15,-44.35429334505311,-3.2565889958363474,-90.18852974461187,35.0,35.0,-5.526314409228185,23.748777373187636,1.518199156486446
101.2,-44.35725475801243,-4.156584123619428,-89.09566204791383,35.0,35.0,-5.4484204405282455,23.688193360478394,1.5383706121288299
101.25,-44.34305004048666,-5.056472019970975,-88.00279435121581,35.0,35.0,-5.369584405006343,23.631111362850525,1.5578793739987873
101.30000000000001,-44.31168436031923,-5.955925295081825,-86.90992665451778,35.0,35.0,-5.289839891036458,23.577293970202874,1.5767207104380532
101.35000000000001,-44.263169128713784,-6.854616717263138,-85.81705895781974,35.0,35.0,-5.209220684858536,23.526562719097,1.5948902793977027
101.4,-44.19752199608265,-7.752219331997136,-84.72419126112172,35.0,35.0,-5.127760751600555,23.478724564961645,1.612384123558428
101.45,-44.114766845625404,-8.64840658088701,-83.63132356442368,35.0,35.0,-5.0454942165724574,23.433614875224865,1.6291986651596346
101.5,-44.01493378463989,-9.5428524204627,-82.53845586772565,35.0,35.0,-4.962455346844621,23.391089065073437,1.6453307005619422
101.55000000000001,-43.8980591335688,-10.435231440799356,-81.44558817102762,35.0,35.0,-4.878678533121942,23.351045793116437,1.6607773945567317
101.60000000000001,-43.76418541278593,-11.325218983905296,-80.35272047432959,35.0,35.0,-4.79419827192406,23.31334615453666,1.6755362744535773
101.65,-43.6133613271267,-12.212491261836403,-79.25985277763155,35.0,35.0,-4.709049148081014,23.27791266746314,1.689605223957642
101.7,-43.4456417481688,-13.096725474493992,-78.16698508093353,35.0,35.0,-4.623265817552628,23.244635073241994,1.7029824768609103
101.75,-43.26108769426928,-13.977599927063284,-77.07411738423549,35.0,35.0,-4.536882990579095,23.213459584901717,1.7156666105677232
101.80000000000001,-43.0597663083653,-14.85479414704977,-75.98124968753746,35.0,35.0,-4.449935415169222,23.184291128056657,1.7276565394706722
101.85000000000001,-42.841750833546776,-15.72798900087087,-74.88838199083943,35.0,35.0,-4.362457860931855,23.15709741814347,1.7389515081974594
101.9,-42.60712058640969,-16.5968668099605,-73.7955142941414,35.0,35.0,-4.274485103255259,23.13179415103631,1.7495510847473383
101.95,-42.35596092819976,-17.46111146634425,-72.70264659744336,35.0,35.0,-4.1860519078383405,23.10833357776176,1.759455153531917
102.0,-42.08836323375699,-18.32040854764321,-71.60977890074534,35.0,35.0,-4.097193015576643,23.086675712667425,1.7686639083383682
102.05000000000001,-41.804424858272505,-19.17444543146453,-70.5169112040473,35.0,35.0,-4.007943127805611,23.066786671903806,1.7771778452339504
102.10000000000001,-41.50424910186949,-20.022911409137105,-69.42404350734927,35.0,35.0,-3.9183368919025767,23.0486255992037,1.7849977554206475
102.15,-41.187945172021465,-20.865497798751072,-68.33117581065125,35.0,35.0,-3.828408887248294,23.03215717923401,1.792124718060677
102.2,-40.855628143821285,-21.701898057459903,-67.23830811395321,35.0,35.0,-3.7381936115483754,23.01736849748331,1.798560093085655
102.25,-40.50741891811547,-22.531807893004316,-66.14544041725517,35.0,35.0,-3.647725467513993,23.004206734164047,1.8043055139983721
102.30000000000001,-40.14344417751906,-23.354925374417377,-65.05257272055715,35.0,35.0,-3.5570387499010394,22.99266777802169,1.8093628806876438
102.35000000000001,-39.76383634032699,-24.170951041870527,-63.959705023859115,35.0,35.0,-3.466167632905936,22.982720530704217,1.8137343522590754
102.4,-39.36873351233874,-24.97958801562061,-62.866837327161086,35.0,35.0,-3.3751461579161557,22.974346125602434,1.8174223399020661
102.45,-38.95827943661385,-25.780542104018206,-61.77396963046306,35.0,35.0,-3.2840082216127513,22.967544648896325,1.8204294997956083
102.5,-38.53262344117647,-26.573521910538027,-60.68110193376502,35.0,35.0,-3.192787564421799,22.96226793913689,1.8227587260680878
102.55000000000001,-38.09192038468808,-27.35823893979239,-59.58823423706699,35.0,35.0,-3.1015177593113563,22.95852789118717,1.8244131438190436
102.60000000000001,-37.636330600108096,-28.13440770248924,-58.49536654036896,35.0,35.0,-3.01023220092997,22.95631461494367,1.825396102208856
102.65,-37.166019836362835,-28.90174581929653,-57.40249884367093,35.0,35.0,-2.9189640950824014,22.955605429924134,1.8257111676277304
102.7,-36.68115919804413,-29.65997412357511,-56.3096311469729,35.0,35.0,-2.8277464485381785,22.950772174239834,1.8253621169513679
102.75,-36.18192508315943,-30.40881676294288,-55.21676345027487,35.0,35.0,-2.7366120591678538,22.92204026457316,1.8243529308844586
102.80000000000001,-35.66849911895615,-31.148001299633098,-54.12389575357683,35.0,35.0,-2.6455935064019585,22.892309629654214,1.822687787406494
102.85000000000001,-35.14106809584354,-31.877258809610467,-53.0310280568788,35.0,35.0,-2.554723142007056,22.861500327409754,1.8203710553179064
102.9,-34.599823899436146,-32.596323980408854,-51.938160360180774,35.0,35.0,-2.4640330811734685,22.829499152072017,1.8174072878980496
102.95,-34.04496344074353,-33.30493520765509,-50.84529266348274,35.0,35.0,-2.3735551939086363,22.796220567211133,1.8138012166717488
103.0,-33.476688584531765,-34.00283469024374,-49.75242496678471,35.0,35.0,-2.2833210967301056,22.76155581811194,1.8095577452966438
103.05000000000001,-32.89520607588263,-34.689768524128134,-48.65955727008668,35.0,35.0,-2.1933621446521627,22.725372089770932,1.804681943570614
103.10000000000001,-32.30072746497734,-35.365486794693695,-47.56668957338865,35.0,35.0,-2.10370942345957,22.687559498359043,1.7991790415588582
103.15,-31.693469030132075,-36.029743667679796,-46.473821876690614,35.0,35.0,-2.014393742262115,22.6479865548878,1.7930544238518564
103.2,-31.07365169911339,-36.68229747861716,-45.380954179992585,35.0,35.0,-1.9254456263235298,22.60648329409684,1.7863136239490984
103.25,-30.44150096876211,-37.322910820748234,-44.288086483294556,35.0,35.0,-1.8368953101581056,22.57661177945053,1.778962318771704
103.30000000000001,-29.797246822954904,-37.95135063139857,-43.19521878659652,35.0,35.0,-1.7487727308884615,22.57572861785311,1.7710063233084838
103.35000000000001,-29.141123648933455,-38.56738827676776,-42.10235108989849,35.0,35.0,-1.661107521857808,22.57463200227924,1.7624515853928813
103.4,-28.473370152031617,-39.17079963510912,-41.00948339320046,35.0,35.0,-1.5739290064900118,22.57321812498177,1.7533041806130711
103.45,-27.794229268831607,-39.7613651782678,-39.916615696502426,35.0,35.0,-1.4872661923908623,22.57151414489671,1.7435703073559239
103.5,-27.103948078780817,-40.33887005154773,-38.8237479998044,35.0,35.0,-1.4011477656838025,22.569382997719565,1.7332562819829889
103.55000000000001,-26.402777714301408,-40.90310415187827,-37.73088030310637,35.0,35.0,-1.3156020855735306,22.566816538363753,1.7223685341411965
103.60000000000001,-25.690973269425363,-41.45386220425218,-36.63801260640833,35.0,35.0,-1.2306571791309011,22.563670086053,1.7109136022054372
103.65,-24.968793706988293,-41.99094383640711,-35.5451449097103,35.0,35.0,-1.146340736292487,22.55989950837483,1.6988981288525906
103.7,-24.236501764415703,-42.514153651723355,-34.45227721301227,35.0,35.0,-1.0626801050684023,22.555910465614968,1.6863288567682844
103.75,-23.494363858136015,-43.023301300311466,-33.35940951631424,35.0,35.0,-0.9797022869518841,22.55191026621507,1.6732126244816925
103.80000000000001,-22.742649986655152,-43.51820154826377,-32.26654181961621,35.0,35.0,-0.8974339325243363,22.547948353822996,1.6595563623303633
103.85000000000001,-21.981633632327892,-43.99867434504465,-31.17367412291818,35.0,35.0,-0.8159013372494641,22.54401996417526,1.6453670885509553
103.9,-21.211591661861767,-44.46454488899506,-30.080806426220146,35.0,35.0,-0.7351304374504579,22.540080087627725,1.6306519054974444
103.95,-20.432804225589706,-44.91564369092739,-28.987938729522114,35.0,35.0,-0.655146806463982,22.536175653129355,1.615417995980124
104.0,-19.645554655548032,-45.35180663578768,-27.895071032824085,35.0,35.0,-0.5759756509650416,22.53230730439781,1.5996726197295175
104.05000000000001,-18.85012936239695,-45.772875042362564,-26.802203336126052,35.0,35.0,-0.49764180745691533,22.528474095720057,1.5834231099788099
104.10000000000001,-18.04681773122096,-46.17869572100939,-25.70933563942802,35.0,35.0,-0.42016973892022236,22.524626131833703,1.5666768701625244
104.15,-17.235912016247166,-46.5691210293884,-24.61646794272999,35.0,35.0,-0.3435835316155931,22.52078398643702,1.5494413707338595
104.2,-16.41770723451975,-46.94400892617675,-23.523600246031958,35.0,35.0,-0.2679068920343468,22.517032277259577,1.5317241460925857
104.25,-15.592501058569292,-47.30322302274483,-22.43073254933393,35.0,35.0,-0.19316314399175383,22.51331650640502,1.5135327916249253
104.30000000000001,-14.760593708116005,-47.64663263277605,-21.337864852635896,35.0,35.0,-0.11937522585755289,22.50960811013868,1.4948749608518597
104.35000000000001,-13.922287840846264,-47.974112819812035,-20.244997155937863,35.0,35.0,-0.0465656879186227,22.50579806724554,1.4757583626840187
104.4,-13.077888442302179,-48.285544442706026,-19.152129459239834,35.0,35.0,0.025243310131330077,22.502480545155986,1.4561907587786038
104.45,-12.22770271492426,-48.580814198967786,-18.0592617625418,35.0,32.43146047705606,0.09603000157992625,26.49990388753813,0.42644755574585247
104.5,-11.37203996628756,-48.8598146659844,-16.96639406584377,34.81653289121829,35.0,0.16577301496694474,22.504783829986025,1.4157338289719235
104.55000000000001,-10.511211496571937,-49.12244434010189,-15.880957863904575,34.829637684702696,35.0,0.2344513762425251,22.50820926456901,1.3948602677403699
104.60000000000001,-9.645562420970801,-49.3687199538173,-14.794991940537713,34.84180642150965,35.0,0.30216083127326243,22.511627252227203,1.3735672255116071
104.65,-8.775401279548987,-49.598545078552355,-13.708533982000036,34.85310596283039,35.0,0.368872744248506,22.515014164761077,1.3541891006147466
104.7,-7.901038829753181,-49.811829645239854,-12.621619003374638,34.863598394056794,35.0,0.43455945277666075,22.518308245544752,1.3342382595048718
104.75,-7.022787885906008,-50.00848996058474,-11.534279536536566,34.87334136590987,35.0,0.4991942294957141,22.52151200397222,1.3137341705630945
104.80000000000001,-6.140963161582535,-50.18844872133795,-10.446545805078783,34.88238841120203,35.0,0.5627512464094693,22.524702705229803,1.2926955343810675
104.85000000000001,-5.25588111466889,-50.35163502661861,-9.358445887077323,34.89078923897331,34.97657146238999,0.6252055417589304,22.52777626703452,1.271140338275103
104.9,-4.367859794918346,-50.497984388313505,-8.270005866518805,34.89691654064593,34.931355521092456,0.6865329892508854,22.53736935943833,1.2490859069892224
104.95,-3.477218693834981,-50.62743873957684,-7.181317741899902,34.89937646782068,34.858021358861215,0.7467102694781715,22.849610106709864,1.2265489498390991
105.0,-2.584278729800378,-50.73994749759097,-6.092530000556197,34.896422531466435,34.784550099268735,0.8057159049214349,23.168349815204913,1.2035456045457238
105.05000000000001,-1.6893621188220085,-50.835468486881226,-5.003861880515973,34.888431643452314,34.710921716262405,0.863531146089386,23.496054790990858,1.1801127088652663
105.10000000000001,-0.7927921796418834,-50.913969086614905,-3.915517312841159,34.875752362938755,34.63712107087335,0.9201410798603291,23.835283552281275,1.1563048233590223
105.15,0.10510705996735947,-50.9754260268995,-2.827686002188412,34.85870727064837,34.56316028778281,0.975534387762508,24.18843700031247,1.1321986754188629
105.2,1.0040112343178942,-51.019825186071536,-1.7405444271036679,34.837596771872256,34.43588061662681,1.0297031205937515,24.55793580277183,1.1078661580435778
105.25,1.9035959896387253,-51.047161389069764,-0.6542566995407837,34.8089027607833,34.01777186558591,1.0826424881632732,24.946323967751557,1.0833746566248692
105.30000000000001,2.803537313856657,-51.0574382059347,0.4308711551969799,34.75239341112635,33.58586378515917,1.1343506619867725,25.35644931926425,1.0587873513904356
105.35000000000001,3.7035118654823225,-51.05067016144738,1.5137171415653419,34.669069866414404,33.13841941169939,1.1848309958200574,25.791265006343153,1.0341634764699847
105.4,4.603197791872641,-51.0268955141273,2.5932041825235235,34.559737691077615,32.67451955739882,1.23410481037768,26.253194040125344,1.0096066766656975
105.45,5.502276140788835,-50.986175463659116,3.6682940502207018,34.4250792529577,32.48902923287707,1.2822106693981041,26.441173516515942,0.9854762911524517
105.5,6.40043219912539,-50.928593392896225,4.737984017939247,34.286789965809085,32.491119773264494,1.3292037471316505,26.439044281255892,0.9621171804084838
105.55000000000001,7.297356761417435,-50.85425410612788,5.8021465612773016,34.15852780919875,32.4931890959072,1.3751552444761899,26.436936896733236,0.9398615546709266
105.60000000000001,8.192745991308051,-50.763269893234174,6.861198702807306,34.039575043963644,32.49517379491302,1.4201386339188034,26.434915916895143,0.9190299468907881
105.65,9.086300616281354,-50.655751838058215,7.915525217892301,33.92926066903145,32.4971304471701,1.4642210974612269,26.432923711673904,0.8996677888522697
105.7,9.977725581929693,-50.53181019606951,8.965481114606577,33.82696565318422,32.499054456462105,1.50746401716831,26.430964950830788,0.8816492708484702
105.75,10.86672974924766,-50.39155474879102,10.011394222913378,33.732114853418345,32.50089732547862,1.5499234281059557,26.42908898943576,0.8648583941416632
105.80000000000001,11.753025629875722,-50.2350951310562,11.053567379177238,33.6441707442798,32.50268982815784,1.5916504318555553,26.42726448052123,0.8491882187529143
105.85000000000001,12.636329155631651,-50.06254113548628,12.09228029307648,33.56263639312823,32.504480681516995,1.6326915768655468,26.425441829296815,0.8345400749919918
105.9,13.516359479256701,-49.87400299743354,13.127791472052063,33.48705384229885,32.506227543956086,1.6730892105407449,26.42366412235622,0.8208229001998291
105.95,14.392838802648765,-49.66959165805582,14.16034003001126,33.416994820988656,32.50790512078335,1.7128818020910543,26.42195708452722,0.8079526735039622
106.0,15.265492229464215,-49.449419006104556,15.190147088063826,33.35205984240256,32.509571403065415,1.7521042378870533,26.420261694866944,0.7958518310061891
106.05000000000001,16.134047640451,-49.21359810362648,16.217417103957168,33.29188209673562,32.511191758702346,1.7907880956605098,26.41861318250569,0.7844487159199787
106.10000000000001,16.99823558922556,-48.96224339570792,17.242339322125265,33.23611850116181,32.51280265172867,1.8289618986079859,26.416974442197258,0.7736771554691302
106.15,17.857789215483322,-48.69547090164766,18.265088847140767,33.18445308334516,32.514373401786806,1.8666513474491282,26.415376678009316,0.7634760589495215
106.2,18.71244417488941,-48.413398392596214,19.285827826472715,33.13659024894814,32.51592687014871,1.9038795362985397,26.413796627902364,0.7537889768228467
106.25,19.561938583114525,-48.11614555342683,20.304706351510085,33.092257150462466,32.517429038480465,1.9406671505873305,26.412268883450647,0.7445637769882296
106.30000000000001,20.40601297343747,-47.80383413256466,21.32186343431297,33.05119799960661,32.51891678190984,1.977032651411065,26.410755933352608,0.735752285775817
106.35000000000001,21.244410265840376,-47.476588078208806,22.33742774922776,33.013177912628265,32.520369217088195,2.012992445073401,26.4092790086133,0.7273100164746893
106.4,22.07687574726277,-47.134533664057805,23.35151851171267,32.977977291518265,32.521813427695484,2.0485610414762334,26.40781056356456,0.7191958732467185
106.45,22.9031570608101,-46.77779960220991,24.364246128762193,32.94539415838807,32.52321879817007,2.083751199166187,26.406381721858814,0.71137192805665
106.5,23.72300420385451,-46.4065171463331,25.37571293095575,32.915238775515355,32.52461720445083,2.1185740605881023,26.404960069764236,0.7038031537990719
106.55000000000001,24.536169533305635,-46.02082018370746,26.38601368863856,32.88733723472503,32.525984699878464,2.153039276232512,26.40356994759717,0.6964572284383053
106.60000000000001,25.342407778278993,-45.62084531906934,27.395236260533043,32.86152633937885,32.52732851187903,2.187155121035545,26.402204002089988,0.689304312888197
106.65,26.14147605826608,-45.206731948217254,28.403462038876697,32.837655065986006,32.52865963980693,2.2209286009246014,26.40085104861889,0.6823168960606552
106.7,26.933133907205068,-44.77862232415667,29.4107664463778,32.815583964116065,32.52995978980108,2.254365552678003,26.399529676156504,0.6754695977811309
106.75,27.71714330224599,-44.33666161494423,30.417219405859452,32.79518223737929,32.53124362247796,2.2874707362606017,26.39822497961838,0.6687390350680289
106.80000000000001,28.493268696557283,-43.880997953561035,31.422885693787126,32.77632947917205,32.53251037943033,2.3202479200418082,26.396937726149968,0.6621036716519768
106.85000000000001,29.261277056307613,-43.411782481359175,32.42782535778748,32.7589138291905,32.5337497357227,2.3526999606977057,26.395678403050006,0.6555436756241306
106.9,30.02093790064417,-42.92916938416654,33.43209406048292,32.74283067965708,32.53497054482446,2.3848288767730494,26.394438009443256,0.6490408131179493
106.95,30.772023344585783,-42.43331592204388,34.43574337130475,32.72798352716904,32.53617836450605,2.4166359170417877,26.39321089517508,0.6425783215068748
107.0,31.514308144688176,-41.92438245336949,35.43882108924807,32.7142831584074,32.537361497375116,2.4481216244657773,26.39200894070906,0.6361408053747653
107.05000000000001,32.24756974667602,-41.40253245284231,36.44137153261938,32.70164589690509,32.538521204448195,2.4792858952500936,26.39083086021161,0.6297141484797919
107.10000000000001,32.97158833479338,-40.86793252386687,37.44343575992228,32.689994133158166,32.53966917856216,2.5101280334986242,26.389664772175514,0.6232854156863255
107.15,33.686146883028705,-40.32075240622385,38.44505180998201,32.679256636401306,32.54079927157743,2.5406468025374735,26.388516918915386,0.6168427649706132
107.2,34.39103120762486,-39.76116497879306,39.44625495302195,32.66936682462817,32.541907802464955,2.5708404725911436,26.387391035591627,0.6103753807769863
107.25,35.086030020345504,-39.18934625724147,40.447077874318424,32.660262608759375,32.54299572039344,2.600706864628272,26.38628615427306,0.6038734010734004
107.30000000000001,35.770934982760316,-38.60547538756259,41.44755085113383,32.651886402447516,32.54406548658176,2.630243391424351,26.385199771840433,0.5973278407425653
107.35000000000001,36.445540761288875,-38.0097346355774,42.447701929389524,32.644184908457106,32.545116596182254,2.6594470959369403,26.384132397696117,0.5907305359215798
107.4,37.10964508269043,-37.402309372441444,43.447557091572065,32.63710860043747,32.5461460482426,2.688314686987958,26.383087075695094,0.5840740902517894
107.45,37.76304878978594,-36.7833880563165,44.44714040425071,32.63061127528069,32.54715649695426,2.7168425723821272,26.38206110723326,0.5773518210203576
107.5,38.40555589734619,-36.15316221050044,45.446474147995104,32.624650219685954,32.54814865726422,2.745026889773598,26.381053763237592,0.5705577078833812
107.55000000000001,39.03697364808325,-35.5118263982662,46.44557895334583,32.61918582237011,32.54912319634143,2.772863535549611,26.380064363355693,0.5636863478294174
107.60000000000001,39.65711256844362,-34.85957819439419,47.44447392158946,32.614181349082344,32.550080738160354,2.800348191629304,26.37909227128287,0.5567329155202572
107.65,40.26578652414465,-34.19661815362909,48.443176736637916,32.609602734016484,32.54923832576928,2.8274763504097677,26.379947481795053,0.5496931215938616
107.7,40.86281277534796,-33.52314977621697,49.441703768679886,32.60529099057026,32.54801011869076,2.854243337993367,26.381194418675133,0.5425631756092741
107.75,41.44801203137276,-32.83937947066983,50.44006527993028,32.60119949972172,32.54674572312775,2.8806443358198166,26.38247818340423,0.5353397516719838
107.80000000000001,42.02120856408246,-32.14551656282017,51.438269740261134,32.59730994425073,32.54546410225088,2.9066744775804523,26.38377952792418,0.5280199565289934
107.85000000000001,42.582230272943214,-31.441773255791993,52.436324914214886,32.593606669822165,32.54414724092006,2.932328878357488,26.385116750259897,0.5206028352127134
107.9,43.13090873724623,-30.728364577116103,53.43423796355313,32.59007385347202,32.54280782124681,2.9576026466911287,26.38647697854473,0.5130880155407169
107.95,43.66707926673319,-30.00550832355688,54.432015441079756,32.586697708313075,32.54142413420232,2.982490895032491,26.38788226658029,0.5054753666728118
108.0,44.19058095186959,-29.27342500476089,55.42966336903811,32.58346388159088,32.54002199795376,3.006988750287448,26.3893064003477,0.4977649668272477
108.05000000000001,44.70125671263733,-28.53233778495185,56.42718721762668,32.580360889902515,32.538580459585496,3.031091363121078,26.3907706682929,0.4899571050991369
108.10000000000001,45.198953347039875,-27.782472423633976,57.424592015297634,32.5773765734513,32.53712732298417,3.0547939175892864,26.392246834233354,0.48205225667260265
108.15,45.683521577556945,-27.024057214152023,58.42188232297743,32.57450162698936,32.53563848984203,3.0780916390262973,26.393759384164788,0.47405108936416696
108.2,46.15481609723371,-26.257322921373458,59.41906234373122,32.5717256886217,32.53411694505775,3.100979802323309,26.39530529414335,0.4659544287402184
108.25,46.61269561356086,-25.48250271737254,60.41613588235642,32.5690393497957,32.53256208148711,3.1234537384701184,26.396885189433426,0.45776326594022976
108.30000000000001,47.057022892069455,-24.699832116434223,61.4131063820745,32.5664338306308,32.5309742213523,3.1455088417147863,26.398498751244226,0.44947872293619184
108.35000000000001,47.487664798579935,-23.909548908744082,62.40997694875126,32.56390100139662,32.52937208228999,3.1671405761294764,26.40012696522643,0.44110206489335724
108.4,47.90449234021812,-23.111893092911295,63.406750375927366,32.56143465003186,32.527737166355195,3.188344481776994,26.40178863671581,0.4326346882938026
108.45,48.307380705138485,-22.307106807359787,64.40342921844407,32.559027686912096,32.52605480615986,3.2091161804642567,26.403498684133048,0.4240781129503546
108.5,48.69620930021923,-21.495434260301842,65.40001575885611,32.556672481144076,32.524353615340026,3.2294513803187357,26.40522803221351,0.4154339737452517
108.55000000000001,49.070861788181695,-20.67712165911356,66.39651198674497,32.5543639907295,32.522644216807485,3.2493458808708127,26.406965886076943,0.40670399708957916
108.60000000000001,49.43122612394802,-19.852417138992752,67.39291969805394,32.55209829259221,32.5208740567103,3.2687955784383647,26.40876568437747,0.39789001104153954
108.65,49.77719458848495,-19.021570690155208,68.38924053803446,32.54986799002922,32.51908315980338,3.2877964699279687,26.410586744199076,0.38899395135103987
108.7,50.108663820869545,-18.18483408405842,69.385475868106,32.547669073584515,32.517276196519994,3.306344655938034,26.412424321976463,0.3800178297920809
108.75,50.42553485112052,-17.34246079970778,70.38162689577368,32.54549815379419,32.5154244465604,3.3244363459284116,26.414307633867274,0.37096372020130275
108.80000000000001,50.727713129961295,-16.494705948470216,71.37769469842893,32.54335003184892,32.51355946976901,3.3420678613244803,26.41620459106456,0.36183379980755603
108.85000000000001,51.01510855699896,-15.641826198143221,72.37368015401816,32.54122213455749,32.511669998140704,3.359235638222067,26.418126660719476,0.3526303079213733
108.9,51.287635508684644,-14.784079696777631,73.369584041727,32.539111267670584,32.509731124473916,3.3759362311553502,26.42009919149883,0.34335553795173723
108.95,51.545212863514955,-13.921725995400628,74.365407018195,32.537012686013675,32.507788334374446,3.392166315257157,26.42207591681715,0.3340118586656615
109.0,51.787764026292244,-13.055025970342715,75.36114955809563,32.53492523232516,32.50579488398651,3.4079226887664262,26.424104405991272,0.32460168203613193
109.05000000000001,52.01521695198311,-12.184241745293441,76.35681209168216,32.53284449315811,32.50378908171841,3.423202276441863,26.426145687743386,0.3151274701853879
109.10000000000001,52.22750416617892,-11.309636612282558,77.35239488000454,32.5307691066267,32.50177001287681,3.438002130788142,26.428200697286186,0.305591753508736
109.15,52.42456278611026,-10.43147495272849,78.34789813188519,32.52869774278743,32.499709907119886,3.4523194352145836,26.430297708547435,0.29599708692558124
109.2,52.60633453853176,-9.55002215761033,79.34332200515286,32.52662718309689,32.497653198574405,3.466151505328753,26.432391497875642,0.2863460885288305
109.25,52.77276577621099,-8.665544547308881,80.33866653428231,32.524557612773854,32.49553309117912,3.4794957901831793,26.434550076095356,0.2766414022833885
109.30000000000001,52.923807494153365,-7.77830929133614,81.33393176084067,32.522484432659944,32.49343275034238,3.492349874630577,26.436688776392167,0.26688569708852583
109.35000000000001,53.05941534242592,-6.888584327379926,82.32911755016926,32.5204093124944,32.49126354125267,3.5047114796023138,26.43889786115933,0.2570816889479488
109.4,53.1795496404224,-5.996638280555963,83.32422383160247,32.51832747169142,32.48911486858443,3.516578465238034,26.44108629094111,0.2472320994347399
109.45,53.28417538599751,-5.10274038182096,84.31925035132986,32.51624085718378,32.48690642464144,3.527948830214008,26.443335866576753,0.23733971271440168
109.5,53.37326226703124,-4.207160386718522,85.31419693016399,32.514145540573615,32.48471454795317,3.538820714924924,26.445568835705213,0.22740729951948424
109.55000000000001,53.446784667558255,-3.3101684934325544,86.30906323845097,32.51204332681502,32.48246713160304,3.5491924005885807,26.44785866436678,0.2174376942183187
109.60000000000001,53.50472167598625,-2.412035261080909,87.30384901572516,32.50993074144273,32.48023762858764,3.5590623118576445,26.45013052045591,0.20743371327313298
109.65,53.54705708845006,-1.5130315275783615,88.29855386846802,32.50780980481022,32.47795122744627,3.568429015952816,26.452460644025855,0.19739822538127783
109.7,53.573779413901015,-0.6134283276493632,89.29317748060258,32.50567704928423,32.47569022388236,3.57729122494424,26.45476517167262,0.1873340819034297
109.75,53.58488187446065,0.28650318939486275,90.28771940328146,32.503535133184094,32.473364397704884,3.5856477946981116,26.457136067952884,0.1772441798284774
109.80000000000001,53.58036240763703,1.186491841778675,91.28217928953359,32.50138008064987,32.471078008244206,3.5934977270968105,26.45946631054406,0.16713139507743335
109.85000000000001,53.56022366341946,2.0862664974460476,92.27655664017124,32.499215646906606,32.46870405349174,3.600840168544778,26.461879135711058,0.15699864797397822
109.9,53.52447300392642,2.9855561562022315,93.27085109988812,32.49703624737697,32.46347743444738,3.607674412437298,26.464227083939807,0.14684882895934948
109.95,53.473122496967605,3.884090031710035,94.2650620995733,32.49463918931057,32.447134370526626,3.6139998969497924,26.46668408061305,0.1366848778503993
110.0,53.40618891378448,4.781597633595539,95.25918130867076,32.49124598796886,32.43089106310691,3.6198162084172267,26.469051796377734,0.12650969024988967
110.05000000000001,53.32369384339792,5.67780886057382,96.25317059021154,32.48693492190729,32.41475568252482,3.6251232032304372,26.471545342430097,0.11632622934868664
110.10000000000001,53.22566414868186,6.572454141651117,97.24699481278284,32.481779261951395,32.398761872709706,3.62992147591104,26.473943785579944,0.10613989626421017
110.15,53.11213190457693,7.46526455240387,98.24062165995261,32.475849448434126,32.38291579160168,3.634212311607186,26.476452889091856,0.09596545361205244
110.2,52.98313433663318,8.355971927171025,99.23402152256888,32.46921133008895,32.36724710764925,3.637997641423823,26.47887033349491,0.08581671392292378
110.25,52.83871375877536,9.244308967202123,100.22716732323529,32.46192817134325,32.35176091157831,3.6412799992961595,26.481380839285848,0.07570659633273635
110.30000000000001,52.678917511522705,10.130009345074892,101.22003441729234,32.45405908136004,32.336483399419215,3.644062481481754,26.48379664436962,0.06564715744673322
110.35000000000001,52.50379789963741,11.012807805389105,102.21260043340487,32.44566081836427,32.3214174788243,3.646348707478772,26.486303674082006,0.055649643711888075
110.4,52.31341213029087,11.892440262060825,103.20484518298376,32.436786294111414,32.306589015184635,3.6481427833280122,26.488679000222074,0.045724519940364416
110.45,52.10782225082558,12.76864389219565,104.19675051222295,32.42748648847379,32.2919936541708,3.6494492662258224,26.491201146249132,0.035881516984801465
110.5,51.88709508712838,13.641157226882399,105.18830022725177,32.41780842888072,32.27766775559533,3.6502731313571957,26.49342535204348,0.026129657956204255
110.55000000000001,51.65130218161595,14.509720238822238,106.1794799419255,32.407798380788904,32.26357975371509,3.6506197398081497,26.49608001026116,0.016477302627464496
110.60000000000001,51.40051973212628,15.37407442723574,107.1702770475461,32.39749705028363,32.249826732466204,3.650494808779598,26.497600459370997,0.0069321690190804475
110.65,51.13482852996944,16.23396289971136,108.16068049916942,32.38694917043953,32.23630377697716,3.649904382194208,26.5,0.0024986205710320064
110.7,50.85431390000334,17.089130451934306,109.15068096824626,32.37618878519222,32.22336041332504,3.648854804583678,26.497064453182663,0.01180853170779983
110.75,50.55906563732777,17.93932364373665,110.14027043295697,32.36527247291599,32.2106698427275,3.647352692508008,26.494782794946353,0.020991552210603004
110.80000000000001,50.24917794909823,18.78429087427506,111.12944303750874,32.35422942790253,32.19825801814942,3.6454049123455974,26.49279453188665,0.030042241513399404
110.85000000000001,49.924749382766386,19.623782449782443,112.11819404478922,32.34308861292016,32.18617128853294,3.6430185445265764,26.490333104251253,0.0389556032482119
110.9,49.58588276911421,20.457550653872705,113.10651982648447,32.33188023260679,32.17437461128116,3.6402008641662746,26.48813049200075,0.04772735638042036
110.95,49.23268516459902,21.285349815605024,114.09441790939795,32.32062983108353,32.162876360185976,3.6369593218072467,26.4861060670315,0.05635360720603444
111.0,48.86526779228915,22.106936374967404,115.08188679654762,32.30936172601942,32.15169036327268,3.6333015233911254,26.484060887228523,0.0648308471805592
111.05000000000001,48.48374598471607,22.92206894721941,116.06892591943145,32.29809948582322,32.14082533869615,3.629235213002545,26.481877766654037,0.07315596832242477
111.10000000000001,48.088239126759085,23.730508385463853,117.05553560853916,32.28686561817129,32.13026265866498,3.6247682563284727,26.47996163486964,0.08132620777161037
111.15,47.67887059835268,24.532017841397078,118.0417170520281,32.27567969249226,32.12001674292247,3.619908624549936,26.478068897566224,0.08933913348144529
111.2,47.255767717234534,25.32636282437961,119.02747218290764,32.26456091038013,32.1100921066446,3.6146643788557427,26.476135916224308,0.09719263557073532
111.25,46.81906168275707,26.113311259444426,120.01280366429582,32.253527424399024,32.100481930882815,3.609043656704401,26.474316831466282,0.10488491388386478
111.30000000000001,46.36888751940817,26.892633543645974,120.99771484875842,32.24259560343358,32.09119545773566,3.6030546582968483,26.47243604490705,0.1124144430268359
111.35000000000001,45.905384020439556,27.664102600992962,121.98220970973472,32.231781307312296,32.08222309297482,3.596705633670183,26.470691152141942,0.1197799681510503
111.4,45.428693692000174,28.42749393626757,122.96629282158453,32.221098577716766,32.07357159535575,3.5900048708535337,26.468939914783377,0.12698049253330623
111.45,44.938962697130705,29.18258568742379,123.94996928984841,32.21056093611955,32.06523509895058,3.5829606843251725,26.467292558955215,0.1340152563329866
111.5,44.43634080030166,29.92915867704233,124.9332447309952,32.20018051917891,32.05721651757016,3.575581404555301,26.465670610140588,0.14088373056722503
111.55000000000001,43.9209813118433,30.666996462504652,125.91612521931621,32.18996880477828,32.04951484520286,3.5678753678598056,26.464070009654932,0.14758559539743032
111.60000000000001,43.39304103271109,31.395885385228688,126.8986172615114,32.179936379094315,32.04212623855416,3.559850907083046,26.462541767281206,0.154120733909906
111.65,42.85268019923024,32.11561461878801,127.8807277624624,32.17009279762716,32.035050872016264,3.5515163426770755,26.461045223307327,0.16048921553519335
111.7,42.30006242794267,32.82597621604475,128.86246398577583,32.160446945797815,32.0282876386076,3.5428799743176214,26.459560824478636,0.16669128811940936
111.75,41.73535466062247,33.52676515540398,129.8438335280915,32.15100699528423,32.02183101626491,3.5339500731409856,26.458161469522572,0.17272736718908277
111.80000000000001,41.158727109287646,34.21777938611244,130.8248442917727,32.14178013963999,32.01568013116115,3.5247348743874767,26.456813217098805,0.17859802353271448
111.85000000000001,40.570353201231626,34.89881987266143,131.80550444759436,32.132772996177216,32.009832774844526,3.5152425704784918,26.45550644409792,0.18430397507017915
111.9,39.970409524191695,35.569690638442594,132.7858224127486,32.123991551796315,32.004286414916024,3.5054813046860147,26.45423412958143,0.18984607817969845
111.95,39.359075771464504,36.23019880854837,133.7658068268268,32.115441184876296,31.999038716900746,3.4954591651555447,26.452980149274175,0.19522531584954095
112.0,38.73653468699175,36.880154651774276,134.74546652866778,32.10712672287804,31.99408621336849,3.4851841793155174,26.451750373001115,0.20044279060940084
112.05000000000001,38.10297201040245,37.51937162185016,135.72481053542495,32.09905240077022,31.98942330383647,3.4746643086612394,26.450597846677752,0.20549971680054568
112.10000000000001,37.45857642198205,38.14766639791019,136.7038480200845,32.09122175098924,31.985047919739745,3.4639074438795205,26.44948959674783,0.21039741308555904
112.15,36.80353948758048,38.76485892425006,137.68258828483565,32.08363790589999,31.980957443296916,3.452921400339811,26.448401374803332,0.21513729563437778
112.2,36.13805560349451,39.370772449451344,138.66104074594864,32.076303587142625,31.977148236506125,3.4417139140179316,26.447329899378907,0.21972087079419111
112.25,35.46232194118979,39.965233564771985,139.63921491826778,32.069221062097164,31.973613872514505,3.430292637672949,26.44633800073194,0.22414972643758801
112.30000000000001,34.77653839186325,40.548072241828585,140.6171203980713,32.06239197712697,31.9703533370052,3.4186651372840657,26.445353108452572,0.228425526899656
112.35000000000001,34.08090751085684,41.11912186961084,141.59476683962455,32.05581778854685,31.96736144540324,3.4068388887742174,26.444402706682993,0.232550007777661
112.4,33.37563446197606,41.678219290927025,142.57216394809817,32.0494994783223,31.96463256769887,3.394821275120357,26.44352462446133,0.2365249701969674
112.45,32.66092696153913,42.22520483810281,143.54932146171436,32.04343755613492,31.962165261439655,3.382619583594199,26.44264815539099,0.24035227307720675
112.5,31.93699522225912,42.759922368078236,144.52624913398637,32.03763239222811,31.95995290185654,3.3702410033033203,26.441833097636692,0.24403383052316485
112.55000000000001,31.20405189694534,43.28221929692042,145.50295672858843,32.03208385720158,31.957993629618112,3.357692623032044,26.44101444965579,0.2475716058175692
112.60000000000001,30.462312021897624,43.791946633605626,146.47945400057685,32.02679169808847,31.95627996806259,3.3449814291842443,26.440272786143183,0.2509676054255294
112.65,29.71199296011365,44.28895901325388,147.4557506918753,32.021755145943764,31.954810350698445,3.3321143040431593,26.439531602299944,0.25422387695599014
112.7,28.953314344171787,44.77311472964328,148.43185651189194,32.016973374854814,31.95357850088323,3.3190980241247487,26.438838328396734,0.25734250282170024
112.75,28.18649801891304,45.24427576720546,149.4077811355381,32.01244516957113,31.952580913116254,3.305939258858608,26.438165220281267,0.2603255983682118
112.80000000000001,27.411767983763628,45.70230783228103,150.38353418865384,32.00816915125292,31.951812065328422,3.292644569323677,26.43753867676333,0.2631753053228181
112.85000000000001,26.629350334799767,46.147080383805815,151.35912524199026,32.004143645115455,31.951268631502195,3.279220407236963,26.43692389912037,0.2658937906986125
112.9,25.83947320647624,46.57846666331801,152.33456380017824,32.0003668584288,31.95094484304088,3.265673114061279,26.436353525350885,0.2684832417342875
112.95,25.04236671305288,46.99634372435668,153.30985929744105,31.996836714472515,31.950836556287342,3.252008920311148,26.435814625871604,0.2709458635136741
113.0,24.23826288966153,47.400592461160414,154.28502108701585,31.993550988887865,31.950940534628717,3.2382339449512614,26.435267269837745,0.27328387500261897
113.05000000000001,23.42739563305579,47.79109763675311,155.2600584357393,31.990507385012208,31.95124878670502,3.224354194986624,26.434809122525547,0.2754995071977362
113.10000000000001,22.61000064199984,48.16774791034473,156.23498052148318,31.987703199418842,31.951760310042122,3.210375565163531,26.434335117033953,0.2775949992927451
113.15,21.78631535727581,48.53043586400337,157.20979641792178,31.98513585017765,31.952468847256657,3.1963038377368562,26.433893256286733,0.27957259646186117
113.2,20.956578901388408,48.879058028776946,158.18451509930082,31.982802492826146,31.953369774387234,3.182144682502809,26.43348449983252,0.2814345485334968
113.25,20.121032017832924,49.21351490997498,159.15914543065966,31.9807001557948,31.95445862794976,3.167903656783267,26.433105423319002,0.2831831046809441
113.30000000000001,19.27991701002035,49.533711011813295,160.13369616317786,31.978825760948723,31.95573091470498,3.153586205590173,26.43275397164148,0.28482051439084444
113.35000000000001,18.43347767982315,49.839554861343274,161.1081759302949,31.977176129074174,31.95718335724638,3.1391976618897033,26.432390793787675,0.2863490238618738
113.4,17.581959265736376,50.130959031648274,162.08259324403267,31.975748073943617,31.95880923857197,3.124743246954246,26.432084085841545,0.2877708740093965
113.45,16.725608380652933,50.40784016429693,163.05695649487362,31.974538157131356,31.960604821925077,3.1102280707988896,26.431810889975115,0.2890882987091459
113.5,15.864672949237049,50.670118990992385,164.03127394235148,31.973542918902336,31.962566247253907,3.0956571326467426,26.43155230084019,0.29030352310712715
113.55000000000001,14.999402144942032,50.917720354548116,165.00555371437733,31.972758870927443,31.96468954102629,3.081035321568997,26.431293437259914,0.291418763042941
113.60000000000001,14.130046326628662,51.150573229051936,165.97980380628405,31.97218249022022,31.9669695508586,3.066367417162418,26.43105869960366,0.2924362215549081
113.65,13.256856974790795,51.36861073921238,166.95403207963489,31.971810137408674,31.969401934443958,3.051658090268816,26.430847904176726,0.29335808813158337
113.7,12.380086627394377,51.57177017888075,167.92824625793273,31.97163812291119,31.97198173509813,3.036911903740048,26.4306828215885,0.2941865378720365
113.75,11.499988815345345,51.75999302878614,168.90245392482788,31.97166266663883,31.974705503388602,3.022133313297175,26.430536569035826,0.2949237305753627
113.80000000000001,10.616817997579604,51.93322497343548,169.87666252079492,31.97188001212096,31.97756948949846,3.0073266684445485,26.43039299614736,0.29557180885745993
113.85000000000001,9.730829495784251,52.09141591719152,170.8508793441232,31.972286403362208,31.980569062714185,2.992496213462701,26.43026732656272,0.2961328970525301
113.9,8.842279428742145,52.23451999945149,171.82511155102523,31.97287802188735,31.98370005390939,2.977646088412179,26.430160977030628,0.29660909963695303
113.95,7.951424646311779,52.36249560892824,172.7993661533563,31.97365102417464,31.986958403157196,2.962780330162083,26.43007333169511,0.29700250101043935
114.0,7.0585226630561815,52.47530539705951,173.7736500177447,31.97460155124482,31.990340100108988,2.9479028734806505,26.430003810300832,0.297315165001919
114.05000000000001,6.16383159152402,52.5729162905122,174.74796986507957,31.97572573330655,31.993841185356274,2.9330175521656088,26.429951865876674,0.29754913362864954
114.10000000000001,5.2676100751905865,52.65529950276446,175.72233227016855,31.977019694167243,31.99745775167413,2.9181281002084987,26.429916982524958,0.29770642630083444
114.15,4.37011722106763,52.72243054475122,176.69674366155698,31.97847955541774,32.00118594514933,2.903238152990106,26.42989867337251,0.2977890391422022
114.2,3.471612531991705,52.774289234558964,177.67121032149979,31.980101440398563,32.00502196619831,2.888351248504314,26.42989647868033,0.29779894436785526
114.25,2.572355838601434,52.810859706155554,178.6457383860785,31.98188147795569,32.008962070479605,2.873470828607715,26.42990996409772,0.2977380897158355
114.30000000000001,1.6726072310147553,52.83213041714116,179.62033384545504,31.983815805993114,32.01300256970611,2.858600240292546,26.429938719047893,0.297608397931981
114.35000000000001,0.7726269902179309,52.83809415550648,-179.40499745574502,31.985900574829756,32.01713983236138,2.8437427369805235,26.429982355233946,0.29741176630338373
114.4,-0.12732448082125325,52.82874804538469,-178.4302498179269,31.98813195036773,32.02137028432484,2.8289014798353875,26.430040505254468,0.29715006624044804
114.45,-1.0269867263030097,52.80409355178366,-177.45541768590581,31.99050611707895,32.02569040940986,2.8140795390918782,26.430112821319895,0.2968251429027191
114.5,-1.9260993069940717,52.76413648428542,-176.48049564817768,31.99301928081687,32.03009674981916,2.7992798953991738,26.430198974060364,0.29643881487018575
114.55000000000001,-2.8244018698608673,52.70888699970007,-175.5054784360875,31.99566767145989,32.03458590652136,2.7845054411768118,26.430298651418408,0.29599287385408957
114.60000000000001,-3.7216342179223987,52.63835960366143,-174.5303609229021,31.998447545392857,32.039154539552605,2.769758981981205,26.430411557618907,0.2954890844472402
114.65,-4.617536380307288,52.55257315115242,-173.55513812279267,32.001355187832836,32.043799415948214,2.7550432378809404,26.430535489396863,0.2949291839121315
114.7,-5.511848682498883,52.451550845948226,-172.57980518973312,32.00438691841251,32.0485176293864,2.7403608448392873,26.430657315653345,0.29431488200529543
114.75,-6.404311816751758,52.335320238965664,-171.60435741619042,32.0075391120535,32.05330568449213,2.725714356102138,26.43079007446012,0.2936478608330617
114.80000000000001,-7.294666912662121,52.20391322550577,-170.62879023102784,32.010808152941976,32.05816019327746,2.71110624358802,26.4309453196509,0.2929297747429871
114.85000000000001,-8.182655607872379,52.05736604136774,-169.65309919915444,32.014190441537366,32.06307814480232,2.69653889926731,26.43112177399003,0.29216225028235954
114.9,-9.068020118895436,51.89571925785226,-168.67728002091297,32.017682420342005,32.06805677882624,2.6820146365579873,26.43131007132757,0.29134688641420325
114.95,-9.950503312040972,51.719017775640985,-167.7013285304938,32.02128058880516,32.07309317196683,2.667535691733349,26.431510006010065,0.29048525418645
115.0,-10.829848774422683,51.52731081752862,-166.72524069378753,32.024981487602425,32.078184732305246,2.6531042253262314,26.43170968256554,0.28957889649277035
115.05000000000001,-11.705800885024852,51.32065191999067,-165.74901260683487,32.02878171936691,32.08332871847393,2.6387223235204544,26.431905831866192,0.2886293281423491
115.10000000000001,-12.578104885809685,51.09909892358851,-164.77264049349384,32.03267793358884,32.088522066720756,2.624391999538709,26.432111747996995,0.2876380361155384
115.15,-13.446506952841956,50.86271396219274,-163.79612070368086,32.03666680024112,32.093762046311184,2.6101151950141954,26.432329085561513,0.28660647963491215
115.2,-14.310754267411712,50.6115634510267,-162.81944971261362,32.040745032103274,32.09904538535429,2.5958937813546825,26.43258625016074,0.2855360904902682
115.25,-15.170595087138494,50.345718073539004,-161.84262411921003,32.044909343049774,32.10437053534796,2.5817295611145,26.432837853686983,0.2844282731902581
115.30000000000001,-16.02577881703303,50.065252767086186,-160.86564064607023,32.04915657107107,32.10973497585947,2.5676242693608486,26.433083581874964,0.283284404803652
115.35000000000001,-16.876056080502995,49.77024670744329,-159.88849613479655,32.05348359998453,32.115135906373396,2.55357957505894,26.433338504930774,0.28210583507302545
115.4,-17.721178790258293,49.46078329206781,-158.9111875442821,32.05788733615517,32.120570923514286,2.539597082402473,26.433602509222066,0.28089388603817156
115.45,-18.560900219105868,49.13695012215745,-157.93371194988364,32.062364735252245,32.12603766660167,2.5256783321357332,26.43387610117705,0.2796498531293423
115.5,-19.394975070616816,48.79883898351072,-156.95606654158132,32.06691280177721,32.13153382191457,2.5118248028808594,26.43416020822074,0.2783750053347944
115.55000000000001,-20.223159549638247,48.446545826171544,-155.97824862215714,32.07152858892988,32.13705718602716,2.498037912454059,26.43445317640235,0.2770705850974764
115.60000000000001,-21.045211432626836,48.080170742855394,-155.00025560537958,32.076209203008254,32.14260557601655,2.4843190191708118,26.434754913756834,0.2757378085360074
115.65,-21.860890137780892,47.69981794615449,-154.02208501402183,32.080951801080275,32.14817724777964,2.4706694231397037,26.43504682491812,0.2743778656649454
115.7,-22.669956794946273,47.30559574451785,-153.04373447796937,32.08575361870166,32.15376998434795,2.4570903675420794,26.435335187564664,0.27299192062216093
115.75,-23.472174315272934,46.89761651700628,-152.06520173127575,32.090611930533534,32.1593808300535,2.4435830398985843,26.435665120622485,0.2715811119524858
115.80000000000001,-24.267307460590455,46.475996686806766,-151.08648461071323,32.095523994784955,32.165008498083864,2.4301485733056296,26.436003584521444,0.2701465528699032
115.85000000000001,-25.055122912488365,46.040856693527715,-150.1075810564326,32.10048717359202,32.17065187321436,2.416788047665179,26.436310521830436,0.26868933185909327
115.9,-25.83538934109422,45.59232096430354,-149.1284891080549,32.10549893785076,32.17630837684829,2.4035024909404044,26.436620338440235,0.2672105128090152
115.95,-26.60787747349195,45.130517883646135,-148.14920690057897,32.11055675492201,32.1819754768944,2.3902928803653865,26.43696867699201,0.2657111344954899
116.0,-27.372360161751647,44.65557976204373,-147.16973266455113,32.115658092205756,32.1876521547027,2.377160143605515,26.43731787654913,0.2641922115003581
116.05000000000001,-28.128612450579695,44.167642803367364,-146.19006472610064,32.12080052524126,32.19333698813021,2.364105159935235,26.437652269302223,0.26265473519742955
116.10000000000001,-28.87641164456632,43.66684707108428,-145.2102015028705,32.1259817011619,32.19902786303042,2.3511287614308003,26.4379938831865,0.2610996734055959
116.15,-29.61553737497182,43.153336453226636,-144.23014150133488,32.13119928415251,32.20472313359035,2.3382317341131795,26.43834349263087,0.25952797008869766
116.2,-30.34577166603659,42.62725862613911,-143.24988331618803,32.13645098768378,32.21042119434201,2.325414819062644,26.43870220803371,0.25794054635241537
116.25,-31.06689900080881,42.088765017036536,-142.26942562850846,32.14173457387365,32.216120543360475,2.3126787135372595,26.43906811155204,0.25633830101071453
116.30000000000001,-31.77870638645502,41.53801076536025,-141.28876720394737,32.147047857408424,32.22181985759314,2.300024072075729,26.43943209485597,0.2547221105076858
116.35000000000001,-32.48098341902927,40.97515468293891,-140.30790689076755,32.152388714564474,32.22751818839014,2.287451507584734,26.439767067015175,0.25309282923061005
116.4,-33.173522347674854,40.40035921295813,-139.32684361753897,32.15775510555203,32.233212558273856,2.274961592408019,26.440157045042824,0.2514512898198973
116.45,-33.856118138230386,39.813790387741626,-138.34557638998396,32.16314492360358,32.238902625181716,2.2625548593717326,26.440547425505226,0.24979830353430543
116.5,-34.52856853620641,39.215617785341706,-137.36410429355797,32.16855618800202,32.24458784017915,2.2502318027921433,26.440895676143484,0.2481346607257251
116.55000000000001,-35.19067412916756,38.60601448501471,-136.3824264886937,32.17398702030039,32.250265895180696,2.23799287953576,26.44125740260862,0.2464611315917864
116.60000000000001,-35.84223840842186,37.985157021501685,-135.40054220694688,32.179435511363266,32.25593486344293,2.225838510016189,26.441670815238062,0.24477846512766632
116.65,-36.483067829999314,37.35322533813653,-134.41845075219615,32.18489975079753,32.261595262108166,2.21376907914172,26.442040597412774,0.24308739039142324
116.7,-37.112971874950205,36.71040273884921,-133.43615150072463,32.19037800160543,32.26724502639312,2.2017849372926364,26.442416554779594,0.24138861748937757
116.75,-37.731763108929975,36.056875839058705,-132.4536438946588,32.19586850337598,32.272883021380125,2.189886401310595,26.442799215316253,0.2396828369816717
116.80000000000001,-38.3392572409719,35.3928345153938,-131.4709274428903,32.20136954037628,32.27850812642986,2.1780737553952534,26.443190445231988,0.2379707196408276
116.85000000000001,-38.93527318150684,34.71847185433652,-130.48800171940795,32.2068794393801,32.28411933156389,2.1663472520256377,26.44358790370205,0.23625291830683182
116.9,-39.51963309957876,34.0339840997704,-129.50486636171152,32.21239657453609,32.28971591410003,2.1547071128651396,26.443974618283054,0.2345300673923134
116.95,-40.0921624792339,33.33957059944678,-128.52152106903958,32.217919384504945,32.295297037073674,2.1431535296513005,26.444341881249365,0.23280278320996217
117.0,-40.65269017505842,32.63543375038003,-127.53796559994396,32.223446359688424,32.30086053600489,2.1316866650671003,26.4447607568406,0.23107166427678294
117.05000000000001,-41.20104846683379,31.921778943178964,-126.55419977034904,32.22897594371103,32.30640669531617,2.1203066535834054,26.445161353463583,0.22933729168400419
117.10000000000001,-41.737073113292695,31.198814505333914,-125.5702234553604,32.23450671168282,32.31193489414715,2.109013602279731,26.44552783143829,0.2276002296738966
117.15,-42.26060340500099,30.46675164350863,-124.58603658428756,32.240037296144564,32.31744308321957,2.097807591702143,26.445931449654996,0.22586102607348835
117.2,-42.771482216259386,29.725804384786926,-123.60163913848353,32.245566280935634,32.32293091621058,2.0866886766514483,26.44634449433851,0.22412021155176376
117.25,-43.26955605603679,28.976189516918502,-122.6170311532249,32.25109232631242,32.32839821226479,2.07565688694563,26.446730403557268,0.22237830101389022
117.30000000000001,-43.75467511796711,28.218126527614942,-121.63221271482765,32.25661417530901,32.333843673513066,2.0647122282197614,26.44712177036151,0.2206357941163617
117.35000000000001,-44.226693329327794,27.451837542868414,-120.64718395751882,32.26213056803787,32.33926654450477,2.05385468268846,26.447520466594483,0.2188931745173761
117.4,-44.68546839897493,26.677547264309876,-119.66194506357121,32.26764028064265,32.344666141485014,2.0430842098666844,26.44792577141519,0.21715091062603165
117.45,-45.130861864257824,25.89548290565178,-118.6764962619539,32.273142127845674,32.35004181405681,2.032400747299988,26.448336636153847,0.21540945643550913
117.5,-45.5627391368738,25.1058741282197,-117.69083782688469,32.27863496257504,32.35539377842876,2.0218042112807026,26.448699451820048,0.21366925133392556
117.55000000000001,-45.98096954764259,24.3089529755903,-116.70497007639608,32.28411773513602,32.3607198866762,2.0112944975482776,26.449109958016773,0.21193072038570904
117.60000000000001,-46.385426390180875,23.50495380735444,-115.71889336864488,32.289589317388895,32.366020003681236,2.000871481973782,26.449540258882397,0.21019427464850082
117.65,-46.77598696342641,22.69411323200925,-114.73260810492158,32.29504865212406,32.371294795293515,1.99053502119299,26.449912396924727,0.20846031148991528
117.7,-47.15253261308703,21.87667003904618,-113.7461147269668,32.3004948052076,32.376542851978805,1.980284953292987,26.450281312959156,0.20672921561583735
117.75,-47.5149487719177,21.052865130212524,-112.75941371229791,32.3059268085484,32.38176240081268,1.9701210984627409,26.45072822020817,0.20500135800006092
117.80000000000001,-47.86312499877809,20.222941449956764,-111.77250557552075,32.31134363656727,32.386955177157255,1.9600432595762527,26.451110098334482,0.20327709660492133
117.85000000000001,-48.196955016538524,19.38714391511829,-110.78539087053927,32.31674446089513,32.3921196285093,1.950051222801946,26.45149681727373,0.20155677772976333
117.9,-48.5163367488324,18.54571934388391,-109.79807018305209,32.322128401439,32.397255307848646,1.9401447582524085,26.451888712051385,0.19984073548613424
117.95,-48.82117235549695,17.69891638397561,-108.81054413253997,32.32749460903969,32.40236175987411,1.9303236205215626,26.45228814180942,0.1981292909907495
118.0,-49.111368266823966,16.84698544014913,-107.82281337110126,32.332842262670724,32.40743862512033,1.920587549258343,26.452692596481107,0.19642275461691838
118.05000000000001,-49.38683521655958,15.990178601005468,-106.8348785823931,32.33817057427427,32.412485714262466,1.9109362697270456,26.453089564086255,0.1947214252643903
118.10000000000001,-49.64748827363959,15.128749565138412,-105.84674048038757,32.34347879855914,32.41750322508265,1.901369493355915,26.453441651754762,0.19302559062595037
118.15,-49.893246872642884,14.262953566639958,-104.85839980775289,32.34876625759653,32.42248910728849,1.8918869182709201,26.453863723331157,0.19133552742260918
118.2,-50.12403484294314,13.393047299985504,-103.86985733329483,32.354032175431676,32.42744425195115,1.8824882298085868,26.454274812937946,0.18965150169989897
118.25,-50.3397804365304,12.51928884431959,-102.88111385570993,32.35927589518306,32.43236903474314,1.8731731009930925,26.454628733846278,0.18797376924666764
118.30000000000001,-50.540416354585496,11.64193758719039,-101.8921701990523,32.36449683372307,32.43726200588113,1.8639411930764211,26.4550047710207,0.18630257630988467
118.35000000000001,-50.72587977266906,10.76125414772263,-100.90302720992827,32.36969434602007,32.44212248095034,1.85479215601152,26.45543229474153,0.18463815833342778
118.4,-50.896112364538055,9.877500299263929,-99.91368575986942,32.37486778422937,32.44695179670332,1.8457256288851909,26.455802438291663,0.18298074129802444
118.45,-51.05106032465784,8.990938891546044,-98.92414674545013,32.38001664226323,32.451748825255784,1.836741240392115,26.45617701070509,0.18133054252658098
118.5,-51.19067438936451,8.101833772375043,-97.93441108288333,32.38514036961984,32.456513347681785,1.8278386093143624,26.456556540559404,0.17968776986151624
118.55000000000001,-51.31490985658102,7.210449708861735,-96.94447970972458,32.39023843948141,32.46124514441468,1.8190173449194234,26.456942745574267,0.17805262155505375
118.60000000000001,-51.4237266041866,6.317052308238393,-95.95435358397533,32.395310346976636,32.46594406608667,1.8102770473884675,26.457333519395036,0.17642528789878043
118.65,-51.51708910698982,5.421907938278822,-94.9640336832522,32.40035561262735,32.46848478421394,1.8016173082337303,26.45771900683714,0.17480595061911686
118.7,-51.59496645229698,4.525283647347603,-93.97352100382363,32.4052219820264,32.46820755927178,1.7930377107058888,26.458043562092843,0.17319478309474334
118.75,-51.65733235406508,3.627447084104241,-92.98282236086894,32.40972095182964,32.467849359495716,1.784537830189386,26.458450307486526,0.17159195055683085
118.80000000000001,-51.704165256633175,2.728666421630327,-91.99195177636425,32.413872980948646,32.467486382660795,1.7761173257107572,26.458861662773593,0.16999761033005711
118.85000000000001,-51.7354484591671,1.8292102741505174,-91.00092249447133,32.417702509642375,32.46720049573362,1.7677760532379239,26.459194252571866,0.16841008957257486
118.9,-51.75117011326092,0.9293476015206574,-90.00974682873996,32.421238080077465,32.46690950925699,1.7595140535160212,26.45953196510764,0.16682544945666677
118.95,-51.751323216088004,0.02934761454314394,-89.01843600469967,32.42450032501886,32.46653453461864,1.7513315374444147,26.459955318406184,0.16523999443805337
119.0,-51.73590559908093,-0.8705203185925042,-88.02700046167995,32.4275027685617,32.46621487988718,1.7432288689263729,26.46032233719484,0.16365032143212943
119.05000000000001,-51.70491991941707,-1.7699867646902834,-87.03545012418276,32.430267919370664,32.465900298396676,1.7352065524098492,26.460684319112072,0.16205337036083733
119.10000000000001,-51.65837365388468,-2.668782317174266,-86.04379405802233,32.43281308930109,32.465577169841076,1.727265224645592,26.4610552086021,0.16044633033047262
119.15,-51.596279085514716,-3.566637686695966,-85.05204066868505,32.435153380768234,32.465242759648305,1.7194056410017495,26.46143784382548,0.15882655528514533
119.2,-51.518653291542435,-4.46328379085868,-84.06019778554288,32.43730262211681,32.4648972405938,1.7116286648554322,26.461832092435486,0.15719167287684854
119.25,-51.42551813094462,-5.35845184315971,-83.06827271034624,32.43927366629374,32.46454040924399,1.7039352582719332,26.462238200269685,0.15553952292634676
119.30000000000001,-51.31690023102685,-6.251873441184659,-82.07627225432992,32.44107843364733,32.46423647999385,1.6963264734134995,26.462590714336432,0.1538681316699808
119.35000000000001,-51.19283097291513,-7.143280654074261,-81.08420277371113,32.44273257981494,32.46388398240744,1.6888034445016942,26.462993141435426,0.15217569716867274
119.4,-51.053346475956786,-8.032406109287573,-80.09207002667588,32.44424339428583,32.46348551788003,1.6813673803103768,26.46344285362179,0.1504605782361068
119.45,-50.89848757829593,-8.918983078205255,-79.09987949322752,32.44561783168542,32.46314814012532,1.67401955438784,26.463830691616614,0.14872128382634742
119.5,-50.728299820840085,-9.802745561688319,-78.10763638790385,32.44686999657398,32.46282540530032,1.666761300281287,26.46420403485603,0.14695651845073598
119.55000000000001,-50.5428334298394,-10.683428375083233,-77.11534538620096,32.44800966862586,32.462394717074716,1.6595940069414823,26.46468793053333,0.14516508213105794
119.60000000000001,-50.34214329371389,-11.560767231661423,-76.12301078990917,32.44903717208649,32.4620301093982,1.6525191098118555,26.465104888789384,0.1433458667960963
119.65,-50.12628894094875,-12.43449882568349,-75.13063688874183,32.44996523903732,32.46166013565969,1.645538084498689,26.465527783468147,0.14149794259253667
119.7,-49.895334522013464,-13.30436091611752,-74.13822748565256,32.45080058879606,32.46127305042955,1.6386524461080825,26.46596859608206,0.13962050626332712
119.75,-49.649348782543555,-14.170092407965566,-73.1457861267844,32.45154862176989,32.46086589634583,1.6318637411138042,26.466430342585564,0.1377127678121326
119.80000000000001,-49.388405038603544,-15.031433433633431,-72.1533161518831,32.452214141382456,32.46043979039366,1.6251735428261114,26.46691188095447,0.1357740998855661
119.85000000000001,-49.112581151274966,-15.88812543381725,-71.16082071710139,32.4528016877404,32.46007380763762,1.618583447642962,26.46733254508931,0.1338039657538559
119.9,-48.8219595001581,-16.739911237820877,-70.16830280504365,32.45332112487591,32.459636553909206,1.6120950716515665,26.46782635520797,0.13180190366298916
119.95,-48.51662695560844,-17.58653514324691,-69.17576502106404,32.45377222694972,32.459160002796715,1.605710047380704,26.46836068848134,0.12976751982790802
120.0,-48.196674846584855,-18.42774299385897,-68.1832099792468,32.45415706808165,32.45878875375844,1.5994300173475153,26.46878802437532,0.12770048541725032
120.05000000000001,-47.86219893285019,-19.2632822587241,-67.19064021440394,32.45448790277285,32.45831976084058,1.5932566336628966,26.469315480955473,0.12560060066377332
120.10000000000001,-47.513299374456174,-20.09290211031425,-66.19805779258158,32.454761606920535,32.45786008068719,1.5871915562513266,26.46983383043058,0.12346767369237455
120.15,-47.1500806942458,-20.916353499496534,-65.20546489939353,32.454982926475296,32.457421219496645,1.5812364449495462,26.470331315985366,0.1213015482314006
120.2,-46.77265174759407,-21.733389233249568,-64.21286353892155,32.45515709026253,32.45695692462502,1.5753929608456048,26.470855105912456,0.11910222603560783
120.25,-46.38112568643765,-22.543764049884032,-63.22025551523037,32.45528564985985,32.45646463405254,1.569662762887738,26.47140779541331,0.11686968207882842
120.30000000000001,-45.97561992177782,-23.347234693297747,-62.22764257304454,32.45536986301648,32.45597588944873,1.5640475042029607,26.47195718312389,0.11460395915733557
120.35000000000001,-45.55625608690551,-24.143559987383767,-61.23502640898382,32.45541315061878,32.45552743331192,1.5585488306266626,26.47246575673222,0.11230517369554605
120.4,-45.12315999948174,-24.93250090979699,-60.242408588799016,32.45542131366829,32.454945532629324,1.5531683794105575,26.473110759587897,0.10997347152596149
120.45,-44.67646162119858,-25.713820664340027,-59.24979045630699,32.45538732930836,32.45452712606247,1.5479077766330818,26.473589184027617,0.10760902432210173
120.5,-44.21629501499212,-26.4872847517626,-58.25717362401018,32.45532588621937,32.45395336380609,1.542768633182412,26.474226353083125,0.10521205554951507
120.55000000000001,-43.74279830767604,-27.252661043635317,-57.26455914243955,32.45522784890413,32.45345460579275,1.537752548450385,26.474787181264105,0.10278286901339584
120.60000000000001,-43.25611364013667,-28.00971984873707,-56.271948411632096,32.455101188681894,32.45294274360592,1.5328611009824797,26.47536154915967,0.10032169464054164
120.65,-42.756387128589964,-28.75823398598323,-55.279342526645976,32.45494701403361,32.452393179186224,1.5280958534508073,26.475974532738075,0.09782894935810305
120.7,-42.24376881589235,-29.497978851113807,-54.286742540121566,32.454764597258794,32.45180533556505,1.5234583473519976,26.47662669617077,0.09530495063344802
120.75,-41.718412625211684,-30.228732484641206,-53.294149532528884,32.454553221423524,32.45134102123279,1.5189501018355784,26.47715287573664,0.09275012197619503
120.80000000000001,-41.180476313415525,-30.950275639588398,-52.30156461175316,32.454323778552755,32.45066650672743,1.514572613642791,26.47789364117848,0.09016491032838303
120.85000000000001,-40.63012142324661,-31.662391848410493,-51.30898846896015,32.45406254485095,32.45020120646532,1.5103273570461226,26.478420906889923,0.08754976385574764
120.9,-40.06751322885935,-32.3648674847199,-50.3164223203431,32.45378673496626,32.449532582152976,1.5062157768195803,26.479155696274148,0.08490513193336824
120.95,-39.49282069194326,-33.057491833131756,-49.32386672348897,32.45348286690817,32.449000188898445,1.5022392960107567,26.479751407861876,0.08223160453084688
121.0,-38.906216402160226,-33.74005714664259,-48.331322751755124,32.45316267562176,32.448422743323825,1.4983993051282027,26.480393045503433,0.07952961617647247
121.05000000000001,-38.30787653082451,-34.41235871466839,-47.3387910295366,32.45282410902905,32.44779225854474,1.4946971697854394,26.481088736101185,0.07679981765107868
121.10000000000001,-37.697980771880765,-35.07419492040395,-46.346272259720315,32.452464691137315,32.447226893807276,1.4911342231998432,26.481717835160346,0.07404270685526626
121.15,-37.07671228820614,-35.725367302490774,-45.353767239899305,32.452090562756595,32.44657159266667,1.487711766986628,26.482438597872793,0.07125893171192388
121.2,-36.444257656963735,-36.36568061597101,-44.36127653272578,32.451696350607314,32.44596718283538,1.4844310722180296,26.48310723271077,0.06844912426430483
121.25,-35.800806810203575,-36.99494288863927,-43.36880090639538,32.45128712433789,32.445330806698735,1.4812933753144932,26.483808297690516,0.0656138953719676
121.30000000000001,-35.14655297941927,-37.61296548119076,-42.376340935143446,32.45086167307795,32.44469244865362,1.4782998808660466,26.4845111534472,0.0627539380707276
121.35000000000001,-34.48169263466994,-38.21956314190155,-41.3838972395113,32.450421014190496,32.444080630452675,1.4754517581890738,26.485186650158788,0.05986988896893308
121.4,-33.80642542540512,-38.81455406291775,-40.391470401104044,32.449968129637796,32.44339327406711,1.4727501416685769,26.485938982935508,0.05696245353945528
121.45,-33.120954119410776,-39.39775993450891,-39.3990608874377,32.44949849709704,32.442791739886225,1.4701961297730932,26.486603368043053,0.05403233040993882
121.5,-32.42548454010045,-39.96900599729965,-38.40666933900938,32.44901944301055,32.442056416900854,1.467790782900991,26.48740401915891,0.05108023790967309
121.55000000000001,-31.72022550580281,-40.528121096846746,-37.41429611603628,32.44852208400271,32.44145462303879,1.465535125748545,26.488067946757813,0.04810693744204286
121.60000000000001,-31.005388763634745,-41.074937731603356,-36.421941918537996,32.44801726536243,32.44066218995587,1.463430142570374,26.48892615253162,0.045113143048922666
121.65,-30.281188928574004,-41.609292107367224,-35.42960703165312,32.44749190283339,32.44007235442891,1.4614767821931522,26.489577038355844,0.042099663563419654
121.7,-29.54784341442508,-42.13102418121131,-34.437292241008564,32.446961935090215,32.43940746921073,1.459675951187215,26.49030411387961,0.03906720754443427
121.75,-28.80557237252927,-42.63997771579271,-33.444997722526246,32.446422330384536,32.43861604946537,1.4580285214301654,26.491159943962987,0.03601662011874396
121.80000000000001,-28.054598619480863,-43.13600031833456,-32.452723844591304,32.445864738890315,32.43814993264534,1.4565353202441784,26.49168302540986,0.032948595140993575
121.85000000000001,-27.29514757149027,-43.61894348859995,-31.46047129496096,32.445313681301386,32.437077484629896,1.4551971331478555,26.492824876665452,0.029864023719738952
121.9,-26.52744717879171,-44.08866266752549,-30.468239823449014,32.444725381539136,32.43680694850735,1.454014708615695,26.493147090868533,0.026763741926458806
121.95,-25.751727848906384,-44.545017267855386,-29.476030854295335,32.44415977917972,32.43577022383223,1.452988743100967,26.494251355564916,0.023648490643211062
122.0,-24.96822239045825,-44.987870738635486,-28.483843519051426,32.443560525226324,32.43518730159342,1.4521199071093278,26.494891474831196,0.02051931029456
122.05000000000001,-24.177165924578382,-45.41709057483793,-27.491679104571872,32.44296243782397,32.43437243289944,1.4514088089687434,26.495767920065624,0.017376719832782328
122.10000000000001,-23.378795830598342,-45.832548386219905,-26.499537565933583,32.44234886604365,32.43370574813646,1.4508560284859726,26.49649234794137,0.014221962811689082
122.15,-22.57335166404765,-46.234119917294336,-25.50741949507261,32.44173150047885,32.43271925340652,1.4504620958404573,26.497542855100168,0.011055609655414855
122.2,-21.761075088926496,-46.62168509311571,-24.515325036770435,32.44108776854512,32.43242298358997,1.4502275014167907,26.49788749776588,0.007878652910306982
122.25,-20.94220980150979,-46.9951280486845,-23.52325519912469,32.44046885533403,32.430395806884256,1.4501526886238238,26.5,0.0046918884733315736
122.30000000000001,-20.11700146231351,-47.354337175685636,-22.531209032568263,32.43974935187333,32.430435422346754,1.450238067313613,26.499999999999993,0.0014962558593367703
122.35000000000001,-19.285697609423316,-47.699205127472865,-21.53919038388912,32.439084071192866,32.430474303489774,1.4504839829019502,26.499999999999993,0.001707573795783901
122.4,-18.448547612670453,-48.029628920406545,-20.547197178910963,32.4384690877855,32.430512425186215,1.4508907915977787,26.500000000000007,0.004918311766743955
122.45,-17.6058025621213,-48.34550987864067,-19.555227493677414,32.43790075474269,32.432552120048165,1.4514587672899637,26.497954086177472,0.008136173916568623
122.5,-16.75771519547966,-48.64675366453981,-18.56327954378244,32.437518709407364,32.43318759335831,1.45218810382341,26.497342165351405,0.011359513843700597
122.55000000000001,-15.904539824793398,-48.93327030778128,-17.571346204681728,32.43720934397529,32.43396984182475,1.4530789171340857,26.496579457353853,0.01458673066892402
122.60000000000001,-15.046532236563598,-49.20497415122131,-16.579424696742407,32.43697795096454,32.434937228117334,1.4541311613392693,26.49562677082141,0.017816266213515064
122.65,-14.183949641790951,-49.46178393918759,-15.587512037987102,32.43683218504688,32.43580908248033,1.4553446970063249,26.49477082409006,0.021044884103673667
122.7,-13.317050600830528,-49.70362283759291,-14.595604953747745,32.43675910629213,32.43645623209721,1.4567192880265978,26.49414353361118,0.024270713341110195
122.75,-12.446094947790101,-49.93041845138851,-13.603700664247388,32.43673747242106,32.43754427643589,1.4582545971019556,26.49306498935127,0.02749182040545861
122.80000000000001,-11.571343717881097,-50.14210285273327,-12.611797202086807,32.43679510127926,32.438106755469164,1.459950193635322,26.492522372284153,0.030706181507156316
122.85000000000001,-10.693059074881937,-50.338612612979,-11.619891536036556,32.43688879086425,32.43911434088789,1.461805566638283,26.491524211781442,0.03391193066732967
122.9,-9.811504231277384,-50.5198888047896,-10.627982287026954,32.43704775872308,32.43981554716372,1.463820108195229,26.490838055202545,0.037107460059218056
122.95,-8.92694337738905,-50.68587704463911,-9.636066958611957,32.43724545789741,32.44066747823779,1.4659931396197265,26.489997036280506,0.04029083113891829
123.0,-8.039641600745709,-50.836527491586914,-8.644144069560534,32.43748988792172,32.4413935896803,1.4683238941323324,26.489283584271163,0.043460628489953024
123.05000000000001,-7.149864811727508,-50.97179487762088,-7.65221183269257,32.43776872376162,32.4423536318146,1.4708115330644205,26.488330316640557,0.04661509025211785
123.10000000000001,-6.257879664848915,-51.09163851636727,-6.660268932153438,32.43809621719397,32.4428912103437,1.4734551413335097,26.48780752675945,0.04975277864176064
123.15,-5.363953481652613,-51.196022322563884,-5.668313507020058,32.438438716704674,32.443873912953265,1.4762537351524117,26.48682928321368,0.05287216538178541
123.2,-4.468354171194669,-51.28491481441362,-4.676344983305588,32.438826945008145,32.444501602869146,1.4792062537962423,26.486212622888896,0.05597187637803813
123.25,-3.571350153438172,-51.35828914322624,-3.6843616120337224,32.4392322777125,32.44532871862053,1.4823115801698705,26.485391424530505,0.0590503728766123
123.30000000000001,-2.6732102782648113,-51.416123083292426,-2.692362738920521,32.439667737777356,32.4460695067599,1.485568522723888,26.484657464727647,0.062106527472565176
123.35000000000001,-1.7742037476218,-51.45839905591537,-1.700347211597768,32.4401250069904,32.4467580139744,1.4889758330451457,26.483975983061963,0.06513885108034856
123.4,-0.8746000353301828,-51.48510412717799,-0.7083141957994311,32.44059879320354,32.44757405233378,1.4925321984475701,26.483163417831395,0.06814620642515479
123.45,0.02533119236021797,-51.49623001714906,0.28373694036208164,32.44109702599856,32.4482641220229,1.49623624740385,26.48247857911768,0.07112730804848866
123.5,0.9253201567049898,-51.49177310592882,1.2758071320728712,32.44160896142886,32.449033404899076,1.5000865531783276,26.481712015386183,0.07408097912559697
123.55000000000001,1.8250970465408083,-51.47173443038922,2.2678969036271486,32.442139278819596,32.449714616687714,1.5040816295350226,26.48103450724166,0.07700611548955294
123.60000000000001,2.7243920984128644,-51.43611969076592,3.2600069583088596,32.4426803743816,32.45044908795033,1.5082199376826821,26.480301800620317,0.07990152713389875
123.65,3.6229356767309175,-51.38493924661594,4.2521377085983145,32.44323528249365,32.45112372245863,1.5124998839712802,26.47962935312738,0.08276616295319172
123.7,4.5204583542032,-51.31820811877454,5.2442896830504955,32.44379874249115,32.45181364782486,1.5169198249851021,26.47894049639252,0.08559892577196138
123.75,5.416690992031101,-51.23594598354792,6.236463209025904,32.44437123572927,32.452502271951275,1.5214780662607836,26.47825218406418,0.08839882027643853
123.80000000000001,6.311364820414639,-51.138177170496185,7.22865863230882,32.44495202403084,32.453152411397475,1.5261728660049485,26.477602382741317,0.09116482551362992
123.85000000000001,7.20421151879911,-51.024930655388886,8.220876270461547,32.4455377659856,32.45385882130988,1.5310024353771183,26.476894406772512,0.09389599488329736
123.9,8.094963296080671,-50.89624005250841,9.213116313248905,32.44613212708019,32.45446277704598,1.5359649395201913,26.476290259826087,0.09659138744339657
123.95,8.983352970955746,-50.752143607113815,10.205379090650743,32.44672717350632,32.45512964675106,1.5410585001693917,26.47562119960204,0.09925008286145953
124.0,9.86911405152755,-50.59268418235545,11.197664629181745,32.44732735016666,32.4557520018164,1.5462811940649885,26.47499687658955,0.10187121298400825
124.05000000000001,10.751980815885656,-50.41790925168217,12.189973125383037,32.447929110998786,32.456335221157076,1.5516310583480148,26.47441181875447,0.10445387791193639
124.10000000000001,11.63168839130387,-50.22787088252529,13.182304640158607,32.44852954743867,32.45702615266005,1.5571060885308512,26.47371620653121,0.10699728566052613
124.15,12.50797283406557,-50.02262572332825,14.174659123154164,32.44913644781162,32.45753585996196,1.5627042412818284,26.473204881333814,0.10950060365672698
124.2,13.3805712091106,-49.802234988793494,15.167036821942613,32.44973640582236,32.45817671548377,1.5684234368386143,26.472559136505254,0.11196305501954384
124.25,14.249221667857947,-49.56676443751792,16.159437471264745,32.450339285083885,32.45873518636937,1.5742615550057408,26.47199686641833,0.11438391113571811
124.30000000000001,15.11366352886851,-49.31628436060043,17.1518611831767,32.45093899231857,32.45929284575247,1.5802164438988413,26.47143486248477,0.11676236334253076
124.35000000000001,15.973637354718896,-49.05086955533846,18.144307836641676,32.451535696135274,32.459866317572335,1.5862859147167185,26.47085618776417,0.11909777786200948
124.4,16.828885031007754,-48.770599306823726,19.136777317068233,32.452130740523636,32.460406642727406,1.5924677461122414,26.47031081301419,0.12138941635754463
124.45,17.679149844046545,-48.47555736453736,20.129269561275873,32.45272187639533,32.46091680661845,1.5987596848102825,26.469795712577728,0.12363662791045726
124.5,18.524176557889643,-48.16583191693653,21.121784420039663,32.453307228554124,32.46146038325274,1.6051594455287983,26.469246054323058,0.12583877396082244
124.55000000000001,19.363711491644352,-47.84151556673896,22.11432167238968,32.453889596746876,32.46197419819252,1.6116647130681727,26.468726306993304,0.12799521437031558
124.60000000000001,20.197502596350095,-47.50270530462523,23.106881204458237,32.45446706827871,32.462411091484334,1.6182731441844993,26.468284596427864,0.1301053507874883
124.65,21.025299530365483,-47.149502478992815,24.099462829197716,32.455034498507686,32.46295948655142,1.6249823666617473,26.46772874212743,0.1321686223265317
124.7,21.84685373527406,-46.78201276703201,25.092066162727907,32.455600569082236,32.46342149284134,1.6317899812238181,26.467260623880442,0.13418444954496067
124.75,22.661918512179152,-46.40034614621136,26.084691153303506,32.4561592064936,32.46385918102449,1.638693565396089,26.46681694656058,0.13615229124141592
124.80000000000001,23.470249094037534,-46.0046168568828,27.07733751680922,32.45670920467438,32.46432663465287,1.6456906690650683,26.46634256790021,0.13807168344541765
124.85000000000001,24.271602721049177,-45.59494337168357,28.07000492297534,32.4572533068157,32.464770513622454,1.6527788189122816,26.46589191472586,0.13994207337958642
124.9,25.065738714359178,-45.171448360934285,29.062693146475112,32.45779025015904,32.46518935242097,1.6599555199293334,26.465466501352076,0.14176299694426575
124.95,25.8524185480429,-44.734258654656394,30.055401913659644,32.458318757463466,32.46558702691755,1.6672182545653698,26.465062394171696,0.14353402034103624
125.0,26.63140592153033,-44.28350520547696,31.04813090200163,32.45883791956733,32.46598028307127,1.6745644842878775,26.46466253399616,0.14525469272072655
125.05000000000001,27.40246683142955,-43.81932305025621,32.040879754176416,32.45934808838904,32.466424106781425,1.6819916511574817,26.464210864401462,0.14692459445015515
125.10000000000001,28.165369642604528,-43.34185127025103,33.033648126312094,32.45985351827421,32.46676105858274,1.6894971791863114,26.46386796702369,0.14854333739208414
125.15,28.919885158171784,-42.851232949386144,34.026435837306664,32.46034691401053,32.46708730167342,1.6970784749428702,26.463535788258294,0.1501105605765929
125.2,29.665786687438995,-42.34761512937097,35.01924242691643,32.46082837027217,32.4674793891355,1.7047329258160104,26.46313627955315,0.15162591513117718
125.25,30.402850116893177,-41.83114876941978,36.01206743850516,32.46130344304812,32.46785104555223,1.7124579052243547,26.462757442889885,0.15308901746280412
125.30000000000001,31.13085397811868,-41.30198870097096,37.00491062801433,32.46177112894127,32.46813428897951,1.7202507733874057,26.462468631207173,0.15449958816688536
125.35000000000001,31.84957951293914,-40.76029357860318,37.99777171298369,32.46222564037258,32.46843747723847,1.728108874817302,26.46215946190587,0.1558573632610205
125.4,32.55881073993982,-40.20622583306379,38.990650189485734,32.46266934300586,32.46875144060646,1.7360295397564016,26.46183931035289,0.1571620285979236
125.45,33.25833452200869,-39.6399516253516,39.9835456440994,32.463103778548756,32.469048112335805,1.7440100884928498,26.46153679632185,0.15841329878199417
125.5,33.947940630108576,-39.06164079571815,40.97645772238509,32.46352837381926,32.469328090705226,1.7520478307775633,26.461251308905545,0.15961097472896313
125.55000000000001,34.627421806401244,-38.47146681199476,41.96938604795984,32.463942639311114,32.46959075264907,1.760140065738291,26.46098348263103,0.1607548456942709
125.60000000000001,35.29657382726522,-37.86960671780869,42.96233022569862,32.464346075978106,32.469837292053576,1.7682840830665896,26.460732099400317,0.16184469921455502
125.65,35.95519556538767,-37.256241079651026,43.95528984136894,32.464738305697786,32.470068786042425,1.7764771641558283,26.460496060281443,0.16288034656597006
125.7,36.60308905094531,-36.631553932855155,44.94826446625767,32.46511905429383,32.47028566724948,1.7847165832459524,26.460274923569834,0.16386162178477548
125.75,37.2400595317996,-35.99573272644549,45.9412536611486,32.46548809807637,32.470488338097965,1.7929996084961033,26.460068278421296,0.1647883818024809
125.80000000000001,37.86591553268883,-35.34896826688471,46.93425697825447,32.46584525807791,32.470712257934586,1.8013235029950536,26.459839970271148,0.165660505003018
125.85000000000001,38.48046891341698,-34.69145466076267,47.927273962928275,32.46619290092482,32.47093067567707,1.8096855257412514,26.459617274745284,0.16647788997900648
125.9,39.083534926021414,-34.02338925644855,48.92030425107781,32.466531313407124,32.47110164432538,1.818082932595594,26.459442959481365,0.1672404549239559
125.95,39.67493226976617,-33.344972583738006,49.91334748957736,32.466857765615565,32.4712496040932,1.8265129757035865,26.45929210480344,0.16794813708685297
126.0,40.2544831459667,-32.65640829342432,50.90640322082407,32.467171468363965,32.471385074843205,1.8349729041672234,26.459153984571174,0.16860086215984893
126.05000000000001,40.82201331315408,-31.95790309707123,51.89947095700404,32.467472440255335,32.4715082949846,1.8434599665292808,26.459028355431315,0.16919856927273713
126.10000000000001,41.37735214033501,-31.249666705020314,52.892550211005094,32.467760715593144,32.471619488434825,1.8519714120894477,26.458914988837652,0.16974124724114859
126.15,41.92033265879488,-30.531911763154316,53.88564049701812,32.46803634222469,32.47173064615531,1.8605044917330602,26.45880165936314,0.17022891120333838
126.2,42.45079161278035,-29.80485378875569,54.87874133105567,32.46830022107688,32.471840582482244,1.869056458748183,26.458689575824902,0.1706615928722499
126.25,42.968569509046574,-29.068711105481498,55.871852263599514,32.468553104034406,32.4719361495265,1.8776245696322391,26.45859214277082,0.17103934030245682
126.30000000000001,43.47351066483515,-28.323704777192336,56.864972873898,32.46879475014099,32.47201753262557,1.886206084383197,26.4585091710155,0.17136221768112136
126.35000000000001,43.96546325474307,-27.57005854102918,57.858102731971066,32.46902494888988,32.472084892460614,1.894798266877764,26.458440496548505,0.17163029501915616
126.4,44.44427935690439,-26.80799874002204,58.85124139977552,32.4692435162878,32.472138366205485,1.903398385843495,26.458385979360997,0.17184364989134338
126.45,44.90981499797826,-26.03775425488116,59.844388432219965,32.469450291281916,32.47217807110039,1.9120037158094547,26.4583454998009,0.1720023793146197
126.5,45.361930196929954,-25.259556434994167,60.83754337804298,32.469645132697515,32.472204104837154,1.9206115380375763,26.458318958178904,0.1721065993191928
126.55000000000001,45.80048900759188,-24.47363902865251,61.83070578057401,32.46982791642178,32.47221654588869,1.929219141436434,26.458306274431585,0.1721564445624324
126.60000000000001,46.225359559991986,-23.68023811253051,62.823875178386665,32.46999853281227,32.472215453782454,1.9378238234591905,26.458307387841916,0.17215206797715155
126.65,46.636414100437314,-22.879592020440327,63.8170511058528,32.47015688431014,32.472200869319444,1.9464228909870656,26.4583222568154,0.17209364045513098
126.7,47.033529030340844,-22.071941271386187,64.81023309360538,32.47030288323938,32.47217281473819,1.9550136611995867,26.45835085871267,0.17198135055750186
126.75,47.416584943780286,-21.257528496941266,65.80342066891681,32.47043644977501,32.472131293823914,1.963593462432918,26.458393189738022,0.17181540425042385
126.80000000000001,47.78546666377776,-20.436598367970653,66.79661335599998,32.47055751006422,32.47207629196413,1.9721596350272534,26.45844926488293,0.17159602466662705
126.85000000000001,48.140063277289826,-19.60939752072388,67.78981067623704,32.47066599448564,32.47200777614932,1.9807095321643402,26.458519117925604,0.17132345188670683
126.9,48.48026816889764,-18.776174482320528,68.78301214834178,32.47076183603304,32.471925694919484,1.989240520695951,26.45860280148608,0.1709979427417352
126.95,48.80597905318746,-17.93717959565247,69.77621728846005,32.470844968810646,32.47182997825503,1.9977499819642617,26.45870038713815,0.17061977063221434
127.0,49.117098005812096,-17.09266494372644,70.76942561021264,32.4709153266281,32.47172053741248,2.006235312614635,26.458811965577873,0.17018922536621517
127.05000000000001,49.41353149322438,-16.242884273470526,71.76263662468446,32.47097284168413,32.4716124112422,2.0146939254018292,26.458922204324963,0.16970661300746315
127.10000000000001,49.695190401073965,-15.388092919028415,72.75584984036325,32.47101852522399,32.4715028869506,2.0231232499899647,26.459033869176523,0.16917225574388794
127.15,49.96199006125935,-14.528547724565108,73.74906480443714,32.471053122490176,32.47138210256217,2.0315207337470014,26.45915701497188,0.16858649176271
127.2,50.213850277002905,-13.664506966425996,74.74228109261472,32.47107662106675,32.47124992443301,2.039883841883899,26.45929177819735,0.16794967514073278
127.25,50.450695346702545,-12.79623027495088,75.73549828012843,32.471088999878624,32.471106199791606,2.0482100577470703,26.459438314866794,0.16726216273795558
127.30000000000001,50.672454086845896,-11.923978556024494,76.72871594140352,32.471090228443835,32.470943023267594,2.0564968835594755,26.459604685402812,0.16652431726342343
127.35000000000001,50.87905985355487,-11.0480139122388,77.7219336496982,32.47107971378839,32.47073265183956,2.0647418411600427,26.459819176831893,0.16573651624810282
127.4,51.07045056275453,-10.16859956369083,78.71515095557643,32.47105492364919,32.47051242324907,2.0729424727415235,26.460043721122062,0.16489915201134409
127.45,51.24656870928621,-9.2859997685049,79.70836731268787,32.47101617362061,32.47031883350733,2.0810963419191637,26.46024110677676,0.16401263162961754
127.5,51.40736138577996,-8.400479743216946,80.70158218676143,32.47096636361252,32.47011252579117,2.0892010359573305,26.46045146208749,0.1630773835528032
127.55000000000001,51.55278029845998,-7.512305582460757,81.69479515451238,32.47090537519671,32.46989323650212,2.097254166275924,26.460675056269363,0.16209388076333653
127.60000000000001,51.68278178000089,-6.62174417817851,82.68800578812488,32.47083307957567,32.469660679678306,2.1052533673950435,26.46091218138119,0.1610626063718712
127.65,51.79732680274994,-5.729063138969421,83.68121365485563,32.47074933672585,32.469414513800324,2.1131962976862084,26.461163186175845,0.15998402238238896
127.7,51.896380990544145,-4.834530709216072,84.67441831660442,32.47065399223117,32.46915266179911,2.1210806401216615,26.461430189158456,0.1588586058232977
127.75,51.9799146291188,-3.9384156880126113,85.66761932936367,32.47054675434316,32.46887639644167,2.1289041030219877,26.461711892058176,0.15768684870906213
127.80000000000001,52.04790267510609,-3.0409873479191916,86.66081623796308,32.47042744306449,32.4685852388552,2.1366644208039034,26.46200870127345,0.15646925800652411
127.85000000000001,52.10032476369432,-2.1425153535709827,87.65400858034677,32.470295857049535,32.46827870313671,2.144359354801807,26.462321051912628,0.1552063556383132
127.9,52.137165214796134,-1.2432696801520806,88.64719588675688,32.47015177462718,32.4680196907266,2.1519866940132317,26.462584787130687,0.1538986799580755
127.95,52.1584130378027,-0.3435205317682204,89.64037767895591,32.46999948292,32.46771291148229,2.1595442558480684,26.462897063106574,0.1525467842284911
128.0,52.16406193492152,0.5564617402579239,90.63355364278368,32.46983615638874,32.467355653583596,2.1670298868806483,26.46326063303434,0.1511512366967338
128.05,52.154110300373766,1.4564067191148693,91.62672335594722,32.46965897761694,32.46699788904149,2.1744414608823206,26.463624523570335,0.14971262065159863
128.1,52.12856122243928,2.356044004145174,92.61988628833356,32.469468899861546,32.466693772402046,2.1817768811207543,26.463933491985806,0.148231480033445
128.15,52.08742248406793,3.25510329262687,93.61304194631762,32.46927067647158,32.46637499281449,2.1890340826447527,26.464257186027456,0.14670840476867397
128.20000000000002,52.030706559792804,4.153314461525152,94.6061900181933,32.46906384192465,32.46594515448793,2.196211032292183,26.464693900971916,0.14514403047996893
128.25,51.958430608937796,5.050407648952191,95.5993301744429,32.468841078536315,32.4655830592874,2.203305726403947,26.465061272499938,0.1435389929486064
128.3,51.87061647054045,5.946113335602405,96.59246180550512,32.46860836287568,32.46521317351337,2.2103161916659033,26.465436317814984,0.14189388223528
128.35,51.76729066094533,6.840162426576448,97.5855845305501,32.468365849349794,32.46482594234745,2.217240490059851,26.465828767216575,0.14020930523912511
128.4,51.648484362011004,7.732286332395326,98.57869797466296,32.46811299884963,32.46441825738578,2.224076715812245,26.46624177690149,0.13848596787894962
128.45000000000002,51.51423341139363,8.622217050068523,99.57180174230353,32.46784908874507,32.463991199506744,2.2308229958329946,26.466674230535936,0.13672451504788796
128.5,51.36457829182873,9.509687244040137,100.56489541028377,32.46757352522805,32.46354918620915,2.2374774905609556,26.467121608513416,0.1349256004149879
128.55,51.19956411910606,10.394430326974755,101.55797853269867,32.467286072440984,32.46318846176029,2.244038394909566,26.46748572637737,0.1330898945592196
128.6,51.01924062855398,11.276180540331755,102.55105065462548,32.46699338596379,32.4626970354214,2.250503939124357,26.467982801827702,0.13121808697221127
128.65,50.82366215990298,12.15467303466516,103.54411157584912,32.46668650378219,32.46223061560827,2.2568723894146814,26.468453997321895,0.12931088429581905
128.70000000000002,50.61288763671846,13.0296439486825,104.53716075319787,32.466368226055486,32.46182992555631,2.2631420444324917,26.46885775511317,0.1273690058064858
128.75,50.38698055360948,13.900830490016325,105.53019775066758,32.46604406173412,32.461316444777125,2.2693112411287473,26.469376167053515,0.12539310035620588
128.8,50.14600895512567,14.767971014224575,106.52322234307809,32.46570637480862,32.46084355260231,2.2753783535281684,26.469852759176472,0.12338393392511193
128.85,49.89004541174544,15.630805102830395,107.51623401304388,32.46535903036531,32.460377625831974,2.28134178986506,26.470321815738913,0.12134224798842297
128.9,49.619167002106934,16.48907364308555,108.50923239109672,32.46500321575579,32.459887942078154,2.287199997610088,26.470814665342502,0.11926872673782896
128.95000000000002,49.33345528720013,17.34251890551602,109.50221715321301,32.46463783906454,32.459372082101844,2.2929514615722866,26.47133376469723,0.1171641549005642
129.0,49.03299628477602,18.190884621385248,110.49518793359313,32.464261713567204,32.45883061917455,2.2985947035999175,26.47187851814726,0.11502927924397
129.05,48.717880443708886,19.03391606012793,111.48814432103494,32.46387377825344,32.45839564221889,2.304128283640374,26.472314147570685,0.1128648405526178
129.1,48.38820261705017,19.871360106383907,112.4810858637462,32.46348248282241,32.457796746924075,2.309550800845983,26.472916527435007,0.11067160080912686
129.15,48.04406203365491,20.702965336562485,113.47401243327826,32.46307635882967,32.45729753501347,2.3148608945927407,26.47341669707133,0.10845034411218535
129.20000000000002,47.6855622632158,21.52848209265839,114.46692346234393,32.462663585699936,32.456789770984315,2.3200572397712875,26.473925076550543,0.10620187493515232
129.25,47.312811191053655,22.3476625600781,115.4598186966554,32.46224402750597,32.45618789445327,2.3251385540392846,26.474528961017892,0.1039269035709367
129.3,46.925920980697036,23.160260840368064,116.45269787673072,32.461811446573634,32.45566293996919,2.3301035932522183,26.475053819848373,0.10162628535994145
129.35,46.52500803981879,23.96603302519226,117.44556050441635,32.46137226753046,32.45510796041883,2.33495115188137,26.475608771339573,0.0993007842586735
129.4,46.110192988143694,24.76473727139594,118.43840632740316,32.46092481702248,32.45451915935992,2.339680067087947,26.47619768279148,0.09695117258303299
129.45000000000002,45.68160061724184,25.556133872099235,119.43123502936118,32.460467270046585,32.453937703867474,2.3442892151746406,26.476778536395564,0.09457830413154511
129.5,45.23935985345493,26.339985329229453,120.42404622413996,32.46000087246236,32.45340212416607,2.3487775128933848,26.47731200083902,0.09218296173386875
129.55,44.78360371961146,27.116056425498382,121.41683957327064,32.459529533298344,32.452727382941276,2.353143918832707,26.47798691050064,0.089765954374883
129.6,44.31446929388135,27.88411429479918,122.4096148878626,32.45904366541569,32.45224446019375,2.357387432947583,26.47846546644101,0.08732811878644497
129.65,43.8320976660866,28.64392849096732,123.40237161221062,32.45855800789984,32.45154617862525,2.3615070944773677,26.47916323018213,0.08487028229751559
129.70000000000002,43.336633899682205,29.395271060093,124.39510975456413,32.458057162951654,32.45099099512047,2.365501987963661,26.47971434429587,0.0823932305956987
129.75,42.82822698020163,30.137916604228465,125.38782873403879,32.45755243667799,32.450398738362445,2.369371234635807,26.48030269395571,0.07989786972586899
129.8,42.30702977771394,30.871642354164372,126.3805284023464,32.45704145822688,32.449762184405095,2.3731140018980525,26.48093565141478,0.07738493344291442
129.85,41.77319899473233,31.596228232539904,127.3732085204948,32.456521510096756,32.44909869635157,2.376729496755125,26.481595492810392,0.074855345244913
129.9,41.226895119842276,32.31145692063911,128.3658687455296,32.45599130911496,32.44856287954466,2.3802169674467066,26.48212439274215,0.07230989714145153
129.95000000000002,40.66828238028253,33.01711392457342,129.35850868541525,32.45546070700279,32.44781279552974,2.3835757052786377,26.48287140553371,0.06974941383163014
130.0,40.09752869264763,33.712987640164954,130.35112832504365,32.45491442761186,32.447328077765874,2.3868050455800827,26.483346896725834,0.0671747566386216
130.05,39.514805607336314,34.398869412663146,131.34372706486914,32.454372545480005,32.44655873295,2.389904361957271,26.484112340388045,0.06458680602889899
130.1,38.92028826357507,35.07455360514294,132.33630507337446,32.45381441601358,32.44597765834621,2.392873075637155,26.484684954610614,0.061986327543763764
130.15,38.31415532713913,35.73983765227435,133.32886172922994,32.453254647608766,32.44534478079175,2.395710643554324,26.485309834230378,0.059374273597683214
130.20000000000002,37.69658894551217,36.39452212916698,134.32139696999957,32.45268965712184,32.4446507621273,2.39841657089778,26.4859965192127,0.05675135834337652
130.25,37.06777468611608,37.03841080524395,135.31391059617178,32.45211545033651,32.44404434358047,2.4009904024597617,26.486593142183025,0.054118546869119655
130.3,36.42790148172563,37.67131070436157,136.30640225544036,32.451538942711075,32.44335528837967,2.4034317249057153,26.48727352543201,0.05147663123963753
130.35,35.777161574917,38.293032164250725,137.2988718600658,32.45095439597311,32.44266751018351,2.4057401692797242,26.487951992524223,0.04882644891907262
130.4,35.11575045692901,38.903388890274016,138.29131910279526,32.45036247555957,32.442103584997035,2.407915406942159,26.488503375116558,0.046168887480178
130.45000000000002,34.44386681087308,39.50219801358678,139.28374370184363,32.44977255480511,32.44132400791031,2.409957153100052,26.489274370683063,0.043504753248697625
130.5,33.761712451258234,40.08928014553975,140.27614573400305,32.449169087169764,32.44071862305227,2.4118651664774546,26.489866878622816,0.04083492315785975
130.55,33.069492259259576,40.66445942697237,141.2685246813555,32.44856548258994,32.440029290559075,2.4136392437418053,26.490544521081073,0.0381602675480508
130.6,32.36741412681455,41.22756358780099,142.26088053897163,32.44795575458774,32.43923876292413,2.415279228893631,26.491324928566602,0.03548154528701275
130.65,31.655688888544372,41.778423992267726,143.25321307292575,32.44733311232605,32.43881001616399,2.416785005244293,26.49173525339613,0.0327997030365168
130.70000000000002,30.934530260316247,42.31687569198844,144.24552178953988,32.44672431974305,32.43777531096452,2.418156499037849,26.492763911542966,0.030115527013236942
130.75,30.20415477698329,42.842757478463454,145.23780721891083,32.446085104830296,32.43744571179692,2.41939368354425,26.493071807409127,0.027429875871121112
130.8,29.4647817175002,43.355911918092126,146.2300681976768,32.44546800532791,32.43644449411604,2.4204965629790323,26.49406516326989,0.02474369012801958
130.85,28.71663305408797,43.85618542072294,147.22230557210315,32.44482346881278,32.435936296131835,2.421465199095387,26.494554369167997,0.022057588695645336
130.9,27.959933367202275,44.343428259425664,148.2145182930567,32.44418867076414,32.43529590737963,2.4222996795945804,26.495178067577587,0.019372722327091196
130.95000000000002,27.194909794319614,44.81749463972894,149.20670673337767,32.44355347337953,32.434457691868936,2.4230001478674765,26.496003334641145,0.016689609983870923
131.0,26.421791949112304,45.27824272428493,150.19887087813413,32.442903774700206,32.43399985083134,2.4235667806134416,26.49643950070613,0.014009365457923195
131.05,25.64081185566387,45.72553467998867,151.19101017302256,32.442267780138145,32.43306795660896,2.4239997938768454,26.497359471002927,0.011332654919300467
131.1,24.852203882670167,46.159236726249425,152.18312514254913,32.44161064988606,32.432333334368934,2.424299451454189,26.498077419476683,0.008660265268076728
131.15,24.056204664443207,46.57921915990834,153.1752149786817,32.44094798449198,32.432037261447206,2.4244660478707374,26.49834681923291,0.005993151546874742
131.20000000000002,23.25305303963047,46.98535641202967,154.1672794700877,32.4403115042745,32.43038642916453,2.424499929225128,26.5,0.0033319283309651837
131.25,22.442989974469643,47.377527076998696,155.1593196186131,32.43960257033807,32.43035309940138,2.42440148371643,26.5,0.0006776270878106061
131.3,21.626258482066888,47.755613931197,156.15133265359106,32.43894189384259,32.43031933501568,2.4241711224765723,26.500000000000007,0.0019689101739572834
131.35,20.803103574235656,48.11950402135247,157.14332042103632,32.438325996783526,32.43028514448706,2.423809338709191,26.5,0.0046072247971551405
131.4,19.97377215687855,48.46908863226155,158.13528463386933,32.43775165019092,32.43250094255389,2.423316635032954,26.497700644544334,0.007235675347629922
131.45000000000002,19.138512958350766,48.80426331996145,159.1272268814527,32.43737659964542,32.43186996129847,2.4226935254293736,26.498309545618618,0.00985407352473544
131.5,18.297576457099268,49.12492794361503,160.11915478579414,32.43698326833492,32.433414060680136,2.4219405370381324,26.496695764786004,0.01246219207160948
131.55,17.451214775774822,49.430986605288986,161.11106764790162,32.436728324931,32.43342611057804,2.421058115250595,26.496646834333415,0.015059767824823211
131.6,16.599681655606044,49.72234779909424,162.10297076023673,32.436492452477225,32.43433639540554,2.42004675428624,26.495679842361433,0.017648435750743374
131.65,15.74323235059439,49.998924348977006,163.09486485217673,32.436338448400676,32.43500321250005,2.4189069029441654,26.49496120296742,0.0202272192871078
131.70000000000002,14.882123577228835,50.26063350134442,164.0867530546134,32.43624307440778,32.43550738249658,2.4176390361524724,26.494408330689488,0.022797026841487877
131.75,14.016613427896138,50.50739691314222,165.07863760971878,32.43619052498555,32.4360371889569,2.416243617115171,26.493828888380392,0.025357335833859906
131.8,13.14696130034526,50.73914068769989,166.0705201552109,32.43617957241207,32.43679134441932,2.4147211111437485,26.493019914298465,0.02790838074602675
131.85,12.273427824556327,50.95579540534089,167.06240228185115,32.43622327041259,32.437138844976054,2.4130719950238486,26.492625953230355,0.030450119428451217
131.9,11.396274786507615,51.15729614440136,168.054286079605,32.436288668595694,32.43803498427875,2.4112967576225017,26.49167125916517,0.03298232239799859
131.95000000000002,10.51576504977601,51.34358249258833,169.04617237834103,32.4364134054302,32.438342263224605,2.409395891913441,26.491317673134223,0.035504748026937705
132.0,9.632162482745876,51.51459858404688,170.0380634473206,32.43655118098694,32.439021903905555,2.407369914636071,26.490583441685644,0.0380173141812179
132.05,8.745731876515121,51.67029309370401,171.0299597851919,32.43672766119541,32.43961047514653,2.4052193435460154,26.489941907191877,0.04051954554739723
132.1,7.856738872321145,51.8106192797641,172.02186287214388,32.436933576477635,32.44012230903204,2.402944725086826,26.489378434539738,0.04301142180111128
132.15,6.965449880346114,51.9355349824765,173.01377383388683,32.43716134308867,32.440675838685515,2.400546618825018,26.488772084411142,0.045492369183790515
132.20000000000002,6.072132002167283,52.04500264220334,174.00569350612014,32.437412378488446,32.441301598883335,2.398025602866916,26.488091694239078,0.04796212523615395
132.25,5.177052952420729,52.13898931522034,174.99762277876428,32.43769017994522,32.44171715101833,2.395382278258353,26.4876256953438,0.05042031916204337
132.3,4.2804809794189325,52.217466682834626,175.98956267550273,32.43797782073616,32.44245430758359,2.3926172679711755,26.48683104291234,0.052866492171261825
132.35,3.3826847855933764,52.28041105789979,176.98151357269478,32.43829756979669,32.44283164099261,2.3897312146345655,26.486403575443592,0.05530020574354921
132.4,2.483933448626525,52.32780340222139,177.97347669836256,32.438621432024966,32.443444311071765,2.3867247905300744,26.48573558746906,0.05772106673219923
132.45000000000002,1.5844963407566333,52.35962931912326,178.96545220989833,32.43896592338546,32.44400218413096,2.383598684033373,26.48512335148866,0.06012848208982291
132.5,0.684643049691568,52.37587907479437,179.9574408963455,32.43932565629585,32.44450885930991,2.3803536162459835,26.484563203929234,0.06252212993402395
132.55,-0.21535670202246504,52.37654759156982,-179.05055665928248,32.43969588508257,32.44497321747576,2.3769903308798774,26.484046091126714,0.06490135574779288
132.6,-1.115233137038683,52.361634452983246,-178.05854005545797,32.44007283739637,32.44563281535649,2.37350959729347,26.48332950202424,0.06726570732212167
132.65,-2.0147165035383425,52.33114390706424,-177.0665090349192,32.44046997867923,32.44601554136016,2.3699122131352865,26.48289544819444,0.0696146717281465
132.70000000000002,-2.913537155776569,52.285084867668594,-176.07446282539937,32.4408660902993,32.446623166970234,2.3661990063953198,26.48223168458482,0.07194768316367117
132.75,-3.8114256340918997,52.223470904084195,-175.08240146614537,32.44127731006151,32.44711676160422,2.362370827092441,26.481684244130204,0.07426413479933558
132.8,-4.708112745956569,52.146320250063646,-174.09032437918856,32.441694413743136,32.44759620576424,2.358428559791939,26.48115117798403,0.07656358605757418
132.85,-5.603329645745807,52.05365578906728,-173.09823133934313,32.442115970316074,32.44812950818389,2.3543731136720893,26.480563085415596,0.07884534601004134
132.9,-6.496807915408152,51.94550505332692,-172.1061221761502,32.4425455087352,32.44862579227629,2.350205427819695,26.480012754638558,0.08110892239699297
132.95000000000002,-7.388279644851946,51.82190021684189,-171.1139965841716,32.442979814702426,32.44908826911063,2.3459264718359094,26.479496926472844,0.08335371704788486
133.0,-8.277477511803054,51.682878084037085,-170.12185438090108,32.44341613287444,32.44958427279102,2.341537243453658,26.478946894069733,0.08557911967571386
133.05,-9.164134862010256,51.52848008105925,-169.12969548921492,32.443856714297056,32.450102778989184,2.3370387701982196,26.478373935896208,0.08778456764503062
133.1,-10.047985789374136,51.35875224539872,-168.13751974588718,32.444302861775064,32.44816699565401,2.3324321107639037,26.47794807996936,0.08996946510876569
133.15,-10.928765215384628,51.17374521116318,-167.1453269378559,32.44457887133784,32.44623961336534,2.3277183533741237,26.477326054460345,0.09213318868631859
133.20000000000002,-11.806208968332642,50.97351419355476,-166.15312357264494,32.44469749576838,32.44437208321263,2.322898614702787,26.476829821870766,0.09427514779559942
133.25,-12.680053887647047,50.7581190752526,-165.16091567010957,32.444674252014394,32.44257115708192,2.317974145136347,26.476341127983744,0.09639477342673786
133.3,-13.550037907805164,50.52762437971815,-164.168708656637,32.44452403094779,32.44084136284954,2.312946320780334,26.475809124185233,0.09848939132879764
133.35,-14.415900140761778,50.28209924141376,-163.1765073890391,32.444260983226485,32.43918360599275,2.307816633767061,26.475305609269352,0.100556487120258
133.4,-15.27738095729594,50.02161737497459,-162.1843161828284,32.44389831342407,32.437600469362984,2.302586682904206,26.47483039413849,0.10259374026546197
133.45000000000002,-16.134222067313008,49.746257043436586,-161.192138848382,32.44344846741971,32.4360943569441,2.2972581647358865,26.474379751673695,0.10459901725710097
133.5,-16.986166599166108,49.45610102567096,-160.19997871994894,32.4429231738143,32.43467095864983,2.29183286514251,26.47381426817882,0.10657036336638726
133.55,-17.832959177996194,49.15123658294552,-159.20783868308266,32.44233372987398,32.433324952852004,2.286312651369485,26.47340537709473,0.10850599186753129
133.6,-18.674346003108734,48.83175542461684,-158.215721191143,32.441690245800984,32.43206214393514,2.2806994644622094,26.472991488143528,0.11040427546049614
133.65,-19.510074924348206,48.49775367281917,-157.22362831070882,32.44100252423914,32.43088630846217,2.2749953119378716,26.472477037864017,0.11226373814551494
133.70000000000002,-20.339895517655123,48.1493318265986,-156.23156173335465,32.44027993739793,32.42979371870148,2.269202261150184,26.472051356105876,0.11408305048675516
133.75,-21.1635591596457,47.78659472501838,-155.23952279212995,32.43953092177675,32.428786626614965,2.2633224328206865,26.47166404791298,0.11586101575375096
133.8,-21.98081910124758,47.4096515093308,-154.24751249736485,32.43876347212234,32.42786803746479,2.257357994812203,26.47122568634923,0.11759656658995254
133.85,-22.791430540533728,47.01861558451259,-153.25553155358395,32.43798522678966,32.427036678300276,2.25131115644988,26.47080980666042,0.11928876016966683
133.9,-23.595150694659967,46.61360457990742,-152.26358037315592,32.43720318761184,32.42629296667293,2.2451841630946703,26.470416730676494,0.1209367672464623
133.95000000000002,-24.39173887089332,46.19474030894936,-151.27165910065554,32.43642388611621,32.42563721254121,2.2389792909195307,26.470044904015925,0.1225398671041944
134.0,-25.180956536818755,45.7621487281353,-150.27976763086812,32.435653409432284,32.425069593073914,2.232698842058035,26.469692241131817,0.12409744350279084
134.05,-25.962567389697075,45.315959895170124,-149.28790562580116,32.43489742254954,32.42459119509033,2.226345140027071,26.469313035050227,0.12560897722991626
134.1,-26.736337424979023,44.85630792628521,-148.29607253084342,32.43416126344531,32.42420155013554,2.2199205254091865,26.46892008925284,0.12707404061927718
134.15,-27.502035003980208,44.38333095273182,-147.30426758728396,32.43344985535175,32.42389779620475,2.2134273517825562,26.468622814298243,0.12849229235769144
134.20000000000002,-28.259430920696346,43.89717107641363,-146.31248984818475,32.43276756541268,32.42368148127166,2.206867981842521,26.468341159273095,0.12986347253260533
134.25,-29.008298467793384,43.3979743247166,-145.3207381996555,32.43211855940261,32.4235540848154,2.200244783768447,26.467991061210935,0.13118739880070507
134.3,-29.748413501830708,42.88589060461614,-144.32901136856196,32.43150681121781,32.42351318816659,2.1935601279219696,26.467650494312373,0.1324639614814771
134.35,-30.479554507610068,42.361073655892156,-143.3373079298696,32.43093583814272,32.42355734041218,2.1868163836643078,26.46735356980497,0.13369311692954966
134.4,-31.201502661645314,41.82368100346276,-142.34562632410857,32.43040880259054,32.423685105930986,2.1800159162880206,26.467131075812198,0.13487488515323776
134.45000000000002,-31.914041894848204,41.273873908977215,-141.35396487094556,32.42992853854343,32.423898621618136,2.1731610842229543,26.46685277113372,0.1360093475257429
134.5,-32.61695895440336,40.711817321624714,-140.36232178174328,32.42949783019162,32.42419553216316,2.166254236456112,26.46658201226981,0.13709664130132637
134.55,-33.31004346482805,40.13767982815353,-139.37069516146352,32.429119094618166,32.42457468882634,2.159297710150362,26.466326650753942,0.13813695533684722
134.6,-33.99308798811206,39.55163360198044,-138.37908302270188,32.42879449420446,32.42503507228987,2.1522938282951927,26.466086069496786,0.13913052611499666
134.65,-34.66588808305497,38.95385435155031,-137.38748329542327,32.42852596406771,32.42557560210684,2.145244897580909,26.465859808013604,0.1400776371033885
134.70000000000002,-35.32824236376095,38.34452126790027,-136.39589383564632,32.42831522392764,32.42619512185173,2.1381532064292585,26.46564847126822,0.1409786142856717
134.75,-35.97995255727982,37.72381697142441,-135.40431243367354,32.42816378806508,32.42689248119562,2.1310210231646565,26.46545016172348,0.14183382303301073
134.8,-36.6208235603882,37.09192745784244,-134.412736821939,32.42807298043155,32.427666454571714,2.1238505943193857,26.46526439520241,0.14264366529204153
134.85,-37.25066349550421,36.44904204337649,-133.42116468227783,32.42804394287013,32.42851577572738,2.1166441430673544,26.465090714225067,0.14340857690541498
134.9,-37.86928376572665,35.79535330913831,-132.42959365288021,32.42807764521708,32.42943914163552,2.109403867777708,26.464928686425296,0.14412902504062686
134.95000000000002,-38.476499108991305,35.13105704473214,-131.4380213348589,32.42817489496125,32.43043521621036,2.10213194068389,26.464777903056515,0.14480550579293094
135.0,-39.07212765133585,34.456352191077954,-130.4464452984464,32.42833634647904,32.431503201534724,2.0948305066624258,26.464610519565777,0.1454385418763593
135.05,-39.655990959264166,33.77144078246002,-129.45486308883903,32.4285625504116,32.43264131926284,2.087501682116077,26.464444373667067,0.14602868042928208
135.1,-40.22791409120056,33.076527887806265,-128.4632722301525,32.42885389104383,32.43384790270542,2.0801475539560883,26.46429124848109,0.1465764909269751
135.15,-40.787725648004844,32.371821551189115,-127.47167023177172,32.42921060616251,32.43512098672897,2.0727701786542596,26.464177096544944,0.14708256319977409
135.20000000000002,-41.335257822570235,31.657532731582023,-126.48005459394119,32.42963277620298,32.436459603712414,2.0653715814027507,26.464078094735438,0.14754750603657385
135.25,-41.87034644848894,30.933875241872673,-125.48842281377051,32.43012040673937,32.43786240402144,2.0579537553699225,26.463988217011693,0.14797194503017863
135.3,-42.39283104778417,30.201065687145594,-124.49677238808582,32.43067340654523,32.43932790949241,2.0505186610590513,26.46390718902905,0.1483565206565629
135.35,-42.90255487766151,29.459323402214245,-123.50510081712031,32.43129158532717,32.44085463247356,2.0430682257205603,26.463834750954113,0.14870188621742386
135.4,-43.39936497628104,28.70887038842214,-122.51340560829173,32.431974660123345,32.44244107810824,2.035604342831178,26.46377065656153,0.1490087067698198
135.45000000000002,-43.8831122075428,27.949931249724855,-121.5216842797354,32.43272226140798,32.44408574648876,2.0281288716415204,26.463714672456295,0.1492776577876498
135.5,-44.353651304873544,27.182733128061898,-120.5299343636042,32.43353393891375,32.445787134687016,2.020643636788506,26.463666577365604,0.14950942379314824
135.55,-44.810840914002675,26.40750563802794,-119.53815340914657,32.43440916718327,32.44754373866812,2.013150427969016,26.463626161474924,0.14970469706028666
135.6,-45.25454363471512,25.624480800853295,-118.5463389855725,32.43534735086076,32.44935405509153,2.005650999671502,26.463593225804765,0.14986417638979788
135.65,-45.68462606156868,24.83389297770412,-117.55448868471773,32.436347829734395,32.45121658300494,1.9981470709622684,26.463567581625952,0.14998856595028087
135.70000000000002,-46.10095882356347,24.03597880231319,-116.56260012351578,32.43740988353943,32.453129913812184,1.9906403253233975,26.463544300929907,0.15007857418467552
135.75,-46.50341662275081,23.230977112952676,-115.57067094628688,32.43853274284463,32.45509244147726,1.983132410539362,26.463529309536987,0.15013491277741764
135.8,-46.89187827176909,22.41912888376079,-114.57869882661112,32.43971557846125,32.45710267000224,1.9756249386295224,26.463523090504445,0.15015829568071126
135.85,-47.26622673029044,21.600677155433036,-113.58668146960727,32.44095751357131,32.459159124484465,1.968119485820047,26.46352544607556,0.1501494381967916
135.9,-47.626349140373854,20.775866965294895,-112.5946166137486,32.44225762863653,32.461260339394464,1.96061759256159,26.463536188552492,0.15010905618950687
135.95000000000002,-47.97213686070783,19.944945276766887,-111.6025020324914,32.443614965119245,32.463325886494715,1.953120763585595,26.463555139805347,0.1500378651691392
136.0,-48.30348549972967,19.10816090823556,-110.61033553576208,32.44502288807463,32.4633065331651,1.9456304679962102,26.463578294396036,0.14993657951990258
136.05,-48.62029494760893,18.26576446134465,-109.61811518707457,32.44632886272395,32.463284136472076,1.9381481393956506,26.46360525112747,0.14980591178769487
136.1,-48.92246941027523,17.418008249859096,-108.62584488436812,32.44753995370596,32.46325659516426,1.9306751794300752,26.463638181523898,0.1496465720111928
136.15,-49.20991752543572,16.565146255694344,-107.63352825568467,32.44866257095298,32.46322403028599,1.923213049008531,26.46367698808579,0.14945919931150797
136.20000000000002,-49.482552388466054,15.707434047864451,-106.64116868416016,32.44970267519105,32.46318618358531,1.9157632636302395,26.46372195771329,0.14924260843088177
136.25,-49.74029157708415,14.84512870133662,-105.64876932516309,32.4506657829335,32.46314280449305,1.9083273890865868,26.463773367150853,0.14899570756583103
136.3,-49.983057174707085,13.978488715753922,-104.65633312324839,32.45155699875918,32.46309364797107,1.9009070374159975,26.463831485291323,0.14871749087305375
136.35,-50.21077579250208,13.107773934031723,-103.66386282788233,32.45238104513146,32.463038472859715,1.893503863109828,26.463896574963556,0.14840703341178596
136.4,-50.42337859012581,12.23324546082884,-102.67136100803147,32.45314228996919,32.46297704023449,1.886119559551254,26.463968894704017,0.14806348612339093
136.45000000000002,-50.62080129514621,11.355165580896251,-101.67883006570118,32.453844772131,32.46290911183441,1.8787558556703132,26.46404870044941,0.1476860711714778
136.5,-50.802984221141045,10.473797677307768,-100.68627224850269,32.454492224966955,32.46283444855233,1.8714145127996673,26.464136247160432,0.1472740776188175
136.55,-50.96987228446749,9.589406149578592,-99.69368966132244,32.455088098080196,32.46275280897748,1.86409732171672,26.464231790387526,0.14682685741291834
136.6,-51.121415019697196,8.7022563316791,-98.70108427716144,32.45563557743,32.462643781455945,1.8568060998589786,26.464356155611732,0.14634382165894522
136.65,-51.25756659371148,7.812614409952481,-97.70845794720792,32.45613616343186,32.462514831160846,1.8495426887003958,26.464501735506456,0.14582443715482896
136.70000000000002,-51.37828581845149,6.920747340946022,-96.71581246531284,32.45659178255536,32.46237559954836,1.8423089512774737,26.464658701839184,0.1452682231716551
136.75,-51.483536163178115,6.026922769268265,-95.72314955168093,32.45700491234057,32.46224580563135,1.8351067707204862,26.46480694647474,0.14467474845844208
136.8,-51.57328576499446,5.131408945268988,-94.73047083177846,32.45737926186134,32.46212412930651,1.8279380485213466,26.464947817669838,0.14404361113975028
136.85,-51.64750743755341,4.234474642589827,-93.73777778920609,32.45771818096457,32.46199379262956,1.820804702463576,26.46509842797757,0.1433744439827933
136.9,-51.70617867754137,3.336389075620691,-92.74507177943435,32.45802358179778,32.461854488510454,1.8137086638058975,26.46525908938439,0.1426669211554099
136.95000000000002,-51.749281669892376,2.4374218170120203,-91.75235408480397,32.45829721799154,32.461705899844915,1.8066518746763407,26.46543012284464,0.1419207731535721
137.0,-51.77680329238882,1.5378427152676748,-90.7596259205859,32.45854069526678,32.46154769772331,1.799636286325672,26.46561186015854,0.14113578259113524
137.05,-51.788735118889065,0.6379218123454412,-89.76688844063632,32.45875548115653,32.461379536566966,1.79266385747232,26.465804648982292,0.14031176701337245
137.1,-51.78507342117941,-0.2620707387181125,-88.77414274268011,32.45894291368585,32.46120019503374,1.7857365527326934,26.466009729141643,0.13944857706704283
137.15,-51.765819169448015,-1.161864756141136,-87.78138987326284,32.45910414806784,32.46100957369317,1.7788563411317,26.46622719510127,0.138546094792531
137.20000000000002,-51.73097803137922,-2.06119011167053,-86.78863083474263,32.459240249898215,32.46080774095111,1.7720251946887657,26.466456969131762,0.13760423201986782
137.25,-51.68056036990372,-2.9597768127803015,-85.79586658871665,32.459352213544854,32.46059426191793,1.7652450871116372,26.46669948590389,0.1366229288586851
137.3,-51.61458123955203,-3.857355084775582,-84.8030980587443,32.45944093128578,32.46036867551864,1.758517992542643,26.4669552058813,0.13560215154257094
137.35,-51.533060381403786,-4.753655452781071,-83.81032613425148,32.45950719873099,32.460161094139806,1.751845884346615,26.467193402152596,0.13454189137988237
137.4,-51.4360222166551,-5.648408823594619,-82.81755167422763,32.4595539055459,32.4599840406534,1.745230733959417,26.46740128781767,0.13344216392056296
137.45000000000002,-51.32349583880446,-6.541346567386322,-81.82477542710112,32.45958462948216,32.45972551417816,1.7386745097942722,26.467693097467038,0.13230300774395687
137.5,-51.1955150031578,-7.432200599036391,-80.83199800441005,32.45959469267473,32.4594451309336,1.7321791748895166,26.468008005459932,0.13112448330289794
137.55,-51.05211811451145,-8.320703459091746,-79.83922019667921,32.459584009693216,32.459156250262296,1.725746684143374,26.46833237037943,0.12990669809511246
137.6,-50.89334821832227,-9.206588395222887,-78.84644279770262,32.45955345544815,32.45893337700432,1.7193789865119982,26.46859017318746,0.1286498149228521
137.65,-50.71925298770654,-10.089589443170656,-77.85366656779782,32.459509164130736,32.45869854662127,1.7130780244487056,26.468860929750523,0.1273539526275158
137.70000000000002,-50.5298847084513,-10.969441507333666,-76.8608920325736,32.45945126288006,32.458403737548636,1.7068457327672917,26.46919361183853,0.12601924126585118
137.75,-50.3253002595394,-11.845880440325242,-75.86811971277263,32.4593764396421,32.458066756013785,1.7006840343459686,26.46957003835061,0.12464583362827852
137.8,-50.10556109583949,-12.718643122809127,-74.87535025586139,32.45928289081151,32.45778902911505,1.6945948394441288,26.469886717845036,0.12323396842646162
137.85,-49.87073323139778,-13.58746754355347,-73.88258437831259,32.45917618640461,32.457496574893895,1.6885800470893315,26.47021910598333,0.12178389803679579
137.9,-49.62088722042298,-14.452092879060116,-72.88982258347538,32.459056214153854,32.457188616921094,1.6826415455606991,26.470567975224498,0.12029584709594587
137.95000000000002,-49.35609813262004,-15.312259571614813,-71.89706537899092,32.45892281435152,32.456862407088046,1.6767812084434013,26.470936109290932,0.11877003057264801
138.0,-49.076445530472455,-16.16770940773151,-70.90431327860696,32.45877564240412,32.45651833832552,1.6710008941019012,26.471323087053488,0.11720674234595663
138.05,-48.78201344518106,-17.018185596199455,-69.9115668092514,32.45861440639851,32.456155884572595,1.6653024451857448,26.471729424703113,0.11560628683000118
138.1,-48.472890351343196,-17.86343284574015,-68.9188265090159,32.45843879769666,32.45585640792702,1.65968768825077,26.47207208667305,0.11396897832312902
138.15,-48.14916914024243,-18.70319744220957,-67.92609292779525,32.458254341284544,32.45550480728366,1.6541584333531532,26.472468488114117,0.11229513869949415
138.20000000000002,-47.81094709179618,-19.537227325334165,-66.93336640408602,32.45805794599877,32.45507938610759,1.6487164736580624,26.47294074639675,0.11058509795233817
138.25,-47.45832584193399,-20.365272163580034,-65.94064739465126,32.45784519172082,32.45472814650818,1.6433635815471206,26.473337824776234,0.10883919390181518
138.3,-47.0914113534904,-21.187083430337907,-64.94793652536495,32.4576225456342,32.454408089702156,1.6381015099097525,26.473703571486208,0.10705784221883619
138.35,-46.71031388644445,-22.002414480041747,-63.95523417465441,32.45739294163906,32.45394343073563,1.6329319942390654,26.47421733436,0.10524143274736275
138.4,-46.31514796087591,-22.811020621045856,-62.96254060868941,32.457146548003095,32.45355926334475,1.6278567481898065,26.474649401667357,0.10339031341374039
138.45000000000002,-45.906032320661346,-23.61265918856355,-61.96985646979882,32.45689031338464,32.45317485223169,1.6228774612657446,26.47508213210433,0.10150492098517816
138.5,-45.48308990273229,-24.407089620455686,-60.97718213444612,32.45662492330229,32.45276702719956,1.6179958041861937,26.475539145173368,0.0995857384812382
138.55,-45.04644779600554,-25.19407352793615,-59.98451795286061,32.456349359294954,32.452332295274644,1.6132134241737077,26.47602398130198,0.0976331415910181
138.6,-44.596237202482016,-25.973374767174995,-58.9918643142311,32.456062426150645,32.451871019702246,1.6085319440125474,26.47653624601819,0.09564760024971974
138.65,-44.132593397995514,-26.744759510711763,-57.999221653467224,32.455763039975764,32.45151629673644,1.6039529621385142,26.476940081209193,0.09362960322320646
138.70000000000002,-43.65565569179115,-27.50799631826268,-57.00659044693884,32.455459701172956,32.451025249910884,1.59947805284245,26.4774833323553,0.09157963748066322
138.75,-43.16556738479268,-28.26285620681378,-56.01397084579213,32.455142954654235,32.45052302249839,1.5951087664141852,26.47803825832286,0.08949818592128622
138.8,-42.66247572185257,-29.009112716788838,-55.02136336290697,32.45481295950025,32.450157529979286,1.5908466235341052,26.478453863843022,0.08738572856529458
138.85,-42.146531851895595,-29.74654198326381,-54.028768505066246,32.45448042882018,32.44960954133769,1.586693120463984,26.47905594524735,0.08524285760159955
138.9,-41.61789078192877,-30.474922803401416,-53.03618636918127,32.45413250828572,32.44915715217268,1.582649728468077,26.47956063476135,0.08307006140242379
138.95000000000002,-41.07671132481667,-31.194036699248137,-52.0436175439364,32.45377712570622,32.44870055124659,1.5787178868994545,26.480069780328293,0.08086783991814173
139.0,-40.52315605740612,-31.903667987962237,-51.0510623147062,32.453414513244816,32.44820828107024,1.5748990104587293,26.48061546606559,0.07863683137244948
139.05,-39.95739126739529,-32.603603843869045,-50.058520957976626,32.45304263951806,32.44767745145682,1.5711944839720502,26.481200618451663,0.0763775288145041
139.1,-39.37958690288089,-33.29363436228697,-49.06599382794084,32.4526594117994,32.447220373790906,1.5676056618028724,26.481710563998767,0.07409052973358143
139.15,-38.78991652183782,-33.973552623345256,-48.07348135884322,32.45227090908451,32.44670235678018,1.5641338686334976,26.482282770831294,0.07177644338355549
139.20000000000002,-38.18855724046929,-34.64315475499653,-47.08098375235918,32.45187315534849,32.44611333539015,1.560780400292991,26.48292749282803,0.06943586338749697
139.25,-37.575689676813816,-35.30223999183545,-46.088501362264296,32.451461739637175,32.44572522211646,1.5575465196837968,26.48336710984354,0.06706936681013076
139.3,-36.95149789786294,-35.95061073692667,-45.096034711067055,32.45105198838569,32.445056531291456,1.554433458760812,26.48409315106514,0.06467761218388546
139.35,-36.31616936568428,-36.58807262300278,-44.10358373494993,32.45062374145039,32.444580706458595,1.5514424207818962,26.484622237787224,0.06226121845969601
139.4,-35.66989487410386,-37.21443456432143,-43.111149141315025,32.45019209609383,32.444058334485874,1.5485745707074088,26.48519877257506,0.05982075957831512
139.45000000000002,-35.01286849952834,-37.829508822531075,-42.118731060010546,32.449753970264695,32.443479804124365,1.545831046935504,26.48583254694842,0.05735700148974843
139.5,-34.34528753581193,-38.43311105652584,-41.12632973878125,32.449305815540384,32.44286299659422,1.5432129518605677,26.4865052830445,0.054870475438093536
139.55,-33.667352435914815,-39.02506037895766,-40.13394556110409,32.44884561418709,32.44243111841517,1.540721353366699,26.486989041014578,0.05236190149872755
139.6,-32.97926675267632,-39.60517941202088,-39.14157898762908,32.448387435917674,32.441683124373476,1.538357286612701,26.487795419663115,0.04983196987737415
139.65,-32.281237077935884,-40.173294341574554,-38.149229940788075,32.44790855652166,32.44132328651558,1.5361217549078745,26.488205235490945,0.04728133507995835
139.70000000000002,-31.573472974686567,-40.729234962640945,-37.15689921226809,32.447438180092654,32.44055741534605,1.5340157209320964,26.489029465923185,0.044710634096531976
139.75,-30.856186922264158,-41.27283474097081,-36.164586476620066,32.446946696896475,32.44006679446916,1.5320401200766796,26.489572365892492,0.04212067951556264
139.8,-30.12959424131283,-41.80393084902279,-35.17229254102091,32.44645527529452,32.43950256748059,1.5301958425934075,26.490190168287,0.039512017108336295
139.85,-29.393913039474544,-42.32236422879475,-34.18001740290949,32.44595865330781,32.43884596709094,1.5284837510959264,26.490902023905015,0.036885549665441886
139.9,-28.649364137854345,-42.82797962916953,-33.187761260998755,32.44545060429232,32.43829098834323,1.5269046675611548,26.491509782503343,0.03424182994962166
139.95000000000002,-27.896171006268137,-43.320625654761294,-32.19552455216533,32.4449392031531,32.437673834782274,1.5254593762240773,26.49218071246276,0.03158167069543083
140.0,-27.13455969778379,-43.80015481423834,-31.203307404408026,32.444420248269466,32.436992167631935,1.5241486270645552,26.492917187651656,0.028905826741549845
140.05,-26.36475877776517,-44.266423560283464,-30.211110106430382,32.443889671081074,32.43657589159572,1.5229731307129128,26.493382209849585,0.026214983190442354
140.1,-25.586999256234243,-44.71929233450839,-29.218933102543748,32.443367258260686,32.43573934182471,1.5219335607443227,26.494276134981533,0.0235099270328476
140.15,-24.80151451927822,-45.15862561120062,-28.22677608023509,32.442822407086695,32.435236996997205,1.521030555905547,26.494828262061795,0.0207913993718023
140.20000000000002,-24.00854025278387,-45.584291927318944,-27.23463989749407,32.4422805920803,32.43456681476969,1.5202647080212373,26.495551409925508,0.018060096775514012
140.25,-23.208314380247028,-45.9961639376846,-26.24252443794297,32.44172960798669,32.43364001771193,1.5196365801889016,26.49653627525233,0.015316957686195565
140.3,-22.401076983610963,-46.39411843944608,-25.25043005202296,32.44115178010992,32.43357277399823,1.5191466912934786,26.49664253641669,0.012562556646713574
140.35,-21.587070234299766,-46.778036415159406,-24.258357766158433,32.44061042253051,32.43198687997805,1.51879552317358,26.49829986590091,0.009797777908460148
140.4,-20.766538324412338,-47.14780307787589,-23.266306185220877,32.43999445520534,32.43267684116163,1.5185835310856532,26.497631467266203,0.007023362397973187
140.45000000000002,-19.93972737725569,-47.50330787061704,-22.274278162454905,32.439471768487934,32.430393960878845,1.5185111055231033,26.500000000000007,0.004239841758533203
140.5,-19.10688540003708,-47.844444560204366,-21.28227013001524,32.43882335365871,32.43042864919453,1.5185786388232856,26.5,0.001448511250998763
140.55,-18.268262169837556,-48.171111175838284,-20.290286896092958,32.43822373191127,32.430462791042224,1.5187864241859828,26.5,0.0013506660036455287
140.6,-17.42410920777566,-48.48321016116527,-19.29832659428727,32.437669378992055,32.430496364607905,1.5191347871469176,26.500000000000007,0.004155707253943319
140.65,-16.574679663879316,-48.780648305921524,-18.306387493051947,32.43715702082176,32.43286605296792,1.519623980636922,26.497612486480552,0.0069672592186975635
140.70000000000002,-15.720228243589501,-49.06333677467241,-17.314467986115734,32.43685052311791,32.432228008201264,1.5202541870230988,26.498297457378346,0.009783869800088496
140.75,-14.8610111336171,-49.33119113422378,-16.322560200575776,32.436520343481014,32.43390090017924,1.521025520022505,26.49662073623652,0.012604127723534475
140.8,-13.997285899009468,-49.58413128347255,-15.330665042011434,32.436333240388024,32.43405972935172,1.5219379262392536,26.496490228242642,0.015426659988122537
140.85,-13.129311450506606,-49.82208160758696,-14.338777038741876,32.43617084674257,32.43506466365747,1.522991323073029,26.495494660553053,0.018248124334974136
140.9,-12.257347941109586,-50.04497090360638,-13.346895245791353,32.43609183366507,32.43580800162948,1.5241854985814598,26.494765668247506,0.021067936675507326
140.95000000000002,-11.381656710223982,-50.25273246922922,-12.355016474480651,32.43607155994824,32.43638100822656,1.5255201826562015,26.49420997712028,0.02388351016861634
141.0,-10.502500198758497,-50.44530408797882,-11.363138478482133,32.43609366339669,32.43744190159901,1.5269950118728985,26.493155223797817,0.026693681494833754
141.05,-9.620141876749921,-50.62262806149117,-10.371259637198389,32.436189966125426,32.43775892568941,1.5286095444159145,26.49285957603486,0.0294965843339412
141.1,-8.734846168557754,-50.784651235933985,-9.37937711307837,32.43630203466571,32.43870821749357,1.5303632700548633,26.49191739958608,0.03229065086031824
141.15,-7.846878372237408,-50.93132499874789,-8.387490303191552,32.4364739048677,32.439188298588064,1.5322555912000482,26.4914537366654,0.03507451277897644
141.20000000000002,-6.956504588205947,-51.06260532747043,-7.395596920559813,32.43666779013344,32.44001987459109,1.5342858582006755,26.490630347392354,0.037846422903697885
141.25,-6.063991636753916,-51.17845277668872,-6.403696123242186,32.43690722473755,32.44073870055035,1.536453343108306,26.489921383875302,0.04060534001254723
141.3,-5.169606983096963,-51.27883251220806,-5.411786169267347,32.43718090158133,32.441364363250756,1.5387572626152064,26.48930682844107,0.04334969815261047
141.35,-4.273618656815441,-51.363714307472044,-4.419865749055543,32.437479720272,32.44213952130672,1.5411967641758366,26.48853887360099,0.04607839013800685
141.4,-3.3762951739565326,-51.43307255939608,-3.427933901033315,32.43781256320305,32.44273097549214,1.543770933079628,26.48795778134967,0.04879003121260439
141.45000000000002,-2.477905458326889,-51.48688630160835,-2.4359893239125165,32.43816387836656,32.44342489925668,1.5464787982181392,26.487271321290496,0.05148337807582948
141.5,-1.5787187617299123,-51.52513920558983,-1.4440313111472496,32.438539665572996,32.444114496355866,1.5493193270682113,26.48658855577992,0.05415730277022135
141.55,-0.6790045849322626,-51.54781959512192,-0.4520589267164799,32.43893786777178,32.44473037896502,1.5522914353726307,26.48598033665038,0.05681057700144265
141.6,0.22096740235967782,-51.55492044646493,0.539928686753089,32.439351618571294,32.44542320459306,1.5553939838910935,26.485292841712567,0.05944216608838815
141.65,1.1209274413143824,-51.54643939201122,1.53193212405223,32.43978530328714,32.446051859964534,1.558625780008704,26.484670157908123,0.06205097036925622
141.70000000000002,2.0206057640084163,-51.52237872546914,2.523952147706129,32.44023291447838,32.44662646544481,1.5619855822505997,26.484101954553086,0.06463592235220972
141.75,2.919732673530535,-51.48274539892185,3.51598929050286,32.44068959669027,32.447387413287046,1.5654720980530783,26.483342821199678,0.06719604483791386
141.8,3.818038624229203,-51.42755102475779,4.508043899543937,32.44116801216147,32.447862530779766,1.569083987794201,26.482874807785493,0.06973031604957214
141.85,4.715254302182886,-51.35681187552546,5.500116806228287,32.44164619206278,32.44859278142783,1.5728198681472847,26.482145667623,0.07223779482245618
141.9,5.611110704854854,-51.270548871916496,6.492208001740329,32.44214237701742,32.449126935648636,1.5766783049249398,26.48161604910763,0.07471760706167174
141.95000000000002,6.505339222362901,-51.16878759010774,7.4843181749199665,32.44264127406251,32.44975300368145,1.5806578267433196,26.480991955996338,0.07716873555310144
142.0,7.397671716633078,-51.051558243655734,8.476447429707648,32.44314925474958,32.45036845312288,1.5847569145425595,26.48037806778128,0.07959043636759588
142.05,8.287840602451915,-50.91889568405413,9.468596113747797,32.44366491177624,32.45093940413851,1.5889740112675312,26.479808977347304,0.08198175598479907
142.1,9.175578927012314,-50.77083938696853,10.460764520869139,32.44418451837355,32.45147223860653,1.5933075185453447,26.479278180471347,0.0843419344994345
142.15,10.06062044980313,-50.607433441739744,11.45295280236491,32.44470506981876,32.45214984735624,1.5977557980491568,26.478599024505392,0.08667014555626906
142.20000000000002,10.942699722647145,-50.42872654086859,12.445160994604242,32.445236839642874,32.452609963033076,1.602317174267725,26.47814126643325,0.08896559007624205
142.25,11.82155216961109,-50.23477196766783,13.437389526920112,32.4457634913136,32.45316670434735,1.606989936852763,26.47758432214498,0.09122752437136228
142.3,12.696914164965035,-50.02562757474763,14.429638203780874,32.446292292244586,32.453779021808295,1.6117723349996993,26.47697010876611,0.0934552517007603
142.35,13.568523114333171,-49.80135577674045,15.421907107633091,32.44682705864199,32.45421418414735,1.6166625878279035,26.47653615060375,0.09564796293872746
142.4,14.436117532601475,-49.56202352778581,16.414196466901277,32.447354710463806,32.454768024601876,1.6216588805888534,26.475980556466972,0.09780505656408423
142.45000000000002,15.29943712172378,-49.307702299734174,17.406506009682843,32.44788423290224,32.45529043162012,1.6267593629581825,26.475456534544172,0.09992585521899855
142.5,16.158222851030764,-49.038468068740656,18.39883580776944,32.448413247096376,32.45578071135415,1.6319621574899088,26.474964806303802,0.10200964738658058
142.55,17.01221703363649,-48.754401287726786,19.391185841957395,32.44893949454335,32.45624396096428,1.63726535482148,26.474500184415618,0.1040558906345268
142.6,17.86116340427371,-48.45558686407576,20.383556006647506,32.44946124214485,32.45677420836373,1.6426670157163556,26.473966740073124,0.10606394663142282
142.65,18.704807196806115,-48.14211413588152,21.375946129939646,32.449983596874766,32.457236788705394,1.6481651730430116,26.473501899639828,0.10803321789751408
142.70000000000002,19.54289522129645,-47.814076846528785,22.36835623529005,32.45050168200553,32.45762471186381,1.6537578334464627,26.473112806566306,0.10996314653311856
142.75,20.375175939130763,-47.47157311410941,23.36078615959914,32.45101046985255,32.45814403526747,1.6594429749176527,26.472589232773043,0.11185320806902155
142.8,21.20139953978882,-47.11470540512521,24.35323554742807,32.45152001023933,32.45860912025829,1.665218550369957,26.4721206063504,0.11370282942380072
142.85,22.021318017376984,-46.74358050686384,25.345704427785304,32.452026375240685,32.45897401787928,1.671082491313392,26.471753818612633,0.11551150904608676
142.9,22.83468524298675,-46.35830949017057,26.33819267941451,32.452522635429155,32.45941893075954,1.6770327024754366,26.471305032396465,0.11727881886869795
142.95000000000002,23.64125703974914,-45.959007678670176,27.330699915961755,32.453015227952754,32.459841242363716,1.6830670648284212,26.470878959013856,0.11900422324089277
143.0,24.440791258324914,-45.545794618220214,28.32322599732378,32.453502800410675,32.46024112785521,1.6891834404269659,26.470475434274377,0.12068724705969203
143.05,25.233047848302864,-45.11879403784999,29.315770731653856,32.45398410951386,32.460619408367016,1.6953796692186955,26.47009363496061,0.12232751197089442
143.1,26.01778893096823,-44.67813381366678,30.308333879534025,32.454458059431936,32.46097863555076,1.7016535705419003,26.469730972466643,0.12392457583459304
143.15,26.794778871454348,-44.223945931416075,31.300915159614526,32.454923814869,32.46135425102847,1.7080029445631268,26.46935130670252,0.12547802646409423
143.20000000000002,27.56378435023601,-43.756366447687604,32.29351425857981,32.45538313173753,32.46176215642612,1.7144255736311678,26.46893843290886,0.1269874804245319
143.25,28.324574433897016,-43.27553544972358,33.28613093028337,32.45583877635814,32.46206639394563,1.720919223479143,26.468631054797143,0.12845258136081839
143.3,29.07692064436639,-42.78159701267664,34.27876503440783,32.45628360618581,32.46235515392316,1.7274816428737765,26.468339222238278,0.12987299695950583
143.35,29.820597027001142,-42.27469915520308,35.27141615736221,32.456717288167056,32.462715000334484,1.7341105626618187,26.4679746501916,0.13124838789266846
143.4,30.555380221234557,-41.75499379880184,36.26408387280071,32.45714569617902,32.46306465411454,1.7408037007755794,26.467620263011757,0.13257839576084507
143.45000000000002,31.28104952833272,-41.22263672245583,37.25676797910042,32.4575684788887,32.46335967162908,1.7475587631490939,26.467321406255884,0.1338627622752142
143.5,31.99738697610568,-40.67778751311611,38.24946826119045,32.457982135513014,32.46359622218143,1.7543734409072158,26.46708199773514,0.1351012474702884
143.55,32.70417738487098,-40.120609518147376,39.24218437005111,32.458383141703614,32.463892383774976,1.761245411299413,26.466781611339336,0.1362935551624389
143.6,33.401208433793016,-39.55126979808681,40.23491582180733,32.458776658994424,32.46417245051521,1.7681723405292686,26.4664974791448,0.13743940784394226
143.65,34.08827072651568,-38.96993907817028,41.22766233005916,32.459162072674474,32.464437007327334,1.775151886600284,26.466229015810192,0.13853858459711432
143.70000000000002,34.76515785261396,-38.376791694695974,42.220423584879185,32.459538853721114,32.46468660800035,1.7821816969433257,26.465975667388463,0.13959092142030727
143.75,35.43166645027424,-37.77200554303167,43.21319925609049,32.459906550455344,32.46492083988565,1.7892594095175696,26.465737865230068,0.14059620686083463
143.8,36.08759626804637,-37.1557620244796,44.205988996225514,32.46026471398608,32.46514055851164,1.7963826538617909,26.465514746813163,0.14155425148487666
143.85,36.732750225646924,-36.5282459920212,45.19879244063234,32.460612988595045,32.46534682764859,1.8035490521004434,26.465305236824797,0.14246488688442582
143.9,37.36693447382263,-35.88964569499197,46.19160921103953,32.460951119956015,32.46554004647136,1.8107562199492477,26.465108937341647,0.1433279647730501
143.95000000000002,37.98995845321516,-35.24015272266517,47.18443891943552,32.46127890042139,32.46572058631335,1.81800176766545,26.464925478370244,0.1441433569760875
144.0,38.60163495220094,-34.579961946761344,48.17728116985457,32.46159616369939,32.46588879203929,1.8252833009376204,26.46475451643273,0.14491095432404677
144.05,39.201780163707596,-33.90927146292724,49.17013555995939,32.46190278000938,32.466083655438,1.8325984217475835,26.464556293444083,0.14563066544340586
144.1,39.790213740989586,-33.228282531205785,50.16300168243825,32.462201413968565,32.4662689859875,1.839944729207339,26.464367726328106,0.1463024161992621
144.15,40.3667588523459,-32.537199515518715,51.155879231931024,32.462491954827065,32.46642349588446,1.8473198203737198,26.464210531729556,0.14692614919511016
144.20000000000002,40.93124223347022,-31.83622982114209,52.14876789883376,32.462772779188306,32.46654416363287,1.8547212893830292,26.46408779668889,0.14750182332761597
144.25,41.483494239951575,-31.12558383238445,53.14166731141742,32.46304216379149,32.46665396907399,1.8621467282534283,26.46397609114747,0.1480293801861876
144.3,42.02334889941312,-30.40547484989801,54.13457703200523,32.463300149883096,32.46675311248546,1.8695937285958166,26.463875216019275,0.14850877740798296
144.35,42.550643962640855,-29.67611902706826,55.127496624490824,32.46354679006898,32.466841779344904,1.877059883383403,26.463784986773085,0.14894000684776643
144.4,43.06522095276745,-28.937735304853142,56.120425654773356,32.46378214644583,32.46692014120452,1.8845427876590648,26.463705232537965,0.14932309575172553
144.45000000000002,43.56692521330484,-28.19054534576735,57.113363691121044,32.464006288928594,32.46698835197534,1.8920400392339758,26.463635799891044,0.1496580855132379
144.5,44.05560595501135,-27.434773467033313,58.106310304470696,32.46421929343193,32.46704654852883,1.8995492393784374,26.46357655224338,0.1499450314982198
144.55,44.53111630157939,-26.670646572920337,59.09926506865765,32.46442124022457,32.46710574947433,1.9070679935056347,26.46351625533864,0.15018400288923317
144.6,44.993313334130555,-25.898394086293784,60.09222756058279,32.46461299088527,32.46715555451284,1.9145939118493658,26.463465517296143,0.15037508254394538
144.65,45.44205813450509,-25.118247879396115,61.08519739011084,32.46479460257295,32.46719281730061,1.9221246101363576,26.46342754806941,0.15051836687462128
144.70000000000002,45.87721582692354,-24.33044220365555,62.07817416928893,32.46496590362493,32.467217632431044,1.929657709786099,26.463402251990814,0.15061396573983643
144.75,46.29865561882683,-23.535213619033172,63.07115750359037,32.465126741396794,32.467230073009326,1.9371908385912775,26.463389554786332,0.1506619929948272
144.8,46.70625084059874,-22.73280092272989,64.06414699264286,32.465276979369115,32.467230193503234,1.944721631532495,26.463389400672604,0.1506625761035707
144.85,47.09987898403123,-21.923445077197226,65.05714223084554,32.4654164946644,32.46721803072027,1.9522477315781757,26.463401751365964,0.15061585882435224
144.9,47.47942173952127,-21.10738913747555,66.05014280789139,32.46554517581126,32.46719360395378,1.9597667904711216,26.46342658594004,0.150522000913611
144.95000000000002,47.84476503198847,-20.284878177883385,67.04314830920379,32.46566292067858,32.46715691508104,1.9672764695029628,26.463463900733295,0.15038117785891814
145.0,48.19579905550284,-19.456159218081382,68.03615831629438,32.465769634564474,32.46710794861356,1.9747744402776775,26.46351370930639,0.15019358063682375
145.05,48.53241830661266,-18.62148114853465,69.0291724070474,32.46586522842512,32.46704907872139,1.9822583854651654,26.46357358777714,0.14995941549429403
145.1,48.85452161636283,-17.781094655397123,70.02219015593673,32.465949789160575,32.46699211023126,1.9897259995458612,26.463631494377463,0.14967890374975923
145.15,49.16201218099426,-16.935252144841733,71.01521114075891,32.46602424066562,32.46692552469501,1.9971749895472186,26.463699171846386,0.14935228161391478
145.20000000000002,49.454797591217854,-16.08420766682651,72.00823497466341,32.46608861809629,32.46684925469454,2.0046030756694435,26.46377668477719,0.14897980002714917
145.25,49.73278985967226,-15.228216838207668,73.00126127214313,32.46614294928188,32.46676321841345,2.012007991403209,26.463864112002287,0.14856172244449795
145.3,49.99590544753337,-14.367536765576435,73.99428964875425,32.46618725421985,32.466667317356155,2.0193874841763915,26.46396154893237,0.14809831467530898
145.35,50.24406528977617,-13.502425967644731,74.98731972081681,32.46622154444387,32.466561438254764,2.0267393159999685,26.464069105625782,0.1475898554636501
145.4,50.47719481908171,-12.633144297203108,75.98035110509117,32.466245822573214,32.46644545277782,2.034061264113191,26.464186907100142,0.1470366364715403
145.45000000000002,50.69522398838241,-11.759952862674547,76.973383418437,32.46626008187354,32.466305001377975,2.041351121628182,26.464329591511802,0.14643896226445463
145.5,50.898087292039165,-10.883113949287676,77.96641627745556,32.46626329040958,32.46612806495265,2.0486066981741473,26.464509410249395,0.14579715029981344
145.55,51.08572378564417,-10.002890939893115,78.95944925925797,32.46625363144837,32.46593742696337,2.055825820541223,26.464703121274333,0.1451115309193085
145.6,51.25807710504288,-9.119548235563563,79.95248187143262,32.46623104541373,32.46577100428306,2.063006333934382,26.464872047255433,0.1443824473415134
145.65,51.41509548443879,-8.233351175913802,80.94551361928845,32.46619818533296,32.465600339299314,2.0701461036924584,26.465045202890927,0.1436102678631812
145.70000000000002,51.55673177207233,-7.344565958875744,81.93854410966068,32.46615548204485,32.46541834617376,2.0772430159440063,26.46522980682908,0.14279539516152795
145.75,51.6829434428792,-6.45345955998045,82.93157296587256,32.46610282948263,32.46522478168027,2.0842949766256638,26.465426098937826,0.14193824503095698
145.8,51.79369261104499,-5.560299651705013,83.92459980718958,32.466040111782455,32.465019375736645,2.091299911829495,26.465634346217843,0.14103921363314953
145.85,51.888946041468024,-4.665354522664889,84.91762424844465,32.465967202064896,32.464801836276806,2.098255768466281,26.46585483785534,0.14009870407662106
145.9,51.968675159815604,-3.7688929966150995,85.91064589961692,32.465883961651464,32.46457047062471,2.105160514927597,26.46608929135292,0.1391171327357199
145.95000000000002,52.032856061171174,-2.871184351284563,86.90366436538056,32.46579014086384,32.46432606318302,2.1120121417473072,26.466336897605444,0.1380949292263267
146.0,52.081469517270016,-1.972498237067744,87.8966792408574,32.46568556388664,32.46406840024984,2.118808662262815,26.466597865313666,0.13703253639420154
146.05,52.11450098238056,-1.0731045955999767,88.88969011444375,32.465570052198295,32.46379709041674,2.125548113335391,26.466872584285674,0.13593041031015218
146.1,52.13194059771838,-0.17327357823234402,89.88269656770737,32.46544341207104,32.463525786167416,2.132228556018511,26.467147119541735,0.1347890214515246
146.15,52.133783194436816,0.726724535564198,90.8756981748057,32.46530643879221,32.463305356881236,2.138848076219844,26.46736957368523,0.13360885366239472
146.20000000000002,52.12002829520047,1.6266194198406885,91.86869454033315,32.465163504370004,32.463008336135296,2.145404785364363,26.46766995242132,0.13239040402666546
146.25,52.0906801137374,2.5261407838142245,92.86168543619098,32.46500956378181,32.46267673856726,2.15189682045483,26.4680053922052,0.13113418289037782
146.3,52.04574755081848,3.4250184533497054,93.85467044122589,32.464842933409344,32.462340065335376,2.1583223419744826,26.46834579135316,0.12984070180934282
146.35,51.985244194472614,4.32298245255618,94.84764906986233,32.46466415711834,32.46206898516673,2.1646795374423533,26.46861905202048,0.12851043039304955
146.4,51.90918831675216,5.219763085411379,95.84062085734203,32.464478787693224,32.46178493688102,2.1709666229394458,26.46890529976817,0.1271439093574145
146.45000000000002,51.81760286773405,6.115091017248732,96.83358555139698,32.46428636977807,32.46141950200235,2.1771818432869807,26.469274318501462,0.12574170994184897
146.5,51.71051546510924,7.008697355744085,97.82654288233756,32.46408159350838,32.46105119890315,2.183323469205334,26.469646003096035,0.12430440695069933
146.55,51.587958385964676,7.900313731968497,98.8194923772903,32.46386513675086,32.46072152942003,2.189389798076327,26.469978004874108,0.122832518367062
146.6,51.449968560035835,8.78967238174941,99.81243358932734,32.46364059337009,32.46037642203468,2.1953791576147523,26.470325472900406,0.12132657741986463
146.65,51.296587557960756,9.676506226504133,100.80536620904869,32.46340743827471,32.46001487982596,2.2012899059315174,26.470689414288678,0.11978719076850552
146.70000000000002,51.127861576405614,10.560548953496587,101.79828990696616,32.46316511267123,32.459634362641125,2.2071204298349656,26.471072410777037,0.1182149663353016
146.75,50.94384142424267,11.441535096178711,102.79120433221443,32.4629129162405,32.45923604995376,2.212869145599271,26.471473249603843,0.11661047806896363
146.8,50.74458250734504,12.319200114301674,103.78410910713593,32.462650282934305,32.45882112360076,2.218534499744038,26.471890715687316,0.11497431528610491
146.85,50.53014481206424,13.193280473789669,104.77700383241984,32.46237677155334,32.458516465420885,2.2241149698897473,26.472195345574043,0.11330708289534641
146.9,50.30059288723195,14.063513726317856,105.76988809187996,32.46210103540102,32.45805831964369,2.229609065523171,26.472656230596925,0.11160940291418342
146.95000000000002,50.05599582469732,14.92963858856315,106.76276180045053,32.461812269989785,32.45758825654972,2.2350153286780383,26.473128924220383,0.10988191266847025
147.0,49.79642723324481,15.791395019540815,107.75562445964344,32.461510554744066,32.45723404910508,2.2403323291403296,26.473483045135367,0.10812526309734949
147.05,49.52196522241051,16.64852430069319,108.7484755740194,32.461205090055564,32.45683411106857,2.2455586713397793,26.47388345311235,0.10634000924582665
147.1,49.232692378576026,17.500769114006776,109.74131500018862,32.46089287727078,32.45632420662605,2.250692994689281,26.474395687095186,0.10452684398899237
147.15,48.92869573454133,18.347873617840655,110.73414248002602,32.46056654365329,32.455910680405246,2.2557339684323665,26.47480918876394,0.10268646699003625
147.20000000000002,48.61006674476611,19.189583524444362,111.7269574733086,32.460233981992715,32.45547662038229,2.2606802938140333,26.475243244069034,0.10081947486170861
147.25,48.27690126166607,20.02564617811974,112.71975974182484,32.45989417044912,32.45501912999623,2.2655307088706067,26.475700801547227,0.09892650763333677
147.3,47.92929950197368,20.855810629694698,113.71254900827044,32.45954595327391,32.45453704477419,2.2702839840341866,26.476183042879285,0.09700830113146708
147.35,47.567366016836225,21.679827712245938,114.70532495112587,32.45918817409536,32.45403006228593,2.274938923085628,26.47669027061948,0.09506550327159857
147.4,47.19120966065737,22.49745011635816,115.69808720463422,32.458819737537546,32.45366133860534,2.279494364178248,26.477055971341386,0.09309878102882863
147.45000000000002,46.800943558613795,23.308432464868726,116.69083536113645,32.45845128047096,32.453099286115375,2.283949180851863,26.477618534774404,0.09110882185240143
147.5,46.39668507282121,24.112531387057214,117.68356941996323,32.45806899515985,32.452600713862424,2.2883022829998723,26.478115870859913,0.08909633347229828
147.55,45.97855576094785,24.909505588993706,118.67628885214879,32.4576784036386,32.4521937657089,2.2925526107752674,26.478519243914683,0.08706204296018427
147.6,45.54668134670584,25.699115929809427,119.66899334001687,32.45728664378648,32.45158016935014,2.296699143178685,26.479133071876433,0.0850065555079027
147.65,45.101191678653,26.481125492192252,120.66168283899644,32.4568790384696,32.45111779079535,2.3007408950182366,26.47959209946479,0.0829306480683556
147.70000000000002,44.64222068704907,27.255299651452365,121.65435674297211,32.45646752077858,32.450629051745466,2.304676912888496,26.48007756471333,0.08083503679102932
147.75,44.1699063508304,28.02140615044733,122.64701490239939,32.456050487276215,32.45010906640481,2.3085062842503206,26.48059445161006,0.07872035740518868
147.8,43.68439064950193,28.779215165809063,123.63965710639162,32.455626100071115,32.4495557762739,2.3122281305071724,26.481144859396775,0.0765874272364897
147.85,43.18581952092179,29.52849937740459,124.63228307375252,32.45519250551417,32.44903836468987,2.3158416082070943,26.48165816499647,0.07443692513703581
147.9,42.674342817966675,30.2690340371837,125.62489245237597,32.45475292402672,32.44855494135974,2.3193459103755387,26.48213629155744,0.0722695539984386
147.95000000000002,42.150114263972476,31.000597037325967,126.61748501337316,32.45431021097908,32.447889286424314,2.322740267847209,26.482799961355678,0.0700860433688888
148.0,41.613291404504636,31.722968975840175,127.61006063710182,32.45385157351088,32.447469790396305,2.326023947538168,26.48321185117463,0.06788714943340324
148.05,41.06403555824917,32.43593322133513,128.60261871450288,32.453395731859835,32.446889510654806,2.3291962509272963,26.48378739055719,0.06567359381918436
148.1,40.502511774209516,33.139275982695324,129.59515935271415,32.45293100177376,32.44631364667152,2.332256521931363,26.484357932358154,0.06344606778256434
148.15,39.92888877277483,33.8327863663415,130.58768221187148,32.45245833355217,32.4457984036964,2.3352041358312405,26.484866091201006,0.061205420081336115
148.20000000000002,39.343338900172995,34.5162564437377,131.58018698847582,32.45198262427676,32.44524148496919,2.3380385064603857,26.485416306387908,0.05895227799754821
148.25,38.74603807576777,35.18948131342453,132.57267356637925,32.45150111432622,32.44463755370295,2.3407590857899194,26.486014030384442,0.05668741258290311
148.3,38.13716573656586,35.85225916048552,133.56514172386716,32.45101085999598,32.44408518029818,2.343365361131596,26.48655862119648,0.05441158659067469
148.35,37.51690478417296,36.50439131805532,134.557591126621,32.450516168589,32.443570643486346,2.3458568569319738,26.487064086112838,0.052125506833533564
148.4,36.88544153069286,37.14568232805338,135.5500216051067,32.4500200596531,32.442834122515144,2.348233136666792,26.487795733193245,0.049829916007553265
148.45000000000002,36.242965640444375,37.77593999793881,136.54243310530595,32.449506778428955,32.44245285448574,2.3504938003673956,26.488164133513518,0.04752559469636708
148.5,35.58967007136294,38.39497545687357,137.53482497052522,32.44900292671873,32.44172572709915,2.3526384829111606,26.48888522715986,0.045213274012070315
148.55,34.925751023147875,39.00260321909087,138.52719756169722,32.448483126745906,32.44119662281954,2.3546668635829704,26.48940362348528,0.04289365087529973
148.6,34.25140786698001,39.59864122771915,139.51955026897235,32.447962662179734,32.440658845368034,2.3565786501738373,26.489930398188157,0.040567613436195415
148.65,33.566843095595814,40.182910920395145,140.5118830671578,32.4474409609789,32.440055080115165,2.3583735943044744,26.490524090335917,0.03823573181733764
148.70000000000002,32.87226225589746,40.75523727582876,141.5041959091799,32.44691339806006,32.43937443689113,2.3600514823047405,26.49119583323722,0.035898882612741545
148.75,32.16787388718526,41.31544886623275,142.4964885710507,32.44637490083371,32.43901406354231,2.361612135610841,26.49154001282486,0.033557760005322734
148.8,31.453889459959832,41.86337791061676,143.48876063475848,32.44584912674147,32.43822433094188,2.3630554135880004,26.492322261741318,0.031213066122006694
148.85,30.730523313820928,42.398860327340365,144.4810125872159,32.44530449847007,32.4376136386112,2.3643812166114344,26.492921199196857,0.02886555954319192
148.9,29.997992584267244,42.92173577164766,145.47324370748393,32.4447551513373,32.43728443681647,2.365589471874479,26.493232169491883,0.026516060468679825
148.95000000000002,29.256517148472323,43.43184769869185,146.46545381531988,32.44422152887152,32.43634948675878,2.3666801523757,26.49416144690395,0.02416510526089155
149.0,28.506319553727923,43.929043403459815,147.45764351243474,32.44365924014918,32.435889927060146,2.367653268428093,26.49460470121578,0.021813610024423724
149.05,27.747624943655584,44.41317405591551,148.4498117026239,32.44310428921425,32.43532574654975,2.3685088553686455,26.495154406008737,0.019462321047853948
149.1,26.980661004927093,44.884094767596444,149.44195866681272,32.44254867902393,32.434612007715536,2.3692470002135124,26.495856485957113,0.0171117388110531
149.15,26.205657886714246,45.341664616647236,150.43408438004772,32.44198177393047,32.43383775643907,2.3698678199976797,26.49661999624403,0.014762896897337896
149.20000000000002,25.422848134048415,45.78574669366821,151.42618841059178,32.441400058395374,32.43371225558636,2.3703714665424016,26.4967203373838,0.012416395683345627
149.25,24.632466620873412,46.21620814796022,152.41827019226642,32.4408509296233,32.432163723698764,2.370758132797995,26.498274162482602,0.010072930894438059
149.3,23.83475047994215,46.63292022901587,153.41033097168082,32.4402304149144,32.432552813822944,2.3710280548974936,26.497847970611446,0.007733325111871636
149.35,23.029939018185008,47.035758299491256,154.40236801887983,32.43968201483644,32.431138605187286,2.3711814836125384,26.49926389065154,0.0053984419899677505
149.4,22.218273672926493,47.424601927838665,155.3943840922327,32.439071771290074,32.43038943357795,2.3712187467412065,26.5,0.003068574300897353
149.45000000000002,21.39999790070558,47.79933484685735,156.38637682680388,32.438451604310636,32.43036033723476,2.3711401628052613,26.500000000000004,0.0007452625733606055
149.5,20.57535713902333,48.15984506054361,157.37834584339498,32.43787365666236,32.43033092017708,2.3709461214319205,26.499999999999993,0.001571678718903513
149.55,19.744598718206245,48.506024849441665,158.37029275695735,32.437334889770554,32.43030118916204,2.370637052050874,26.5,0.0038808274668156173
149.6,18.907971775123137,48.83777077346699,159.362219066175,32.43683248258424,32.43213730945045,2.3702133924481927,26.498093230707802,0.006181387620927126
149.65,18.065727180576516,49.15498370346355,160.354126161793,32.43649711307468,32.432163828491156,2.369675590467317,26.498035140036155,0.008473192053628509
149.70000000000002,17.21811746601903,49.45756885145958,161.34602043196637,32.43618759274729,32.43241058173047,2.369024105576898,26.49775171769309,0.010756039617518809
149.75,16.365396724016676,49.74543572374424,162.33790286532286,32.43591780624609,32.43369728509699,2.3682593302434043,26.496405527040416,0.013029697808377705
149.8,15.507820564273187,50.01849822618573,163.32977498144788,32.43575919759258,32.43352916609437,2.367381674632533,26.49654535569136,0.015295506669872339
149.85,14.645646035564004,50.27667468143504,164.32164103205653,32.43559990962842,32.4343148802222,2.366391558153815,26.495710433871107,0.017553112217427724
149.9,13.779131538607071,50.519887811350905,165.31350099119217,32.4355081218137,32.43491333360399,2.3652893664278167,26.495066549068405,0.01980232957436101
149.95000000000002,12.908536770050242,50.748064823693255,166.30535744019795,32.43546563694157,32.4353798423375,2.3640755183695745,26.494557177327536,0.022043834519962502
150.0,12.034122634885314,50.96113739401561,167.2972122645088,32.43545950875557,32.43575340245343,2.3627504251179943,26.494142478682818,0.024276961164844124
150.05,11.15615117336089,51.15904169601196,168.28906685446734,32.43548050116256,32.436605043946216,2.361314500852366,26.493239168101013,0.02650186503160512
150.1,10.274885486018743,51.34171842773599,169.28092224721152,32.4355608256471,32.43686895698519,2.3597681704543447,26.49293594540874,0.0287184853125666
150.15,9.390589657356735,51.509112834485364,170.27278071170508,32.43565426359983,32.43732662472221,2.3581118749387286,26.49243455813437,0.030926607960424235
150.20000000000002,8.503528674530141,51.66117470592826,171.26464274943703,32.43577371796571,32.43808927457813,2.3563460519830244,26.491621430527864,0.033125910312321594
150.25,7.613968354597478,51.79785841820335,172.2565093553333,32.4359391148666,32.43829507644411,2.3544711635696984,26.491376820336022,0.03531645911408532
150.3,6.722175264370217,51.91912293990245,173.24838228634476,32.43610739783642,32.4388970595016,2.3524876881091075,26.490727346247965,0.03749776826651896
150.35,5.828416640208269,52.024931832421665,174.24026165286435,32.43630665938394,32.43942780402319,2.3503961083388347,26.49015042572993,0.03966950921181933
150.4,4.932960312444418,52.115253286504725,175.23214863961158,32.43652959828674,32.4398961435173,2.348196937054986,26.489637040456326,0.04183159540545489
150.45000000000002,4.036074623855125,52.19006011509482,176.22404415210383,32.43677006580321,32.44031344997626,2.345890700097357,26.48917558298963,0.04398342567697
150.5,3.1380283508309863,52.249329765907476,177.2159488607267,32.43702316467271,32.44092001545474,2.3434779405912636,26.48852067573899,0.046124739152588745
150.55,2.239090624004674,52.2930443319964,178.2078632485904,32.43730151115714,32.44135210924011,2.340959222492728,26.488043779041995,0.04825519012186419
150.6,1.3395308484275783,52.32119056022835,179.1997882813003,32.43759083959164,32.44171113408891,2.3383351333763542,26.48764134353543,0.05037436197071088
150.65,0.4396186232589465,52.33375984787888,-179.80827562108954,32.43788514634144,32.44235174329243,2.335606276696325,26.486951235711466,0.05248178232747591
150.70000000000002,-0.4603763380060011,52.330748253997626,-178.81632826811867,32.4382041889808,32.442719837183866,2.3327732801909846,26.48653927857008,0.05457713360058847
150.75,-1.3601842879868449,52.312156504449206,-177.8243687137136,32.43852673528102,32.44319139206726,2.3298367993181657,26.486021568084233,0.05665993010680381
150.8,-2.2595355256097998,52.27798998010067,-176.83239682379295,32.43885992505147,32.443692997149,2.326797505207587,26.485473084087072,0.058729617456378946
150.85,-3.158160476626408,52.22825872825238,-175.84041219121332,32.43920514448701,32.44415470280544,2.3236560972319253,26.484965263307522,0.06078588221157588
150.9,-4.055789773968391,52.162977455644224,-174.84841435580745,32.4395586843669,32.44457998767579,2.320413298526937,26.48449456622119,0.06282815951323073
150.95000000000002,-4.9521543379878965,52.08216552354184,-173.85640299925734,32.43991734888896,32.444974136621504,2.317069854960941,26.484055610814007,0.06485597409977117
151.0,-5.84698545687589,51.985846944494696,-172.86437792546252,32.44027854801272,32.44557485455524,2.313626537159003,26.4834057331532,0.0668688713199117
151.05,-6.740014867132838,51.87405037739119,-171.87233903737595,32.4406568556229,32.44590642467124,2.3100841422119203,26.483030625361685,0.06886635603876812
151.1,-7.630974834027452,51.74680912075189,-170.88028568055392,32.44103182484064,32.44632771387179,2.306443495013987,26.48256392485298,0.07084789894165056
151.15,-8.5195982304046,51.60416109443838,-169.88821798255663,32.44141010262858,32.446866705906636,2.302705439281638,26.48197709104889,0.07281294395866666
151.20000000000002,-9.405618618265557,51.44614884081632,-168.89613581672268,32.44179986000559,32.44719092607212,2.298870849605251,26.481609548085828,0.0747611146469751
151.25,-10.28877032806528,51.272819508394406,-167.90403874386988,32.4421849361532,32.44763741826873,2.2949406272161923,26.481117243752248,0.07669179352774336
151.3,-11.168788537255688,51.084224833248726,-166.91192694291425,32.44257439916145,32.448085276487326,2.290915694830204,26.480623625049372,0.07860444778117426
151.35,-12.045409351479277,50.88042113340505,-165.9198002459424,32.44296803325616,32.44850605960982,2.2867970061023684,26.480157741786527,0.08049864771976445
151.4,-12.918369882626976,50.6614692869677,-164.9276584932896,32.44336360656713,32.448900563328365,2.2825855399169726,26.479718798525703,0.08237377455671435
151.45000000000002,-13.787408327594305,50.42743471437474,-163.93550161065247,32.44375910347865,32.449272661066786,2.278282300247234,26.479302859218276,0.08422932370791614
151.5,-14.65226404706818,50.1783873604572,-162.94332960082028,32.44415292902066,32.44973905713205,2.273888317219118,26.4787908252376,0.08606479339476891
151.55,-15.51267764404814,49.91440167498921,-161.95114252758867,32.44455193817147,32.4501309791318,2.2694046480378063,26.47835498124682,0.08787966056232221
151.6,-16.368391042026026,49.635556591616485,-160.95894019255599,32.444950441097205,32.45043932676498,2.2648323776537183,26.47800462896047,0.08967338362623423
151.65,-17.219147561200394,49.3419355006126,-159.96672261495007,32.44534250435919,32.450877737568,2.26017261434378,26.477521743552252,0.09144540768176057
151.70000000000002,-18.064691996524957,49.03362622749278,-158.97449004095392,32.44573787815982,32.45132576959447,2.2554264928225507,26.47702927684756,0.09319526619876228
151.75,-18.90477069565585,48.71072101033681,-157.98224234380748,32.446137013262295,32.451593870798824,2.2505951774924426,26.476720697437624,0.09492243042458881
151.8,-19.73913163319608,48.373316466936785,-156.98997937950543,32.44652678880062,32.45199047403603,2.2456798562623703,26.476281246047435,0.0966263066021611
151.85,-20.56752448617113,48.021513565954066,-155.99770150592616,32.446917052031715,32.45237468635989,2.2406817399463037,26.4758547370973,0.09830642460144645
151.9,-21.389700712299486,47.65541760423183,-155.00540870428577,32.447306883055155,32.45274012075211,2.2356020698093815,26.475447707828682,0.09996232632133228
151.95000000000002,-22.205413622530717,47.27513817002312,-154.01310099098765,32.447694971462084,32.45308549633598,2.230442111305642,26.47506148449309,0.10159340273844464
152.0,-23.014418455400794,46.880789110948726,-153.02077843256154,32.44808000895308,32.45341423850792,2.2252031542773523,26.47469259105691,0.10319917007478807
152.05,-23.816472450966753,46.47248850086263,-152.02844114558448,32.44846102534986,32.45372730301146,2.219886513381738,26.474340072199585,0.10477914056579607
152.1,-24.611334924208432,46.05035860541323,-151.03608928374845,32.44883718803997,32.45414065341238,2.214493528509095,26.473885617526612,0.1063328179122891
152.15,-25.39876733777572,45.61452584613096,-150.0437230325994,32.449216006995144,32.45445018004025,2.2090255649903128,26.473537525965128,0.10785969745285229
152.20000000000002,-26.178533374099555,45.16512076316481,-149.05134229040598,32.44958987649836,32.454435875869166,2.2034840137141103,26.473233161939756,0.10935927037564852
152.25,-26.950399004300685,44.702277972452656,-148.05894724638134,32.449936019310556,32.4537808095597,2.1978702862237185,26.472871985075848,0.11083102552404966
152.3,-27.71413256088619,44.22613612956835,-147.06653896106357,32.45021064718549,32.45318862894244,2.1921858188894348,26.472474093553945,0.11227454980783591
152.35,-28.469504815038107,43.73683789979693,-146.07412017010162,32.45042336016814,32.452658883708445,2.1864320861906705,26.472123069968173,0.11368934668567476
152.4,-29.21628906121143,43.23452993682268,-145.08169324195038,32.450583040421016,32.45219183092523,2.1806106266137846,26.47186674299395,0.11507465397528449
152.45000000000002,-29.954261184478206,42.71936283259229,-144.08926020531533,32.450697954028456,32.4517930843703,2.174723036453244,26.471519190438435,0.11642919153771913
152.5,-30.683199726879703,42.19149106653392,-143.09682277270747,32.450776177624306,32.45146110747055,2.1687709640260024,26.471187067669916,0.11775180321080825
152.55,-31.40288595277725,41.6510729540938,-142.1043823476817,32.450825101184755,32.45119675531913,2.1627561042395342,26.47086989432822,0.11904144854483434
152.6,-32.11310391306608,41.09827059439987,-141.1119400510986,32.450851647908635,32.4510007141011,2.156680193258971,26.47056765539441,0.12029719572936415
152.65,-32.81364050844036,40.53324981731163,-140.11949673897703,32.45086229549381,32.450873510369085,2.150545003573562,26.470280808369978,0.12151821961126075
152.70000000000002,-33.50428555164987,39.956180129760696,-139.12705301953451,32.45086309655633,32.45081558571583,2.144352339331803,26.470007394181835,0.12270379370818318
152.75,-34.18483182875391,39.36723466138536,-138.1346092694475,32.450859702924866,32.45082721423606,2.138104031933949,26.469746974796568,0.1238532848351781
152.8,-34.85507515937709,38.76659010946206,-137.14216564918314,32.450857382304235,32.450908545432505,2.131801935870847,26.46949912402592,0.12496614795708183
152.85,-35.5148144559687,38.15442668313473,-136.14972211769359,32.45086103681339,32.45106130831968,2.1254479247956866,26.469187031108667,0.1260419212620434
152.9,-36.16385178206879,37.53092804694629,-135.15727844640156,32.450875341920984,32.45128299626422,2.1190438878199274,26.46891878030232,0.1270802215032063
152.95000000000002,-36.80199240958247,36.896281263675114,-134.1648342278708,32.45090446008836,32.451573126464844,2.1125917260232683,26.468708447203078,0.12808073951518395
153.0,-37.42904487501045,36.250676736428986,-133.17238889543037,32.450952221972386,32.45193245771397,2.1060933490951683,26.468508974508037,0.12904323593318168
153.05,-38.04482103476329,35.59430815013006,-132.179941735867,32.45102223881108,32.45236062320149,2.099550672281069,26.468320009144147,0.12996753856199916
153.1,-38.64913611949248,34.92737241231963,-131.18749189781767,32.45111783769611,32.452858456552704,2.0929656135252515,26.468081149288682,0.1308535362819896
153.15,-39.241808787393275,34.250069593247275,-130.1950384026374,32.45124216761443,32.45342410063153,2.0863400907437324,26.467853255592267,0.1317011751163477
153.20000000000002,-39.82266117650955,33.56260286528299,-129.20258015121027,32.4513980199728,32.45405690599282,2.0796760192666994,26.467638205608527,0.13251045563038133
153.25,-40.39151895599467,32.865178441621715,-128.2101159376253,32.4515879404028,32.45475620493831,2.0729753093878216,26.467435595308856,0.13328142954065925
153.3,-40.94821137641176,32.158005514361236,-127.2176444585749,32.45181424501248,32.45552027648959,2.066239864128704,26.46729275902998,0.13401419757755662
153.35,-41.49257131902553,31.441296191917655,-126.22516432213088,32.45207896154656,32.45634932700944,2.0594715771521805,26.467162106478472,0.13470890518235024
153.4,-42.024435344078576,30.71526543578237,-125.23267405877108,32.45238398765105,32.45724309520073,2.0526723308151347,26.467014939696178,0.13536573953047082
153.45000000000002,-42.54364373808113,29.980130996650804,-124.240172126351,32.45273106676174,32.45820051593043,2.0458439943970177,26.466858898448034,0.13598492674091744
153.5,-43.05004056003731,29.236113349875755,-123.24765691599724,32.45312174170236,32.45922024457949,2.0389884224092185,26.46671347287377,0.13656672836233952
153.55,-43.54347368661588,28.48343563026736,-122.2551267597759,32.453557349050726,32.460301302760875,2.0321074530005347,26.466578354585973,0.1371114397559836
153.60000000000002,-44.02379485628579,27.72232356626697,-121.26257993857617,32.45403906003003,32.4607606085609,2.025202906486932,26.466453248610065,0.13761938817367536
153.65,-44.49085971241739,26.95300541350651,-120.27001468842931,32.45451917063938,32.46086380168007,2.0182765840095485,26.466337872935984,0.13809093027205677
153.70000000000002,-44.94452784532617,26.17571188774995,-119.277431070365,32.454972358570856,32.460958549650016,2.0113302662967243,26.466231958116843,0.13852644954766902
153.75,-45.38466285878857,25.390676111543254,-118.28483011420279,32.45539994364794,32.46104511868248,2.004365741802836,26.466135246779526,0.13892635425648336
153.8,-45.81113242478284,24.598133551625704,-117.29221279929868,32.45580317043612,32.461123624962255,1.997384821398505,26.46604763369068,0.13929048987776582
153.85000000000002,-46.22380832340243,23.79832194712217,-116.29958005742078,32.456183202902274,32.461194101571586,1.9903893370450163,26.465969097492213,0.13961840808661918
153.9,-46.622566481512195,22.991481237105063,-115.30693277582961,32.456541124235805,32.46125657486546,1.9833811405066086,26.46589962280241,0.1399096870697747
153.95000000000002,-47.007287010142875,22.177853487547484,-114.31427180036583,32.456877942137915,32.46131081155696,1.9763621021043463,26.465839458189446,0.14016393076815348
154.0,-47.377854240616955,21.35768281768738,-113.32159793833569,32.45719457566785,32.46135699607869,1.9693341095119763,26.465788425280792,0.14038076804524735
154.05,-47.73415675939614,20.53121532582118,-112.32891196190018,32.457491891411486,32.461395271385314,1.9622990665909512,26.46574638714948,0.1405598518473994
154.10000000000002,-48.07608744165103,19.69869901454992,-111.33621461008072,32.45777070426676,32.46142563269413,1.955258892272937,26.465713356696014,0.14070085842050162
154.15,-48.403543483526406,18.86038371548917,-110.34350659073476,32.458031770583,32.4614480666533,1.948215519468235,26.465689354701635,0.14080348636028361
154.20000000000002,-48.716426433094874,18.016521013463933,-109.35078858279438,32.45827579173088,32.46146255101501,1.9411708940001873,26.465674410167132,0.1408674560940426
154.25,-49.01464221999602,17.167364170211208,-108.35806123836824,32.458503417394034,32.46146905429852,1.934126973569775,26.465668560662323,0.14089250936095254
154.3,-49.29810118375283,16.3131680476106,-107.36532518471789,32.4587152486015,32.46146753542091,1.9270857267487642,26.46567185270834,0.14087840860824485
154.35000000000002,-49.56671810075741,15.454189030463528,-106.37258102611813,32.45891184051717,32.461457943319886,1.9200491319995905,26.465684342168547,0.14082493642021632
154.4,-49.820412209918416,14.590684948842021,-105.37982934561084,32.45909370500308,32.461440216566324,1.9130191767205247,26.465706094649995,0.1407318949834746
154.45000000000002,-50.059107236962795,13.722915000028234,-104.38707070666081,32.45926131297188,32.46141428296181,1.9059978563146487,26.465737185920624,0.14059910558131605
154.5,-50.2827314173851,12.851139670066178,-103.39430565472156,32.459415096542585,32.46138005911842,1.8989871732814763,26.46577770234485,0.14042640811751994
154.55,-50.49121751803766,11.975620654947322,-102.40153471871903,32.45955545101229,32.46133745001626,1.8919891363300323,26.46582774134235,0.14021366066344854
154.60000000000002,-50.68450285735544,11.096620781451989,-101.40875841245963,32.45968273665543,32.461286287893415,1.8850057595122962,26.46588747372705,0.1399607390288793
154.65,-50.86252932420984,10.21440392766867,-100.41597723596965,32.459797276029576,32.46122611944579,1.878039061376242,26.46595736076954,0.13966753635472173
154.70000000000002,-51.02524339538586,9.329234943213539,-99.42319167693778,32.45989933627359,32.46115713912538,1.8710910641374952,26.466037202259088,0.13933396272108212
154.75,-51.1725961516802,8.441379569173117,-98.43040221283508,32.45998917933443,32.461079198568086,1.8641637928715582,26.46612714688363,0.138959944774939
154.8,-51.30454329262712,7.551104357794111,-97.43760931111309,32.46006703785112,32.46099213487228,1.857259274737494,26.466227357395468,0.13854542531873903
154.85000000000002,-51.42104514981863,6.658676591938001,-96.44481343032479,32.460133116209775,32.460895769861814,1.8503795382030859,26.46633801137358,0.13809036268128239
154.9,-51.522066698830216,5.7643642043265455,-95.45201502120513,32.460187591470635,32.460789909434816,1.843526612286233,26.466459301899118,0.1375947306881642
154.95000000000002,-51.607577569748415,4.868435696601285,-94.45921452771631,32.460230614182365,32.460674342782696,1.8367025258121643,26.466591438363988,0.1370585183370565
155.0,-51.67755205629725,3.971160058220176,-93.46641238806168,32.46026230908239,32.46054884154462,1.82990930668619,26.46673464734586,0.13648172948137471
155.05,-51.73196912356082,3.072806685214635,-92.4736090356731,32.460282775686835,32.46041315889056,1.8231489811816672,26.466889173556943,0.13586438251948607
155.10000000000002,-51.77081241429969,2.1736452988303134,-91.48080490017556,32.46029208877282,32.46026702852622,1.8164235732430143,26.467055280873048,0.13520651009045537
155.15,-51.79407025385932,1.2739458640750065,-90.48800040833342,32.460290298755204,32.46014302625119,1.809735103803689,26.46719973185113,0.134508158773059
155.20000000000002,-51.80173565366895,0.37397850819716216,-89.49519598498236,32.46027977929064,32.46002489488965,1.803085590118954,26.4673390998394,0.13376938878650435
155.25,-51.79380631333001,-0.5259865608815156,-88.50239196413524,32.46026157326199,32.45987491178101,1.7964770451135195,26.46751185358188,0.13299027369470195
155.3,-51.77028461988293,-1.4256791361189585,-87.5095886399012,32.46023395458478,32.459683121670714,1.78991147533322,26.467728137402233,0.13217090010869015
155.35000000000002,-51.73117764645156,-2.3248290928164153,-86.51678637243364,32.460194609376636,32.45947915915037,1.7833908796974711,26.467957710882338,0.1313113956059908
155.4,-51.67649715113025,-3.2231664701037106,-85.52398561042078,32.46014350578904,32.459262621359024,1.7769172499172043,26.46820097358924,0.1304119127149761
155.45000000000002,-51.606259574798095,-4.120421552491648,-84.53118680376825,32.46008058547261,32.45906980846894,1.7704925712676385,26.468420883120643,0.12947259560533553
155.5,-51.52048603613669,-5.016324951338589,-83.5383904046127,32.4600083871152,32.458895698486295,1.7641188219907562,26.468622548630655,0.12849357299131725
155.55,-51.41920232524008,-5.91060768622002,-82.54559676795229,32.459928909355995,32.45871140394701,1.7577979727149682,26.468835424289708,0.12747498553764558
155.60000000000002,-51.30243889425527,-6.803001265973178,-81.55280617231055,32.45984194468392,32.45849827196124,1.7515319843154842,26.469078523642438,0.12641698551576042
155.65,-51.17023084694292,-7.693237769507972,-80.56001890414943,32.45974596806087,32.45821138131834,1.7453228061011572,26.469397658863514,0.12531976798968003
155.70000000000002,-51.0226179281506,-8.581049926557881,-79.56723530828071,32.45963635472212,32.45796819520572,1.7391723753300283,26.469672983239178,0.12418356428653965
155.75,-50.85964451265807,-9.466171198386041,-78.5744559064678,32.45951720047095,32.457735961396494,1.7330826175195497,26.469937893028067,0.12300861542257735
155.8,-50.681359594432124,-10.34833585871492,-77.58168106375614,32.45938996910849,32.45749103155044,1.727055448622842,26.47021649688629,0.12179515620957204
155.85000000000002,-50.487816769313014,-11.227279073516032,-76.58891108918027,32.45925433071149,32.45723281011398,1.7210927719662124,26.470509384882348,0.1205433779341547
155.9,-50.27907421788373,-12.102736980683927,-75.59614630439565,32.45910993638309,32.456959520921195,1.7151964767714603,26.470818351249683,0.11925353313259279
155.95000000000002,-50.05519468801046,-12.974446769606663,-74.60338704440419,32.45895633527867,32.456670681961164,1.7093684377597782,26.47114386960485,0.11792590389504198
156.0,-49.81624547600635,-13.842146760434494,-73.61063366145467,32.458793074327424,32.45636638244468,1.7036105147709222,26.471485830480734,0.11656078023364103
156.05,-49.562298406471136,-14.7055764830376,-72.61788652512747,32.45861973919294,32.45604583597835,1.697924552447553,26.471845017485126,0.11515845977712047
156.10000000000002,-49.293429810752876,-15.564476755616724,-71.62514602085199,32.45843588896332,32.45581078001756,1.6923123799250632,26.472117607305744,0.11371924646738307
156.15,-49.00972050401409,-16.418589762934722,-70.632412550923,32.45824838118148,32.45548579223983,1.686775810502283,26.472482564197172,0.112243450449796
156.20000000000002,-48.71125576094601,-17.267659134155533,-69.63968625525357,32.45805105339993,32.45511013543861,1.681316641332586,26.47289980896735,0.11073138845560493
156.25,-48.39812528600962,-18.111430018736243,-68.64696750953576,32.45784098783127,32.45478266591955,1.6759366487329785,26.473268453115374,0.1091833833939404
156.3,-48.07042318974602,-18.94964916436848,-67.65425680109324,32.457622536266136,32.4545008302007,1.6706375913237892,26.473591078537954,0.10759985199214839
156.35000000000002,-47.72824796183783,-19.782064993990897,-66.66155445074115,32.45739955726147,32.45414297192042,1.665421211223638,26.473991799902535,0.1059811481837869
156.4,-47.37170243877274,-20.608427680698277,-65.66886063166027,32.45716694402282,32.45373928563317,1.6602892308802168,26.474439786850734,0.10432760200302482
156.45000000000002,-47.000893770545744,-21.42848922202778,-64.67617571241546,32.456922111280704,32.453402582776434,1.6552433502029515,26.474819900524665,0.1026396068684221
156.5,-46.615933391009946,-22.242003515809795,-63.683500160478125,32.45667071638754,32.45304669239862,1.650285249090068,26.47522005004032,0.10091761354530604
156.55,-46.216936985463434,-23.0487264350088,-62.69083422686332,32.45641185753119,32.452669065205164,1.6454165884463663,26.47564281429608,0.09916202225767279
156.60000000000002,-45.80402445248605,-23.848415899807602,-61.69817819708485,32.456144515222185,32.4522679928227,1.640639006252968,26.476089914317722,0.09737321287403233
156.65,-45.37731986810332,-24.64083195067152,-60.705532395656455,32.45586762076508,32.45184329306677,1.635954117585534,26.476561513878018,0.09555164386796378
156.70000000000002,-44.936951448728735,-25.42573682084212,-59.712897187973354,32.45558016878663,32.45152158247569,1.6313635147100314,26.47692836953848,0.0936977733486799
156.75,-44.48305151285451,-26.20289500822315,-58.72027297788843,32.45529026976442,32.45108080864076,1.626868767214944,26.477417075984345,0.0918120575100545
156.8,-44.01575644144114,-26.972073346602993,-57.727659858951796,32.45498959396987,32.45058498958736,1.6224714221122767,26.477962278250477,0.08989494990174762
156.85000000000002,-43.53520663241783,-27.733041073282426,-56.73505824339295,32.45467497937112,32.450251981779225,1.6181729984671946,26.478341601743793,0.08794690205334632
156.9,-43.041546462454264,-28.485569901030267,-55.74246866440615,32.454359050971696,32.449820553189376,1.6139749919156188,26.478821643421576,0.08596847290164078
156.95000000000002,-42.53492424473163,-29.22943408790163,-54.7498911721704,32.45403487255868,32.449330161693744,1.6098788760838332,26.479362109848207,0.08396013103151745
157.0,-42.01549217768008,-29.96441050093715,-53.75732608222561,32.45369882178261,32.448918217736946,1.6058860945277118,26.479822722666007,0.08192231663571192
157.05,-41.48340630239844,-30.690278685476034,-52.76477384868577,32.45335735006506,32.44847738393747,1.601998064435989,26.480313016589974,0.07985563112242744
157.10000000000002,-40.93882645712231,-31.40682093274344,-51.77223467884341,32.45300878105595,32.448002211150616,1.5982161783504765,26.480838530865466,0.07776060183445566
157.15,-40.38191622567557,-32.113822343003655,-50.77970884411775,32.45265116891986,32.447492434862504,1.594541799840421,26.481399513433054,0.07563772171025107
157.20000000000002,-39.81284288878013,-32.81107089067851,-49.78719669036221,32.452282687915755,32.447137152254086,1.590976264069873,26.481802905685285,0.07348757020110952
157.25,-39.23177737432209,-33.498357488763766,-48.794698633267465,32.451915149654205,32.4465697744785,1.5875208785359831,26.482422907311694,0.07131071541095935
157.3,-38.63889420639921,-34.175476052380006,-47.802214636652984,32.451533337141655,32.44605751130112,1.5841769237438683,26.482986718023362,0.0691077106777982
157.35000000000002,-38.03437144714904,-34.8422235559738,-46.80974524647054,32.45114220672448,32.445689058907924,1.580945645695195,26.483403758108317,0.06687909584229601
157.4,-37.418390649764596,-35.49840010024647,-45.817290819053,32.45075269616615,32.44504309073832,1.577828264629069,26.48410414423391,0.06462556097346805
157.45000000000002,-36.791136801230564,-36.14380897026551,-44.82485129230324,32.45034486720702,32.44459487507193,1.5748259716492683,26.4846026353339,0.062347621322516034
157.5,-36.152798261665154,-36.7782566898654,-43.83242736685088,32.449934153483085,32.44410517387279,1.5719399217664503,26.48514345669708,0.06004585959601627
157.55,-35.503566715900014,-37.4015530880448,-42.84001915290848,32.44951779779664,32.44356515434977,1.5691712455047764,26.485735605753007,0.05772099765636085
157.60000000000002,-34.843637108865884,-38.01351134949715,-41.84762686615839,32.44909260897901,32.442971438358526,1.5665210392623266,26.48638251265941,0.055373525233477494
157.65,-34.17320758787029,-38.61394807170659,-40.85525084434969,32.44865538250612,32.44261361751339,1.5639903666127069,26.486788456004895,0.053004124848996526
157.70000000000002,-33.49247944398105,-39.2026833213028,-39.86289154780418,32.44822382786378,32.441897407010835,1.561580259878049,26.48756023658954,0.05061345299239406
157.75,-32.80165705234628,-39.77954068947627,-38.870548759397686,32.44777194066,32.44145487928922,1.5592917217201148,26.488052411327764,0.04820213469315604
157.8,-32.10094780357191,-40.34434733664153,-37.87822325673652,32.44732072199066,32.440898613424984,1.5571257141747878,26.48866056848616,0.04577076315868567
157.85000000000002,-31.39056205103707,-40.89693405616663,-36.88591501407469,32.44686199995025,32.44029877547051,1.5550831739650093,26.489313039368728,0.0433201509065384
157.9,-30.670713039308716,-41.43713531524857,-35.893624318253714,32.4463931982017,32.439798987230205,1.5531649995792378,26.48986313044871,0.0408508041955713
157.95000000000002,-29.941616842830964,-41.96478930820387,-34.901351554653765,32.4459221831323,32.43922410761504,1.5513720558904325,26.490489682348354,0.0383634877154293
158.0,-29.203492301504582,-42.47973800612602,-33.90909680774908,32.445443749166785,32.438559057552624,1.5497051754240871,26.491208081515186,0.03585887377610675
158.05,-28.456560951827317,-42.981827200263176,-32.91686036112544,32.44495198548006,32.43826235654922,1.5481651533626035,26.491550000854783,0.03333760932690666
158.10000000000002,-27.701046961833452,-43.470906550597604,-31.924642724447263,32.44447415484214,32.43738502463439,1.5467527504157346,26.4924846694813,0.030800441229672515
158.15,-26.937177065246562,-43.94682963376161,-30.93244336457925,32.44396778839873,32.43693348729517,1.545468696126072,26.49298412818834,0.028248058937379028
158.20000000000002,-26.16518048435788,-44.409453972827535,-29.940263372791815,32.4434653383199,32.436312037549904,1.5443136722539919,26.493656813455143,0.025681085793252123
158.25,-25.38528887428663,-44.858641101472685,-28.94810259907229,32.44295438826491,32.43566913056683,1.5432883380728342,26.494351074591542,0.023100477441602152
158.3,-24.59773624282371,-45.29425658865815,-27.955961368314085,32.44243401271505,32.43517357761678,1.5423933106595769,26.494894448519997,0.020506683623153776
158.35000000000002,-23.80275888367537,-45.71617008505466,-26.96384004079842,32.441915410208026,32.43451841205287,1.5416291721559077,26.495600491396996,0.0179005482651462
158.4,-23.0005953053316,-46.124255362391054,-25.971738548481607,32.44138705319695,32.43362380371815,1.5409964701372658,26.49655075917282,0.015282770073383745
158.45000000000002,-22.191486156040973,-46.51839034502289,-24.979657264213376,32.440832535377034,32.43361588480765,1.5404957107096209,26.496594749973994,0.012654040372837017
158.5,-21.37567415443789,-46.89845715236124,-23.987597188310286,32.44031706033636,32.431960398095946,1.5401273652730438,26.498321570556826,0.010015188552898735
158.55,-20.55340402020719,-47.264342142969255,-22.995556827288713,32.43972015589062,32.43256246275221,1.5398918802273869,26.497741418946585,0.007366908731540889
158.60000000000002,-19.724922384217702,-47.615935912578706,-22.003539295219625,32.43920889209502,32.43038573371767,1.5397896376597089,26.5,0.004709700913139159
158.65,-18.89047774299792,-47.953133392906764,-21.011541316486923,32.43857866649664,32.43041901180018,1.5398210275958348,26.499999999999993,0.0020448513535598067
158.70000000000002,-18.050320344928075,-48.275833790285674,-20.01956744049178,32.437995834018324,32.430451799771916,1.5399863475128654,26.500000000000004,0.0006277987225189463
158.75,-17.204702160435517,-48.583940729603036,-19.027615854402452,32.437456974429296,32.43048407656829,1.5402859251564038,26.5,0.0033063983406123043
158.8,-16.353876769063255,-48.877362189956976,-18.035684876258774,32.43695891029636,32.43213161415447,1.5407200185051977,26.498349041017242,0.005991552870767691
158.85000000000002,-15.498099285773511,-49.15601053302449,-17.043772945675457,32.436614103429086,32.43242399832251,1.5412888177479331,26.498082184674033,0.008681866975877028
158.9,-14.637626286615872,-49.41980253009919,-16.051874201482743,32.436314810207186,32.433189278545534,1.5419924471360176,26.497331593005956,0.011375984854709031
158.95000000000002,-13.772715714624553,-49.668659321161144,-15.059986903028225,32.436091557945645,32.434076954671966,1.5428308973947793,26.496455382064944,0.014072587761688737
159.0,-12.90362682533422,-49.90250649884797,-14.068108142261647,32.43594765771181,32.43457643757941,1.5438040904534773,26.495975155267445,0.016769005175234497
159.05,-12.030620106370876,-50.12127411218426,-13.076234884553726,32.43584971341664,32.43540903733259,1.5449118611384094,26.495154001176758,0.019463861173960595
159.10000000000002,-11.153957201939567,-50.32489668459229,-12.084365372439105,32.43581823655349,32.43604362702059,1.546153955242751,26.494534495860034,0.02215541369864127
159.15,-10.273900841784346,-50.51331325220338,-11.092497064063393,32.43583433587257,32.43654613300921,1.5475300496739877,26.494049263420905,0.024841882086832356
159.20000000000002,-9.390714761925212,-50.68646736951815,-10.100628140017276,32.43588517852518,32.4375397848423,1.5490397402421863,26.493061690727885,0.027521888624733037
159.25,-8.504663630309935,-50.84430713688774,-9.108757271644167,32.43600336469069,32.437889336251715,1.5506825531426927,26.492731364053373,0.030193811363972145
159.3,-7.616012970664157,-50.98678522331202,-8.11688188358202,32.43613807694505,32.43890954618746,1.552457952821932,26.491715360283358,0.032856258010127704
159.35000000000002,-6.7250290815855776,-51.11385886102815,-7.1250013438237305,32.43633603903379,32.439324709191176,1.5543653225726146,26.49131665899835,0.035507993584786846
159.4,-5.831978963308417,-51.22548988827931,-6.133113233527107,32.4365495154736,32.440101423961636,1.5564039952621016,26.49054801403637,0.038147395013652385
159.45000000000002,-4.937130235387164,-51.32164473286716,-5.141216959349421,32.436803223222746,32.44077756279921,1.5585732254860432,26.4898814132505,0.04077345378973973
159.5,-4.040751061696749,-51.40229445062297,-4.149310982692968,32.43708710462107,32.44137010776514,1.5608722184870345,26.48929950168312,0.04338460447883108
159.55,-3.143110069654232,-51.467414719394874,-3.15739414957007,32.43739303341708,32.44209899379553,1.5633001155681043,26.48857767822449,0.0459798600198269
159.60000000000002,-2.2444762717321107,-51.51698585244693,-2.1654656167463444,32.43772917344411,32.44269108326959,1.5658560004154864,26.48799487239726,0.048557941621396594
159.65,-1.3451189862894908,-51.55099280940108,-1.1735242287556136,32.438083595574504,32.443302548793405,1.568538904279599,26.487391603249023,0.051117696947642344
159.70000000000002,-0.4453077576854908,-51.56942519606586,-0.18156928632265118,32.438456377947276,32.44405066906432,1.5713478013876099,26.48664812720835,0.05365807728225036
159.75,0.45468772321755857,-51.57227727497236,0.8103999128326288,32.438855970169925,32.44455302574714,1.5742816164440114,26.486154927449487,0.05617794216021821
159.8,1.3545976991192916,-51.559547967350085,1.8023843941594515,32.43926290271116,32.4452261129308,1.5773392249341782,26.485486741690075,0.05867630112803113
159.85000000000002,2.2541524262116885,-51.531240848709665,2.7943844385232373,32.439688846298274,32.44583974717362,1.5805194484150178,26.484878605834187,0.06115216980333571
159.9,3.1530822544924235,-51.487364159828566,3.7864007731473817,32.4401281963608,32.44640098215043,1.5838210665940693,26.484323319854557,0.06360446961679145
159.95000000000002,4.051117707835674,-51.42793079766066,4.778433910925308,32.44057625248863,32.44706494750463,1.587242810715452,26.483662514312144,0.06603236358103004
160.0,4.947989564279337,-51.35295831524678,5.770484184993378,32.441039730704055,32.447622356912554,1.5907833673388865,26.483109863535837,0.06843488242765261
160.05,5.843428936482977,-51.26246891969376,6.762552185361761,32.44150991829038,32.44816153294929,1.5944413815896965,26.48257520347531,0.07081113246869108
160.10000000000002,6.737167351532225,-51.15648946194246,7.754638168824957,32.44198503362316,32.44886078577424,1.598215453563725,26.481876522453796,0.07316028501620053
160.15,7.628936831534068,-51.035051434384194,8.746742324043291,32.44247615877681,32.449300669388435,1.6021041440150725,26.48144200784725,0.07548143948056918
160.20000000000002,8.518469973892147,-50.89819096293037,9.738865263546353,32.4429636238205,32.44990882524947,1.6061059758923193,26.480835132838845,0.07777380902695086
160.25,9.405500030205381,-50.74594879007101,10.731006847546707,32.443459709636855,32.45047659229605,1.6102194281588282,26.480268909638227,0.08003663754493573
160.3,10.289760987854406,-50.57837027480837,11.723167405977565,32.44396091554108,32.45100449668748,1.614442948101157,26.479742809662007,0.08226904533017887
160.35000000000002,11.170987648486275,-50.39550537223928,12.71534713488559,32.444464028480105,32.451499139976,1.61877494445244,26.479250104347308,0.0844703988465767
160.4,12.048915707726547,-50.19740862113364,13.707546107426825,32.4449665364441,32.4521394635473,1.6232137900088617,26.478608171539225,0.08663992702565793
160.45000000000002,12.923281834773205,-49.984139129941326,14.69976430067596,32.44547888838004,32.45257174998179,1.6277578240844264,26.478178041170008,0.08877691112843422
160.5,13.793823751766459,-49.755760560986815,15.692002091381248,32.445985521351595,32.453065633157934,1.6324053545546846,26.477684528617793,0.09088068151129391
160.55,14.660280310874256,-49.512341105767895,16.684259261011483,32.44649124362348,32.45365108222459,1.637154652123506,26.477097068713267,0.09295060940516464
160.60000000000002,15.522391575013685,-49.25395347401298,17.67653577494928,32.447002660666406,32.45403963396604,1.6420039602288412,26.476710064735215,0.09498595137642951
160.65,16.379898895282277,-48.980674869497776,18.668831851245276,32.44750530161638,32.45455936671517,1.6469514927175624,26.476188714341834,0.09698616210670252
160.70000000000002,17.232544987427314,-48.6925869635562,19.661147154419012,32.448009163409154,32.455051723011756,1.651995430449631,26.47569484532701,0.09895064977442303
160.75,18.080074011851753,-48.38977587928392,20.653481731385074,32.448512203380766,32.45551595928748,1.6571339305750143,26.475229228827878,0.10087875464137142
160.8,18.922231648722683,-48.07233216039823,21.64583555092204,32.44901247165981,32.45595380148434,1.6623651211167498,26.47479011628484,0.10277000250766832
160.85000000000002,19.758765174812172,-47.74035074566499,22.638208507218607,32.449508280932996,32.45636842336808,1.6676871027965205,26.47437428220472,0.10462381083470973
160.9,20.58942353994742,-47.39393094191405,23.630600429914086,32.44999829110693,32.45688550826288,1.673097950812462,26.47385349705958,0.1064396335954143
160.95000000000002,21.413957442999013,-47.0331763955553,24.623011097378196,32.4504902351895,32.45727326213296,1.678595716466532,26.473464291967503,0.10821696031882766
161.0,22.232119407346307,-46.65819506255941,25.615440583795436,32.45097473711403,32.457622159572836,1.6841784285901866,26.473114359826898,0.10995531308140016
161.05,23.043663853508733,-46.26909917218928,26.60788860467247,32.45144955300395,32.45808884607756,1.6898440895248896,26.4726438879903,0.11165424247309375
161.10000000000002,23.848347175456475,-45.86600519880448,27.60035478966663,32.45192378822349,32.45853531561741,1.695590681390442,26.47219370342429,0.11331321869405997
161.15,24.645927814789793,-45.449033828371626,28.59283911675542,32.4523960401802,32.458829738068026,1.701416168073166,26.471898318728595,0.1149318373110475
161.20000000000002,25.43616633114746,-45.0183099176529,29.585341510257958,32.45285559002932,32.45922595342212,1.7073184903998424,26.471498763264027,0.1165097336544818
161.25,26.218825474684326,-44.57396245784454,30.57786148442575,32.45331061598595,32.4596073459847,1.7132955676322155,26.47111403046916,0.11804644653352625
161.3,26.99367026081159,-44.11612454175262,31.570398866368254,32.45376038241444,32.45996950759272,1.7193453045652163,26.470748630550812,0.11954154464746125
161.35000000000002,27.760468038798464,-43.644933319769024,32.56295345504624,32.454203891355746,32.46031190088203,1.7254655872736961,26.470403124339114,0.12099473866001631
161.4,28.518988562193286,-43.160529959346285,33.555525011234955,32.45464017775048,32.46063632915799,1.7316542842207951,26.47007568463234,0.12240565416959726
161.45000000000002,29.26900405864721,-42.66305960336618,34.548113258781335,32.455068474279585,32.46094428080942,1.7379092475283713,26.469764805435446,0.12377393894198008
161.5,30.010289299031143,-42.15267132725775,35.54071789216797,32.455488174746,32.46124367175516,1.7442283142319255,26.469462423782055,0.12509926615152267
161.55,30.742621665764204,-41.629518094796026,36.53333858267638,32.45589928167523,32.46161267081279,1.7506093074203761,26.469088811884856,0.12638133407108398
161.60000000000002,31.465781220334474,-41.09375671261761,37.52597500167553,32.45630738089934,32.46189347986303,1.757050037282447,26.468804953080504,0.1276198637690129
161.65,32.17955076981833,-40.545547783258,38.51862703423598,32.456706387968175,32.46213976952525,1.7635483017902587,26.46855610732129,0.12881459724141564
161.70000000000002,32.88371593048513,-39.985055654407745,39.51129433263565,32.457094486650824,32.46237292994519,1.7701018840307725,26.468320465771072,0.12996529015623537
161.75,33.57806519479317,-39.41244837262128,40.503976479654106,32.457471518314705,32.46266726376217,1.7767085565538636,26.46802224747585,0.13107164481027667
161.8,34.26238999610363,-38.82789763375304,41.49667305199076,32.457842642989526,32.462947659099434,1.7833660831575031,26.467738082317847,0.13213345046182212
161.85000000000002,34.93648477192087,-38.23157873147347,42.4893838237608,32.45820728699737,32.463212291612656,1.7900722196784855,26.467469841006857,0.13315053207278993
161.9,35.600147024073024,-37.623670502323435,43.48210854712429,32.458564787327035,32.46340750267998,1.7968247115884282,26.467272264650497,0.13412273041964795
161.95000000000002,36.253177380141246,-37.00435527236908,44.474846948867636,32.45891069556654,32.46358260713571,1.8036212950378072,26.467095060006166,0.13504983819885297
162.0,36.89537965400938,-36.37381880281431,45.46759858556725,32.45924440353576,32.46380228046543,1.8104596979553662,26.466872268191914,0.13593166898758113
162.05,37.52656090710211,-35.73225023614018,46.46036299051927,32.459569966173596,32.46400817150971,1.817337643423791,26.466663415864026,0.1367680583511799
162.10000000000002,38.14653150713422,-35.07984203945974,47.453139852160184,32.45988698084046,32.46420068370989,1.8242528507476976,26.466468099436092,0.1375589093684937
162.15,38.755105183816276,-34.41678994493799,48.445928843513755,32.46019510247399,32.464380192780084,1.8312030337194471,26.4662859431934,0.13830414647813427
162.20000000000002,39.35209908540451,-33.74329289114603,49.43872962439384,32.460494037495856,32.46454703509212,1.8381859015645006,26.466116611125226,0.13900365943499082
162.25,39.93733383420716,-33.05955296340017,50.43154184337413,32.46078353732416,32.464701522288486,1.8451991598524842,26.465959792007606,0.1396573569010684
162.3,40.51063358102976,-32.36577533310849,51.42436513950975,32.46106339339305,32.464843534464336,1.8522405113772251,26.465815614314096,0.14026516575967207
162.35000000000002,41.07182605854314,-31.662168196147533,52.41719914386849,32.46133340346957,32.46497329797872,1.8593076570094524,26.465683852892525,0.14082703049481893
162.4,41.62074263355767,-30.94894271029168,53.41004347977296,32.4615933959345,32.465091584899696,1.8663982965249062,26.46556372555727,0.14134291264454646
162.45000000000002,42.157218358201895,-30.22631293172768,54.40289776397234,32.461843266574874,32.465198615527534,1.8735101294277428,26.465455012415884,0.1418127903090749
162.5,42.68109201997734,-29.494495750665372,55.39576160922143,32.462082934357205,32.465294590665295,1.880640855754578,26.46535751298618,0.14223665805673136
162.55,43.192206190654254,-28.7537108260528,56.388634625167946,32.46231233837921,32.46537969234201,1.887788176836537,26.465271045454713,0.14261452653670403
162.60000000000002,43.69040727401266,-28.004180519433707,57.381516419122896,32.46253143509084,32.4654540843609,1.8949497960459354,26.465195446114905,0.1429464216391807
162.65,44.175545552414526,-27.24612982796956,58.37440659672503,32.462740195752986,32.46551791289755,1.9021234195290262,26.46513056875529,0.1432323841879679
162.70000000000002,44.64747523219326,-26.479786316648468,59.36730476250745,32.46293860412046,32.46557130703716,1.9093067569262985,26.465076284111024,0.14347246966181615
162.75,45.10605448784709,-25.70538004970328,60.36021052037628,32.463126654328796,32.465614379253836,1.9164975220816842,26.465032479375342,0.14366674794544565
162.8,45.55114550502342,-24.923143521261313,61.353123474007944,32.463304348966304,32.46564722583484,1.923693433741839,26.46499905776838,0.14381530310771495
162.85000000000002,45.98261452228151,-24.133311585248126,62.34604322717291,32.46347169731405,32.46566992725147,1.9308922162464484,26.46497593816113,0.14391823320309527
162.9,46.4003318716213,-23.336121384567925,63.33896938399218,32.46362871373815,32.46568254847808,1.938091600210761,26.464963054753355,0.14397565009218738
162.95000000000002,46.804172017766525,-22.531812279583153,64.33190154913201,32.463775416219576,32.46568513926239,1.9452893232009387,26.464960356802028,0.1439876792862549
163.0,47.19401359619074,-21.720625775916016,65.32483932794254,32.463911825008346,32.4656777343462,1.9524831304031522,26.464967808401234,0.14395445980355248
163.05,47.56973944987518,-20.902805451594652,66.31778232654509,32.46403796138962,32.465660353639535,1.9596707752871154,26.464985388310414,0.1438761440442704
163.10000000000002,47.93123666478775,-20.07859688356684,67.31073015187171,32.464153846550325,32.465633002348206,1.9668500202645802,26.465013089830936,0.14375289767926347
163.15,48.27839660407298,-19.248247573604175,68.30368241166207,32.46425950053589,32.465595671055326,1.9740186373434554,26.465050920730473,0.1435848995492961
163.20000000000002,48.61111494094298,-18.412006873619738,69.29663871441971,32.464354941287276,32.46554833575758,1.9811744087779388,26.465098903214308,0.14337234157750345
163.25,48.92929169025986,-17.57012591042236,70.289598669332,32.464440183749446,32.465490957856005,1.9883151277152606,26.465157073943896,0.14311542868966853
163.3,49.23283123880057,-16.722857509930694,71.28256188615578,32.46451523904277,32.46542348410167,1.9954385988392502,26.46522548410203,0.14281437874643643
163.35000000000002,49.52164237419543,-15.870456120870392,72.27552797507118,32.464580113689834,32.46534584649506,2.0025426390112315,26.465304199506228,0.14246942247979177
163.4,49.79563831253192,-15.013177737977701,73.26849654650589,32.4646348088902,32.46525796213943,2.009625077908474,26.465393300769634,0.14208080343962592
163.45000000000002,50.05473672461591,-14.151279824733008,74.26146721093193,32.46467931983658,32.465159733046704,2.0166837586606263,26.46549288351123,0.14164877794485164
163.5,50.298859760882635,-13.285021235647788,75.2544395786359,32.46471363506587,32.4650510458953,2.023716538484166,26.46560305861566,0.14117361504304426
163.55,50.52793407495039,-12.414662138128616,76.24741325946458,32.4647377358394,32.46493177173733,2.0307212893153803,26.465723952545606,0.1406555964707934
163.60000000000002,50.741890845810026,-11.54046393394188,77.2403878625468,32.464751595546396,32.46480176565532,2.0376958984418607,26.465855707706254,0.14009501662428647
163.65,50.94066579864401,-10.662689180302971,78.23336299599247,32.4647551791256,32.464660077074214,2.044638269132875,26.465999287886646,0.13949218252960804
163.70000000000002,51.12419922426896,-9.781601510613758,79.2263382665694,32.46474838612193,32.464507088924265,2.051546321268731,26.466154296495393,0.13884741382028665
163.75,51.29243599719616,-8.897465554872197,80.21931327720138,32.46473115060782,32.464342749092395,2.058417991969378,26.46632078034795,0.13816104271711538
163.8,51.44532559233816,-8.010546859783794,81.21228762828942,32.46470340764243,32.464166840739786,2.065251236256181,26.466498953987898,0.1374334140129463
163.85000000000002,51.582822100297754,-7.121111808586171,82.20526091774998,32.4646650814351,32.46397912831907,2.0720440276867933,26.46668905077891,0.13666488573605307
163.9,51.704884241253836,-6.229427540616158,83.19823274060005,32.464616084783955,32.46377935672399,2.0787943589830675,26.466891323791017,0.1358558286122502
163.95000000000002,51.81147537744691,-5.335761870644961,84.19120268852065,32.464556318493955,32.46356725045432,2.08550024265886,26.467106046672097,0.1350066259254845
164.0,51.90256352426069,-4.4403832080055,85.18417034939843,32.46448567077684,32.463401626092875,2.092159711648101,26.467273218867696,0.13411767351584558
164.05,51.97812135989654,-3.543560475536019,86.17713530684381,32.4644082390137,32.463216954573305,2.098770819933115,26.467459671042324,0.1331893797848238
164.10000000000002,52.03812623363812,-2.6455630283641143,87.17009730126084,32.464323147267955,32.462965063575304,2.1053316431735496,26.467714532098384,0.13222216570028422
164.15,52.08256017016889,-1.7466605724300017,88.16305603953606,32.46422614128991,32.46269943904785,2.111840276798368,26.46798323832524,0.13121646480868776
164.20000000000002,52.11140987544616,-0.847123083213785,89.15601106576398,32.464117091129765,32.46241966947848,2.118294837080583,26.468266201303024,0.13017267249637143
164.25,52.12466674318961,0.05277927563279161,90.14896191906945,32.4639958467261,32.46218879692712,2.1246934642354773,26.468499105512258,0.12909120564430054
164.3,52.122326857472565,0.9527762339247802,91.14190813283842,32.46386677174046,32.46195868289867,2.131034323031976,26.468731045048877,0.12797254309788286
164.35000000000002,52.10439099389716,1.8525974966196581,92.13484940743967,32.46373047968033,32.46171699427807,2.1373156034082115,26.46897459149793,0.12681717592997188
164.4,52.07086461662953,2.751972825404759,93.12778546672088,32.46358665929446,32.46138683331138,2.143535518366292,26.469308180009303,0.12562560752471086
164.45000000000002,52.021757876267515,3.650632120160574,94.12071602262202,32.46342952886709,32.46107282566599,2.1496923041138274,26.46962507393809,0.12439829916161216
164.5,51.9570856068447,4.548305500387315,95.1136405658458,32.46326119292416,32.460790904791544,2.155784220753908,26.46990900859914,0.12313571495070619
164.55,51.87686732469007,5.444723386871158,96.1065586676307,32.46308474377182,32.460495468173825,2.161809556255214,26.470206494827483,0.12183833280161593
164.60000000000002,51.78112722112778,6.339616583051509,97.09947001754746,32.46289979551482,32.46018599989642,2.167766625673387,26.470518049970046,0.12050671002612034
164.65,51.6698941531748,7.232716356085724,98.09237429040427,32.46270595297066,32.459860618642566,2.1736537697704037,26.470845584415244,0.11914138836345955
164.70000000000002,51.543201634910176,8.123754517903594,99.08527114589168,32.462502714804366,32.45951913322131,2.1794693557165843,26.47118928445383,0.11774288194033034
164.75,51.40108782743573,9.012463506113523,100.07816022452134,32.462289601834144,32.45916165136227,2.1852117777899736,26.471549031510442,0.1163117189236118
164.8,51.243595527487585,9.898576464746363,101.07104114847394,32.462066176800434,32.45879949971848,2.1908794581311497,26.47191326094414,0.11484844146778528
164.85000000000002,51.07077215462417,10.78182732480375,102.06391352320423,32.461832842723155,32.458528112086015,2.1964708474760855,26.47218459510908,0.11335360682352302
164.9,50.882669736982216,11.661950884582291,103.05677696959401,32.46159679053479,32.458118939781926,2.2019844258550734,26.472596205687683,0.11182778689871498
164.95000000000002,50.67934489513704,12.538682889637789,104.04963138368399,32.461348372623874,32.457688872375364,2.207418702777751,26.47302882772123,0.11027156757975831
165.0,50.46085882061551,13.411760111445902,105.0424762923634,32.46108697974898,32.45734917273956,2.212772213329778,26.473368927879662,0.10868553845355677
165.05,50.227277262888634,14.280920428010047,106.0353111992175,32.46081999353402,32.45701702610791,2.218043524381919,26.473700992403643,0.10707021104053638
165.10000000000002,49.97867050963838,15.145902903114811,107.02813589028509,32.46054835300358,32.45655944045351,2.2232312353571118,26.474160713631306,0.10542622104281918
165.15,49.7151133610426,16.00644786383683,108.02095018753862,32.46026343067858,32.456153305959646,2.2283339741853396,26.47456759227755,0.10375421950385544
165.20000000000002,49.43668510648316,16.862296978496058,109.01375358284254,32.45996985034151,32.45576652543463,2.233350397122443,26.474954369270407,0.10205477656455741
165.25,49.1434695053506,17.713193336022915,110.00654574498853,32.45966961284816,32.45536097913343,2.238279194309712,26.475359934136083,0.10032845874206942
165.3,48.83555475886881,18.558881522589957,110.99932641933196,32.4593618532971,32.4549334106272,2.2431190873592968,26.47578760302268,0.0985759437453737
165.35000000000002,48.513033482123085,19.399107698120275,111.99209531814043,32.45904553596354,32.4544841312487,2.247868828506917,26.47623705186468,0.09679786099169974
165.4,48.176002676386815,20.23361967286046,112.98485211405881,32.45871972134105,32.45401284103052,2.2525272014779745,26.476708580807966,0.09499482295240114
165.45000000000002,47.82456370020098,21.062166983529835,113.97759644379205,32.45838351560458,32.453681433861625,2.2570930224469734,26.47703696472749,0.0931674594211529
165.5,47.458822239062464,21.884500968966567,114.97032790985418,32.458047652622945,32.4531601223179,2.261565140929605,26.477558756139846,0.0913164193799787
165.55,47.07888827375821,22.70037484525394,115.96304652545527,32.45769854331544,32.45266933109715,2.2659424406376303,26.478048998710566,0.0894423696526303
165.60000000000002,46.68487604109585,23.50954377725295,116.95575178387891,32.45733931387127,32.452293343468185,2.270223833336111,26.478421662952123,0.08754599416050723
165.65,46.276904006621685,24.31176495566138,117.94844329802939,32.45697888741391,32.45178288204752,2.2744082673099513,26.478931157214603,0.08562785396961203
165.70000000000002,45.85509482687467,25.10679766937897,118.94112102221865,32.45660774417345,32.45129006150106,2.278494725774202,26.479422227145925,0.08368867947680769
165.75,45.41957530739482,25.894403375396926,119.93378454653646,32.45622790969685,32.45084167360362,2.2824822217908576,26.47986751989241,0.08172916928501195
165.8,44.97047636930769,26.674345773147564,120.92643353857892,32.45584317854733,32.4503673072348,2.286369804260616,26.480338897171947,0.07974992033311423
165.85000000000002,44.50793300847383,27.446390875035085,121.91906781112678,32.45545204488215,32.44986257477872,2.290156556965897,26.480840834833735,0.07775164939516799
165.9,44.03208425255646,28.21030707560416,122.91168711935391,32.45505279701762,32.44932767031146,2.293841596540915,26.481373132971086,0.0757350541056212
165.95000000000002,43.54307311965065,28.96586522154276,123.90429115295447,32.45464385939575,32.448924921761105,2.2974240736178473,26.481770085424692,0.07370079150035735
166.0,43.04104657577216,29.712838681072224,124.89687954135317,32.454235363850415,32.44837112495798,2.3009031740868693,26.48232078139328,0.07164954153864755
166.05,42.52615549104004,30.451003412594524,125.88945230160485,32.45381648964381,32.44778768786132,2.3042781202643,26.482901289820603,0.06958200938044001
166.10000000000002,41.998554588934375,31.180138028490166,126.88200903679177,32.45338586094506,32.44739648194657,2.3075481650153336,26.483285104937977,0.06749892354861231
166.15,41.45840240477263,31.90002386523464,127.87454929737228,32.45295804815946,32.44679494234903,2.310712598459183,26.483883193473755,0.06540089502067303
166.20000000000002,40.90586123822715,32.61044504965454,128.8670731912309,32.452517826315855,32.446279930806845,2.313770748987622,26.484392491807686,0.06328866887699292
166.25,40.34109709719964,33.31118855837185,129.85958024379983,32.452072262350924,32.44578967819556,2.316721974690779,26.48487605637999,0.0611630105687766
166.3,39.76427965479674,34.00204428726159,130.8520702508765,32.45162350633983,32.445261411226305,2.31956567267909,26.485397975843604,0.05902451406313958
166.35000000000002,39.17558219457145,34.682805111872035,131.84454309051637,32.45116907097458,32.44469042929711,2.322301274998601,26.485963052407783,0.05687395976622156
166.4,38.57518155711506,35.35326694862485,132.83699854562653,32.45070631085476,32.44412343936431,2.324928247491364,26.486523599439984,0.05471204639022176
166.45000000000002,37.96325808770007,36.01322881690144,133.82943629792177,32.4502361057483,32.44370392320819,2.327446091432982,26.486933109702996,0.052539449855260045
166.5,37.33999558285422,36.66249290034767,134.82185606278156,32.44976952128115,32.44298557443971,2.3298543452551215,26.487647303753803,0.05035687883236051
166.55,36.705581234300595,37.300864605821275,135.81425797889705,32.44928495364962,32.44256356215559,2.332152584139422,26.488058451820592,0.04816507644278545
166.60000000000002,36.060205567642804,37.928152616934206,136.80664135853493,32.44880485425719,32.442029436237945,2.3343404134809944,26.488583632518633,0.045964777686009484
166.65,35.404062393900176,38.544168960508756,137.79900637281838,32.448320895827244,32.4413839049763,2.3364174819735197,26.489222133970664,0.04375658683144934
166.70000000000002,34.73734874146279,39.14872905318242,138.79135287432473,32.447825396480745,32.44089244330279,2.3383834682109352,26.4897028555057,0.04154136985050627
166.75,34.06026480012278,39.74165176010086,139.7836804217874,32.447330185539464,32.440346165553606,2.3402380857749847,26.490239116549592,0.039319724748310136
166.8,33.37301386359202,40.32275945256207,140.77598902644672,32.44683132696905,32.439733849711274,2.341981087924907,26.490842386689458,0.03709235128098953
166.85000000000002,32.67580226337237,40.891878055771585,141.76827854898426,32.44632436430778,32.43908409690211,2.3436122605529093,26.491483465672545,0.034860042998445806
166.9,31.968839308052026,41.44883710256473,142.7605486796221,32.44580720235023,32.4387539566119,2.345131424603366,26.49179768484036,0.03262345256004551
166.95000000000002,31.25233722174519,41.993469786415005,143.7527990284504,32.44530339908321,32.43789336379794,2.34653843879488,26.492653273000744,0.030383281009136454
167.0,30.526511080637896,42.52561301232819,144.7450301066669,32.44477411084855,32.43753508297461,2.3478332009129588,26.492995390411018,0.028140283830282442
167.05,29.79157873969426,43.04510743408372,145.7372409396966,32.44425703742898,32.43697294545023,2.3490156336794215,26.49354532206503,0.025895242361571036
167.10000000000002,29.047760780641244,43.55179752061611,146.72943199498377,32.44373674514478,32.436257627540336,2.350085708106569,26.49425132628487,0.023648655329253643
167.15,28.29528043225162,44.04553158394113,147.7216031496379,32.443202522458755,32.43580138716749,2.3510434208499476,26.494692295365642,0.02140148854294921
167.20000000000002,27.534363508513152,44.52616183181197,148.7137538710748,32.44267386993795,32.435243530309386,2.35188880347728,26.495236682214763,0.019154254867572718
167.25,26.765238343888335,44.993544417218025,149.70588437258343,32.44214313139305,32.43454287445206,2.3526219288902652,26.495926574988058,0.016907652546649388
167.3,25.988135718191078,45.44753947130389,150.69799457461596,32.441600255897264,32.43386091233245,2.3532428995840178,26.496597013654743,0.014662508259704055
167.35000000000002,25.2032887895921,45.888011148791506,151.69008401321045,32.44104744564263,32.43371572488723,2.353751852213918,26.496718712386937,0.012419413875051077
167.4,24.410933027259638,46.314827673657334,152.68215230864777,32.44052375130296,32.4322507668863,2.3541489635915127,26.498188427640613,0.010179052598005
167.45000000000002,23.61130613947568,46.72786137728567,153.67420057475425,32.43993282384463,32.432502059833354,2.354434449307803,26.497904336295694,0.007942227551893666
167.5,22.804647991366732,47.12698871547418,154.66622624039638,32.43940205498668,32.43163737338317,2.3546085402094974,26.498760125539413,0.005709714325803361
167.55,21.99120055862242,47.512090356812784,155.65823160663766,32.438847434872145,32.430396511856074,2.3546715402121237,26.500000000000004,0.0034818180338902494
167.60000000000002,21.171207820669455,47.88305114949093,156.65021576153555,32.438243797513856,32.43036878926097,2.3546237496817497,26.5,0.0012600000525253563
167.65,20.34491570959641,48.239760200649506,157.64217683073133,32.43768129692436,32.430340776710736,2.3544655158158463,26.499999999999993,0.0009558106074791795
167.70000000000002,19.51257204107642,48.58211092355613,158.63411638775108,32.43715697405196,32.430312480340795,2.3541972476601813,26.500000000000004,0.003164677318068243
167.75,18.674426418269153,48.91000101942518,159.62603589289867,32.436668081644015,32.43094856774617,2.3538193618337786,26.499320852440217,0.005365363113298827
167.8,17.830730159017964,49.223332508627195,160.61793670136444,32.43625954493702,32.432409996298816,2.3533322841878643,26.497798188236988,0.007557716528054925
167.85000000000002,16.981736222382008,49.522011760593884,161.60982188634196,32.43598457717715,32.43189943411472,2.35273645133519,26.49829008704493,0.009741552918285379
167.9,16.12769912553895,49.8059494953455,162.60169655592904,32.43569278124412,32.433132069967385,2.3520322835400194,26.497000689199908,0.011916657053490098
167.95000000000002,15.268874860981681,50.07506077828932,163.59356006664834,32.43550987329578,32.433633537010046,2.3512201526352925,26.496458072898392,0.014083355903409256
168.0,14.405520850513138,50.329265130352546,164.58541658263383,32.43537584927537,32.43388844718533,2.350300472259846,26.49616707929018,0.01624261809453742
168.05,13.537895847284116,50.56848647925736,165.5772679733142,32.43526960626894,32.43455867322146,2.349273622226576,26.495451541585503,0.01839360750892638
168.10000000000002,12.666259871527945,50.79265321578977,166.5691153010932,32.435218825336975,32.435080547438105,2.348139984459408,26.494887314670418,0.02053700066539932
168.15,11.790874137513173,51.001698226931914,167.56096068693208,32.435208948344204,32.43549535411656,2.3468999555628614,26.494432215932395,0.02267275534336477
168.20000000000002,10.912000972780389,51.19555889935564,168.55280569505993,32.43522940589938,32.43583276257066,2.3455539300841934,26.49405593646474,0.024800577930932377
168.25,10.029903743500821,51.374177146176365,169.54465148551543,32.435272502804466,32.43670898540506,2.344102309148468,26.493129043575504,0.02692050957335823
168.3,9.144846778366851,51.53749943022801,170.5364989240624,32.435375108704505,32.43689725065921,2.342545506696169,26.49290464761737,0.029032418714507457
168.35000000000002,8.257095291382797,51.685476784433305,171.52835028642212,32.435483833129844,32.43740641326273,2.3408839539911668,26.492352253883446,0.031136049045983327
168.4,7.36691530006024,51.818064804438784,172.52020580658646,32.435621160282196,32.438125534193276,2.339118077354712,26.491585211981736,0.033231054100042456
168.45000000000002,6.474573552333247,51.93522369340388,173.51206657838608,32.43580004413298,32.43829782849213,2.337248330118321,26.491376481328885,0.035317532729095547
168.5,5.5803374453627965,52.0369182605662,174.5039341910472,32.435978457301495,32.43887279199596,2.3352751789934345,26.49075629159899,0.03739494472782212
168.55,4.684474945856118,52.123117924008966,175.4958086265971,32.436185195493955,32.43938248081724,2.3331990961616853,26.490202595442753,0.03946302249772771
168.60000000000002,3.787254513482199,52.193796744958085,176.48769096827712,32.43641357301705,32.43983476538574,2.331020584390366,26.489707358531337,0.04152165663498408
168.65,2.8889450193566812,52.248933418451834,177.47958204366563,32.43665794390053,32.440239296581524,2.328740159597565,26.4892607311609,0.043570235426386716
168.70000000000002,1.9898156668316616,52.28851128383059,178.47148246443646,32.43691375480631,32.440730538425136,2.326358354726416,26.48872540606994,0.04560849585601545
168.75,1.090135911820351,52.31251833327004,179.4633926681403,32.437186382207656,32.44126513862775,2.3238757229905005,26.488145674010045,0.04763609742298058
168.8,0.1901753827430689,52.32094721830535,-179.5446867020514,32.43747772195195,32.44154799806594,2.3212928404573674,26.487822891147527,0.04965263471831349
168.85000000000002,-0.7097961997723781,52.31379524902115,-178.55275493045175,32.43776845596009,32.4421103615981,2.3186103026611278,26.487214582002338,0.051657650662662036
168.9,-1.6095091029965634,52.29106439395786,-177.56081204015436,32.43807859207709,32.44263078788708,2.315828723300143,26.486649008865143,0.05365075592479229
168.95000000000002,-2.508693662657839,52.25276129138434,-176.56885728907477,32.43840374892066,32.442930419108265,2.3129487456734097,26.486308806456755,0.0556315872196933
169.0,-3.407080363077754,52.198897235571415,-175.57689010267586,32.438727082505494,32.44342662523415,2.309971030485336,26.48576781736295,0.05759955253466842
169.05,-4.304399917359932,52.129488176344005,-174.5849105505974,32.43906276412897,32.44388553841163,2.3068962582961703,26.48526485771178,0.05955430376147319
169.10000000000002,-5.200383348452518,52.04455472470357,-173.59291816050302,32.4394072480063,32.444308764571176,2.3037251394537606,26.48479829906799,0.06149544378331484
169.15,-6.094762068919034,51.94412213847441,-172.60091259565445,32.43975735633236,32.44470123082438,2.3004584053857187,26.48436312346778,0.06342237684819452
169.20000000000002,-6.98726796123793,51.82822031719428,-171.60889364084198,32.440110490224654,32.44511462736779,2.2970968105283234,26.483906571809918,0.06533468136083798
169.25,-7.877633458121213,51.696883795389475,-170.6168611802469,32.440467928592014,32.44563975421925,2.2936411340280785,26.483335963065407,0.06723189714790578
169.3,-8.765591622784072,51.55015173410576,-169.6248150491346,32.44083734470825,32.44594911305418,2.29009218108866,26.4829856630218,0.0691135300048984
169.35000000000002,-9.650876228748055,51.38806790874618,-168.63275478929256,32.44120247101867,32.44636780874699,2.286450781981017,26.482523781410173,0.07097905878836741
169.4,-10.53322183861719,51.21068069177532,-167.64068056467534,32.441571423713555,32.446873925511376,2.28271778720471,26.481972717767313,0.0728279821528588
169.45000000000002,-11.412363885314173,51.018043048181354,-166.64859222882257,32.44195017384197,32.44718123458258,2.2788940770260453,26.481624683764903,0.07465989552613905
169.5,-12.288038750510083,50.81021251514031,-165.65648940689417,32.442323821037725,32.447588307197194,2.274980556359445,26.481174900527904,0.07647420357329793
169.55,-13.159983842684996,50.587251181649314,-164.66437229394305,32.4426998557634,32.448012100247816,2.270978150930084,26.48070816280854,0.07827041333200668
169.60000000000002,-14.027937677905834,50.34922567897064,-163.6722407985328,32.443079301798,32.44841181534559,2.266887815969362,26.48026613465987,0.08004810858722067
169.65,-14.891639957248621,50.09620715660898,-162.68009479006713,32.44346019562283,32.44878678457637,2.262710531450672,26.479849513847526,0.0818066992144395
169.70000000000002,-15.750831644654435,49.82827126074441,-161.68793421304804,32.44384066626237,32.449141193501596,2.2584473012026507,26.479454044736542,0.08354569037379633
169.75,-16.60525504492884,49.54549811303846,-160.69575908353875,32.44421927535089,32.44950529348627,2.2540991538102446,26.479048867643854,0.08526460496042887
169.8,-17.454653881427255,49.24797228801627,-159.70356947261908,32.44459684807484,32.44997181849265,2.2496671434530953,26.47853935249867,0.08696294784812153
169.85000000000002,-18.298773373325183,48.93578278883671,-158.71136541980778,32.444980774533256,32.45026716147444,2.245152350476708,26.478204778935567,0.08864020714298704
169.9,-19.137360312023787,48.60902302043781,-157.7191466819549,32.445358373600484,32.450577488945406,2.240555880596027,26.47785514859109,0.09029585952774255
169.95000000000002,-19.970163135555385,48.267790757722516,-156.7269135009587,32.445731167553696,32.45100738245272,2.2358788601472526,26.47738374684941,0.09192939761362595
170.0,-20.79693200691203,47.912188123655135,-155.73466606049578,32.44610804004648,32.45139533736864,2.23112244339233,26.476955429332058,0.09354040897548543
170.05,-21.61741888896614,47.54232155801676,-154.74240420444107,32.44648570414092,32.451640087099065,2.2262878112823117,26.476673559100785,0.09512833509845109
170.10000000000002,-22.431377616895638,47.15830178088621,-153.75012790239438,32.446853874352215,32.45201012448507,2.2213761657896427,26.476264139669293,0.09669264220036666
170.15,-23.238563972869112,46.760243761584675,-152.75783751738874,32.447222177933135,32.45236247303927,2.216388731546239,26.47587310948122,0.09823290985337962
170.20000000000002,-24.03873576223522,46.34826669001073,-151.76553304420747,32.44758934186929,32.452698098562045,2.211326761680027,26.4754995004811,0.09974868486807509
170.25,-24.831652883927642,45.92249393591882,-150.7732145263291,32.447954253061624,32.45301605303953,2.2061915316792025,26.475144297978467,0.10123939732423537
170.3,-25.617077403000053,45.48305301288153,-149.78088204981185,32.44831581020291,32.45331876070463,2.200984339798488,26.474805046214005,0.1027046000164944
170.35000000000002,-26.39477362252792,45.03007554088975,-148.78853574284392,32.44867316381018,32.45360735950023,2.195706507362587,26.47448060240709,0.1041438376142878
170.4,-27.164508154891383,44.56369720768032,-147.79617576611176,32.44902560635946,32.45393096929981,2.190359379055586,26.47412086214068,0.1055566487180215
170.45000000000002,-27.926049992338772,44.08405772867838,-146.80380230737077,32.449375989426635,32.45428783742224,2.184944323052143,26.473727635276738,0.10694256614002029
170.5,-28.679170576830845,43.59130080562776,-145.81141544529788,32.449726835712035,32.454534719172294,2.179462731056205,26.47344710664261,0.10830112006885884
170.55,-29.42364386798219,43.08557408222639,-144.81901516206898,32.4500702559592,32.45477021202124,2.173916016193992,26.473178682705605,0.10963183991876235
170.60000000000002,-30.159246410241046,42.56702909881385,-143.82660174165608,32.45040596710649,32.455071922958105,2.1683056110978356,26.472843195824286,0.11093429724425619
170.65,-30.885757402884074,42.03582125100958,-142.83417547886594,32.450739249667315,32.45538935025763,2.162632972240168,26.472492197569153,0.11220810192313024
170.70000000000002,-31.602958766790476,41.492109743304624,-141.84173646650765,32.451071399709484,32.4556826242262,2.156899579690254,26.47216638632392,0.11345277715335556
170.75,-32.3106352083448,40.93605753885884,-140.8492847478114,32.451400772889244,32.455873425310386,2.1511069335205235,26.47194568772541,0.11466785099827348
170.8,-33.00857428379884,40.36783131018372,-139.85682042891295,32.45172024806218,32.45612248637823,2.145256552600401,26.471666120692685,0.11585292339461262
170.85000000000002,-33.69656646386895,39.78760139009825,-138.86434388837355,32.45203469365618,32.45638534118842,2.1393499751510703,26.471373074600493,0.11700761840245377
170.9,-34.37440519969354,39.19554172400394,-137.87185531851696,32.4523454541942,32.456636083522326,2.1333887625852697,26.471092998610224,0.11813154898661082
170.95000000000002,-35.04188698334418,38.591829815479215,-136.87935486023486,32.45265192771764,32.4568751560051,2.1273744961356797,26.47082545738786,0.11922425131601244
171.0,-35.698811408679276,37.976646672506206,-135.88684267745052,32.45295358688103,32.45710255592481,2.1213087755941373,26.470570469835604,0.12028532899179822
171.05,-36.34498123203028,37.35017675352323,-134.89431895426503,32.45324994181272,32.45731802745292,2.1151932192144898,26.47032831291956,0.12131441083084837
171.10000000000002,-36.980202431930365,36.71260791237939,-133.9017838935241,32.453540519358455,32.45752313988736,2.109029463564667,26.470097401393243,0.12231112759295115
171.15,-37.60428426787945,36.0641313422256,-132.90923771617892,32.45382499225338,32.4577182437619,2.1028191633503113,26.469877393248456,0.12327511299645266
171.20000000000002,-38.21703933813403,35.404941518368084,-131.91668065570516,32.45410308164684,32.45790366686797,2.096563991222567,26.46966796942199,0.12420600428711737
171.25,-38.81828363644497,34.735236140049686,-130.92411295625118,32.45437455201978,32.45808720184688,2.0902656374922373,26.469461195127288,0.12510344255488803
171.3,-39.40783660776317,34.055216071220926,-129.93153487098013,32.45463974129314,32.45831622228481,2.083925809809145,26.469208756683138,0.12596707460659218
171.35000000000002,-39.98552120289597,33.365085280322376,-128.93894664013172,32.45490234707826,32.45852377135805,2.0775462328096594,26.468978976096345,0.1267965536618476
171.4,-40.55116393184733,32.665050778898014,-127.94634836248582,32.4551610202411,32.45867158012424,2.071128647414021,26.46881090515436,0.12759153998970874
171.45000000000002,-41.10459491448248,31.955322558056057,-126.95374018843985,32.45541177451847,32.458811158285805,2.0646748080990633,26.468652008574338,0.1283517079127705
171.5,-41.64564793241096,31.236113526000363,-125.96112242090275,32.4556545876447,32.45894272973321,2.0581864831988526,26.46850207134206,0.12907678629915154
171.55,-42.17416048109571,30.507639445553604,-124.96849536364049,32.45588945493674,32.45906650011503,2.0516654567854644,26.468360896597467,0.1297664980042157
171.60000000000002,-42.68997381901482,29.77011886928149,-123.97585932060302,32.45611638673519,32.45921174878471,2.0451135281624744,26.46819862874751,0.13042052826776285
171.65,-43.192933015678584,29.023773073760847,-122.98321459534948,32.456337484024445,32.459362901983674,2.0385325113426163,26.46803116718479,0.13103857245980066
171.70000000000002,-43.68288699848794,28.268825993013294,-121.9905614110611,32.45655358530724,32.45950393278476,2.031924234511358,26.467874871925034,0.13162033639716242
171.75,-44.15968859736123,27.50550415046464,-120.99789995884163,32.45676432441278,32.459635028970354,2.0252905382290294,26.467729561376878,0.13216553662516617
171.8,-44.62319458877456,26.73403659059971,-120.00523044380724,32.45696937473833,32.45975636899696,2.018633274387007,26.46759506303814,0.13267392564657143
171.85000000000002,-45.073265739216794,25.95465481025095,-119.01255308357266,32.4571684457568,32.45986811834047,2.0119543058837337,26.467471217201158,0.13314527684045174
171.9,-45.50976684743115,25.16759268911461,-118.01986810687131,32.457361279512774,32.459953468823514,2.0052555062728104,26.46737517784363,0.13357937006546194
171.95000000000002,-45.93256678543032,24.373086419518266,-117.02717575230909,32.45754643589211,32.460019255495666,1.9985387593855606,26.46729998072296,0.1339759922184669
172.0,-46.341538538272644,23.571374435463472,-116.0344763135943,32.457723065863796,32.46007856750758,1.9918059589300086,26.46723228209343,0.1343349377449954
172.05,-46.7365592432417,22.76269734128697,-115.04177011692337,32.4578913159812,32.460131482413274,1.9850590087966893,26.467172010546015,0.13465600911104048
172.10000000000002,-47.117510227483095,21.947297839444154,-114.04905748288934,32.458051327869214,32.46017806432267,1.9782998230054076,26.46711910774456,0.13493900266638548
172.15,-47.48427704384634,21.125420657369624,-113.05633872667008,32.45820323761588,32.46023058431274,1.9715303250498053,26.46706106305311,0.13518371582563304
172.20000000000002,-47.836749505446996,20.29731247372864,-112.06361415824003,32.45834804809424,32.46027832813451,1.9647524472412314,26.467008811299657,0.13538995911204665
172.25,-48.17482171893931,19.463221844081954,-111.07088404920565,32.45848592523996,32.46031727472864,1.9579681300523504,26.466966458958524,0.13555755617147724
172.3,-48.498392116000375,18.62339912579806,-110.07814866482714,32.45861673591773,32.46034745395251,1.9511793209365322,26.46693397970283,0.13568634377762123
172.35000000000002,-48.80736348395886,17.77809640263797,-109.08540827546105,32.4587403586345,32.46036888559852,1.9443879736470677,26.466911356877837,0.1357761823163628
172.4,-49.10164299527368,16.92756740888155,-108.09266315611484,32.458856681989076,32.46038157688784,1.9375960477334502,26.466898586048487,0.13582694578929022
172.45000000000002,-49.38114223568222,16.072067452942893,-107.09991358606055,32.45896560305327,32.46038552154445,1.9308055080279374,26.466895675935923,0.13583851827235094
172.5,-49.645777231009994,15.211853340498863,-106.10715984851065,32.45906702580264,32.460380699755454,1.9240183241235371,26.46690264845124,0.13581079411025598
172.55,-49.8954684726339,14.34718329715498,-105.11440223035369,32.459160859656414,32.460367078084516,1.9172364698446387,26.46691953877803,0.13574367808800503
172.60000000000002,-50.13014094159182,13.478316890672836,-104.12164102194595,32.45924701811556,32.460344609338236,1.9104619227112707,26.4669463955042,0.13563708557796872
172.65,-50.34972413133157,12.605514952783308,-103.12887651695513,32.459325417488614,32.4603132323855,1.903696663398037,26.46698328080273,0.13549094266736006
172.70000000000002,-50.55415206909281,11.729039500609838,-102.13610901225286,32.459395975695536,32.460272871928396,1.8969426751887397,26.467030270663,0.1353051862646737
172.75,-50.743363335915696,10.84915365772607,-101.14333880785283,32.45945861114074,32.460223438223316,1.8902019434276625,26.467087455173942,0.1350797641859458
172.8,-50.91730108527073,9.966121574872165,-100.15056620689215,32.45951324164664,32.460177186226524,1.8834764549682461,26.467142331594374,0.13481463522154513
172.85000000000002,-51.075913060304394,9.080208350354143,-99.15779151565351,32.45956066625949,32.460129672504785,1.8767681976201587,26.46719942960047,0.1345097691883268
172.9,-51.21915160969582,8.191679950150615,-98.16501500984748,32.45960130956273,32.46007548756883,1.8700791595955195,26.467264263449366,0.13416514696174886
172.95000000000002,-51.3469737015947,7.300803127675928,-97.17223694893997,32.45963517942031,32.460014518609626,1.863411328424398,26.467336943759967,0.1337807604927832
173.0,-51.459340936377345,6.40784534337294,-96.17945759209671,32.45966227507669,32.459946642344946,1.8567666900946236,26.467417591173223,0.13335662342242927
173.05,-51.556219558246944,5.513074684139722,-95.18667719851297,32.45968258702442,32.45984121200992,1.8501472284415712,26.46753746171072,0.13289276659548932
173.10000000000002,-51.63758046543394,4.616759782566783,-94.19389602774821,32.45969391738053,32.45972399746369,1.8435549245428504,26.46767026233878,0.13238923306104766
173.15,-51.70339921899355,3.7191697360088574,-93.20111442345825,32.45969606595789,32.4595963874187,1.8369917561182092,26.46781457015237,0.13184607797441572
173.20000000000002,-51.753656051505715,2.8205740255885123,-92.20833273695884,32.45968894606224,32.45945814353972,1.8304596982448018,26.46797062136216,0.13126336849282438
173.25,-51.78833587316761,1.9212424349227004,-91.21555132288285,32.45967246016777,32.459309000236075,1.823960722871874,26.468138679381077,0.13064115746814764
173.3,-51.80742827639942,1.0214449687455422,-90.22277053959453,32.45964649874408,32.45915009215063,1.8174967982673351,26.468317578638395,0.12997950745855746
173.35000000000002,-51.81092753903605,0.12145177145958497,-89.22999074964868,32.459611041130266,32.459027169541336,1.8110698884710814,26.468460639667846,0.12927849209077635
173.4,-51.79883262610431,-0.778466954360238,-88.23721231638996,32.45956933601677,32.45889568623081,1.8046819527559563,26.46861329467692,0.1285381959250742
173.45000000000002,-51.77114719012414,-1.6780410294838979,-87.2444354788602,32.45952121817492,32.45875537037744,1.7983349450359256,26.468775810009305,0.12775871430250163
173.5,-51.72787956802446,-2.5770003794424152,-86.25166048242262,32.45946651476081,32.4586059300285,1.7920308113100418,26.468948471984074,0.12694015440061435
173.55,-51.66904277869368,-3.4750751158765527,-85.25888757905298,32.459405044422795,32.45840429004732,1.7857714891596643,26.469175211871097,0.12608267451767574
173.60000000000002,-51.59465451911841,-4.371995617837213,-84.26611702766503,32.459333561967405,32.45816929593057,1.779558907251939,26.469436793110308,0.12518644300755
173.65,-51.504737159111684,-5.267492613013312,-83.27334921133898,32.45925040010763,32.45797488140757,1.7733949848503698,26.469657778574213,0.12425163815450446
173.70000000000002,-51.39931773645549,-6.161297259078006,-82.28058457694672,32.45915929162905,32.457783324671716,1.7672816331689347,26.46987663768419,0.12327844803138532
173.75,-51.278427949670544,-7.053141224943724,-81.28782342853457,32.45906100827496,32.45758072040652,1.7612207557796467,26.470107542376127,0.12226703362870239
173.8,-51.142104146150785,-7.942756771454635,-80.29506604061869,32.45895527342721,32.45736661343932,1.7552142457764504,26.47035094242947,0.12121754778576133
173.85000000000002,-50.99038731066811,-8.829876832005136,-79.30231269829738,32.45884179771379,32.45714052666754,1.7492639847208338,26.470607309584224,0.12013020006392594
173.9,-50.82332305309861,-9.714235093029904,-78.30956369773871,32.45872027835334,32.456900413989274,1.74337184222032,26.47087871595403,0.11900522111233158
173.95000000000002,-50.640961594753875,-10.595566074279503,-77.31681934669335,32.45859028804163,32.456646945545586,1.737539675517617,26.471164462094684,0.11784285001027683
174.0,-50.44335775332114,-11.473605208857812,-76.32407996925876,32.458451477863335,32.456379723587865,1.7317693290909304,26.47146493771635,0.11664333405406069
174.05,-50.23057092648092,-12.348088923013355,-75.3313459028795,32.45830349541509,32.45609810836207,1.7260626343323722,26.471780779114106,0.11540692853373002
174.10000000000002,-50.0026650740866,-13.218754715636688,-74.33861749848035,32.45814596776844,32.455870550574694,1.7204214091827268,26.47204212853905,0.11413389517116457
174.15,-49.75970869895895,-14.085341237447889,-73.3458951212512,32.457983437968885,32.455622503730446,1.7148474577717536,26.47232502731898,0.11282450299290758
174.20000000000002,-49.50177482631064,-14.947588369852886,-72.35317896255751,32.45781479980899,32.455292504209424,1.70934257007454,26.4726921708177,0.11147902821946332
174.25,-49.22894097897838,-15.80523730254614,-71.36046925608687,32.4576346358376,32.45494492417207,1.7039085186171619,26.473077861125383,0.11009775394427379
174.3,-48.94128915458117,-16.658030611572986,-70.36776644279884,32.45744251357578,32.454689760426966,1.6985470585820934,26.473369841910536,0.1086810291475615
174.35000000000002,-48.63890580375019,-17.505712337894977,-69.37507098019445,32.45724588835086,32.45442920692696,1.6932599305094342,26.473667890607114,0.10722920070136865
174.4,-48.32188180411365,-18.348028064718626,-68.38238304052665,32.45704469682058,32.454072877233216,1.6880488600066244,26.47406421794092,0.10574256145318373
174.45000000000002,-47.99031242852131,-19.1847249926258,-67.38970279846954,32.456832423992914,32.45371431154594,1.6829155527217452,26.474463356324698,0.10422141005619778
174.5,-47.644297316249165,-20.01555201558503,-66.39703067795755,32.456609701675276,32.45340393124691,1.6778616938407893,26.474813832874965,0.10266614569758303
174.55,-47.28394044643996,-20.840259798003334,-65.40436707874636,32.45638071807325,32.45307627137967,1.67288895146811,26.47518242962891,0.10107717761911772
174.60000000000002,-46.90935010619289,-21.658600849762063,-64.41171224034726,32.45614468616656,32.452729416649944,1.6679989757169977,26.475571080223,0.09945484745358613
174.65,-46.52063885543173,-22.470329599734427,-63.41906643237864,32.45590073834394,32.45236122098009,1.6631933956681095,26.475981953971306,0.09779951502224549
174.70000000000002,-46.11792349324624,-23.275202469857287,-62.426429957648715,32.455647915675094,32.45197197123969,1.6584738193238167,26.47641473749782,0.09611160097776406
174.75,-45.70132502297849,-24.07297794865478,-61.4338031556483,32.45538534821542,32.45161978568185,1.6538418336171645,26.47681009678809,0.0943915268858575
174.8,-45.270968616066426,-24.86341666419808,-60.44118639914538,32.45511637946302,32.451289281646666,1.6492990044820885,26.477183706764393,0.09263971413304262
174.85000000000002,-44.82698357455686,-25.646281456429634,-59.44857993298454,32.45484301533328,32.45082763339079,1.6448468768762794,26.477691518068703,0.09085658270151953
174.9,-44.36950329016549,-26.421337447563946,-58.4559839252634,32.454556202337386,32.45043785973176,1.6404869722783602,26.478126308727443,0.08904255211618306
174.95000000000002,-43.89866520287289,-27.18835211206173,-57.46339889044416,32.45426203500842,32.45011637922902,1.6362207869957786,26.47849170752124,0.0871980919583848
175.0,-43.41461076395769,-27.947095349373598,-56.470825109816545,32.45396591673846,32.449626129659286,1.6320497971262995,26.479029650932198,0.08532370565163205
175.05,-42.91748538997882,-28.697339551314787,-55.478262657945045,32.45365593194709,32.449219860144154,1.6279754544229803,26.47948214456113,0.08341979738958116
175.10000000000002,-42.40743841607153,-29.438859668646753,-54.48571206524883,32.45333906967545,32.44882424317918,1.6239991825814997,26.479924007926673,0.08148685406638378
175.15,-41.88462305669319,-30.1714332826939,-53.493173594757295,32.45301658206858,32.448401210075275,1.6201223839436807,26.480394075527617,0.07952543682961277
175.20000000000002,-41.34919635571154,-30.894840669907985,-52.50064746159141,32.45268691264048,32.44794667631099,1.6163464348474506,26.48089649500836,0.07753597275637958
175.25,-40.80131913828245,-31.60886486741263,-51.508133940412975,32.45234832433123,32.447460113957526,1.6126726844321269,26.48143178435618,0.07551898192460271
175.3,-40.24115596294905,-32.31329173870617,-50.51563337233079,32.4519991664474,32.447132619524496,1.6091024551398903,26.48180484499539,0.07347500830647391
175.35000000000002,-39.668875072650614,-33.007910038637306,-49.52314616159449,32.45165155595291,32.446593056590714,1.6056370433340774,26.482394520260776,0.07140458584473208
175.4,-39.08464834452381,-33.692511477536065,-48.53067224890445,32.451290234569896,32.44608664251784,1.6022777198738325,26.48295046276838,0.0693082361162567
175.45000000000002,-38.48865123235171,-34.366890779029305,-47.53821215867016,32.45091854942332,32.445738748501114,1.5990257224236544,26.483344654101785,0.06718646920489846
175.5,-37.881062720487286,-35.030845747570375,-46.54576628724475,32.45054856364316,32.44512414766223,1.5958822642229933,26.484011191913513,0.06503994900356247
175.55,-37.26206526806936,-35.68417732793376,-45.5533345695025,32.4501611053588,32.444697949615986,1.5928485316839485,26.484485418666605,0.06286916401322173
175.60000000000002,-36.63184474856626,-36.326689659953345,-44.56091767372363,32.4497708799486,32.444240290946375,1.5899256767600178,26.484991778957063,0.0606746507808964
175.65,-35.99059040190015,-36.95819014521192,-43.568515705633935,32.44937583787702,32.44373854166334,1.5871148280943004,26.485543147277465,0.05845709847861258
175.70000000000002,-35.338494770824,-37.5784894986949,-42.57612884935833,32.44897317386175,32.44318825443818,1.5844170818191756,26.486144045515452,0.05621697331434916
175.75,-34.6757536436628,-38.18740180631325,-41.583757396327904,32.4485599653315,32.44276755219,1.5818335024338808,26.486612575853755,0.053954925502495144
175.8,-34.00256599630655,-38.78474458181736,-40.5914017497625,32.44814622153568,32.44222048570409,1.5793651241462356,26.487210060504918,0.05167158770589708
175.85000000000002,-33.31913393318422,-39.370338822820756,-39.59906192999239,32.44772295469056,32.44161514256769,1.5770129522947016,26.487866960237167,0.049367565752902465
175.9,-32.625662622228596,-39.944009059874666,-38.60673830114903,32.44728668239607,32.44128211217686,1.574777957009502,26.488245666781904,0.04704343703068048
175.95000000000002,-31.92236023644344,-40.505583413054104,-37.61443136056148,32.44685778452327,32.44055018054729,1.572661078299511,26.489031587736346,0.04469990570399318
176.0,-31.2094378921895,-41.05489364513017,-36.62214082598641,32.44640724138213,32.440105106222575,1.5706632278409174,26.489524408833347,0.04233757419981998
176.05,-30.487109577888198,-41.59177520223438,-35.6298675252209,32.445957088870735,32.43959969220969,1.5687852764379286,26.490078669984523,0.039957009171871505
176.10000000000002,-29.755592100003895,-42.11606727689295,-34.63761144315083,32.44550298910923,32.43901844819394,1.5670280711772975,26.490710175239144,0.037559028059774846
176.15,-29.015105009527588,-42.627612845574696,-33.64537273058742,32.44503980761528,32.43834904282888,1.565392421915277,26.491431506428462,0.035144105212623344
176.20000000000002,-28.265870537351528,-43.12625871761523,-32.65315173473039,32.44456189584482,32.438058263234886,1.5638791036225328,26.491765887785327,0.03271298524040844
176.25,-27.50811352891819,-43.61185558351344,-31.66094901882245,32.444097350658396,32.43717873648778,1.562488859219009,26.492701346670415,0.03026636585488518
176.3,-26.742061378026225,-44.08425806245888,-30.668764071410855,32.443603163931925,32.43689205759775,1.5612224027281272,26.49303098877731,0.027804888070477318
176.35000000000002,-25.967943949280148,-44.54332473137698,-29.676598026060645,32.44312379919377,32.43613178385436,1.5600804021663208,26.493844085613244,0.02532912981763502
176.4,-25.1859935222078,-44.98891818914018,-28.684450315650164,32.44262436952667,32.43562285706196,1.559063505166975,26.494400128809264,0.02284001123612711
176.45000000000002,-24.396444707498706,-45.42090507457939,-27.692321707423655,32.442124261493476,32.43513478178692,1.5581723120592486,26.494934538958155,0.020337939986916354
176.5,-23.59953438671915,-45.83915612435096,-26.700212227115106,32.44162501294301,32.43449420134859,1.5574073966346873,26.49562439227406,0.017823862154529024
176.55,-22.795501635104465,-46.24354620129514,-25.708121841639706,32.44111566925769,32.43362821204519,1.5567692943164175,26.496544168218943,0.015298308491225043
176.60000000000002,-21.984587649243114,-46.633954330737204,-24.716050936889573,32.44058085088537,32.43366701297521,1.556258501064022,26.496539210712953,0.012762046365395463
176.65,-21.167035677344266,-47.01026374231803,-23.724000486951002,32.44008700532036,32.43211502369014,1.5558754797963488,26.498159100743838,0.010215865047911166
176.70000000000002,-20.34309094945136,-47.37236191322957,-22.731968924551122,32.43951757806105,32.432472621210145,1.5556206694832966,26.49782758050657,0.0076604253534640065
176.75,-19.513000587334766,-47.720140565134976,-21.739959140118458,32.439014366857414,32.430563375031326,1.5554944450886623,26.499811750579106,0.00509620626104379
176.8,-18.677013557727122,-48.053495760576396,-20.74796860096521,32.438410724584124,32.430411380265184,1.5554971874702872,26.5,0.0025244878926855563
176.85000000000002,-17.83538056441585,-48.37232785521228,-19.756001147787558,32.437839342847056,32.43044316535269,1.5556291980777672,26.49999999999999,5.4847632497967425e-05
176.9,-16.988354009324155,-48.67654162046543,-18.764055546513752,32.4373110444546,32.43047448009704,1.555890798967127,26.500000000000004,0.0026402121496005293
176.95000000000002,-16.13618788711514,-48.96604619756093,-17.77213014921935,32.43682271842906,32.43093811413866,1.55628225298981,26.499557756892578,0.005232017787193399
177.0,-15.279137708167578,-49.2407551176308,-16.780223427010576,32.436402389551176,32.43261618969407,1.5568037572116395,26.49787417894421,0.007829080453660708
177.05,-14.417460424079344,-49.50058632839333,-15.788332779305849,32.43613194670424,32.43253015012386,1.5574554447231748,26.497992524289366,0.010430084436592324
177.10000000000002,-13.551414347526977,-49.745462201619446,-14.796452473981944,32.43587467551993,32.43411468517528,1.5582373677680081,26.49640354497214,0.0130337502307043
177.15,-12.68125906488712,-49.975309507659674,-13.804582007265413,32.435748961923885,32.434143754789865,1.5591494485426978,26.49640313670634,0.01563846089666754
177.20000000000002,-11.807255383970787,-50.19005951521427,-12.812716348088701,32.43563430427145,32.43505921066219,1.5601915613495194,26.4954966056198,0.01824161549379255
177.25,-10.929665240564315,-50.38964794222297,-11.82085507363867,32.435593226156506,32.43575233181588,1.5613634615297514,26.494816627616395,0.02084225613643298
177.3,-10.048751640048263,-50.5740150445646,-10.828995370091159,32.43560459084646,32.436295611970436,1.5626648579300948,26.49428911131973,0.02343800360463888
177.35000000000002,-9.164778571950952,-50.74310559686906,-9.837135231937186,32.435653949498175,32.43711675216564,1.5640953754440972,26.49347715373148,0.026027928006868706
177.4,-8.278010935995162,-50.896868920914095,-8.84527320621711,32.435758435402995,32.43766151734494,1.5656545678338745,26.49294688275559,0.028610350280047214
177.45000000000002,-7.388714466194036,-51.03525890898857,-7.853407184756036,32.43589436982742,32.438286912413794,1.5673419265569848,26.49233362283786,0.03118384779554617
177.5,-6.497155651376262,-51.15823402728787,-6.861535964888506,32.43606526572645,32.43909658163362,1.569156870642793,26.491531521721015,0.03374717446220643
177.55,-5.603601659305597,-51.26575734222272,-5.86965820959503,32.43628178829125,32.43956743371562,1.571098761106839,26.491074833602994,0.03629888171616358
177.60000000000002,-4.708320257713586,-51.357796529330415,-4.877772173978372,32.43651647725013,32.4402866161041,1.5731668990503138,26.490363879930136,0.03883780928092051
177.65,-3.811579734972224,-51.434323876557066,-3.8858771632687565,32.43678577288256,32.44091618596312,1.575360519482743,26.48974380822669,0.041362758869496474
177.70000000000002,-2.9136488227176742,-51.49531630901973,-2.8939718539628263,32.43708080238831,32.44147210666682,1.5776788080669348,26.489198306606745,0.043872408648581995
177.75,-2.0147966155864845,-51.54075538620434,-1.9020552618567386,32.43739446697963,32.442248898014846,1.5801208915094591,26.48842661298398,0.046365771683838375
177.8,-1.1152924921986567,-51.570627312963346,-0.9101266742087744,32.437741212053574,32.44273651839356,1.582685843175284,26.487949575714254,0.048841668850485576
177.85000000000002,-0.21540603557463944,-51.58492294812485,0.08181517418215734,32.43809801964929,32.44336138771664,1.585372687653809,26.48733174835456,0.051299033316496434
177.9,0.684593046864471,-51.58363779881078,1.0737706682485388,32.43847397451125,32.44405935637706,1.5881803923991384,26.486638651213283,0.05373688957050149
177.95000000000002,1.5844350030108745,-51.566772035898474,2.0657405403713027,32.438872930358805,32.44454513943727,1.5911078818926612,26.486161583315923,0.056154094906588625
178.0,2.483850116306324,-51.53433048883713,3.0577256703336535,32.439278088150125,32.44519217563708,1.594154032535151,26.485519245715366,0.05854978987045456
178.05,3.382568785671351,-51.48632264224144,4.0497262954636195,32.43970052297062,32.4457839651016,1.5973176706966186,26.484932702550886,0.0609230128497984
178.10000000000002,4.280321606085233,-51.42276264350859,5.041743076665579,32.440135054551405,32.44632634758263,1.600597583188346,26.48439599340501,0.0632727632293495
178.15,5.176839448517267,-51.343669292327775,6.033776476739601,32.440577289767916,32.446912708851535,1.6039925110029287,26.483813783030218,0.06559824983455087
178.20000000000002,6.071853540237813,-51.249066038569524,7.025826790479493,32.44102981970246,32.447519905700986,1.6075011528339616,26.48320971104625,0.06789855629165231
178.25,6.965095545244021,-51.13898097830934,8.01789441178741,32.44149339727378,32.447962765328334,1.6111221681360348,26.482772822302316,0.07017283662065665
178.3,7.856297644207443,-51.01344684429316,9.009979763374082,32.441955494991966,32.448644117987286,1.6148541760015362,26.482091894029296,0.07242030604146521
178.35000000000002,8.745192614317396,-50.87250099613429,10.002082788821607,32.442433253777345,32.449112665288716,1.6186957551544126,26.48162763989477,0.0746401573100286
178.4,9.63151391030469,-50.716185417002194,10.994204087309697,32.44291035459958,32.449661995422545,1.6226454519345452,26.48108036782411,0.07683158305752613
178.45000000000002,10.514995742516795,-50.54454669132777,11.986343633866264,32.443392614658364,32.45021782444928,1.6267017704691185,26.480525920580153,0.07899393560265366
178.5,11.395373158076502,-50.357636000963595,12.978501626017213,32.443880129643425,32.45073672176333,1.6308631829582652,26.4800086399892,0.08112637069146444
178.55,12.272382119647315,-50.15550910684882,13.97067826495479,32.44436988622342,32.45122209682123,1.6351281266720008,26.479525054822723,0.08322824978293397
178.60000000000002,13.145759584469694,-49.93822633270316,14.962873636620103,32.44485932983755,32.451710644852504,1.6394950043952718,26.479037721807693,0.08529887427471294
178.65,14.01524358358868,-49.70585254916453,15.955087729245859,32.44534870948147,32.45228377615838,1.6439621867514163,26.478463565098124,0.08733755446542091
178.70000000000002,14.880573300847374,-49.45845715626283,16.947320540588553,32.445844071386965,32.45268142378855,1.6485280142597816,26.478068026640976,0.08934364712288811
178.75,15.741489151182622,-49.19611406288789,17.939572299676026,32.446332453701366,32.453190082403566,1.6531907977181532,26.477558718560612,0.09131655016730633
178.8,16.597732857476434,-48.91890166159199,18.93184273974071,32.446822284322955,32.45373437176953,1.657948815111311,26.477012591988718,0.09325566916743355
178.85000000000002,17.449047530432004,-48.62690281294606,19.924131916384756,32.447316004854855,32.45408363355802,1.6628003199495183,26.476665052640428,0.09516034786315686
178.9,18.295177744304,-48.320204816257245,20.916439978607784,32.447799406905084,32.45456970602781,1.667743536763112,26.476177461784257,0.09703009676414354
178.95000000000002,19.135869613068976,-47.99889938245251,21.908766531912292,32.44828299969956,32.4550296153121,1.6727766602025795,26.475716152853295,0.0988643362718733
179.0,19.970870869759352,-47.6630826149654,22.901111583793117,32.44876490081474,32.455464045169144,1.677897864150971,26.475280439628026,0.10066246878935203
179.05,20.799930940229153,-47.312854975347086,23.89347506973701,32.44924341112577,32.45587402113991,1.6831052959913322,26.474869287420354,0.10242407896782879
179.10000000000002,21.622801018928758,-46.94832125457368,24.88585686023132,32.44971702612678,32.456262653320735,1.6883970783273696,26.474479534733938,0.10414863680722419
179.15,22.439234144202075,-46.5695905429111,25.87825676820621,32.450184570926346,32.456703705600184,1.6937713106010435,26.474035927165826,0.10583564672074885
179.20000000000002,23.248985273068143,-46.17677619834088,26.870674561641405,32.45065022340305,32.457122284120516,1.6992260705999414,26.47361489995308,0.1074846454734768
179.25,24.051811355415165,-45.7699958134852,27.86311016833244,32.4511125134543,32.45745005571844,1.7047594157726564,26.473286187225987,0.10909519997795769
179.3,24.847471406153762,-45.34937117837849,28.85556345983388,32.451565195044594,32.45781634896958,1.710369381333706,26.47291784168006,0.11066690345430175
179.35000000000002,25.635726578201634,-44.9150282450415,29.848034068751875,32.45201170603924,32.45823614496041,1.7160539817684608,26.472494594146163,0.1121993112209907
179.4,26.41634023632961,-44.46709709325134,30.84052175919964,32.452456308819315,32.45860542941639,1.721811215213343,26.472122583512103,0.11369200869509655
179.45000000000002,27.189078027648314,-44.00571188990398,31.83302645834557,32.45289553171911,32.458878359610125,1.7276390620216162,26.47184859054567,0.11514466889764208
179.5,27.953707950996435,-43.53101084680354,32.82554796054209,32.45332287656847,32.45923706942877,1.7335354828386826,26.47148680401562,0.11655693616546614
179.55,28.71000042795819,-43.043136181247874,33.81808581153597,32.45374531891564,32.45957765349988,1.7394984213299978,26.47114324708966,0.11792841634132856
179.60000000000002,29.45772837432412,-42.54223407681689,34.81063982392618,32.45416191424308,32.45990094526169,1.7455258087319123,26.47081708074939,0.11925876982630257
179.65,30.19666726646471,-42.028454636120756,35.80320977417144,32.454571845030124,32.46020690905669,1.75161556030924,26.470508352499955,0.12054774803829105
179.70000000000002,30.92659520942002,-41.50195183641972,36.79579540744759,32.454974349603454,32.46049608156139,1.7577655765762685,26.470216525774642,0.12179503154655436
179.75,31.647293004197614,-40.962883483979404,37.78839643978327,32.455368759029014,32.46077025894215,1.7639737444451598,26.469939778956665,0.12300032534056982
179.8,32.358544214276755,-40.41141116721187,38.781012561606985,32.455754580451384,32.46103005195593,1.7702379383440672,26.469677499562195,0.12416335737782447
179.85000000000002,33.06013523128067,-39.84770020859973,39.77364344448297,32.456131399844566,32.46129654843032,1.7765560212824951,26.46940818584584,0.12528387797814844
179.9,33.75185533975902,-39.271919615381535,40.76628874412676,32.45650033902927,32.4616063689053,1.7829258458133879,26.469094492075374,0.12636165876855898
179.95000000000002,34.433496781089424,-38.68424202906314,41.758948159165556,32.45686505544898,32.46184625811307,1.7893452549501845,26.468851960510417,0.12739649061785485
180.0,35.10485481589075,-38.08484367311969,42.75162152815251,32.45722085563927,32.462051673957106,1.7958120821629038,26.46864442836041,0.12838818273593233
180.05,35.765727784449126,-37.47390429852608,43.744308510064094,32.45756591409055,32.46224532702177,1.8023241498526517,26.46844873769094,0.1293365442543859
180.10000000000002,36.41591716954827,-36.85160713196946,44.73700869402374,32.45790015787135,32.462444318761435,1.8088792728468803,26.468247452888328,0.1302413537949576
180.15,37.05522765732029,-36.21813882161392,45.72972166635513,32.45822474079207,32.46267476828787,1.8154752601723416,26.468013940325417,0.13110245988457336
180.20000000000002,37.68346719644364,-35.5736893810198,46.72244705751865,32.45854259989892,32.4628908696863,1.8221099157755631,26.467794932798746,0.1319197465092259
180.25,38.300447055820804,-34.91845213152697,47.71518461034193,32.45885319059802,32.46309304621303,1.8287810385067118,26.46759000589446,0.13269311206443035
180.3,38.905981880418054,-34.25262364295053,48.70793404681013,32.45915603742766,32.463275537148384,1.8354864210323711,26.46740504253767,0.13342245462297342
180.35000000000002,39.49988974755512,-33.5764036747799,49.70069507071059,32.45945028740771,32.463403968688425,1.8422238508417337,26.46727511036496,0.13410765051318663
180.4,40.081992222148145,-32.889995116359565,50.69346735318797,32.459732693213475,32.46352298341623,1.8489911112116104,26.467154679619462,0.13474859618725077
180.45000000000002,40.65211441109272,-32.193603926242226,51.686250441130284,32.46000342822796,32.46365573819421,1.8557859823986362,26.46702013662982,0.13534520739753475
180.5,41.21008501773549,-31.487439071464888,52.679043888051055,32.46026430751126,32.46379303404387,1.8626062442700686,26.466880870190316,0.1358974237405164
180.55,41.755736393728554,-30.77171246452836,53.671847316905044,32.46051635940645,32.46391836275727,1.8694496768777853,26.46675372353303,0.1364052374286473
180.60000000000002,42.28890458897698,-30.04663889889827,54.66466038998787,32.46075935964579,32.46403196454546,1.876314060044642,26.466638456164176,0.13686865215433386
180.65,42.80942940079475,-29.31243598397483,55.65748276100833,32.46099311713863,32.46413405315973,1.8831971734226514,26.46653485415033,0.13728766333713338
180.70000000000002,43.317154422516936,-28.56932407967158,56.650314076357795,32.46121746971156,32.46422481921708,1.890096797303059,26.466442726721326,0.13766226756018796
180.75,43.81192709095368,-27.817526230134895,57.64315397621686,32.46143228039053,32.46430443466809,1.897010713405102,26.466361901709412,0.13799247760815092
180.8,44.29359873267174,-27.057268096627183,58.63600209551947,32.4616374342675,32.46437305338459,1.9039367056459255,26.466292224947292,0.1382783220408612
180.85000000000002,44.76202460909006,-26.28877788959672,59.62885806479769,32.461832835633004,32.464430811691706,1.91087256089358,26.46623355972398,0.1385198448164715
180.9,45.21706396037587,-25.512286299956887,60.62172151091617,32.462018405351486,32.46447782884466,1.9178160697047204,26.466185786298034,0.13871710495308776
180.95000000000002,45.65858004812825,-24.728026429597687,61.61459205770669,32.46219407845814,32.46451420745176,1.9247650270486716,26.466148801466783,0.1388701762228095
181.0,46.08644019683675,-23.936233721152387,62.60746932651052,32.46235980195768,32.46454003384595,1.9317172330190004,26.46612251818886,0.13897914687902357
181.05,46.50051583410258,-23.13714588704221,63.600352936636696,32.46251553280685,32.46455537840503,1.9386704935339978,26.466106865260212,0.13904411940657724
181.10000000000002,46.90068252961091,-22.33100283782207,64.59324250574295,32.46266123606386,32.46456029582331,1.9456226210271481,26.466101787040323,0.13906521029994678
181.15,47.28682003284259,-21.51804660985035,65.5861376501461,32.46279688318953,32.464554825335135,1.9525714351285544,26.46610724322864,0.13904254986300657
181.20000000000002,47.658812309514495,-20.698521292305827,66.57903798506706,32.46292245048565,32.46453899089108,1.9595147633382766,26.466123208690018,0.13897628202812484
181.25,48.01654757673779,-19.872672953574874,67.57194312481656,32.46303791765746,32.46451280128777,1.9664504416923805,26.466149673328236,0.1388665641944442
181.3,48.35991833688397,-19.040749567032197,68.56485268292556,32.463143266488196,32.464476250251636,1.9733763154225272,26.466186642007493,0.13871356708207827
181.35000000000002,48.68882141014877,-18.203000936238347,69.55776627222481,32.463238479614155,32.46442931647726,1.980290239609623,26.466234134520867,0.13851747460293495
181.4,49.00315796580465,-17.35967861957739,70.55068350487811,32.46332353939009,32.46437196361929,1.9871900798323168,26.466292185606996,0.13827848374191376
181.45000000000002,49.30283355213271,-16.511035854358166,71.54360399237143,32.463398426835035,32.464304140239214,1.9940737128108097,26.466360845013554,0.13799680445387708
181.5,49.58775812502547,-15.65732748040259,72.53652734546233,32.463463120649614,32.464225779705316,2.000939027046428,26.466440177609243,0.13767265956985852
181.55,49.85784607525226,-14.798809863144625,73.52945317409136,32.463517596296455,32.46413680004525,2.0077839234575947,26.466530263544804,0.13730628471236628
181.60000000000002,50.113016254379296,-13.93574081626351,74.52238108725847,32.46356182513565,32.46403710375171,2.01460631601239,26.4666311984628,0.13689792822333402
181.65,50.353191999337135,-13.068379523874954,75.51531069286625,32.463595773608226,32.46392657753754,2.0214041323582848,26.466743093759405,0.13644785109590885
181.70000000000002,50.578301155628345,-12.19698646230408,76.50824159753199,32.46361940246032,32.46380509204135,2.0281753144492356,26.466866076897745,0.13595632691789206
181.75,50.78827609916871,-11.321823321463917,77.50117340637,32.463632666001814,32.46367250147987,2.0349178191705803,26.46700029177601,0.1354236418190169
181.8,50.98305375675582,-10.443152925863338,78.49410572274566,32.46363551139311,32.4635386365685,2.0416296189619914,26.467135706039873,0.13485009442689488
181.85000000000002,51.16257562515907,-9.561239155268385,79.48703814800199,32.46362859176278,32.46342448227893,2.0483087024387245,26.467250909410673,0.1342359958282202
181.9,51.32678778882567,-8.676346865040962,80.47997030847434,32.46361401251393,32.46330175918054,2.054953075011504,26.467374740684534,0.13358166953466366
181.95000000000002,51.47564093577442,-7.788741806107963,81.47290191106273,32.463591708704406,32.463139423664785,2.061560759076265,26.467538858622085,0.13288745145558778
182.0,51.609090371221654,-6.8986905445624185,82.46583266018251,32.463559402630146,32.462947817071836,2.068129793325191,26.46773270928157,0.13215368129522176
182.05,51.72709603108237,-6.006460381296887,83.45876217309173,32.46351571794741,32.462743788388444,2.0746582333567147,26.467939100219056,0.13138068497852373
182.10000000000002,51.82962249539021,-5.112319271562784,84.45169001438283,32.46346058012176,32.46252704882524,2.081144153609486,26.468158319433883,0.1305688006304706
182.15,51.916638999783835,-4.216535744161708,85.44461574579736,32.463393899314866,32.46231687660804,2.087585648748103,26.46837069520529,0.12971840505542787
182.20000000000002,51.98811944480543,-3.319378820329809,86.43753892564075,32.46331696912152,32.46213608641731,2.0939808342596393,26.468552947289993,0.1288299027723383
182.25,52.04404240378927,-2.421117932470112,87.43045916172038,32.46323262035693,32.4619451001418,2.100327847052398,26.46874543996963,0.12790371023072566
182.3,52.0843911284979,-1.522022842719096,88.42337617016753,32.46314065462728,32.46174363858815,2.106624845216267,26.468948450455482,0.12694025585517466
182.35000000000002,52.10915355240812,-0.6223635614564113,89.41628965952337,32.46304086776735,32.46147811790523,2.112870006852205,26.469216632173683,0.125939963277375
182.4,52.11832229439176,0.2775897340931063,90.40919933051865,32.46292924277719,32.46118476287642,2.11906153071606,26.469513025962495,0.12490323271876491
182.45000000000002,52.11189466098075,1.1775667813163861,91.4021047301754,32.46280463706999,32.46094741214331,2.1251976368590277,26.46975209793142,0.12383047727709595
182.5,52.08987264950298,2.0772973137595576,92.39500536179798,32.46267197814666,32.460698067391135,2.131276569552668,26.470003205909652,0.1227221228593578
182.55,52.052262948064325,2.9765111428111886,93.38790091724478,32.462530984521266,32.46043632783326,2.1372965984784216,26.470266750708472,0.12157865387280253
182.60000000000002,51.99907693045799,3.8749382392030873,94.38079107760598,32.462381366186406,32.46016176834351,2.143256016260878,26.47054315794361,0.12040057851507413
182.65,51.930330652783944,4.77230881444275,95.3736755128777,32.46222282348334,32.459872670097425,2.1491531391246994,26.47083417305353,0.11918835564912911
182.70000000000002,51.84604484865337,5.668353402184936,96.3665538815931,32.462054955384346,32.45956905213798,2.1549863075491373,26.471139768589683,0.1179424572764276
182.75,51.74624492297939,6.562802939518075,97.3594258269439,32.461877390866746,32.459250978158906,2.1607538869207445,26.471459871571348,0.11666336848875858
182.8,51.63096094441003,7.455388848148286,98.35229097792894,32.461689789959046,32.45891786952181,2.166454268239157,26.471795064393852,0.11535158743214424
182.85000000000002,51.50022763632601,8.345843115450885,99.3451489505428,32.4614917956421,32.45864841207555,2.1720858687968914,26.472065058720492,0.1140076263682488
182.9,51.35408436640495,9.233898375362553,100.33799934712393,32.46128869681591,32.45833753271699,2.177647132832277,26.472377046807335,0.11263201115468746
182.95000000000002,51.19257513478298,10.11928798909251,101.33084197238858,32.46107789938028,32.45795452833674,2.183136532184342,26.472762348367066,0.11122528070771409
183.0,51.015748557479206,11.001746124960174,102.32367653179641,32.4608548014486,32.45757130857521,2.188552563546139,26.473147588098094,0.109787987041301
183.05,50.823657853102674,11.881007838724699,103.31650255472792,32.46062026624335,32.45727571725593,2.193893750448268,26.47344312689437,0.10832062723594049
183.10000000000002,50.61636082931482,12.75680915405181,104.30931960360023,32.46038136988711,32.45696628017432,2.1991586464408073,26.47375249174233,0.1068237380425785
183.15,50.39391986466347,13.628887142103897,105.30212751158993,32.46013743490762,32.456521148829154,2.2043458349812894,26.474200006315613,0.10529791985078418
183.20000000000002,50.15640188543561,14.496979999777269,106.2949260859544,32.45987912875916,32.45615174715414,2.2094539255800996,26.47456993366589,0.10374377080964337
183.25,49.90387834570012,15.360827128544539,107.2877147768682,32.45961288721595,32.4557920350251,2.214481554598123,26.474929650030372,0.10216181197620244
183.3,49.636425210942264,16.220169214508097,108.28049328076224,32.45933996920232,32.45541517000041,2.2194273912376516,26.47530653804559,0.10055258036047121
183.35000000000002,49.35412293119168,17.074748305550948,109.27326134224174,32.45905962640218,32.455018581707265,2.2242901340467753,26.475703213929698,0.09891673279057045
183.4,49.057056415827105,17.92430788877578,110.26601867728476,32.45877098035254,32.45460190180258,2.229068510526524,26.47612004727214,0.09725485618247376
183.45000000000002,48.74531500818549,18.768592967858446,111.25876496826324,32.45847318902754,32.45416484092478,2.2337612779357414,26.476557327421606,0.09556752959497317
183.5,48.418992458890884,19.60735014000177,112.25149986533839,32.45816544987735,32.45381880044837,2.2383672241654153,26.47690135996126,0.09385534818434849
183.55,48.07818689781386,20.440327672435252,113.24422298797191,32.457854974918135,32.453389411808786,2.242885168581971,26.477330084651364,0.09211892459347837
183.60000000000002,47.72300080466733,21.267275578433754,114.23693423157029,32.45753600612461,32.452883378400145,2.2473139628375876,26.477836659088855,0.09035888833111017
183.65,47.353540973876335,22.08794569086133,115.22963327123746,32.45720367557286,32.45250028360148,2.2516524868546597,26.478217386833354,0.08857588511233416
183.70000000000002,46.96991848534772,22.902091738137315,116.22231959583675,32.456867719003476,32.452135995621,2.2558996525968027,26.478578533438885,0.08677048034144264
183.75,46.5722486733429,23.709469419659445,117.21499306673094,32.45652973876187,32.45156775718095,2.2600544072952147,26.479147448566074,0.08494331484286022
183.8,46.160651086145805,24.509836476836046,118.2076536065911,32.45617531150609,32.4511572361404,2.264115727888637,26.47955499576977,0.08309509396823955
183.85000000000002,45.7352494489914,25.302952765350128,119.20030058626303,32.4558168775514,32.4507242406587,2.2680826203430513,26.47998508094414,0.08122641186844248
183.9,45.29617163418546,26.088580331404966,120.19293385256114,32.455453117773345,32.450266111483124,2.271954128593258,26.480440415000068,0.07933784908829011
183.95000000000002,44.84354961565617,26.866483479838287,121.1855532018357,32.455082617324045,32.44977999317133,2.2757293273297208,26.480923909908984,0.07743016500413091
184.0,44.377519429657816,27.636428845262575,122.17815837631196,32.45470385845599,32.44926558579115,2.279407323045639,26.481435869918858,0.07550397472925852
184.05,43.898221134266365,28.39818546258523,123.17074906015554,32.45431541040851,32.44890367218027,2.2829872551324044,26.48179174956229,0.07355991431836628
184.10000000000002,43.40579876767683,29.151524836892957,124.16332488280251,32.453928857677916,32.44835675255409,2.2864682970273122,26.48233606373498,0.0715986417353065
184.15,42.90040030521426,29.896221012618653,125.15588591689085,32.453530850169074,32.44779573995048,2.2898496572993494,26.482894345975055,0.06962083789815665
184.20000000000002,42.382177608719566,30.632050637489634,126.14843172432143,32.453121199439174,32.44742220934342,2.2931305729039266,26.483260809922115,0.06762720544074341
184.25,41.85128638721017,31.358793034026583,127.14096185979756,32.45271412871805,32.44687245577829,2.2963103174133863,26.483806749641957,0.06561831209154434
184.3,41.30788614967567,32.07623026601795,128.13347642216345,32.45229686636522,32.44634900711407,2.2993882013276803,26.48432540832087,0.06359489018919362
184.35000000000002,40.7521401499051,32.78414719881375,129.12597502166878,32.45187201927584,32.445884136894435,2.302363563714735,26.484783832441515,0.06155767828587955
184.4,40.18421534322559,33.48233156841682,130.11845736830247,32.451444313391455,32.44538521816199,2.3052357800643932,26.48527658807973,0.05950724774109517
184.45000000000002,39.60428233464966,34.17057404426677,131.11092335285383,32.45101152087506,32.44484686021833,2.308004260890712,26.48580918126051,0.057444326993163486
184.5,39.01251532504902,34.84866829018567,132.10337278088952,32.450571187971015,32.44426708586716,2.310668449051356,26.48638363416435,0.055369616526377285
184.55,38.40909205950889,35.5164110270274,133.09580536411457,32.4501208949636,32.44393711761655,2.313227821236403,26.486702589442682,0.053283763212874646
184.60000000000002,37.79419377464246,36.173602094578015,134.08822072167837,32.44967919658166,32.44326690418019,2.3156818895833737,26.487368532616358,0.05118744370093964
184.65,37.168005144755526,36.82004451258624,135.08061918252983,32.44922117569584,32.442716508629225,2.3180302032617206,26.487911706301034,0.04908136693941856
184.70000000000002,36.530714217989924,37.45554453199005,136.07300012244352,32.44875655661966,32.44235764927937,2.3202723374443153,26.48825886659686,0.04696627356693739
184.75,35.88251237025904,38.07991170329093,137.065363289197,32.448299491809635,32.44160921037848,2.322407908392627,26.489003431175657,0.04484268365189337
184.8,35.22359424308421,38.69295892959605,138.05770897194378,32.44782161456455,32.44115915868838,2.3244365677151038,26.489442867176763,0.04271141896623476
184.85000000000002,34.55415767903424,39.29450251630692,139.05003637473982,32.44734572485911,32.44066290628319,2.3263579939557033,26.48992906555247,0.040573186449535115
184.9,33.8744036734997,39.884362238579726,140.04234557380587,32.44686838067512,32.44011044662045,2.328171909722343,26.49047225244442,0.03842852481199088
184.95000000000002,33.18453630467238,40.46236138514248,141.0346365136984,32.44638567109978,32.43949340380581,2.329878068059628,26.49108099111336,0.03627831533279391
185.0,32.48476267341484,41.02832681252885,142.02690898937934,32.44589336629307,32.439047105987854,2.3314762545808563,26.491514941078123,0.03412316674570093
185.05,31.775292842266825,41.582088998571564,143.01916263402347,32.44540434769984,32.438513767618794,2.33296628987258,26.492037388094076,0.031963730424564574
185.10000000000002,31.056339773524073,42.12348209507851,144.01139757353468,32.44491216340834,32.4377147612439,2.334348032080925,26.49283079594968,0.02980070583447514
185.15,30.32811926023252,42.65234397120628,145.00361368702886,32.444398063253736,32.437478168666914,2.3356213692068764,26.493049362160697,0.02763484416689721
185.20000000000002,29.59084986353918,43.16851626482483,145.99581013644524,32.44390378506896,32.4367494155615,2.3367862230091703,26.493770255080808,0.02546674251902914
185.25,28.844752853080948,43.67184443906634,146.98798768017588,32.44339275867557,32.43619297654151,2.3378425602864468,26.494314767006735,0.023297076045878384
185.3,28.09005212595568,44.162177807782555,147.98014567783522,32.44287848852314,32.435740645086426,2.338790367805686,26.494752565637416,0.021126745545529957
185.35000000000002,27.326974151667496,44.63936959852946,148.97228400557765,32.44236864256337,32.43518945270179,2.339629674272821,26.495290992623055,0.018956150384781267
185.4,26.555747899201382,45.10327698961854,149.9644028328422,32.44185584328755,32.434501176520016,2.3403605422067386,26.495969112111712,0.01678612934270518
185.45000000000002,25.7766047657025,45.55376114863142,150.9565020468937,32.441330509947015,32.43387194784,2.340983063310901,26.496586575077835,0.014617358678350456
185.5,24.989778509168957,45.99068727743286,151.9485811685686,32.4407977555108,32.433733741192995,2.341497362875927,26.496702062940386,0.012450422083247759
185.55,24.195505180735868,46.4139246573272,152.94063991427228,32.44029318305953,32.43233622910176,2.341903605496256,26.498103811476543,0.010285991300520436
185.60000000000002,23.39402305182248,46.82334668535263,153.9326793620879,32.4397248292054,32.432459736717,2.3422019919483787,26.49795124706393,0.00812485240658134
185.65,22.58557253280254,47.21883089274453,154.92469707288942,32.43920589402766,32.43201173134742,2.3423927377425997,26.498382291251147,0.005967729042453129
185.70000000000002,21.770396125185375,47.60025903075269,155.91669493696136,32.438692025264785,32.43040206434381,2.3424761283055773,26.500000000000004,0.003814915884419179
185.75,20.94873831856197,47.967517044708565,156.9086731482945,32.438099885199,32.43037535164622,2.342452450892985,26.500000000000004,0.0016678112595513994
185.8,20.12084552943143,48.32049513143019,157.90062871370685,32.43754813280237,32.43034837061191,2.342322021150437,26.5,0.000473548251846978
185.85000000000002,19.286966046176957,48.659087818012836,158.8925631780601,32.43703386407448,32.43032112692353,2.3420852330843616,26.5,0.0026085948509546597
185.9,18.447349925771316,48.983193927728436,159.88447797510136,32.436554382849415,32.43029362677246,2.341742487667595,26.5,0.004735761321512655
185.95000000000002,17.602248920799642,49.292716610897,160.8763744354203,32.43610718598678,32.43264068348502,2.341294194469377,26.497573546495,0.006854908335327536
186.0,16.751916405825778,49.58756337445093,161.8682537938383,32.43585957866522,32.43205561810701,2.340740773158359,26.498142705220257,0.008965863964363052
186.05,15.89660730313506,49.86764611018164,162.86012368322014,32.43558786719678,32.43262297446845,2.3400826548869773,26.497534170068533,0.011068426220361971
186.10000000000002,15.036577977856378,50.132881024287414,163.85198318183132,32.435376089144754,32.43376209558223,2.3393201816713756,26.496341269427433,0.013162365427632494
186.15,14.17208620632641,50.38318878876343,164.84383458168463,32.43526080389029,32.43351441876829,2.3384537406649386,26.49656493135012,0.015249464312034888
186.20000000000002,13.303391084612556,50.618494516510445,165.83568157284716,32.43513606209586,32.43425009985235,2.3374837135694477,26.495783730927048,0.017328820128739153
186.25,12.430752947837469,50.838727761606876,166.82752379369836,32.43507277907847,32.43482095715693,2.336410454567357,26.495170697656146,0.019400541909817548
186.3,11.554433310515355,51.04382260123878,167.8193635945182,32.43505479179836,32.43527327039766,2.335234353864145,26.494678541008277,0.0214651800418153
186.35000000000002,10.674694778789327,51.23371761380239,168.8112027074798,32.435070397412595,32.435639632862745,2.333955794982259,26.494273961956353,0.023522014064241148
186.4,9.791800976098596,51.40835590619641,169.80304241722143,32.4351110570876,32.43615716467852,2.3325751643628294,26.493714748100214,0.025571177637715437
186.45000000000002,8.90601646726381,51.56768513737612,170.79488368184565,32.43518577905838,32.43677607391248,2.3310928582877537,26.493051780800986,0.02761261238859447
186.5,8.017606681401633,51.711657538843625,171.78672780394567,32.43529937154796,32.43694783116217,2.329509287898915,26.49284535204146,0.029646121501514244
186.55,7.12683783264536,51.84022992345799,172.77857626999526,32.43541711866327,32.43760125601719,2.3278248736732294,26.492146743029956,0.03167140777676991
186.60000000000002,6.233976841417016,51.953363695351,173.77042923888519,32.43557312847426,32.438170297475246,2.3260400424180716,26.491534151602288,0.033688284513715416
186.65,5.339291258318673,52.05102488209363,174.76228817386092,32.43575864054576,32.43840973478134,2.3241552480065195,26.49125802814314,0.03569662510315652
186.70000000000002,4.443049182271186,52.13318412455661,175.75415420316708,32.43594800441973,32.43895242562586,2.3221709507642814,26.490672011462294,0.03769588823104186
186.75,3.545519182160093,52.19981669092307,176.74602747413383,32.43616260593445,32.43943592699523,2.3200876226047242,26.490146296114283,0.039685944844762844
186.8,2.6469702184646238,52.25090249953759,177.73790895193687,32.43639641458165,32.439866634070235,2.3179057623068644,26.489674355225027,0.041666563191142814
186.85000000000002,1.747671562321864,52.286426112245564,178.72979937114383,32.43664428740226,32.44025372428317,2.3156258825321103,26.48924682305848,0.043637205957196556
186.9,0.8478927159704417,52.306376742774546,179.72169926965307,32.43690210432233,32.44072834680406,2.313248513305517,26.48872977771039,0.04559759549508158
186.95000000000002,-0.0520966671940859,52.31074826323467,-179.28639097219178,32.43717540735673,32.44125402631354,2.3107742049593654,26.48816048689764,0.047547384531867465
187.0,-0.9520268628732242,52.29953920863993,-178.2944707620965,32.43746673728222,32.44152757671936,2.3082035304568365,26.48784856539325,0.04948616692303176
187.05,-1.851628156187458,52.2727527742494,-177.3025394105881,32.43775679724202,32.44203848126904,2.3055370819054346,26.48729418049326,0.05141349005057805
187.10000000000002,-2.750630921797967,52.23039681333884,-176.31059696616273,32.43806263181538,32.44259927251629,2.3027754688676865,26.48668879020992,0.05332897102803713
187.15,-3.6487657047203412,52.172483846699414,-175.31864282546613,32.43838667757972,32.442827282429526,2.2999193297853466,26.48642314268158,0.05523226075496268
187.20000000000002,-4.545763300314135,52.09903104893819,-174.32667629194688,32.43870386364043,32.443311772057974,2.2969693215649727,26.485895559577717,0.05712278164679674
187.25,-5.441354834188092,52.01006024219073,-173.33469762786157,32.43903299995597,32.44376080747499,2.293926117933154,26.48540414991298,0.059000164407478906
187.3,-6.335271843807047,51.90559790489203,-172.34270637609052,32.43937070049304,32.44417658684734,2.2907904243114956,26.484946680133667,0.060864072636377387
187.35000000000002,-7.227246357766866,51.78567515289665,-171.350702209003,32.43971397808978,32.44456208674694,2.2875629663229944,26.48452012322136,0.0627138724331644
187.4,-8.117010975964268,51.65032773251477,-170.35868491320588,32.44006027156529,32.444921402491346,2.2842444916258557,26.48412031119608,0.06454915977002429
187.45000000000002,-9.004298949738867,51.499596011914996,-169.36665437325502,32.44040749520286,32.44545131439141,2.280835771501579,26.483546359067223,0.0663694939427728
187.5,-9.888844261935072,51.33352497087617,-168.3746105534738,32.44076776800205,32.44579931974541,2.2773376021806726,26.48315816771047,0.06817440248553908
187.55,-10.770381706826832,51.15216418885947,-167.38255295467903,32.44112716455515,32.44608524588982,2.2737508058756717,26.482833409090993,0.06996338641812372
187.60000000000002,-11.648646968049485,50.95556782335516,-166.3904816102739,32.44148131322191,32.4465806311323,2.270076223273257,26.482294892786356,0.07173592610001833
187.65,-12.523376699340067,50.74379460220502,-165.3983967208638,32.441845550215504,32.4470311516274,2.2663147216670083,26.48180227566531,0.07349165204828978
187.70000000000002,-13.394308604255182,50.51690780884558,-164.40629790049277,32.44221595031635,32.44728481708234,2.2624671973437174,26.481510722812818,0.0752300321249777
187.75,-14.261181512618395,50.274975254719635,-163.41418491332527,32.44257801222821,32.44770520248646,2.258534566121547,26.481049102785054,0.07695048646581881
187.8,-15.123735459171343,50.0180692616289,-162.4220580781618,32.4429442401038,32.44810221288566,2.2545177654535706,26.48061148937302,0.07865262444340715
187.85000000000002,-15.981711763989928,49.746266648746236,-161.42991723555104,32.443312666731075,32.448476987026034,2.25041776287933,26.4801967351558,0.08033601335952767
187.9,-16.83485310807667,49.459648702675395,-160.4377623012806,32.443681546752146,32.44882962816425,2.2462355482438454,26.479804750358284,0.08200005148481182
187.95000000000002,-17.682903610844136,49.15830115455886,-159.44559325789348,32.44404926685301,32.449163524457376,2.241972134603685,26.479432092837385,0.08364429270969254
188.0,-18.525608907226292,48.842314155697416,-158.45341014964004,32.44441457096761,32.449509150669485,2.237628558993201,26.479047674296766,0.08526827280320504
188.05,-19.362716224399907,48.51178225173898,-157.46121306881523,32.44477846951774,32.44995818090091,2.2332058831044392,26.47855794558148,0.08687151220968303
188.10000000000002,-20.19397445803201,48.1668043553183,-156.46900206906815,32.44514844890225,32.45023775772403,2.228705193745313,26.47824142059165,0.08845351777523547
188.15,-21.019134247550365,47.807483716108656,-155.4767769176949,32.44551197096095,32.45050455954085,2.224127601928778,26.47793819635084,0.09001378718252795
188.20000000000002,-21.837948049233894,47.43392788604765,-154.48453786157359,32.44586858443095,32.45091242870349,2.219474238063782,26.477491279125704,0.09155183633069441
188.25,-22.6501702135937,47.046248694288956,-153.49228516484925,32.44622885902184,32.4513006709949,2.214746259171392,26.477064698881605,0.09306727729992303
188.3,-23.4555570595435,46.64456221409448,-152.500018687373,32.44659113130563,32.451548544663225,2.2099448488315403,26.476781695293884,0.09455957784780367
188.35000000000002,-24.25386694494581,46.228988722556636,-151.5077383526206,32.44694523225974,32.45185769099538,2.2050712105002646,26.476436493955685,0.09602820679702972
188.4,-25.044860339568437,45.79965266576269,-150.51544447304593,32.44729612216943,32.45219331960795,2.2001265681702336,26.47606462226928,0.09747276662551485
188.45000000000002,-25.82829990000864,45.35668262711757,-149.52313717137056,32.447645921986464,32.45251328398041,2.195112172135957,26.475709110828237,0.09889284660062003
188.5,-26.60395053981853,44.900211286327696,-148.5308164891883,32.44799359070032,32.4528179370179,2.1900292956612546,26.475369616241235,0.10028792068553116
188.55,-27.371579499622705,44.43037537872807,-147.53848250791492,32.44833818686586,32.45310690045624,2.1848792333454767,26.47504654146276,0.10165752949404805
188.60000000000002,-28.130956417467797,43.9473156550457,-146.5461353449809,32.448678809265175,32.453382556842556,2.179663301383016,26.474737472288684,0.10300124631555718
188.65,-28.881853398471165,43.45117683987395,-145.5537751522936,32.44901479123499,32.453645544768385,2.1743828377564896,26.474441774393437,0.10431863924921458
188.70000000000002,-29.624045083761235,42.942107588900875,-144.56140210726585,32.44934555934452,32.45394942604255,2.1690392023991194,26.474104809524576,0.1056092725305291
188.75,-30.357308718617524,42.42026044480853,-143.56901640925017,32.449674406965805,32.45427886922419,2.1636337772095615,26.473742242077414,0.10687270714740293
188.8,-31.08142421982698,41.88579179193151,-142.57661813161957,32.450003297127125,32.454504133531444,2.1581679660039867,26.473486475852415,0.10810850379115777
188.85000000000002,-31.796174240852487,41.33886180788964,-141.58420727265494,32.45032478544172,32.45471904081034,2.1526431921379086,26.473241789141223,0.10931622411149533
188.9,-32.50134423654239,40.7796344148028,-140.59178411541703,32.45063866082519,32.45496507008727,2.147060896921083,26.472965875886693,0.11049547732156384
188.95000000000002,-33.196722530512446,40.20827723380716,-139.5993489510477,32.45094769005819,32.45525454345828,2.1414225436794894,26.472646182452518,0.11164590433651256
189.0,-33.88210037915391,39.62496153489996,-138.60690196485203,32.45125532244392,32.45553080815997,2.1357296174644773,26.472340532049085,0.11276706483187127
189.05,-34.55727203358472,39.02986218432632,-137.6144432101855,32.45156071428078,32.455751468056434,2.1299836229657956,26.472092196884894,0.11385852430024102
189.10000000000002,-35.2220348003155,38.42315759066608,-136.62197277268078,32.451860053836185,32.45591724073819,2.124186082008002,26.471900458108486,0.11491988997363478
189.15,-35.87618910263859,37.8050296518442,-135.62949088379253,32.45214985290061,32.456149921161746,2.1183385336208076,26.471641063839474,0.11595081915587002
189.20000000000002,-36.51953854236443,37.175663702332756,-134.6369979084244,32.45243557206212,32.45637767418383,2.1124425358875527,26.471387325197327,0.11695096774388958
189.25,-37.151889960609424,36.53524845903858,-133.64449400258638,32.4527171507851,32.45659453397986,2.106499667593411,26.47114534375988,0.11791995466509775
189.3,-37.773053493845296,35.88397596232316,-132.65197932460723,32.45299410672758,32.45680085516763,2.1005115244897112,26.47091477204759,0.1188573658828318
189.35000000000002,-38.38284263119823,35.222041518464586,-131.6594540512714,32.45326601733044,32.45699698601447,2.094479718870133,26.47069526886602,0.11976286207399767
189.4,-38.98107427093308,34.54964364129649,-130.66691837553245,32.453532515093585,32.45718229489708,2.088405879394891,26.47048749250674,0.12063611239156558
189.45000000000002,-39.56756877590323,33.866983992833354,-129.67437250440676,32.453793213650975,32.45735776549478,2.0822916508736498,26.47029045300681,0.12147678950483964
189.5,-40.14215002794816,33.17426732290366,-128.6818166596959,32.45404782449696,32.4575240402059,2.076138694010062,26.470103508344764,0.12228457042482432
189.55,-40.70464548125366,32.471701407839,-127.68925107424263,32.45429612561903,32.457681380490314,2.069948685152333,26.469926404837942,0.12305913727175266
189.60000000000002,-41.254886214603054,31.759496988193124,-126.6966759893874,32.45453792953841,32.45783002982364,2.0637233159797503,26.46975890680939,0.12380017715457825
189.65,-41.792706982514126,31.03786770552539,-125.70409165364718,32.45477307955878,32.457970214788126,2.0574642931441787,26.46960079545037,0.12450738345165746
189.70000000000002,-42.31794626525851,30.307030038281727,-124.71149832153785,32.455001446360875,32.45811519849952,2.0511733378856505,26.469438552063114,0.1251804567114334
189.75,-42.83044631774864,29.567203236795315,-123.71889625252683,32.45522385722792,32.4582849876866,2.044852185624535,26.46925177841268,0.12581910517056372
189.8,-43.33005321727729,28.81860925742908,-122.72628567443486,32.45544250940355,32.458444009951755,2.0385025855323704,26.469076775479536,0.1264230452223103
189.85000000000002,-43.816616909624244,28.061472695579308,-121.73366673102245,32.45565690229984,32.45856881636111,2.032126299522993,26.46893747416323,0.1269920018432913
189.9,-44.28999125327229,27.296020717480236,-120.74103958520415,32.45586489616136,32.45866836349976,2.0257251004159116,26.468824746298907,0.12752572018754904
189.95000000000002,-44.75003406377725,26.52248299215412,-119.74840448176175,32.45606514382839,32.458760594111055,2.019300771716729,26.468720297083166,0.12802398214162736
190.0,-45.196607157816274,25.741091623069195,-118.75576171702173,32.45625767599143,32.45884564077787,2.012855108378858,26.46862400063575,0.1284865739836505
190.05,-45.629576395668956,24.952081078733276,-117.76311158614027,32.456442530619036,32.45892361902138,2.0063899170848885,26.468535747952984,0.1289132667574222
190.10000000000002,-46.04881172177878,24.155688122121035,-116.7704543828247,32.45661975121921,32.4589946296907,1.9999070156958112,26.46845544445664,0.12930382587938993
190.15,-46.45418720407525,23.352151739402174,-115.77779039912136,32.456789385395744,32.45905876262085,1.9934082326916922,26.46838300624992,0.12965802778154512
190.20000000000002,-46.84558107204534,22.541713067993037,-114.78511992525874,32.45695148376897,32.4591160968607,1.9868954066051217,26.468318359873763,0.12997566008237982
190.25,-47.22287575354351,21.7246153239543,-113.79244324953189,32.457106098989804,32.45918447078537,1.9803703854483672,26.468243314866942,0.1302565217314111
190.3,-47.58595791032931,20.901103728757384,-112.79976065822449,32.45725455411805,32.45924523871314,1.973835026135113,26.468176897959612,0.13050042313508925
190.35000000000002,-47.93471847232244,20.071425435442293,-111.80707238700266,32.457396745874846,32.459296772946395,1.967291193897431,26.468120774603314,0.13070718626508437
190.4,-48.26905266985698,19.2358294539064,-110.81437867548635,32.457532462094235,32.45933912174734,1.9607407609360479,26.468074900033997,0.13087664475364136
190.45000000000002,-48.588860065411026,18.394566575996684,-109.82167977141533,32.457661509212315,32.45937232405207,1.954185605924657,26.46803923847554,0.13100865922766047
190.5,-48.89404458409121,17.547889300077493,-108.82897592993747,32.4577837102723,32.45939640495029,1.9476276135770547,26.46801376773972,0.13110310022781846
190.55,-49.18451454279254,16.696051755065508,-107.83626741297329,32.45789890274931,32.4594113753599,1.941068674200352,26.467998479548168,0.13115984695204475
190.60000000000002,-49.460182678024694,15.839309623956254,-106.84355448866381,32.4580069365072,32.459417232065796,1.934510683235743,26.46799337948391,0.1311787875340542
190.65,-49.72096617239685,14.977920066866636,-105.85083743089642,32.458107671904244,32.45941395770676,1.9279555407882185,26.467998486997036,0.13115981929217924
190.70000000000002,-49.96678667975336,14.112141643617946,-104.8581165189033,32.45820097803299,32.459401520711054,1.9214051511466081,26.468013835463935,0.13110284895049062
190.75,-50.19757034895309,13.242234235883819,-103.86539203692716,32.45828673108143,32.459379875180225,1.9148614222951394,26.468039472300376,0.13100779283220731
190.8,-50.413247846285664,12.36845896892763,-102.87266427394968,32.45836481280277,32.45934896072186,1.9083262654178839,26.46807545912786,0.130874577029374
190.85000000000002,-50.61375437651812,11.491078132953799,-101.87993352347841,32.45843510908271,32.45930870222888,1.9018015943970497,26.468121871995503,0.13070313754511176
190.9,-50.79902970256618,10.610355104097517,-100.88720008338859,32.45849750859315,32.45925900960663,1.895289325306294,26.46817880165639,0.1304934204166841
190.95000000000002,-50.96901816378436,9.726554265077393,-99.89446425581643,32.45855190152268,32.45919977744419,1.8887913759000128,26.468246353901776,0.13024538181511502
191.0,-51.123668692869956,8.839940925535547,-98.90172634710089,32.458598178374224,32.45913373160326,1.8823096650996263,26.468321745723866,0.12995898812562245
191.05,-51.26293483137602,7.950781242089649,-97.90898666777157,32.45863643217629,32.45907764442339,1.875846112477717,26.46838786445563,0.12963421600773017
191.10000000000002,-51.38677474382907,7.059342138121452,-96.91624552479963,32.4586679473368,32.459014400844,1.86940263774094,26.468462165681046,0.1292710524381846
191.15,-51.495151230326236,6.165891223311618,-95.92350317601375,32.45869269401588,32.458943872013606,1.8629811600902926,26.46854477624394,0.12886949473553955
191.20000000000002,-51.58803173701514,5.2706967128965845,-94.93075988038485,32.45871063530143,32.45886591609876,1.8565835968647306,26.468635835624106,0.12842955301294978
191.25,-51.6653883659466,4.374027346875663,-93.93801589829661,32.458721726786955,32.458780380708724,1.850211862974156,26.46873549347002,0.12795126451123906
191.3,-51.72719788352311,3.4761523090575053,-92.94527149183209,32.4587259163528,32.45868709918221,1.8438678703366378,26.468843913393883,0.1274346778114932
191.35000000000002,-51.77344172754088,2.577341145970141,-91.95252692506868,32.45872314369775,32.45858588995762,1.8375535273201464,26.468961273621844,0.1268798527503634
191.4,-51.80410601282315,1.6778636856588067,-90.9597824643911,32.45871333985917,32.45844878210073,1.8312707381892395,26.469116101196644,0.12628686032982728
191.45000000000002,-51.8191815354434,0.7779899563957915,-89.96703837882256,32.45869444287642,32.45828461237139,1.8250214025569989,26.469299373767072,0.12565578261813926
191.5,-51.81866377553725,-0.12200989467346257,-88.97429501627977,32.45866516926892,32.458109555429175,1.8188074148428726,26.46949458283151,0.12498671264481231
191.55,-51.802552899894465,-1.0218656829451294,-87.98155277378666,32.458625482566084,32.457972834713814,1.8126306649290456,26.46965150323158,0.1242797542825258
191.60000000000002,-51.77085376266249,-1.9213072678736607,-86.98881204976186,32.458578864862346,32.45782690535169,1.806493038349636,26.469818629612046,0.12353499827653991
191.65,-51.723575903877,-2.820064634501973,-85.99607310939338,32.458525153468734,32.45767146497264,1.8003964157311643,26.469996259991934,0.12275253158819055
191.70000000000002,-51.66073354445917,-3.717867974806965,-85.00333622409306,32.45846417571901,32.45750618902373,1.7943426701189438,26.470184714524,0.1219324523694354
191.75,-51.5823455819868,-4.614447768991192,-84.01060167187825,32.458395748097914,32.45733073908249,1.7883336664953973,26.470384327027745,0.12107491224440992
191.8,-51.48843558505542,-5.509534866695292,-83.01786973778663,32.45831967602539,32.45714475179367,1.7823712613060252,26.470595456291278,0.1201800724709301
191.85000000000002,-51.37903178623134,-6.402860568107078,-82.02514071429945,32.45823575286598,32.456946679819595,1.7764573019938368,26.47081966860072,0.11924810378744155
191.9,-51.254167073598246,-7.2941567049432345,-81.0324149018026,32.458143676219805,32.456736887428605,1.7705936265423858,26.471056579536217,0.11827918624376821
191.95000000000002,-51.113878980900196,-8.183155721279666,-80.0396926122503,32.458043191306146,32.45651519244697,1.7647820630283633,26.47130636176339,0.1172735090290189
192.0,-50.958209676332764,-9.069590754215241,-79.04697416734312,32.45793404853049,32.45628110629805,1.759024429233989,26.471569500158694,0.11623127028045133
192.05,-50.78720594989981,-9.953195714333756,-78.05425989832906,32.45781598122817,32.456034104428,1.7533225322333337,26.471846515927755,0.11515267588748657
192.10000000000002,-50.60091919936439,-10.833705365941821,-77.06155014665651,32.45768870431387,32.45585048235996,1.7476781679781297,26.47205954946778,0.1140379400131053
192.15,-50.3994054148108,-11.710855407060722,-76.06884526467876,32.457557402745735,32.455632708224435,1.7420931208966834,26.47230809705158,0.11288728510407964
192.20000000000002,-50.182725161822226,-12.584382549148938,-75.07614540636712,32.45741992456564,32.45534265691729,1.7365691635066796,26.472631043422584,0.11170094162892497
192.25,-49.95094356009119,-13.45402459568245,-74.0834508080263,32.45727154830504,32.45503708930273,1.7311080527437,26.472970458789966,0.11047914780007773
192.3,-49.70413026496033,-14.31952052134972,-73.09076188660327,32.45711194409059,32.45478036929801,1.7257115307029949,26.473260652403127,0.1092222152595923
192.35000000000002,-49.442359449042264,-15.18061055144738,-72.09807907166183,32.45694540303398,32.45455154130512,1.7203813269296617,26.473522988268797,0.1079304408141013
192.4,-49.165709779890385,-16.037036240318372,-71.10540262858356,32.45677441291049,32.45430481985215,1.715119158073044,26.473804166724022,0.10660407546666306
192.45000000000002,-48.874264393671474,-16.888540548499904,-70.1127327275653,32.45659801340632,32.453929889686364,1.7099267247675414,26.474216737606575,0.10524337713235354
192.5,-48.568110868573356,-17.734867919598106,-69.12006957554323,32.45640743314062,32.45363669942174,1.704805709601338,26.47454644850541,0.1038486661100535
192.55,-48.2473411988505,-18.575764357327444,-68.12741371503968,32.456209523589266,32.453349913724644,1.6997577771622971,26.474870154337687,0.10242030332406671
192.60000000000002,-47.91205177187689,-19.41097750387131,-67.13476542643727,32.456005265741794,32.45304745563555,1.6947845787832776,26.47521036443317,0.10095864878081784
192.65,-47.56234333504982,-20.240256714518704,-66.14212495258313,32.45579399359135,32.452727568390124,1.6898877479026595,26.475568852488266,0.099463967580391
192.70000000000002,-47.19832096473203,-21.063353132873335,-65.14949256180182,32.45557496321983,32.452388465509785,1.6850688989575389,26.4759474225877,0.09793661761236194
192.75,-46.82009403480433,-21.88001976588675,-64.15686855087554,32.455347356240544,32.45203045491852,1.6803296272722577,26.47634574151497,0.0963769789024127
192.8,-46.42777618394803,-22.690011558375723,-63.16425324789247,32.45511043471754,32.4516732463666,1.675671508999244,26.476743675292834,0.0947854337056242
192.85000000000002,-46.02148528166183,-23.49308546700398,-62.17164700916801,32.454864921263905,32.45141759648646,1.671096101110244,26.477038373554503,0.09316236546027312
192.9,-45.60134339293738,-24.289000533665646,-61.179050163366135,32.4546186837798,32.450995070468295,1.666604941344886,26.47750377362967,0.0915081577799981
192.95000000000002,-45.167476740878364,-25.07751795784288,-60.186462738135575,32.45435985425755,32.45056624896145,1.6621995472871802,26.477975971765865,0.08982319530716154
193.0,-44.72001566435327,-25.858401166136545,-59.19388521516791,32.454088882450684,32.45027349121255,1.6578814111540368,26.478309649729994,0.08810788115411583
193.05,-44.25909458479573,-26.631415886836947,-58.20131805893997,32.4538163545051,32.449929528743915,1.65365200645126,26.478695917223526,0.08636272266286937
193.10000000000002,-43.78485196517073,-27.3963302204268,-57.20876132892306,32.45353872409359,32.449446480742104,1.6495127872333981,26.479224453525475,0.08458809405553325
193.15,-43.297430262604884,-28.152914706038167,-56.2162152202594,32.453246420997054,32.44908889433249,1.645465181277956,26.479625219248465,0.08278438435723956
193.20000000000002,-42.79697588716416,-28.90094239142303,-55.22368029421362,32.45294945480673,32.4487082274212,1.6415105917600243,26.48004980800431,0.08095211910884359
193.25,-42.283639162316234,-29.640188904382278,-54.23115672910705,32.45264650999348,32.44830122766816,1.6376504025544278,26.48050151868737,0.0790917903586319
193.3,-41.75757427438183,-30.370432516940827,-53.23864475358478,32.45233613268453,32.4478654687272,1.6338859717779926,26.480982807713744,0.07720378411192996
193.35000000000002,-41.21893922656991,-31.091454212362436,-52.24614465190664,32.452016799544715,32.44739995525285,1.6302186321450094,26.48149467139818,0.0752886155287058
193.4,-40.66789579188964,-31.803037751446762,-51.25365676660296,32.45168702495244,32.447112766361826,1.626649691413668,26.481824675484916,0.07334679265966315
193.45000000000002,-40.10460946491322,-32.50496973806755,-50.26118149702995,32.45136029219597,32.44658315794942,1.6231804328820303,26.48240230649042,0.07137881462682572
193.5,-39.52924941234915,-33.197039683892015,-49.26871872672925,32.451019068321216,32.44609612972127,1.6198121158689105,26.482936606583234,0.0693851706327564
193.55,-38.94198841564083,-33.87904006640301,-48.27626900996672,32.450667429849794,32.44576652318764,1.6165459672075002,26.483310308311403,0.06736634026239585
193.60000000000002,-38.34300282684339,-34.55076639789001,-47.28383274504987,32.45031736508821,32.44521495092987,1.6133831913863759,26.48391071041249,0.06532297322820568
193.65,-37.73247251328616,-35.212017285396186,-46.29140987167253,32.449952906934044,32.44477248567937,1.6103249677129554,26.48439979218182,0.06325551642248683
193.70000000000002,-37.110580797875926,-35.86259448627562,-45.29900094033567,32.44958287684443,32.44434295878573,1.6073724427307354,26.48487571241254,0.06116447346840914
193.75,-36.47751441072973,-36.502302974155576,-44.3066061640736,32.44920859698309,32.44387451609523,1.604526739444502,26.485391392427715,0.05905049964439968
193.8,-35.83346342880065,-37.13095099385832,-43.314225705338195,32.44882759120539,32.44336194579256,1.6017889516584631,26.48595213496399,0.05691406572466917
193.85000000000002,-35.17862121790995,-37.74835011827929,-42.321859821297345,32.448437187961616,32.44284382141463,1.5991601428296534,26.486518535795433,0.05475575572077673
193.9,-34.51318437537907,-38.35431530589533,-41.32950887130645,32.448037661779686,32.44248563810471,1.5966413472131578,26.486921585982856,0.05257617657619562
193.95000000000002,-33.837352671675156,-38.94866495742098,-40.337173204210266,32.44764108866005,32.44181775955488,1.5942335711342324,26.487640815193107,0.0503759123299119
194.0,-33.15132898985278,-39.53122097016042,-39.344852706912626,32.44722513658111,32.441443628536774,1.5919377924991664,26.48806001073278,0.04815552157850789
194.05,-32.45531925957361,-40.10180878580033,-38.35254812055806,32.4468121717208,32.4409480903618,1.589754953224407,26.488603084523064,0.0459155727013183
194.10000000000002,-31.74953240352574,-40.66025745293999,-37.360259330734635,32.44639330876659,32.44035783859219,1.5876859723509256,26.48924276476731,0.04365678549518748
194.15,-31.03418026574228,-41.206399667906595,-36.36798656290546,32.44596220375413,32.43990700771359,1.5857317323098599,26.489739928042866,0.04137961746963015
194.20000000000002,-30.309477551094574,-41.74007182886522,-35.37573028518797,32.44552968975124,32.43939485588092,1.5838930839766476,26.490299558679993,0.03908480082131405
194.25,-29.575641762679666,-42.261114087843765,-34.38349055131863,32.44509148733193,32.43880853192949,1.582170850208584,26.490934767088174,0.03677296666424468
194.3,-28.83289313227167,-42.76937039329117,-33.3912675787199,32.44464270480319,32.43828951098813,1.5805658190711398,26.49150104521072,0.03444467536127149
194.35000000000002,-28.081454555415064,-43.264688538740856,-32.39906177191268,32.444188905244964,32.43784906883266,1.5790787461553606,26.49198685215631,0.032100622748885144
194.4,-27.32155152573612,-43.74692021074588,-31.406873322623007,32.44373605978694,32.437052323386396,1.577710357273709,26.49283635722501,0.02974145831558417
194.45000000000002,-26.553412064989146,-44.215921030407586,-30.414702194182947,32.443258650044044,32.43684979021489,1.5764613448843647,26.493078672899255,0.027367777633031665
194.5,-25.777266652467393,-44.67155059334379,-29.42254932596139,32.442800874341955,32.43595574568315,1.5753323642812944,26.494027068350448,0.024980247786885457
194.55,-24.99334816324381,-45.11367252477608,-28.43041396680358,32.442311936580616,32.43557555966997,1.5743240487149635,26.494450288659092,0.02257961206140635
194.60000000000002,-24.20189178460153,-45.542154497216515,-27.43829730840351,32.44183076680128,32.43509474983388,1.573436982635755,26.49497599418646,0.02016631132661928
194.65,-23.403134960086657,-45.95686829646959,-26.446199053455473,32.44134962273218,32.43446811930043,1.5726717320237498,26.49565034682766,0.01774132158416819
194.70000000000002,-22.59731730654929,-46.3576898393631,-25.45411920077966,32.44085808677277,32.43362912392468,1.5720288208197246,26.49654132877329,0.015305012240105498
194.75,-21.784680544388248,-46.744499214617136,-24.462058147630867,32.44034173228363,32.43371163257082,1.5715087354092248,26.4964905353849,0.012858224080503078
194.8,-20.96546842748109,-47.117180724102774,-23.47001684301004,32.43986815373271,32.43225269880865,1.5711119307259906,26.49801419769894,0.010401708209997196
194.85000000000002,-20.139926672978756,-47.47562292526387,-22.47799365070689,32.43932419266671,32.43239383585981,1.5708388387740087,26.497902723369194,0.007936093664682176
194.9,-19.308302870985344,-47.81971862700689,-21.485991262311348,32.4388291671805,32.43119822203952,1.5706898278839247,26.49915664427622,0.005461839039639926
194.95000000000002,-18.47084643669924,-48.149364983990864,-20.494007806053485,32.43828409967043,32.43040407093807,1.5706652705749988,26.5,0.002980217801678009
195.0,-17.627808507659378,-48.4644634609789,-19.50204519553865,32.437721240475256,32.43043486988384,1.570765471759941,26.5,0.0004911461785184201
195.05,-16.779441890048123,-48.764919917263065,-18.51010411093342,32.43720078543301,32.4304652371565,1.5709907281078088,26.500000000000004,0.0020040236988450033
195.10000000000002,-15.926000974643403,-49.05064461677844,-17.51818293030002,32.43671967484183,32.4304951541902,1.5713413085779493,26.49999999999999,0.0045051269573548325
195.15,-15.067741648820089,-49.321552220284346,-16.52628014876837,32.43627506622386,32.432846596155365,1.5718174181773747,26.4976275160325,0.007011609402809427
195.20000000000002,-14.20492122190435,-49.57756181170026,-15.534394370219717,32.43603017550468,32.432265481732415,1.572419199737645,26.49825083469917,0.009522191988509121
195.25,-13.337798349945542,-49.81859692309673,-14.542517956853658,32.435761268806665,32.43358493446821,1.5731467355812256,26.496931844453904,0.012035631205407071
195.3,-12.466632934922416,-50.04458546189368,-13.550651827037676,32.43560581635392,32.43396601361102,1.5739999494597328,26.496571049946493,0.014550716871610803
195.35000000000002,-11.591686086289032,-50.25545986068716,-12.55879164201805,32.43548868758657,32.434677036187146,1.5749787409767606,26.495872637155546,0.017064277570142394
195.4,-10.713220023742657,-50.45115701691144,-11.566935936210886,32.43543071248661,32.43543596971178,1.5760829030488992,26.49512473876748,0.019575830340556877
195.45000000000002,-9.83149801224732,-50.63161835472266,-10.575082447470404,32.43543108800269,32.43602568996135,1.5773121671061077,26.49454914093956,0.02208324144277185
195.5,-8.94678428237771,-50.79678982980297,-9.583228944369537,32.435473559571165,32.43649978308779,1.5786661906701056,26.494091078716,0.024585281144169358
195.55,-8.059343953617756,-50.94662194548724,-8.591373817083769,32.43554686125093,32.437484512882996,1.5801445579509519,26.493110840693763,0.02708047127995883
195.60000000000002,-7.1694429587571396,-51.08106977680514,-7.599515886613638,32.43568526493893,32.43776160210032,1.581746789748287,26.492852827529457,0.029567345616925422
195.65,-6.277347966827435,-51.20009299039786,-6.607652663332132,32.43583357473617,32.43861314087639,1.583472350376148,26.49200746918673,0.03204463594670415
195.70000000000002,-5.3833263020983315,-51.303655836027964,-5.615783768393411,32.436032115174754,32.43913504198769,1.58532062725277,26.49149820119534,0.034511212557220006
195.75,-4.48764586991292,-51.39172719005499,-4.623907280850099,32.43625375280425,32.43976410552212,1.5872909642557644,26.490878879457437,0.036965537532438475
195.8,-3.590575074875141,-51.464280540703236,-3.6320223173774844,32.4365044922841,32.44043434029569,1.5893826377145217,26.490216908568357,0.039406740059888534
195.85000000000002,-2.6923827435437016,-51.521294012246315,-2.640127765004092,32.4367851957135,32.441024004874535,1.5915948729447607,26.489636618438443,0.04183346917514541
195.9,-1.7933380446766687,-51.562750368080934,-1.648222477770728,32.43708796779643,32.441548236074716,1.5939268408939284,26.48912254338171,0.04424470460477892
195.95000000000002,-0.8937104097719781,-51.58863701552306,-0.6563056116373363,32.437406558387735,32.44235338356678,1.5963776578931075,26.488320996856928,0.046639358983355805
196.0,0.00623054636886744,-51.598946014519115,0.3356234384265878,32.437759903043386,32.44276379289,1.5989463906867556,26.48792194406823,0.04901633998358079
196.05,0.9062151055413428,-51.5936740840259,1.3275660016291695,32.43811732374671,32.44338512262971,1.6016320604900756,26.487306908674846,0.051374655872962194
196.10000000000002,1.8059735260499594,-51.57282259190089,2.3195222339605093,32.438493595095494,32.44405523280143,1.604433631932011,26.48664147312735,0.053713396066399355
196.15,2.705236122856371,-51.53639757323254,3.3114928564582065,32.438890854931635,32.44450943233,1.6073500318190739,26.486195906765417,0.0560314288387076
196.20000000000002,3.603733347735706,-51.4844097199961,4.303478671938815,32.43929218188866,32.44513325531319,1.6103801406074822,26.485576560361082,0.05832799774125874
196.25,4.501195869202781,-51.41687437693811,5.295479836083108,32.43970940141899,32.44570568911107,1.61352279148133,26.485009106361787,0.0606021757681674
196.3,5.397354653329102,-51.3338115475062,6.287496956844037,32.44013770768271,32.44623116803947,1.616776780894547,26.484489019364066,0.06285301747695371
196.35000000000002,6.291941043466254,-51.23524588116452,7.279530458388847,32.44057295485105,32.446728602532765,1.620140861855866,26.483996996822196,0.06507978826434169
196.4,7.184686840520553,-51.12120666930349,8.271580606335329,32.44101264397117,32.44740034664678,1.6236137472183216,26.48332646346446,0.0672816192263781
196.45000000000002,8.075324383293047,-50.99172783935753,9.263647570732932,32.441468908448,32.447809390436035,1.62719411258486,26.48292356960498,0.06945770724911426
196.5,8.963586628723725,-50.84684794654127,10.25573198570004,32.44192180001858,32.44840129286675,1.630880598236196,26.482333460467224,0.07160730733076548
196.55,9.849207230524442,-50.68661015553636,11.247833722409124,32.4423846209363,32.448970837734834,1.6346718022796836,26.4817656477082,0.07372971302672227
196.60000000000002,10.731920620752616,-50.51106223982135,12.239953160807694,32.44285506499334,32.44939172697977,1.6385662930840965,26.481349060512784,0.07582408086975079
196.65,11.611462087947569,-50.32025655991494,13.232090592647218,32.44332196942094,32.44993666650544,1.6425626017484376,26.480805333386876,0.07788981608825907
196.70000000000002,12.487567856489756,-50.114250049515135,14.22424588273043,32.44379444778412,32.45044763554583,1.6466592239591407,26.48029578275586,0.07992617328682172
196.75,13.359975167116765,-49.89310420541096,15.21641924443856,32.44426967548139,32.45092467071425,1.6508546271789513,26.479820379320714,0.0819324442140612
196.8,14.228422354512151,-49.656885064135224,16.20861078312084,32.44474503228374,32.45137318005676,1.655147245662917,26.47937361197629,0.08390806439621201
196.85000000000002,15.09264892612004,-49.40566318426232,17.20082050390717,32.445218471410385,32.45188782115153,1.659535482656885,26.47885887898787,0.08585236967931564
196.9,15.952395640724983,-49.13951362719712,18.19304833363828,32.445694853534754,32.452368952486296,1.6640177124825684,26.478377893051896,0.08776473987936129
196.95000000000002,16.807404586690247,-48.85851593624687,19.18529438507522,32.44617157488844,32.45273869483319,1.668592282286781,26.478010146061777,0.08964459651366496
197.0,17.65741925854452,-48.5627541103929,20.17755867138642,32.44664065488449,32.45323914025644,1.6732575096490478,26.477508571426377,0.09149139608425116
197.05,18.5021846344644,-48.252316581013886,21.16984090047374,32.4471119752682,32.45374690905373,1.6780116846826658,26.47699910567294,0.09330454724533865
197.10000000000002,19.341447254616938,-47.92729619024633,22.162141158222354,32.447585899110024,32.45406237597879,1.6828530753743252,26.476685481671748,0.09508350067235938
197.15,20.174955295381583,-47.587790157927785,23.1544595444083,32.44804850460065,32.454517094192,1.6877799221983807,26.476229350939704,0.09682781383318684
197.20000000000002,21.00245864486019,-47.233900052666726,24.146795626268236,32.44851054671432,32.454947843256925,1.6927904384583599,26.475797297691336,0.09853693648111062
197.25,21.823708981378502,-46.86573176944754,25.139149382433082,32.448970353610214,32.45535576273172,1.6978828192190605,26.475388169773375,0.1002103251995834
197.3,22.638459845822375,-46.4833954922151,26.131520727579932,32.449426454261754,32.455740486650924,1.703055235417139,26.47500235156807,0.10184761521401242
197.35000000000002,23.446466716200433,-46.08700566209599,27.12390952011125,32.449877456575265,32.456105474642584,1.7083058354454579,26.474636323885,0.10344832396157244
197.4,24.2474870816573,-45.67668094419157,28.116315565172115,32.45032231500865,32.456452884654894,1.7136327466231194,26.474287896091823,0.10501200056637572
197.45000000000002,25.041280515936673,-45.25254419301931,29.108738627905275,32.45076021284053,32.45691323432972,1.7190340766240055,26.473823904138214,0.10653822355322973
197.5,25.82760875018764,-44.814722416471184,30.101178442203064,32.45119971437547,32.457232795957765,1.7245079147026203,26.473503256410588,0.10802660001772324
197.55,26.606235745107117,-44.36334673836849,31.093635069578067,32.451630648774206,32.45752556212142,1.7300523327874302,26.473209647275354,0.1094767615722958
197.60000000000002,27.376927759542557,-43.89855235491981,32.0861081824548,32.45205171401329,32.457876891682986,1.73566538094245,26.472855995134353,0.11088836169619753
197.65,28.1394534240076,-43.42047849971316,33.07859740343843,32.45246779813255,32.458252011750375,1.7413450940922672,26.472477793670464,0.1122609631003968
197.70000000000002,28.89358381103413,-42.929268402745265,34.07110254212109,32.45288095624811,32.45858681778063,1.7470894934217185,26.472140459618892,0.11359426299634379
197.75,29.639092502765056,-42.42506924511641,35.06362348671113,32.45328851778614,32.45882037292788,1.7528965840597763,26.471906173016997,0.1148879865890251
197.8,30.375755658561076,-41.90803211405845,36.05616002324617,32.45368365029627,32.45913170228873,1.7587643544700526,26.471592292156497,0.11614181276115687
197.85000000000002,31.103352083421456,-41.37831195913663,37.04871167636773,32.45407279686716,32.45943549286401,1.7646907786853063,26.471285870106605,0.11735540820552615
197.9,31.821663297234483,-40.8360675491973,38.04127821720129,32.45445584658122,32.45972355123551,1.770673821046266,26.47099527611189,0.11852848430507379
197.95000000000002,32.53047359858181,-40.2814614216582,39.03385941262293,32.45483211119939,32.45999654124826,1.7767114329653637,26.470719842565593,0.11966084721919401
198.0,33.22957012992109,-39.71465983391398,40.02645500317204,32.455200999060025,32.46025393033972,1.7828015536321118,26.470460122218164,0.1207522383819537
198.05,33.91874294214367,-39.13583271387448,41.01906470674544,32.45556192272286,32.460497001607315,1.7889421110683514,26.47021481527629,0.12180241333496156
198.10000000000002,34.59778505824892,-38.545153609321666,42.01168821875829,32.45591442835746,32.46072678517435,1.7951310231279862,26.469982879821327,0.12281114872479293
198.15,35.2664925361474,-37.94279963614422,43.00432521725529,32.4562581681301,32.460943757918365,1.8013661984964102,26.469763838083974,0.12377824119269576
198.20000000000002,35.92466453051937,-37.32895142540771,43.996975366965664,32.45659285311498,32.461148364557715,1.8076455376115774,26.469557244815935,0.1247035073684799
198.25,36.572103353714056,-36.703793069292814,44.98963832155682,32.45691824678945,32.46138333724185,1.8139669335229556,26.46931951649602,0.12558678230334408
198.3,37.20861453568555,-36.0675120659419,45.982313725639024,32.45723718182177,32.46162445546177,1.8203282727164378,26.46907536978119,0.12642791822756294
198.35000000000002,37.834006882946504,-35.42029926323522,46.975001332193344,32.457550558510334,32.461809994807474,1.826727435908829,26.46888777688283,0.12722678386964503
198.4,38.44809253519326,-34.76234880027872,47.96770092864139,32.45785480396013,32.461967344363,1.8331622969988501,26.468728804331036,0.127983263847824
198.45000000000002,39.050687021687175,-34.09385804877416,48.96041216569881,32.458148556846055,32.46211424218502,1.8396307231805977,26.46858036431848,0.1286972218004223
198.5,39.641609318612154,-33.415027555206805,49.95313464198858,32.45843182008455,32.462250960596805,1.8461305777461874,26.468442185462244,0.12936852363495177
198.55,40.220681904499486,-32.72606098107294,50.94586795623733,32.45870461583543,32.462377759498615,1.8526597215594833,26.46831400866844,0.12999709131179316
198.60000000000002,40.78773081400313,-32.027165041586436,51.93861170801214,32.45896698323994,32.46253516861541,1.8592160137096272,26.468154497253597,0.1305828762659189
198.65,41.34258569058953,-31.31854944344574,52.93136549837027,32.45922185362391,32.46268007030261,1.86579731215258,26.468007639109054,0.13112584300287722
198.70000000000002,41.885079838125925,-30.600426821682046,53.924129040520135,32.45946886910095,32.46281253697114,1.8724014743418351,26.467873365000468,0.13162596885905486
198.75,42.41505026995409,-29.87301267459122,54.916902033971745,32.459707702520255,32.46293281961949,1.8790263561202565,26.467751423146744,0.13208324378510383
198.8,42.93233775836885,-29.136525299051392,55.909684165712605,32.45993806802734,32.463041138021794,1.8856698125881906,26.467641593232642,0.13249763556842709
198.85000000000002,43.436786882957044,-28.391185724963037,56.90247511178786,32.46015971588408,32.46313769211703,1.8923296989523664,26.467543674785354,0.13286912935868145
198.9,43.92824607777474,-27.63721764882908,57.895274538681896,32.46037242847215,32.46322266269859,1.8990038713488318,26.467457486466447,0.1331977272835161
198.95000000000002,44.40656767734903,-26.874847366498578,58.88808210454753,32.46057601663118,32.463285858265806,1.9056901876429677,26.4673934263407,0.13348344792930789
199.0,44.87160796149033,-26.104303705097237,59.88089746029486,32.46076957674794,32.4633314248113,1.91238650820857,26.467347267664284,0.13372632588271927
199.05,45.323227198901776,-25.325817954167974,60.87372022225419,32.46095256589532,32.463368826977266,1.9190906966881158,26.46730935835641,0.1339264113120464
199.10000000000002,45.761289689961146,-24.539623796261125,61.86654998597667,32.4611251559726,32.46339814498993,1.9258006211803078,26.467279618125644,0.13408376959091584
199.15,46.185663808113155,-23.74595723665142,62.8593863535859,32.46128751233098,32.463419448409084,1.9325141552085014,26.46725797714385,0.13419848984383975
199.20000000000002,46.596222039657654,-22.945056532124912,63.85222893352786,32.46143979347942,32.46343279560508,1.9392291782568307,26.46724437658277,0.1342706805638727
199.25,46.99284102228914,-22.137162119087932,64.84507734030952,32.46158215077411,32.46343823242463,1.9459435763075064,26.46723876997871,0.13430046096658543
199.3,47.37540158237653,-21.32251654102001,65.83793119422535,32.46171472803486,32.46343579242319,1.952655242379258,26.467241122999884,0.1342879610135128
199.35000000000002,47.74378877097235,-20.501364375292813,66.83079012106936,32.46183766120546,32.46342549705318,1.959362077067027,26.46725141325949,0.1342333214350333
199.4,48.097891898540965,-19.673952159377357,67.82365375183399,32.461951078051726,32.46340735580996,1.9660619890828528,26.46726963017244,0.13413669375538007
199.45000000000002,48.437604568396,-18.840528316461903,68.81652172239761,32.46205509789159,32.46338136633613,1.9727528957981946,26.467295774855216,0.1339982403165152
199.5,48.76282470883715,-18.001343080502977,69.80939367320134,32.46214983135192,32.46334751448622,1.9794327237875038,26.467329860066787,0.13381813430683565
199.55,49.07345460397732,-17.156648420732235,70.80226924891694,32.46223538014723,32.46330577435095,1.9860994093732387,26.467371910191385,0.13359655978618434
199.60000000000002,49.36940092325106,-16.306697965641867,71.79514809810598,32.46231183687607,32.46325610824235,1.9927508991721936,26.46742196126164,0.1333337117146982
199.65,49.65057474959593,-15.451746926471447,72.78802987287119,32.462379284830796,32.463177464097704,1.9993851506432065,26.46750148385784,0.13302979597909825
199.70000000000002,49.916891606298634,-14.592052020219239,73.78091422850076,32.46243629763558,32.46308782103965,2.006000132636153,26.46759213614675,0.13268502942025862
199.75,50.168271482498085,-13.727871392201028,74.77380076570158,32.46248283502158,32.46298710538199,2.0125938259422114,26.467693989948863,0.13229963985892823
199.8,50.40463885820832,-12.859464538416551,75.76668908363814,32.46251885433304,32.46287520062223,2.019164224746987,26.467807160446046,0.13187386612116825
199.85000000000002,50.62592272719076,-11.987092227228167,76.75957877984155,32.46254430763941,32.46275197800801,2.025709337245601,26.46793177501568,0.1314079760955167
199.9,50.83205661845687,-11.111016420650055,77.7524694500078,32.46255914123717,32.46261729189782,2.0322271862540973,26.468067977975704,0.13090224997228006
199.95000000000002,51.022978616396365,-10.231500195272268,78.7453606877773,32.46256329485579,32.46247097935513,2.0387158098189175,26.468215931012367,0.13035698016992114
200.0,51.19863137952492,-9.348807662843617,79.73825208448382,32.462556700891454,32.46232867602701,2.0451732618243597,26.468359680052743,0.12977247129640546
200.05,51.35896215784603,-8.463203890537432,80.73114322887422,32.462540413401136,32.462202149362284,2.051597612598485,26.46848721608339,0.12914904010884243
200.10000000000002,51.50392280882219,-7.574954820924315,81.72403375002864,32.46251625168408,32.46206652281901,2.0579869495177405,26.468623909038605,0.12848701548250574
200.15,51.63346981127873,-6.684327191578287,82.71692334664252,32.462484128193715,32.461921617934834,2.0643393769315495,26.468769935239138,0.12778673838511168
200.20000000000002,51.74756427743883,-5.791588454437549,83.70981171406189,32.46244394888951,32.46176723827229,2.0706530156213603,26.468925489120668,0.1270485482761785
200.25,51.84617196467923,-4.8970066951683915,84.70269854403496,32.46239561241685,32.46157435834127,2.076926003400146,26.469120173441713,0.1262727737962166
200.3,51.929263285882556,-4.000850552333514,85.69558352443254,32.46233695141145,32.46134036113374,2.0831564957099857,26.469356652474275,0.12545975557571865
200.35000000000002,51.99681331838361,-3.1033891363890143,86.68846626019324,32.46226576639161,32.46112101824691,2.08934266621813,26.469578026911247,0.12460984619679039
200.4,52.048801812741864,-2.2048919486057907,87.6813462720952,32.462183998666994,32.46092428737124,2.0954827086486176,26.469776171426407,0.12372341016288146
200.45000000000002,52.08521320012258,-1.3056287997616876,88.67422315520187,32.46209401928872,32.460716691113376,2.1015748386264335,26.469985230100242,0.12280084860975649
200.5,52.10603659577137,-0.4058697285689298,89.66709659530562,32.46199563870477,32.46049792484782,2.1076172930257258,26.47020550677338,0.1218425995563166
200.55,52.11126580080174,0.4941150798666073,90.6599662709476,32.46188865914356,32.46026765685462,2.1136083290531786,26.470437332829192,0.12084908798584593
200.60000000000002,52.100899304097126,1.3940553755229765,91.65283185310356,32.46177287326578,32.46002525193742,2.1195462248635906,26.470681349175507,0.11982072054905757
200.65,52.074940282796746,2.29368092496737,92.64569300481783,32.4616480431709,32.45976921757071,2.1254292801738615,26.47093907132672,0.11875791620823861
200.70000000000002,52.03339660136533,3.1927215928646158,93.63854938003442,32.46151384134231,32.45950040955788,2.1312558168755515,26.471209619025814,0.11766110620541781
200.75,51.97628080925928,4.090907423465444,94.63140062016817,32.46137002478628,32.45921838052372,2.1370241796589227,26.471493441477314,0.11653073403380176
200.8,51.90361013722461,4.987968722054358,95.62424635733925,32.46121633591038,32.45892265297349,2.1427327366834277,26.471791018626195,0.11536725566742234
200.85000000000002,51.81540649212274,5.883636136327505,96.61708621381497,32.46105250141489,32.45867886613925,2.1483798801900846,26.472035373957304,0.11417114049010024
200.9,51.711696450344625,6.777640737677174,97.60991980140919,32.460882956038056,32.45842171905147,2.153964027115009,26.4722931223948,0.1129428701331392
200.95000000000002,51.59251124981524,7.669714102359009,98.60274690162755,32.460707153396164,32.4580809009864,2.1594836197046376,26.47263599397263,0.11168293849848965
201.0,51.457886777782974,8.559588392093257,99.59556727507189,32.46051956393832,32.45772404311528,2.1649371232937398,26.472994980167645,0.1103918517925706
201.05,51.307863560184884,9.446996434755434,100.58838047076964,32.46031988387953,32.457428403112,2.1703230270699976,26.473291245577517,0.10907007178204253
201.10000000000002,51.14248675254963,10.331671805440282,101.58118602613031,32.460113349538986,32.457152912804794,2.1756398478259555,26.47356668320267,0.10771807552515611
201.15,50.96180612636964,11.213348906948088,102.5739836789249,32.45990188977226,32.45683558381391,2.180886130561639,26.473884534821387,0.10633641511915926
201.20000000000002,50.765876050816075,12.091763049305538,103.5667732407307,32.45968286791809,32.45641457976175,2.1860604457490354,26.474307891641658,0.10492565471366788
201.25,50.55475547504821,12.966650529206493,104.55955442224308,32.45944941876406,32.456094704372845,2.1911613885769725,26.474627769311713,0.10348630374792833
201.3,50.32850791181773,13.837748709742,105.5523266714844,32.45920979630755,32.45575980885597,2.1961875809322535,26.474962675787896,0.10201885655874321
201.35000000000002,50.08720142210932,14.704796100617841,106.54508975229872,32.45896336863244,32.45540914185956,2.201137675913685,26.475313371061,0.10052384710562023
201.4,49.830908589596675,15.567532435776299,107.53784340435595,32.45870949529152,32.45504038901435,2.2060103532503916,26.475682210382825,0.09900189962863237
201.45000000000002,49.5597064989364,16.425698751837174,108.53058734282575,32.458447416271724,32.45465324292196,2.2108043200526097,26.47606950134294,0.09745354673412976
201.5,49.27367671269723,17.2790374661728,109.52332125380356,32.458176403889595,32.45424752376417,2.2155183115594923,26.476475421626,0.09587933604436216
201.55,48.97290524699295,18.1272924546156,110.51604479554841,32.45789576959493,32.453892742928645,2.2201510919502567,26.476829027367273,0.09427983013765129
201.60000000000002,48.657482545736976,18.97020912874916,111.50875759998104,32.45760983911876,32.45354093078968,2.2247014551273097,26.4771792641925,0.09265560781528848
201.65,48.327503453521686,19.807534512755147,112.50145946453377,32.457319202809536,32.453072792866664,2.229168225467049,26.477647873510932,0.09100726354105859
201.70000000000002,47.98306718436766,20.63901731864548,113.4941502092296,32.45701588781362,32.45265023520363,2.2335502555482876,26.47806961670866,0.08933540679478824
201.75,47.62427729129515,21.46440802166376,114.48682934905368,32.45670405548433,32.45231419199716,2.2378464261174784,26.478402706922143,0.08764060162476994
201.8,47.25124163928332,22.28345893725333,115.47949655821309,32.45639049380668,32.45187953288135,2.2420556511915706,26.478836083725255,0.08592341138381698
201.85000000000002,46.8640723701734,23.095924294703657,116.47215177062652,32.45606828231201,32.45140215150138,2.246176875858893,26.479312699634313,0.0841845014818432
201.9,46.46288586495323,23.901560309309026,117.46479465544239,32.45573498725411,32.4510048684664,2.250209072492787,26.47970719127215,0.0824244933464513
201.95000000000002,46.047802712228965,24.700125257403094,118.45742478870372,32.45539712162642,32.45058629660262,2.254151245195473,26.48012303523798,0.08064393267787295
202.0,45.6189476728959,25.491379549801334,119.45004199564113,32.45505349126758,32.45014317228369,2.2580024315362053,26.48056355949443,0.07884345405372528
202.05,45.17644963880481,26.27508580205757,120.44264605580257,32.4547027541973,32.44967438918282,2.2617616989032854,26.48102989072623,0.07702372681464453
202.10000000000002,44.720441594337515,27.05100890609631,121.43523669739943,32.4543435852677,32.449179011462356,2.2654281454792553,26.48152298223515,0.07518534734160198
202.15,44.25106057679531,27.818916101251457,122.42781359795232,32.453974687138746,32.448867468986194,2.2690009012959393,26.48182802400846,0.07332893151939857
202.20000000000002,43.76844763552144,28.578577044643296,123.42037638535669,32.453609885842134,32.44831435380508,2.272479129270259,26.482379269239317,0.07145511633368073
202.25,43.27274778976233,29.32976388086608,124.41292521646106,32.45323163355378,32.44778642198543,2.275862026213751,26.48290441288519,0.06956455948639473
202.3,42.764109977794895,30.072251305835,125.40545957678664,32.45284268987032,32.447429084623685,2.2791488147447936,26.483255002576456,0.06765793886984284
202.35000000000002,42.24268702064607,30.805816640183743,126.39797905743995,32.45245600378127,32.44691456464968,2.2823387540465916,26.483765654475068,0.06573577062084723
202.4,41.70863557430123,31.530239895371608,127.39048374491631,32.45206018670044,32.44639496889541,2.2854311384112975,26.484281086880618,0.06379878603596012
202.45000000000002,41.16211607596969,32.24530383513046,128.38297329002933,32.4516555282858,32.44595307086266,2.2884252896516415,26.48471679015289,0.061847687294118714
202.5,40.60329270108311,32.9507940446163,129.3754473546827,32.45124820989843,32.445480490613996,2.291320564129478,26.485183412236175,0.05988302480687935
202.55,40.032333313384875,33.64649899472033,130.36790583725804,32.450836229949545,32.44497138261683,2.2941163527567454,26.48568692291998,0.05790548955673103
202.60000000000002,39.44940941121869,34.33221010319339,131.36034855956925,32.45041731228292,32.44442469137146,2.296812077446596,26.48622840259446,0.05591577254534741
202.65,38.85469607662159,35.007721797875575,132.35277525636224,32.449989267932104,32.44402694527436,2.2994071924728985,26.486617395681833,0.0539144937970093
202.70000000000002,38.24837192339676,35.67283157920208,133.34518557865348,32.44956338774226,32.44350229962334,2.3019011859856064,26.487135555563974,0.05190230052605216
202.75,37.63061904400861,36.3273400818265,134.33757960938564,32.449130452876624,32.44284564119966,2.3042935814640515,26.487788114655654,0.049879870254159187
202.8,37.00162294956008,36.97105112971095,135.32995707884797,32.44868153775684,32.44251190744049,2.3065839310608425,26.488110523093926,0.04784790956890106
202.85000000000002,36.361572517816896,37.6037717985889,136.32231737590803,32.4482408498771,32.4419689740887,2.3087718212615584,26.488646153723494,0.0458069919358195
202.9,35.71065993976608,38.22531247765604,137.3146608154498,32.44779285874936,32.44138638688169,2.3108568783580594,26.489221882924742,0.04375780401431939
202.95000000000002,35.049080651344035,38.835486915936585,138.3069871182731,32.447335253615954,32.440931789282025,2.312838754002833,26.489666512855038,0.0417011419300195
203.0,34.37703328099262,39.43411228459694,139.29929591679542,32.44687786330639,32.44043045887052,2.3147171346330992,26.49015847477122,0.03963751289546735
203.05,33.69471959048752,40.02100923274824,140.29158721941178,32.446417334418115,32.4398726062644,2.3164917429418566,26.49070777339697,0.03756761260532926
203.10000000000002,33.00234441007447,40.59600193665673,141.283860906246,32.44594985383571,32.439251193066006,2.3181623320449845,26.49132160629019,0.03549216617514617
203.15,32.3001155780317,41.15891815373334,142.27611671157152,32.44547137806644,32.43901010370303,2.3197286875603567,26.491546621266902,0.033411782062557904
203.20000000000002,31.588243879370342,41.709589275769886,143.26835421500581,32.44500985846906,32.43827275310492,2.3211906299540956,26.492278116980927,0.03132711030744417
203.25,30.866942983580827,42.247850381306264,144.26057406531328,32.44452863665733,32.43765761290764,2.3225480170152792,26.49288442864705,0.029238847874779594
203.3,30.136429370117725,42.773540271398396,145.25277550907683,32.44403784924664,32.437421481253786,2.3238007270977477,26.493103248799205,0.02714774122367203
203.35000000000002,29.396922276349628,43.28650153530305,146.24495818061837,32.44356525153287,32.43652719107077,2.324948681174398,26.493993983702595,0.025054201649368224
203.4,28.648643627511202,43.786580592745516,147.23712277587242,32.44306253292843,32.436129054740526,2.325991836764416,26.49437756747769,0.022959081533002745
203.45000000000002,27.891817960551187,44.2736277258143,148.22926814295963,32.44256728448644,32.43568092523044,2.3269301712657153,26.494811872684817,0.020863111800366596
203.5,27.126672372478257,44.74749714775724,149.2213945678112,32.44207540168244,32.435136707416426,2.327763710981543,26.495343997662218,0.01876669002598419
203.55,26.35343643941043,45.20804702758865,150.213502179362,32.44157978066344,32.434461070277834,2.328492508524576,26.496010051802532,0.016670794316553383
203.60000000000002,25.5723421489944,45.655139534212815,151.20559083484216,32.44107130135018,32.4338821916943,2.3291166452642997,26.49657694513823,0.014575950860660214
203.65,24.78362383279934,46.08864088103705,152.19766004267572,32.44055779351762,32.43375232757808,2.329636235568266,26.4966848006293,0.012482734794474482
203.70000000000002,23.987518098260107,46.50842137061911,153.1897096107613,32.44007168880765,32.43241909247589,2.3300514322450923,26.498021788515395,0.010391806079326216
203.75,23.18426375493098,46.91435542920855,154.18174058737154,32.43952507478395,32.43242016392057,2.3303624217940637,26.497995251929666,0.008303933536524255
203.8,22.374101734006846,47.30632162654209,155.1737506585175,32.43901758115086,32.432347876994726,2.3305694048663312,26.498043375185908,0.006219790979429263
203.85000000000002,21.55727503909235,47.68420275927441,156.16574132060052,32.43854117371113,32.43040745250126,2.3306726490178775,26.5,0.004139661445350384
203.9,20.734028646691282,48.047885832015815,157.157713762709,32.43796019362471,32.43038171265222,2.330672428779671,26.500000000000007,0.0020648830309255573
203.95000000000002,19.904609435932937,48.39726209455379,158.14966398577278,32.43741887355525,32.4303557245781,2.330569030404817,26.5,4.404764126775262e-06
204.0,19.06926614591262,48.73222714917597,159.14159350681007,32.43691436291403,32.430329493533485,2.3303628332780875,26.500000000000004,0.0020679674970836004
204.05,18.228249266074307,49.05268090219975,160.13350373376974,32.43644401510113,32.43030302526267,2.330054223162911,26.5,0.004123942534590697
204.10000000000002,17.38181096306663,49.358527594517135,161.12539597334052,32.43600537296981,32.432130723250395,2.329643593803432,26.498105246880158,0.006172202303531549
204.15,16.530205006950766,49.64967583082982,162.1172714382036,32.43572861227556,32.432233192410145,2.3291313484019796,26.497973044583325,0.008212587189575515
204.20000000000002,15.673686696792892,49.92603860756413,163.10913631917026,32.43547893942803,32.432046427287865,2.3285179009802164,26.49813611127453,0.010244908029051203
204.25,14.812512762555274,50.187533263321576,164.10099165219106,32.43523375998945,32.43332611881807,2.3278035980669927,26.496800691738123,0.012268948435263383
204.3,13.946941316672753,50.434081579221,165.09283760915352,32.43509749990577,32.43358502173841,2.326988799569122,26.49650797431351,0.014286058264474377
204.35000000000002,13.077231781208297,50.66560981491203,166.08467835533204,32.43498946575096,32.43391044890501,2.3260738922418582,26.49614706719913,0.01629596995741167
204.4,12.203644795147312,50.88204866952202,167.07651497013848,32.43491239311911,32.434535592292335,2.3250592268535684,26.49547975800557,0.01829814654527695
204.45000000000002,11.326442151480812,51.08333334838384,168.0683486375893,32.43488547877434,32.43503053994105,2.3239451665577846,26.49494525283465,0.020293307765797408
204.5,10.445886719533332,51.26940358046782,169.06018127580248,32.43489584028625,32.43542891750321,2.322732085148317,26.494509194445794,0.022281205915675173
204.55,9.56224236524364,51.44020362476509,170.05201431025256,32.43493391723032,32.435756679959816,2.321420355423797,26.49414506857386,0.024261628189350404
204.60000000000002,8.67577387546869,51.59568229415778,171.04384880081227,32.43499268599671,32.43648427295465,2.3200103568217187,26.49337233313227,0.026234594490404106
204.65,7.786746881056822,51.73579297614528,172.0356855387651,32.43509922792228,32.4368303318522,2.3185024810555035,26.492989142664815,0.02819997204156266
204.70000000000002,6.8954277789758285,51.860493650824814,173.02752635102541,32.43522287820299,32.437038675630355,2.316897136224661,26.492746433825786,0.030157515324304995
204.75,6.002083651368917,51.969746887253976,174.01937189185202,32.43535257801923,32.43775514891948,2.3151947304344276,26.491984546227265,0.03210689661685251
204.8,5.106982189421421,52.06351987280662,175.01122239260172,32.43552419022639,32.438182100459834,2.3133956901021477,26.491518221960675,0.03404811580466571
204.85000000000002,4.210391614441671,52.14178442964739,176.00307945609177,32.43571404095735,32.438492447935204,2.3115004664823147,26.491170836412508,0.035980806645596886
204.9,3.3125805962456063,52.20451700177499,176.9949437798231,32.435912498598626,32.4390073705042,2.3095095139998136,26.490614367589373,0.037904472396661504
204.95000000000002,2.4138181751406345,52.25169867628459,177.98681569297256,32.43613356087759,32.43946823982742,2.307423304344482,26.490112975604617,0.03981904965002059
205.0,1.5143736822738294,52.283315194935064,178.97869606002612,32.436371752231146,32.439880317401396,2.3052423321266247,26.48966129196613,0.041724193106631446
205.05,0.6145166591369043,52.29935695017418,179.97058553608335,32.43662236402903,32.44025223583694,2.302967106332396,26.489250507625957,0.04361944435714804
205.10000000000002,-0.28548322226188705,52.299818991472634,-179.03751540381637,32.43688164058673,32.44069507943863,2.300598153472343,26.488767191021516,0.04550451588457349
205.15,-1.1853562395459882,52.28470102983729,-178.04560642825422,32.43715402907616,32.441230997240176,2.2981360202646144,26.488188742059364,0.04737905720105573
205.20000000000002,-2.0848327003642186,52.25400744037775,-177.05368703573177,32.43744524108787,32.44149643369915,2.295581275740318,26.487886425714834,0.04924266415457623
205.25,-2.9836430227230517,52.207747258566485,-176.0617565063109,32.43773461198868,32.44194291994026,2.2929345084151933,26.487399160408444,0.051094890485927635
205.3,-3.881517815008862,52.14593417437136,-175.06981491033048,32.43803520541379,32.442489430292646,2.2901963226961115,26.48680971072977,0.052935346502493985
205.35000000000002,-4.7781879570256285,52.06858654082235,-174.0778618185265,32.43835336433371,32.44274469495174,2.2873673511276635,26.48651761464524,0.054763714381635964
205.4,-5.673384679939211,51.9757273609596,-173.08589655904484,32.43866703080643,32.443178006591175,2.284448246370296,26.486043687599135,0.056579431368959376
205.45000000000002,-6.5668396459330385,51.867384277465696,-172.09391930361068,32.43898924336248,32.44361837867941,2.2814396772094767,26.485562541722377,0.058382095147351265
205.5,-7.4582850297625285,51.743589577865535,-171.10192972529822,32.43931989588511,32.444027866518866,2.278342341621496,26.48511293304817,0.060171383216385266
205.55,-8.347453598040268,51.60438017736788,-170.109927501233,32.43965617950181,32.44440728861213,2.2751569587481413,26.48469403739952,0.0619467117596173
205.60000000000002,-9.234078789036543,51.44979760819911,-169.1179124159596,32.43999554443826,32.444761547565626,2.2718842687614043,26.484300861823407,0.0637076574670914
205.65,-10.117894792599566,51.27988800915925,-168.12588435153532,32.44033597323308,32.44515810328405,2.2685250343457497,26.48386454701908,0.06545379973474041
205.70000000000002,-10.998636629971108,51.094702113628834,-167.13384326717426,32.440680411093865,32.44563625051813,2.2650800420185817,26.48334499504344,0.0671846883130911
205.75,-11.876040233420262,50.89429523586652,-166.14178900944674,32.441034399624165,32.445919478671854,2.2615501031242147,26.483024515022745,0.0688998465433599
205.8,-12.749842525000446,50.67872725301838,-165.14972121297316,32.44138333384186,32.44626496031661,2.2579360518394154,26.482640567439397,0.0705987778873407
205.85000000000002,-13.619781494468995,50.44806258428908,-164.1576400709581,32.4417320214472,32.446731731219636,2.2542387416124186,26.48213290679044,0.07228102569598605
205.9,-14.48559627992149,50.202370180475185,-163.16554559273044,32.4420891435738,32.44709352704315,2.2504590536996076,26.48173253524627,0.07394620453993639
205.95000000000002,-15.34702724544534,49.94172350077899,-162.17343745558907,32.4424465995359,32.447377786911865,2.2465978940323197,26.481411450419223,0.07559375825621828
206.0,-16.203816057459544,49.66620048611908,-161.18131564665737,32.442798827205614,32.44777252119828,2.2426561877490983,26.480977744996256,0.077223193345759
206.05,-17.05570576349434,49.375883540778396,-160.18918036579825,32.44315409106223,32.44814601196854,2.2386348838042025,26.480565897284535,0.07883412566442871
206.10000000000002,-17.902440870449603,49.0708595111521,-159.19703149677773,32.443510656841255,32.44849904249421,2.2345349580444775,26.480175122337343,0.08042607889791498
206.15,-18.743767419744703,48.7512196552968,-158.20486898969196,32.44386697010218,32.44883193612163,2.2303574079718516,26.479805105233144,0.08199851519449908
206.20000000000002,-19.57943306384201,48.41705961687894,-157.2126928540916,32.44422161053214,32.44914763249008,2.226103253506082,26.47945286106408,0.08355100145251981
206.25,-20.409187142338094,48.068479397676654,-156.2205031538533,32.444573469243416,32.44945628042672,2.221773537633169,26.47910804721775,0.08508308931538977
206.3,-21.232780757598967,47.70558332866856,-155.22829999526937,32.4449222414708,32.449902989996914,2.2173693269663346,26.478622571794787,0.08659431745826396
206.35000000000002,-22.049966849862855,47.32848003962102,-154.23608349629203,32.44527800922266,32.4501763112352,2.2128917121131693,26.4783143404658,0.08808421333668548
206.4,-22.860500271640166,46.9372824269213,-153.24385338923892,32.445627887937846,32.45042860176372,2.2083418075525074,26.478027858238093,0.0895522970633067
206.45000000000002,-23.664137858749832,46.53210761454452,-152.2516098992603,32.44597079606826,32.45077020300061,2.203720745263638,26.477650526333917,0.09099809121323688
206.5,-24.460638506723168,46.11307692619574,-151.25935329288146,32.446313610849145,32.451139825070605,2.199029682148634,26.47724492013916,0.09242124577738764
206.55,-25.249763243783775,45.68031584966617,-150.26708357357327,32.44665834043639,32.45144326827551,2.194269800356402,26.476907195244305,0.09382126230008225
206.60000000000002,-26.031275300867765,45.233953995749026,-149.27480066799237,32.44700012099633,32.45166310367535,2.1894423028174117,26.476655151282557,0.09519763584464158
206.65,-26.804940182169485,44.77412505859914,-148.28250468884255,32.44733319118769,32.45198338817437,2.184548411697115,26.4763009640112,0.09654995077980288
206.70000000000002,-27.570525737093128,44.30096677843038,-147.2901959692118,32.447665348115315,32.4522889230397,2.1795893709725007,26.475962219811887,0.09787782240593401
206.75,-28.327802232015095,43.81462090331813,-146.2978745439402,32.44799560346706,32.45258042912722,2.174566449541693,26.47563819863505,0.09918081449228566
206.8,-29.076542417056306,43.31523314285092,-145.30554048567376,32.44832309101421,32.45285788128243,2.169480936179589,26.475328941913723,0.10045842861615029
206.85000000000002,-29.816521594776425,42.80295312514512,-144.31319390019573,32.448647004604794,32.453121475321744,2.1643341397658347,26.47503426568395,0.10171026724208332
206.9,-30.547517688107103,42.27793435259,-143.32083492412926,32.448966609656004,32.45337304007701,2.1591273894332517,26.474752319648207,0.10293592827508746
206.95000000000002,-31.26931130751834,41.74033415636866,-142.32846372220052,32.44928135468607,32.45361311708231,2.153862034674006,26.474482567268645,0.10413500665165998
207.0,-31.98168581738919,41.19031364976344,-141.3360804802353,32.4495907662858,32.45386898050556,2.1485394453965654,26.47419719333704,0.10530709518491221
207.05,-32.68442740151605,40.628037680208564,-140.34368540217295,32.44989635301579,32.45418607133341,2.1431610118663613,26.473849846711943,0.1064517855488134
207.10000000000002,-33.37732512776884,40.05367478015868,-139.35127863424862,32.45020276146705,32.4544105516294,2.1377281445932255,26.47359752121296,0.10756867060408126
207.15,-34.06017101112567,39.46739711592216,-138.3588601449487,32.45050331790722,32.454606695070666,2.132242273021653,26.47337464373905,0.1086573454627171
207.20000000000002,-34.732760074510814,38.869380434035534,-137.36643015805905,32.450796416276035,32.45479371155671,2.1267048423293033,26.47316162796448,0.10971743143144863
207.25,-35.394890413158834,38.259804011720945,-136.3739889588095,32.45108193736751,32.45503382856625,2.121117317022488,26.472894995368137,0.11074861384699375
207.3,-36.04636325621621,37.638850603840176,-135.38153683699554,32.45136421531028,32.45528523870013,2.1154811814809378,26.472617421794823,0.11175050613630333
207.35000000000002,-36.68698302683391,37.00670638810002,-134.38907391661527,32.451644288409554,32.45552481904008,2.109797939602892,26.47235251505109,0.11272271083100804
207.4,-37.31655739939009,36.3635609073412,-133.39660028194837,32.45192146916887,32.455725850998455,2.1040691117679273,26.472127549775454,0.11366483756091839
207.45000000000002,-37.93489735701536,35.7096070123272,-132.4041160435766,32.45219321072813,32.45586914539059,2.0982962337746542,26.471962117055856,0.11457655669929068
207.5,-38.54181724885465,35.0450408042713,-131.41162140951624,32.45245577748974,32.4560414499723,2.092480856810326,26.471767720813894,0.11545755986546169
207.55,-39.13713484718287,34.37006157709411,-130.41911673069694,32.45271189695278,32.45623716072571,2.0866245485327752,26.471550094286997,0.11630753928656645
207.60000000000002,-39.72067140412513,33.68487175907872,-129.42660225371023,32.45296370150799,32.45642291028397,2.080728894861508,26.471343295638544,0.11712616555101363
207.65,-40.29225170445547,32.98967685095993,-128.43407814357394,32.45321078784913,32.456598981044245,2.0747954978793572,26.471147049030964,0.11791307342534196
207.70000000000002,-40.85170411751855,32.284685363409984,-127.4415445807379,32.45345280164879,32.45676564507706,2.0688259740860815,26.470961088908183,0.11866793964301792
207.75,-41.39886064921262,31.570108754623696,-126.44900175921035,32.45368943332223,32.45692316281687,2.062821954170836,26.470785161305187,0.1193904758655151
207.8,-41.933556992868176,30.84616136697637,-125.45644988484656,32.45392041400042,32.45707165423676,2.0567850827504444,26.47061915525452,0.12008039830490702
207.85000000000002,-42.455632579006384,30.113060362776782,-124.46388917379122,32.45414550258873,32.457210601546436,2.050717018076,26.470463610117214,0.12073742840783552
207.9,-42.96493062396174,29.37102565913776,-123.47131985141601,32.454364438228566,32.45734114616,2.0446194317104656,26.470317372130854,0.12136129348888858
207.95000000000002,-43.4612981773585,28.620279861990078,-122.47874215307596,32.45457706022368,32.457463477962925,2.0384940081849408,26.470180257964792,0.12195172731068737
208.0,-43.94458616844902,27.86104819927593,-121.48615632027729,32.45478323291933,32.457577772113154,2.0323424446624117,26.470052098915904,0.12250847051049618
208.05,-44.41464945123851,27.09355845330328,-120.49356259971967,32.45498284286175,32.45768418952239,2.02616645053682,26.46993274039861,0.12303127045058204
208.10000000000002,-44.871346848417524,26.31804089230939,-119.50096124244659,32.45517579619465,32.4577828776059,2.0199677470128634,26.469822041162242,0.12351988251182888
208.15,-45.31454119408909,25.534728201256353,-118.50835250309576,32.45536201629545,32.45787397077088,2.013748066668235,26.469719872776185,0.12397407047913589
208.20000000000002,-45.74409937527782,24.743855411881327,-117.5157366392396,32.455541441615125,32.457957590849574,2.0075091530000293,26.469626119172524,0.12439360689256773
208.25,-46.159892372208695,23.945659832024337,-116.52311391080855,32.4557140237033,32.458033847480024,2.001252759956799,26.46954067624314,0.12477827336411451
208.3,-46.561795297343714,23.140380974256473,-115.5304845795897,32.45587972540164,32.45811209025385,1.9949806514577944,26.46945401304373,0.12512786086460892
208.35000000000002,-46.94968743316485,22.32826048383149,-114.53784890879493,32.45603918003394,32.45819657074976,1.9886946009005655,26.469361799112168,0.12544216998009006
208.4,-47.32345226869229,21.509542065983727,-113.5452071374085,32.45619327937079,32.45827130090385,1.9823963906582662,26.469280351074197,0.12572101114457723
208.45000000000002,-47.682977534363246,20.684471412436874,-112.55255947029872,32.45634170948029,32.4583363630234,1.9760878111705154,26.469209590161785,0.12596420484598525
208.5,-48.02815523547257,19.853296127279236,-111.55990612434681,32.45648418473337,32.45839182736715,1.9697706598758415,26.46914944945189,0.12617158975501752
208.55,-48.35888168497885,19.016265652567014,-110.56724732736423,32.4566204449215,32.45843775313458,1.9634467408656633,26.46909987284292,0.12634302589347612
208.60000000000002,-48.67505753500084,18.173631193348267,-109.57458331712006,32.456750252651005,32.458474184448555,1.9571178645186507,26.46906081913993,0.12647838020356517
208.65,-48.9765878069949,17.325645642132216,-108.5819143404682,32.456873390636545,32.45850115054008,1.9507858471170465,26.469032261854146,0.12657752694025248
208.70000000000002,-49.263381920604544,16.472563502828585,-107.58924065257796,32.456989659201085,32.4585186658746,1.9444525104468369,26.46901418906338,0.12664034803208324
208.75,-49.535353721173735,15.61464081418167,-106.59656251626042,32.457098873963474,32.45852672535332,1.9381196813834265,26.46900660829794,0.12666673340419266
208.8,-49.79242150591596,14.752135072723839,-105.60388020138308,32.45720086334847,32.45852532865644,1.9317891914643255,26.469009521698503,0.12665658126820745
208.85000000000002,-50.03450804873165,13.885305155273162,-104.61119398437994,32.45729546801332,32.45851443153414,1.9254628764505881,26.469022975699573,0.12660979838202024
208.9,-50.26154062366697,13.01441124099988,-103.61850414778334,32.45738253683624,32.45849399436985,1.9191425758783964,26.469047011481365,0.12652630027474743
208.95000000000002,-50.473451027006526,12.139714733086155,-102.62581097990942,32.45746192666007,32.4584639576916,1.9128301326014707,26.46908168994727,0.12640601144383368
209.0,-50.67017559799499,11.261478180004126,-101.63311477455318,32.45753350030518,32.45842424682949,1.9065273923266446,26.469127086968555,0.1262488655385141
209.05,-50.85165523818086,10.379965196436665,-100.64041583075975,32.45759712505692,32.45837477164391,1.9002362031430806,26.469183293658944,0.1260548054965227
209.10000000000002,-51.01783542937717,9.495440383865555,-99.64771445265342,32.45765267124171,32.4583154261996,1.8939584150463276,26.46925041670544,0.12582378367127944
209.15,-51.16866625023417,8.608169250851748,-98.65501094932114,32.45770001088156,32.45824608837893,1.8876958794583842,26.469328578762084,0.12555576193506113
209.20000000000002,-51.30410239141918,7.7184181330323245,-97.66230563474754,32.45773901641709,32.458166619432475,1.881450448744637,26.469417918908963,0.12525071175886637
209.25,-51.42410316939962,6.826454112858816,-96.66959882779872,32.45776955948962,32.45808348669583,1.8752239757287512,26.46951183632555,0.12490861427494337
209.3,-51.52863253882524,5.932544939101502,-95.67689085225268,32.45779198286149,32.45801084515909,1.8690183132063751,26.46959588672473,0.12452946031771717
209.35000000000002,-51.61765910350619,5.036958946144316,-94.68418201877381,32.45780761588274,32.457930424550675,1.8628353134585112,26.469688704590297,0.12411325044752175
209.4,-51.691156125700644,4.139964973071727,-93.69147258716507,32.45781638793046,32.457842064398136,1.8566768274811452,26.469790448391514,0.1236599949572792
209.45000000000002,-51.74910153339733,3.2418322825816945,-92.69876281993182,32.45781822196386,32.4577455903374,1.8505447036215301,26.469901290218893,0.12316971954732026
209.5,-51.791477927020765,2.3428304798785677,-91.7060529825272,32.45781303399054,32.4576408161498,1.8444407870557242,26.47002141371296,0.1226424771923007
209.55,-51.81827258472688,1.4432294314585405,-90.71334334361799,32.4578007327162,32.45752753939255,1.838366919270186,26.470151018529645,0.12207833131611778
209.60000000000002,-51.829477466287685,0.5432991838119752,-89.72063417536383,32.45778121890737,32.4574055406069,1.8323249375479378,26.470290321156654,0.12147735571076623
209.65,-51.8250892155637,-0.3566901179330976,-88.72792575372091,32.457754384743055,32.45727458244706,1.8263166744595907,26.470439555811517,0.12083963444496248
209.70000000000002,-51.805109161563635,-1.256468311401996,-87.73521835877033,32.45772011315048,32.457134408723476,1.820343957359853,26.470598975427833,0.12016526176694242
209.75,-51.76954331809112,-2.1557652983746474,-86.74251227507202,32.45767827711998,32.45698390612962,1.8144086078900372,26.47076970690729,0.11945434199475358
209.8,-51.71840238197873,-3.054311126172845,-85.74980779204462,32.4576286791921,32.45682328186636,1.8085124414871245,26.47095152944871,0.11870698939631552
209.85000000000002,-51.651701729909966,-3.9518360690093113,-84.75710520666098,32.45757115081169,32.45665246273898,1.802657266899999,26.47114450785231,0.11792332805825367
209.9,-51.569461413866065,-4.848070709277695,-83.76440482234189,32.45750553023507,32.45647110066839,1.796844885749337,26.4713489869106,0.11710349174251178
209.95000000000002,-51.47170615513886,-5.742746018756602,-82.7717069486954,32.45743164240887,32.45627882170887,1.7910770920716104,26.471565337362172,0.11624762301323699
210.0,-51.35846533692455,-6.635593439702731,-81.77901190202579,32.457349298073154,32.45607522443633,1.7853556718606214,26.47179395755202,0.11535587355453458
210.05,-51.22977299551216,-7.5263449658096455,-80.78632000587692,32.45725829281338,32.455905398031845,1.779682402618839,26.471988831003937,0.11442840421977962
210.10000000000002,-51.08566781006946,-8.414733223008335,-79.79363159161184,32.45716165747184,32.455755494433085,1.7740590529192275,26.472164073553387,0.11346538483564927
210.15,-50.926193091029496,-9.300491550085832,-78.80094687463117,32.45706121725478,32.455525443634464,1.7684873819782254,26.472421774938987,0.11246699399222848
210.20000000000002,-50.75139676516436,-10.183354078718715,-77.80826600050167,32.45695151913905,32.455271266990664,1.7629691372866674,26.472704762586382,0.11143341882004165
210.25,-50.56133135999942,-11.063055813262583,-76.81558932342153,32.45683150112845,32.455003219542554,1.757506052968047,26.47300256000996,0.11036489383116077
210.3,-50.35605399111745,-11.939332711180642,-75.8229172382182,32.4567009095866,32.454782480067344,1.7520998525142346,26.47325272863454,0.10926168637240607
210.35000000000002,-50.135626345455066,-12.811921762812473,-74.83025014941998,32.45656387890665,32.45458155939986,1.7467522488853007,26.473483301805302,0.1081240090762492
210.4,-49.90011466273028,-13.680561070753427,-73.83758830337138,32.45642228465617,32.45436969898386,1.7414649441262355,26.47372564896684,0.10695207257867878
210.45000000000002,-49.64958971295142,-14.544989928172184,-72.84493187465635,32.45627567139386,32.454065177888765,1.7362396263493594,26.47406314310009,0.10574609518130273
210.5,-49.38412677390846,-15.404948896957716,-71.85228105528218,32.456117779000635,32.45376163994535,1.73107796807777,26.474400214618438,0.10450635553752363
210.55,-49.10380560866269,-16.26017988582286,-70.85963627676162,32.45594948335383,32.45350999311758,1.7259816259938319,26.474684898646096,0.10323316543178862
210.60000000000002,-48.80871044497191,-17.110426229164784,-69.86699793709263,32.45577523405124,32.45324477405256,1.720952244180502,26.474983979518775,0.1019268416787611
210.65,-48.4989299492339,-17.955432764323128,-68.87436626403178,32.455594486908474,32.452965231787154,1.7159914530778906,26.475298206443526,0.10058763626659584
210.70000000000002,-48.17455719709394,-18.79494590756101,-67.88174150615284,32.45540668297124,32.45266936484963,1.7111008662958156,26.47562960467079,0.0992158220522299
210.75,-47.83568964557926,-19.628713730477227,-66.88912393341143,32.45521116024826,32.45235647225803,1.706282080432004,26.475978872290845,0.09781173564149981
210.8,-47.48242910390809,-20.456486035944252,-65.89651384108656,32.455007253963245,32.45202647886572,1.70153667490397,26.476346068674243,0.0963757172762314
210.85000000000002,-47.11488170302919,-21.278014433570995,-64.90391154988656,32.454794341456285,32.451687302040874,1.696866211847798,26.476723096293245,0.09490811056068083
210.9,-46.73315786384256,-22.0930524146471,-63.91131740433729,32.45457241006947,32.451468172685395,1.6922722360235696,26.476978047209734,0.0934092611234405
210.95000000000002,-46.337372264085346,-22.901355426533623,-62.91873174944389,32.45435067882775,32.45108787298419,1.6877562747005612,26.477397905115527,0.0918795164845676
211.0,-45.92764380358895,-23.702680946318967,-61.92615457750748,32.45411762126749,32.45067805650484,1.683319837180882,26.477848291036107,0.0903192264601671
211.05,-45.5040955633625,-24.49678855124482,-60.93358632180344,32.453871938070165,32.450377593372046,1.678964408780736,26.4781874519038,0.08872875039358519
211.10000000000002,-45.06685477453564,-25.283439994125377,-59.94102746530889,32.4536223420203,32.4500939400404,1.6746914572852063,26.478509817997423,0.08710856800291822
211.15,-44.61605278044469,-26.06239927555389,-58.948478157667054,32.45337031330745,32.449660169873646,1.6705024332628113,26.478985745582634,0.08545902991059506
211.20000000000002,-44.15182499228237,-26.833432712376133,-57.9559384918912,32.45310530306218,32.449285324277675,1.6663987643685871,26.479401854616263,0.08378048044789921
211.25,-43.674310847431876,-27.59630900737271,-56.96340896455782,32.452832447434716,32.448940301405756,1.6623818539999746,26.47978782712855,0.08207337788448399
211.3,-43.18365377269128,-28.350799322093184,-55.97088987574376,32.452554437004075,32.448573602416786,1.6584530871886756,26.480196208113398,0.08033820737225028
211.35000000000002,-42.680001138186974,-29.096677344129546,-54.97838142258908,32.45227009167641,32.4481813212777,1.6546138270728221,26.48063096516422,0.07857533622598112
211.4,-42.1635042114436,-29.83371935423796,-53.9858838473758,32.45197803664793,32.44776295905653,1.6508654128452633,26.48109258859614,0.07678520231706898
211.45000000000002,-41.63431811223965,-30.561704293923736,-52.99339744497546,32.451676959677116,32.44732083553082,1.647209160034997,26.481578691749462,0.07496828455117566
211.5,-41.09260176636076,-31.280413832337988,-52.00092256045432,32.45136580795238,32.44705339062346,1.6436463609129461,26.4818866805878,0.07312505620532761
211.55,-40.53851785813337,-31.989632432378524,-51.00845957914722,32.451057778143166,32.44654629883457,1.6401782848673179,26.482439492168552,0.07125598244101639
211.60000000000002,-39.972232781660836,-32.68914741589531,-50.016008381543266,32.45073552962112,32.44608975703153,1.6368061786301453,26.48294086282611,0.06936152091256531
211.65,-39.393916584343415,-33.37874902256421,-49.02356951149415,32.45040368872186,32.44577670053134,1.6335312579484338,26.48329589039136,0.0674421247434509
211.70000000000002,-38.80374292359167,-34.0582304793788,-48.031143335862225,32.450073189565394,32.44526988952158,1.6303547176143027,26.483848845305808,0.0654984136342307
211.75,-38.20188901205517,-34.727388061094956,-47.038729803226836,32.449730096705125,32.44482430318523,1.6272777283023316,26.484339395216242,0.06353080668262123
211.8,-37.5885355591599,-35.38602114697924,-46.04632939525251,32.449379682882274,32.44441988972903,1.6243014296241114,26.48478798861214,0.0615397862394218
211.85000000000002,-36.96386672273803,-36.03393228656811,-45.05394239189196,32.449025411942756,32.44398092477004,1.6214269381360253,26.485271917850696,0.05952597356440492
211.9,-36.328070050954324,-36.6709272568377,-44.061568940588,32.44866509143042,32.443501660482546,1.6186553438127333,26.485797033392984,0.05748982976172101
211.95000000000002,-35.68133642415673,-37.29681511897375,-43.0692092726479,32.448296274934144,32.44297968041322,1.6159877076159646,26.486365785617913,0.05543188646583985
212.0,-35.02385999817549,-37.91140827650069,-42.07686371295493,32.447916518182645,32.44270198887713,1.6134250624711228,26.486685098235334,0.053352723935375934
212.05,-34.355838146659266,-38.5145225325889,-41.0845326798833,32.44754405180368,32.44208882994295,1.6109684144053418,26.487346935820348,0.051252902896834485
212.10000000000002,-33.67747140234927,-39.10597714641337,-40.09221589443959,32.447154393099346,32.44157863120126,1.608618743692972,26.48790360215066,0.04913296131562106
212.15,-32.98896338930567,-39.685594879039584,-39.099914014140595,32.44675612439234,32.4412701523758,1.6063769935867782,26.488254219014777,0.046993414247396004
212.20000000000002,-32.29052077111626,-40.25320205755015,-38.107627368201186,32.44636426924829,32.4405697933001,1.6042440847247619,26.489004941544017,0.044835002123875256
212.25,-31.582353184953515,-40.80862862327097,-37.11535571116178,32.44595037810914,32.440164352717964,1.602220909677854,26.48945439470117,0.04265817724032672
212.3,-30.864673172746162,-41.35170817552649,-36.12309988578245,32.4455370905812,32.43970835671893,1.600308323636412,26.489955359810374,0.040463500938159314
212.35000000000002,-30.13769612750225,-41.88227803491206,-35.13085986882949,32.44512075244818,32.439190103776646,1.5985071612284258,26.490519771726696,0.0382517208288391
212.4,-29.401640219925785,-42.40017928121466,-34.138635776843266,32.444697134685924,32.43859949607227,1.5968182226491834,26.491157930413753,0.03602324815972224
212.45000000000002,-28.65672633401941,-42.90525680257536,-33.14642788811915,32.44426158907067,32.43826913915355,1.5952422755996025,26.49153011438395,0.03377877158484921
212.5,-27.90317800191215,-43.3973593439002,-32.154236658735435,32.44383355693373,32.437642645706255,1.5937800575805454,26.492204571465283,0.03151894099161723
212.55,-27.141221337846908,-43.87633955443772,-31.162061801149513,32.44339134898891,32.43701119577209,1.592432278448669,26.492883892575534,0.029244360381142087
212.60000000000002,-26.371084963700124,-44.34205402191328,-30.16990385740844,32.44293562375914,32.436808513516596,1.5911996085084894,26.49312503421752,0.02695558263752673
212.65,-25.592999947034638,-44.79436332630649,-29.177763344356112,32.44249797302753,32.43590687050001,1.5900826913280568,26.494079894397473,0.024653398803593518
212.70000000000002,-24.807199730909208,-45.23313208127569,-28.185639570508826,32.44202717998984,32.43553064943843,1.5890821431371691,26.494497794983346,0.022338343608652167
212.75,-24.01392005422447,-45.65822895795083,-27.193533803307467,32.441563142093315,32.43505780699943,1.588198533650548,26.49501412201818,0.02001096381775369
212.8,-23.213398895567007,-46.06952675096912,-26.201445784200857,32.4410984753009,32.434445855652065,1.5874324166552256,26.495672270110585,0.017672189732422794
212.85000000000002,-22.405876389858662,-46.46690239538447,-25.209375537059334,32.440623288183126,32.433634339914036,1.5867843058647466,26.4965340008548,0.015322339906447269
212.9,-21.59159475830966,-46.850237007077574,-24.21732346406099,32.44012407759248,32.43375927847737,1.5862546791914909,26.496438714234507,0.012962215809579902
212.95000000000002,-20.770798238029634,-47.21941592345309,-23.2252904838081,32.439669449084256,32.43238901009094,1.5858439845369787,26.497870669849735,0.010592533465114684
213.0,-19.943733011428318,-47.57432874506836,-22.23327489103594,32.43914941772759,32.43231946892487,1.5855526477614958,26.497973365528793,0.008213893090243118
213.05,-19.11064711572425,-47.91486933057757,-21.241279186892136,32.43866156424169,32.431751815090784,1.5853810313354444,26.498584624404753,0.00582673550965751
213.10000000000002,-18.271790394072283,-48.2409358890274,-20.2493021405236,32.43816801073091,32.43039683178531,1.585329500296531,26.500000000000004,0.0034323285210291488
213.15,-17.42741439768645,-48.552430955966564,-19.257343969720182,32.43761292652051,32.43042667054864,1.585398363515516,26.500000000000004,0.0010306207782662113
213.20000000000002,-16.57777231903201,-48.84926144324805,-18.2654070274281,32.437099622522524,32.43045611390301,1.5855878963539993,26.5,0.0013772643796983175
213.25,-15.723118926070569,-49.131338698445084,-17.27348971558198,32.43662508619256,32.43048514366779,1.5858983741166028,26.500000000000007,0.0037906567696666116
213.3,-14.86371046489141,-49.398578472531334,-16.281590551378855,32.436186518869356,32.432415757854336,1.5863300099062911,26.49805660314431,0.006209555252070231
213.35000000000002,-13.999804584925094,-49.650900945885624,-15.289708159089926,32.43591717879685,32.43242951991139,1.5868829563701752,26.498071307773337,0.00863271579376601
213.4,-13.131660263582715,-49.88823075294951,-14.297836066959906,32.435668060305034,32.432976633704826,1.5875573073361835,26.497540603666664,0.011058929277680818
213.45000000000002,-12.25953771019985,-50.11049692644641,-13.30597350161611,32.435475815547875,32.43421556833585,1.5883530177423566,26.496302633697045,0.013487019320166382
213.5,-11.383698315382581,-50.31763300366648,-12.314118288057896,32.43538579788988,32.43425149262996,1.5892699931614658,26.49629319300154,0.015914208123462004
213.55,-10.50440456873931,-50.50957702444868,-11.3222665169262,32.435304776085594,32.43508590555277,1.5903080678189525,26.495467496463366,0.018339508382183567
213.60000000000002,-9.621919977133835,-50.686271522322606,-10.330417844198587,32.43528914247611,32.43573056811637,1.5914669774079897,26.494835129955923,0.020761493149734633
213.65,-8.736508999900197,-50.847663595839784,-9.338569769324698,32.43532067287898,32.436243641200605,1.5927464151795974,26.494336649616397,0.023178191780743873
213.70000000000002,-7.848436964449211,-50.99370489085576,-8.346720488678585,32.435386599187666,32.43688610772173,1.594145998171335,26.49370544951834,0.02558875543215322
213.75,-6.957969991021213,-51.124351625349895,-7.3548686869039495,32.4354937069401,32.43758990101011,1.5956652782805776,26.49301106141123,0.027991659834754046
213.8,-6.065374915861208,-51.239564609861645,-6.363012789148019,32.435643435087954,32.437964537729385,1.5973037500812097,26.49265232225375,0.030385602184850313
213.85000000000002,-5.170919212229446,-51.33930925503425,-5.3711511655186035,32.43580922813378,32.438874810619524,1.5990608469131828,26.49174592754679,0.03276943601264293
213.9,-4.2748709118783985,-51.423555580995675,-4.37928320164294,32.43602819831133,32.43920426232366,1.6009359402034065,26.491432197843277,0.0351419366394623
213.95000000000002,-3.3774985277261917,-51.4922782421853,-3.3874068638890726,32.4362550600265,32.43991723200845,1.602928355621664,26.490726195997482,0.037501865804472345
214.0,-2.47907097275223,-51.545456512780625,-2.3955218504251863,32.436516643739495,32.4405459463243,1.6050373510077165,26.490105680505742,0.0398483083651513
214.05,-1.579857482767046,-51.58307432011525,-1.4036268333485833,32.43680445106698,32.44110158691718,1.607262143814495,26.48955922221974,0.0421799077210494
214.10000000000002,-0.6801275356717741,-51.60512023356739,-0.4117208097358714,32.437111389342,32.44159852933841,1.6096018952454756,26.489072134442363,0.044495856135569056
214.15,0.21984922781198057,-51.611587473264976,0.5801969521099352,32.43743189934174,32.44238549360573,1.612055715631513,26.48828831177553,0.04679502861961282
214.20000000000002,1.1198030838985562,-51.602473916610016,1.5721269712972672,32.43778572750345,32.44277236378062,1.614622668979436,26.487912486142427,0.049076407720747284
214.25,2.019464305868866,-51.57778210252338,2.5640705221218973,32.43814191580896,32.44337223352068,1.6173017766141982,26.48731858966146,0.051339066958462354
214.3,2.9185632438176583,-51.53751921912746,3.5560276949513225,32.43851550993122,32.444037577701465,1.6200920056337722,26.486657281619287,0.0535821526952418
214.35000000000002,3.816830405248981,-51.481697120509494,4.547999155566297,32.43890994334339,32.44444402692306,1.6229922878392316,26.486259767324437,0.05580458039148084
214.4,4.71399653504927,-51.4103323144832,5.539985701076033,32.43930523502765,32.44504741008608,1.62600151104143,26.48566062055894,0.05800564410918696
214.45000000000002,5.609792695291091,-51.32344595596813,6.5319873644371365,32.43971539038897,32.44560297024552,1.6291185173572629,26.485109759254147,0.06018446404397082
214.5,6.503950346374591,-51.22106385299677,7.524004714248102,32.44013593180729,32.44611350047885,1.6323421155856366,26.484604333664272,0.06234012631665564
214.55,7.396201426419541,-51.10321645099478,8.516038147873363,32.440562900998124,32.44658650694184,1.6356710731776403,26.484136683859703,0.06447196456747406
214.60000000000002,8.286278431445622,-50.96993882675199,9.508087911299791,32.44099315856553,32.44724935584645,1.6391041193229938,26.483474696677934,0.06657915184007379
214.65,9.173914495576009,-50.8212706806846,10.500154130450635,32.441440029799885,32.44766140735918,1.6426399477365194,26.483068232421942,0.06866092290707115
214.70000000000002,10.058843471174407,-50.65725632720793,11.492237440902116,32.44188441391126,32.44812928490966,1.6462772189635757,26.48260426420801,0.07071656827051243
214.75,10.940800006967311,-50.477944674011106,12.484337747698318,32.44233047612543,32.448737291887525,1.650014552805132,26.481996747953946,0.0727454245411252
214.8,11.819519629470472,-50.283389219119954,13.476455115190127,32.44278810582272,32.44912688175566,1.653850540235105,26.481611704616697,0.07474667683112557
214.85000000000002,12.69473882187851,-50.0736480327959,14.468589985978525,32.44324087553221,32.449630420993685,1.6577837413495118,26.481109858997538,0.07671974859945863
214.9,13.566195101606649,-49.848783734779545,15.460742174354968,32.44369727163661,32.4501329047177,1.6618126798864665,26.480608620350694,0.0786640222881374
214.95000000000002,14.433627101249927,-49.60886348554063,16.452911819198274,32.44415695971383,32.450604365568,1.6659358535674187,26.48013858672362,0.08057877073909481
215.0,15.296774645805382,-49.35395896159512,17.445099046600184,32.444617488703415,32.45104625984079,1.6701517294788815,26.47969827972083,0.08246347361904327
215.05,16.15537883071021,-49.08414633464094,18.437303888904523,32.4450766866418,32.45146268489411,1.674458744762923,26.479283525957626,0.08431751822925548
215.10000000000002,17.00918209992897,-48.7995062505499,19.42952629537877,32.44553282937411,32.451978684241276,1.6788553085882825,26.47876671078373,0.08614030568082853
215.15,17.857928323712606,-48.50012380682112,20.421766149339472,32.445993247578905,32.45240137695923,1.6833398039622978,26.478344709126453,0.08793127650719157
215.20000000000002,18.701362875952224,-48.186088528407446,21.414023614502852,32.446450971106074,32.45274650070979,1.6879105892815502,26.478001463661126,0.08968990748030592
215.25,19.539232709188326,-47.85749433711231,22.406298587974614,32.44690065179205,32.45321661284188,1.6925659944498364,26.47753025738655,0.09141570638504959
215.3,20.371286432075106,-47.51443952774469,23.39859076228254,32.447351791867035,32.45369189584334,1.6973043255966545,26.477053389835127,0.09310810336572217
215.35000000000002,21.19727438630755,-47.15702674193128,24.39090019342254,32.44780465643677,32.453999924685874,1.7021238688279823,26.476746835272138,0.09476662293636195
215.4,22.016948719606436,-46.785362932378845,25.38322694753307,32.448247175597416,32.45440376009955,1.707022885060674,26.47634214126778,0.09639086462655655
215.45000000000002,22.83006346009547,-46.399559331048515,26.375570629049854,32.44868693163329,32.454808242960205,1.7119996104141961,26.475936433587556,0.09798032465383244
215.5,23.636374593404682,-45.999731422690914,27.367931132441516,32.44912416815664,32.455191900989995,1.7170522640206585,26.475551635208426,0.09953450707044453
215.55,24.43564013432975,-45.585998906335526,28.360308361492546,32.44955757764473,32.45555439158744,1.7221790440318827,26.475188105780063,0.10105307212924686
215.60000000000002,25.227620199629087,-45.15848565956011,29.352702169967117,32.449985921497785,32.45589781869534,1.72737812804192,26.47484370849628,0.10253560022448482
215.65,26.01207708064272,-44.71731970231684,30.345112364243743,32.45040819986904,32.45622386922781,1.732647674447442,26.474516732272647,0.1039816802007465
215.70000000000002,26.78877531530356,-44.262633159438415,31.337538712446865,32.450823604823235,32.45656750486466,1.7379858237720214,26.47417151320908,0.10539092811043815
215.75,27.557481759460863,-43.794562221747306,32.32998095178704,32.45123388339763,32.45697071436299,1.7433906998518438,26.4737652198834,0.10676298649158866
215.8,28.317965657494945,-43.31324710580881,33.32243888630065,32.451643657038005,32.457246444420136,1.7488604109106802,26.473488724508435,0.10809752159644859
215.85000000000002,29.069998711410168,-42.818832011157625,34.31491249681418,32.45204385613673,32.457508256149154,1.7543930491038182,26.47322616191621,0.10939422117672848
215.9,29.813355148142904,-42.311465074938866,35.30740141718859,32.45243417042334,32.457810783721435,1.7599866883393886,26.472921798346057,0.11065276386275968
215.95000000000002,30.54781179067197,-41.79129833220638,36.29990526940536,32.45281821423034,32.45814597195166,1.7656393903310459,26.472583865019534,0.11187278471140871
216.0,31.27314812562488,-41.258487670529,37.29242381370762,32.45319876835329,32.45846399017465,1.7713492053903153,26.472263214783034,0.11305403983314477
216.05,31.989146368667118,-40.71319278153734,38.28495691671663,32.45357485562624,32.458695290609555,1.7771141708634914,26.472030813310887,0.11419630118538748
216.10000000000002,32.69559152923133,-40.15557711181902,39.27750440766671,32.4539406009822,32.45891641919172,1.7829323100728516,26.471808570783356,0.11529930946352351
216.15,33.392271475725245,-39.58580781451244,40.27006589102315,32.45429601656859,32.45918662076912,1.788801633519654,26.471536052677465,0.1163627841872028
216.20000000000002,34.07897700182659,-39.0040557019921,41.26264097170636,32.454645345440056,32.45944234514198,1.7947201430331887,26.471278105543092,0.1173864689360471
216.25,34.755501889801074,-38.41049519458691,42.25522941695816,32.45498798827591,32.45968414552991,1.800685832384012,26.471034173186332,0.11837019027069573
216.3,35.421642971208705,-37.80530426631628,43.24783097108591,32.45532342807977,32.45991253605752,1.8066966853565276,26.470803739084126,0.11931378701646622
216.35000000000002,36.077200188520955,-37.18866439181105,44.240445358611666,32.45565122150675,32.46012765350658,1.812750676733728,26.47058667143593,0.12021705945031158
216.4,36.72197665579151,-36.560760492114525,45.23307228708938,32.455970966649595,32.46032930414143,1.8188457732344574,26.470383175354257,0.12107982754400837
216.45000000000002,37.35577871836104,-35.92178087938606,46.22571144869007,32.456282276470446,32.46051894236246,1.8249799344078994,26.47019177429059,0.12190193001458738
216.5,37.97841601158754,-35.27191720053982,47.21836252077036,32.45658489546273,32.46069693989711,1.8311511135045677,26.47001209594285,0.1226832234688402
216.55,38.58970151859341,-34.611364379847494,48.2110251709046,32.456878612922324,32.460863642647894,1.8373572583393383,26.469843794048693,0.12342358193336622
216.60000000000002,39.18945162695783,-33.94032056047587,49.203699058598886,32.45716325790273,32.461019372218075,1.8435963120762793,26.469686546816355,0.1241228966954111
216.65,39.77748618437048,-33.25898704501629,50.19638383681224,32.457438694639535,32.46116442699973,1.8498662139869566,26.469540055803495,0.12478107473882005
216.70000000000002,40.35362855322931,-32.56756823502792,51.18907915330271,32.457704818379554,32.46132782907146,1.8561649001852416,26.46937472073847,0.12539803821354667
216.75,40.91770566416597,-31.866271569616373,52.18178465181401,32.45796360485754,32.461493621266584,1.862490304340966,26.469206825613306,0.12597372396569995
216.8,41.46954806848248,-31.155307463069374,53.17450005167667,32.45821574888676,32.4616462326576,1.8688403583747473,26.46905225941195,0.12650808311448714
216.85000000000002,42.008989988495806,-30.43488924083153,54.167225098800685,32.45846078344182,32.4617616234396,1.875212991902245,26.468935549231276,0.1270010806756261
216.9,42.535869367334996,-29.705233075124678,55.15995952122278,32.45869655772737,32.4618560425046,1.8816061324480273,26.46884012337303,0.1274526705499568
216.95000000000002,43.05002791816739,-28.96655792013032,56.15270296468281,32.45892223521146,32.461941239353074,1.888017706357374,26.46875400001958,0.12786281091564433
217.0,43.551311173141855,-28.219085446869798,57.1454550429079,32.45913787836444,32.46201737027337,1.8944456407192902,26.468677023201373,0.12823147818693315
217.05,44.03956853057765,-27.463039976736013,58.138215372009675,32.45934355635793,32.46208458116065,1.900887864498479,26.46860904717005,0.12855868723832486
217.10000000000002,44.514653300547565,-26.698648413894933,59.1309835707409,32.459539343843836,32.462143004780756,1.9073423091254469,26.46854993918831,0.12884447558377587
217.15,44.97642274927058,-25.92614017689934,60.12375926070534,32.45972531962504,32.462192759093654,1.9138069090809253,26.468499581239566,0.1290888925393574
217.20000000000002,45.424738142300846,-25.14574712953659,61.116542066517134,32.45990156530138,32.46223394773054,1.9202796024751692,26.46845786954149,0.12929199910956868
217.25,45.85946478650032,-24.357703510932225,62.109331615907934,32.46006816404632,32.462266660416255,1.9267583316226506,26.46842471411601,0.12945386788487667
217.3,46.28047207078297,-23.562245864931544,63.10212753978739,32.460225199501316,32.46229097334008,1.9332410436129663,26.468400038412717,0.12957458294962976
217.35000000000002,46.68763350561866,-22.759612968781294,64.09492947226154,32.46037275477551,32.462306949478744,1.939725690878305,26.468383778981707,0.12965423980631385
217.4,47.08082676128532,-21.950045761133744,65.08773705061245,32.46051091154002,32.4623146388719,1.9462102317582506,26.46837588519554,0.1296929453067719
217.45000000000002,47.45993370485829,-21.13378726939552,66.08054991524371,32.460639749206585,32.462314078853936,1.9526926310620354,26.46837631901649,0.1296908175989131
217.5,47.8248404359262,-20.311082536443696,67.07336770959407,32.4607593441814,32.4623052942412,1.959170860628923,26.46838505480979,0.12964798607569605
217.55,48.17543732102309,-19.482178546731763,68.06619008002279,32.46086976918567,32.46228829747814,1.965642899886845,26.468402079199585,0.1295645913377541
217.60000000000002,48.51161902676671,-18.647324151808128,69.0590166756689,32.460971092635134,32.462263088741416,1.9721067364096783,26.46842739096828,0.1294407851584367
217.65,48.83328455169357,-17.80676999527,70.05184714828658,32.461063378071294,32.462229656003835,1.978560366473424,26.46846100099748,0.12927673045666666
217.70000000000002,49.14033725678153,-16.960768437175588,71.04468115205903,32.46114668363791,32.462187975058185,1.9850017956114172,26.468502932250523,0.12907260127491327
217.75,49.432684894651,-16.109573477937612,72.03751834339212,32.4612210615965,32.462138009500784,1.9914290391688283,26.468553219796647,0.12882858275986564
217.8,49.710239637436565,-15.253440681721255,73.03035838068952,32.461286557875376,32.46207971067542,1.9978401228566298,26.468611910876184,0.12854487114822177
217.85000000000002,49.97291810332077,-14.392627099369816,74.02320092411053,32.4613432116468,32.462013017577064,2.004233083305053,26.468679065007397,0.12822167375603044
217.9,50.22064138172259,-13.527391190881353,75.01604563531195,32.46139105492753,32.461937856714435,2.0106059686168365,26.468754754135837,0.12785920896845937
217.95000000000002,50.45333505713317,-12.657992747459744,76.0088921771743,32.46143011219802,32.46185414193165,2.016956838920194,26.468839062826067,0.1274577062356741
218.0,50.67092923159215,-11.784692813163678,77.00174021351374,32.461460400036145,32.461761774186876,2.0232837669216295,26.468932088497784,0.12701740606715362
218.05,50.873358545797956,-10.907753606177147,77.99458940877993,32.461481926761195,32.461651290385134,2.029584838458824,26.46904348053177,0.12653856002870612
218.10000000000002,51.06056219884603,-10.027438439725122,78.98743942774017,32.4614940241629,32.46150333810213,2.035858153053468,26.469192976452653,0.12602143074389005
218.15,51.2324839665893,-9.144011642658139,79.980289909593,32.46149468944428,32.46134324070473,2.0421018244641758,26.469354739884842,0.12546629189287728
218.20000000000002,51.389072219011005,-8.257738479799466,80.97314041690201,32.46148387167717,32.461179967862286,2.04831398164103,26.469519616228613,0.12487342821415837
218.25,51.53027993700221,-7.36888507209957,81.96599051028215,32.461462164261825,32.461040894016435,2.054492770476834,26.469659675041818,0.1242431435370861
218.3,51.65606472659398,-6.477718316263518,82.95883977305427,32.461432073530005,32.46089218110807,2.0606363543793336,26.46980943002035,0.12357577671608055
218.35000000000002,51.766388831398416,-5.584505804092366,83.95168788444163,32.46139350978559,32.460733633256,2.0667429144504084,26.469969075688752,0.12287167804998944
218.4,51.861219142491706,-4.689515741522982,84.94453452023598,32.46134637574776,32.46056503648828,2.072810648509652,26.47013882484174,0.12213120142149592
218.45000000000002,51.94052720842524,-3.793016867749076,85.93737935250753,32.46129056580065,32.46038615268867,2.078837771672589,26.470318914735444,0.1213546811848687
218.5,52.00428924382957,-2.8952783741769794,86.93022204928633,32.461225964864084,32.460196725607254,2.0848225169277583,26.470509600971805,0.12054246325874374
218.55,52.05248613660881,-1.9965698232404558,87.92306227420028,32.46115244777431,32.45999601360141,2.09076313571272,26.470711634207824,0.11969490510338687
218.60000000000002,52.08510345372386,-1.0971610670988357,88.91589968608947,32.46106984533339,32.45978327982952,2.0966578984897524,26.470925760104453,0.11881237569923542
218.65,52.10213144556268,-0.1973221662427228,89.90873393732168,32.4609779477974,32.459559021325774,2.1025050953212983,26.47115146542927,0.1178952555406454
218.70000000000002,52.103565048916586,0.702676691968455,90.90156467224094,32.46087659590657,32.45932289417109,2.108303036465479,26.471389094792308,0.11694393663091773
218.75,52.08940388855924,1.6025652748148724,91.89439152909979,32.46076561721118,32.459074530664516,2.1140500529894837,26.471639017003376,0.11595882288361281
218.8,52.059652277372585,2.5020733857465074,92.88721413955464,32.46064482531499,32.45881827045769,2.1197444973457777,26.471896798132168,0.11494033048009555
218.85000000000002,52.014319215057775,3.4009309459089403,93.88003212813257,32.4605143571109,32.458628374955275,2.12538474394956,26.47208666511576,0.11388888712588141
218.9,51.95341838543134,4.2988680756406445,94.8728451246016,32.46037964409978,32.45838556281798,2.1309691897574226,26.472330308579046,0.11280493207564746
218.95000000000002,51.876968152105185,5.195615175900453,95.86565296655775,32.460237209722514,32.458083339138774,2.136496254644719,26.472634350053113,0.11168891615724874
219.0,51.78499154958073,6.09090300927476,96.8584553585758,32.46008336182367,32.457766555012356,2.141964378593755,26.472953023120365,0.11054129774592525
219.05,51.677516278271355,6.984462781230154,97.85125186396175,32.459917875622864,32.45748794080643,2.147372024229469,26.473232519137355,0.10936247898072793
219.10000000000002,51.554574698223114,7.8760262214267795,98.84404203742558,32.45974430885027,32.45724302936837,2.152717679477348,26.47347738730535,0.10815291271427441
219.15,51.41620381933783,8.765325664739612,99.83682556980904,32.45956564603013,32.456986567722076,2.1579998581294646,26.473733793116473,0.10691310495758444
219.20000000000002,51.26244528794042,9.652094131715357,100.82960226615187,32.45938142615098,32.45662778047975,2.163217098129401,26.47409435446319,0.10564357304232885
219.25,51.09334537230704,10.536065408699391,101.82237191385693,32.45918473717446,32.45628730311803,2.1683679601944377,26.474435974000418,0.10434479999872792
219.3,50.908954948850194,11.416974127998618,102.81513403586237,32.458977777599,32.45598944407409,2.173451028501539,26.47473383920378,0.10301724130073353
219.35000000000002,50.709329490688475,12.294555848668393,103.80788823923064,32.45876432520436,32.45567765155017,2.1784649152428983,26.475045647999217,0.10166136614202514
219.4,50.494529049429254,13.168547136059086,104.80063427557324,32.45854384851478,32.45535128257265,2.1834082596974937,26.47537205019287,0.10027773482718771
219.45000000000002,50.26461823466819,14.038685640698379,105.7933718761702,32.45831580809034,32.45500790443391,2.1882797263455416,26.475715522151862,0.09886688909190866
219.5,50.01966619464868,14.904710177354403,106.7861007516659,32.45807952925774,32.454647916285104,2.1930780055651766,26.47607565074142,0.09742933296095657
219.55,49.759746595546616,15.766360803770134,107.77882058689552,32.45783441404541,32.4542709020979,2.1978018143261693,26.47645285490247,0.09596558439270098
219.60000000000002,49.4849375994583,16.623378899068555,108.77153104382039,32.45757987747773,32.453927179554476,2.202449896956743,26.476795778769716,0.09447617521985308
219.65,49.1953218409738,17.47550724177137,109.7642317620259,32.45731897048321,32.45362695186253,2.207021025856257,26.477094001427666,0.09296165261147848
219.70000000000002,48.89098640237895,18.322490087415417,110.75692249783286,32.45705525486745,32.45319308813931,2.2115140021915067,26.4775282871824,0.0914225779902722
219.75,48.57202278545661,19.164073244970165,111.74960314384117,32.45677938581543,32.45275257691279,2.2159276543996427,26.477969035740077,0.08985952670499842
219.8,48.238526881720574,20.000004152516528,112.74227323512179,32.4564917566081,32.45244186529147,2.220260836376113,26.478276982766545,0.08827304416271886
219.85000000000002,47.89059894854745,20.830031955254412,113.7349323218009,32.45620247865691,32.45211538081189,2.224512433411327,26.478600690541462,0.08666363952940515
219.9,47.52834357844797,21.653907581082784,114.72758034086898,32.45591054309656,32.45159224564824,2.228681362265611,26.47912476677853,0.08503194070428322
219.95000000000002,47.15186966172466,22.47138381316969,115.72021719071954,32.45560209327882,32.451223068329035,2.2327665653950888,26.47949136274919,0.08337857708568208
220.0,46.761290354068166,23.28221536437535,116.71284223960906,32.45528930578241,32.45083846051182,2.2367670118530967,26.479873357835707,0.08170406258955154
220.05,46.356723049747536,24.086158954607114,117.70545532166514,32.45497138826308,32.45043365341179,2.2406817059042154,26.48027561575416,0.080008929160158
220.10000000000002,45.93828933934803,24.88297338093316,118.69805624070509,32.454647264345134,32.45000466205352,2.2445096799834587,26.480702200954514,0.07829388102237544
220.15,45.50611497336276,25.672419590237652,119.69064475937034,32.45431564989573,32.449552314067,2.2482499954412702,26.481152266166525,0.07655948158486581
220.20000000000002,45.060329824661,26.454260751341966,120.68322059117955,32.45397541162225,32.449099147526624,2.251901743450688,26.481602802700166,0.0748063091562301
220.25,44.60106784979459,27.22826232656117,121.67578340630075,32.45362710704399,32.4487833904548,2.255464046030731,26.48191270249964,0.07303496018835176
220.3,44.12846704896204,27.99419214257072,122.66833289623865,32.45328112728762,32.44825185021156,2.258936056970164,26.482442503982174,0.07124605160086617
220.35000000000002,43.6426694238656,28.751820460052755,123.66086915003663,32.45292189321076,32.447764610648335,2.2623169617260785,26.482926710394818,0.0694402187886567
220.4,43.143820929456766,29.500920039298425,124.65339166073193,32.45255351588487,32.44742235283622,2.265605971404476,26.483262532373793,0.06761809511829142
220.45000000000002,42.63207143762864,30.241266213472137,125.64590007864808,32.45218700423854,32.44693103327167,2.268802332339348,26.48375014918862,0.06578019356794584
220.5,42.10757468966005,30.9726369548683,126.63839447527357,32.45181157774091,32.44642411774547,2.2719053238292872,26.48425330960316,0.06392721869744378
220.55,41.57048824428486,31.694812937710605,127.63087450967956,32.45142675916981,32.44600335461515,2.2749142517201406,26.48466813231329,0.062059829798783994
220.60000000000002,41.02097343532258,32.40757760766216,128.62333982268953,32.45103937313019,32.445554558093676,2.277828455073447,26.48511119211367,0.06017855781706771
220.65,40.45919532300121,33.11071724707715,129.61579031621093,32.45064760062758,32.445072367743734,2.2806473066339805,26.48558796301957,0.058284067066125544
220.70000000000002,39.88532264075988,33.804021036607494,130.60822582256873,32.45024936970731,32.44455567981439,2.283370208900216,26.48609957407723,0.05637703121067261
220.75,39.29952774511384,34.487281119032225,131.60064609483135,32.4498426775721,32.44409542548091,2.2859965953803822,26.486553181385304,0.05445804532470788
220.8,38.70198656448622,35.16029266236127,132.5930508094588,32.44943215956559,32.443703347971436,2.2885259319916926,26.486936790463357,0.052527729603326634
220.85000000000002,38.09287854686562,35.82285392207263,133.58543982023826,32.44902295873743,32.44306717359316,2.290957718408727,26.487569264050098,0.05058673222620769
220.9,37.47238660344554,36.47476629973605,134.57781317769923,32.44859754551284,32.442645426970444,2.2932914854137394,26.487982402567766,0.048635728340684636
220.95000000000002,36.840697051170636,37.11583440028912,135.57017026181327,32.44817239418838,32.442308037258066,2.295526791933341,26.488309016912783,0.04667534010025065
221.0,36.197999563988716,37.74586609788063,136.5625110827523,32.4477535115505,32.44158373745655,2.2976632356901945,26.48903035652416,0.04470613039202931
221.05,35.54448710840036,38.36467258652702,137.55483588046053,32.447312813400934,32.44116518736684,2.29970044341227,26.489439093805977,0.042728875137072464
221.10000000000002,34.88035588287946,38.972068433803,138.5471438206048,32.44687369725564,32.44070658813539,2.3016380673239354,26.48988835625492,0.04074415444151214
221.15,34.2058052701235,39.56787164865716,139.53943496386393,32.44643318946134,32.440199969788736,2.303475802112956,26.49038628886717,0.038752478233305965
221.20000000000002,33.52103776718856,40.151903725622326,140.53170925716955,32.445987959484725,32.439638281884136,2.305213370953048,26.490940099476553,0.03675469578041657
221.25,32.82625892567655,40.72398969939482,141.52396652005993,32.44553441108469,32.439082006015454,2.306850527363764,26.491488024841434,0.03475137680183593
221.3,32.121677291028575,41.283958198613114,142.51620643452148,32.44507352500831,32.43880024196998,2.308387057276157,26.49175522119966,0.032743128214320905
221.35000000000002,31.407504340887293,41.831641498784386,143.50842872006365,32.44462543336272,32.43803822001066,2.3098227812489753,26.492512584032426,0.030730598247856733
221.4,30.68395442079813,42.366875572007466,144.50063386624709,32.44415491812328,32.43760247412941,2.311157553925149,26.492936349133842,0.028714479456368736
221.45000000000002,29.951244672409448,42.88950012617249,145.49282101556003,32.44368688640943,32.43736718418824,2.312391251972848,26.493155017574658,0.026695453523473134
221.5,29.209594980530593,43.39935866982553,146.48499026318197,32.44323547910791,32.43644348026574,2.3135237952749534,26.494076530279802,0.024673960953975893
221.55,28.45922789792588,43.89629854681599,147.47714224515434,32.442750336333475,32.43606924759623,2.3145551319829423,26.49443644993818,0.022650866042113194
221.60000000000002,27.700368573858253,44.380170974502896,148.46927567133883,32.44227311570938,32.43562621802904,2.315485230032067,26.494866320984936,0.02062673415977656
221.65,26.93324470275297,44.85083111343591,149.4613908449375,32.441798337303645,32.43509011463238,2.3163141074017304,26.49539095435264,0.018601960982493893
221.70000000000002,26.158086441790065,45.3081380896138,150.4534878595514,32.44131917854141,32.434428440230874,2.317041807079214,26.496043563870757,0.016577547393268333
221.75,25.37512634357634,45.751955039048084,151.4455665478377,32.440826982947804,32.433888207064264,2.317668400336224,26.496571816594443,0.014553993549668576
221.8,24.58459928825143,46.182149151977725,152.4376264113811,32.44033135609898,32.4337796902021,2.3181939908040974,26.496658723616125,0.01253186514020399
221.85000000000002,23.786742415104143,46.598591717011175,153.42966731915598,32.43986337996349,32.43251089370364,2.3186187196414494,26.497930753732597,0.010511809357467428
221.9,22.981795048209634,47.001158154421944,154.42169032888424,32.439338202373506,32.43237988256391,2.318942759720379,26.498040066976944,0.008494576747040128
221.95000000000002,22.169998616288918,47.389728036323255,155.41369325308088,32.43884117952996,32.432668721408945,2.3191662969024662,26.497720149408565,0.00648080157858999
222.0,21.35159660238442,47.76418516823164,156.40567716874585,32.43840028966417,32.43041285465965,2.31928958095736,26.500000000000007,0.004470743641746822
222.05,20.52683444799816,48.124417577506726,157.39764422284833,32.43782975859242,32.430388050400104,2.3193128742127342,26.5,0.0024656810978740396
222.10000000000002,19.69595947394006,48.47031753050464,158.38958945758458,32.437298208007256,32.43036301651891,2.319236434671275,26.49999999999999,0.00046586510748625187
222.15,18.859220849279122,48.801781667328704,159.38151436397126,32.43680283718666,32.43033775786365,2.3190606275332897,26.499999999999993,0.0015287908291838903
222.20000000000002,18.016869475813902,49.11871093959818,160.3734203258646,32.436341045806444,32.430312279753714,2.318785823796759,26.500000000000004,0.0035161427597074635
222.25,17.169157914770235,49.421010640677935,161.36530862763252,32.43591041965983,32.43116763529085,2.3184124018334415,26.499099755189505,0.005496074730615419
222.3,16.31634031285872,49.708590434595884,162.35718046127897,32.43557164934776,32.43244126796128,2.3179407488427017,26.497771985873303,0.007468439266347104
222.35000000000002,15.458672327724614,49.981364383637946,163.34903933969034,32.43534805067729,32.431962599961246,2.317371262191209,26.498234365685377,0.009433059814796252
222.4,14.596411041990057,50.23925093839292,164.34088966730724,32.435106232769,32.432828489232676,2.316704312843939,26.497322791668733,0.011389733029858462
222.45000000000002,13.729814885981302,50.482172947257595,165.33273074744272,32.43494353680212,32.433840364361586,2.3159402312539967,26.49626191106684,0.013338986945399256
222.5,12.85914358510567,50.710057755508466,166.324565605867,32.434864738770656,32.43353041374801,2.315079387394306,26.49655124251836,0.015281631798842454
222.55,11.984658067409379,50.92283717025399,167.31639745095742,32.434769429840465,32.43421823885281,2.3141221321826464,26.495821021526393,0.01721687719381748
222.60000000000002,11.106620387904773,51.12044747709593,168.30822565132374,32.43473005905564,32.434760659679604,2.3130687945139172,26.49523916629143,0.01914510423318916
222.65,10.225293665640173,51.30282951739139,169.30005234610786,32.43473224481449,32.43519657097004,2.3119197414805868,26.49476593262833,0.021066753374583413
222.70000000000002,9.340941996086777,51.469928663284236,170.29187912447776,32.43476541096846,32.435553273902705,2.3106753347519486,26.49437342816277,0.02298106066660921
222.75,8.453830375729648,51.62169484208356,171.28370717115797,32.434821686892334,32.43585018815867,2.3093359391113495,26.49404181694477,0.02488813457276251
222.8,7.564224625322485,51.75808255722869,172.27553736989364,32.4348951512685,32.43670095389055,2.307901928707061,26.493144294722647,0.026787912811983006
222.85000000000002,6.67239131214446,51.87905090641932,173.2673703779948,32.435024137170075,32.436873086547216,2.306373691675745,26.49293980767399,0.028680208085773984
222.9,5.778597671497317,51.98456359730874,174.25920831868208,32.435156204982725,32.43719772956614,2.3047516335912945,26.492579376173406,0.030564740626317644
222.95000000000002,4.883111525041203,52.074588935437404,175.25105130982627,32.43530202816726,32.43787075741619,2.3030361543263567,26.491862958587497,0.03244116168900746
223.0,3.9862012054547526,52.14909986496678,176.24289987746914,32.435485508827895,32.43819088450678,2.3012276794402524,26.491506852741487,0.034309585298757383
223.05,3.0881354757460655,52.208073970494574,177.23475546171508,32.43567874994781,32.43854716558012,2.299326653650091,26.49111368505528,0.036169497722085
223.10000000000002,2.1891834486028396,52.25149346951385,178.22661843585098,32.43588363677869,32.43903839731599,2.297333526349938,26.49058256686423,0.03802051580322541
223.15,1.2896145078405565,52.2793452345535,179.2184892452645,32.436108976817074,32.43947989463086,2.295248768243418,26.49010213442958,0.03986254600306438
223.20000000000002,0.3896982280745509,52.29162079613383,-179.78963132783215,32.43634975666092,32.43987608818367,2.2930728700811756,26.489667868148985,0.04169516213039515
223.25,-0.5102957055554878,52.28831634018317,-178.79774269293978,32.43660163748397,32.44023496747613,2.2908063372346064,26.489271615890594,0.04351796324485235
223.3,-1.410097577414565,52.26943271238286,-177.8058444254782,32.436861161054836,32.44063086675599,2.288449692567383,26.488837475386163,0.04533065693138383
223.35000000000002,-2.3094377216605806,52.234975420737165,-176.8139362331128,32.437130425747775,32.44119602935618,2.2860034788971433,26.48823041682885,0.04713289334446813
223.4,-3.2080466027192953,52.18495463623307,-175.82201774325557,32.43742082600552,32.44145450547603,2.2834682609228096,26.487936484316982,0.04892427340479344
223.45000000000002,-4.105654895662685,52.11938518878036,-174.83008814754996,32.4377089459677,32.44182354870983,2.2808446238078375,26.4875295936882,0.050704359486672956
223.5,-5.0019935659184815,52.038286556214395,-173.83814753313118,32.43800284616356,32.44235769382456,2.2781331661735393,26.486954080684445,0.0524727422994431
223.55,-5.896793950554427,51.94168287276824,-172.84619567887034,32.43831390671078,32.44269448497102,2.2753345139992476,26.486580069864253,0.054229152685962845
223.60000000000002,-6.7897878383155765,51.82960291728454,-171.85423192841165,32.43862680515794,32.44302515712371,2.27244931560724,26.486212294955184,0.055973043485835206
223.65,-7.6807075488339045,51.70208009811111,-170.86225621138365,32.43894097315549,32.44345808432574,2.269478234646755,26.485740114736338,0.057703967840154746
223.70000000000002,-8.569286013648396,51.55915245254203,-169.87026847914976,32.439263623953366,32.443861604782605,2.266421959114254,26.48529798032022,0.05942161920970079
223.75,-9.455256856279494,51.40086263604222,-168.8782684072021,32.43959205115546,32.444236721019905,2.263281201504192,26.484884879062825,0.06112551065001526
223.8,-10.338354471230673,51.2272579054974,-167.8862557745326,32.43992381328863,32.44458671655548,2.2600566942780986,26.484497470392455,0.06281515220123879
223.85000000000002,-11.218314103648884,51.03839010698636,-166.89423045350364,32.44025687780769,32.444914473508575,2.2567491912867723,26.484132824577674,0.0644901445218693
223.9,-12.094871928840913,50.834315662004585,-165.90219239421108,32.4405895632149,32.44538564601675,2.2533594690273304,26.483621833145175,0.06615005982652633
223.95000000000002,-12.967765131583562,50.61509555205643,-164.91014161106028,32.44093214055789,32.44574090796207,2.249888327648293,26.483229269883438,0.06779444518883793
224.0,-13.836731985186988,50.380795301654175,-163.918077725627,32.4412756239439,32.44600504688759,2.2463365917369913,26.482929835233104,0.0694228275807518
224.05,-14.70151192833448,50.131484953032576,-162.9260007031585,32.441613439868455,32.446390381314245,2.2427051039194623,26.482506789139105,0.07103471822603069
224.10000000000002,-15.56184564446393,49.8672390507164,-161.9339107603177,32.44195464997173,32.44682800003049,2.2389947300234283,26.482030504237382,0.07262975635057956
224.15,-16.417475140784394,49.58813662323432,-160.94180776718983,32.4423027464045,32.44712999428032,2.235206362785881,26.48169282073596,0.07420747792068028
224.20000000000002,-17.268143824160706,49.29426115450171,-159.94969146029118,32.4426475498242,32.447423076793605,2.2313409161598656,26.481364395446334,0.07576734475094327
224.25,-18.113596577285158,48.985700557156086,-158.95756196546938,32.44298865889344,32.44779525243318,2.2273993229607285,26.480955409934396,0.07730893252031024
224.3,-18.953579837194408,48.662547152296675,-157.9654194239255,32.44333198700342,32.44814798896894,2.223382540720202,26.480566464165246,0.07883186398274233
224.35000000000002,-19.787841671620637,48.32489764227218,-156.973263750686,32.44367598714381,32.44848201971757,2.219291551659424,26.48019682369078,0.0803356448105319
224.4,-20.616131853394183,47.97285307864771,-155.98109491994654,32.4440192751848,32.44879736842972,2.215127358860798,26.479846478817926,0.08181978121555744
224.45000000000002,-21.438201935881594,47.606518833075256,-154.9889129588438,32.444360567559436,32.44909684290293,2.210890986915615,26.479512578532443,0.08328385597252463
224.5,-22.25380532793006,47.226004566747385,-153.99671794361055,32.44469887294111,32.44938138926207,2.2065834824675434,26.479194172559612,0.08472743890365564
224.55,-23.062697368301425,46.83142419847769,-153.00450998839895,32.44503333839261,32.449776108412145,2.202205914689273,26.47876358949969,0.08615008896143195
224.60000000000002,-23.864635399514004,46.42289587131433,-152.01228923998863,32.445372107679724,32.45008530662533,2.1977593755769362,26.47842058767015,0.0875513555654095
224.65,-24.659378841095652,46.0005419177837,-151.02005553366237,32.445708764747266,32.450325774897784,2.1932449801547733,26.47814803950542,0.08893078224673445
224.70000000000002,-25.446689259638525,45.56448881912042,-150.02780895011605,32.44603855118659,32.45058420077768,2.188663861267351,26.47785748278691,0.0902879084432584
224.75,-26.226330442214262,45.1148671710296,-149.03554975205967,32.4463632404431,32.45093682479692,2.1840171731140217,26.477471124296002,0.09162237774845039
224.8,-26.998068468909043,44.65181164719553,-148.04327813437303,32.4466899250398,32.45127315800059,2.179306093781342,26.477101749175304,0.09293376306658274
224.85000000000002,-27.76167178281009,44.17546095810257,-147.05099402064246,32.447017298822715,32.45150546051706,2.1745318238440774,26.47683891550761,0.09422158665358893
224.9,-28.516911257467708,43.68595780599946,-146.05869738441493,32.447337881800884,32.45173529264111,2.1696955817632997,26.47657898607143,0.09548539874529638
224.95000000000002,-29.263560266139,43.18344884304439,-145.06638848535988,32.44765198257519,32.45202745684704,2.164798604324936,26.476255844229097,0.09672484161555417
225.0,-30.00139475247005,42.66808463126733,-144.07406757134765,32.44796451645175,32.45230632918044,2.1598421507823247,26.47594668533366,0.09793954876727184
225.05,-30.730193297985863,42.140019597342494,-143.081734702232,32.448274645932365,32.45257250960808,2.154827502312621,26.475650911679832,0.09912907085222855
225.10000000000002,-31.449737187112973,41.599411983985235,-142.08938996990437,32.44858163619492,32.45282612348109,2.1497559586985133,26.475368410005192,0.10029296939407573
225.15,-32.15981047331095,41.04642380307355,-141.09703349436708,32.44888481385822,32.45306693280585,2.14462883846047,26.475099437867403,0.10143087228215109
225.20000000000002,-32.86020004437278,40.481220787558044,-140.10466542138386,32.44918353664019,32.453296760746,2.1394474789215465,26.474842149485976,0.10254240476086807
225.25,-33.550695686884076,39.903972342195985,-139.11228592129083,32.44947733836204,32.453516069727726,2.1342132362294706,26.474596087721103,0.10362719077846805
225.3,-34.23109014982927,39.31485149313909,-138.11989518226054,32.44976581917387,32.4537252916231,2.1289274853542253,26.474360826556516,0.10468485384151904
225.35000000000002,-34.90117920726493,38.71403483632522,-137.12749340776494,32.450048638634534,32.45398693241237,2.1235916199740075,26.474072598205996,0.10571501750490597
225.4,-35.560761720076655,38.10170248474401,-136.13508081430322,32.450329945332946,32.45425848018985,2.118207052315384,26.473774799117926,0.10671730760435594
225.45000000000002,-36.209639696799954,37.478038014597225,-135.1426574596772,32.450610554965586,32.45443727832479,2.112775212952016,26.473572192925335,0.10769135317246992
225.5,-36.84761835160574,36.84322840848512,-134.15022337048558,32.450883892348386,32.45460758542354,2.10729754790011,26.47337881347979,0.1086367872673577
225.55,-37.47450616260692,36.197463999108024,-133.15777882486,32.451149870425176,32.45476971573071,2.1017755177113457,26.473194354269634,0.10955330103811889
225.60000000000002,-38.09011493239886,35.54093841502523,-132.16532410426743,32.45140843080414,32.454960467879935,2.09621060100217,26.472981281280102,0.11044060377528808
225.65,-38.69425984494889,34.87384852255202,-131.17285949241364,32.45166214773813,32.45517738762838,2.090604294079057,26.47274211350536,0.11129833418351609
225.70000000000002,-39.286759521456965,34.19639436665818,-130.1803851745301,32.45191323630172,32.45538353422762,2.08495811054091,26.47251455669565,0.1121261384622585
225.75,-39.867436073973494,33.50877910987753,-129.1879012511122,32.452161114725,32.45557923032937,2.0792735792937833,26.47229829315284,0.11292367076293885
225.8,-40.436115158045844,32.811208970509,-128.19540784491312,32.4524052658396,32.45573556113103,2.073552242776323,26.47212283637661,0.11369062494253512
225.85000000000002,-40.99262602554777,32.103893161020586,-127.20290509847298,32.452643144074706,32.45585160880608,2.0677956568610725,26.471989133197305,0.11442673034920858
225.9,-41.53680157641765,31.387043825500587,-126.21039325171827,32.45287232012694,32.455971720953755,2.062005390712585,26.47185194662749,0.11513171830500823
225.95000000000002,-42.06847841030108,30.660875976920323,-125.21787263751588,32.45309370590029,32.45612821208365,2.056183027859987,26.47167831857713,0.11580532296974866
226.0,-42.58749687710248,29.92560743338053,-124.22534355385137,32.45331045634195,32.4562756585363,2.0503301671950354,26.471514606339635,0.11644725705195924
226.05,-43.0937011248185,29.18145875227288,-123.23280617801638,32.453522256498694,32.45641426644352,2.0444484219574264,26.471360609514832,0.1170572132990344
226.10000000000002,-43.586939145069245,28.42865316290792,-122.2402606993542,32.45372882863761,32.45654422961284,2.0385394173672395,26.471216139958962,0.11763490475217964
226.15,-44.06706281914277,27.66741649958032,-121.24770731783615,32.45392992870727,32.45666573647603,2.0326047903381834,26.471081014674425,0.11818009180373679
226.20000000000002,-44.53392796285832,26.89797713381882,-120.25514624277305,32.454125343547894,32.456778960219005,2.0266461891643957,26.47095506586013,0.11869254058112233
226.25,-44.98739437023454,26.120565905844007,-119.2625776916335,32.45431488759583,32.45688405943433,2.0206652731830275,26.470838140226782,0.1191720234757554
226.3,-45.42732585594915,25.335416055256914,-118.27000188898816,32.45449839987001,32.45698117870214,2.014663712414368,26.470730098386504,0.11961831962736369
226.35000000000002,-45.85359029657744,24.54276315098175,-117.27741906556933,32.45467574121516,32.45707040164132,2.008643187181569,26.47063086273505,0.12003121537318862
226.4,-46.26605967059721,23.742845020486048,-116.2848294574359,32.45484678838846,32.45715136816363,2.0026053877118812,26.470540807923953,0.12041050465597891
226.45000000000002,-46.66461009714847,22.9359016783016,-115.29223330536463,32.45501140122954,32.45722476619737,1.9965520137211499,26.47045923894361,0.12075598939375709
226.5,-47.049121873538134,22.122175253870353,-114.2996308554973,32.455169498727244,32.457290687438324,1.9904847739853082,26.470386068640313,0.12106747981462718
226.55,-47.41947951149559,21.301909918746055,-113.30702235707774,32.45532101220661,32.45734921174114,1.9844053859185848,26.47032122147258,0.12134479471683335
226.60000000000002,-47.77557177212617,20.47535181315456,-112.31440806197985,32.45546588360193,32.457400407270164,1.9783155751129584,26.470264633346225,0.12158776133446736
226.65,-48.11729169957611,19.642748971948976,-111.32178822430156,32.45560406386395,32.45744433082158,1.972217074867011,26.47021625127552,0.12179621611252855
226.70000000000002,-48.44453665339914,18.804351249983224,-110.3291631000198,32.45573551150378,32.45748102797989,1.9661116257054445,26.470176033214354,0.12197000491894983
226.75,-48.75720833961536,17.9604102469275,-109.33653294670121,32.45586019125207,32.45751053323492,1.9600009748902494,26.470143947928634,0.12210898323132824
226.8,-49.0552128404533,17.111179231549276,-108.34389802326405,32.455978072822276,32.457532870061044,1.9538868759246668,26.470119974907995,0.12221301630390258
226.85000000000002,-49.33846064276663,16.256913065483527,-107.35125858978745,32.4560891297679,32.45754805095902,1.947771088050743,26.470104104316693,0.12228197931165141
226.9,-49.60686666511721,15.397868126515874,-106.3586149073644,32.45619333842441,32.45755607746196,1.9416553757414476,26.470096336981904,0.122315757478475
226.95000000000002,-49.86035028351681,14.534302231402451,-105.36596723799526,32.45629067692709,32.457556940104816,1.9355415081882512,26.47009668442,0.12231424618590836
227.0,-50.098835355819894,13.666474558250348,-104.37331584451867,32.45638112429693,32.45755061835768,1.9294312587847742,26.470105168900787,0.12227735106392856
227.05,-50.32225024476064,12.794645568482517,-103.38066099057767,32.456464659586985,32.45753708052345,1.9233264046074154,26.47012182354868,0.12220498806954083
227.10000000000002,-50.53052783962745,11.919076928411108,-102.38800294061828,32.45654126108244,32.45751628359828,1.9172287258935583,26.47014669248297,0.12209708354717463
227.15,-50.72360557656884,11.040031430443232,-101.3953419599188,32.45661090554786,32.45748817309463,1.9111400055180852,26.470179830996763,0.1219535742771427
227.20000000000002,-50.90142545752482,10.15777291394322,-100.40267831464787,32.45667356751549,32.45745268282593,1.9050620284688122,26.470221305776143,0.12177440750946289
227.25,-51.06393406777843,9.272566185775476,-99.41001227194974,32.45672921860909,32.45740973465104,1.8989965813213914,26.47027119516093,0.12155954098545863
227.3,-51.21108259212241,8.38467694055207,-98.41734410005546,32.4567778268978,32.457359238177794,1.892945451714425,26.47032958944816,0.1213089429484171
227.35000000000002,-51.34282682963642,7.494371680609251,-97.42467406841874,32.45681935627494,32.45730109042227,1.886910427825164,26.470396591241474,0.12102259213932598
227.4,-51.45912720707064,6.601917635737102,-96.43200244787556,32.4568537658569,32.4572351754231,1.880893297846498,26.470472315847093,0.12070047778522053
227.45000000000002,-51.5599487908319,5.707582682686586,-95.43932951082692,32.45688100939734,32.4571613638067,1.8748958494656875,26.47055689172071,0.12034259957331983
227.5,-51.64526129756917,4.811635264478238,-94.44665553144378,32.456901034712295,32.45707943460365,1.8689198693453264,26.47065054023736,0.11994896761621021
227.55,-51.71503910335515,3.9143443095368133,-93.45398078589413,32.456913777561674,32.45698872685942,1.8629671426072179,26.47075393113922,0.11951960240722315
227.60000000000002,-51.76926125146174,3.015979150676171,-92.46130555280422,32.45691913108295,32.45688958396314,1.8570394523194054,26.47086670898451,0.11905453476217076
227.65,-51.80791145873033,2.11680944395886,-91.468630114889,32.45691702057439,32.456781814945025,1.8511385789904793,26.47098906299896,0.11855380575624963
227.70000000000002,-51.83097812055338,1.217105087454824,-90.47595475772168,32.45690736302944,32.45666521212867,1.8452663000894631,26.471121198947877,0.11801746657852163
227.75,-51.83845431442064,0.31713613992093315,-89.48327977005121,32.456890066536516,32.45653955020314,1.8394243895466076,26.47126334009102,0.11744557802032318
227.8,-51.83033780205294,-0.5828272605721008,-88.49060544414289,32.45686502965556,32.456404585429446,1.8336146172595562,26.471415728001062,0.11683821085711088
227.85000000000002,-51.806631030123214,-1.4825149780411524,-87.49793207614277,32.45683214078227,32.45626005464387,1.8278387486053873,26.47157862359026,0.11619544574102747
227.9,-51.76734112956449,-2.3816569599962194,-86.5052599664664,32.456791277486666,32.45610567416325,1.822098543959008,26.471752308238003,0.11551737308337806
227.95000000000002,-51.71247991346536,-3.2799833188258622,-85.51258942021273,32.45674230582071,32.45595669253841,1.8163957582185972,26.471921215277277,0.11480409292758509
228.0,-51.642063873553525,-4.177224413138386,-84.51992074760481,32.45668619058626,32.455841547149944,1.810732140338466,26.472056320326015,0.11405571480821663
228.05,-51.55611417526876,-5.073110929034657,-83.52725422195157,32.45662585891224,32.4557141446718,1.805109432870026,26.47220464240876,0.1132723576026251
228.10000000000002,-51.45465665076326,-5.96737396121323,-82.5345900045699,32.45656073646649,32.45551657121947,1.7995293708437217,26.472425261676666,0.11245414936880138
228.15,-51.33772178932485,-6.859745093747436,-81.54192827874986,32.45648615323456,32.455307327286086,1.7939936794732176,26.47265847839277,0.11160124052608467
228.20000000000002,-51.20534472849294,-7.749956480871587,-80.5492694064533,32.456401951381096,32.45508598588307,1.7885040739660951,26.47290471781482,0.11071382741008051
228.25,-51.05756524619608,-8.63774092802758,-79.55661375567905,32.45630795384552,32.454869404606825,1.7830622617984275,26.473146768168256,0.10979211014245038
228.3,-50.89442774878122,-9.52283197246155,-78.56396170119802,32.45620520032847,32.45470285710748,1.7776699422796298,26.473338421249792,0.10883624335335185
228.35000000000002,-50.71598125764862,-10.404963963607129,-77.57131357800063,32.4560978900984,32.454526954698785,1.7723288061308793,26.473540262565475,0.10784639037595412
228.4,-50.52227939377051,-11.283872143071937,-76.57866956041418,32.455985680427,32.45434128005946,1.7670405343342281,26.47375270429853,0.10682272297501072
228.45000000000002,-50.31338035897892,-12.15929272385762,-75.58602983587728,32.45586822325789,32.45406593526812,1.7618067950853344,26.474057261497457,0.1057654359330229
228.5,-50.08934691856081,-13.030962969750195,-74.5933946051434,32.45573948840147,32.453789979327006,1.7566292434789261,26.474363045002704,0.10467478497787397
228.55,-49.85024638247529,-13.89862127440913,-73.60076429967302,32.455600237753295,32.4535691111474,1.7515095212009157,26.474613203563063,0.1035510321281663
228.60000000000002,-49.596150588470714,-14.762007241094473,-72.60813932177368,32.45545515728145,32.45333632930916,1.7464492596389576,26.47487609310722,0.10239444556020771
228.65,-49.32713587984974,-15.620861761106783,-71.61551989447025,32.45530381242628,32.45309102529043,1.741450078914177,26.475152319516113,0.10120523123916314
228.70000000000002,-49.04328307963958,-16.47492709105107,-70.62290625741113,32.45514575620229,32.452832521960275,1.7365135845575708,26.475442558505442,0.09998361449561344
228.75,-48.74467746638332,-17.323946930472893,-69.63029866734318,32.454980525185,32.45255825283968,1.7316413672674713,26.47574941372738,0.09872988713212294
228.8,-48.431408748585525,-18.167666499079267,-68.63769739874044,32.454807505731765,32.45226922915287,1.7268350026785768,26.47607183769606,0.09744434580198913
228.85000000000002,-48.10357103782062,-19.005832613522237,-67.6451027495507,32.45462620026184,32.4519646344274,1.7220960511451082,26.476410647974085,0.09612729177788992
228.9,-47.76126282058545,-19.83819376375288,-66.65251503675478,32.45443608841653,32.45166512200407,1.717426057618546,26.47674475079077,0.09477903066937188
228.95000000000002,-47.40458692875287,-20.664500188867336,-65.65993459723747,32.45423816224421,32.45146324756682,1.7128265514599903,26.47697966903507,0.09339987053124332
229.0,-47.03365050871307,-21.48450395244898,-64.66736172992582,32.454039954052966,32.451112928635474,1.7082990462707173,26.477366530237624,0.0919901231711151
229.05,-46.64856498837646,-22.29795901698978,-63.67479644557591,32.45383088080886,32.45073625615375,1.703845038818315,26.477780715915053,0.09055010378546058
229.10000000000002,-46.24944603937986,-23.1046213159426,-62.68223915982195,32.45360983619064,32.450434343599404,1.6994660040373972,26.47811901066287,0.08908014904804418
229.15,-45.83641354785758,-23.904248829818215,-61.689690330617104,32.453383015291266,32.450174552848175,1.6951634009226026,26.47841470545922,0.08758069561835669
229.20000000000002,-45.40959157867986,-24.696601659451108,-60.69715017890258,32.453153839402475,32.44983234249459,1.690938672731761,26.47879489483074,0.08605206229589157
229.25,-44.96910833456993,-25.48144209651994,-59.70461879472885,32.45291658962334,32.44942214578608,1.6867932428060897,26.47924483218356,0.08449456381683262
229.3,-44.51509611556308,-26.258534693957646,-58.712096486930356,32.452666986492105,32.44910798338582,1.682728512062873,26.479597085182597,0.08290859851342702
229.35000000000002,-44.047691282014846,-27.027646338373295,-57.71958372805299,32.45241277198451,32.448774819311716,1.6787458619873021,26.479969051361817,0.08129461486433343
229.4,-43.567034215502765,-27.788546321558997,-56.72708069445711,32.45215291822217,32.448420722594,1.6748466567654035,26.48036268328239,0.07965300151141719
229.45000000000002,-43.073269272353215,-28.541006407488158,-55.73458760182246,32.45188633282016,32.448042545730175,1.6710322381983005,26.480781175678953,0.07798410443797366
229.5,-42.566544740539705,-29.28480090118812,-54.74210470761495,32.45161177659945,32.447640405120275,1.6673039258929876,26.48122439202343,0.07628837134205924
229.55,-42.047012795399496,-30.01970671690795,-53.74963231670122,32.45132810720808,32.44726679972169,1.6636630174986493,26.481638722709107,0.07456624610625795
229.60000000000002,-41.514829454217455,-30.7455034455919,-52.75717077764323,32.45103801381619,32.446969313029705,1.6601107890378444,26.481975571672585,0.07281816788676565
229.65,-40.970154529566834,-31.461973421555193,-51.764720336122316,32.45074739233144,32.44648457022335,1.6566484951862819,26.48250378440015,0.07104456921609881
229.70000000000002,-40.41315157965965,-32.16890178694641,-50.77228101226906,32.450442905038,32.44606885512857,1.6532773672566776,26.482961715664317,0.06924587703124985
229.75,-39.84398785615973,-32.86607655402544,-49.779853336440304,32.45013047290161,32.445770881551134,1.6499986092629513,26.483299609839662,0.06742255859208512
229.8,-39.262834259903606,-33.553288673795294,-48.78743761248062,32.449819073519436,32.44529244941299,1.6468134055500059,26.483821883010606,0.06557515987452689
229.85000000000002,-38.669865286373145,-34.23033209664956,-47.79503380080027,32.44949574322612,32.444855786957476,1.6437229168576124,26.484301640500366,0.0637040742589079
229.9,-38.065258968920595,-34.89700383063599,-46.802642357717495,32.44916431777836,32.44447396051182,1.6407282745548883,26.484725520152374,0.061809773847869565
229.95000000000002,-37.44919683085404,-35.55310400746942,-45.8102635928102,32.448829292259326,32.444061277331826,1.6378305880677644,26.485180992246498,0.0598928460544812
230.0,-36.82186382877907,-36.198435941056786,-44.81789764369884,32.448488719764505,32.44361166113131,1.6350309422192595,26.485674243171914,0.057953729742479254
230.05,-36.183448294761845,-36.83280618462556,-43.82554472247529,32.44814035843356,32.443123685410654,1.6323303941812668,26.48620671294324,0.055992916970097895
230.10000000000002,-35.53414188032242,-37.45602458949485,-42.83320512698332,32.44778202464621,32.44276626553675,1.6297299743057607,26.486605907536642,0.05401096075985379
230.15,-34.87413949948035,-38.06790436304746,-41.84087923858792,32.44742375613839,32.44231444115238,1.627230687141676,26.487101509380793,0.05200839751012154
230.20000000000002,-34.20363927071141,-38.66826212573635,-40.84856705468303,32.44705880506796,32.44169132712598,1.6248335124250843,26.48777201704902,0.04998574328169525
230.25,-33.52284245305208,-39.25691796157332,-39.8562688307781,32.446675413786394,32.441408752033716,1.6225393987340482,26.48809475963979,0.047943494331832426
230.3,-32.83195338811742,-39.8336954749645,-38.86398527212081,32.4462992236612,32.44093148511228,1.620349267238808,26.48861627155291,0.045882273820723185
230.35000000000002,-32.131179442818414,-40.39842184905205,-37.87171610313567,32.44591581376485,32.4403808514273,1.6182640184708532,26.489212647023578,0.043802629904803325
230.4,-31.420730936897755,-40.950927885611925,-36.87946159986297,32.44552045931216,32.43997053899973,1.6162845166281983,26.48966564422592,0.0417049753590959
230.45000000000002,-30.700821085071112,-41.49104806227906,-35.887222219060185,32.44512403643271,32.43950940903182,1.6144115979626221,26.490170441466397,0.03959003685309881
230.5,-29.971665934296155,-42.01862058440123,-34.89499800146187,32.444722991618356,32.438986305793705,1.6126460733502341,26.490738417700655,0.03745837331152302
230.55,-29.233484294629505,-42.5334874282153,-33.90278912372163,32.444313228345166,32.43839227650627,1.6109887214970797,26.491378704815652,0.03531049224775984
230.60000000000002,-28.486497674552364,-43.03549438974645,-32.9105959191772,32.44389030321381,32.43819449552717,1.609440290824459,26.491614134894764,0.03314703706308819
230.65,-27.730930215516217,-43.52449113293157,-31.91841889111219,32.443483459807624,32.437440046081925,1.6080015016903104,26.49241796338767,0.03096861345241564
230.70000000000002,-26.96700862563266,-44.00033123686332,-30.92625742427286,32.443051787398645,32.43697092423172,1.606673048828057,26.492930182892913,0.02877578268297043
230.75,-26.194962101994793,-44.46287222460245,-29.934112468182303,32.44261744002958,32.43673294251286,1.605455583554992,26.493206106365005,0.026569057245069416
230.8,-25.415022274590456,-44.911975626536226,-28.94198412499365,32.44219711877838,32.435860098847,1.6043497381423535,26.494130302546615,0.024349305461299764
230.85000000000002,-24.62742312932146,-45.34750701044736,-27.949871858084077,32.44174447449757,32.43548846314033,1.6033561123034872,26.494542297569986,0.022116908252769463
230.9,-23.832400932851545,-45.76933601267474,-26.957776903564174,32.44129761654348,32.43502408456714,1.6024752629688095,26.49504878459167,0.019872516777326155
230.95000000000002,-23.030194174718314,-46.177336401406635,-25.96569903995245,32.440849507116596,32.43442766664402,1.6017077319530557,26.49568989879162,0.017616986693553827
231.0,-22.221043484426634,-46.57138609421263,-24.97363831494362,32.4403908042257,32.43364396640154,1.6010540228879506,26.496522076191532,0.015350620315075503
231.05,-21.405191561123704,-46.95136719800979,-23.98159513352376,32.43990888723826,32.43380986519599,1.6005146052900443,26.496383836812626,0.013074181302101806
231.10000000000002,-20.582883102896492,-47.317166049194405,-22.989570383348845,32.43947324280667,32.432523846489794,1.6000899200237626,26.497728634403085,0.010788351958126441
231.15,-19.754364735802113,-47.668673254507844,-21.997562294523725,32.43897685735546,32.432249173436446,1.5997803867432552,26.498039866688195,0.008493705325633982
231.20000000000002,-18.919884923240822,-48.005783685120235,-21.0055731899103,32.4384963085041,32.43223840535156,1.5995863620168151,26.498081129418075,0.006190665610148471
231.25,-18.07969391613931,-48.32839656704802,-20.013602463640265,32.43804931542178,32.430389670543136,1.5995082035007684,26.499999999999993,0.003880494528800682
231.3,-17.23404365968252,-48.63641546866701,-19.02164883221459,32.43750219793045,32.430418576137676,1.5995462238248237,26.500000000000004,0.0015631703209351144
231.35000000000002,-16.38318771478587,-48.92974831891401,-18.02971612456965,32.43699622494525,32.430447120154355,1.599700679850642,26.5,0.0007604064811062017
231.4,-15.527381208124384,-49.20830751039019,-17.037802766962486,32.4365284317459,32.43047528479789,1.599971852894825,26.500000000000004,0.003089120516364119
231.45000000000002,-14.666880726703111,-49.47200984536991,-16.045907299081797,32.436096064106756,32.431265179094694,1.600359963780413,26.49922126843812,0.005423460883662301
231.5,-13.801944242934978,-49.720776561485266,-15.05402836598951,32.43575100089161,32.432628822010784,1.6008651745513731,26.49785594636905,0.0077622177117575575
231.55,-12.932831039152248,-49.95453335606142,-14.062162628838676,32.43552798811441,32.43227133517863,1.6014875900793442,26.498248701931722,0.010104215419204365
231.60000000000002,-12.059801623639771,-50.17321037737354,-13.070305420110701,32.43529537004756,32.43381052985009,1.6022272268719888,26.496703194076478,0.012448310559420861
231.65,-11.18311765127228,-50.37674222400683,-12.07845710708474,32.435189310033465,32.43391134414903,1.6030839922017677,26.496626767731087,0.014792735852893202
231.70000000000002,-10.303041866527712,-50.565068040363045,-11.086612849955007,32.435098026756,32.43469867622729,1.6040577632221371,26.495848498736972,0.01713530659557705
231.75,-9.419838008586996,-50.73813145451703,-10.094772083628968,32.43506950171824,32.43540651470973,1.6051483052211637,26.495150964787,0.01947542040738881
231.8,-8.533770749197231,-50.89588066002219,-9.102932408139905,32.43509357407478,32.435965222386045,1.6063553388444163,26.494605279055122,0.021810839980531682
231.85000000000002,-7.645105609387403,-51.03826840277689,-8.111091812090612,32.435155834668436,32.43641964014655,1.6076785113667071,26.494165613290175,0.024140672465051694
231.9,-6.75410888332876,-51.165252000744424,-7.1192488351077525,32.4352461064883,32.43733152514475,1.6091174029118775,26.493258144369378,0.026463450445817216
231.95000000000002,-5.861047561773284,-51.27679336500714,-6.127402405996413,32.435395064963764,32.43767576237839,1.6106715352455794,26.492929977317846,0.02877783090340813
232.0,-4.966189254279899,-51.372859017089844,-5.1355502804765765,32.435557971921945,32.43824335398833,1.612340378044422,26.492373135800005,0.031082646674036596
232.05,-4.069802108538694,-51.45342008057546,-4.143691925114568,32.435749784926685,32.43907290397865,1.6141233306430607,26.49154821079246,0.03337685597685436
232.10000000000002,-3.172154734399412,-51.518452316434704,-3.151826234464615,32.435987150573254,32.43936697739057,1.6160197491023993,26.491269658200668,0.03565905197277175
232.15,-2.273516123474563,-51.567936121412274,-2.1599514664653174,32.436228566774496,32.44003581842616,1.6180289374338201,26.490607803257067,0.03792836918677267
232.20000000000002,-1.3741555693647551,-51.6018565239939,-1.168067466166133,32.43650051332104,32.44062863859846,1.6201501378257177,26.490023053637337,0.040183766628416606
232.25,-0.47434258936919427,-51.6202032139272,-0.1761730659585937,32.43679537941229,32.44115520038454,1.6223825558180636,26.489505431334806,0.042424007837951194
232.3,0.42565315615623933,-51.62297052961552,0.8157326107282717,32.43710679519602,32.441628366193285,1.6247253446533918,26.489041796165004,0.044648359846917174
232.35000000000002,1.3255619434036068,-51.61015746460466,1.8076501968796779,32.43742976455297,32.44239509480001,1.6271776101220539,26.488277842280613,0.04685577670656471
232.4,2.225114065114313,-51.58176767197127,2.7995801344254794,32.43778443099918,32.44276617267085,1.6297384146771563,26.487917379891023,0.04904530937324125
232.45000000000002,3.1240399108730825,-51.53780946651562,3.7915236356670174,32.43814026969001,32.443330472087695,1.632406780737952,26.487359074434004,0.05121609110204872
232.5,4.022070046641227,-51.47829581050082,4.783480745542299,32.4385109984327,32.44400927908828,1.6351816789048854,26.486683321495597,0.05336732121591581
232.55,4.918935295738377,-51.40324432842413,5.775452033618186,32.43890373276525,32.44435525556632,1.638062046627276,26.486346888361922,0.05549796333866652
232.60000000000002,5.8143668186645865,-51.31267729385829,6.7674383416066695,32.439293127251034,32.44494038550939,1.641046780304798,26.485765744051847,0.05760735444781062
232.65,6.70809619258727,-51.20662161891457,7.759439541906312,32.43969650284092,32.44548057626923,1.6441347313680197,26.48522997238194,0.05969467355043889
232.70000000000002,7.5998554929793,-51.08510886170646,8.75145616935718,32.440109650942944,32.44597813198939,1.6473247218727423,26.484737222733493,0.06175902126443589
232.75,8.48937737252561,-50.94817520693744,9.743488597853398,32.440528828160545,32.44643954990859,1.6506155344730118,26.484280864970167,0.06379981009445146
232.8,9.37639514116378,-50.7958614579843,10.735537058129374,32.44095102257112,32.446985629339224,1.6540059153399511,26.483737578300488,0.06581625200539065
232.85000000000002,10.260642846103165,-50.62821302730441,11.72760166573087,32.4413820659117,32.447499398436435,1.657494576812418,26.483226792097064,0.06780761733878649
232.9,11.141855351736313,-50.44527992500811,12.719682759251747,32.441819018234895,32.44786462740088,1.661080199618759,26.48286716532244,0.06977322944933917
232.95000000000002,12.019768418299584,-50.24711674084548,13.71178056485112,32.44225084746104,32.44843081019635,1.6647614297957034,26.48230192056402,0.07171245612681787
233.0,12.894118781228832,-50.0337826300111,14.703894886745495,32.442692273370696,32.44895234790264,1.6685368808875651,26.48178179173948,0.07362460353888878
233.05,13.764644231617403,-49.80534130225762,15.696026092145557,32.44313942155155,32.4493041277773,1.6724051410166751,26.48143449571907,0.07550902183723451
233.10000000000002,14.631083692737919,-49.56186099460792,16.688174400083334,32.44357975771054,32.44979891063628,1.6763647644911188,26.480940777410133,0.07736520258220025
233.15,15.493177298703557,-49.30341445361122,17.680339550178214,32.44402398291952,32.45026445161063,1.6804142745936446,26.480476472966316,0.07919246948887348
233.20000000000002,16.35066647455268,-49.030078921157795,18.672521691346944,32.44446973068317,32.45070152807626,1.6845521715823963,26.48004079621382,0.08099020205051488
233.25,17.2032940121092,-48.74193610552585,19.664720881993727,32.44491485906839,32.451112624343445,1.688776926739493,26.479631219285213,0.08275793977503554
233.3,18.050804147554565,-48.43907215864973,20.656937098596163,32.445357556588036,32.451500714976376,1.6930869842791338,26.479244714549907,0.08449510314193276
233.35000000000002,18.892942638645952,-48.12157765189044,21.649170248341555,32.44579635361577,32.451997072400644,1.6974807631289508,26.478747309583408,0.08620115079281732
233.4,19.729456841519056,-47.789547550255705,22.641420182200577,32.446239262100406,32.452389302295835,1.7019566585203236,26.47835579441083,0.08787557699633908
233.45000000000002,20.56009578702869,-47.44308118507339,23.633687057603385,32.446678550685796,32.452712390115074,1.7065130433803262,26.478034466411025,0.08951790782745661
233.5,21.384610254381293,-47.08228222009947,24.625970736250917,32.44710953921646,32.45313314756435,1.7111482640337883,26.47761308881811,0.09112769720005076
233.55,22.202752847810178,-46.70725862508516,25.618270900816658,32.447539796955596,32.453579111258115,1.7158606453719898,26.47716563131155,0.09270441306924226
233.60000000000002,23.014278072287123,-46.31812264623247,26.61058752350409,32.44797117654863,32.45391075754888,1.7206484941941653,26.476834493177822,0.0942476267640302
233.65,23.818942405592505,-45.91499076867103,27.602920647383897,32.448395432334365,32.45423800731136,1.7255100951946076,26.47650750293211,0.09575697644351067
233.70000000000002,24.616504371036736,-45.49798368086948,28.595270000109284,32.44881275911843,32.454618481767746,1.730443710391043,26.476125869247053,0.09723202000884612
233.75,25.406724612395028,-45.06722624315349,29.58763531677768,32.44922745359338,32.45497958731994,1.7354475846267547,26.47576368535283,0.09867230392870852
233.8,26.189365966086896,-44.622847450352396,30.580016496842173,32.44963832028814,32.45532226924668,1.7405199460060672,26.475419995781806,0.10007748471423383
233.85000000000002,26.964193531437964,-44.16498039107412,31.572413394021893,32.45004431664232,32.45564573994417,1.7456590038700952,26.47509561345001,0.1014472275862488
233.9,27.730974741801337,-43.693762208664225,32.56482582214975,32.45044441830674,32.45595291571876,1.7508629500776323,26.474787571692996,0.10278115728056036
233.95000000000002,28.489479434987892,-43.20933406083013,33.55725355586773,32.4508378824076,32.456244607022484,1.7561299601990399,26.47449505281527,0.10407892415074116
234.0,29.23947992301926,-42.711841078012576,34.54969634139334,32.45122407702295,32.45655121319992,1.7614581947036072,26.474187047147733,0.10534020242815245
234.05,29.980751061090174,-42.201432320384875,35.54215390076323,32.45160458674988,32.456919381067415,1.7668457999817164,26.473815968705882,0.10656469009134639
234.10000000000002,30.713070315762916,-41.678260733584175,36.5346260166263,32.45198421491541,32.45717481628312,1.7722909093041963,26.473559670479503,0.1077521055621844
234.15,31.43621783161309,-41.142483102173784,37.52711265538076,32.452354972155966,32.45740872337103,1.7777916424530815,26.47332509767152,0.1089021864495976
234.20000000000002,32.149976495827794,-40.594260000454746,38.51961347778241,32.45271595438561,32.45763179107431,1.7833461034220903,26.473101352833535,0.11001466297770435
234.25,32.85413200657226,-40.03375574829585,39.5121281099917,32.45306708557766,32.45793060356509,1.7889523858079883,26.472800102330364,0.11108921938017602
234.3,33.54847293813394,-39.46113836228836,40.504656175251554,32.45341447971962,32.458213684643205,1.7946085739468742,26.47251469066034,0.11212564771795996
234.35000000000002,34.23279080491404,-38.87657950536672,41.49719753069855,32.45375728007131,32.45848166135113,1.8003127435550041,26.472244485703378,0.11312376277771818
234.4,34.90688012207118,-38.28025443252924,42.48975200068946,32.45409473587701,32.45867396179948,1.8060629586520776,26.47205129407093,0.11408339216259833
234.45000000000002,35.570538467852366,-37.67234193876474,43.48231938085496,32.45442182344289,32.458839708592485,1.8118572726762778,26.47188500369756,0.11500430194146816
234.5,36.22356654499542,-37.053024305830846,44.4748992746257,32.454737386667865,32.45906519815573,1.8176937295380142,26.471657578341862,0.11588628048400551
234.55,36.86576824302159,-36.422487249780765,45.46749124119342,32.45504651605985,32.45927767791117,1.8235703672433345,26.47144325196765,0.11672913723472789
234.60000000000002,37.4969506981001,-35.78091986563389,46.460095034495026,32.45534874190638,32.45947758135852,1.8294852191941402,26.471241588924332,0.1175327541064064
234.65,38.11692434925255,-35.128514568386315,47.45271039049174,32.4556436590101,32.4596653144651,1.83543631173535,26.471052181405774,0.1182970390161131
234.70000000000002,38.72550299583783,-34.465467035459426,48.445337029637095,32.45593092011403,32.45984123954537,1.8414216650448836,26.470874665880334,0.11902185082419692
234.75,39.322503854013114,-33.79197614811352,49.43797465909343,32.45621022864484,32.46000569366223,1.8474392939858646,26.470708704302908,0.11970706619067073
234.8,39.90774761215316,-33.108243931848904,50.43062297467079,32.45648133328894,32.460158456464185,1.8534872089247827,26.470554527004225,0.12035257881962025
234.85000000000002,40.48105848521111,-32.41447549581745,51.423281662558374,32.45674398494432,32.46029998234992,1.859563416519734,26.470411675638672,0.12095829877836195
234.9,41.0422642680041,-31.71087897126683,52.41595039940918,32.456997984759,32.46043098418906,1.8656659204817174,26.470279427877834,0.12152415189902399
234.95000000000002,41.59119638742541,-30.997665449053724,53.40862885426244,32.457243199004004,32.460551706887074,1.8717927223346251,26.470157538488404,0.1220500792396706
235.0,42.12768995354347,-30.2750489162274,54.401316691035284,32.457479520995655,32.460662376118336,1.8779418221448836,26.47004578153167,0.12253603705815408
235.05,42.65158380956221,-29.543246191699943,55.394013569557686,32.45770686779013,32.460763199132465,1.8841112192114409,26.469943949534663,0.12298199620516925
235.10000000000002,43.162720580643764,-28.802476861038688,56.38671914648066,32.45792517717173,32.46085436544049,1.890298912738956,26.46985185278521,0.12338794133114561
235.15,43.660946721578625,-28.052963210403053,57.379433076069624,32.45813440490521,32.460936047528875,1.8965029024957971,26.46976931859937,0.12375387055030274
235.20000000000002,44.14611256328934,-27.294930159647922,58.37215501089254,32.458334522235475,32.46100840150838,1.9027211894585605,26.469696190656368,0.12407979513682221
235.25,44.61807235815384,-26.528605194615814,59.36488460241227,32.458525513612116,32.4610715677025,1.9089517764445816,26.469632328395996,0.12436573925526773
235.3,45.07668432413503,-25.754218298640122,60.35762150149215,32.45870737461857,32.461125671178415,1.9151926687335958,26.469577606475582,0.12461173972042161
235.35000000000002,45.5218106877038,-24.972001883281784,61.350365358821925,32.45888011008713,32.46117082222218,1.9214418746799922,26.469531914284545,0.1248178457802851
235.4,45.95331772554266,-24.18219071832175,62.34311582527218,32.45904373238249,32.46120711676313,1.9276974063164118,26.46949515551163,0.1249841189279266
235.45000000000002,46.37107580501805,-23.385021861031756,63.33587255218245,32.45919825983825,32.461242643386576,1.9339572799499223,26.469459080031715,0.1251106327283935
235.5,46.77495942340928,-22.58073458474597,64.32863519159004,32.459344287234565,32.461267732686245,1.9402195167514407,26.46943355267642,0.12519747267020875
235.55,47.16484724588287,-21.769570306756112,65.32140341828602,32.459481676195395,32.46128130719172,1.9464821433392387,26.46941967307624,0.12524473603036768
235.60000000000002,47.54062214188881,-20.9517725154093,66.31417690176386,32.45961022126656,32.461283422488926,1.9527431920135427,26.46941738468222,0.12525253175596163
235.65,47.90217122067358,-20.127586696779854,67.30695530365279,32.459729735639584,32.46127411508957,1.9590007014291757,26.469426650085076,0.12522097348607986
235.70000000000002,48.24938586554915,-19.297260260741634,68.29973827843146,32.45984004845744,32.461253405168115,1.965252717305745,26.469447448226738,0.12515018831265934
235.75,48.58216176686092,-18.46104246644033,69.29252547403841,32.459941002508195,32.46122129693673,1.971497293123626,26.469479774022414,0.12504031753138634
235.8,48.90039895364498,-17.61918434718996,70.28531653239418,32.460032452110234,32.461185642474554,1.9777324908071279,26.46951561629159,0.12489151635762141
235.85000000000002,49.20400182396558,-16.77193863481775,71.27811108984281,32.46011482285054,32.461144312360005,1.983956381396176,26.46955714585782,0.12470395367003562
235.9,49.492879173923896,-15.919559683481516,72.27090879901016,32.460188357815504,32.461094353805635,1.9901670457074019,26.469607373175442,0.12447781178096307
235.95000000000002,49.766944225008224,-15.062303392881008,73.26370932182141,32.4602530718148,32.461035721154765,1.996362574648181,26.46966634276729,0.1242132862245171
236.0,50.02611465019995,-14.200427131051073,74.25651232076663,32.46030897533908,32.46096835494501,2.0025410696365995,26.469734112948217,0.12391057881558254
236.05,50.27031259885799,-13.334189656757099,75.24931745873596,32.460356073882366,32.46089218222938,2.00870064315459,26.469810755506145,0.12356989976836985
236.10000000000002,50.49946472024835,-12.463851041468601,76.24212439882842,32.460394367335724,32.460807116981954,2.0148394192996193,26.46989635529731,0.12319147035981359
236.15,50.713502185711945,-11.589672590934661,77.2349328041378,32.46042384945331,32.46071305987407,2.0209555343351298,26.469991010484343,0.12277552290058225
236.20000000000002,50.912360709464515,-10.711916766384947,78.22774233751807,32.46044450734051,32.460609898005856,2.0270471372399257,26.47009483282038,0.12232230071020922
236.25,51.095980568022455,-9.83084710538012,79.22055266132912,32.46045632095946,32.46049750459145,2.0331123902567327,26.47020794798106,0.12183205809591868
236.3,51.26430661824912,-8.946728142335502,80.21336343716376,32.46045926264746,32.46037573859647,2.0391494694400123,26.470330495945763,0.12130506033614097
236.35000000000002,51.41728831401643,-8.059825328741951,81.206174325556,32.46045329664382,32.46024444432462,2.0451565652032713,26.470462631431275,0.12074158366559118
236.4,51.55487972147688,-7.170404953107879,82.19898498567149,32.46043837862102,32.460103450952126,2.0511318828659313,26.470604524379375,0.12014191526517948
236.45000000000002,51.67703953294172,-6.278734060646499,83.19179507497994,32.460414455216096,32.45995181516649,2.0570736431999563,26.4707571326232,0.11950635325320036
236.5,51.783731079361274,-5.385080372732325,84.1846042489095,32.46038140949827,32.45978980006215,2.0629800829763667,26.470920183064983,0.11883520668050096
236.55,51.87492234140383,-4.489712206151066,85.17741215841487,32.4603391516814,32.45961739798872,2.068849455511689,26.471093678643143,0.11812879552820732
236.60000000000002,51.95058595916232,-3.5928983921697593,86.17021845101597,32.46028759784621,32.459434367967646,2.0746800312471336,26.471277860182898,0.1173874507064454
236.65,52.010699240431656,-2.6949081954442975,87.16302277102275,32.460226652854885,32.45924045048015,2.0804700983056676,26.4714729872882,0.11661151470889308
236.70000000000002,52.05524416756656,-1.7960112327914326,88.15582475910618,32.460156209828114,32.45903536648291,2.0862179630397577,26.471679339362133,0.11580134117068042
236.75,52.0842074029278,-0.8964773918507987,89.1486240518491,32.46007614958918,32.458822202926505,2.0919219505798097,26.47189376153463,0.11495729468180116
236.8,52.09758029291533,0.0034232503388719193,90.1414202812762,32.45998658197041,32.458663975799226,2.097580405383539,26.472051955217566,0.11407975080103938
236.85000000000002,52.09535887058728,0.9034205088251634,91.13421308361644,32.459892110101045,32.45848383595988,2.103191691786435,26.47223231986772,0.1131690960745857
236.9,52.07754385671868,1.8032441722619845,92.12700227122805,32.45979151909096,32.4582302846087,2.108754194408199,26.47248739328527,0.11222572805792197
236.95000000000002,52.04414065673851,2.7026240843297855,93.11978760998582,32.45968000234223,32.45796378227751,2.1142663158523405,26.472755484119098,0.11125005243528108
237.0,51.99515935974672,3.6012902250878547,94.11256868185477,32.45955741519475,32.457683886953376,2.119726477896741,26.473037037699495,0.11024242888282743
237.05,51.930614738266335,4.498972792501277,95.10534506326803,32.45942359174894,32.45745683688145,2.1251331248363456,26.473264463402955,0.10920324088800726
237.10000000000002,51.85052624376969,5.395402283899937,96.0981163243145,32.4592831092584,32.457239782352566,2.130484724016931,26.473481474215383,0.10813293879209596
237.15,51.75491800079432,6.290309577352819,97.09088221022152,32.459137157336556,32.457012238323635,2.13577976637427,26.473708965202675,0.10703198361170507
237.20000000000002,51.64381879680827,7.183426012580424,98.08364251173548,32.45898537740707,32.456706377284014,2.141016764115598,26.474016139210285,0.10590084714678483
237.25,51.51726207270415,8.074483471773732,99.07639700588511,32.45882259168399,32.45637541424447,2.146194250430476,26.474348693453187,0.10473995482655596
237.3,51.37528591281364,8.96321446033143,100.06914527159142,32.458647793295455,32.45611061252128,2.151310780125577,26.474613497242242,0.10354972629755821
237.35000000000002,51.21793303636829,9.84935218793046,101.06188684925553,32.4584665660973,32.45583334864881,2.156364933148822,26.4748907701155,0.1023305939020247
237.4,51.04525078505132,10.732630649164575,102.05462149292917,32.45827847913669,32.45554309473703,2.1613553155990104,26.47518104477588,0.10108306046490156
237.45000000000002,50.85729110526069,11.612784703164785,103.04734894017832,32.45808309453671,32.45523899870287,2.1662805567666155,26.475485184876835,0.09980764900376471
237.5,50.65411053255512,12.4895501534849,104.04006891181872,32.457879944834296,32.45491900298305,2.17113930978244,26.475805284398774,0.09850482335210131
237.55,50.43577017471199,13.362663827720354,105.03278111078427,32.45766844898778,32.45458402451063,2.1759302522631927,26.476140402168813,0.09717506031648782
237.60000000000002,50.20233569341418,14.231863656839769,106.02548521778179,32.457448132953694,32.45423334018909,2.1806520869672923,26.47649127077362,0.09581884961505693
237.65,49.95387728461858,15.096888754220625,107.01818089538567,32.45721850489908,32.45392126633879,2.1853035425113276,26.476802453852535,0.09443669408199185
237.70000000000002,49.69046965748242,15.957479494332613,108.0108677873575,32.456982987859064,32.453646493644804,2.1898833740144212,26.47707527974568,0.09302911088070687
237.75,49.412192011925825,16.81337759106112,109.00354566842964,32.456744666843754,32.453243684461526,2.194390363745242,26.477478477402915,0.09159663006187202
237.8,49.11912801260145,17.664326174878028,109.99621443136975,32.4564945966736,32.45282161251252,2.198823319408355,26.477901036117586,0.09013979461641952
237.85000000000002,48.81136576176092,18.510069869479157,110.98887362670852,32.45623224066209,32.4525192888461,2.203181072626272,26.4782010764249,0.08865911326225273
237.9,48.488997777587755,19.350354870404516,111.98152278445086,32.45596702981809,32.45221735394351,2.2074624846438766,26.478500407473618,0.08715506435834186
237.95000000000002,48.152120966347226,20.184929021722667,112.97416179543188,32.45569919582705,32.451786468450955,2.211666446970625,26.478931032515693,0.0856282403520936
238.0,47.80083658767738,21.013541889896064,113.96679055935262,32.45541971530019,32.451380559075105,2.2157918760239923,26.47933584713549,0.08407924653496934
238.05,47.43525022380301,21.8359448389114,114.95940863069323,32.45513120414125,32.45102594901662,2.2198377132942184,26.479687977447387,0.08250858106734427
238.10000000000002,47.05547175249765,22.65189110719931,115.95201566402248,32.45483797163235,32.45065330374677,2.2238029310631475,26.48005818595542,0.08091674540452232
238.15,46.66161531226486,23.461135881348117,116.94461147878094,32.45453906678338,32.45026042695088,2.227686531119396,26.480448711058422,0.07930435537858216
238.20000000000002,46.253799265379136,24.263436368636082,117.93719585802981,32.45423344965249,32.449845549871846,2.231487542447418,26.480861355283622,0.07767200112496653
238.25,45.83214616254435,25.058551870226758,118.92976854504883,32.45392002823959,32.44940857631031,2.23520502206987,26.481296214424155,0.07602022656044483
238.3,45.396782706314426,25.846243853796185,119.92232924134598,32.45359778167321,32.44902979163781,2.2388380559352186,26.48167133149567,0.07434959244903894
238.35000000000002,44.94783971326369,26.62627602556261,120.91487760937991,32.45327149667068,32.44867513424319,2.242385759828146,26.482021470209368,0.07266067730697046
238.4,44.48545207485087,27.398414401660453,121.90741349474105,32.45294318506872,32.448163585643854,2.245847280228581,26.48253141618372,0.0709540778585449
238.45000000000002,44.00975871406246,28.162427377009582,122.89993681998907,32.4526017851098,32.44772697637085,2.249221791672028,26.482964510126678,0.06923040800870695
238.5,43.5209025423705,28.91808579415233,123.89244708450398,32.45225358448558,32.447398600970736,2.2525084957695185,26.48328675482531,0.06749022886893385
238.55,43.01903042207039,29.66516301563982,124.88494402821877,32.45190679994881,32.44691584684913,2.255706628075579,26.483766244284475,0.06573408194981312
238.60000000000002,42.50429311855838,30.40343499016763,125.87742770540972,32.45155030329883,32.446432808902664,2.2588154545209562,26.48424566640226,0.06396264612121172
238.65,41.97684525067376,31.1326803169706,126.86989774463851,32.45118476798482,32.446031289738286,2.2618342666778304,26.484641502677686,0.06217652890754266
238.70000000000002,41.436845249432274,31.852680316039482,127.86235380023845,32.45081666239578,32.445603908347934,2.264762388641998,26.48506338056508,0.06037624313748324
238.75,40.8844553096731,32.5632190936251,128.85479577399784,32.450444322820935,32.4451460722585,2.267599176813995,26.48551598961511,0.05856243928334948
238.8,40.31984133787854,33.26408360467868,129.847223504063,32.45006587635219,32.44465635659055,2.270344016189071,26.486000786253705,0.056735763439945686
238.85000000000002,39.74317290283764,33.95506371729227,130.839636756938,32.449679482083496,32.44414996303972,2.272996321525575,26.486502250993162,0.054896787501519384
238.9,39.15462318525211,34.63595227640455,131.83203522871102,32.449284516437515,32.44386671220896,2.275555538630634,26.48677550864833,0.053046106730079146
238.95000000000002,38.554368926180025,35.30654516666348,132.8244185916241,32.448897530421185,32.443268938737084,2.278021145617636,26.4873695572542,0.05118434210118039
239.0,37.94259037380848,35.96664137393798,133.81678715105528,32.44849548815804,32.44275701596934,2.280392653423057,26.48787558631526,0.049312139740038674
239.05,37.31947122170158,36.61604303876306,134.80914033118864,32.44808559728742,32.44244204015291,2.2826695959948253,26.488180144015587,0.04743015610841894
239.10000000000002,36.6851985634859,37.2545555249683,135.80147783193297,32.44768248606352,32.44186360958649,2.284851544260256,26.488753372475053,0.04553885143536718
239.15,36.03996283301282,37.88198747515962,136.79379991276656,32.44726685202945,32.441363313652815,2.2869381019112254,26.489246458248367,0.04363896530861666
239.20000000000002,35.3839577407256,38.49815086168403,137.78610609480822,32.446845170716834,32.440940840380414,2.2889288967218917,26.489659716715334,0.04173115301938424
239.25,34.717380223297,39.1028610511622,138.77839614688787,32.446423432835665,32.44047808353549,2.290823592246767,26.49011376248231,0.039815896213326596
239.3,34.040430381358966,39.69593685702522,139.77067006699272,32.445998765028506,32.43996655357371,2.2926218840199226,26.490617271481444,0.03789391049750179
239.35000000000002,33.35331141671911,40.27720059099823,140.76292774320208,32.44556789278173,32.43940121289976,2.29432349603686,26.491175396111032,0.03596583546311649
239.4,32.656229572255334,40.84647811744642,141.75516893834757,32.445127415647306,32.43904566184995,2.2959281825542632,26.49151891778491,0.03403224033874608
239.45000000000002,31.949394070938233,41.40359890693269,142.74739328520056,32.44469300466178,32.43856548557526,2.2974357301221886,26.49198938644714,0.032093730348066174
239.5,31.233017053875272,41.94839608884902,143.73960101595316,32.44425532472703,32.43780173855239,2.2988459596827795,26.492749162932363,0.030150951358507427
239.55,30.507313510562305,42.480706493803694,144.7317920057309,32.443794354285984,32.43754705085868,2.300158717201164,26.49298866024859,0.028204591211817842
239.60000000000002,29.772501217614103,43.00037070666831,145.72396536386285,32.44334811832689,32.43716101279349,2.301373879313452,26.493361996340433,0.026255150367688884
239.65,29.02880067989039,43.507233124084976,146.7161216540996,32.44290618221736,32.43638041360755,2.3024913653860466,26.494138047068216,0.024303242245764523
239.70000000000002,28.276435050805816,44.00114198224827,147.70826104107078,32.442440055888085,32.436009280159304,2.303511114689144,26.494495531883384,0.022349721451888627
239.75,27.515630069046114,44.481949407034556,148.70038259972344,32.4419807147646,32.43557138224922,2.304433092679403,26.494920912560733,0.020394986061944564
239.8,26.746613999705357,44.94951147253569,149.69248658975738,32.441522905299216,32.435043360584494,2.305257308122023,26.495438062323448,0.018439559805187855
239.85000000000002,25.969617555378143,45.403688228328924,150.6845730699327,32.44106008067674,32.43439540574561,2.3059837944751678,26.49607744869794,0.016484308852398044
239.9,25.1848738285586,45.84434374368914,151.67664184861525,32.44058403246738,32.43389470046037,2.3066126130334084,26.49656613079275,0.014529727062893016
239.95000000000002,24.392618223469626,46.27134615141666,152.66869242023677,32.440106223038306,32.43380438231324,2.307143856840085,26.496635276071665,0.012576371164811917
240.0,23.593088387366652,46.68456769149069,153.66072471763056,32.43965609155794,32.43380438231324,2.307577655588979,26.497846851506154,0.01062487613353369
