time_s,north_m,east_m,heading_deg,bank_deg,bank_demand_deg,radial_error_m,l1_period_s,delta_error_mps
0.0,85.0,0.0,90.0,0.0,35.0,35.0,20.0,0.0
0.05,85.0,0.9,90.0,2.5000000000000004,35.0,35.004764572346176,20.0,0.0
0.1,85.0,1.8,90.0681449877476,4.821428571428572,35.0,35.01905668730981,20.0,0.0
0.15000000000000002,84.99892958128792,2.69999936344632,90.19979494313216,6.977040816326531,35.0,35.04180164205927,20.0,0.0
0.2,84.99579121602036,3.599993891576046,90.3907994181403,8.978680758017495,35.0,35.07199586501254,20.0,0.0
0.25,84.98965260071257,4.4999729565559505,90.63740689726464,10.837346418159102,35.0,35.10869994189515,20.0,0.0
0.30000000000000004,84.97964044310781,5.399917264110645,90.93619549374141,12.563250245433451,35.0,35.1510328551517,20.0,0.0
0.35000000000000003,84.9649353730412,6.299797123266486,91.28401949070688,14.165875227902491,35.0,35.19816715598631,20.0,0.0
0.4,84.9447677302591,7.199571131662268,91.67796778905172,15.654026997338025,35.0,35.249324860831194,20.0,0.0
0.45,84.91841404138414,8.09918520618683,92.11533138877478,17.03588221181388,35.0,35.30377391597668,20.0,0.0
0.5,84.88519404157955,8.998571903671834,92.59357777563496,18.319033482398606,35.0,35.36082511188704,20.0,0.0
0.55,84.84446812873492,9.897649987056683,93.1103306157308,19.510531090798704,35.0,35.419829356620696,20.0,0.0
0.6000000000000001,84.79563516236699,10.796324200214993,93.66335354547707,20.616921727170222,35.0,35.48017523862124,20.0,0.0
0.65,84.73813053808557,11.694485220403607,94.25053712799978,21.64428446094378,35.0,35.54128682490034,20.0,0.0
0.7000000000000001,84.67142448292645,12.592009761686523,94.8698882590395,22.598264142304938,35.0,35.60262165264757,20.0,0.0
0.75,84.5950205281652,13.488760806122402,95.51952146621932,23.484102417854583,35.0,35.66366888153621,20.0,0.0
0.8,84.50845412515656,14.384587942276553,96.19765166886934,24.30666653086497,35.0,35.72394758113265,20.0,0.0
0.8500000000000001,84.4112913768456,15.27932779292626,96.90258806118545,25.070476064374613,35.0,35.783005133362025,20.0,0.0
0.9,84.30312786327171,16.17280451580792,97.63272885618677,25.77972777406214,35.0,35.84041573430126,20.0,0.0
0.9500000000000001,84.18358754394006,17.064830362997387,98.38655668665734,26.43831864734342,35.0,35.89577898294013,20.0,0.0
1.0,84.05232172359305,17.955206286081914,99.16263450561469,27.049867315390316,35.0,35.94871854717874,20.0,0.0
1.05,83.90900807085482,18.843722575712455,99.95960186551957,27.617733935719578,35.0,35.9988808993768,20.0,0.0
1.1,83.75334968158172,19.73015952544374,100.77617148444986,28.14503865459675,35.0,36.04593411535936,20.0,0.0
1.1500000000000001,83.5850741806385,20.614288110991286,101.61112603036082,28.63467875069698,35.0,36.08956673201345,20.0,0.0
1.2000000000000002,83.403932857322,21.49587067716824,102.46331507255755,29.089344554218624,35.0,36.12948665955358,20.0,0.0
1.25,83.20969983084113,22.374661625815346,103.33165216356896,29.51153422891729,35.0,36.16542014525558,20.0,0.0
1.3,83.00217124319079,23.25040809900713,104.21511202550535,29.903567498280346,35.0,36.19711078600224,20.0,0.0
1.35,82.78116447747693,24.122850652708347,105.1127278233224,30.26759839126032,35.0,36.22431858739135,20.0,0.0
1.4000000000000001,82.54651740029786,24.991723916867922,106.02358851370865,30.60562707759887,35.0,36.24681906745677,20.0,0.0
1.4500000000000002,82.29808762719654,25.856757238675137,106.94683626297154,30.919510857770383,35.0,36.26440240327118,20.0,0.0
1.5,82.03575181049742,26.717675306366136,107.88166393066068,31.21097436792964,35.0,36.27687261885387,20.0,0.0
1.55,81.75940494905045,27.57419875156096,108.8273126180081,31.48161905593466,35.0,36.28404681291555,20.0,0.0
1.6,81.46895971954515,28.426044728635226,109.78306928181536,31.73293198051076,35.0,36.2857544250454,20.0,0.0
1.6500000000000001,81.16434582914219,29.272927470089776,110.74826441535717,31.966293981902847,35.0,36.281836538994284,20.0,0.0
1.7000000000000002,80.84550938921402,30.114558817280415,111.72226979835415,32.182987268909784,35.0,36.272145221739635,20.0,0.0
1.75,80.51241230999781,30.950648726212243,112.70449631820898,32.384202463987656,35.0,36.256542897037505,20.0,0.0
1.8,80.1650317159541,31.78090574839383,113.69439186460365,32.57104514513139,35.0,36.23490175218048,20.0,0.0
1.85,79.80335938159803,32.605037486989936,114.69143929928954,32.74454192047916,35.0,36.2071031766902,20.0,0.0
1.9000000000000001,79.42740118753412,33.42275102871234,115.69515450253247,32.905646069016356,35.0,36.17303723168163,20.0,0.0
1.9500000000000002,79.03717659638276,34.23375335205104,116.70508449724208,33.05524277837233,35.0,36.13260214864556,20.0,0.0
2.0,78.63271814824246,35.03775171257669,117.72080565135838,33.19415400848859,35.0,36.085703856407605,20.0,0.0
2.0500000000000003,78.21407097528623,35.83445400614422,118.7419219586095,33.323143007882265,35.0,36.032255535035105,20.0,0.0
2.1,77.7812923350484,36.623569110900114,119.76806339731375,33.44291850731925,35.0,35.972177195480725,20.0,0.0
2.15,77.33445116191788,37.404807209046474,120.79888436648893,33.5541386139393,35.0,35.90539528377131,20.0,0.0
2.2,76.8736276363186,38.17788008934577,121.83406219815939,33.657414427229355,35.0,35.83184230857351,20.0,0.0
2.25,76.39891277102711,38.942501431365,122.87329574442106,33.753313396712976,35.0,35.751456490994215,20.0,0.0
2.3000000000000003,75.91040801405146,39.69838707245904,123.91630403754039,33.8423624398049,35.0,35.664181435501675,20.0,0.0
2.35,75.40822486747469,40.44525525848269,124.96282502112103,33.925050836961695,35.0,35.56996582088513,20.0,0.0
2.4000000000000004,74.89248452165101,41.182826879201436,126.01261435017648,34.00183292003586,35.0,35.468763110203085,20.0,0.0
2.45,74.36331750413142,41.91082568934429,127.06544425778766,34.073130568604725,35.0,35.360531278705494,20.0,0.0
2.5,73.8208633426895,42.62897851620941,128.12110248590713,34.139335527990106,35.0,35.24523255875066,20.0,0.0
2.5500000000000003,73.26527024181622,43.337015454696385,129.17939127778524,34.200811561705095,35.0,35.12283320077496,20.0,0.0
2.6,72.69669477205373,44.03467005059923,130.2401264294399,34.25789645015473,35.0,34.99330324941069,20.0,0.0
2.6500000000000004,72.11530157154411,44.72167947295178,131.30313639756375,34.31090384657225,35.0,34.85661633388517,20.0,0.0
2.7,71.52126305917663,45.39778467617405,132.3682614612599,34.36012500038852,35.0,34.71274947187234,20.0,0.0
2.75,70.91475915872833,46.062730552724155,133.43535293501293,34.40583035750363,35.0,34.56168288600523,20.0,0.0
2.8000000000000003,70.2959770334058,46.71626607691648,134.50427243033636,34.448271046253375,35.0,34.403399832295705,20.0,0.0
2.85,69.66511083021136,47.35814444052367,135.57489116358676,34.48768025723527,35.0,34.237886439743576,20.0,0.0
2.9000000000000004,69.02236143357324,47.98812318073744,136.64708930749325,34.52427452457561,34.898587071079646,34.06513156045405,20.0,0.0
2.95,68.3679362276979,48.60596430102244,137.72075538402234,34.551011135040184,34.48328884622012,33.885126629616735,20.0,0.0
3.0,67.70204886712132,49.211434385357215,138.7954947814586,34.5461738286959,34.058416089903275,33.697865534733936,20.0,0.0
3.0500000000000003,67.02492206521737,49.80430814438465,139.87003993781568,34.51133399021071,33.62484973994522,33.50334896032183,20.0,0.0
3.1,66.33679603051812,50.3843793127503,140.9431867738875,34.44801368662032,33.183498674682255,33.301597741734014,20.0,0.0
3.1500000000000004,65.6379266271113,50.95146092678994,142.0137951977853,34.35769118576761,32.73529690647088,33.09265179593349,20.0,0.0
3.2,64.92858355899233,51.50538548095917,143.0807893851508,34.24180588010355,32.28120030765915,32.876569044086565,20.0,0.0
3.25,64.2090485893917,52.046004965922315,144.14315783645782,34.10176262492895,31.822182927289504,32.65342433116534,20.0,0.0
3.3000000000000003,63.479613805298065,52.573190792509365,145.1999532151013,33.938935503668986,31.35923296175158,32.42330834767178,20.0,0.0
3.35,62.74057993649279,53.086833606884014,146.2502919720535,33.754671036389176,30.89334844664548,32.18632655845151,20.0,0.0
3.4000000000000004,61.99225473742607,53.586843003237476,147.29335376475308,33.55029085140748,30.425532740030192,31.942598143356093,20.0,0.0
3.45,61.23495143922207,54.0731471411279,148.32838067958505,33.327093843451955,29.956789868850787,31.692254954248597,20.0,0.0
3.5,60.468987278022674,54.54569227522421,149.3546762688105,33.08635784526616,29.488119810548213,31.435440492534468,20.0,0.0
3.5500000000000003,59.694682104787965,55.00444220568957,150.37160441410302,32.8293408427863,29.020513780613204,31.17230891104883,20.0,0.0
3.6,58.91235708058659,55.44937765775909,151.37858802994222,32.557281766916795,28.554949594159908,30.903024043748417,20.0,0.0
3.6500000000000004,58.12233346034808,55.880495599238266,152.37510762099777,32.27140089743416,28.092387165540668,30.627758466252715,20.0,0.0
3.7,57.32493146702881,56.29780850468267,153.36069970830104,31.97289991658463,27.63376420473359,30.34669258986004,20.0,0.0
3.75,56.52046925717619,56.7013435749294,154.33495513945067,31.662961651452413,27.179992162881152,30.060013791240294,20.0,0.0
3.8000000000000003,55.709261977974236,57.09114192044893,155.29751729832967,31.34274954512589,26.731952472159314,29.76791557958255,20.0,0.0
3.85,54.89162091502594,57.4672577166883,156.2480802298361,31.013406897056846,26.290493117348234,29.470596802560777,20.0,0.0
3.9000000000000004,54.06785272938084,57.82975733919704,157.18638669495135,30.67605591279195,25.856425568312762,29.1682608920799,20.0,0.0
3.95,53.23825878165404,58.178718485881106,158.11222617111056,30.331796602472007,25.430522094327817,28.861115150381735,20.0,0.0
4.0,52.4031345405075,58.51422929323226,159.0254328123081,29.981705566175993,25.013513473048995,28.549370076732572,20.0,0.0
4.05,51.562769072276375,58.83638745284439,159.92588338269493,29.62683470238121,24.60608709914179,28.23323873458216,20.0,0.0
4.1000000000000005,50.7174446081203,59.14529933396788,160.81349517662136,29.268209873578396,24.208885490336613,27.912936158781818,20.0,0.0
4.15,49.86743618475962,59.441079117279514,161.68822393717252,28.9068295604897,23.822505182125052,27.58867880217936,20.0,0.0
4.2,49.01301135461416,59.72384794447039,162.55006178426197,28.543663533463654,23.447495996566047,27.260684020669643,20.0,0.0
4.25,48.15442996099358,59.993733087686074,163.3990351623104,28.179651566542397,23.084360665812,26.92916959557509,20.0,0.0
4.3,47.291943973885864,60.25086714230123,164.2352028164681,27.815702216490227,22.733554787025394,26.59435329205668,20.0,0.0
4.3500000000000005,46.425797381849236,60.49538724598053,165.05865380526174,27.452691685814166,22.395487082344374,26.256452452114914,20.0,0.0
4.4,45.556226135524945,60.72743432647502,165.86950555647743,27.09146278556632,22.070519935441034,25.915683620628897,20.0,0.0
4.45,44.683458138347525,60.94715238013222,166.66790197205088,26.732824010557373,21.75897017494717,25.572262202798413,20.0,0.0
4.5,43.80771328012852,61.15468778266146,167.4540115867353,26.37754873658522,21.461110074524335,25.22640215129759,20.0,0.0
4.55,42.92920350932271,61.35018863329575,168.2280257843737,26.026374546438014,21.177168539542674,24.878315681416183,20.0,0.0
4.6000000000000005,42.04813293994637,61.53380413312856,168.99015707471872,25.68000268880263,20.907332451106473,24.528213012453435,20.0,0.0
4.65,41.16469798929917,61.705683998077845,169.7406374329321,25.33909767182433,20.651748139428438,24.176302133638686,20.0,0.0
4.7,40.27908754283997,61.86597790664062,170.47971670316005,25.004286990938912,20.410522960200954,23.822788592877686,20.0,0.0
4.75,39.391483142776565,62.0148349823478,171.20766106692068,24.67616098874334,20.183726949553563,23.467875306663657,20.0,0.0
4.800000000000001,38.5020591971469,62.152403310608904,171.92475157645868,24.35527284308693,19.97139453532299,23.111762389544353,20.0,0.0
4.8500000000000005,37.610983206389655,62.27882948944855,172.63128275271856,24.042138678246648,19.773526284620047,22.754647001597988,20.0,0.0
4.9,36.71841600462337,62.39425821347816,173.32756124715658,23.737237792987603,19.590090669980274,22.396723212440833,20.0,0.0
4.95,35.8245120130713,62.498831890315486,174.0139045662523,23.44101299848708,19.421025838672904,22.0381818803654,20.0,0.0
5.0,34.92941950328291,62.59269028855839,174.69063985728644,23.153871058500354,19.26624137196475,21.6792105452879,20.0,0.0
5.050000000000001,34.03328086800967,62.67597021633583,175.35810275371978,22.876183223747812,19.125620023249567,21.319993334266712,20.0,0.0
5.1000000000000005,33.13623289779146,62.748805229395366,176.01663627832875,22.60828585228365,18.999019425931753,20.96071087843802,20.0,0.0
5.15,32.23840706149927,62.81132536764076,176.66658980212682,22.35048110754423,18.88627376376912,20.601540240298988,20.0,0.0
5.2,31.33992978925915,62.86365691900281,177.3083180570165,22.103037725846008,18.787195398022334,20.242654850352736,20.0,0.0
5.25,30.44092275635097,62.90592220950973,177.9421802000705,21.866191845287172,18.701576447221477,19.884224452211072,20.0,0.0
5.300000000000001,29.541503166833166,62.93823941841806,178.5685389273288,21.640147888282478,18.629190316636443,19.526415055330773,20.0,0.0
5.3500000000000005,28.641784035791336,62.96072241726898,179.18775963501093,21.425079490307763,18.56979317563813,19.169388894635375,20.0,0.0
5.4,27.741874469244056,62.973480631747805,179.80020962608324,21.221130467831358,18.523125382061313,18.813304396347732,20.0,0.0
5.45,26.841879940864054,62.97661892524273,-179.59374263982733,21.028415818847787,18.488912853442994,18.45831614942776,20.0,0.0
5.5,25.941902564787043,62.97023750302375,-178.9937282551082,20.8470227498903,18.466868385620728,18.10457488207473,20.0,0.0
5.550000000000001,25.04204136388457,62.954431835990626,-178.39937853328257,20.677011723871047,18.456692919648166,17.752227442814714,20.0,0.0
5.6000000000000005,24.142392532971552,62.92929260297057,-177.81032564034518,20.51841752356941,18.458076758335114,17.401416785749888,20.0,0.0
5.65,23.243049696504116,62.894905650580114,-177.22620318999074,20.371250326052674,18.470700733960026,17.052281959598773,20.0,0.0
5.7,22.3441041603998,62.85135196970091,-176.64664680431636,20.235496783760343,18.4942373288479,16.70495810020438,20.0,0.0
5.75,21.445645157680186,62.79870768765552,-176.0712946414882,20.111121108409456,18.528351750574334,16.359576426230575,20.0,0.0
5.800000000000001,20.547760087696467,62.73704407520594,-175.49978789176777,19.998066154278376,18.572702963554573,16.01626423780631,20.0,0.0
5.8500000000000005,19.650534748751898,62.66642756753383,-174.93177124320516,19.896254497798104,18.626944678722623,15.675144917912974,20.0,0.0
5.9,18.754053563981664,62.58691979839801,-174.36689331822157,19.805589510721283,18.69072630290935,15.336337936341351,20.0,0.0
5.95,17.858399800391467,62.498577646699516,-173.80480708222206,19.725956424449,18.763693849401545,14.999958856072752,20.0,0.0
6.0,16.96365578099125,62.40145329471946,-173.24517022530668,19.657223383374184,18.84549081101485,14.666119341963082,20.0,0.0
6.050000000000001,16.06990308999042,62.29559429732777,-172.68764551807803,19.599242485348515,18.935758996853284,14.334927171630028,20.0,0.0
6.1000000000000005,15.177222771046456,62.1810436614932,-172.13190114248178,19.551850807598857,19.034139333761683,14.006486248461528,20.0,0.0
6.15,14.28569551857998,62.05783993545548,-171.57761099856037,19.51487141661049,19.140272633312687,13.680896616679242,20.0,0.0
6.2,13.39540186218684,61.92601730694985,-171.02445498795004,19.488114360660646,19.253800325012747,13.358254478403452,20.0,0.0
6.25,12.506422344191922,61.78560570990202,-170.47211927490736,19.471377643828653,19.374365156265124,13.038652212676475,20.0,0.0
6.300000000000001,11.618837690400483,61.636630939038184,-169.92029652561374,19.46444818043126,19.501611859496265,12.722178396409909,20.0,0.0
6.3500000000000005,10.732728974111307,61.479114771879544,-169.36868612647206,19.4671027289359,19.63518778673779,12.408917827227754,20.0,0.0
6.4,9.848177773462062,61.31307509761469,-168.81699438208338,19.47910880449318,19.774743511862123,12.098951548181965,20.0,0.0
6.45,8.96526632218138,61.1385260523654,-168.26493469356706,19.500225569305247,19.919933400594253,11.792356874320646,20.0,0.0
6.5,8.084077653824487,60.95547816038244,-167.71222771786853,19.530204700111604,20.070416148368793,11.489207421090775,20.0,0.0
6.550000000000001,7.204695739570021,60.76393848072793,-167.15860150868346,19.568791232129975,20.22585528606814,11.189573134558366,20.0,0.0
6.6000000000000005,6.327205619655247,60.56391075901927,-166.60379163961426,19.615724378839847,20.38591965366338,10.893520323428888,20.0,0.0
6.65,5.45169352852535,60.35539558382726,-166.04754131016466,19.670738327041526,20.550283841785237,10.601111692849663,20.0,0.0
6.7,4.5782470137701194,60.13839054733746,-165.48960143517112,19.733563006666078,20.718628601274244,10.312406379974448,20.0,0.0
6.75,3.706955048918281,59.91289040989931,-164.9297307182627,19.803924834852378,20.8906412207977,10.02745999126821,20.0,0.0
6.800000000000001,2.8379081401561637,59.67888726810201,-164.3676957099378,19.88154743384847,21.06601587267215,9.746324641527472,20.0,0.0
6.8500000000000005,1.9711984270334377,59.43637072602968,-163.8032708508415,19.966152322335876,21.244453927093108,9.469048994588576,20.0,0.0
6.9,1.106919777214487,59.185328069361276,-163.23623850082487,20.057459579818538,21.425664235047133,9.195678305693164,20.0,0.0
6.95,0.24516787532967643,58.925744441992535,-162.6663889543654,20.15518848376344,21.609363380259502,8.92625446547666,20.0,0.0
7.0,-0.613959694023526,58.65760302486855,-162.09352044292453,20.259058119227443,21.795275900617852,8.660816045542305,20.0,0.0
7.050000000000001,-1.4703633690838414,58.38088521672606,-161.51743912481643,20.36878796075533,21.98313447959788,8.399398345579613,20.0,0.0
7.1000000000000005,-2.3239415394921967,58.09557081645449,-160.93795906315924,20.484098426386943,22.172680108308487,8.142033441982882,20.0,0.0
7.15,-3.1745904805825984,57.80163820679408,-160.35490219247617,20.604711403667054,22.36366221886034,7.888750237922075,20.0,0.0
7.2,-4.022204293363489,57.49906453909803,-159.7680982745105,20.73035074760943,22.555838789849265,7.63957451481501,20.0,0.0
7.25,-4.866674850158372,57.18782591889394,-159.17738484381343,20.86074275062656,22.7489764248274,7.394528985147026,20.0,0.0
7.300000000000001,-5.707891745877209,56.867897591987486,-158.58260714365875,20.995616584498052,22.942850404712544,7.153633346581117,20.0,0.0
7.3500000000000005,-6.5457422548924376,56.539254130858374,-157.98361805283113,21.13470471451337,23.137244715156765,6.916904337299215,20.0,0.0
7.4,-7.38011129349524,56.20186962110573,-157.380278003829,21.2777432859879,23.33195204996009,6.684355792512477,20.0,0.0
7.45,-8.210881387909083,55.85571784770624,-156.7724548930136,21.424472483414483,23.526773791669367,6.455998702076656,20.0,0.0
7.5,-9.037932647838346,55.500772480854636,-156.1600239832278,21.574636862575545,23.721519970552674,6.231841269146194,20.0,0.0
7.550000000000001,-9.861142745530206,55.13700726116183,-155.54286779939852,21.727985656002485,23.9160092031763,6.011888969799394,20.0,0.0
7.6000000000000005,-10.680386900327735,54.76439618399143,-154.92087601762609,21.884273052229187,24.110068611843996,5.796144613565076,20.0,0.0
7.65,-11.49553786869144,54.382913682720776,-154.29394534825224,22.04325844934453,24.303533726178177,5.58460840478034,20.0,0.0
7.7,-12.306465939665264,53.992534810717345,-153.66197941338783,22.204706683404076,24.49624836813665,5.3772780047075415,20.0,0.0
7.75,-13.113038935761352,53.59323542182653,-153.02488861936789,22.368388232313546,24.68806452176322,5.174148594338227,20.0,0.0
7.800000000000001,-13.915122219235617,53.1849923491711,-152.3825900245893,22.534079395845666,24.878842188966708,4.975212937810916,20.0,0.0
7.8500000000000005,-14.712578703723537,52.76778358206742,-151.73500720317298,22.70156245249717,25.0684492326124,4.780461446369394,20.0,0.0
7.9,-15.505268871202452,52.3415884408677,-151.08207010487905,22.870625793933975,25.2567612081919,4.589882242787951,20.0,0.0
7.95,-16.293050794243047,51.90638774954189,-150.42371491168873,23.04106403780954,25.4436611853132,4.403461226190167,20.0,0.0
8.0,-17.075780163508874,51.462164005817264,-149.75988389145368,23.21267811977409,25.629039560222154,4.221182137188016,20.0,0.0
8.05,-17.85331032045834,51.008901548697615,-149.09052524899815,23.38527536552038,25.81279386053182,4.043026623268524,20.0,0.0
8.1,-18.625492295199056,50.54658672318849,-148.41559297504534,23.558669543735483,25.994828543295096,3.868974304355696,20.0,0.0
8.15,-19.39217484943944,50.07520804205893,-147.7350466933251,23.732680900846884,26.175054787513375,3.6990028384765736,20.0,0.0
8.200000000000001,-20.1532045244773,49.5947563444745,-147.04885150620478,23.90713617846592,26.353390282125396,3.533087987460668,20.0,0.0
8.25,-20.908425694159696,49.10522495134067,-146.356977839172,24.081868614441596,26.529759010471842,3.371203682603671,20.0,0.0
8.3,-21.6576806227427,48.60660981720003,-145.6594012844823,24.256717928443756,26.704091032178464,3.213322090227095,20.0,0.0
8.35,-22.400809527573937,48.09890967853122,-144.9561024442716,24.431530292996236,26.87632226334697,3.059413677067255,20.0,0.0
8.4,-23.1376506465149,47.582126198302,-144.24706677341902,24.60615829087843,27.04639425588903,2.9094472754281284,20.0,0.0
8.450000000000001,-23.86804031001392,47.05626410663368,-143.53228442243145,24.78046085980776,27.214253976783244,2.76339014803456,20.0,0.0
8.5,-24.591813017734758,46.52133133743885,-142.8117500806082,24.95430322530601,27.379853587979934,2.6212080525238335,20.0,0.0
8.55,-25.308801519639594,45.977339160899284,-142.08546281973057,25.12755682263986,27.543150227623958,2.4828653055154177,20.0,0.0
8.6,-26.01883690141923,45.4243023116559,-141.3534259385077,25.300099208710154,27.704105793211795,2.3483248462007893,20.0,0.0
8.65,-26.721748674157254,44.862239112588135,-140.61564680799802,25.471813964745987,27.86268672724609,2.217548299396988,20.0,0.0
8.700000000000001,-27.41736486810902,44.2911715940651,-139.87213671821175,25.642590590638854,28.018863805898697,2.0904960380100235,20.0,0.0
8.75,-28.105512130470466,43.71112560855667,-139.1229107260892,25.812324391728843,28.172611931144047,1.9671272448558668,20.0,0.0
8.8,-28.786015827006178,43.122130940498266,-138.36798750503647,25.98091635882993,28.323909926775034,1.847399973789699,20.0,0.0
8.85,-29.458700147400506,42.52422141130876,-137.60738919618822,26.14827304225458,28.47274033866789,1.731271210095592,20.0,0.0
8.9,-30.123388214190356,41.91743497946707,-136.84114126155734,26.314306420569817,28.619089239617704,1.6186969300918292,20.0,0.0
8.950000000000001,-30.779902195133108,41.30181383555898,-136.069272339218,26.478933764787524,28.762946039023415,1.5096321599089961,20.0,0.0
9.0,-31.428063418858308,40.67740449221196,-135.29181410065934,26.642077498661518,28.90430329766177,1.4040310334005426,20.0,0.0
9.05,-32.067692493647186,40.044257868842045,-134.50880111043583,26.803665055732964,29.043156547750446,1.301846849147978,20.0,0.0
9.1,-32.698609429179754,39.40242937114333,-133.7202706882297,26.963628733734215,29.17950411846609,1.2030321265252937,20.0,0.0
9.15,-33.32063376108528,38.75197896525716,-132.92626277343166,27.121905546929348,29.313346967048506,1.1075386607896576,20.0,0.0
9.200000000000001,-33.93358467812813,38.09297124656462,-132.12681979233554,27.27843707693786,29.444688515591654,1.015317577167849,20.0,0.0
9.25,-34.53728115185772,37.42547550305276,-131.32198652803322,27.433169322555987,29.57353449359236,0.9263193839106023,20.0,0.0
9.3,-35.13154206854827,36.74956577321148,-130.51180999308744,27.586052549058582,29.699892786301604,0.8404940242890788,20.0,0.0
9.35,-35.716186363251246,36.06532089842522,-129.6963393050506,27.737041137433085,29.823773288897726,0.7577909275106407,20.0,0.0
9.4,-36.29103315578117,35.37282456982986,-128.87562556488922,27.886093433966273,29.9451877664786,0.6781590585329695,20.0,0.0
9.450000000000001,-36.85590188845345,34.672165369612514,-128.0497217383657,28.033171600574295,30.064149719849,0.6015469667584767,20.0,0.0
9.5,-37.41061246539114,33.9634368067385,-127.21868254041999,28.178241466236777,30.180674257060208,0.5279028335928331,20.0,0.0
9.55,-37.95498539321643,33.24673734709665,-126.38256432258738,28.321272379867022,30.294777970642475,0.4571745188541456,20.0,0.0
9.600000000000001,-38.488841922941674,32.522170438060826,-125.54142496347964,28.462237064922412,30.406478820455156,0.3893096060212926,20.0,0.0
9.65,-39.01200419287403,31.78984452747236,-124.69532376235041,28.601111476031896,30.515796022065672,0.3242554463122218,20.0,0.0
9.700000000000001,-39.524295372347915,31.049873077054674,-123.84432133575889,28.73787465789145,30.622749940556808,0.2619592015851211,20.0,0.0
9.75,-40.02553980609922,30.302374570278012,-122.98847951733808,28.87250860665326,30.727361989650493,0.20236788605757283,20.0,0.0
9.8,-40.51556315909596,29.547472514698725,-122.1278612606692,29.004998134010204,30.82965453602787,0.14542840684054426,20.0,0.0
9.850000000000001,-40.99419256164074,28.78529543880387,-121.26253054525594,29.135330734154323,30.9296508087163,0.09108760328631149,20.0,0.0
9.9,-41.4612567545614,28.015976883398263,-120.39255228558807,29.263496453765892,31.027374813408446,0.039292285150963835,20.0,0.0
9.950000000000001,-41.91658623430791,27.23965538757725,-119.51799224327713,29.38948776516893,31.1228512515718,-0.010010730425861425,20.0,0.0
10.0,-42.36001339777499,26.456474469334516,-118.6389169422427,29.51329944276914,31.21610544420327,-0.05687458311979299,20.0,0.0
10.05,-42.7913726866722,25.666582600860043,-117.75539358692214,29.634928442871576,31.307163260079264,-0.10135233479321215,20.0,0.0
10.100000000000001,-43.21050073126533,24.87013317858921,-116.86748998347244,29.75437378695784,31.396051048349097,-0.14349693603205083,20.0,0.0
10.15,-43.61723649331569,24.067284488069436,-115.97527446392859,29.871636448485784,31.482795575317734,-0.18336119383908311,20.0,0.0
10.200000000000001,-44.011421408046516,23.258199663716237,-115.07881581327813,29.986719243259497,31.567423965262382,-0.22099774047349285,20.0,0.0
10.25,-44.39289952496888,22.44304664353575,-114.1781831994091,30.099626723402558,31.649963645127336,-0.25645900342534134,20.0,0.0
10.3,-44.76151764740268,21.621998118895835,-113.27344610588379,30.21036507495433,31.730442292941206,-0.2897971765123799,20.0,0.0
10.350000000000001,-45.117125470531874,20.795231479432612,-112.36467426748835,30.318942019096248,31.80888778980127,-0.3210641920853803,20.0,0.0
10.4,-45.45957571783682,19.962928753184055,-111.45193760850522,30.425366717003744,31.88532817527154,-0.3503116943274094,20.0,0.0
10.450000000000001,-45.788724275750226,19.125276542046564,-110.53530618365275,30.529649678308584,31.95979160604166,-0.37759101363140246,20.0,0.0
10.5,-46.10443032638763,18.282465952654775,-109.6148501216339,30.631802673146662,32.032306317696694,-0.4029531420396708,20.0,0.0
10.55,-46.40655647820726,17.434692522788833,-108.69063957123409,30.731838647757378,32.1029005894499,-0.42644870972799964,20.0,0.0
10.600000000000001,-46.694968894458604,16.58215614341722,-107.76274464990615,30.829771643592558,32.17160271169286,-0.44812796251662945,20.0,0.0
10.65,-46.9695374192835,15.7250609764868,-106.83123539477923,30.925616719885433,32.23844095622128,-0.4680407403896396,20.0,0.0
10.700000000000001,-47.230135701338035,14.863615368575177,-105.8961817160264,31.019389879623706,32.30344354899679,-0.4862364570036988,20.0,0.0
10.75,-47.4766413148086,13.998031760523649,-104.95765335252574,31.11110799886464,32.36663864530934,-0.5027640801668625,20.0,0.0
10.8,-47.70893587769983,13.128526593172026,-104.01571982974752,31.200788759324976,32.42805430720811,-0.5176721132675581,20.0,0.0
10.850000000000001,-47.92690516727739,12.255320209319358,-103.07045041980092,31.288450584173766,32.48771848307212,-0.5310085776336919,20.0,0.0
10.9,-48.13043923255345,11.378636752037199,-102.12191410357165,31.37411257695222,32.54565898919652,-0.5428209958015131,20.0,0.0
10.950000000000001,-48.31943250370766,10.498704059464393,-101.17017953488345,31.457794463541102,32.601903493273,-0.5531563756737441,20.0,0.0
11.0,-48.49378389834166,9.615753556214534,-100.21531500661452,31.539516537093377,32.65647949964848,-0.5620611955462564,20.0,0.0
11.05,-48.65339692447022,8.730020141529232,-99.25738841870186,31.619299605847317,32.70941433624859,-0.5695813899826021,20.0,0.0
11.100000000000001,-48.79817978015729,7.841742074312048,-98.29646724796535,31.697164943733124,32.760735143057616,-0.5757623365156235,20.0,0.0
11.15,-48.92804544971051,6.951160855179568,-97.33261851968483,31.773134243684872,32.8104688620502,-0.5806488431553944,20.0,0.0
11.200000000000001,-49.04291179635285,6.058521105667458,-96.36590878086378,31.84722957356811,32.858642228474004,-0.5842851366828512,20.0,0.0
11.25,-49.14270165129533,5.164070444730501,-95.39640407511371,31.919473334632812,32.90528176338694,-0.5867148517085141,20.0,0.0
11.3,-49.2273428991401,4.268059362676668,-94.42416991909475,31.989888222400964,32.950413767356295,-0.5879810204758869,20.0,0.0
11.350000000000001,-49.296768559548084,3.370741092676043,-93.44927128044858,32.05849718989777,32.99406431523108,-0.5881260633893461,20.0,0.0
11.4,-49.35091686511105,2.4723714799861103,-92.47177255716117,32.12532341313587,33.036259251902656,-0.5871917802463784,20.0,0.0
11.450000000000001,-49.38973133537271,1.5732088490353424,-91.49173755829386,32.190390258762065,33.07702418897314,-0.5852193421545167,20.0,0.0
11.5,-49.41316084694892,0.6735138685073303,-90.50922948602283,32.253721253777144,33.11638450225391,-0.5822492841133311,20.0,0.0
11.55,-49.4211596997021,-0.22645058543217556,-89.5243109189284,32.31534005723977,33.15436533002118,-0.5783214982422749,20.0,0.0
11.600000000000001,-49.41368767893,-1.126419567622996,-88.53704379647675,32.375270433867016,33.190991571958364,-0.5734752276354911,20.0,0.0
11.65,-49.39071011353411,-2.02612620397091,-87.54748940463861,32.433536229444975,33.226287888719334,-0.5677490608248945,20.0,0.0
11.700000000000001,-49.35219793013796,-2.925301832938945,-86.5557083625909,32.490161347964566,33.26027870204939,-0.5611809268333161,20.0,0.0
11.75,-49.29812770313049,-3.823676148328338,-85.56176061044887,32.545169730399195,33.29298819540437,-0.5538080907997838,20.0,0.0
11.8,-49.22848170061456,-4.720977343208602,-84.56570539797792,32.59858533504243,33.324440315011785,-0.5456671501593178,20.0,0.0
11.850000000000001,-49.14324792624554,-5.616932254856958,-83.56760127423628,32.650432119325956,33.35465877132086,-0.5367940313601451,20.0,0.0
11.9,-49.042420156949646,-6.51126651056833,-82.56750607810116,32.70073402303988,33.38366704079138,-0.5272239871014577,20.0,0.0
11.950000000000001,-48.92599797651625,-7.403704674198245,-81.56547692963274,32.74951495287927,33.41148836797396,-0.5169915940752716,20.0,0.0
12.0,-48.793986805063334,-8.29397039330217,-80.56157022223245,32.79679876824317,33.438145767838385,-0.5061307511963875,20.0,0.0
12.05,-48.64639792437932,-9.181786546736223,-79.55584161555319,32.84260926821426,33.46366202830749,-0.494674678304726,20.0,0.0
12.100000000000001,-48.48324849914941,-10.066875392585695,-78.54834602912153,32.88697017964949,33.48805971295875,-0.48265591532477004,20.0,0.0
12.15,-48.304561594078535,-10.94895871628941,-77.53913763663319,32.92990514631444,33.51136116385694,-0.47010632186722745,20.0,0.0
12.200000000000001,-48.110366186927585,-11.827757978829766,-76.52826986088489,32.97143771899604,33.533588504484506,-0.4570570772583551,20.0,0.0
12.25,-47.900697177483536,-12.702994464860115,-75.51579536930782,33.011591346530935,33.554763642738024,-0.4435386809828188,20.0,0.0
12.3,-47.67559539248832,-13.574389430643121,-74.5017660700691,33.05038936768859,33.574908273962265,-0.4295809535262336,20.0,0.0
12.350000000000001,-47.435107586555084,-14.441664251675888,-73.48623310870938,33.08785500385099,33.59404388399481,-0.4152130376040759,20.0,0.0
12.4,-47.179286439104594,-15.304540569879785,-72.46924686528706,33.124011352432696,33.612191752196715,-0.4004633997637512,20.0,0.0
12.450000000000001,-46.90819054735798,-16.162740440235236,-71.4508569519998,33.15888138098727,33.62937295444677,-0.38535983234726245,20.0,0.0
12.5,-46.62188441542601,-17.01598647674414,-70.43111221125729,33.19248792194866,33.64560836607872,-0.36992945580188064,20.0,0.0
12.55,-46.320438439538265,-17.864001997605097,-69.41006071417924,33.22485366795795,33.66091866474271,-0.3541987213269664,20.0,0.0
12.600000000000001,-46.00392888945935,-18.706511169489204,-68.38774975949508,33.256001167728286,33.675324333174046,-0.3381934138451115,20.0,0.0
12.65,-45.67243788614229,-19.543239150806816,-67.36422587282264,33.28595282240298,33.6888456618542,-0.3219386552861323,20.0,0.0
12.700000000000001,-45.326053375672586,-20.373912233858544,-66.33953480630507,33.31473088236379,33.70150275155045,-0.3054589081729091,20.0,0.0
12.75,-44.964869099559465,-21.198257985766467,-65.31372153858594,33.34235744444855,33.71331551572207,-0.28877797949813555,20.0,0.0
12.8,-44.58898456143375,-22.016005388084576,-64.2868302751045,33.36885444953952,33.724303682782796,-0.2719190248814627,20.0,0.0
12.850000000000001,-44.19850499021451,-22.826884974990325,-63.25890444869362,33.39424368048547,33.73448679821041,-0.2549045529968268,20.0,0.0
12.9,-43.79354129980957,-23.630628969962363,-62.22998672046469,33.41854676032297,33.7438842264958,-0.2377564302597932,20.0,0.0
12.950000000000001,-43.374210045417165,-24.42697142085249,-61.200118980964554,33.44178515076388,33.752515152924836,-0.22049588576528123,20.0,0.0
13.0,-42.94063337649872,-25.21564833326313,-60.16934235159095,33.46398015091823,33.76039858518839,-0.20314351646611328,20.0,0.0
13.05,-42.49293898649486,-25.996397802144845,-59.137697186253654,33.48515289622324,33.76755335481592,-0.18571929258300912,20.0,0.0
13.100000000000001,-42.031260059359035,-26.768960141531583,-58.10522307326977,33.50532435755129,33.773998118430185,-0.16824256323707942,20.0,0.0
13.15,-41.55573521298486,-27.53307801233478,-57.071958837482505,33.52451534047121,33.779751358820704,-0.15073206229581615,20.0,0.0
13.200000000000001,-41.06650843960561,-28.288496548120694,-56.037942542593626,33.54274648463903,33.784831385835595,-0.13320591442401764,20.0,0.0
13.25,-40.56372904324564,-29.03496347879874,-55.00321149370055,33.56003826329592,33.78925633709142,-0.11568164133115033,20.0,0.0
13.3,-40.04755157430516,-29.772229252152012,-53.96780224003011,33.57641098285274,33.79304417850206,-0.09817616820676278,20.0,0.0
13.350000000000001,-39.518135761361556,-30.500047153144603,-52.93175057786143,33.59188478254198,33.79621270462847,-0.0807058303360293,20.0,0.0
13.4,-38.97564644027133,-31.218173420943707,-51.895091553631296,33.60647963411958,33.79877953885162,-0.06328637988727337,20.0,0.0
13.450000000000001,-38.420253480658296,-31.92636736359803,-50.857859467215874,33.62021534160045,33.8007621333718,-0.045932992863804145,20.0,0.0
13.5,-37.8521317098744,-32.6243914703174,-49.82008787538352,33.63311154101269,33.80217776903849,-0.028660276212349345,20.0,0.0
13.55,-37.27146083452074,-33.31201152130196,-48.78180959541357,33.645187700157386,33.80304355501484,-0.01148227508073063,20.0,0.0
13.600000000000001,-36.67842535961686,-33.9889966950728,-47.74305670887679,33.656463118361486,33.803376428282014,0.005587519782778827,20.0,0.0
13.65,-36.07321450550725,-34.6551196732592,-46.703860565573734,33.666956926212954,33.80319315298925,0.022536164495456035,20.0,0.0
13.700000000000001,-35.45602212259435,-35.31015674280129,-45.66425178762734,33.6766880852684,33.802510319655305,0.03935125437874376,20.0,0.0
13.75,-34.82704660398771,-35.95388789553006,-44.624260273726776,33.68567538772461,33.80134434422801,0.056020916176258595,20.0,0.0
13.8,-34.186490796159454,-36.58609692509029,-43.583915203519744,33.69393745604628,33.79971146700893,0.07253380015830402,20.0,0.0
13.850000000000001,-33.53456190769585,-37.20657152117511,-42.54324504215093,33.701492742543614,33.79762775145041,0.08887907211943258,20.0,0.0
13.9,-32.8714714162353,-37.815103361044315,-41.502277544944164,33.7083595288941,33.79510908283232,0.10504640527577891,20.0,0.0
13.950000000000001,-32.19743497368245,-38.41148819830185,-40.46103976222684,33.714555925603975,33.79217116682698,0.12102597206877164,20.0,0.0
14.0,-31.51267230978825,-38.99552594891094,-39.41955804429441,33.720099871405615,33.78882952795995,0.1368084358815338,20.0,0.0
14.05,-30.817407134185167,-39.567020774428734,-38.377858046513786,33.72500913258807,33.785099507975175,0.15238494267448033,20.0,0.0
14.100000000000001,-30.11186703696633,-40.12578116244531,-37.33596473456392,33.72930130225858,33.78099626411321,0.16774711254622332,20.0,0.0
14.15,-29.39628338789685,-40.67162000421493,-36.29390238981274,33.73299379953391,33.776534767311,0.1828870312260591,20.0,0.0
14.200000000000001,-28.670891234344754,-41.20435466947058,-35.25169461482886,33.73610386866084,33.77172980033222,0.197797241504027,20.0,0.0
14.25,-27.935929198018215,-41.72380707841557,-34.20936433902712,33.73864857806594,33.76659595583691,0.2124707346046435,20.0,0.0
14.3,-27.191639370594807,-42.229803770888985,-33.16693382444691,33.740644819335294,33.76114763439947,0.22690094151013085,20.0,0.0
14.350000000000001,-26.438267208327506,-42.722175972704534,-32.12442467166221,33.7421093061256,33.755399042484065,0.2410817242389598,20.0,0.0
14.4,-25.676061425711076,-43.20075965916498,-31.08185782582216,33.74305857300834,33.74936419038617,0.25500736708556815,20.0,0.0
14.450000000000001,-24.905273888291216,-43.66539561575705,-30.039253582821342,33.743508974249615,33.74305689014949,0.26867256782672655,20.0,0.0
14.5,-24.12615950469766,-44.115929496034255,-28.996631595598316,33.743476682528176,33.73649075346688,0.282072428900328,20.0,0.0
14.55,-23.33897611798094,-44.55221187669751,-27.954010880561572,33.74297768759523,33.729679189574405,0.29520244856194466,20.0,0.0
14.600000000000001,-22.543984396331187,-44.974098309885825,-26.911409824141366,33.742027794879455,33.72263540314683,0.3080585120246795,20.0,0.0
14.65,-21.741447723255742,-45.381449372691606,-25.86884618946629,33.74064262404141,33.71537239220352,0.3206368825875785,20.0,0.0
14.700000000000001,-20.931632087290893,-45.774130713917344,-24.826337123163114,33.738837607481564,33.70790294603292,0.3329341927578966,20.0,0.0
14.75,-20.114805971321235,-46.15201309809253,-23.783899162278228,33.73662798880666,33.700239643143945,0.3449474353723474,20.0,0.0
14.8,-19.291240241578663,-46.514972446771665,-22.741548241319244,33.73402882125932,33.692394849252516,0.35667395472253816,20.0,0.0
14.850000000000001,-18.461208036391067,-46.86288987713613,-21.699299699414663,33.73105496611598,33.684380715310766,0.36811143768940724,20.0,0.0
14.9,-17.624984654749152,-47.195651737924535,-20.65716828759004,33.72772109105846,33.67620917558688,0.37925790489179434,20.0,0.0
14.950000000000001,-16.782847444757856,-47.51314964271774,-19.61516817615833,33.72404166852478,33.66789194580292,0.3901117018538116,20.0,0.0
15.0,-15.93507569203705,-47.81528050060666,-18.573312962222275,33.72003097404465,33.65944052133755,0.4006714901958972,20.0,0.0
15.05,-15.081950508134211,-48.10194654427202,-17.53161567728645,33.71570308456557,33.65086617550092,0.4109362388540916,20.0,0.0
15.100000000000001,-14.223754719009909,-48.373055355507134,-16.490088794976547,33.71107187677524,33.6421799578879,0.4209052153322048,20.0,0.0
15.15,-13.360772753654913,-48.62851988821574,-15.448744238863119,33.706151025426145,33.63339269281643,0.43057797699131584,20.0,0.0
15.200000000000001,-12.49329053289579,-48.8682584889183,-14.407593390386975,33.70095400166831,33.62451497785659,0.43995436238100893,20.0,0.0
15.25,-11.621595358443859,-49.09219491480122,-13.366647096883366,33.69549407139604,33.61555718245623,0.4490344826165966,20.0,0.0
15.3,-10.745975802240359,-49.300258349344595,-12.325915679701584,33.68978429361462,33.60652944666873,0.45781871280660624,20.0,0.0
15.350000000000001,-9.866721596148697,-49.49238341556481,-11.285408942416998,33.683837518832775,33.59744167998758,0.4663076835345805,20.0,0.0
15.4,-8.984123522042612,-49.66851018690929,-10.24513617913182,33.67766638748669,33.58830356029283,0.4745022723991923,20.0,0.0
15.450000000000001,-8.09847330233712,-49.828584195841444,-9.205106182861156,33.671283328401415,33.57912453291356,0.48240359561663126,20.0,0.0
15.5,-7.210063491007068,-49.97255644015438,-8.165327254000543,33.66470055729514,33.569913809810494,0.49001299968903567,20.0,0.0
15.55,-6.3191873651362,-50.10038338705257,-7.125807208871199,33.65793007533195,33.56068036888252,0.4973320531426637,20.0,0.0
15.600000000000001,-5.426138817037593,-50.212026975041184,-6.086553388338843,33.65098366772842,33.55143295340034,0.504362538339457,20.0,0.0
15.65,-4.5312122469844605,-50.307454613663,-5.047572666502087,33.64387290241927,33.54218007157024,0.5111064433653496,20.0,0.0
15.700000000000001,-3.6347024565883235,-50.38663918112329,-4.008871459445952,33.63660912878719,33.532929996230884,0.5175659539989894,20.0,0.0
15.75,-2.736904542859702,-50.44955901984317,-2.970455734056409,33.62920347646175,33.523690764684915,0.5237434457638486,20.0,0.0
15.8,-1.8381137929845908,-50.496197929981975,-1.932331016891252,33.62166685419197,33.51447017866797,0.5296414760670558,20.0,0.0
15.850000000000001,-0.9386255798481482,-50.52654516096949,-0.8945024031026969,33.6140099487974,33.5052758044562,0.5352627764280555,20.0,0.0
15.9,-0.03873525833524538,-50.540595401088595,0.1430254345928424,33.6062432242016,33.49611497311374,0.5406102447999359,20.0,0.0
15.950000000000001,0.8612619375642498,-50.53834876514889,1.1802482369026397,33.59837692055246,33.4869947808813,0.5456869379863392,20.0,0.0
16.0,1.7610709968192881,-50.51981078029176,2.2171621489080118,33.5904210534331,33.477922089705984,0.5504960641566967,20.0,0.0
16.05,2.6603972325660608,-50.484992369967046,3.253763710982283,33.582385413166875,33.46890352791317,0.5550409754623402,20.0,0.0
16.1,3.558946382438162,-50.43390983612108,4.290049849680886,33.574279564220184,33.45994549102007,0.5593251607560532,20.0,0.0
16.150000000000002,4.456424707997205,-50.36658483963585,5.326017868609229,33.56611284470589,33.45105414269061,0.5633522384175365,20.0,0.0
16.2,5.352539093244124,-50.283044379058126,6.361665439272824,33.557894365990514,33.442235415831384,0.5671259492868117,20.0,0.0
16.25,6.246997142192878,-50.18332076765748,7.396990591915352,33.54963301240772,33.433495013827105,0.5706501497080652,20.0,0.0
16.3,7.139507275489698,-50.067451608851115,8.431991706349308,33.54133744108053,33.424838411915026,0.573928804685707,20.0,0.0
16.35,8.029778826062357,-49.935479770033304,9.466667502784805,33.53301608185442,33.41627085869631,0.5769659811547498,20.0,0.0
16.400000000000002,8.9175221337853,-49.78745335484626,10.501017032661533,33.524677137343126,33.40779737778267,0.5797658413672622,20.0,0.0
16.45,9.802448639147677,-49.62342567392889,11.535039669488972,33.516328583088814,33.3994227695766,0.5823326363966075,20.0,0.0
16.5,10.684270975912561,-49.44345521417919,12.568735099700305,33.50797816783794,33.39115161318253,0.5846706997611122,20.0,0.0
16.55,11.562703062756714,-49.24760560656501,13.602103313524896,33.49963341393398,33.382988268446574,0.5867844411685965,20.0,0.0
16.6,12.437460193881423,-49.03594559251779,14.635144595884746,33.49130161782774,33.37493687812211,0.5886783403831402,20.0,0.0
16.650000000000002,13.308259128585862,-48.80854898894242,15.667859517319814,33.482989850705906,33.36700137015842,0.5903569412153971,20.0,0.0
16.7,14.174818179795457,-48.56549465187614,16.700248924947353,33.474704959238224,33.35918546010886,0.5918248456375608,20.0,0.0
16.75,15.036857301538607,-48.306866438828344,17.73231393346046,33.46645356644327,33.351492653655825,0.5930867080240034,20.0,0.0
16.8,15.894098175365949,-48.03275316983223,18.764055916170463,33.45824207267274,33.34392624924839,0.5941472295185477,20.0,0.0
16.85,16.746264295707164,-47.74324858723879,19.79547649609843,33.450076656713854,33.3364893408494,0.5950111525292101,20.0,0.0
16.900000000000002,17.59308105416101,-47.43845131428229,20.826577537120272,33.44196327700925,33.32918482078801,0.595683255351048,20.0,0.0
16.95,18.434275822714994,-47.11846481244602,21.857361135170557,33.43390767299345,33.32201538271394,0.5961683469178141,20.0,0.0
17.0,19.269578035891595,-46.783397337655835,22.88782960950948,33.42591536654491,33.31498352464886,0.5964712616828507,20.0,0.0
17.05,20.098719271818666,-46.433361895328446,23.91798549405768,33.417991663552336,33.30809155213134,0.5965968546296097,20.0,0.0
17.1,20.92143333222198,-46.068476194300445,24.947831528803295,33.4101416555937,33.301341581450785,0.5965499964121648,20.0,0.0
17.150000000000002,21.737456321338428,-45.68886259966314,25.977370651285916,33.40237022172634,33.2947355429657,0.5963355686258467,20.0,0.0
17.2,22.54652672374876,-45.29464808452755,27.00660598816138,33.3946820303863,33.28827518450241,0.5959584592081058,20.0,0.0
17.25,23.348385481129046,-44.885964180743045,28.035540846851852,33.38708154139459,33.28196207482928,0.5954235579696032,20.0,0.0
17.3,24.142776067920412,-44.46294692859218,29.06417870728519,33.3795730080685,33.27579760720177,0.5947357522554455,20.0,0.0
17.35,24.929444565916757,-44.02573682548365,30.09252321372746,33.37216047943516,33.26978300297415,0.5938999227363695,20.0,0.0
17.400000000000002,25.708139737770413,-43.57447877366428,31.12057816671256,33.36484780254509,33.263919315272815,0.592920939329538,20.0,0.0
17.45,26.478613099415853,-43.10932202697047,32.148347515072444,33.35763862488279,33.2582074327266,0.5918036572486471,20.0,0.0
17.5,27.240618991411644,-42.63042013663832,33.17583534807178,33.35053639687163,33.25264808324958,0.5905529131828615,20.0,0.0
17.55,27.993914649200885,-42.13793089619151,34.203045887650234,33.343544374470056,33.2472418378714,0.5891735216039606,20.0,0.0
17.6,28.738260272290468,-41.632016285424655,35.22998348077581,33.336665621855865,33.24198911461047,0.5876702712011834,20.0,0.0
17.650000000000002,29.47341909234939,-41.11284241349968,36.25665259191219,33.32990301419547,33.23689018238571,0.5860479214429617,20.0,0.0
17.7,30.19915744022639,-40.58057946117183,37.28305779560346,33.32325924049478,33.23194516496168,0.5843111992647536,20.0,0.0
17.75,30.91524481188702,-40.03540162216132,38.30920376917864,33.316736806528134,33.2271540449228,0.582464795882224,20.0,0.0
17.8,31.62145393327018,-39.477487043686054,39.335095285579044,33.31033803784204,33.22251666767204,0.5805133637286062,20.0,0.0
17.85,32.317560824064,-38.90701776617029,40.36073720631087,33.304065082829894,33.21803274544949,0.5784615135154851,20.0,0.0
17.900000000000002,33.00334486040083,-38.32417966214348,41.38613447452548,33.297919915874154,33.21370186136657,0.5763138114156945,20.0,0.0
17.95,33.67858883647068,-37.72916237434305,42.411292108229674,33.29190434055218,33.20952347345095,0.5740747763672971,20.0,0.0
18.0,34.34307902505261,-37.122159253034475,43.43621519362796,33.28601999290209,33.20549691869868,0.57174887749742,20.0,0.0
18.05,34.9966052369629,-36.503367292561336,44.46090887859898,33.280268344744705,33.20162141712852,0.5693405316645936,20.0,0.0
18.1,35.63896087941886,-35.87298706713783,45.48537836630763,33.27465070705783,33.19789607583476,0.5668541011183095,20.0,0.0
18.150000000000002,36.26994301331674,-35.23122266589569,46.50962890895475,33.26916823339904,33.19431989303434,0.5642938912743674,20.0,0.0
18.2,36.88935240942189,-34.57828162719721,47.53366580166589,33.263821923372994,33.19089176210437,0.5616641486045708,20.0,0.0
18.25,37.49699360346903,-33.91437487222557,48.55749437652027,33.25861262613952,33.18761047560595,0.5589690586392635,20.0,0.0
18.3,38.09267495017016,-33.23971663786366,49.581119996721405,33.25354104395855,33.18447472929102,0.5562127440811295,20.0,0.0
18.35,38.676208676127246,-32.55452440887194,50.60454805091048,33.248607735768005,33.18148312608796,0.553399263028588,20.0,0.0
18.400000000000002,39.24741093164663,-31.859018849376135,51.627783947623065,33.24381312079086,33.17863418006289,0.5505326073073036,20.0,0.0
18.45,39.806101841451444,-31.15342373367488,52.6508331098904,33.239157482167435,33.17592632035322,0.5476167009078807,20.0,0.0
18.5,40.35210555428839,-30.437965876377703,53.673700969985354,33.23464097060928,33.17335789506972,0.5446553985281994,20.0,0.0
18.55,40.885250291424434,-29.71287506188331,54.69639296431419,33.230263608070736,33.17092717516456,0.5416524842184884,20.0,0.0
18.6,41.4053683940289,-28.978383973208206,55.718914528453816,33.22602529143458,33.16863235826169,0.538611670127402,20.0,0.0
18.650000000000002,41.912296369435985,-28.23472812017559,56.74127109233526,33.22192579620795,33.16647157244706,0.5355365953471534,20.0,0.0
18.7,42.40587493628238,-27.482145766974387,57.76346807557307,33.217964780225024,33.164442880015734,0.5324308248559362,20.0,0.0
18.75,42.885949068514236,-26.720877859098433,58.785510882940976,33.214141787352936,33.16254428117304,0.5292978485556858,20.0,0.0
18.8,43.352368038257495,-25.951167949675646,59.80740489999332,33.21045625119723,33.160773717687476,0.5261410804031499,20.0,0.0
18.85,43.80498545754519,-25.173262125197297,60.82915548883209,33.20690749880368,33.159129076492896,0.5229638576324902,20.0,0.0
18.900000000000002,44.24365931889498,-24.387408930657458,61.850767984019164,33.20349475435291,33.157608193237564,0.5197694400672574,20.0,0.0
18.95,44.668252034729804,-23.593859294112896,62.872247688632946,33.20021714284467,33.156208855778175,0.5165610095198474,20.0,0.0
19.0,45.07863047563447,-22.792866450673795,63.89359987046932,33.197073693768495,33.154928807616486,0.5133416692763646,20.0,0.0
19.05,45.47466600744027,-21.984685865935894,64.91482975838547,33.19406334475764,33.153765751276936,0.5101144436648966,20.0,0.0
19.1,45.85623452712984,-21.16957515886482,65.93594253878632,33.1911849452233,33.15271735162332,0.5068822777051025,20.0,0.0
19.150000000000002,46.223216497553956,-20.347794024143635,66.95694335225198,33.18843725996616,33.15178123911307,0.5036480368370988,20.0,0.0
19.200000000000003,46.57549698095173,-19.51960415399487,67.97783729030569,33.18581897276236,33.150955012987325,0.5004145067275445,20.0,0.0
19.25,46.91296567126559,-18.685269159488556,68.9986293923208,33.18332868992129,33.15023624439559,0.49718439315085305,20.0,0.0
19.3,47.23551692524193,-17.84505449134815,70.01932464256532,33.18096494381231,33.14962247945392,0.49396032194347583,20.0,0.0
19.35,47.54304979230838,-16.999227360266456,71.03992796738326,33.178726196358134,33.14911124223479,0.49074483902911936,20.0,0.0
19.400000000000002,47.835468043218235,-16.148056656744053,72.06044423251058,33.17661084249218,33.148700037688535,0.4875404105128567,20.0,0.0
19.450000000000003,48.11268019745263,-15.29181287046311,73.08087824052474,33.17461721357763,33.14838635449468,0.48434942284204396,20.0,0.0
19.5,48.374599549370664,-14.430768009209737,74.10123472842612,33.17274358078599,33.14816766784265,0.4811741830318752,20.0,0.0
19.55,48.62114419309777,-13.56519551735855,75.1215183653493,33.1709881584329,33.148041442141334,0.4780169189536352,20.0,0.0
19.6,48.852237046142406,-12.695370193933385,76.14173375040313,33.16934910726921,33.148005133656426,0.4748797796834836,20.0,0.0
19.650000000000002,49.06780587173104,-11.821568110258633,77.16188541063677,33.16782453772544,33.14805619307566,0.47176483590966,20.0,0.0
19.700000000000003,49.26778329985148,-10.944066527215996,78.18197779913078,33.166412513107595,33.14819206800103,0.4686740803961911,20.0,0.0
19.75,49.45210684699439,-10.063143812121957,79.20201529321056,33.165111052742844,33.14841020536814,0.4656094285008905,20.0,0.0
19.8,49.62071893458298,-9.179079355241681,80.22200219278072,33.163918135073224,33.14870805379197,0.46257271874578265,20.0,0.0
19.85,49.773566906080745,-8.292153485955517,81.2419427187778,33.16283170069599,33.14908306583948,0.45956571343773334,20.0,0.0
19.900000000000002,49.91060304276727,-7.402647388594722,82.2618410117394,33.161849655349094,33.14953270022896,0.456590099337447,20.0,0.0
19.950000000000003,50.03178457817213,-6.510843017963516,83.28170113048778,33.16096987284051,33.15005442395579,0.4536474883747772,20.0,0.0
20.0,50.13707371115696,-5.617023014565012,84.30152705092537,33.16019019792017,33.1506457143451,0.4507394184083182,20.0,0.0
20.05,50.226437617635995,-4.721470619549061,85.32132266494021,33.15950844909338,33.15130406103178,0.44786735402741584,20.0,0.0
20.1,50.299848460925396,-3.8244695894005227,86.34109177941883,33.15892242137469,33.15202696786762,0.4450326873945869,20.0,0.0
20.150000000000002,50.35728340071191,-2.926304110386928,87.36083811536429,33.158429888981324,33.15281195475635,0.44223673912649275,20.0,0.0
20.200000000000003,50.39872460063155,-2.027258712784994,88.38056530711722,33.15802860796526,33.15365655941708,0.43948075921149865,20.0,0.0
20.25,50.42415923444933,-1.1276181849059106,89.40027690167729,33.157716318783244,33.15455833907624,0.4367659279620355,20.0,0.0
20.3,50.43357949083095,-0.22766748693979177,90.4199763581227,33.15749074880417,33.1555148720892,0.4340933569998242,20.0,0.0
20.35,50.4269825766982,0.6723083353598548,91.43966704712558,33.157349614753095,33.15652375949164,0.431464090272236,20.0,0.0
20.400000000000002,50.40437071915941,1.5720242371303221,92.45935225056022,33.15729062509156,33.15758262648202,0.4288791050978986,20.0,0.0
20.450000000000003,50.365751166007186,2.471195260970794,93.47903516120249,33.15731148233374,33.15868912383504,0.4263393132398505,20.0,0.0
20.5,50.31113618477564,3.3695366236081146,94.49871888251741,33.157409885298115,33.15984092924801,0.4238455620044661,20.0,0.0
20.55,50.24054306034979,4.266763802634585,95.51840642853259,33.157583531294534,33.16103574861986,0.42139863536447564,20.0,0.0
20.6,50.153994091120154,5.162592623294696,96.53810072379514,33.15783011824635,33.16227131726455,0.4189992551043389,20.0,0.0
20.650000000000002,50.05151658367592,6.0567393452973075,97.5578046034095,33.158147346747654,33.16354540105932,0.4166480819863523,20.0,0.0
20.700000000000003,49.93314284603062,6.948920749629343,98.57752081315358,33.15853292205563,33.16485579752915,0.41434571693584843,20.0,0.0
20.75,49.79891017937446,7.838854225346701,99.59725200967101,33.15898455601802,33.166200336868066,0.41209270224398153,20.0,0.0
20.8,49.64886086834803,8.72625785631769,100.61700076073697,33.159499968935876,33.167576882898615,0.40988952278636503,20.0,0.0
20.85,49.48304216983259,9.610850507893907,101.63676954559496,33.16007689136179,33.168983333970445,0.407736607256183,20.0,0.0
20.900000000000002,49.30150630025258,10.49235191348316,102.65656075536211,33.16071306583384,33.170417623799224,0.40563432941022626,20.0,0.0
20.950000000000003,49.1043104213865,11.370482760998629,103.6763766935008,33.16140624854565,33.17187772224711,0.40358300932636837,20.0,0.0
21.0,48.89151662468285,12.244964779158204,104.69621957635395,33.1621542109529,33.17336163604543,0.40158291467108853,20.0,0.0
21.05,48.66319191407834,13.115520823607593,105.71609153374173,33.16295474131665,33.17486740946157,0.39963426197559215,20.0,0.0
21.1,48.41940818731613,13.981874962840463,106.73599460961692,33.163805646184144,33.17639312491056,0.39773721791922867,20.0,0.0
21.150000000000002,48.16024221576245,14.843752563888684,107.75593076277737,33.16470475180746,33.177936903512844,0.3958919006188424,20.0,0.0
21.200000000000003,47.88577562272047,15.700880377755396,108.77590186763206,33.1656499055007,33.1794969055996,0.3940983809226921,20.0,0.0
21.25,47.59609486024099,16.55298662456345,109.7959097150195,33.16663897693634,33.1810713311666,0.3923566837078454,20.0,0.0
21.3,47.29129118442993,17.39980107839148,110.8159560130755,33.167669859381355,33.18265842027803,0.3906667891796545,20.0,0.0
21.35,46.971460629253535,18.241055151769764,111.83604238814821,33.16874047087397,33.184256453421554,0.3890286341721563,20.0,0.0
21.400000000000002,46.63670397884244,19.07648197980771,112.8561703857585,33.169848755341654,33.185863751815454,0.3874421134483299,20.0,0.0
21.450000000000003,46.28712673829671,19.905816503924747,113.87634147160277,33.17099268366122,33.18747867767,0.3859070809990044,20.0,0.0
21.5,45.922839102994445,20.728795555156236,114.89655703259669,33.17217025466184,33.18909963440336,0.3844233513392581,20.0,0.0
21.55,45.5439559264072,21.54515793700584,115.91681837795717,33.17337949607195,33.19072506681397,0.38299070080147146,20.0,0.0
21.6,45.15059668642622,22.35464450781575,116.937126740321,33.17461846541067,33.19235346121029,0.38160886882374,20.0,0.0
21.650000000000002,44.74288545020404,23.156998262626047,117.95748327689739,33.175885250824926,33.19398334549939,0.3802775592329013,20.0,0.0
21.700000000000003,44.3209508375168,23.951964414494455,118.97788907065295,33.17717797187311,33.195613289235666,0.3789964415210392,20.0,0.0
21.75,43.88492598265309,24.739290475247607,119.99834513152653,33.178494780256145,33.19724190363071,0.3777651521146481,20.0,0.0
21.8,43.43494849483617,25.51872633563509,121.01885239767259,33.17983386049718,33.198867841525804,0.37658329563554815,20.0,0.0
21.85,42.97116041718672,26.290024344857354,122.03941173673049,33.18119343057066,33.20048979732823,0.37545044615270484,20.0,0.0
21.900000000000002,42.49370818423414,27.052939389438723,123.06002394711814,33.18257174248191,33.202106506912585,0.3743661484240661,20.0,0.0
21.950000000000003,42.00274257798519,27.807228971416762,124.08068975934809,33.18396708279839,33.203716747488436,0.37332991912773394,20.0,0.0
22.0,41.498418682559276,28.55265328581926,125.10140983736417,33.18537777313339,33.20531933743522,0.3723412480816748,20.0,0.0
22.05,40.98089583740045,29.288975297400277,126.12218477989681,33.18680217058352,33.20691313610636,0.3713995994511663,20.0,0.0
22.1,40.45033758907691,30.015960816606714,127.14301512183546,33.18823866812087,33.208497043602435,0.37050441294347536,20.0,0.0
22.150000000000002,39.906911641679415,30.733378574747075,128.1639013356161,33.18968569494098,33.210070000516374,0.36965510498886545,20.0,0.0
22.200000000000003,39.3507898058308,31.441000298334167,129.18484383262253,33.19114171676779,33.211630987650075,0.36885106990754224,20.0,0.0
22.25,38.7821479463193,32.138600782573754,130.20584296459953,33.19260523611653,33.213179025704825,0.3680916810618129,20.0,0.0
22.3,38.20116592836923,32.82595796397121,131.22689902507622,33.19407479251569,33.21471317494607,0.3673762919928478,20.0,0.0
22.35,37.60802756256318,33.502852992028686,132.24801225079838,33.195548962689294,33.21623253484389,0.36670423754166137,20.0,0.0
22.400000000000002,37.00292054843051,34.169070300005174,133.26918282316782,33.197026360700335,33.21773624369025,0.3660748349537002,20.0,0.0
22.450000000000003,36.38603641671762,34.824397674712536,134.2904108696877,33.19850563805676,33.21922347819389,0.3654873849665492,20.0,0.0
22.5,35.7575704703562,35.46862632532041,135.3116964654119,33.19998548378084,33.22069345305429,0.3649411728803855,20.0,0.0
22.55,35.1177217241461,36.10155095114355,136.33303963439755,33.201464624443226,33.222145420515545,0.36443546961066176,20.0,0.0
22.6,34.46669284317042,36.72296980838523,137.35444035115916,33.20294182416268,33.223578669901045,0.363969532722777,20.0,0.0
22.650000000000002,33.80469007996072,37.33268477581077,138.3758985421226,33.20441588457256,33.22499252713033,0.36354260744817424,20.0,0.0
22.700000000000003,33.131923210431076,37.93050141932555,139.3974140870785,33.20588564475526,33.22638635421896,0.36315392768168664,20.0,0.0
22.75,32.44860546860028,38.51622905543235,140.41898682063297,33.207349981145526,33.22775954876213,0.36280271695973454,20.0,0.0
22.8,31.75495348012203,39.08968081354298,141.44061653365523,33.20880780740386,33.22911154340339,0.3624881894191603,20.0,0.0
22.85,31.05118719464364,39.6506736971199,142.46230297472042,33.21025807426096,33.23044180528908,0.3622095507363241,20.0,0.0
22.900000000000002,30.33752981701424,40.19902864362365,143.48404585154626,33.2116997693344,33.2317498355097,0.36196599904636884,20.0,0.0
22.950000000000003,29.614207737364186,40.7345705832425,144.50584483242375,33.21313191691835,33.23303516852884,0.36175672584234064,20.0,0.0
23.0,28.881450460077776,41.25712849638114,145.52769954763926,33.21455357774767,33.23429737160067,0.3615809168539883,20.0,0.0
23.05,28.13949053168205,41.76653546988564,146.54960959088794,33.215963848737175,33.23553604417688,0.36143775290613434,20.0,0.0
23.1,27.388563467674896,42.26262875198246,147.5715745206775,33.21736186269715,33.236750817303914,0.3613264107564049,20.0,0.0
23.150000000000002,26.628907678316253,42.745249805909765,148.5935938617211,33.21874678802621,33.2379413530111,0.36124606391226877,20.0,0.0
23.200000000000003,25.86076439340668,43.214244362219674,149.6156671063184,33.22011782838227,33.23910734369091,0.3611958834272073,20.0,0.0
23.25,25.084377586078034,43.669462469730824,150.63779371572454,33.221474222332894,33.24024851147161,0.3611750386760022,20.0,0.0
23.3,24.299993895621554,44.11075854511092,151.65997312150543,33.222815242985654,33.24136460758357,0.3611826981090758,20.0,0.0
23.35,23.507862549378977,44.5379914210696,152.68220472687912,33.224140197599795,33.24245541171964,0.36121802998577124,20.0,0.0
23.400000000000002,22.70823528372291,44.95102439314253,153.7044879080424,33.22544842717978,33.24352073139025,0.3612802030867073,20.0,0.0
23.450000000000003,21.901366264152976,45.34972526504809,154.726822015482,33.22673930605196,33.24456040127431,0.36136838740503663,20.0,0.0
23.5,21.087512004534776,45.73396639259863,155.74920637526907,33.228012241424985,33.24557428256643,0.3614817548167366,20.0,0.0
23.55,20.266931285509028,46.10362472614893,156.77164029033744,33.22926667293509,33.246562262320666,0.3616194797299528,20.0,0.0
23.6,19.43988507209868,46.45858185156495,157.79412304174429,33.23050207217692,33.24752425279237,0.36178073971337454,20.0,0.0
23.650000000000002,18.606636430542153,46.79872402969669,158.8166538899126,33.23171794222088,33.248460190777806,0.3619647161038486,20.0,0.0
23.700000000000003,17.7674504443812,47.123942234339474,159.8392320758553,33.232913817117804,33.249370036952875,0.3621705945931737,20.0,0.0
23.75,16.92259412983222,47.434132188668606,160.8618568223804,33.23408926139174,33.25025377521109,0.36239756579425375,20.0,0.0
23.8,16.07233635047018,47.72919440013313,161.8845273352763,33.23524386952169,33.25111141200155,0.3626448257867523,20.0,0.0
23.85,15.216947731254661,48.00903419379473,162.90724280447773,33.236377265413104,33.25194297566748,0.3629115766422757,20.0,0.0
23.900000000000002,14.356700571927668,48.27356174409874,163.9300024052109,33.23748910185984,33.25274851578563,0.36319702692931344,20.0,0.0
23.950000000000003,13.49186875981334,48.52269210506474,164.95280529911793,33.2385790599974,33.25352810250771,0.36350039219811237,20.0,0.0
24.0,12.622727682049755,48.75634523888485,165.97565063536044,33.23964684874814,33.25428182590333,0.36382089544551377,20.0,0.0
24.05,11.74955413728338,48.974446042918494,166.99853755170165,33.24069220425922,33.25500979530582,0.36415776756013685,20.0,0.0
24.1,10.872626246856878,49.17692437507314,168.02146517556662,33.24171488933398,33.25571213866116,0.3645102477479085,20.0,0.0
24.150000000000002,9.992223365521237,49.36371507756099,169.04443262508065,33.24271469285734,33.25638900188009,0.36487758393830205,20.0,0.0
24.200000000000003,9.10862599170331,49.53475799902242,170.06743901008574,33.24369142921611,33.25704054819427,0.36525903317135544,20.0,0.0
24.25,8.222115677360094,49.68999801500764,171.09048343313404,33.24464493771455,33.25766695751687,0.36565386196583205,20.0,0.0
24.3,7.332974937451195,49.82938504680851,172.1135649904592,33.245575081986146,33.258268425807614,0.3660613466686584,20.0,0.0
24.35,6.441487159061066,49.952874078633336,173.13668277292484,33.246481749401966,33.25884516444313,0.3664807737859235,20.0,0.0
24.400000000000002,5.54793651020273,50.060425173117984,174.15983586694983,33.24736485047634,33.25939739959273,0.36691144029565237,20.0,0.0
24.450000000000003,4.652607848334825,50.152003485167434,175.1830233554111,33.24822431827037,33.25992537159988,0.36735265394274563,20.0,0.0
24.5,3.755786628623877,50.22757927412241,176.2062443185226,33.2490601077939,33.26042933437005,0.3678037335161264,20.0,0.0
24.55,2.8577588119837865,50.28712791424653,177.2294978346919,33.24987219540648,33.2609095547647,0.3682640091085929,20.0,0.0
24.6,1.9588107729245872,50.33062990353002,178.25278298135257,33.25066057821778,33.2613663120025,0.36873282235950455,20.0,0.0
24.650000000000002,1.0592292072425626,50.35807087080666,179.2760988357745,33.25142527348812,33.261799897067135,0.36920952668069873,20.0,0.0
24.700000000000003,0.15930103958384678,50.369441581181405,-179.70055552415033,33.252166318029474,33.26221061212278,0.3696934874658453,20.0,0.0
24.75,-0.7406866690863559,50.364737939766684,-178.67718101914423,33.252883767607564,33.26259876993714,0.37018408228360045,20.0,0.0
24.8,-1.6404468140767978,50.34396099372596,-177.6537785678043,33.253577696345396,33.26296469331231,0.370680701054809,20.0,0.0
24.85,-2.53969233959334,50.3071169326241,-176.63034908588548,33.25424819612875,33.2633087145236,0.3711827462141599,20.0,0.0
24.900000000000002,-3.4381363313601456,50.254217087084356,-175.60689348560717,33.2548953760141,33.26363117476703,0.37168963285646583,20.0,0.0
24.950000000000003,-4.3354921092068635,50.1852779257527,-174.58341267498233,33.25551936163931,33.26393242361493,0.372200788868021,20.0,0.0
25.0,-5.231473319589827,50.100321050570756,-173.55990755717025,33.25612029463757,33.26421281848064,0.37271565504329374,20.0,0.0
25.05,-6.125794028015345,49.99937319035926,-172.5363790298514,33.25669833205493,33.26447272409192,0.37323368518725886,20.0,0.0
25.1,-7.018168811333267,49.88246619271459,-171.51282798462543,33.257253645771854,33.264712511973386,0.3737543462037891,20.0,0.0
25.150000000000002,-7.908312849869097,49.7496370142216,-170.4892553064316,33.257786421929104,33.26493255993853,0.3742771181702622,20.0,0.0
25.200000000000003,-8.795942019363032,49.6009277089865,-169.46566187299132,33.25829686035835,33.265133251590605,0.37480149439896593,20.0,0.0
25.25,-9.680772982684456,49.43638541549427,-168.44204855427319,33.2587851740178,33.265314975833554,0.37532698148537236,20.0,0.0
25.3,-10.56252328129052,49.25606234179566,-167.41841621197997,33.25925158843321,33.26547812639232,0.37585309934378586,20.0,0.0
25.35,-11.440911426397635,49.06001574902935,-166.39476569905716,33.25969634114457,33.265623101342946,0.37637938123067727,20.0,0.0
25.400000000000002,-12.315656989834812,48.84830793328563,-165.37109785922337,33.26011968115874,33.26575030265259,0.37690537375596733,20.0,0.0
25.450000000000003,-13.18648069454802,48.62100620581845,-164.34741352652182,33.2605218684083,33.265860135729476,0.3774306368826643,20.0,0.0
25.5,-14.053104504724873,48.378182871613205,-163.32371352489326,33.26090317321695,33.265953008983054,0.3779547439151969,20.0,0.0
25.55,-14.915251715509164,48.11991520631833,-162.29999866776936,33.261263875771675,33.26602933339394,0.37847728147671234,20.0,0.0
25.6,-15.772647042275004,47.8462854315494,-161.276269757687,33.26160426560183,33.266089522094354,0.378997849475752,20.0,0.0
25.650000000000002,-16.625016709430486,47.55738068857474,-160.25252758592273,33.26192464106559,33.26613398995865,0.3795160610625956,20.0,0.0
25.700000000000003,-17.47208853872109,47.25329301039248,-159.22877293214745,33.26222530884367,33.26616315320418,0.38003154257563665,20.0,0.0
25.75,-18.31359203700322,46.93411929220922,-158.2050065641005,33.262506583440846,33.26617742900236,0.3805439334780658,20.0,0.0
25.8,-19.14925848345861,46.59996126033115,-157.18122923728367,33.26276878669524,33.26617723510022,0.3810528862852891,20.0,0.0
25.85,-19.978821016220422,46.25092543947918,-156.15744169467405,33.26301224729559,33.26616298945217,0.38155806648335044,20.0,0.0
25.900000000000002,-20.80201471838238,45.88712311853979,-155.1336446664558,33.26323730030678,33.26613510986229,0.38205915243864297,20.0,0.0
25.950000000000003,-21.618576703362308,45.508670314764146,-154.1098388697706,33.263444286703596,33.26609401363669,0.38255583529933546,20.0,0.0
26.0,-22.428246199591904,45.11568773642853,-153.0860250084861,33.263633552913106,33.26604011724658,0.3830478188888051,20.0,0.0
26.05,-23.230764634504826,44.708300743969374,-152.06220377298234,33.263805450365496,33.2659738360014,0.3835348195913397,20.0,0.0
26.1,-24.02587571779542,44.28663930960708,-151.0383758399559,33.263960335053774,33.26589558373237,0.3840165662304713,20.0,0.0
26.150000000000002,-24.8133255239208,43.850837975472935,-150.0145418722408,33.264098567102245,33.26580577248624,0.38449279994032537,20.0,0.0
26.200000000000003,-25.592862573819325,43.40103581025416,-148.99070251864683,33.26422051034396,33.26570481222937,0.38496327403013453,20.0,0.0
26.25,-26.364237915818748,42.93737636437251,-147.96685841381398,33.2643265319072,33.265593110561944,0.3854277538423787,20.0,0.0
26.3,-27.127205205707753,42.46000762371239,-146.94301017808314,33.26441700181111,33.26547107244229,0.3858860166048146,20.0,0.0
26.35,-27.88152078594489,41.96908196191469,-145.91915841738273,33.26449229257048,33.26533909992132,0.3863378512766076,20.0,0.0
26.400000000000002,-28.62694376397928,41.46475609125333,-144.89530372313064,33.26455277880982,33.26519759188699,0.3867830583890566,20.0,0.0
26.450000000000003,-29.363236089657814,40.94719101211169,-143.87144667215128,33.26459883688676,33.26504694381861,0.3872214498809541,20.0,0.0
26.5,-30.09016263169393,40.4165519610766,-142.84758782660742,33.26463084452475,33.26488754755119,0.38765284892911467,20.0,0.0
26.55,-30.807491253173442,39.87300835766809,-141.82372773394633,33.26464918045521,33.26471979104923,0.38807708977419964,20.0,0.0
26.6,-31.514992886073266,39.31673374972335,-140.79986692685986,33.26465422406907,33.26454405819061,0.38849401754217183,20.0,0.0
26.650000000000002,-32.21244160476924,38.74790575745386,-139.77600592325834,33.26464635507775,33.2643607285598,0.38890348806167196,20.0,0.0
26.700000000000003,-32.899614698509666,38.16670601619513,-138.75214522625745,33.26462595318361,33.26417017725056,0.38930536767755797,20.0,0.0
26.75,-33.57629274283157,37.573320117868676,-137.7282853241783,33.264593397759825,33.263972774678166,0.389699533060913,20.0,0.0
26.8,-34.242259669897074,36.9679375511764,-136.70442669055967,33.264549067539704,33.263768886400854,0.3900858710157138,20.0,0.0
26.85,-34.89730283772773,36.350751640547855,-135.68056978418275,33.2644933403155,33.26355887295026,0.3904642782825789,20.0,0.0
26.900000000000002,-35.541213098314934,35.72195948386131,-134.65671504910736,33.26442659264656,33.263343089671324,0.390834661339575,20.0,0.0
26.950000000000003,-36.173784864585166,35.08176188895974,-133.6328629147198,33.2643491995769,33.263121886570566,0.3911969362006573,20.0,0.0
27.0,-36.794816176199,34.430363308983395,-132.60901379579155,33.26426153436216,33.262895608173615,0.3915510282117225,20.0,0.0
27.05,-37.404108764163425,33.76797177654083,-131.58516809254886,33.26416396820584,33.26266459339118,0.3918968718446365,20.0,0.0
27.1,-38.001468114237326,33.0947988367406,-130.56132619075245,33.264056870004794,33.262429175393635,0.3922344104895146,20.0,0.0
27.150000000000002,-38.586703529110466,32.41105947910623,-129.53748846178726,33.263940606104,33.26218968149399,0.39256359624531,20.0,0.0
27.200000000000003,-39.15962818933673,31.716972068397304,-128.51365526276177,33.26381554006043,33.26194643303901,0.3928843897091312,20.0,0.0
27.25,-39.720059213002834,31.012758274359896,-127.48982693661662,33.263682032416035,33.26169974530867,0.3931967597644004,20.0,0.0
27.3,-40.267817714114116,30.298643000429756,-126.46600381224188,33.263540440479794,33.26144992742345,0.3935006833680248,20.0,0.0
27.35,-40.80272885967952,29.574854311412093,-125.44218620460312,33.263391118118626,33.261197282259374,0.3937961453369212,20.0,0.0
27.400000000000002,-41.324621925478276,28.84162336016196,-124.41837441487547,33.26323441555726,33.26094210637097,0.3940831381339862,20.0,0.0
27.450000000000003,-41.8333303504913,28.099184313289584,-123.39456873058555,33.263070679186804,33.2606846899215,0.39436166165373976,20.0,0.0
27.5,-42.32869178998071,27.347774275915192,-122.37076942576088,33.26290025138214,33.26042531662069,0.39463172300784777,20.0,0.0
27.55,-42.81054816720135,26.587633215498244,-121.3469767610865,33.26272347032775,33.26016426366968,0.39489333631069456,20.0,0.0
27.6,-43.27874572372874,25.819003884766076,-120.3231909840681,33.26254066985217,33.25990180171301,0.39514652246518267,20.0,0.0
27.650000000000002,-43.73313506838821,25.042131743767357,-119.29941232920214,33.262352179270806,33.25963819479746,0.3953913089489447,20.0,0.0
27.700000000000003,-44.173571224770484,24.257264881075848,-118.27564101815156,33.262158323236996,33.259373700337704,0.39562772960117343,20.0,0.0
27.75,-44.59991367731953,23.464653934170325,-117.25187725992765,33.26195942160133,33.25910856908848,0.3958558244100914,20.0,0.0
27.8,-45.01202641597882,22.664552009016575,-116.22812125107731,33.261755789278986,33.25884304512326,0.3960756393014435,20.0,0.0
27.85,-45.409777979382795,21.857214598877732,-115.20437317587546,33.26154773612501,33.25857736581902,0.3962872259279848,20.0,0.0
27.900000000000002,-45.79304149658053,21.04289950237932,-114.18063320652242,33.261335566817436,33.25831176184732,0.39649064146016855,20.0,0.0
27.950000000000003,-46.16169472727942,20.2218667408556,-113.15690150334568,33.261119580748144,33.2580464571711,0.3966859483781775,20.0,0.0
28.0,-46.51562010059688,19.394378475003993,-112.13317821500614,33.26090007192121,33.25778166904735,0.39687321426549005,20.0,0.0
28.05,-46.854704752308685,18.56069892087454,-111.10946347870811,33.26067732885879,33.25751760803531,0.39705251160400223,20.0,0.0
28.1,-47.17884056058306,17.721094265221467,-110.08575742041313,33.260451634514254,33.25725447801016,0.3972239175709191,20.0,0.0
28.150000000000002,-47.487924180190035,16.87583258024417,-109.06206015505715,33.26022326619253,33.256992476182035,0.39738751383754334,20.0,0.0
28.200000000000003,-47.78185707517608,16.02518373774503,-108.03837178677074,33.25999249547749,33.25673179311996,0.39754338636995357,20.0,0.0
28.25,-48.06054554999464,15.169419322731587,-107.01469240910218,33.25975958816624,33.25647261278076,0.39769162523192847,20.0,0.0
28.3,-48.323900779083516,14.308812546490806,-105.99102210524318,33.25952480421014,33.25621511254305,0.3978323243899169,20.0,0.0
28.35,-48.571838834880516,13.443638159163255,-104.96736094825674,33.25928839766249,33.25595946324529,0.39796558152042394,20.0,0.0
28.400000000000002,-48.804280714269545,12.5741723618451,-103.94370900130724,33.259050616632685,33.25570582922881,0.39809149781974895,20.0,0.0
28.450000000000003,-49.02115236344944,11.70069271824601,-102.9200663178921,33.25881170324669,33.25545436838478,0.3982101778162317,20.0,0.0
28.5,-49.22238470121858,10.823478065931102,-101.89643294207514,33.2585718936137,33.25520523220545,0.3983217291850778,20.0,0.0
28.55,-49.407913640668745,9.942808427175173,-100.87280890872123,33.25833141779882,33.25495856583935,0.3984262625658417,20.0,0.0
28.6,-49.57768010928212,9.058964919457576,-99.84919424373183,33.25809049980172,33.25471450815021,0.3985238913826805,20.0,0.0
28.650000000000002,-49.731630067425925,8.172229665626128,-98.82558896428161,33.2578493575409,33.254473191779574,0.3986147316674007,20.0,0.0
28.700000000000003,-49.86971452523957,7.282885703758556,-97.80199307905546,33.257608202843656,33.254234743213004,0.3986989018853677,20.0,0.0
28.75,-49.99188955790981,6.391216896750019,-96.77840658848602,33.257367241441465,33.25399928284945,0.3987765227644644,20.0,0.0
28.8,-50.09811631932969,5.497507841655329,-95.75482948499126,33.25712667297061,33.25376692507384,0.3988477171269267,20.0,0.0
28.85,-50.188361054137886,4.602043778814503,-94.73126175321224,33.25688669097798,33.2535377783329,0.3989126097243272,20.0,0.0
28.900000000000002,-50.262595108135145,3.705110500790361,-93.70770337025034,33.2566474829319,33.253311945213504,0.3989713270756923,20.0,0.0
28.950000000000003,-50.32079493707538,2.8069942611468903,-92.68415430590436,33.25640923023773,33.253089522524036,0.3990239973087384,20.0,0.0
29.0,-50.362942113829185,1.9079816830971263,-91.66061452290676,33.256172108258184,33.25287060137827,0.39907075000434133,20.0,0.0
29.05,-50.38902333391828,1.008359668049326,-90.63708397715929,33.25593628633819,33.2526552672816,0.3991117160442599,20.0,0.0
29.1,-50.399030419419624,0.10841530408021449,-89.61356261796749,33.25570192783415,33.252443600219685,0.3991470274621136,20.0,0.0
29.150000000000002,-50.39296032123869,-0.7915642256359195,-88.59005038827416,33.2554691901474,33.25223567474912,0.3991768172977572,20.0,0.0
29.200000000000003,-50.37081511975172,-1.6912917344134946,-87.56654722489148,33.25523822476181,33.25203156009031,0.39920121945489484,20.0,0.0
29.25,-50.33260202381729,-2.5904801236285167,-86.54305305873159,33.25500917728528,33.25183132022199,0.3992203685621547,20.0,0.0
29.3,-50.278333368158094,-3.488842474249325,-85.51956781503564,33.254782187495046,33.25163501397773,0.39923439983752473,20.0,0.0
29.35,-50.20802660911424,-4.38609213829649,-84.49609141360104,33.25455738938666,33.25144269514388,0.39924344895615604,20.0,0.0
29.400000000000002,-50.12170431876991,-5.281942830203188,-83.47262376900674,33.25433491122646,33.251254412559085,0.39924765192167655,20.0,0.0
29.450000000000003,-50.019394177455695,-6.176108718047422,-82.44916479083659,33.25411487560736,33.25107021021517,0.39924714494086544,20.0,0.0
29.5,-49.901128964629486,-7.068304514627506,-81.4257143839003,33.25389739950791,33.250890127359106,0.3992420643017951,20.0,0.0
29.55,-49.76694654813909,-7.9582455683523,-80.40227244845232,33.25368259435443,33.250714198596356,0.39923254625542626,20.0,0.0
29.6,-49.616889871870484,-8.845647953917732,-79.37883888040815,33.253470566086,33.250542453994996,0.3992187269006493,20.0,0.0
29.650000000000002,-49.451006941785934,-9.730228562741239,-78.35541357155817,33.253261415222354,33.250374919190804,0.39920074207274325,20.0,0.0
29.700000000000003,-49.269350810356734,-10.611705193125832,-77.33199640977878,33.25305523693439,33.25021161549298,0.3991787272353662,20.0,0.0
29.75,-49.0719795593958,-11.489796640125583,-76.30858727924084,33.25285212111715,33.25005255999082,0.3991528173758141,20.0,0.0
29.8,-48.858956281295896,-12.364222785084419,-75.28518606061517,33.25265215246527,33.24989776566057,0.3991231469038965,20.0,0.0
29.85,-48.63034905867964,-13.234704684820239,-74.26179263127521,33.252455410550645,33.249747241472875,0.39908984955409466,20.0,0.0
29.900000000000002,-48.38623094246803,-14.100964660426461,-73.23840686549657,33.252261969902236,33.24960099250066,0.3990530582911518,20.0,0.0
29.950000000000003,-48.126679928374585,-14.962726385663236,-72.2150286346535,33.252071900087834,33.24945902002702,0.3990129052190454,20.0,0.0
30.0,-47.85177893183283,-15.819714974910697,-71.1916578074122,33.251885265797775,33.249321321653355,0.39896952149333487,20.0,0.0
30.05,-47.56161576136519,-16.671657070656742,-70.1682942499207,33.25170212693032,33.249187891407594,0.39892303723681977,20.0,0.0
30.1,-47.25628309040183,-17.51828093049202,-69.1449378259957,33.25152253867869,33.24905871985222,0.39887358145852403,20.0,0.0
30.150000000000002,-46.93587842755862,-18.35931651358487,-68.12158839730566,33.25134655161966,33.24893379419226,0.39882128197595534,20.0,0.0
30.200000000000003,-46.600504085383626,-19.194495566609245,-67.09824582355081,33.251174211803416,33.248813098382925,0.3987662653406403,20.0,0.0
30.25,-46.250267147582186,-20.023551709098683,-66.07490996263932,33.25100556084481,33.24869661323703,0.3987086567668783,20.0,0.0
30.3,-45.88527943473097,-20.846220518199672,-65.05158067086012,33.25084063601569,33.24858431653194,0.39864858006367143,20.0,0.0
30.35,-45.505657468492,-21.662239612797865,-64.02825780305199,33.25067947033828,33.248476183116075,0.39858615756983795,20.0,0.0
30.400000000000002,-45.111522434337914,-22.471348736990862,-63.004941212769154,33.250522092679546,33.24837218501477,0.398521510092273,20.0,0.0
30.450000000000003,-44.70300014280036,-23.27328984288138,-61.9816307524431,33.25036852784635,33.2482722915356,0.3984547568472081,20.0,0.0
30.5,-44.28022098925376,-24.067807172664953,-60.95832627354062,33.250218796681295,33.24817646937289,0.3983860154046184,20.0,0.0
30.55,-43.84331991224714,-24.854647339986403,-59.935027626718266,33.25007291615926,33.24808468271153,0.39831540163559254,20.0,0.0
30.6,-43.39243635039723,-25.633559410539647,-58.91173466197298,33.249930899484426,33.24799689332988,0.3982430296626589,20.0,0.0
30.650000000000002,-42.92771419785646,-26.40429498188553,-57.888447228788856,33.249792756187674,33.24791306070182,0.39816901181304587,20.0,0.0
30.700000000000003,-42.44930175836976,-27.166608262462734,-56.86516517628025,33.2496584922244,33.24783314209779,0.39809345857482015,20.0,0.0
30.75,-41.957351697934804,-27.92025614976691,-55.841888353330994,33.2495281100725,33.247757092684736,0.3980164785558742,20.0,0.0
30.8,-41.452020996080535,-28.66499830767357,-54.81861660872979,33.24940160883052,33.24768486562519,0.3979381784456564,20.0,0.0
30.85,-40.93347089577923,-29.400597242880455,-53.795349791301796,33.24927898431585,33.24761641217488,0.3978586629796723,20.0,0.0
30.900000000000002,-40.40186685200798,-30.12681838044535,-52.77208775003643,33.249160229162925,33.2475516817795,0.39777803490666486,20.0,0.0
30.950000000000003,-39.85737847897568,-30.843430138395668,-51.7488303342112,33.249045332921256,33.24749062216992,0.39769639495845155,20.0,0.0
31.0,-39.30017949603216,-31.550204001386298,-50.725577393511955,33.24893428215331,33.2474331794564,0.39761384182229875,20.0,0.0
31.05,-38.73044767227635,-32.24691459338263,-49.70232877814907,33.2488270605321,33.2473792982212,0.3975304721158892,20.0,0.0
31.1,-38.14836476988105,-32.9333397493458,-48.67908433897,33.248723648938466,33.24732892161007,0.3974463803647623,20.0,0.0
31.150000000000002,-37.55411648615195,-33.609260585897694,-47.65584392756792,33.248624025557866,33.2472819914221,0.39736165898216314,20.0,0.0
31.200000000000003,-36.947892394339135,-34.274461570943366,-46.63260739638678,33.24852816597674,33.24723844819833,0.3972763982513001,20.0,0.0
31.25,-36.329885883219724,-34.92873059222896,-45.6093745988224,33.248436043278275,33.24719823130878,0.39719068630987664,20.0,0.0
31.3,-35.70029409547051,-35.571859024813584,-44.58614538931989,33.2483476281376,33.247161279037925,0.39710460913700274,20.0,0.0
31.35,-35.05931786485006,-36.203641797433725,-43.562919623467494,33.248262888916194,33.24712752866869,0.3970182505422102,20.0,0.0
31.400000000000002,-34.40716165220986,-36.82387745773938,-42.5396971580866,33.24818179175566,33.247096916564935,0.39693169215668433,20.0,0.0
31.450000000000003,-33.744033480354766,-37.432368236381194,-41.51647785131811,33.24810430067061,33.247069378252185,0.3968450134266135,20.0,0.0
31.5,-33.07014486777307,-38.02892010992842,-40.493261562705385,33.24803037764072,33.24704484849688,0.39675829160855614,20.0,0.0
31.55,-32.38571076125706,-38.61334286259778,-39.47004815327327,33.24795998270187,33.24702326138398,0.39667160176684035,20.0,0.0
31.6,-31.69094946743527,-39.18545014677364,-38.44683748560392,33.24789307403631,33.24700455039278,0.3965850167728959,20.0,0.0
31.650000000000002,-30.986082583237863,-39.74505954230041,-37.42362942390879,33.24782960806177,33.2469886484712,0.39649860730645514,20.0,0.0
31.700000000000003,-30.271334925317014,-40.291992614528326,-36.40042383409751,33.24776953951959,33.246975488108355,0.39641244185862234,20.0,0.0
31.75,-29.546934458444547,-40.826074971094194,-35.37722058384296,33.24771282156165,33.24696500140531,0.3963265867366701,20.0,0.0
31.8,-28.813112222909226,-41.34713631741912,-34.35401954264325,33.247659405836195,33.24695712014428,0.3962411060706046,20.0,0.0
31.85,-28.070102260936636,-41.85501051090555,-33.33082058188019,33.24760924257249,33.24695177585604,0.3961560618213653,20.0,0.0
31.900000000000002,-27.318141542154713,-42.349535613816386,-32.30762357487451,33.24756228066417,33.24694889988549,0.39607151379065186,20.0,0.0
31.950000000000003,-26.557469888128438,-42.83055394481941,-31.284428396937898,33.247518467751405,33.24694842345567,0.3959875196322926,20.0,0.0
32.0,-25.788329895987427,-43.29791212918053,-30.261234925421718,33.247477750301705,33.24695027772993,0.3959041348651411,20.0,0.0
32.050000000000004,-25.010966861170445,-43.751461147589936,-29.23804303976267,33.24744007368943,33.24695439387235,0.39582141288737915,20.0,0.0
32.1,-24.225628699311198,-44.19105638360545,-28.21485262152537,33.24740538227393,33.24696070310644,0.39573940499222715,20.0,0.0
32.15,-23.432565867290005,-44.61655766969813,-27.191663554441796,33.24737361947626,33.2469691367721,0.39565816038504664,20.0,0.0
32.2,-22.63203128347624,-45.02782933188521,-26.168475724447866,33.247344727854525,33.24697962638083,0.3955777262016227,20.0,0.0
32.25,-21.824280247186675,-45.42474023293622,-25.145289019716905,33.24731864917783,33.24699210366909,0.3954981475277961,20.0,0.0
32.300000000000004,-21.009570357385126,-45.80716381413846,-24.122103330690486,33.24729532449863,33.24700650065014,0.39541946742016876,20.0,0.0
32.35,-20.18816143064908,-46.174978135608335,-23.0989185501062,33.24727469422374,33.247022749664,0.39534172692804503,20.0,0.0
32.4,-19.360315418429174,-46.52806591513574,-22.075734573022856,33.247256698183755,33.247040783425625,0.3952649651163398,20.0,0.0
32.45,-18.526296323627612,-46.86631456554899,-21.05255129684287,33.24724127570103,33.2470605350716,0.39518921908963023,20.0,0.0
32.5,-17.686370116521967,-47.1896162305882,-20.029368621332015,33.24722836565608,33.247081938204865,0.39511452401705327,20.0,0.0
32.550000000000004,-16.84080465006084,-47.497867819275704,-19.006186448636623,33.24721790655242,33.247104926937915,0.39504091315828305,20.0,0.0
32.6,-15.98986957455818,-47.79097103877232,-17.98300468329828,33.247209836579955,33.24712943593422,0.3949684178902544,20.0,0.0
32.65,-15.133836251813284,-48.06883242570892,-16.95982323226596,33.24720409367669,33.24715540044812,0.3948970677347745,20.0,0.0
32.7,-14.27297766868357,-48.33136337598317,-15.936642004905897,33.24720061558894,33.247182756362854,0.39482689038695185,20.0,0.0
32.75,-13.407568350137534,-48.5784801730118,-14.913460913008963,33.24719933992993,33.247211440227105,0.39475791174425723,20.0,0.0
32.800000000000004,-12.537884271815384,-48.8101040144292,-13.890279870795858,33.247200204236876,33.247241389289925,0.3946901559364022,20.0,0.0
32.85,-11.664202772125062,-49.02616103722381,-12.867098794920091,33.24720314602638,33.24727254153394,0.39462364535577876,20.0,0.0
32.9,-10.786802463901486,-49.226582341303924,-11.843917604468736,33.24720810284835,33.24730483570701,0.3945584006885241,20.0,0.0
32.95,-9.905963145657031,-49.41130401148543,-10.820736220961097,33.247215012338245,33.247338211352485,0.39449444094613995,20.0,0.0
33.0,-9.021965712451374,-49.58026713789415,-9.797554568345452,33.24722381226784,33.2473726088376,0.3944317834976161,20.0,0.0
33.050000000000004,-8.135092066408976,-49.73341783477621,-8.774372572993641,33.24723444059425,33.24740796938061,0.39437044410205857,20.0,0.0
33.1,-7.245625026912599,-49.87070725771021,-7.751190163693913,33.24724683550756,33.24744423507628,0.39431043694170853,20.0,0.0
33.15,-6.3538482405013585,-49.99209161921548,-6.728007271641808,33.24726093547676,33.24748134891999,0.3942517746553804,20.0,0.0
33.2,-5.460046090501925,-50.09753220275138,-5.704823830429279,33.24727667929413,33.24751925483016,0.39419446837221983,20.0,0.0
33.25,-4.5645036064215745,-50.18699537510288,-4.681639776032118,33.24729400611813,33.2475578976696,0.3941385277458025,20.0,0.0
33.300000000000004,-3.6675063731318804,-50.26045259714833,-3.658455046795678,33.24731285551467,33.24759722326501,0.39408396098848897,20.0,0.0
33.35,-2.7693404398719235,-50.317880433005776,-2.635269583419027,33.24733316749684,33.24763717842551,0.3940307749060281,20.0,0.0
33.4,-1.8702922290999369,-50.35926055755476,-1.6120833289375136,33.24735488256317,33.24767771095944,0.39397897493233813,20.0,0.0
33.45,-0.9706484452223942,-50.38457976233093,-0.5888962287038146,33.247377941734335,33.247718769690096,0.3939285651644724,20.0,0.0
33.5,-0.07069598322957216,-50.39382995979143,0.43429176963232047,33.24740228658832,33.247760304469885,0.3938795483977131,20.0,0.0
33.550000000000004,0.8292781627333277,-50.3870081859496,1.45748071614585,33.24742785929414,33.24780226619352,0.39383192616074325,20.0,0.0
33.6,1.7289869908303896,-50.36411660137772,2.4806706586594163,33.2474546026441,33.2478446068096,0.39378569875090363,20.0,0.0
33.65,2.6281435830053965,-50.3251624905776,3.5038616427676192,33.24748246008449,33.24788727933121,0.3937408652694785,20.0,0.0
33.7,3.5264611964293033,-50.27015825971873,4.527053711862512,33.24751137574497,33.24793023784516,0.3936974236569455,20.0,0.0
33.75,4.423653354895629,-50.19912143274472,5.550246907160189,33.247541294466416,33.24797343752015,0.3936553707282613,20.0,0.0
33.800000000000004,5.319433940134633,-50.112074645849006,6.5734412677285,33.2475721618274,33.24801683461366,0.3936147022080476,20.0,0.0
33.85,6.213517283017158,-50.00904564032139,7.596636830515793,33.24760392416927,33.24806038647775,0.39357541276567076,20.0,0.0
33.9,7.105618254619049,-49.890067253767526,8.619833630380569,33.24763652861988,33.24810405156396,0.39353749605025,20.0,0.0
33.95,7.995452357117105,-49.75517740970401,9.643031700122181,33.247669923115886,33.24814778942669,0.3935009447255027,20.0,0.0
34.0,8.882735814487535,-49.604419105532145,10.666231070512241,33.24770405642379,33.24819156072603,0.39346575050441857,20.0,0.0
34.050000000000004,9.767185662977994,-49.4378403988941,11.68943177032701,33.24773887815967,33.24823532722921,0.39343190418379237,20.0,0.0
34.1,10.64851984132429,-49.255494392415606,12.712633826380472,33.247774338807496,33.248279051811245,0.3933993956784221,20.0,0.0
34.15,11.52645728068297,-49.057439216839896,13.735837263558127,33.24781038973633,33.24832269845454,0.39336821405521505,20.0,0.0
34.2,12.400717994251034,-48.84373801255816,14.759042104851414,33.247846983216206,33.24836623224761,0.39333834756693875,20.0,0.0
34.25,13.271023166544165,-48.61445890954216,15.78224837139288,33.24788407243273,33.248409619382926,0.3933097836857158,20.0,0.0
34.300000000000004,14.137095242304941,-48.36967500568527,16.80545608249175,33.2479216115006,33.248452827153656,0.39328250913622753,20.0,0.0
34.35,14.998658015012598,-48.109464343558805,17.82866525567016,33.24795955547582,33.248495823949966,0.39325650992856254,20.0,0.0
34.4,15.855436714966052,-47.83390988559075,18.851875906699814,33.24799786036683,33.2485385792541,0.3932317713907878,20.0,0.0
34.45,16.70715809691202,-47.54309948767477,19.875088049639047,33.248036483144496,33.248581063634866,0.3932082782010866,20.0,0.0
34.5,17.553550527190218,-47.237125871217785,20.898301696870316,33.24807538175095,33.2486232487414,0.3931860144195767,20.0,0.0
34.550000000000004,18.394344070367726,-46.91608659363479,21.921516859138045,33.24811451510741,33.24866510729602,0.393164963519709,20.0,0.0
34.6,19.229270575334866,-46.58008401730038,22.94473354558671,33.24815384312089,33.248706613086505,0.39314510841927586,20.0,0.0
34.65,20.058063760834973,-46.22922527696663,23.967951763799267,33.24819332668986,33.248747740957654,0.3931264315109928,20.0,0.0
34.7,20.88045930040074,-45.86362224565764,24.991171519835707,33.24823292770898,33.248788466802196,0.39310891469263254,20.0,0.0
34.75,21.69619490666992,-45.48339149905151,26.01439281827196,33.248272609072785,33.248828767551046,0.3930925393967115,20.0,0.0
34.800000000000004,22.505010415053395,-45.088654278361105,27.037615662238743,33.248312334678374,33.24886862116291,0.39307728661976427,20.0,0.0
34.85,23.306647866728838,-44.679536451725184,28.060840053460595,33.24835206942727,33.24890800661354,0.39306313695105644,20.0,0.0
34.9,24.100851590933395,-44.25616847412224,29.084065992295038,33.24839177922629,33.24894690388407,0.3930500706008857,20.0,0.0
34.95,24.887368286529007,-43.818685345819716,30.107293477771748,33.24843143098756,33.248985293949126,0.3930380674283782,20.0,0.0
35.0,25.66594710281426,-43.367226569371795,31.13052250763159,33.248470992627674,33.24902315876448,0.393027106968745,20.0,0.0
35.050000000000004,26.4363397195569,-42.901936105179345,32.15375307836591,33.248510433066016,33.24906048125377,0.3930171684600836,20.0,0.0
35.1,27.19830042622134,-42.422962325626195,33.17698518525538,33.248549722222286,33.24909724529539,0.39300823086960435,20.0,0.0
35.15,27.951586200365796,-41.9304579678063,34.20021882240921,33.24858883101322,33.24913343570844,0.3930002729193589,20.0,0.0
35.2,28.695956785183927,-41.42458008485676,35.2234539828037,33.2486277313486,33.249169038238676,0.3929932731114363,20.0,0.0
35.25,29.431174766166148,-40.90548999591224,36.24669065832113,33.24866639612646,33.24920403954371,0.3929872097526257,20.0,0.0
35.300000000000004,30.157005646856014,-40.373353234696694,37.26992883978816,33.248704799227696,33.24923842717819,0.39298206097848265,20.0,0.0
35.35,30.873217923677444,-39.828339496768685,38.29316851701407,33.24874291550987,33.2492721895784,0.39297780477695454,20.0,0.0
35.4,31.57958315980876,-39.27062258543718,39.31640967882888,33.248780720800475,33.24930531604667,0.3929744190112885,20.0,0.0
35.45,32.2758760580799,-38.70038035636503,40.339652313121086,33.24881819188949,33.249337796735595,0.39297188144255557,20.0,0.0
35.5,32.96187453286944,-38.11779466087772,41.36289640687513,33.24885530652136,33.249369622631654,0.3929701697515,20.0,0.0
35.550000000000004,33.6373597809783,-37.52305128799551,42.386141946208596,33.24889204338638,33.24940078553897,0.39296926155986966,20.0,0.0
35.6,34.3021163514576,-36.916339905207444,43.409388916409014,33.248928382111565,33.24943127806265,0.39296913445114967,20.0,0.0
35.65,34.95593221436805,-36.2978539980061,44.432637301970416,33.24896430325093,33.24946109359198,0.3929697659907845,20.0,0.0
35.7,35.59859882844901,-35.66779080820233,45.455887086629346,33.248999788275285,33.249490226283335,0.39297113374576753,20.0,0.0
35.75,36.22991120767551,-35.026351271039715,46.47913825340063,33.24903481956157,33.24951867104304,0.3929732153037051,20.0,0.0
35.800000000000004,36.84966798668174,-34.37373995112883,47.50239078461264,33.24906938038168,33.24954642351012,0.3929759882913402,20.0,0.0
35.85,37.45767148503028,-33.71016497722164,48.525644661942195,33.24910345489085,33.24957348003878,0.39297943039239414,20.0,0.0
35.9,38.05372777030629,-33.03583797584696,49.54889986644886,33.249137028115705,33.249599837680904,0.3929835193649964,20.0,0.0
35.95,38.63764672001647,-32.35097400382816,50.572156378609044,33.24917008594179,33.24962549416844,0.3929882330584249,20.0,0.0
36.0,39.209242082273036,-31.655791479704614,51.59541417834925,33.24920261510084,33.249650447895625,0.39299354942937015,20.0,0.0
36.050000000000004,39.76833153524314,-30.950512114078773,52.61867324507925,33.24923460315761,33.249674697901355,0.39299944655756747,20.0,0.0
36.1,40.31473674534478,-30.235360838911216,53.641933557724364,33.249266038496444,33.249698243851256,0.3930059026609243,20.0,0.0
36.15,40.84828342417049,-29.510565735786162,54.66519509475744,33.24929691030751,33.24972108602,0.3930128961100934,20.0,0.0
36.2,41.36880138412059,-28.77635796317041,55.688457834230256,33.24932720857268,33.24974322527343,0.3930204054424422,20.0,0.0
36.25,41.876124592728175,-28.03297168268892,56.71172175380438,33.249356924051305,33.249764663050726,0.3930284093755603,20.0,0.0
36.300000000000004,42.37009122565843,-27.280643984440644,57.73498683078133,33.24938604826555,33.24978540134671,0.39303688682013416,20.0,0.0
36.35,42.85054371836525,-26.519614811378403,58.75825304213247,33.24941457348564,33.24980544269408,0.39304581689236073,20.0,0.0
36.4,43.317328816388724,-25.75012688277704,59.78152036452796,33.249442492714806,33.24982479014571,0.3930551789257706,20.0,0.0
36.45,43.770297624277205,-24.972425616814274,60.80478877436546,33.24946979967416,33.24984344725702,0.39306495248258244,20.0,0.0
36.5,44.20930565311847,-24.186759052289027,61.82805824779801,33.24949648878722,33.24986141806848,0.393075117364468,20.0,0.0
36.550000000000004,44.63421286666462,-23.393377769502216,62.85132876076137,33.249522555164454,33.24987870708822,0.39308565362285464,20.0,0.0
36.6,45.044883726036005,-22.592534810325343,63.87460028900079,33.24954799458759,33.2498953192746,0.393096541568724,20.0,0.0
36.65,45.44118723298983,-21.7844855974824,64.89787280809729,33.249572803493805,33.249911260019005,0.3931077617818346,20.0,0.0
36.7,45.822996971739634,-20.969487853070916,65.92114629349295,33.249596978959886,33.24992653512886,0.3931192951195328,20.0,0.0
36.75,46.19019114931217,-20.14780151634818,66.94442072051602,33.24962051868624,33.249941150810564,0.3931311227250305,20.0,0.0
36.800000000000004,46.54265263442888,-19.31968866080896,67.9676960644051,33.24964342098084,33.24995511365272,0.3931432260352281,20.0,0.0
36.85,46.880268994899424,-18.48541341058118,68.99097230033291,33.249665684743114,33.249968430609535,0.393155586788005,20.0,0.0
36.9,47.20293253351531,-17.645241856166326,70.01424940342919,33.24968730944786,33.249981108984365,0.3931681870291044,20.0,0.0
36.95,47.51054032243222,-16.799441969551502,71.03752734880321,33.24970829512904,33.24999315641334,0.3931810091185497,20.0,0.0
37.0,47.80299423602991,-15.948283518720286,72.0608061115656,33.249728642363635,33.250004580849264,0.3931940357365491,20.0,0.0
37.050000000000004,48.08020098223928,-15.092037981589721,73.08408566684928,33.249748352255466,33.25001539054584,0.3932072498890449,20.0,0.0
37.1,48.34207213232656,-14.230978459400943,74.1073659898302,33.24976742641906,33.250025594041865,0.3932206349127654,20.0,0.0
37.15,48.588524149125,-13.365379589591155,75.13064705574723,33.249785866963556,33.25003520014563,0.39323417447984355,20.0,0.0
37.2,48.81947841370524,-12.495517458174803,76.15392883992129,33.24980367647656,33.25004421791987,0.39324785260207307,20.0,0.0
37.25,49.03486125047562,-11.621669511661942,77.17721131777408,33.24982085800822,33.250052656666554,0.39326165363468846,20.0,0.0
37.300000000000004,49.23460395070457,-10.744114468541996,78.20049446484605,33.24983741505525,33.25006052591207,0.3932755622798041,20.0,0.0
37.35,49.41864279445743,-9.863132230361163,79.2237782568138,33.24985335154502,33.25006783539275,0.3932895635894056,20.0,0.0
37.4,49.58691907094089,-8.979003792421933,80.24706266950689,33.249868671819854,33.25007459504038,0.3933036429679646,20.0,0.0
37.45,49.739379097248275,-8.092011154133232,81.27034767892401,33.24988338062133,33.25008081496822,0.393317786174741,20.0,0.0
37.5,49.87597423550002,-7.202437229039883,82.29363326124853,33.249897483074676,33.25008650545708,0.3933319793256089,20.0,0.0
37.550000000000004,49.99666090837357,-6.310565754560116,83.31691939286335,33.24991098467341,33.250091676941764,0.39334620889464844,20.0,0.0
37.6,50.10140061301797,-5.416681201459995,84.34020605036538,33.24992389126401,33.2500963399978,0.3933604617152682,20.0,0.0
37.65,50.19015993334859,-4.5210686830936835,85.36349321057921,33.24993620903071,33.25010050532826,0.39337472498106507,20.0,0.0
37.7,50.26291055071813,-3.6240138644385747,86.38678085057025,33.24994794448053,33.25010418375115,0.3933889862463502,20.0,0.0
37.75,50.3196292529605,-2.725802870954337,87.41006894765744,33.249959104428434,33.25010738618659,0.3934032334263122,20.0,0.0
37.800000000000004,50.36029794180468,-1.8267221972950176,88.43335747942501,33.249969695982585,33.2501101236449,0.3934174547968823,20.0,0.0
37.85,50.384903638656255,-0.9270586159033685,89.45664642373416,33.249979726529894,33.25011240721448,0.3934316389943504,20.0,0.0
37.9,50.39343848874475,-0.027099085516603227,90.47993575873367,33.249989203721654,33.25011424805007,0.3934457750145981,20.0,0.0
37.95,50.3858997636355,0.8728693403871766,91.50322546287046,33.24999813545939,33.25011565736138,0.39345985221208934,20.0,0.0
38.0,50.362289862105264,1.7725596051726373,92.52651551489912,33.25000652988097,33.250116646402006,0.3934738602986201,20.0,0.0
38.050000000000004,50.32261630938131,2.67168474063169,93.54980589389118,33.25001439534675,33.25011722645859,0.39348778934172657,20.0,0.0
38.1,50.26689175474427,3.569957958539529,94.57309657924384,33.25002174042617,33.25011740884014,0.39350162976291614,20.0,0.0
38.15,50.19513396749552,4.467092742152985,95.59638755068805,33.25002857388431,33.250117204867934,0.3935153723355427,20.0,0.0
38.2,50.10736583129044,5.36280293762197,96.61967878829614,33.25003490466885,33.250116625865374,0.39352900818258263,20.0,0.0
38.25,50.003615336839346,6.256802845284803,97.64297027248898,33.25004074189717,33.25011568314838,0.3935425287740486,20.0,0.0
38.300000000000004,49.88391557297852,7.148807310818279,98.66626198404252,33.25004609484369,33.25011438801594,0.39355592592428223,20.0,0.0
38.35,49.74830471611413,8.03853181621335,99.68955390409398,33.25005097292742,33.25011275174096,0.39356919178892014,20.0,0.0
38.400000000000006,49.596826018042485,8.925692570547376,100.71284601414742,33.25005538569982,33.2501107855615,0.39358231886180306,20.0,0.0
38.45,49.4295277921506,9.81000660052396,101.73613829607888,33.25005934283279,33.25010850067214,0.39359529997152976,20.0,0.0
38.5,49.2464633980014,10.691191840751456,102.7594307321412,33.250062854107036,33.250105908215694,0.3936081282779611,20.0,0.0
38.550000000000004,49.04769122430859,11.568967223731313,103.78272330496813,33.250065929400506,33.25010301927533,0.3936207972684542,20.0,0.0
38.6,48.83327467030663,12.443052769527561,104.80601599757817,33.25006857867728,33.2500998448667,0.39363330075396163,20.0,0.0
38.650000000000006,48.6032821255218,13.313169675088762,105.8293087933779,33.25007081197653,33.250096395930655,0.3936456328649669,20.0,0.0
38.7,48.35778694795087,14.179040403193955,106.85260167616495,33.25007263940182,33.25009268332602,0.3936577880472427,20.0,0.0
38.75,48.09686744065432,15.040388770994188,107.87589463013047,33.250074071110696,33.25008871782268,0.3936697610575095,20.0,0.0
38.800000000000004,47.82060682677165,15.896940038121363,108.89918763986131,33.250075117304405,33.25008451009505,0.393681546958895,20.0,0.0
38.85,47.52909322296681,16.748420994336303,109.9224806903415,33.25007578821802,33.250080070715775,0.3936931411163229,20.0,0.0
38.900000000000006,47.22241961131218,17.59456004668805,110.94577376695389,33.25007609411072,33.250075410149506,0.39370453919172377,20.0,0.0
38.95,46.90068380962025,18.43508730615656,111.96906685548085,33.25007604525635,33.25007053874731,0.39371573713918195,20.0,0.0
39.0,46.56398844023227,19.26973467375122,112.99235994210491,33.250075651934274,33.250065466740985,0.3937267311999335,20.0,0.0
39.050000000000004,46.21244089727417,20.098235926037614,114.01565301340904,33.25007492442047,33.25006020423788,0.3937375178972715,20.0,0.0
39.1,45.846153312389916,20.920326800065332,115.0389460563764,33.25007387297885,33.25005476121582,0.39374809403139466,20.0,0.0
39.150000000000006,45.465242518963535,21.73574507766971,116.06223905838992,33.25007250785292,33.250049147518396,0.3937584566740995,20.0,0.0
39.2,45.06983001484109,22.544230669120548,117.08553200723165,33.250070839257596,33.25004337285042,0.39376860316348683,20.0,0.0
39.25,44.66004192356459,23.345525696091244,118.10882489108131,33.25006887737137,33.250037446773746,0.3937785310984907,20.0,0.0
39.300000000000004,44.23600895413028,24.139374573921728,119.13211769851522,33.25006663232868,33.25003137870314,0.39378823833342835,20.0,0.0
39.35,43.79786635928407,24.925524093149104,120.15541041850439,33.25006411421257,33.250025177902614,0.3937977229724581,20.0,0.0
39.400000000000006,43.3457538923676,25.703723500279885,121.17870304041257,33.250061333047576,33.250018853481826,0.3938069833639517,20.0,0.0
39.45,42.87981576272853,26.47372457777813,122.20199555399401,33.25005829879289,33.250012414392764,0.3938160180948813,20.0,0.0
39.5,42.400200589709605,27.235281723243933,123.22528794939082,33.25005502133573,33.250005869426786,0.3938248259851349,20.0,0.0
39.550000000000004,41.90706135523085,27.988152027757074,124.24858021713025,33.25005151048509,33.24999922721163,0.3938334060817965,20.0,0.0
39.6,41.40055535498038,28.732095353360762,125.2718723481216,33.25004777596556,33.2499924962089,0.3938417576533837,20.0,0.0
39.650000000000006,40.880844148229215,29.46687440966085,126.295164333653,33.25004382741152,33.24998568471152,0.3938498801841135,20.0,0.0
39.7,40.348093506286205,30.192254829516052,127.31845616538774,33.25003967436152,33.24997880084178,0.3938577733680759,20.0,0.0
39.75,39.80247335960957,30.90800524379506,128.3417478353607,33.25003532625296,33.249971852549116,0.39386543710347865,20.0,0.0
39.800000000000004,39.24415774359192,31.6138973551767,129.3650393359743,33.25003079241698,33.24996484760843,0.3938728714868063,20.0,0.0
39.85,38.673324743036034,32.30970601096963,130.38833065999447,33.25002608207351,33.249957793618506,0.3938800768070436,20.0,0.0
39.900000000000006,38.09015643533924,32.99520927492835,131.41162180054627,33.25002120432672,33.24995069800055,0.39388705353986353,20.0,0.0
39.95,37.49483883240445,33.67018849804264,132.43491275110935,33.25001616816056,33.24994356799707,0.393893802341843,20.0,0.0
40.0,36.88756182129643,34.33442838827787,133.45820350551327,33.250010982434596,33.249936410670934,0.39390032404465103,20.0,0.0
40.050000000000004,36.268519103662314,34.98771707924395,134.4814940579327,33.25000565588005,33.24992923290434,0.3939066196493357,20.0,0.0
40.1,35.6379081339356,35.62984619777101,135.50478440288234,33.25000019709607,33.24992204139838,0.39391269032054765,20.0,0.0
40.150000000000006,34.99593005634347,36.26061093037034,136.5280745352119,33.24999461454624,33.24991484267241,0.3939185373808485,20.0,0.0
40.2,34.34278964073744,36.87981008855936,137.55136445010075,33.249988916555246,33.249907643063835,0.39392416230499805,20.0,0.0
40.25,33.67869521726799,37.4872461730298,138.5746541430524,33.24998311130586,33.24990044872793,0.3939295667143554,20.0,0.0
40.300000000000004,33.003858609923796,38.08272543663868,139.59794360988917,33.24997720683601,33.24989326563784,0.3939347523712229,20.0,0.0
40.35,32.318495068956985,38.666057946201995,140.6212328467465,33.24997121103614,33.24988609958478,0.39393972117328957,20.0,0.0
40.400000000000006,31.6228232022159,39.23705764307142,141.6445218500671,33.24996513164675,33.249878956178335,0.3939444751481389,20.0,0.0
40.45,30.917064905407276,39.795542402474744,142.66781061659512,33.24995897625615,33.24987184084693,0.3939490164477135,20.0,0.0
40.5,30.201445291310122,40.341334091601134,143.69109914337042,33.24995275229835,33.24986475883848,0.3939533473429577,20.0,0.0
40.550000000000004,29.476192617963875,40.8742586264127,144.7143874277223,33.24994646705121,33.249857715221005,0.3939574702183961,20.0,0.0
40.6,28.74153821585376,41.394146027164275,145.73767546726356,33.24994012763477,33.24985071488367,0.3939613875668826,20.0,0.0
40.650000000000006,27.997716414116574,41.900830472613755,146.7609632598844,33.2499337410097,33.249843762537644,0.3939651019842856,20.0,0.0
40.7,27.244964465790467,42.39415035290569,147.784250803746,33.24992731397598,33.24983686271732,0.39396861616436496,20.0,0.0
40.75,26.48352247213252,42.87394832111128,148.80753809727454,33.249920853171794,33.24983001978153,0.39397193289360644,20.0,0.0
40.800000000000004,25.713633306028342,43.34007134340841,149.83082513915463,33.249914365072485,33.24982323791486,0.39397505504622643,20.0,0.0
40.85,24.93554253451804,43.79237074788569,150.85411192832322,33.2499078559898,33.24981652112916,0.3939779855791201,20.0,0.0
40.900000000000006,24.149498340463342,44.230702271954975,151.87739846396303,33.24990133207118,33.249809873265086,0.3939807275270226,20.0,0.0
40.95,23.355751443380836,44.65492610835729,152.90068474549628,33.24989479929932,33.24980329799377,0.39398328399765603,20.0,0.0
41.0,22.55455501946656,45.06490694974743,153.92397077257806,33.24988826349178,33.249796798818664,0.39398565816696873,20.0,0.0
41.050000000000004,21.746164620837483,45.460514031843196,154.9472565450903,33.24988173030084,33.24979037907725,0.3939878532744814,20.0,0.0
41.1,20.930838094015648,45.8416211751253,155.97054206313484,33.24987520521344,33.249784041943144,0.39398987261866836,20.0,0.0
41.150000000000006,20.108835497680914,46.208106825074864,156.99382732702742,33.24986869355128,33.249777790427984,0.39399171955246715,20.0,0.0
41.2,19.280419019718604,46.55985409093562,158.01711233729097,33.24986220047104,33.249771627383616,0.39399339747884454,20.0,0.0
41.25,18.445852893588462,46.896750782988434,159.04039709464934,33.2498557309648,33.24976555550426,0.39399490984646945,20.0,0.0
41.300000000000004,17.605403314041627,47.21868944832634,160.06368160002074,33.24984928986047,33.24975957732879,0.39399626014544253,20.0,0.0
41.35,16.759338352212477,47.52556740511867,161.08696585451142,33.249842881822495,33.24975369524305,0.3939974519031253,20.0,0.0
41.400000000000006,15.907927870112426,47.81728677535342,162.11024985940938,33.24983651135254,33.2497479114822,0.3939984886800687,20.0,0.0
41.45,15.051443434552958,48.093754516047305,163.13353361617794,33.24983018279037,33.24974222813311,0.39399937406603414,20.0,0.0
41.5,14.190158230525327,48.354882448913706,164.15681712644945,33.24982390031485,33.24973664713706,0.3940001116760783,20.0,0.0
41.550000000000004,13.324346974064552,48.60058728847902,165.18010039201897,33.24981766794502,33.24973117029213,0.3940007051467518,20.0,0.0
41.6,12.454285824625499,48.83079066863838,166.20338341483819,33.24981148954124,33.24972579925578,0.3940011581323901,20.0,0.0
41.650000000000006,11.580252296998975,49.045419167642436,167.22666619700908,33.24980536880656,33.24972053554757,0.3940014743014615,20.0,0.0
41.7,10.702525172795934,49.244404331507134,168.2499487407779,33.24979930928806,33.249715380551855,0.394001657333078,20.0,0.0
41.75,9.821384411528014,49.427682695839074,169.27323104852914,33.24979331437833,33.24971033552045,0.3940017109135212,20.0,0.0
41.800000000000004,8.937111061312752,49.595195806069526,170.2965131227792,33.24978738731705,33.24970540157545,0.3940016387329095,20.0,0.0
41.85,8.04998716923196,49.74689023609063,171.31979496617086,33.249781531192646,33.24970057971199,0.39400144448194396,20.0,0.0
41.900000000000006,7.16029569137182,49.88271760528786,172.34307658146713,33.249775748944025,33.24969587080099,0.3940011318487535,20.0,0.0
41.95,6.268320402573416,50.00263459396337,173.36635797154554,33.24977004336238,33.24969127559215,0.39400070451581826,20.0,0.0
42.0,5.374345805922436,50.10660295714525,174.3896391393922,33.24976441709308,33.24968679471674,0.3940001661570136,20.0,0.0
42.050000000000004,4.478657042006939,50.19458953677833,175.41292008809634,33.24975887263763,33.24968242869034,0.3939995204347255,20.0,0.0
42.1,3.5815397979720833,50.26656627229269,176.43620082084473,33.24975341235568,33.249678177915996,0.39399877099703673,20.0,0.0
42.150000000000006,2.6832802164008394,50.322510209546465,177.4594813409159,33.24974803846713,33.249674042686884,0.3939979214750977,20.0,0.0
42.2,1.784164804049722,50.36240350814009,178.48276165167482,33.24974275305426,33.24967002318948,0.3939969754804338,20.0,0.0
42.25,0.8844803404686407,50.38623344709977,179.50604175656773,33.24973755806391,33.249666119506195,0.393995936602515,20.0,0.0
42.300000000000004,-0.015486213465996213,50.39399242892822,-179.47067834088347,33.24973245530979,33.24966233161855,0.39399480840631185,20.0,0.0
42.35,-0.9154478070757655,50.3856779820215,-178.44739863708617,33.2497274464747,33.249658659409995,0.3939935944299364,20.0,0.0
42.400000000000006,-1.8151173914331196,50.36129276145113,-177.42411912838216,33.24972253311294,33.2496551026688,0.39399229818246084,20.0,0.0
42.45,-2.7142080109135,50.32084454811129,-176.4008398110528,33.24971771665264,33.24965166109108,0.3939909231417076,20.0,0.0
42.5,-3.6124328947174824,50.2643462462313,-175.37756068132376,33.24971299839824,33.24964833428364,0.3939894727522386,20.0,0.0
42.550000000000004,-4.509505548333776,50.19181587925428,-174.35428173536988,33.249708379532905,33.249645121766974,0.39398795042335877,20.0,0.0
42.6,-5.405139844913921,50.103276584083225,-173.33100296932002,33.249703861121056,33.24964202297796,0.39398635952724703,20.0,0.0
42.650000000000006,-6.299050116529554,49.998756603696386,-172.3077243792615,33.24969944411084,33.24963903727307,0.39398470339713043,20.0,0.0
42.7,-7.190951245283137,49.87828927813428,-171.28444596124467,33.24969512933671,33.24963616393094,0.39398298532558584,20.0,0.0
42.75,-8.08055875424312,49.74191303386126,-170.2611677112875,33.24969091752202,33.24963340215541,0.39398120856291285,20.0,0.0
42.800000000000004,-8.967588898174535,49.58967137150495,-169.23788962537967,33.24968680928154,33.24963075107827,0.3939793763155848,20.0,0.0
42.85,-9.851758754036101,49.421612851977564,-168.214611699487,33.249682805124166,33.24962820976215,0.393977491744792,20.0,0.0
42.900000000000006,-10.732786311214982,49.23779108098344,-167.1913339295555,33.249678905455454,33.24962577720326,0.39397555796502104,20.0,0.0
42.95,-11.610390561470435,49.038264691917824,-166.16805631151527,33.2496751105803,33.249623452334184,0.39397357804280375,20.0,0.0
43.0,-12.48429158855768,48.82309732716225,-165.14477884128465,33.249671420705575,33.249621234026606,0.39397155499544567,20.0,0.0
43.050000000000004,-13.354210657503398,48.59235761778258,-164.12150151477388,33.249667835942795,33.249619121094035,0.39396949178988905,20.0,0.0
43.1,-14.219870303504418,48.34611916163613,-163.09822432788883,33.24966435631074,33.24961711229451,0.39396739134166836,20.0,0.0
43.150000000000006,-15.080994420421238,48.084460499894874,-162.07494727653472,33.24966098173815,33.24961520633329,0.3939652565138658,20.0,0.0
43.2,-15.937308348838158,47.80746509199218,-161.05167035661947,33.24965771206638,33.249613401865375,0.3939630901162303,20.0,0.0
43.25,-16.788538963661978,47.51522128900114,-160.02839356405718,33.24965454705202,33.24961169749816,0.3939608949042963,20.0,0.0
43.300000000000004,-17.634414761231284,47.2078223054529,-159.00511689477148,33.2496514863696,33.249610091794054,0.39395867357860226,20.0,0.0
43.35,-18.47466594590862,46.885366189604035,-157.9818403446987,33.249648529614205,33.249608583272945,0.3939564287840085,20.0,0.0
43.400000000000006,-19.309024516127845,46.5479557921624,-156.95856390979083,33.24964567630412,33.24960717041465,0.3939541631090009,20.0,0.0
43.45,-20.13722434986935,46.19569873348146,-155.93528758601872,33.249642925883435,33.24960585166141,0.39395187908516505,20.0,0.0
43.5,-20.959001289535756,45.82870736923359,-154.91201136937482,33.24964027772472,33.24960462542031,0.3939495791866534,20.0,0.0
43.550000000000004,-21.774093226201163,45.44709875457318,-153.8887352558761,33.24963773113156,33.24960349006565,0.3939472658297234,20.0,0.0
43.6,-22.58224018320697,45.05099460680109,-152.86545924156658,33.249635285341135,33.249602443941285,0.3939449413723537,20.0,0.0
43.650000000000006,-23.38318439907769,44.640521266542265,-151.84218332252,33.24963293952686,33.24960148536276,0.393942608113953,20.0,0.0
43.7,-24.176670409730306,44.215809657448986,-150.81890749484225,33.24963069280085,33.24960061261987,0.39394026829503304,20.0,0.0
43.75,-24.9624451299509,43.77699524444248,-149.79563175467396,33.24962854421649,33.24959982397855,0.39393792409707373,20.0,0.0
43.800000000000004,-25.74025793411268,43.324217990506305,-148.77235609819252,33.24962649277092,33.249599117683246,0.3939355776422886,20.0,0.0
43.85,-26.50986073610956,42.85762231204522,-147.74908052161436,33.24962453740752,33.24959849195892,0.39393323099358923,20.0,0.0
43.900000000000006,-27.271008068479855,42.37735703282385,-146.7258050211971,33.24962267701833,33.249597945013136,0.39393088615452143,20.0,0.0
43.95,-28.023457160694893,41.88357533649969,-145.7025295932415,33.24962091044654,33.24959747503817,0.3939285450692651,20.0,0.0
44.0,-28.766968016587494,41.37643471776574,-144.67925423409343,33.2496192364888,33.24959708021291,0.3939262096226983,20.0,0.0
44.050000000000004,-29.50130349089571,40.856096932118255,-143.6559789401456,33.24961765389766,33.24959675870475,0.39392388164051795,20.0,0.0
44.1,-30.226229364897364,40.32272794426562,-142.63270370783928,33.24961616138388,33.24959650867166,0.3939215628893393,20.0,0.0
44.150000000000006,-30.94151442111129,39.77649787519486,-141.60942853366598,33.249614757618716,33.24959632826384,0.39391925507698744,20.0,0.0
44.2,-31.646930517041444,39.21758094791259,-140.58615341416896,33.24961344123622,33.24959621562557,0.3939169598526604,20.0,0.0
44.25,-32.342252657940385,38.64615543187772,-139.5628783459447,33.249612210835465,33.24959616889708,0.39391467880724207,20.0,0.0
44.300000000000004,-33.027259068568895,38.06240358614373,-138.53960332564424,33.24961106498272,33.24959618621604,0.39391241347365025,20.0,0.0
44.35,-33.70173126392887,37.46651160122843,-137.51632834997443,33.24961000221367,33.249596265719404,0.3939101653271706,20.0,0.0
44.400000000000006,-34.36545411894692,36.85866953972998,-136.49305341569917,33.2496090210355,33.24959640554492,0.3939079357858972,20.0,0.0
44.45,-35.018215937086474,36.23907127570793,-135.46977851964056,33.249608119929036,33.249596603832735,0.3939057262111447,20.0,0.0
44.5,-35.65980851786645,35.60791443284865,-134.4465036586798,33.24960729735073,33.24959685872686,0.39390353790795984,20.0,0.0
44.550000000000004,-36.29002722326504,34.96540032143496,-133.42322882975824,33.249606551734736,33.24959716837671,0.3939013721255975,20.0,0.0
44.6,-36.90867104298735,34.31173387413987,-132.39995402987822,33.24960588149488,33.24959753093849,0.39389923005809635,20.0,0.0
44.650000000000006,-37.51554265857613,33.64712358066507,-131.37667925610384,33.24960528502657,33.24959794457651,0.3938971128448543,20.0,0.0
44.7,-38.11044850634515,32.97178142124495,-130.35340450556177,33.249604760708706,33.2495984074646,0.39389502157120404,20.0,0.0
44.75,-38.693198839115084,32.28592279903733,-129.33012977544172,33.24960430690555,33.249598917787395,0.39389295726908813,20.0,0.0
44.800000000000004,-39.26360778673231,31.589766471422468,-128.3068550629972,33.24960392196854,33.24959947374145,0.3938909209177197,20.0,0.0
44.85,-39.82149341535122,30.883534480232267,-127.28358036554583,33.24960360423804,33.2496000735366,0.39388891344421495,20.0,0.0
44.900000000000006,-40.36667778546124,30.16745208093192,-126.26030568047003,33.24960335204508,33.249600715396966,0.3938869357243959,20.0,0.0
44.95,-40.89898700863992,29.441747670776575,-125.23703100521703,33.24960316371307,33.249601397562095,0.39388498858343723,20.0,0.0
45.0,-41.41825130301411,28.706652715965923,-124.21375633729953,33.249603037559424,33.24960211828806,0.393883072796676,20.0,0.0
45.050000000000004,-41.924305047411494,27.96240167781993,-123.19048167429567,33.24960297189718,33.249602875848396,0.3938811890904006,20.0,0.0
45.1,-42.41698683418515,27.209231937999274,-122.16720701384936,33.24960296503656,33.24960366853514,0.3938793381426038,20.0,0.0
45.150000000000006,-42.89613952069438,26.447383722794314,-121.14393235367028,33.24960301528646,33.24960449465966,0.3938775205838283,20.0,0.0
45.2,-43.36161027942531,25.677100026506732,-120.12065769153395,33.249603120955975,33.24960535255361,0.39387573699798395,20.0,0.0
45.25,-43.81325064673529,24.898626533948313,-119.09738302528183,33.24960328035581,33.249606240569776,0.3938739879232287,20.0,0.0
45.300000000000004,-44.250916570205625,24.112211542081514,-118.07410835282114,33.24960349179966,33.24960715708277,0.3938722738527787,20.0,0.0
45.35,-44.67446845458737,23.31810588082687,-117.05083367212475,33.2496037536056,33.24960810048988,0.3938705952358319,20.0,0.0
45.400000000000006,-45.08377120632567,22.516562833062462,-116.0275589812311,33.249604064097326,33.24960906921178,0.393868952478428,20.0,0.0
45.45,-45.478694276648405,21.707838053840963,-115.00428427824387,33.249604421605504,33.249610061693105,0.393867345944372,20.0,0.0
45.5,-45.85911170320534,20.89218948885001,-113.98100956133182,33.2496048244689,33.24961107640319,0.39386577595610817,20.0,0.0
45.550000000000004,-46.224902150244574,20.069877292141946,-112.95773482872832,33.24960527103564,33.24961211183661,0.3938642427956722,20.0,0.0
45.6,-46.575948947313385,19.24116374315911,-111.93446007873118,33.24960575966428,33.24961316651373,0.39386274670560795,20.0,0.0
45.650000000000006,-46.912140126471236,18.40631316308118,-110.91118530970209,33.249606288724955,33.249614238981245,0.39386128788989794,20.0,0.0
45.7,-47.23336845800293,17.56559183052124,-109.88791052006624,33.2496068566004,33.24961532781264,0.39385986651489446,20.0,0.0
45.75,-47.53953148462064,16.719267896597422,-108.86463570831178,33.24960746168699,33.24961643160861,0.3938584827102716,20.0,0.0
45.800000000000004,-47.83053155414383,15.867611299407276,-107.84136087298937,33.24960810239568,33.249617548997534,0.39385713656999144,20.0,0.0
45.85,-48.10627585064667,15.010893677932057,-106.81808601271152,33.24960877715296,33.24961867863577,0.39385582815321385,20.0,0.0
45.900000000000006,-48.366676424062966,14.149388285398462,-105.79481112615206,33.24960948440173,33.24961981920804,0.39385455748527676,20.0,0.0
45.95,-48.61165021823926,13.283369902125411,-104.77153621204545,33.249610222602186,33.249620969427696,0.3938533245586697,20.0,0.0
46.0,-48.84111909742699,12.413114747883663,-103.74826126918612,33.24961099023258,33.24962212803703,0.3938521293339363,20.0,0.0
46.050000000000004,-49.055009871205385,11.538900393796245,-102.7249862964278,33.249611785790044,33.24962329380746,0.39385097174067596,20.0,0.0
46.1,-49.2532543178271,10.661005673807766,-101.70171129268273,33.249612607791285,33.249624465539796,0.39384985167848185,20.0,0.0
46.150000000000006,-49.435789205979134,9.779710595750862,-100.67843625692093,33.249613454773325,33.24962564206438,0.3938487690178789,20.0,0.0
46.2,-49.60255631495207,8.895296252038136,-99.6551611881694,33.24961432529411,33.249626822241154,0.39384772360129006,20.0,0.0
46.25,-49.75350245321123,8.008044730008084,-98.63188608551131,33.24961521793319,33.24962800495994,0.3938467152439813,20.0,0.0
46.300000000000004,-49.88857947536384,7.118239021953577,-97.60861094808517,33.24961613129224,33.24962918914041,0.3938457437349854,20.0,0.0
46.35,-50.007744297516666,6.226162934861627,-96.58533577508393,33.249617063995686,33.24963037373214,0.39384480883806816,20.0,0.0
46.400000000000006,-50.1109589110194,5.332100999893203,-95.56206056575414,33.249618014691144,33.24963155771471,0.3938439102926239,20.0,0.0
46.45,-50.19819039458926,4.43633838163198,-94.538785319395,33.24961898204997,33.24963274009762,0.3938430478146273,20.0,0.0
46.5,-50.26941092481299,3.5391607871309523,-93.5155100353575,33.24961996476766,33.24963391992036,0.3938422210975361,20.0,0.0
46.550000000000004,-50.32459778502291,2.6408543747859383,-92.49223471304339,33.249620961564275,33.24963509625231,0.39384142981321446,20.0,0.0
46.6,-50.36373337254418,1.7417056630650325,-91.4689593519043,33.24962197118485,33.249636268192674,0.3938406736128144,20.0,0.0
46.650000000000006,-50.38680520431095,0.8420014391231161,-90.44568395144077,33.24962299239969,33.24963743487038,0.3938399521277063,20.0,0.0
46.7,-50.39380592084957,-0.057971332669423115,-89.42240851120118,33.24962402400474,33.24963859544396,0.3938392649703246,20.0,0.0
46.75,-50.384733288627665,-0.9579256022545871,-88.39913303078083,33.24962506482183,33.249639749101505,0.3938386117350632,20.0,0.0
46.800000000000004,-50.35959020076826,-1.8575743254420845,-87.37585750982092,33.24962611369895,33.24964089506032,0.39383799199914193,20.0,0.0
46.85,-50.31838467612874,-2.7566305554628667,-86.35258194800751,33.249627169510475,33.24964203256691,0.3938374053234668,20.0,0.0
46.900000000000006,-50.26112985674491,-3.6548075344916797,-85.32930634507052,33.24962823115736,33.249643160896724,0.3938368512534609,20.0,0.0
46.95,-50.18784400364103,-4.55181878510944,-84.30603070078263,33.24962929756732,33.24964427935394,0.3938363293199032,20.0,0.0
47.0,-50.098550491007124,-5.447378201676257,-83.28275501495834,33.249630367694934,33.24964538727115,0.3938358390397596,20.0,0.0
47.050000000000004,-49.99327779874532,-6.341200141585963,-82.25947928745286,33.24963144052181,33.249646484009325,0.3938353799169718,20.0,0.0
47.1,-49.87205950338781,-7.23299951637304,-81.23620351816103,33.249632515056625,33.24964756895725,0.3938349514432886,20.0,0.0
47.150000000000006,-49.73493426738913,-8.122491882642873,-80.21292770701633,33.24963359033524,33.249648641531444,0.39383455309901905,20.0,0.0
47.2,-49.58194582679622,-9.009393532796345,-79.1896518539898,33.249634665420686,33.2496497011758,0.3938341843538211,20.0,0.0
47.25,-49.413142977300296,-9.89342158551982,-78.16637595908897,33.24963573940319,33.24965074736129,0.39383384466745497,20.0,0.0
47.300000000000004,-49.22857955867481,-10.774294076011646,-77.14310002235676,33.249636811400194,33.24965177958558,0.39383353349053607,20.0,0.0
47.35,-49.0283144376046,-11.651730045916423,-76.11982404387054,33.24963788055629,33.24965279737274,0.39383325026524574,20.0,0.0
47.400000000000006,-48.81241148891164,-12.525449632938304,-75.09654802374095,33.24963894604318,33.249653800272824,0.39383299442609143,20.0,0.0
47.45,-48.58093957518339,-13.395174160104798,-74.07327196211091,33.249640007059575,33.24965478786163,0.39383276540056045,20.0,0.0
47.5,-48.33397252481021,-14.260626224652551,-73.04999585915452,33.24964106283116,33.24965575974012,0.39383256260984467,20.0,0.0
47.550000000000004,-48.0715891084389,-15.121529786506793,-72.0267197150761,33.24964211261037,33.24965671553428,0.3938323854694872,20.0,0.0
47.6,-47.793873013849854,-15.977610256326194,-71.00344353010901,33.24964315567636,33.24965765489445,0.39383223339008566,20.0,0.0
47.650000000000006,-47.50091281926579,-16.828594583085078,-69.98016730451477,33.249644191334795,33.24965857749517,0.3938321057778822,20.0,0.0
47.7,-47.19280196510063,-17.67421134116501,-68.95689103858186,33.24964521891768,33.24965948303454,0.3938320020354453,20.0,0.0
47.75,-46.86963872415748,-18.514190816928032,-67.93361473262485,33.24964623778317,33.249660371233986,0.39383192156223856,20.0,0.0
47.800000000000004,-46.531526170285346,-19.3482650947439,-66.91033838698326,33.249647247315366,33.24966124183768,0.3938318637552669,20.0,0.0
47.85,-46.17857214550433,-20.176168142443863,-65.88706200202063,33.2496482469241,33.24966209461219,0.3938318280096169,20.0,0.0
47.900000000000006,-45.810889225610104,-20.99763589617377,-64.86378557812348,33.24964923604468,33.24966292934598,0.39383181371908194,20.0,0.0
47.95,-45.42859468426835,-21.8124063446194,-63.840509115700314,33.24965021413763,33.24966374584896,0.3938318202766453,20.0,0.0
48.0,-45.031810455610795,-22.62021961257718,-62.81723261518066,33.249651180688446,33.2496645439521,0.39383184707508434,20.0,0.0
48.050000000000004,-44.62066309534473,-23.420818043843596,-61.793956077014045,33.24965213520728,33.249665323506875,0.3938318935074534,20.0,0.0
48.1,-44.195283740388355,-24.213946283396883,-60.77067950166914,33.24965307722868,33.249666084384835,0.3938319589676098,20.0,0.0
48.150000000000006,-43.755808067044896,-24.99935135884478,-59.74740288963275,33.24965400631126,33.24966682647721,0.39383204285069695,20.0,0.0
48.2,-43.30237624772882,-25.776782761112347,-58.7241262414088,33.2496549220374,33.24966754969426,0.3938321445536417,20.0,0.0
48.25,-42.83513290625791,-26.54599252434413,-57.70084955751752,33.24965582401289,33.24966825396495,0.39383226347559486,20.0,0.0
48.300000000000004,-42.3542270717255,-27.306735304995172,-56.67757283849449,33.249656711866606,33.24966893923644,0.39383239901837896,20.0,0.0
48.35,-41.85981213096757,-28.058768460085645,-55.65429608488976,33.24965758525017,33.24966960547357,0.39383255058695,20.0,0.0
48.400000000000006,-41.35204577963988,-28.801852124594134,-54.63101929726695,33.24965844383755,33.249670252658426,0.3938327175897598,20.0,0.0
48.45,-40.831089971920704,-29.535749287964904,-53.60774247620234,33.24965928732476,33.24967088078981,0.39383289943922506,20.0,0.0
48.5,-40.297110868855235,-30.260225869704712,-52.58446562228411,33.24966011542941,33.249671489882765,0.39383309555204704,20.0,0.0
48.550000000000004,-39.75027878535814,-30.975050794045092,-51.56118873611138,33.24966092789036,33.24967207996816,0.393833305349645,20.0,0.0
48.6,-39.19076813589118,-31.67999606364626,-50.53791181829349,33.24966172446735,33.24967265109212,0.39383352825845463,20.0,0.0
48.650000000000006,-38.61875737883319,-32.374836832319154,-49.514634869449075,33.249662504940545,33.24967320331555,0.3938337637103331,20.0,0.0
48.7,-38.034428959560145,-33.059351476742386,-48.49135789020541,33.24966326911019,33.249673736713774,0.393834011142836,20.0,0.0
48.75,-37.43796925225357,-33.73332166715125,-47.4680808811975,33.24966401679616,33.24967425137591,0.3938342699995374,20.0,0.0
48.800000000000004,-36.829568500455764,-34.396532436976244,-46.44480384306738,33.24966474783757,33.24967474740448,0.39383453973037774,20.0,0.0
48.85,-36.20942075639075,-35.04877225140884,-45.421526776463374,33.24966546209235,33.24967522491487,0.39383481979186996,20.0,0.0
48.900000000000006,-35.5777238190705,-35.689833074872745,-44.3982496820393,33.24966615943681,33.24967568403498,0.39383510964745483,20.0,0.0
48.95,-34.93467917120595,-36.319510437378945,-43.3749725604538,33.249666839765254,33.24967612490462,0.39383540876769985,20.0,0.0
49.0,-34.280491914943106,-36.93760349974358,-42.35169541236967,33.249667502989496,33.249676547675094,0.39383571663054795,20.0,0.0
49.050000000000004,-33.615370706444615,-37.5439151176477,-41.32841823845308,33.24966814903847,33.249676952508786,0.3938360327216017,20.0,0.0
49.1,-32.93952768933775,-38.138251904518484,-40.30514103937304,33.24966877785778,33.24967733957866,0.39383635653427973,20.0,0.0
49.150000000000006,-32.25317842704999,-38.72042429321194,-39.28186381580061,33.24966938940927,33.24967770906778,0.39383668757004386,20.0,0.0
49.2,-31.55654183405381,-39.29024659647734,-38.2585865684084,33.2496699836706,33.24967806116895,0.3938370253385983,20.0,0.0
49.25,-30.849840106042603,-39.84753706618409,-37.23530929786981,33.24967056063477,33.24967839608416,0.39383736935806724,20.0,0.0
49.300000000000004,-30.13329864905996,-40.392117951292256,-36.2120320048586,33.24967112030973,33.249678714024206,0.3938377191551581,20.0,0.0
49.35,-29.40714600760501,-40.92381555454809,-35.188754690048164,33.2496716627179,33.24967901520832,0.3938380742653038,20.0,0.0
49.400000000000006,-28.671613791736664,-41.442460287886625,-34.16547735411107,33.24967218789579,33.249679299863594,0.3938384342328547,20.0,0.0
49.45,-27.926936603200044,-41.94788672652354,-33.14219999771839,33.24967269589349,33.249679568224686,0.393838798611128,20.0,0.0
49.5,-27.173351960598694,-42.43993366171916,-32.11892262153931,33.24967318677429,33.24967982053333,0.39383916696262133,20.0,0.0
49.550000000000004,-26.41110022363639,-42.91844415219763,-31.095645226240517,33.24967366061422,33.24968005703797,0.39383953885904077,20.0,0.0
49.6,-25.64042451645273,-43.38326557420501,-30.072367812485755,33.249674117501634,33.24968027799329,0.39383991388145745,20.0,0.0
49.650000000000006,-24.861570650076995,-43.8342496701902,-29.04909038093533,33.24967455753675,33.24968048365996,0.39384029162035716,20.0,0.0
49.7,-24.074787044024966,-44.27125259609318,-28.025812932245632,33.24967498083126,33.24968067430406,0.3938406716757328,20.0,0.0
49.75,-23.28032464706372,-44.69413496722561,-27.002535467068704,33.24967538750789,33.2496808501968,0.39384105365715527,20.0,0.0
49.800000000000004,-22.47843685716969,-45.10276190272897,-25.979257986051795,33.249675777699956,33.249681011614136,0.39384143718381637,20.0,0.0
49.85,-21.66937944070554,-45.49700306859621,-24.955980489837003,33.249676151550965,33.249681158836374,0.3938418218845925,20.0,0.0
49.900000000000006,-20.85341045084157,-45.876732719243044,-23.932702979060792,33.24967650921421,33.24968129214783,0.39384220739805187,20.0,0.0
49.95,-20.030790145247735,-46.241829737615845,-22.909425454353677,33.24967685085233,33.24968141183642,0.3938425933725256,20.0,0.0
50.0,-19.201780903082525,-46.59217767382307,-21.886147916339805,33.24967717663691,33.2496815181934,0.39384297946607205,20.0,0.0
50.050000000000004,-18.366647141305137,-46.92766478227816,-20.86287036563669,33.24967748674809,33.249681611512955,0.39384336534654096,20.0,0.0
50.1,-17.525655230337698,-47.24818405734182,-19.839592802854824,33.24967778137415,33.24968169209183,0.39384375069153776,20.0,0.0
50.150000000000006,-16.679073409104383,-47.55363326745257,-18.81631522859734,33.24967806071113,33.24968176022918,0.39384413518842365,20.0,0.0
50.2,-15.827171699474576,-47.84391498773446,-17.793037643459733,33.249678324962424,33.249681816225966,0.39384451853431557,20.0,0.0
50.25,-14.970221820137331,-48.118936631071634,-16.7697600480296,33.24967857433839,33.24968186038492,0.3938449004360365,20.0,0.0
50.300000000000004,-14.108497099934617,-48.37861047763989,-15.746482442886306,33.249678809056,33.24968189301003,0.3938452806101296,20.0,0.0
50.35,-13.24227239068099,-48.622853702885685,-14.723204828600826,33.24967902933843,33.24968191440639,0.3938456587827446,20.0,0.0
50.400000000000006,-12.37182397949751,-48.85158840394382,-13.69992720573538,33.24967923541471,33.24968192487984,0.3938460346896733,20.0,0.0
50.45,-11.497429500687842,-49.06474162448522,-12.676649574843308,33.24967942751936,33.249681924736656,0.39384640807625004,20.0,0.0
50.5,-10.619367847184678,-49.26224537798699,-11.65337193646879,33.24967960589203,33.249681914283364,0.3938467786973021,20.0,0.0
50.550000000000004,-9.737919081594702,-49.44403666941733,-10.630094291146694,33.24967977077712,33.249681893826384,0.3938471463170927,20.0,0.0
50.6,-8.853364346870492,-49.610057515328265,-9.606816639402371,33.249679922423496,33.24968186367183,0.39384751070924295,20.0,0.0
50.650000000000006,-7.965985776637833,-49.76025496234998,-8.583538981751452,33.24968006108409,33.24968182412527,0.39384787165663937,20.0,0.0
50.7,-7.076066405207061,-49.89458110408069,-7.560261318699723,33.249680187015606,33.24968177549137,0.39384822895137717,20.0,0.0
50.75,-6.18389007729713,-50.01299309636675,-6.536983650742994,33.24968030047816,33.24968171807379,0.3938485823946749,20.0,0.0
50.800000000000004,-5.289741357501206,-50.115453170968074,-5.513705978366922,33.24968040173499,33.24968165217492,0.39384893179675373,20.0,0.0
50.85,-4.393905439522648,-50.201928647604596,-4.490428302046911,33.249680491052125,33.249681578095625,0.393849276976745,20.0,0.0
50.900000000000006,-3.4966680552103537,-50.27239194437982,-3.467150622248009,33.249680568698096,33.249681496135025,0.3938496177626192,20.0,0.0
50.95,-2.598315383422463,-50.326820586578194,-2.443872939424832,33.24968063494359,33.24968140659037,0.3938499539910154,20.0,0.0
51.0,-1.6991339587474958,-50.36519721383354,-1.420595254021386,33.24968069006122,33.24968130975676,0.3938502855072059,20.0,0.0
51.050000000000004,-0.7994105801120384,-50.38750958566616,-0.39731756647114175,33.24968073432519,33.24968120592701,0.39385061216491124,20.0,0.0
51.1,0.10056778069586769,-50.393750585386925,0.6259601228031921,33.24968076801103,33.24968109539139,0.39385093382623637,20.0,0.0
51.150000000000006,1.0005140705584608,-50.38391822236709,1.6492378133895684,33.24968079139534,33.24968097843753,0.39385125036149304,20.0,0.0
51.2,1.9001412465859218,-50.358015632673094,2.6725155048867792,33.2496808047555,33.24968085535026,0.3938515616491145,20.0,0.0
51.25,2.7991623676707595,-50.316051078066124,3.6957931969043543,33.24968080836941,33.249680726411334,0.3938518675755063,20.0,0.0
51.300000000000004,3.697290686009718,-50.258037943366865,4.719070889062688,33.24968080251526,33.24968059189945,0.3938521680349183,20.0,0.0
51.35,4.594239738564012,-50.183994732186136,5.7423485809930135,33.24968078747128,33.249680452089926,0.39385246292930987,20.0,0.0
51.400000000000006,5.48972343842872,-50.093945061022865,6.7656262723373795,33.249680763515464,33.2496803072547,0.3938527521682005,20.0,0.0
51.45,6.3834561660821905,-49.98791765173127,7.788903962748673,33.249680730925405,33.2496801576621,0.3938530356685419,20.0,0.0
51.5,7.275152860486358,-49.865946322359655,8.812181651890569,33.24968068997803,33.249680003576806,0.39385331335456897,20.0,0.0
51.550000000000004,8.164529110008909,-49.72806997636368,9.83545933943758,33.24968064094937,33.24967984525964,0.39385358515763613,20.0,0.0
51.6,9.051301243138298,-49.57433259019768,10.858737025074937,33.249680584114394,33.24967968296754,0.39385385101612513,20.0,0.0
51.650000000000006,9.935186418962683,-49.40478319928784,11.882014708498579,33.24968051974676,33.249679516953385,0.3938541108752105,20.0,0.0
51.7,10.815902717383915,-49.21947588239182,12.905292389415127,33.24968044811867,33.249679347465936,0.3938543646867956,20.0,0.0
51.75,11.693169229037817,-49.01846974434973,13.928570067541768,33.24968036950062,33.249679174749716,0.3938546124093065,20.0,0.0
51.800000000000004,12.566706144892054,-48.80182889723204,14.95184774260625,33.249680284161265,33.249678999044974,0.39385485400755016,20.0,0.0
51.85,13.436234845493036,-48.569622439890374,15.975125414346795,33.249680192367244,33.24967882058753,0.39385508945256475,20.0,0.0
51.900000000000006,14.30147798983338,-48.32192443591772,16.998403082511967,33.24968009438298,33.24967863960879,0.3938553187214566,20.0,0.0
51.95,15.162159603811581,-48.058813890025164,18.021680746860675,33.24967999047054,33.24967845633558,0.3938555417972722,20.0,0.0
52.0,16.018005168255684,-47.78037472284254,19.044958407162014,33.24967988088947,33.24967827099018,0.3938557586687921,20.0,0.0
52.050000000000004,16.868741706482883,-47.48669574415118,20.0682360631952,33.24967976589666,33.24967808379015,0.3938559693304313,20.0,0.0
52.1,17.71409787136711,-47.1778706245572,21.09151371474943,33.24967964574619,33.24967789494844,0.39385617378204074,20.0,0.0
52.150000000000006,18.55380403188685,-46.85399786561443,22.114791361623812,33.24967952068921,33.24967770467321,0.39385637202875046,20.0,0.0
52.2,19.387592359125577,-46.515180768406445,23.138069003627265,33.24967939097378,33.249677513167796,0.3938565640808349,20.0,0.0
52.25,20.215196911697394,-46.16152740059779,24.16134664057832,33.249679256844786,33.249677320630774,0.3938567499535637,20.0,0.0
52.300000000000004,21.036353720570588,-45.793150561964865,25.184624272305097,33.24967911854379,33.249677127255836,0.3938569296670025,20.0,0.0
52.35,21.850800873262106,-45.410167748417464,26.207901898645083,33.249678976308935,33.24967693323179,0.3938571032458853,20.0,0.0
52.400000000000006,22.658278597376036,-45.012701114522514,27.231179519445025,33.24967883037485,33.24967673874259,0.3938572707194652,20.0,0.0
52.45,23.458529343459507,-44.600877434541815,28.254457134560887,33.24967868097254,33.249676543967226,0.3938574321213508,20.0,0.0
52.5,24.25129786714953,-44.1748280619964,29.27773474385755,33.24967852832931,33.2496763490798,0.39385758748932886,20.0,0.0
52.550000000000004,25.036331310584604,-43.73468888777026,30.301012347208793,33.24967837266863,33.24967615424947,0.3938577368652574,20.0,0.0
52.6,25.81337928305514,-43.28060029676689,31.324289944497085,33.24967821421012,33.24967595964048,0.3938578802948811,20.0,0.0
52.650000000000006,26.58219394086693,-42.81270712313241,32.34756753561344,33.24967805316943,33.24967576541212,0.39385801782768226,20.0,0.0
52.7,27.34253006639222,-42.33115860405963,33.3708451204573,33.249677889758196,33.2496755717188,0.39385814951673837,20.0,0.0
52.75,28.0941451462832,-41.83610833218769,34.394122698936314,33.24967772418395,33.249675378709945,0.393858275418566,20.0,0.0
52.800000000000004,28.836799448822887,-41.32771420661257,35.41740027096627,33.24967755665009,33.24967518653017,0.39385839559299285,20.0,0.0
52.85,29.570256100388818,-40.806138382523976,36.4406778364708,33.24967738735581,33.249674995319154,0.3938585101029801,20.0,0.0
52.900000000000006,30.294281161005106,-40.271547219484795,37.46395539538137,33.24967721649605,33.24967480521173,0.3938586190145017,20.0,0.0
52.95,31.008643698958778,-39.7241112283695,38.487232947636976,33.24967704426146,33.24967461633793,0.3938587223964021,20.0,0.0
53.0,31.713115864456615,-39.16400501697849,39.51051049318408,33.24967687083835,33.24967442882296,0.3938588203202258,20.0,0.0
53.050000000000004,32.40747296229897,-38.59140723434574,40.53378803197639,33.24967669640868,33.249674242787265,0.393858912860118,20.0,0.0
53.1,33.091493523547385,-38.0065005137574,41.55706556397472,33.24967652115001,33.24967405834651,0.39385900009266095,20.0,0.0
53.150000000000006,33.76495937616322,-37.409471414499734,42.58034308914673,33.24967634523547,33.249673875611755,0.39385908209675335,20.0,0.0
53.2,34.42765571459464,-36.8005103623547,43.60362060746691,33.24967616883378,33.249673694689314,0.3938591589534539,20.0,0.0
53.25,35.07937116828988,-36.17981158886243,44.62689811891628,33.249675992109175,33.249673515680925,0.3938592307458748,20.0,0.0
53.300000000000004,35.71989786911485,-35.54757306936976,45.65017562348227,33.249675815221444,33.24967333868378,0.3938592975590467,20.0,0.0
53.35,36.34903151765367,-34.90399645988474,46.67345312115851,33.24967563832589,33.24967316379051,0.39385935947976236,20.0,0.0
53.400000000000006,36.96657144837087,-34.2492870327571,47.69673061194471,33.24967546157337,33.249672991089334,0.3938594165965057,20.0,0.0
53.45,37.5723206936146,-33.583653611205385,48.72000809584645,33.24967528511022,33.24967282066397,0.39385946899928115,20.0,0.0
53.5,38.16608604644032,-32.907308502711395,49.743285572874996,33.249675109078346,33.249672652593894,0.39385951677950715,20.0,0.0
53.550000000000004,38.74767812223502,-32.220467431303454,50.76656304304712,33.24967493361517,33.24967248695425,0.3938595600299024,20.0,0.0
53.6,39.31691141912227,-31.52334946874986,51.78984050638498,33.24967475885368,33.2496723238159,0.39385959884437227,20.0,0.0
53.650000000000006,39.87360437712883,-30.816176964684615,52.81311796291594,33.2496745849224,33.24967216324554,0.39385963331788787,20.0,0.0
53.7,40.417579436093995,-30.099175475687662,53.83639541267232,33.249674411945485,33.24967200530579,0.3938596635463725,20.0,0.0
53.75,40.94866309230314,-29.372573693342254,54.859672855691265,33.249674240042644,33.24967185005522,0.3938596896265807,20.0,0.0
53.800000000000004,41.46668595382748,-28.63660337129242,55.882950292014606,33.24967406932926,33.2496716975484,0.3938597116560345,20.0,0.0
53.85,41.97148279455229,-27.891499251323772,56.90622772168871,33.249673899916345,33.24967154783597,0.3938597297328812,20.0,0.0
53.900000000000006,42.462892606876466,-27.137498988491245,57.929505144764256,33.249673731910605,33.24967140096477,0.3938597439557867,20.0,0.0
53.95,42.94075865306655,-26.374843075317646,58.952782561296,33.249673565414476,33.249671256977855,0.39385975442386467,20.0,0.0
54.0,43.40492851524885,-25.603774765087177,59.97605997134277,33.24967340052614,33.249671115914545,0.39385976123656263,20.0,0.0
54.050000000000004,43.85525414402369,-24.824539994258423,60.99933737496716,33.2496732373396,33.24967097781064,0.39385976449356264,20.0,0.0
54.1,44.2915919056864,-24.037387304021536,62.022614772235436,33.24967307594467,33.24967084269829,0.39385976429471015,20.0,0.0
54.150000000000006,44.7138026280398,-23.242567761024624,63.04589216321745,33.24967291642707,33.24967071060616,0.39385976073990037,20.0,0.0
54.2,45.12175164478369,-22.44033487729466,64.06916954798625,33.24967275886844,33.249670581559634,0.3938597539290214,20.0,0.0
54.25,45.51530883846719,-21.630944529378425,65.0924469266182,33.24967260334638,33.249670455580606,0.3938597439618263,20.0,0.0
54.300000000000004,45.89434868199018,-20.814654876729275,66.11572429919259,33.24967244993454,33.24967033268786,0.3938597309378906,20.0,0.0
54.35,46.25875027864061,-19.9917262793658,67.13900166579161,33.249672298702635,33.249670212896966,0.39385971495652683,20.0,0.0
54.400000000000006,46.60839740065496,-19.162421214828576,68.16227902650019,33.24967214971652,33.24967009622038,0.39385969611667093,20.0,0.0
54.45,46.94317852628947,-18.32700419446157,69.18555638140582,33.24967200303822,33.24966998266756,0.393859674516861,20.0,0.0
54.5,47.26298687539044,-17.48574167904482,70.20883373059834,33.249671858726025,33.249669872245036,0.3938596502551519,20.0,0.0
54.550000000000004,47.56772044345205,-16.63890199380538,71.23211107416995,33.24967171683453,33.249669764956515,0.3938596234289946,20.0,0.0
54.6,47.857282034151126,-15.786755242833564,72.25538841221491,33.249671577414674,33.24966966080288,0.3938595941352503,20.0,0.0
54.650000000000006,48.13157929034816,-14.929573222931852,73.27866574482948,33.24967144051383,33.24966955978236,0.3938595624700625,20.0,0.0
54.7,48.39052472354495,-14.06762933692388,74.30194307211181,33.24967130617587,33.24966946189051,0.39385952852883577,20.0,0.0
54.75,48.63403574178935,-13.2011985064512,75.32522039416169,33.249671174441204,33.24966936712043,0.3938594924061434,20.0,0.0
54.800000000000004,48.86203467601819,-12.330557084285616,76.34849771108055,33.249671045346865,33.24966927546269,0.3938594541957059,20.0,0.0
54.85,49.0744488048301,-11.455982766185045,77.37177502297118,33.24967091892656,33.249669186905535,0.3938594139902989,20.0,0.0
54.900000000000006,49.27121037768018,-10.577754502321053,78.3950523299378,33.249670795210776,33.24966910143485,0.3938593718817316,20.0,0.0
54.95,49.452256636489246,-9.696152408306276,79.4183296320857,33.249670674226785,33.249669019034364,0.3938593279607616,20.0,0.0
55.0,49.617529835660704,-8.811457675850141,80.4416069295213,33.249670555998755,33.24966893968562,0.3938592823171092,20.0,0.0
55.050000000000004,49.76697726049862,-7.923952483071353,81.46488422235191,33.24967044054782,33.24966886336812,0.3938592350393364,20.0,0.0
55.1,49.900551244021244,-7.033919904495771,82.48816151068577,33.249670327892126,33.24966879005932,0.39385918621486127,20.0,0.0
55.150000000000006,50.01820918216446,-6.1416438207683814,83.5114387946317,33.24967021804692,33.24966871973487,0.39385913592987976,20.0,0.0
55.2,50.11991354737047,-5.247408828108151,84.53471607429918,33.249670111024635,33.24966865236848,0.39385908426935856,20.0,0.0
55.25,50.20563190055727,-4.351500147534654,85.55799334979817,33.24967000683492,33.249668587932156,0.3938590313169783,20.0,0.0
55.300000000000004,50.275336901465124,-3.454203533895421,86.58127062123896,33.24966990548472,33.249668526396206,0.3938589771551051,20.0,0.0
55.35,50.32900631737677,-2.555805184723016,87.6045478887322,33.2496698069784,33.24966846772931,0.393858921864755,20.0,0.0
55.400000000000006,50.36662303020857,-1.6565916489509336,88.62782515238862,33.24966971131776,33.24966841189862,0.3938588655255728,20.0,0.0
55.45,50.38817504197027,-0.756849735517407,89.65110241231912,33.249669618502104,33.2496683588698,0.39385880821579633,20.0,0.0
55.5,50.39365547859174,0.14313357811370586,90.67437966863447,33.249669528528365,33.2496683086072,0.39385875001221393,20.0,0.0
55.550000000000004,50.383062592115394,1.0430712374857867,91.69765692144536,33.24966944139114,33.249668261073715,0.3938586909901929,20.0,0.0
55.6,50.356399761253634,1.942676202706876,92.72093417086226,33.24966935708275,33.24966821623111,0.3938586312235941,20.0,0.0
55.650000000000006,50.31367549031109,2.841661540002445,93.74421141699536,33.24966927559335,33.24966817403989,0.39385857078479347,20.0,0.0
55.7,50.25490340647206,3.7397405132343198,94.76748865995447,33.24966919691096,33.24966813445948,0.3938585097446463,20.0,0.0
55.75,50.180102255453974,4.636626675356565,95.79076589984894,33.24966912102157,33.24966809744818,0.3938584481724803,20.0,0.0
55.800000000000004,50.08929589552829,5.53203395977916,96.81404313678753,33.24966904790919,33.24966806296342,0.39385838613607405,20.0,0.0
55.85,49.9825132899107,6.4256767716103305,97.83732037087839,33.24966897755591,33.249668030961644,0.3938583237016289,20.0,0.0
55.900000000000006,49.85978849752313,7.317270078748416,98.86059760222902,33.24966890994204,33.24966800139837,0.39385826093380416,20.0,0.0
55.95,49.721160662130394,8.206529502794249,99.88387483094611,33.24966884504606,33.24966797422849,0.39385819789566057,20.0,0.0
56.0,49.56667399985508,9.09317140975502,100.9071520571355,33.24966878284481,33.24966794940601,0.39385813464866715,20.0,0.0
56.050000000000004,49.39637778507449,9.976913000510713,101.93042928090217,33.24966872331346,33.24966792688438,0.39385807125269423,20.0,0.0
56.1,49.21032633470436,10.857472401014263,102.95370650235009,33.24966866642567,33.249667906616295,0.39385800776602764,20.0,0.0
56.150000000000006,49.00857899087412,11.734568752196642,103.97698372158226,33.24966861215357,33.24966788855404,0.39385794424532605,20.0,0.0
56.2,48.7912001019994,12.607922299548225,105.00026093870055,33.24966856046789,33.24966787264929,0.39385788074566364,20.0,0.0
56.25,48.55825900225778,13.47725448234785,106.02353815380569,33.24966851133799,33.24966785885338,0.3938578173204945,20.0,0.0
56.300000000000004,48.30982998947423,14.342288022511116,107.04681536699724,33.24966846473195,33.24966784711712,0.393857754021667,20.0,0.0
56.35,48.045992301423475,15.202747013029569,108.07009257837349,33.24966842061661,33.24966783739112,0.3938576908994236,20.0,0.0
56.400000000000006,47.76683009055666,16.05835700597259,109.09336978803148,33.249668378957644,33.24966782962566,0.3938576280024222,20.0,0.0
56.45,47.4724323971605,16.908845100023896,110.11664699606682,33.24966833971964,33.24966782377072,0.3938575653777079,20.0,0.0
56.5,47.162893120957435,17.753940027524756,111.13992420257387,33.24966830286615,33.24966781977619,0.3938575030707483,20.0,0.0
56.550000000000004,46.8383109911558,18.593372240996118,112.16320140764549,33.24966826835973,33.24966781759177,0.3938574411254123,20.0,0.0
56.6,46.49878953495968,19.426873999112118,113.18647861137309,33.249668236162016,33.24966781716707,0.3938573795840128,20.0,0.0
56.650000000000006,46.14443704454836,20.254179452097468,114.20975581384658,33.24966820623381,33.24966781845171,0.3938573184872851,20.0,0.0
56.7,45.77536654253603,21.07502472652156,115.23303301515436,33.24966817853508,33.249667821395235,0.3938572578744157,20.0,0.0
56.75,45.3916957459226,21.889148009462183,116.25631021538331,33.2496681530251,33.24966782594727,0.39385719778304207,20.0,0.0
56.800000000000004,44.99354702854733,22.69628963201205,117.27958741461863,33.249668129662396,33.24966783205751,0.39385713824928104,20.0,0.0
56.85,44.581047382057086,23.496192152101482,118.30286461294398,33.249668108404904,33.2496678396758,0.39385707930773606,20.0,0.0
56.900000000000006,44.15432837540168,24.288600436610814,119.32614181044136,33.24966808920997,33.24966784875213,0.39385702099149,20.0,0.0
56.95,43.71352611286935,25.073261742746386,120.34941900719107,33.24966807203441,33.249667859236716,0.3938569633321478,20.0,0.0
57.0,43.25878119067561,25.849925798654095,121.37269620327186,33.24966805683457,33.249667871079936,0.3938569063598507,20.0,0.0
57.050000000000004,42.790238652119406,26.618344883244855,122.39597339876059,33.24966804356639,33.24966788423252,0.3938568501032762,20.0,0.0
57.1,42.30804794132082,27.378273905206484,123.4192505937325,33.2496680321854,33.24966789864552,0.3938567945896665,20.0,0.0
57.150000000000006,41.81236285555517,28.12947048117678,124.44252778826117,33.24966802264684,33.24966791427023,0.3938567398448427,20.0,0.0
57.2,41.30334149619859,28.871695013052936,125.4658049824183,33.24966801490565,33.24966793105843,0.3938566858932333,20.0,0.0
57.25,40.781146218300826,29.604710764412534,126.48908217627393,33.249668008916565,33.24966794896224,0.3938566327578741,20.0,0.0
57.300000000000004,40.2459435788013,30.328283936021837,127.51235936989627,33.24966800463412,33.2496679679342,0.3938565804604579,20.0,0.0
57.35,39.697904283404974,31.042183740407225,128.5356365633518,33.2496680020127,33.24966798792737,0.3938565290213276,20.0,0.0
57.400000000000006,39.137203132134886,31.746182475466032,129.55891375670518,33.249668001006604,33.24966800889524,0.39385647845950444,20.0,0.0
57.45,38.56401896357887,32.440055597093284,130.58219095001945,33.24966800157008,33.24966803079178,0.39385642879272353,20.0,0.0
57.5,37.97853459784808,33.1235817908012,131.60546814335564,33.24966800365734,33.24966805357161,0.39385638003744106,20.0,0.0
57.550000000000004,37.38093677826566,33.796543042308535,132.62874533677316,33.249668007222645,33.24966807718981,0.3938563322088626,20.0,0.0
57.6,36.77141611180396,34.45872470707742,133.65202253032953,33.249668012220305,33.24966810160208,0.3938562853209717,20.0,0.0
57.650000000000006,36.1501670082896,35.10991557877527,134.67529972408053,33.249668018604716,33.24966812676476,0.3938562393865297,20.0,0.0
57.7,35.51738761839544,35.74990795664018,135.69857691808022,33.24966802633043,33.24966815263476,0.3938561944171397,20.0,0.0
57.75,34.87327977043946,36.378497711728116,136.7218541123808,33.24966803535217,33.24966817916959,0.3938561504232396,20.0,0.0
57.800000000000004,34.218048906010615,36.99548435202094,137.74513130703278,33.249668045624844,33.249668206327534,0.39385610741413046,20.0,0.0
57.85,33.55190401444223,37.60067108637435,138.7684085020849,33.249668057103605,33.249668234067414,0.393856065398019,20.0,0.0
57.900000000000006,32.875057566153814,38.19386488728544,139.79168569758411,33.24966806974388,33.249668262348884,0.3938560243820106,20.0,0.0
57.95,32.18772544488256,38.77487655245987,140.81496289357563,33.24966808350138,33.24966829113222,0.3938559843721663,20.0,0.0
58.0,31.49012687882617,39.34352076515888,141.83824009010303,33.24966809833216,33.24966832037841,0.39385594537352375,20.0,0.0
58.050000000000004,30.782484370718915,39.89961615330706,142.8615172872081,33.2496681141926,33.249668350049205,0.39385590739009757,20.0,0.0
58.1,30.065023626863272,40.44298534734193,143.88479448493092,33.249668131039506,33.24966838010711,0.39385587042492887,20.0,0.0
58.150000000000006,29.337973485139788,40.973455036786916,144.90807168330988,33.24966814883005,33.249668410515376,0.39385583448010664,20.0,0.0
58.2,28.60156584201808,41.490856025529624,145.93134888238183,33.249668167521854,33.24966844123793,0.39385579955678907,20.0,0.0
58.25,27.856035578592294,41.995023285787845,146.95462608218176,33.249668187073006,33.24966847223962,0.39385576565523195,20.0,0.0
58.300000000000004,27.101620485664604,42.48579601074605,147.97790328274326,33.24966820744204,33.24966850348594,0.39385573277481,20.0,0.0
58.35,26.338561187900634,42.963017665845605,149.00118048409811,33.24966822858804,33.24966853494327,0.3938557009140453,20.0,0.0
58.400000000000006,25.567101067081012,43.426536038712285,150.0244576862766,33.249668250470556,33.249668566578706,0.3938556700706499,20.0,0.0
58.45,24.78748618447351,43.876203287705245,151.04773488930738,33.24966827304971,33.249668598360195,0.39385564024151876,20.0,0.0
58.5,23.999965202350577,44.311875989071915,152.0710120932176,33.249668296286174,33.24966863025648,0.39385561142277226,20.0,0.0
58.550000000000004,23.20478930467722,44.733415182693776,153.09428929803298,33.24966832014119,33.249668662237,0.393855583609799,20.0,0.0
58.6,22.40221211699462,45.140686416408464,154.11756650377745,33.249668344576605,33.24966869427218,0.3938555567972415,20.0,0.0
58.650000000000006,21.592489625524962,45.53355978889402,155.14084371047366,33.24966836955486,33.24966872633318,0.3938555309790672,20.0,0.0
58.7,20.77588009552334,45.911909991101616,156.16412091814274,33.24966839503902,33.24966875839191,0.3938555061485616,20.0,0.0
58.75,19.952643988902715,46.27561634622359,157.18739812680448,33.2496684209928,33.24966879042114,0.3938554822983562,20.0,0.0
58.800000000000004,19.12304388115826,46.624562848183984,158.21067533647707,33.24966844738054,33.24966882239451,0.39385545942047173,20.0,0.0
58.85,18.287344377617565,46.95863819863929,159.23395254717752,33.24966847416725,33.24966885428633,0.3938554375063248,20.0,0.0
58.900000000000006,17.4458120290434,47.27773584247774,160.25722975892128,33.24966850131862,33.24966888607184,0.3938554165467636,20.0,0.0
58.95,16.598715246615974,47.58175400180561,161.28050697172256,33.24966852880099,33.24966891772706,0.39385539653208923,20.0,0.0
59.0,15.746324216321819,47.87059570840989,162.30378418559425,33.249668556581426,33.249668949228784,0.3938553774520628,20.0,0.0
59.050000000000004,14.888910812776553,48.1441688346868,163.327061400548,33.24966858462766,33.249668980554624,0.39385535929596216,20.0,0.0
59.1,14.026748512509078,48.40238612302648,164.35033861659412,33.24966861290817,33.249669011683,0.3938553420525892,20.0,0.0
59.150000000000006,13.160112306734815,48.64516521364425,165.37361583374175,33.24966864139208,33.24966904259306,0.3938553257102697,20.0,0.0
59.2,12.289278613645832,48.872428670849764,166.3968930519989,33.24966867004929,33.24966907326481,0.39385531025693155,20.0,0.0
59.25,11.414525190245818,49.08410400774558,167.42017027137223,33.24966869885039,33.249669103679,0.39385529568006916,20.0,0.0
59.300000000000004,10.536131043758044,49.280123709347265,168.44344749186735,33.249668727766725,33.249669133817186,0.3938552819667933,20.0,0.0
59.35,9.654376342634546,49.460425254117716,169.46672471348876,33.24966875677033,33.2496691636617,0.3938552691038595,20.0,0.0
59.400000000000006,8.769542327194937,49.624951133908766,170.49000193623985,33.249668785834,33.249669193195565,0.3938552570776892,20.0,0.0
59.45,7.881911219923334,49.77364887230377,171.51327916012295,33.249668814931255,33.249669222402616,0.39385524587436294,20.0,0.0
59.5,6.991766135452011,49.906471041355246,172.5365563851394,33.24966884403635,33.24966925126741,0.39385523547968404,20.0,0.0
59.550000000000004,6.099390990260501,50.02337527671236,173.5598336112895,33.249668873124286,33.24966927977524,0.39385522587915744,20.0,0.0
59.6,5.205070412118944,50.12432429113326,174.58311083857254,33.24966890217078,33.24966930791218,0.3938552170580465,20.0,0.0
59.650000000000006,4.309089649304559,50.209285886378126,175.60638806698694,33.24966893115231,33.24966933566493,0.39385520900135873,20.0,0.0
59.7,3.4117344796201956,50.278232963478956,176.62966529653016,33.24966896004607,33.24966936302099,0.39385520169389565,20.0,0.0
59.75,2.5132911192440006,50.33114353138302,177.6529425271988,33.249668988829995,33.24966938996848,0.3938551951202669,20.0,0.0
59.800000000000004,1.614046131439249,50.36800071396704,178.67621975898857,33.24966901748274,33.24966941649625,0.39385518926487606,20.0,0.0
59.85,0.7142863351534737,50.38879275541997,179.6994969918943,33.2496690459837,33.24966944259387,0.3938551841119917,20.0,0.0
59.900000000000006,-0.18570128646395845,50.393513023992604,-179.27722577408986,33.249669074313,33.24966946825149,0.39385517964572614,20.0,0.0
59.95,-1.0856296775966476,50.382160014112856,-178.25394853897055,33.24966910245146,33.24966949345997,0.3938551758500708,20.0,0.0
60.0,-1.9852118013191395,50.35473734686601,-177.23067130275527,33.24966913038064,33.24966951821082,0.39385517270889636,20.0,0.0
60.050000000000004,-2.8841607311488815,50.3112537688398,-176.20739406545215,33.24966915808279,33.24966954249615,0.39385517020600247,20.0,0.0
60.1,-3.7821897425629527,50.25172314933466,-175.18411682707006,33.24966918554089,33.24966956630875,0.39385516832508927,20.0,0.0
60.150000000000006,-4.679012404450381,50.17616447594009,-174.16083958761845,33.249669212738596,33.249669589641975,0.39385516704980716,20.0,0.0
60.2,-5.574342670470877,50.084601848478506,-173.13756234710752,33.249669239660264,33.24966961248979,0.39385516636377815,20.0,0.0
60.25,-6.467894970290839,49.97706447131849,-172.114285105548,33.24966926629095,33.24966963484674,0.3938551662505674,20.0,0.0
60.300000000000004,-7.359384300667547,49.85358664405996,-171.0910078629512,33.24966929261636,33.24966965670796,0.39385516669374,20.0,0.0
60.35,-8.248526316352466,49.714207750594134,-170.067730619329,33.24966931862291,33.24966967806916,0.39385516767687534,20.0,0.0
60.400000000000006,-9.135037420784693,49.55897224654189,-169.04445337469392,33.249669344297644,33.249669698926574,0.3938551691835386,20.0,0.0
60.45,-10.018634856545598,49.38792964507444,-168.02117612905877,33.24966936962828,33.24966971927698,0.3938551711973446,20.0,0.0
60.5,-10.899036795545824,49.201134501120855,-166.997898882437,33.24966939460318,33.24966973911767,0.3938551737019509,20.0,0.0
60.550000000000004,-11.775962428915868,48.998646393967505,-165.9746216348425,33.249669419211365,33.24966975844651,0.3938551766810434,20.0,0.0
60.6,-12.649132056571586,48.780529908255,-164.95134438628946,33.24966944344244,33.249669777261744,0.3938551801184147,20.0,0.0
60.650000000000006,-13.518267176426033,48.54685461337855,-163.92806713679266,33.24966946728668,33.24966979556223,0.39385518399789277,20.0,0.0
60.7,-14.383090573219208,48.297695041298496,-162.90478988636715,33.24966949073493,33.24966981334723,0.3938551883034336,20.0,0.0
60.75,-15.243326406937355,48.03313066276797,-161.88151263502832,33.24966951377867,33.249669830616455,0.393855193019057,20.0,0.0
60.800000000000004,-16.09870030079362,47.75324586198527,-160.85823538279192,33.24966953640994,33.24966984737009,0.3938551981289251,20.0,0.0
60.85,-16.948939428742015,47.458129909679144,-159.83495812967405,33.24966955862138,33.24966986360879,0.3938552036173135,20.0,0.0
60.900000000000006,-17.79377260249675,47.14787693463539,-158.81168087569105,33.24966958040619,33.24966987933351,0.39385520946862584,20.0,0.0
60.95,-18.632930358029206,46.822585893674024,-157.78840362085955,33.24966960175815,33.24966989454581,0.39385521566739357,20.0,0.0
61.0,-19.46614504151494,46.48236054008648,-156.76512636519638,33.249669622671554,33.24966990924744,0.3938552221983258,20.0,0.0
61.050000000000004,-20.293150894703324,46.12730939054299,-155.74184910871864,33.24966964314126,33.24966992344062,0.3938552290462667,20.0,0.0
61.1,-21.113684139682572,45.757545690480605,-154.7185718514436,33.24966966316264,33.24966993712799,0.3938552361962451,20.0,0.0
61.150000000000006,-21.927483063013135,45.37318737798299,-153.69529459338875,33.2496696827316,33.24966995031245,0.39385524363344615,20.0,0.0
61.2,-22.73428809920262,44.97435704616344,-152.67201733457168,33.24966970184452,33.249669962997295,0.39385525134326116,20.0,0.0
61.25,-23.5338419134956,44.56118190406321,-151.64874007501018,33.24966972049828,33.24966997518617,0.393855259311259,20.0,0.0
61.300000000000004,-24.325889483951944,44.13379373607747,-150.6254628147221,33.24966973869027,33.24966998688297,0.3938552675231932,20.0,0.0
61.35,-25.11017818278743,43.69232885992203,-149.6021855537255,33.24966975641833,33.249669998091974,0.3938552759650378,20.0,0.0
61.400000000000006,-25.886457856950756,43.23692808315405,-148.57890829203834,33.24966977368073,33.24967000881768,0.3938552846229726,20.0,0.0
61.45,-26.654480907911207,42.76773665826075,-147.5556310296788,33.249669790476226,33.24967001906494,0.39385529348338366,20.0,0.0
61.5,-27.41400237063155,42.28490423633038,-146.5323537666651,33.24966980680399,33.2496700288388,0.3938553025328986,20.0,0.0
61.550000000000004,-28.164779991700957,41.788584819320164,-145.50907650301545,33.24966982266362,33.24967003814465,0.39385531175833677,20.0,0.0
61.6,-28.90657430660305,41.27893671093661,-144.48579923874806,33.24966983805513,33.249670046988015,0.39385532114678057,20.0,0.0
61.650000000000006,-29.6391487160944,40.75612246614369,-143.46252197388117,33.249669852978904,33.24967005537474,0.3938553306855326,20.0,0.0
61.7,-30.36226956166914,40.22030883931504,-142.439244708433,33.24966986743575,33.249670063310866,0.3938553403621228,20.0,0.0
61.75,-31.07570620008562,39.67166673104682,-141.41596744242173,33.24966988142683,33.24967007080264,0.3938553501643369,20.0,0.0
61.800000000000004,-31.779231076931303,39.11037113364803,-140.39269017586554,33.249669894953676,33.249670077856486,0.3938553600802166,20.0,0.0
61.85,-32.47261979920249,38.53660107532577,-139.36941290878246,33.24966990801816,33.24967008447907,0.3938553700980165,20.0,0.0
61.900000000000006,-33.155651206875696,37.950539563083275,-138.34613564119053,33.249669920622516,33.24967009067718,0.39385538020628985,20.0,0.0
61.95,-33.828107443447806,37.35237352434881,-137.32285837310764,33.24966993276927,33.24967009645779,0.39385539039381,20.0,0.0
62.0,-34.48977402542262,36.742293747354225,-136.29958110455166,33.24966994446131,33.249670101828045,0.39385540064961333,20.0,0.0
62.050000000000004,-35.140439910721504,36.12049482028196,-135.2763038355403,33.24966995570179,33.24967010679518,0.39385541096299903,20.0,0.0
62.1,-35.77989756599642,35.48717506920017,-134.25302656609108,33.249669966494174,33.2496701113666,0.39385542132352924,20.0,0.0
62.150000000000006,-36.4079430328238,34.842536494805515,-133.22974929622154,33.249669976842206,33.2496701155499,0.3938554317210148,20.0,0.0
62.2,-37.0243759927582,34.186784707993986,-132.20647202594893,33.2496699867499,33.24967011935264,0.39385544214553647,20.0,0.0
62.25,-37.628999831224945,33.520128864280196,-131.1831947552904,33.24966999622153,33.2496701227826,0.39385545258744514,20.0,0.0
62.300000000000004,-38.22162170023141,32.842781597086116,-130.159917484263,33.2496700052616,33.249670125847615,0.3938554630373474,20.0,0.0
62.35,-38.80205257987693,32.15495894992049,-129.13664021288344,33.24967001387489,33.249670128555586,0.3938554734861057,20.0,0.0
62.400000000000006,-39.37010733864174,31.45688030747062,-128.1133629411684,33.24967002206637,33.249670130914524,0.3938554839248738,20.0,0.0
62.45,-39.92560479243564,30.74876832562842,-127.09008566913433,33.24967002984123,33.249670132932515,0.39385549434503986,20.0,0.0
62.5,-40.46836776238768,30.03084886047314,-126.0668083967974,33.2496700372049,33.24967013461766,0.39385550473826214,20.0,0.0
62.550000000000004,-40.99822313135828,29.303350896233354,-125.04353112417367,33.249670044162954,33.24967013597812,0.3938555150964902,20.0,0.0
62.6,-41.5150018991559,28.566506472251213,-124.02025385127892,33.24967005072118,33.24967013702212,0.39385552541190805,20.0,0.0
62.650000000000006,-42.018539236440546,27.820550608972237,-122.99697657812875,33.249670056885535,33.24967013775793,0.3938555356769555,20.0,0.0
62.7,-42.50867453729701,27.065721232984295,-121.97369930473847,33.24967006266213,33.249670138193785,0.3938555458843638,20.0,0.0
62.75,-42.98525147046095,26.302259101129643,-120.9504220311232,33.249670068057256,33.24967013833796,0.3938555560270913,20.0,0.0
62.800000000000004,-43.44811802918163,25.530407723714223,-119.92714475729778,33.249670073077304,33.249670138198766,0.3938555660983809,20.0,0.0
62.85,-43.89712657970525,24.750413286838757,-118.90386748327684,33.249670077728844,33.24967013778452,0.39385557609170974,20.0,0.0
62.900000000000006,-44.332133908363566,23.96252457387635,-117.88059020907471,33.24967008201853,33.24967013710348,0.39385558600082504,20.0,0.0
62.95,-44.753001267252635,23.166992886121715,-116.85731293470549,33.24967008595317,33.249670136163914,0.39385559581971563,20.0,0.0
63.0,-45.159594418487224,22.36407196263726,-115.83403566018302,33.249670089539656,33.24967013497411,0.3938556055426332,20.0,0.0
63.050000000000004,-45.55178367701669,21.554017899321664,-114.81075838552086,33.249670092784974,33.24967013354231,0.393855615164064,20.0,0.0
63.1,-45.92944395198871,20.73708906722669,-113.7874811107323,33.24967009569621,33.24967013187671,0.3938556246787357,20.0,0.0
63.150000000000006,-46.29245478664773,19.913546030148385,-112.76420383583036,33.24967009828053,33.24967012998546,0.39385563408165325,20.0,0.0
63.2,-46.64070039675524,19.083651461518823,-111.74092656082775,33.24967010054517,33.249670127876705,0.3938556433680134,20.0,0.0
63.25,-46.9740697075198,18.247670060625023,-110.71764928573694,33.24967010249742,33.24967012555848,0.3938556525332828,20.0,0.0
63.300000000000004,-47.29245638902495,17.405868468181684,-109.69437201057008,33.24967010414464,33.24967012303887,0.39385566157314855,20.0,0.0
63.35,-47.595758890143664,16.558515181284694,-108.67109473533907,33.249670105494225,33.24967012032575,0.3938556704835321,20.0,0.0
63.400000000000006,-47.88388047092869,15.705880467772548,-107.64781746005549,33.249670106553616,33.24967011742709,0.3938556792605894,20.0,0.0
63.45,-48.156729233468205,14.848236280022958,-106.62454018473065,33.249670107330296,33.24967011435063,0.3938556879006967,20.0,0.0
63.5,-48.4142181511972,13.98585616821219,-105.60126290937555,33.24967010783175,33.2496701111042,0.3938556964004434,20.0,0.0
63.550000000000004,-48.65626509665502,13.119015193064765,-104.57798563400092,33.249670108065494,33.24967010769542,0.3938557047566462,20.0,0.0
63.6,-48.88279286768039,12.247989838121365,-103.55470835861719,33.24967010803906,33.2496701041319,0.39385571296632804,20.0,0.0
63.650000000000006,-49.093729212035434,11.37305792155292,-102.5314310832345,33.24967010775998,33.24967010042115,0.39385572102673194,20.0,0.0
63.7,-49.28900685045092,10.494498507549023,-101.50815380786267,33.24967010723579,33.24967009657055,0.39385572893530707,20.0,0.0
63.75,-49.468563498085324,9.612591817308896,-100.48487653251125,33.249670106473985,33.24967009258741,0.39385573668970153,20.0,0.0
63.800000000000004,-49.632341884390925,8.727619139663348,-99.4615992571895,33.24967010548208,33.24967008847897,0.39385574428775527,20.0,0.0
63.85,-49.78028977138055,7.839862741356185,-98.4383219819064,33.24967010426757,33.24967008425233,0.3938557517275143,20.0,0.0
63.900000000000006,-49.91235997028914,6.949605777013729,-97.4150447066706,33.24967010283792,33.24967007991452,0.39385575900720937,20.0,0.0
63.95,-50.02851035662486,6.057132198831123,-96.39176743149046,33.24967010120053,33.24967007547241,0.3938557661252702,20.0,0.0
64.0,-50.12870388360492,5.162726666004265,-95.36849015637412,33.2496700993628,33.24967007093283,0.39385577308029696,20.0,0.0
64.05,-50.21290859397186,4.266674453936229,-94.34521288132937,33.24967009733209,33.24967006630242,0.3938557798710747,20.0,0.0
64.10000000000001,-50.28109763018646,3.3692613632471504,-93.32193560636371,33.24967009511568,33.249670061587786,0.39385578649655173,20.0,0.0
64.15,-50.333249242994086,2.4707736286165862,-92.29865833148436,33.249670092720834,33.249670056795296,0.39385579295586837,20.0,0.0
64.2,-50.369346798361754,1.5714978274874343,-91.2753810566983,33.24967009015472,33.24967005193137,0.39385579924831404,20.0,0.0
64.25,-50.38937878278361,0.6717207886605243,-90.2521037820122,33.249670087424484,33.24967004700217,0.39385580537335585,20.0,0.0
64.3,-50.393338806953224,-0.22827049919096165,-89.22882650743242,33.24967008453718,33.24967004201377,0.3938558113305959,20.0,0.0
64.35000000000001,-50.38122560780149,-1.128188979058061,-88.20554923296511,33.249670081499794,33.249670036972105,0.3938558171198139,20.0,0.0
64.4,-50.35304304889949,-2.027747617154397,-87.18227195861611,33.24967007831924,33.24967003188306,0.39385582274093167,20.0,0.0
64.45,-50.30880011922615,-2.92665949446714,-86.15899468439099,33.24967007500238,33.2496700267523,0.3938558281940132,20.0,0.0
64.5,-50.24851093030119,-3.8246378982713574,-85.13571741029506,33.24967007155594,33.24967002158539,0.39385583347925746,20.0,0.0
64.55,-50.172194711684135,-4.721396413578569,-84.11244013633338,33.249670067986614,33.2496700163878,0.39385583859701256,20.0,0.0
64.60000000000001,-50.07987580484098,-5.616649014490337,-83.08916286251069,33.249670064300986,33.249670011164824,0.3938558435477546,20.0,0.0
64.65,-49.9715836553803,-6.510110155427751,-82.06588558883158,33.24967006050555,33.249670005921644,0.39385584833209464,20.0,0.0
64.7,-49.84735280366142,-7.401494862207715,-81.0426083153003,33.249670056606696,33.24967000066329,0.3938558529507574,20.0,0.0
64.75,-49.707222873777596,-8.290518822936981,-80.01933104192088,33.24967005261074,33.24966999539471,0.3938558574045885,20.0,0.0
64.8,-49.55123856091766,-9.176898478694948,-78.99605376869711,33.249670048523875,33.24966999012068,0.3938558616945613,20.0,0.0
64.85000000000001,-49.37944961711027,-10.060351113976287,-77.97277649563252,33.24967004435222,33.249669984845816,0.3938558658217346,20.0,0.0
64.9,-49.191910835355216,-10.940594946864556,-76.9494992227304,33.24967004010177,33.249669979574655,0.393855869787302,20.0,0.0
64.95,-48.9886820321469,-11.81734921890805,-75.92622194999383,33.2496700357784,33.24966997431158,0.3938558735925568,20.0,0.0
65.0,-48.769828028395516,-12.690334284669195,-74.90294467742567,33.249670031387915,33.24966996906085,0.3938558772388774,20.0,0.0
65.05,-48.53541862875211,-13.55927170091896,-73.8796674050285,33.24967002693598,33.24966996382654,0.3938558807277559,20.0,0.0
65.10000000000001,-48.28552859934396,-14.423884315447797,-72.85639013280475,33.24967002242816,33.249669958612664,0.39385588406075556,20.0,0.0
65.15,-48.020237643927544,-15.283896355464822,-71.83311286075657,33.24967001786991,33.24966995342306,0.393855887239539,20.0,0.0
65.2,-47.739630378466586,-16.139033515557006,-70.80983558888595,33.24967001326657,33.249669948261484,0.3938558902658471,20.0,0.0
65.25,-47.44379630414334,-16.989023045180346,-69.7865583171946,33.24967000862335,33.249669943131444,0.39385589314152014,20.0,0.0
65.3,-47.1328297788117,-17.83359383565511,-68.76328104568412,33.249670003945354,33.24966993803647,0.39385589586844105,20.0,0.0
65.35000000000001,-46.806829986901235,-18.67247650663737,-67.74000377435584,33.249669999237575,33.24966993297985,0.39385589844858515,20.0,0.0
65.4,-46.46590090778183,-19.505403492039328,-66.71672650321094,33.24966999450488,33.249669927964796,0.3938559008839917,20.0,0.0
65.45,-46.11015128259885,-20.33210912537091,-65.69344923225037,33.249669989752014,33.24966992299436,0.3938559031767639,20.0,0.0
65.5,-45.7396945795896,-21.152329724475514,-64.67017196147492,33.24966998498361,33.24966991807151,0.3938559053290618,20.0,0.0
65.55,-45.35464895789201,-21.96580367563284,-63.64689469088522,33.249669980204175,33.249669913199064,0.3938559073431094,20.0,0.0
65.60000000000001,-44.955137229857144,-22.772271517001975,-62.623617420481644,33.249669975418094,33.24966990837968,0.3938559092211875,20.0,0.0
65.65,-44.54128682187753,-23.57147602137811,-61.6003401502645,33.24966997062964,33.24966990361598,0.39385591096561257,20.0,0.0
65.7,-44.11322973374384,-24.36316227823654,-60.57706288023386,33.24966996584295,33.24966989891039,0.39385591257876484,20.0,0.0
65.75,-43.67110249654286,-25.14707777503771,-59.55378561038965,33.249669961062054,33.24966989426522,0.3938559140630531,20.0,0.0
65.8,-43.21504612911013,-25.92297247776745,-58.53050834073167,33.24966995629085,33.24966988968272,0.3938559154209287,20.0,0.0
65.85000000000001,-42.74520609305127,-26.69059891068662,-57.50723107125954,33.24966995153313,33.24966988516497,0.3938559166548927,20.0,0.0
65.9,-42.261732246346206,-27.449712235264844,-56.483953801972724,33.249669946792544,33.249669880713924,0.39385591776746764,20.0,0.0
65.95,-41.76477879555115,-28.200070328273032,-55.46067653287052,33.24966994207264,33.24966987633147,0.3938559187612114,20.0,0.0
66.0,-41.25450424661362,-28.941433859009873,-54.43739926395219,33.24966993737685,33.24966987201935,0.39385591963869615,20.0,0.0
66.05,-40.7310713543161,-29.673566365637637,-53.41412199521675,33.24966993270846,33.24966986777921,0.3938559204025438,20.0,0.0
66.10000000000001,-40.19464707036454,-30.396234330602915,-52.39084472666314,33.24966992807065,33.249669863612596,0.39385592105537626,20.0,0.0
66.15,-39.645402490138224,-31.1092072551183,-51.367567458290175,33.249669923466506,33.2496698595209,0.39385592159983673,20.0,0.0
66.2,-39.08351279811798,-31.81225773268118,-50.34429019009655,33.24966991889897,33.249669855505495,0.393855922038604,20.0,0.0
66.25,-38.50915721201014,-32.50516152160625,-49.32101292208081,33.24966991437086,33.24966985156753,0.3938559223743425,20.0,0.0
66.3,-37.92251892558411,-33.18769761654858,-48.29773565424144,33.24966990988491,33.249669847708184,0.39385592260974533,20.0,0.0
66.35000000000001,-37.32378505024174,-33.859648318994466,-47.27445838657681,33.24966990544372,33.24966984392843,0.39385592274750536,20.0,0.0
66.4,-36.71314655533715,-34.52079930669747,-46.251181119085146,33.24966990104977,33.24966984022921,0.39385592279031556,20.0,0.0
66.45,-36.09079820726602,-35.170939702037685,-45.227903851764616,33.24966989670544,33.249669836611346,0.3938559227408902,20.0,0.0
66.5,-35.45693850734382,-35.80986213928225,-44.20462658461332,33.249669892413,33.24966983307559,0.39385592260192936,20.0,0.0
66.55,-34.811769628492755,-36.437362830725746,-43.1813493176292,33.249669888174616,33.24966982962255,0.3938559223761402,20.0,0.0
66.60000000000001,-34.155497350757635,-37.05324163168934,-42.15807205081018,33.249669883992325,33.24966982625281,0.39385592206621567,20.0,0.0
66.65,-33.488330995671234,-37.65730210435803,-41.13479478415406,33.24966987986807,33.24966982296683,0.3938559216748416,20.0,0.0
66.7,-32.81048335949007,-38.24935158043551,-40.11151751765858,33.249669875803704,33.249669819764954,0.393855921204711,20.0,0.0
66.75,-32.12217064532192,-38.829201222596716,-39.0882402513214,33.24966987180093,33.24966981664752,0.3938559206585026,20.0,0.0
66.8,-31.42361239416667,-39.39666608471852,-38.06496298514012,33.24966986786141,33.24966981361472,0.3938559200388596,20.0,0.0
66.85000000000001,-30.71503141489255,-39.95156517086926,-37.04168571911227,33.24966986398665,33.249669810666695,0.39385591934843944,20.0,0.0
66.9,-29.996653713170065,-40.49372149303835,-36.01840845323537,33.249669860178074,33.24966980780354,0.3938559185898711,20.0,0.0
66.95,-29.268708419386282,-41.022962127587554,-34.9951311875068,33.24966985643704,33.24966980502523,0.39385591776576945,20.0,0.0
67.0,-28.53142771556248,-41.539118270405865,-33.97185392192395,33.24966985276476,33.249669802331674,0.3938559168787279,20.0,0.0
67.05,-27.785046761298446,-42.042025290750495,-32.94857665648412,33.249669849162395,33.24966979972272,0.39385591593131153,20.0,0.0
67.10000000000001,-27.02980361876709,-42.5315227837567,-31.925299391184623,33.24966984563099,33.249669797198145,0.3938559149260712,20.0,0.0
67.15,-26.265939176783235,-43.00745462159978,-30.90202212602265,33.2496698421715,33.24966979475764,0.3938559138655364,20.0,0.0
67.2,-25.493697073970857,-43.46966900329286,-29.878744860995432,33.24966983878479,33.2496697924009,0.3938559127522012,20.0,0.0
67.25,-24.71332362105325,-43.918018503104605,-28.85546759610012,33.24966983547166,33.24966979012749,0.3938559115885383,20.0,0.0
67.3,-23.925067722290905,-44.35236011758147,-27.83219033133386,33.24966983223279,33.24966978793696,0.39385591037698475,20.0,0.0
67.35000000000001,-23.129180796092196,-44.77255531115937,-26.80891306669375,33.2496698290688,33.249669785828765,0.3938559091199636,20.0,0.0
67.4,-22.325916694822123,-45.17847006035036,-25.785635802176873,33.24966982598023,33.24966978380233,0.39385590781986224,20.0,0.0
67.45,-21.515531623834754,-45.56997489649009,-24.762358537780294,33.249669822967526,33.24966978185703,0.39385590647901836,20.0,0.0
67.5,-20.698284059755178,-45.94694494703257,-23.739081273501068,33.24966982003106,33.24966977999216,0.3938559050997483,20.0,0.0
67.55,-19.874434668037008,-46.3092599753789,-22.71580400933621,33.24966981717114,33.249669778207,0.3938559036843472,20.0,0.0
67.60000000000001,-19.044246219821755,-46.65680441922738,-21.692526745282752,33.249669814387985,33.24966977650077,0.3938559022350532,20.0,0.0
67.65,-18.207983508126567,-46.98946742743269,-20.669249481337708,33.249669811681756,33.24966977487265,0.39385590075408317,20.0,0.0
67.7,-17.3659132633871,-47.30714289536249,-19.64597221749806,33.24966980905253,33.249669773321756,0.3938558992436043,20.0,0.0
67.75,-16.518304068382434,-47.60972949874001,-18.622694953760824,33.24966980650033,33.24966977184719,0.39385589770576956,20.0,0.0
67.8,-15.665426272569166,-47.89713072596199,-17.599417690122998,33.24966980402511,33.24966977044802,0.3938558961426608,20.0,0.0
67.85000000000001,-14.807551905852012,-48.16925490888156,-16.57614042658158,33.24966980162675,33.24966976912323,0.39385589455635284,20.0,0.0
67.9,-13.944954591818435,-48.42601525204627,-15.552863163133573,33.24966979930507,33.24966976787181,0.3938558929488565,20.0,0.0
67.95,-13.077909460464944,-48.66732986038196,-14.529585899775993,33.24966979705984,33.24966976669272,0.39385589132215415,20.0,0.0
68.0,-12.206693060442928,-48.893121765313644,-13.506308636505866,33.24966979489076,33.24966976558487,0.39385588967817853,20.0,0.0
68.05,-11.331583270851992,-49.10331894931501,-12.483031373320214,33.24966979279748,33.24966976454713,0.39385588801884097,20.0,0.0
68.10000000000001,-10.452859212608944,-49.29785436887882,-11.459754110216112,33.24966979077959,33.2496697635784,0.3938558863459889,20.0,0.0
68.15,-9.570801159420705,-49.47666597590078,-10.436476847190606,33.24966978883665,33.249669762677485,0.3938558846614413,20.0,0.0
68.2,-8.685690448389522,-49.639696737470096,-9.413199584240774,33.24966978696814,33.2496697618432,0.3938558829669674,20.0,0.0
68.25,-7.797809390278999,-49.78689465406045,-8.389922321363713,33.249669785173495,33.24966976107434,0.39385588126429383,20.0,0.0
68.3,-6.907441179469596,-49.91821277611548,-7.366645058556546,33.24966978345213,33.24966976036965,0.3938558795551117,20.0,0.0
68.35000000000001,-6.014869803632267,-50.03360921902365,-6.343367795816427,33.249669781803384,33.24966975972788,0.39385587784106235,20.0,0.0
68.4,-5.120379953149097,-50.13304717647752,-5.320090533140529,33.249669780226554,33.24966975914779,0.3938558761237445,20.0,0.0
68.45,-4.224256930309788,-50.2164949322133,-4.296813270526053,33.249669778720936,33.249669758628094,0.39385587440471426,20.0,0.0
68.5,-3.3267865583129836,-50.28392587012698,-3.273536007970228,33.24966977728573,33.24966975816746,0.39385587268548505,20.0,0.0
68.55,-2.4282550901014464,-50.33531848276362,-2.250258745470304,33.24966977592015,33.24966975776461,0.3938558709675277,20.0,0.0
68.60000000000001,-1.528949117060161,-50.37065637817729,-1.2269814830235586,33.249669774623314,33.249669757418175,0.39385586925227045,20.0,0.0
68.65,-0.6291554776064946,-50.38992828515936,-0.20370422062732033,33.24966977339437,33.24966975712686,0.3938558675410846,20.0,0.0
68.7,0.27083883429843814,-50.39312805683352,0.8195730417210314,33.24966977223241,33.249669756889304,0.3938558658353273,20.0,0.0
68.75,1.17074676068802,-50.380254672616346,1.8428503040241428,33.249669771136475,33.24966975670416,0.3938558641362775,20.0,0.0
68.8,2.070281271148792,-50.35131223854283,2.8661275662845584,33.24966977010559,33.249669756570086,0.3938558624452,20.0,0.0
68.85000000000001,2.9691554543703242,-50.30630998595674,3.8894048285048233,33.24966976913878,33.24966975648571,0.3938558607633027,20.0,0.0
68.9,3.8670826096571025,-50.2452622685662,4.912682090687429,33.24966976823498,33.24966975644966,0.3938558590917367,20.0,0.0
68.95,4.763776338373232,-50.16818855786556,5.935959352834847,33.24966976739317,33.249669756460605,0.393855857431646,20.0,0.0
69.0,5.658950635290801,-50.075113436924816,6.959236614949466,33.24966976661228,33.249669756517136,0.39385585578411053,20.0,0.0
69.05,6.552319979812769,-49.9660665925487,7.9825138770336785,33.24966976589119,33.249669756617934,0.3938558541501678,20.0,0.0
69.10000000000001,7.443599427041271,-49.84108280580795,9.005791139089801,33.249669765228816,33.24966975676159,0.39385585253081246,20.0,0.0
69.15,8.332504698662301,-49.70020194094568,10.029068401120123,33.24966976462402,33.24966975694679,0.3938558509270109,20.0,0.0
69.2,9.218752273617797,-49.54346893266248,11.052345663126884,33.24966976407564,33.24966975717215,0.39385584933966555,20.0,0.0
69.25,10.102059478536178,-49.370933771784244,12.07562292511227,33.24966976358254,33.24966975743634,0.39385584776966454,20.0,0.0
69.3,10.982144577892518,-49.18265148931735,13.098900187078472,33.24966976314352,33.24966975773797,0.3938558462178463,20.0,0.0
69.35000000000001,11.858726863869581,-48.978682138896204,14.122177449027575,33.249669762757414,33.24966975807575,0.39385584468499246,20.0,0.0
69.4,12.73152674589108,-48.75909077762883,15.14545471096164,33.24966976242301,33.24966975844833,0.3938558431718775,20.0,0.0
69.45,13.60026583979856,-48.52394744534656,16.16873197288268,33.2496697621391,33.24966975885439,0.39385584167921195,20.0,0.0
69.5,14.464667056643512,-48.27332714226445,17.192009234792646,33.24966976190448,33.249669759292615,0.39385584020767794,20.0,0.0
69.55,15.324454691066357,-48.007309805059585,18.215286496693484,33.24966976171792,33.2496697597617,0.39385583875792207,20.0,0.0
69.60000000000001,16.179354509234138,-47.725980281374824,19.23856375858704,33.24966976157819,33.24966976026039,0.3938558373305412,20.0,0.0
69.65,17.029093836308853,-47.429428302756214,20.261841020475178,33.24966976148406,33.24966976078736,0.39385583592611084,20.0,0.0
69.7,17.87340164341854,-47.117748456032636,21.285118282359626,33.2496697614343,33.249669761341366,0.39385583454517104,20.0,0.0
69.75,18.71200863410337,-46.791040153146824,22.308395544242142,33.24966976142766,33.249669761921155,0.39385583318821205,20.0,0.0
69.8,19.544647330209198,-46.449407599447404,23.331672806124402,33.249669761462904,33.249669762525485,0.3938558318556886,20.0,0.0
69.85000000000001,20.37105215720112,-46.09295976045206,24.354950068008037,33.24966976153881,33.24966976315314,0.3938558305480484,20.0,0.0
69.9,21.190959528869893,-45.721810327092385,25.378227329894624,33.24966976165412,33.24966976380292,0.393855829265668,20.0,0.0
69.95,22.004107931404143,-45.33607767945157,26.401504591785713,33.2496697618076,33.24966976447359,0.39385582800893104,20.0,0.0
70.0,22.810238006801598,-44.935884849006435,27.42478185368278,33.24966976199803,33.24966976516401,0.39385582677815023,20.0,0.0
70.05,23.609092635592692,-44.52135947938589,28.448059115587256,33.24966976222417,33.249669765873065,0.3938558255736311,20.0,0.0
70.10000000000001,24.400417018850177,-44.09263378565836,29.471336377500535,33.24966976248481,33.24966976659954,0.3938558243956365,20.0,0.0
70.15,25.183958759458612,-43.64984451216101,30.494613639423964,33.249669762778716,33.24966976734233,0.39385582324441515,20.0,0.0
70.2,25.95946794261774,-43.1931328888845,31.517890901358843,33.24966976310469,33.24966976810037,0.3938558221201589,20.0,0.0
70.25,26.726697215554154,-42.722644586426874,32.541168163306416,33.249669763461526,33.24966976887255,0.3938558210230596,20.0,0.0
70.3,27.485401866415785,-42.238529669531175,33.56444542526789,33.249669763848026,33.249669769657785,0.39385581995326646,20.0,0.0
70.35000000000001,28.235339902324025,-41.74094254922148,34.58772268724442,33.24966976426301,33.24966977045506,0.39385581891089316,20.0,0.0
70.4,28.976272126558655,-41.23004193355271,35.61099994923711,33.249669764705295,33.24966977126333,0.3938558178960463,20.0,0.0
70.45,29.70796221485091,-40.70599077698985,36.63427721124705,33.24966976517373,33.24966977208159,0.3938558169087898,20.0,0.0
70.5,30.430176790760346,-40.16895622843273,37.65755447327523,33.24966976566715,33.249669772908845,0.3938558159491663,20.0,0.0
70.55,31.142685500111515,-39.619109577903025,38.68083173532263,33.24966976618442,33.24966977374419,0.39385581501720424,20.0,0.0
70.60000000000001,31.84526108446664,-39.056626201910404,39.70410899739018,33.249669766724395,33.249669774586586,0.3938558141128894,20.0,0.0
70.65,32.53767945361089,-38.48168550751522,40.72738625947874,33.24966976728598,33.2496697754352,0.39385581323619334,20.0,0.0
70.7,33.219719757027185,-37.89447087510573,41.75066352158919,33.24966976786807,33.24966977628908,0.39385581238708056,20.0,0.0
70.75,33.891164454337584,-37.2951695999079,42.7739407837223,33.249669768469566,33.249669777147396,0.3938558115654587,20.0,0.0
70.8,34.55179938468899,-36.683972832246624,43.79721804587886,33.249669769089415,33.2496697780092,0.39385581077124954,20.0,0.0
70.85000000000001,35.20141383506087,-36.06107551657731,44.82049530805953,33.249669769726545,33.24966977887374,0.39385581000432524,20.0,0.0
70.9,35.8398006074733,-35.42667632930731,45.84377257026504,33.24966977037991,33.24966977974018,0.39385580926455077,20.0,0.0
70.95,36.46675608507387,-34.780977615427034,46.86704983249599,33.2496697710485,33.249669780607704,0.39385580855178404,20.0,0.0
71.0,37.08208029708233,-34.12418532397093,47.89032709475297,33.249669771731305,33.24966978147558,0.3938558078658474,20.0,0.0
71.05,37.68557698257237,-33.456508942328945,48.91360435703656,33.249669772427325,33.249669782343005,0.393855807206549,20.0,0.0
71.10000000000001,38.27705365307007,-32.77816142942943,49.93688161934723,33.24966977313559,33.24966978320932,0.3938558065736828,20.0,0.0
71.15,38.85632165394911,-32.08935914781475,50.96015888168553,33.24966977385514,33.24966978407376,0.3938558059670285,20.0,0.0
71.2,39.42319622460319,-31.390321794631273,51.98343614405182,33.24966977458504,33.24966978493569,0.39385580538633747,20.0,0.0
71.25,39.97749655737638,-30.68127233155586,53.00671340644656,33.24966977532437,33.2496697857944,0.39385580483136096,20.0,0.0
71.3,40.519045855232704,-29.962436913681007,54.0299906688701,33.24966977607223,33.2496697866493,0.393855804301829,20.0,0.0
71.35000000000001,41.0476713881465,-29.23404481738149,55.05326793132275,33.24966977682774,33.249669787499755,0.3938558037974502,20.0,0.0
71.4,41.56320454819555,-28.496328367185455,56.07654519380486,33.24966977759002,33.24966978834513,0.39385580331794756,20.0,0.0
71.45,42.065480903339505,-27.749522861673274,57.099822456316645,33.249669778358246,33.249669789184914,0.39385580286299415,20.0,0.0
71.5,42.554340249866335,-26.993866498427806,58.12309971885835,33.24966977913158,33.24966979001852,0.39385580243227736,20.0,0.0
71.55,43.02962666349016,-26.22960029806003,59.14637698143017,33.24966977990922,33.24966979084544,0.3938558020254561,20.0,0.0
71.60000000000001,43.491188549084164,-25.456968027334227,60.16965424403229,33.249669780690375,33.24966979166512,0.39385580164219647,20.0,0.0
71.65,43.9388786890326,-24.676216121417276,61.19293150666483,33.24966978147429,33.24966979247711,0.39385580128213604,20.0,0.0
71.7,44.37255429018669,-23.887593605276862,62.2162087693279,33.249669782260206,33.24966979328093,0.39385580094491246,20.0,0.0
71.75,44.79207702940924,-23.09135201425363,63.23948603202161,33.249669783047395,33.2496697940761,0.39385580063016334,20.0,0.0
71.8,45.19731309769354,-22.287745313832655,64.26276329474595,33.24966978383517,33.24966979486225,0.3938558003374979,20.0,0.0
71.85000000000001,45.588133242842446,-21.477029818639807,65.28604055750098,33.24966978462282,33.24966979563894,0.39385580006653953,20.0,0.0
71.9,45.96441281069408,-20.659464110688827,66.3093178202867,33.24966978540968,33.24966979640577,0.39385579981688323,20.0,0.0
71.95,46.32603178488092,-19.835308956905234,67.33259508310304,33.24966978619511,33.2496697971624,0.3938557995881311,20.0,0.0
72.0,46.67287482510966,-19.00482722595332,68.35587234594999,33.249669786978494,33.24966979790848,0.3938557993798639,20.0,0.0
72.05,47.00483130394963,-18.168283804392807,69.37914960882746,33.2496697877592,33.249669798643644,0.3938557991916838,20.0,0.0
72.10000000000001,47.32179534211798,-17.325945512191858,70.40242687173536,33.249669788536664,33.24966979936758,0.39385579902315726,20.0,0.0
72.15,47.623665842250446,-16.47808101762343,71.42570413467354,33.2496697893103,33.24966980008002,0.39385579887387223,20.0,0.0
72.2,47.91034652114691,-15.624960751572118,72.44898139764184,33.24966979007957,33.24966980078069,0.39385579874339527,20.0,0.0
72.25,48.18174594048141,-14.766856821278768,73.47225866064007,33.24966979084394,33.24966980146937,0.39385579863128584,20.0,0.0
72.3,48.437777535966916,-13.904042923550442,74.49553592366811,33.24966979160289,33.24966980214574,0.3938557985371318,20.0,0.0
72.35000000000001,48.678359644965425,-13.036794257463358,75.51881318672568,33.24966979235595,33.24966980280964,0.39385579846047136,20.0,0.0
72.4,48.903415532534744,-12.165387436586688,76.5420904498126,33.24966979310265,33.249669803460826,0.39385579840087814,20.0,0.0
72.45,49.11287341590348,-11.29010040075519,77.56536771292859,33.249669793842514,33.249669804099156,0.3938557983579116,20.0,0.0
72.5,49.30666648736653,-10.41121232741882,78.58864497607344,33.24966979457513,33.249669804724405,0.39385579833111706,20.0,0.0
72.55,49.484732935593776,-9.5290035425976,79.61192223924677,33.24966979530008,33.24966980533646,0.3938557983200681,20.0,0.0
72.60000000000001,49.64701596534513,-8.643755431470149,80.63519950244834,33.24966979601696,33.249669805935156,0.39385579832430295,20.0,0.0
72.65,49.79346381558568,-7.755750348624379,81.65847676567786,33.24966979672541,33.24966980652038,0.39385579834338813,20.0,0.0
72.7,49.92402977599513,-6.865271527999004,82.68175402893496,33.24966979742504,33.249669807092026,0.3938557983768689,20.0,0.0
72.75,50.03867220186634,-5.97260299254457,83.70503129221935,33.24966979811554,33.24966980764995,0.39385579842431184,20.0,0.0
72.8,50.1373545273881,-5.078029463632823,84.72830855553059,33.24966979879657,33.24966980819415,0.3938557984852622,20.0,0.0
72.85000000000001,50.220045277307996,-4.1818362702433145,85.75158581886835,33.249669799467824,33.24966980872454,0.39385579855928654,20.0,0.0
72.9,50.286718076971624,-3.2843092579562114,86.77486308223226,33.24966980012902,33.24966980924104,0.39385579864594433,20.0,0.0
72.95,50.33735166073491,-2.3857346977803258,87.79814034562193,33.24966980077988,33.2496698097436,0.39385579874479504,20.0,0.0
73.0,50.371929878746904,-1.4863991948454562,88.82141760903694,33.24966980142014,33.24966981023224,0.3938557988554052,20.0,0.0
73.05,50.39044170210087,-0.5865895969881587,89.84469487247688,33.249669802049574,33.249669810706926,0.39385579897733436,20.0,0.0
73.10000000000001,50.39288122635202,0.313407096739895,90.86797213594136,33.24966980266796,33.24966981116765,0.3938557991101561,20.0,0.0
73.15,50.379247673400734,1.2133038276117905,91.8912493994299,33.24966980327508,33.24966981161442,0.39385579925345127,20.0,0.0
73.2,50.34954539174078,2.1128135687842766,92.9145266629421,33.24966980387075,33.24966981204726,0.3938557994067793,20.0,0.0
73.25,50.30378385507234,3.0116494168465033,93.93780392647751,33.24966980445479,33.249669812466216,0.39385579956973515,20.0,0.0
73.3,50.24197765928027,3.909524683329389,94.96108119003567,33.24966980502703,33.2496698128713,0.39385579974189255,20.0,0.0
73.35000000000001,50.16414651777875,4.806152986146431,95.98435845361612,33.24966980558734,33.24966981326261,0.3938557999228465,20.0,0.0
73.4,50.07031525522349,5.701248340936795,97.00763571721839,33.24966980613557,33.24966981364018,0.3938558001121848,20.0,0.0
73.45,49.96051379959387,6.594525252281545,98.03091298084205,33.24966980667162,33.24966981400408,0.3938558003095096,20.0,0.0
73.5,49.83477717264717,7.485698804763927,99.05419024448656,33.24966980719537,33.24966981435441,0.3938558005144088,20.0,0.0
73.55,49.69314547874827,8.374484753844653,100.07746750815144,33.24966980770673,33.24966981469131,0.39385580072650583,20.0,0.0
73.60000000000001,49.535663892078084,9.260599616523212,101.10074477183626,33.24966980820563,33.2496698150148,0.39385580094540273,20.0,0.0
73.65,49.36238264222505,10.143760761756273,102.12402203554052,33.249669808692,33.24966981532503,0.39385580117071584,20.0,0.0
73.7,49.17335699816414,11.023686500604363,103.14729929926371,33.24966980916579,33.24966981562212,0.39385580140206855,20.0,0.0
73.75,48.96864725062851,11.900096176078053,104.17057656300537,33.24966980962696,33.24966981590618,0.3938558016390985,20.0,0.0
73.8,48.74831869287946,12.772710252654992,105.19385382676501,33.249669810075474,33.24966981617735,0.3938558018814291,20.0,0.0
73.85000000000001,48.512441599880795,13.64125040543925,106.21713109054208,33.24966981051132,33.24966981643579,0.3938558021287051,20.0,0.0
73.9,48.26109120588427,14.505439608934521,107.24040835433611,33.2496698109345,33.24966981668165,0.39385580238057827,20.0,0.0
73.95,47.99434768043321,15.365002225402884,108.26368561814662,33.24966981134501,33.24966981691507,0.3938558026366934,20.0,0.0
74.0,47.712296102792,16.219664092780917,109.28696288197318,33.24966981174287,33.24966981713617,0.3938558028967236,20.0,0.0
74.05,47.41502643480963,17.069152612125144,110.31024014581519,33.249669812128104,33.249669817345186,0.39385580316032076,20.0,0.0
74.10000000000001,47.102633492225856,17.913196834558928,111.33351740967223,33.249669812500755,33.24966981754224,0.393855803427158,20.0,0.0
74.15,46.77521691442923,18.75152754769304,112.35679467354375,33.24966981286086,33.24966981772754,0.39385580369691553,20.0,0.0
74.2,46.4328811326766,19.583877361492394,113.38007193742934,33.249669813208484,33.24966981790124,0.3938558039692879,20.0,0.0
74.25,46.075735336784184,20.40998079356151,114.40334920132844,33.24966981354368,33.24966981806356,0.3938558042439553,20.0,0.0
74.3,45.70389344030091,21.229574353821544,115.42662646524059,33.249669813866525,33.24966981821467,0.3938558045206335,20.0,0.0
74.35000000000001,45.31747404417507,22.04239662855185,116.4499037291653,33.24966981417711,33.24966981835479,0.39385580479900995,20.0,0.0
74.4,44.91660039892595,22.84818836376926,117.47318099310212,33.24966981447552,33.24966981848406,0.39385580507881457,20.0,0.0
74.45,44.50140036533239,23.64669254791854,118.49645825705059,33.249669814761845,33.249669818602705,0.39385580535976317,20.0,0.0
74.5,44.072006373650915,24.437654493847578,119.51973552101022,33.24966981503619,33.24966981871094,0.3938558056415786,20.0,0.0
74.55,43.628555381376415,25.220821920041214,120.54301278498052,33.249669815298674,33.24966981880898,0.39385580592400515,20.0,0.0
74.60000000000001,43.171188829558815,25.99594503108776,121.56629004896106,33.24966981554941,33.24966981889705,0.39385580620677274,20.0,0.0
74.65,42.70005259768969,26.762776597352588,122.58956731295132,33.24966981578852,33.24966981897534,0.3938558064896398,20.0,0.0
74.7,42.21529695717326,27.52107203383332,123.61284457695093,33.24966981601616,33.24966981904407,0.39385580677235765,20.0,0.0
74.75,41.71707652339648,28.270589478171527,124.6361218409594,33.249669816232434,33.24966981910346,0.3938558070546989,20.0,0.0
74.8,41.205550206413676,29.01108986779601,125.65939910497633,33.24966981643751,33.249669819153695,0.3938558073364149,20.0,0.0
74.85000000000001,40.68088116026133,29.742337016173074,126.68267636900119,33.249669816631524,33.24966981919507,0.39385580761730665,20.0,0.0
74.9,40.14323673091923,30.46409768813949,127.70595363303363,33.24966981681464,33.24966981922774,0.3938558078971397,20.0,0.0
74.95,39.59278840293457,31.176141674294065,128.7292308970732,33.249669816987,33.24966981925196,0.3938558081757222,20.0,0.0
75.0,39.02971174472608,31.87824186442419,129.7525081611195,33.249669817148785,33.24966981926794,0.39385580845284096,20.0,0.0
75.05,38.45418635258549,32.57017431994382,130.77578542517207,33.24966981730015,33.249669819275915,0.39385580872830417,20.0,0.0
75.10000000000001,37.86639579339438,33.25171834531988,131.79906268923054,33.24966981744128,33.24966981927611,0.3938558090019413,20.0,0.0
75.15,37.26652754607454,33.9226565584643,132.82233995329446,33.24966981757234,33.24966981926878,0.39385580927354624,20.0,0.0
75.2,36.65477294179056,34.58277496006915,133.84561721736355,33.24966981769351,33.249669819254045,0.39385580954296984,20.0,0.0
75.25,36.03132710292375,35.231863001862905,134.86889448143737,33.24966981780498,33.24966981923222,0.3938558098100273,20.0,0.0
75.3,35.396388880836795,35.86971365376589,135.8921717455155,33.24966981790692,33.2496698192035,0.3938558100745624,20.0,0.0
75.35000000000001,34.75016079244911,36.49612346992365,136.9154490095976,33.24966981799953,33.24966981916812,0.3938558103364329,20.0,0.0
75.4,34.09284895564293,37.11089265359708,137.93872627368333,33.249669818083,33.24966981912628,0.3938558105954897,20.0,0.0
75.45,33.42466302352096,37.71382512088864,138.96200353777232,33.24966981815752,33.249669819078235,0.3938558108515906,20.0,0.0
75.5,32.74581611753637,38.3047285632844,139.9852808018642,33.24966981822329,33.24966981902418,0.39385581110459356,20.0,0.0
75.55,32.05652475951662,38.88341450899181,141.00855806595868,33.249669818280495,33.249669818964335,0.39385581135439196,20.0,0.0
75.60000000000001,31.357008802602614,39.44969838305382,142.03183533005534,33.249669818329345,33.24966981889893,0.3938558116008508,20.0,0.0
75.65,30.647491361125418,40.003399566220025,143.05511259415394,33.24966981837003,33.24966981882816,0.39385581184386353,20.0,0.0
75.7,29.928198739442745,40.54434145255613,144.07838985825413,33.24966981840275,33.24966981875226,0.39385581208332354,20.0,0.0
75.75,29.19936035975797,41.072351505773376,145.1016671223555,33.24966981842772,33.249669818671485,0.39385581231912425,20.0,0.0
75.8,28.461208688944712,41.58726131425987,146.12494438645794,33.24966981844513,33.24966981858597,0.3938558125511733,20.0,0.0
75.85000000000001,27.71397916440027,42.08890664479639,147.148221650561,33.24966981845519,33.24966981849596,0.3938558127793783,20.0,0.0
75.9,26.95791011895164,42.57712749493943,148.17149891466448,33.2496698184581,33.249669818401635,0.3938558130036611,20.0,0.0
75.95,26.19324270483797,43.051768144054854,149.19477617876808,33.24966981845407,33.24966981830324,0.3938558132239365,20.0,0.0
76.0,25.42022081679378,43.512677202985785,150.2180534428715,33.249669818443294,33.24966981820096,0.3938558134401404,20.0,0.0
76.05,24.639091014257446,43.959707662339,151.24133070697448,33.249669818425986,33.249669818095,0.3938558136522019,20.0,0.0
76.10000000000001,23.850102442729746,44.39271693937435,152.2646079710768,33.24966981840234,33.24966981798554,0.3938558138600641,20.0,0.0
76.15,23.053506754307588,44.8115669234823,153.28788523517818,33.249669818372574,33.24966981787278,0.3938558140636701,20.0,0.0
76.2,22.24955802741823,45.21612402023502,154.31116249927848,33.249669818336876,33.24966981775689,0.3938558142629702,20.0,0.0
76.25,21.438512685779628,45.60625919399704,155.33443976337733,33.249669818295445,33.249669817638114,0.39385581445791473,20.0,0.0
76.3,20.6206294166127,45.98184800908186,156.35771702747454,33.24966981824849,33.24966981751659,0.393855814648461,20.0,0.0
76.35000000000001,19.796169088131695,46.34277066944138,157.38099429156995,33.24966981819621,33.24966981739252,0.39385581483458054,20.0,0.0
76.4,18.965394666338867,46.688912056875466,158.40427155566329,33.2496698181388,33.2496698172661,0.3938558150162379,20.0,0.0
76.45,18.128571131150085,47.02016176774953,159.4275488197544,33.24966981807647,33.24966981713746,0.39385581519341173,20.0,0.0
76.5,17.285965391878072,47.33641414820834,160.45082608384314,33.249669818009394,33.24966981700678,0.3938558153660736,20.0,0.0
76.55,16.437846202100268,47.6375683278749,161.47410334792923,33.249669817937786,33.24966981687427,0.39385581553422355,20.0,0.0
76.60000000000001,15.584484073938436,47.923528252023566,162.49738061201256,33.24966981786182,33.24966981674006,0.393855815697826,20.0,0.0
76.65,14.726151191777399,48.194202712217226,163.52065787609294,33.249669817781694,33.24966981660431,0.3938558158568881,20.0,0.0
76.7,13.863121325450376,48.449505375398715,164.54393514017022,33.249669817697594,33.249669816467176,0.39385581601140274,20.0,0.0
76.75,12.995669742918638,48.6893548114272,165.56721240424417,33.24966981760971,33.24966981632886,0.3938558161613628,20.0,0.0
76.80000000000001,12.124073122473332,48.913674519050765,166.5904896683147,33.24966981751822,33.249669816189524,0.39385581630677535,20.0,0.0
76.85000000000001,11.248609464487467,49.12239295030687,167.61376693238168,33.24966981742331,33.24966981604923,0.39385581644765466,20.0,0.0
76.9,10.36955800274622,49.31544353334297,168.63704419644495,33.249669817325156,33.249669815908206,0.3938558165840007,20.0,0.0
76.95,9.487199115383838,49.49276469364997,169.66032146050443,33.249669817223946,33.249669815766545,0.3938558167158348,20.0,0.0
77.0,8.601814235455537,49.65429987370171,170.68359872455997,33.249669817119845,33.249669815624394,0.3938558168431783,20.0,0.0
77.05000000000001,7.713685761172937,49.79999755099432,171.7068759886114,33.24966981701303,33.24966981548192,0.3938558169660453,20.0,0.0
77.10000000000001,6.8230969658316525,49.92981125447958,172.7301532526587,33.24966981690366,33.249669815339224,0.39385581708445727,20.0,0.0
77.15,5.930331907459768,50.04369957938712,173.7534305167017,33.24966981679192,33.249669815196455,0.39385581719844964,20.0,0.0
77.2,5.03567533821602,50.14162620043068,174.77670778074042,33.24966981667796,33.24966981505371,0.39385581730805796,20.0,0.0
77.25,4.139412613566586,50.22355988339423,175.79998504477464,33.24966981656194,33.24966981491113,0.39385581741330355,20.0,0.0
77.30000000000001,3.2418296012694383,50.28947449509435,176.8232623088044,33.249669816444026,33.249669814768815,0.39385581751422194,20.0,0.0
77.35000000000001,2.3432125901953063,50.339349011715505,177.84653957282956,33.249669816324364,33.249669814626856,0.39385581761086996,20.0,0.0
77.4,1.4438481990143197,50.37316752551569,178.86981683685005,33.24966981620312,33.249669814485436,0.39385581770326894,20.0,0.0
77.45,0.5440232847774599,50.39091924990032,179.8930941008658,33.24966981608042,33.249669814344614,0.3938558177914686,20.0,0.0
77.5,-0.35597514857801993,50.39259852286267,-179.08362863512323,33.24966981595644,33.249669814204495,0.3938558178755187,20.0,0.0
77.55000000000001,-1.2558600417700259,50.378204808789775,-178.06035137111706,33.249669815831304,33.24966981406518,0.3938558179554619,20.0,0.0
77.60000000000001,-2.155344371730706,50.34774269863329,-177.0370741071158,33.24966981570515,33.24966981392675,0.39385581803136205,20.0,0.0
77.65,-3.0541412431539845,50.30122190844517,-176.01379684311945,33.249669815578116,33.24966981378933,0.39385581810324766,20.0,0.0
77.7,-3.9519639800023416,50.2386572762787,-174.99051957912803,33.249669815450346,33.249669813652986,0.39385581817119686,20.0,0.0
77.75,-4.848526216943661,50.16006875745579,-173.9672423151416,33.249669815321965,33.24966981351781,0.3938558182352452,20.0,0.0
77.80000000000001,-5.743541990688971,50.06548141820215,-172.94396505116018,33.2496698151931,33.249669813383896,0.3938558182954637,20.0,0.0
77.85000000000001,-6.63672583120196,49.954925427652256,-171.92068778718377,33.249669815063875,33.24966981325129,0.3938558183519163,20.0,0.0
77.9,-7.527792852751156,49.82843604822677,-170.8974105232124,33.24966981493441,33.24966981312009,0.3938558184046528,20.0,0.0
77.95,-8.416458844775747,49.68605362438538,-169.87413325924604,33.24966981480481,33.249669812990355,0.39385581845373707,20.0,0.0
78.0,-9.30244036253605,49.52782356975874,-168.85085599528475,33.24966981467521,33.24966981286216,0.3938558184992331,20.0,0.0
78.05000000000001,-10.185454817519714,49.35379635266353,-167.82757873132852,33.249669814545705,33.24966981273557,0.3938558185412049,20.0,0.0
78.10000000000001,-11.06522056757483,49.164027480005345,-166.80430146737731,33.24966981441641,33.24966981261065,0.3938558185797234,20.0,0.0
78.15,-11.94145700674119,48.958577479574444,-165.78102420343114,33.24966981428742,33.24966981248746,0.39385581861485264,20.0,0.0
78.2,-12.813884654751051,48.737511880740115,-164.75774693949,33.24966981415885,33.24966981236602,0.39385581864666364,20.0,0.0
78.25,-13.68222524617085,48.50090119354971,-163.73446967555387,33.24966981403079,33.249669812246424,0.39385581867522035,20.0,0.0
78.30000000000001,-14.546201819155437,48.2488208862391,-162.7111924116227,33.24966981390333,33.2496698121287,0.39385581870059383,20.0,0.0
78.35000000000001,-15.405538803786538,47.98135136116171,-161.68791514769654,33.24966981377658,33.249669812012904,0.39385581872285513,20.0,0.0
78.4,-16.259962109967237,47.698577929143696,-160.66463788377527,33.2496698136506,33.24966981189908,0.3938558187420753,20.0,0.0
78.45,-17.109199214844466,47.40059078227367,-159.64136061985894,33.249669813525486,33.24966981178727,0.3938558187583183,20.0,0.0
78.5,-17.95297924973163,47.0874849651354,-158.61808335594748,33.24966981340133,33.24966981167752,0.3938558187716694,20.0,0.0
78.55000000000001,-18.791033086503596,46.7593603444929,-157.59480609204087,33.2496698132782,33.24966981156984,0.39385581878219256,20.0,0.0
78.60000000000001,-19.62309342343655,46.41632157743731,-156.57152882813904,33.249669813156174,33.24966981146425,0.3938558187899659,20.0,0.0
78.65,-20.4488948704653,46.058478078006026,-155.54825156424195,33.249669813035325,33.249669811360825,0.3938558187950463,20.0,0.0
78.7,-21.268174033830842,45.6859439822845,-154.52497430034958,33.24966981291572,33.24966981125956,0.3938558187975332,20.0,0.0
78.75,-22.08066960009121,45.2988381120019,-153.50169703646188,33.24966981279742,33.24966981116049,0.39385581879747633,20.0,0.0
78.80000000000001,-22.886122419468773,44.897283936632334,-152.47841977257875,33.2496698126805,33.249669811063626,0.393855818794961,20.0,0.0
78.85000000000001,-23.68427558850744,44.48140953401355,-151.4551425087002,33.24966981256501,33.249669810968996,0.39385581879006537,20.0,0.0
78.9,-24.474874532013384,44.05134754949587,-150.43186524482616,33.24966981245101,33.24966981087662,0.39385581878284626,20.0,0.0
78.95,-25.257667084253153,43.60723515363425,-149.40858798095655,33.24966981233855,33.2496698107865,0.3938558187733818,20.0,0.0
79.0,-26.032403569383263,43.14921399843698,-148.38531071709133,33.24966981222769,33.24966981069865,0.39385581876175735,20.0,0.0
79.05000000000001,-26.798836881085638,42.677430172185026,-147.3620334532304,33.249669812118476,33.24966981061308,0.39385581874802966,20.0,0.0
79.10000000000001,-27.556722561383488,42.19203415283643,-146.33875618937375,33.24966981201095,33.249669810529824,0.39385581873227693,20.0,0.0
79.15,-28.305818878612474,41.693180760030515,-145.3154789255213,33.24966981190515,33.24966981044883,0.3938558187145773,20.0,0.0
79.2,-29.04588690452231,41.18102910570738,-144.29220166167295,33.24966981180113,33.24966981037013,0.39385581869499475,20.0,0.0
79.25,-29.77669059048419,40.655742543358286,-143.26892439782864,33.24966981169891,33.24966981029373,0.3938558186735932,20.0,0.0
79.30000000000001,-30.497996842779763,40.117488615923186,-142.2456471339883,33.24966981159854,33.24966981021964,0.39385581865045793,20.0,0.0
79.35000000000001,-31.20957559694761,39.56643900235202,-141.2223698701519,33.24966981150005,33.24966981014783,0.3938558186256529,20.0,0.0
79.4,-31.911199891163516,39.0027694628468,-140.1990926063193,33.249669811403464,33.2496698100783,0.3938558185992491,20.0,0.0
79.45,-32.60264593863117,38.42665978280196,-139.17581534249052,33.249669811308806,33.249669810011056,0.3938558185713106,20.0,0.0
79.5,-33.28369319896012,37.838293715460864,-138.1525380786654,33.249669811216116,33.2496698099461,0.3938558185419012,20.0,0.0
79.55000000000001,-33.954124448508345,37.2378589233067,-137.1292608148439,33.2496698111254,33.2496698098834,0.3938558185110992,20.0,0.0
79.60000000000001,-34.61372584966685,36.625546918206574,-136.1059835510259,33.24966981103669,33.249669809822954,0.39385581847896134,20.0,0.0
79.65,-35.26228701906433,36.001553000327746,-135.0827062872114,33.24966981094999,33.24966980976475,0.39385581844557294,20.0,0.0
79.7,-35.89960109467006,35.36607619584562,-134.05942902340024,33.24966981086533,33.24966980970874,0.3938558184109766,20.0,0.0
79.75,-36.52546480177363,34.71931919346329,-133.0361517595924,33.24966981078272,33.249669809654954,0.3938558183752505,20.0,0.0
79.80000000000001,-37.139678517820506,34.061488279762905,-132.01287449578777,33.24966981070216,33.24966980960335,0.3938558183384444,20.0,0.0
79.85000000000001,-37.742046336082694,33.392793273409445,-130.98959723198627,33.24966981062367,33.24966980955392,0.3938558183006293,20.0,0.0
79.9,-38.33237612814425,32.71344745822798,-129.96631996818786,33.24966981054726,33.24966980950663,0.3938558182618692,20.0,0.0
79.95,-38.910479605181614,32.02366751517563,-128.94304270439238,33.24966981047293,33.24966980946147,0.39385581822222093,20.0,0.0
80.0,-39.4761723780194,31.323673453230032,-127.91976544059985,33.24966981040068,33.24966980941842,0.3938558181817413,20.0,0.0
80.05000000000001,-40.029274015942235,30.61368853921631,-126.8964881768101,33.24966981033052,33.249669809377444,0.3938558181404872,20.0,0.0
80.10000000000001,-40.56960810424414,29.89393922659493,-125.87321091302309,33.249669810262446,33.24966980933851,0.39385581809852965,20.0,0.0
80.15,-41.09700230049692,29.164655083233175,-124.84993364923872,33.249669810196444,33.24966980930162,0.3938558180559113,20.0,0.0
80.2,-41.611288389519686,28.426068718183245,-123.82665638545693,33.24966981013253,33.249669809266734,0.3938558180126961,20.0,0.0
80.25,-42.112302337032006,27.678415707490366,-122.80337912167764,33.249669810070685,33.24966980923383,0.39385581796892666,20.0,0.0
80.30000000000001,-42.599884341973485,26.921934519054563,-121.78010185790073,33.249669810010914,33.24966980920283,0.39385581792465985,20.0,0.0
80.35000000000001,-43.07387888747319,26.156866436570052,-120.75682459412617,33.24966980995319,33.24966980917375,0.3938558178799596,20.0,0.0
80.4,-43.53413479045256,25.383455482566525,-119.73354733035384,33.24966980989752,33.249669809146575,0.39385581783486145,20.0,0.0
80.45,-43.980505249846054,24.601948340576868,-118.71027006658369,33.24966980984388,33.24966980912122,0.39385581778942935,20.0,0.0
80.5,-44.412847893424136,23.812594276456135,-117.68699280281561,33.249669809792266,33.24966980909771,0.3938558177436988,20.0,0.0
80.55000000000001,-44.831024823203656,23.015645058876885,-116.66371553904955,33.24966980974265,33.249669809075996,0.3938558176977196,20.0,0.0
80.60000000000001,-45.234902659431135,22.211354879026224,-115.64043827528542,33.249669809695035,33.24966980905601,0.39385581765154143,20.0,0.0
80.65,-45.62435258312497,21.39998026953017,-114.61716101152314,33.24966980964938,33.24966980903776,0.39385581760520694,20.0,0.0
80.7,-45.99925037716289,20.58178002263122,-113.59388374776265,33.2496698096057,33.24966980902119,0.39385581755876586,20.0,0.0
80.75,-46.35947646590171,19.75701510764518,-112.57060648400386,33.24966980956395,33.24966980900628,0.39385581751226084,20.0,0.0
80.80000000000001,-46.704915953316586,18.925948587723614,-111.5473292202467,33.249669809524114,33.249669808992984,0.3938558174657203,20.0,0.0
80.85000000000001,-47.035458659647745,18.08884553594846,-110.52405195649109,33.24966980948618,33.24966980898129,0.39385581741919395,20.0,0.0
80.9,-47.35099915654287,17.245972950785568,-109.50077469273697,33.24966980945012,33.249669808971106,0.39385581737272446,20.0,0.0
80.95,-47.65143680068405,16.397599670924105,-108.47749742898424,33.2496698094159,33.24966980896246,0.39385581732634733,20.0,0.0
81.0,-47.93667576588851,15.543996289529039,-107.45422016523284,33.24966980938351,33.24966980895528,0.3938558172800981,20.0,0.0
81.05000000000001,-48.20662507367285,14.685435067934007,-106.4309429014827,33.24966980935292,33.24966980894953,0.3938558172340123,20.0,0.0
81.10000000000001,-48.46119862227116,13.822189848802118,-105.40766563773376,33.249669809324104,33.249669808945185,0.39385581718811835,20.0,0.0
81.15,-48.7003152140976,12.954535968782379,-104.38438837398593,33.24966980929704,33.249669808942215,0.3938558171424589,20.0,0.0
81.2,-48.92389858164481,12.082750170689609,-103.36111111023916,33.249669809271694,33.24966980894055,0.3938558170970623,20.0,0.0
81.25,-49.13187741180986,11.207110515235849,-102.3378338464934,33.24966980924805,33.24966980894019,0.39385581705196415,20.0,0.0
81.30000000000001,-49.32418536863989,10.327896292341418,-101.31455658274854,33.249669809226056,33.249669808941086,0.39385581700718575,20.0,0.0
81.35000000000001,-49.50076111449037,9.44538793205391,-100.29127931900453,33.2496698092057,33.24966980894321,0.3938558169627626,20.0,0.0
81.4,-49.661548329589046,8.559866915103543,-99.26800205526133,33.249669809186955,33.24966980894649,0.3938558169187232,20.0,0.0
81.45,-49.80649572999942,7.671615683123381,-98.24472479151885,33.249669809169774,33.249669808950934,0.39385581687508875,20.0,0.0
81.5,-49.93555708397805,6.780917548563078,-97.22144752777704,33.24966980915415,33.24966980895647,0.39385581683188775,20.0,0.0
81.55000000000001,-50.04869122672039,5.8880566043248646,-96.19817026403585,33.24966980914002,33.249669808963084,0.3938558167891415,20.0,0.0
81.60000000000001,-50.14586207349057,4.993317633150609,-95.17489300029521,33.24966980912739,33.24966980897072,0.3938558167468713,20.0,0.0
81.65,-50.227038631130746,4.096986016788845,-94.15161573655506,33.2496698091162,33.249669808979384,0.3938558167051127,20.0,0.0
81.7,-50.29219500794659,3.199347644970755,-93.12833847281534,33.24966980910643,33.24966980898897,0.3938558166638799,20.0,0.0
81.75,-50.341310421965545,2.300688824224112,-92.10506120907601,33.24966980909804,33.249669808999506,0.39385581662318714,20.0,0.0
81.80000000000001,-50.37436920756537,1.4012961865542986,-91.081783945337,33.249669809091,33.24966980901092,0.3938558165830557,20.0,0.0
81.85000000000001,-50.39136082047077,0.5014565980215018,-90.05850668159826,33.24966980908528,33.249669809023196,0.3938558165435069,20.0,0.0
81.9,-50.39227984111653,-0.39854293275673847,-89.03522941785974,33.24966980908085,33.24966980903628,0.3938558165045549,20.0,0.0
81.95,-50.37712597637614,-1.2984153461484538,-88.01195215412139,33.24966980907766,33.24966980905015,0.39385581646621404,20.0,0.0
82.0,-50.345904059655275,-2.1978736230664415,-86.98867489038318,33.2496698090757,33.24966980906478,0.39385581642849843,20.0,0.0
82.05000000000001,-50.29862404935015,-3.096630876514528,-85.96539762664503,33.249669809074916,33.24966980908011,0.3938558163914365,20.0,0.0
82.10000000000001,-50.235301025671255,-3.994400443091699,-84.94212036290692,33.249669809075286,33.24966980909612,0.3938558163550212,20.0,0.0
82.15,-50.15595518583342,-4.890895974424916,-83.9188430991688,33.24966980907677,33.2496698091128,0.3938558163192738,20.0,0.0
82.2,-50.06061183761381,-5.785831528501451,-82.8955658354306,33.24966980907935,33.24966980913006,0.3938558162842085,20.0,0.0
82.25,-49.9493013912799,-6.67892166087161,-81.87228857169232,33.24966980908297,33.24966980914793,0.39385581624982535,20.0,0.0
82.30000000000001,-49.82205934988993,-7.569881515692754,-80.8490113079539,33.249669809087614,33.249669809166356,0.3938558162161456,20.0,0.0
82.35000000000001,-49.67892629796903,-8.458426916585589,-79.8257340442153,33.249669809093234,33.24966980918529,0.39385581618316934,20.0,0.0
82.4,-49.51994788856455,-9.344274457273727,-78.80245678047646,33.249669809099814,33.24966980920471,0.3938558161509107,20.0,0.0
82.45,-49.34517482868482,-10.227141591977627,-77.77917951673739,33.2496698091073,33.24966980922458,0.3938558161193768,20.0,0.0
82.5,-49.15466286312583,-11.106746725534071,-76.75590225299801,33.24966980911568,33.2496698092449,0.3938558160885677,20.0,0.0
82.55000000000001,-48.94847275669117,-11.982809303212438,-75.73262498925831,33.24966980912491,33.249669809265605,0.3938558160584904,20.0,0.0
82.60000000000001,-48.72667027481075,-12.855049900199122,-74.70934772551824,33.249669809134964,33.24966980928667,0.3938558160291521,20.0,0.0
82.65,-48.48932616256458,-13.723190310721566,-73.68607046177779,33.2496698091458,33.2496698093081,0.39385581600054564,20.0,0.0
82.7,-48.23651612211825,-14.586953636783472,-72.66279319803692,33.24966980915739,33.249669809329816,0.39385581597269237,20.0,0.0
82.75,-47.968320788577316,-15.44606437648288,-71.6395159342956,33.24966980916971,33.24966980935183,0.39385581594557806,20.0,0.0
82.80000000000001,-47.6848257042683,-16.300248511884973,-70.6162386705538,33.24966980918271,33.24966980937411,0.3938558159192169,20.0,0.0
82.85000000000001,-47.38612129145452,-17.14923359642155,-69.59296140681148,33.249669809196384,33.2496698093966,0.39385581589360186,20.0,0.0
82.9,-47.07230282349544,-17.9927488417893,-68.56968414306863,33.24966980921069,33.2496698094193,0.39385581586873286,20.0,0.0
82.95,-46.7434703944587,-18.830525204319176,-67.54640687932525,33.24966980922559,33.2496698094422,0.39385581584461704,20.0,0.0
83.0,-46.399728887194584,-19.662295470789307,-66.52312961558125,33.24966980924106,33.249669809465246,0.3938558158212473,20.0,0.0
83.05000000000001,-46.0411879398831,-20.487794343654066,-65.49985235183668,33.24966980925707,33.24966980948841,0.3938558157986236,20.0,0.0
83.10000000000001,-45.667961911064296,-21.306758525662133,-64.47657508809147,33.2496698092736,33.249669809511694,0.3938558157767389,20.0,0.0
83.15,-45.280169843162966,-22.11892680383656,-63.45329782434563,33.24966980929061,33.24966980953506,0.39385581575560025,20.0,0.0
83.2,-44.87793542451948,-22.924040132790026,-62.43002056059913,33.24966980930807,33.249669809558505,0.39385581573519346,20.0,0.0
83.25,-44.461386949938685,-23.721841717348752,-61.40674329685193,33.24966980932596,33.24966980958197,0.39385581571552564,20.0,0.0
83.30000000000001,-44.030657279769635,-24.512077094458675,-60.38346603310405,33.24966980934424,33.24966980960547,0.39385581569658257,20.0,0.0
83.35000000000001,-43.58588379752906,-25.2944942143478,-59.36018876935547,33.2496698093629,33.24966980962897,0.39385581567836425,20.0,0.0
83.4,-43.12720836608215,-26.068843520918804,-58.33691150560612,33.249669809381906,33.24966980965243,0.3938558156608636,20.0,0.0
83.45,-42.654777282394676,-26.83487803134629,-57.31363424185606,33.24966980940123,33.24966980967586,0.39385581564408056,20.0,0.0
83.5,-42.16874123087076,-27.592353414853264,-56.29035697810524,33.24966980942085,33.24966980969923,0.393855815628001,20.0,0.0
83.55000000000001,-41.669255235291295,-28.341028070641737,-55.26707971435365,33.24966980944073,33.24966980972252,0.39385581561261773,20.0,0.0
83.60000000000001,-41.1564786093683,-29.080663204952586,-54.2438024506013,33.24966980946086,33.24966980974572,0.3938558155979308,20.0,0.0
83.65,-40.63057490593094,-29.811022907230083,-53.22052518684816,33.24966980948121,33.24966980976881,0.393855815583926,20.0,0.0
83.7,-40.091711864759525,-30.53187422536683,-52.19724792309423,33.24966980950175,33.24966980979176,0.39385581557060334,20.0,0.0
83.75,-39.54006135908395,-31.24298724000507,-51.17397065933949,33.249669809522466,33.24966980981458,0.3938558155579486,20.0,0.0
83.80000000000001,-38.97579934076388,-31.944135137870678,-50.15069339558396,33.249669809543335,33.24966980983724,0.3938558155459475,20.0,0.0
83.85000000000001,-38.39910578416793,-32.63509428411647,-49.12741613182759,33.249669809564324,33.249669809859704,0.39385581553460014,20.0,0.0
83.9,-37.810164628769904,-33.31564429365173,-48.1041388680704,33.24966980958543,33.249669809881986,0.39385581552389937,20.0,0.0
83.95,-37.20916372048031,-33.985568101435184,-47.0808616043124,33.24966980960661,33.24966980990407,0.393855815513831,20.0,0.0
84.0,-36.59629475173192,-34.64465203170908,-46.05758434055359,33.249669809627854,33.249669809925955,0.39385581550438786,20.0,0.0
84.05000000000001,-35.971753200338426,-35.29268586615217,-45.03430707679394,33.24966980964914,33.2496698099476,0.3938558154955558,20.0,0.0
84.10000000000001,-35.33573826714579,-35.92946291092999,-44.011029813033474,33.24966980967046,33.249669809969014,0.3938558154873206,20.0,0.0
84.15,-34.68845281249606,-36.55478006262095,-42.987752549272166,33.24966980969178,33.24966980999017,0.3938558154796894,20.0,0.0
84.2,-34.030103291523965,-37.16843787299723,-41.96447528551002,33.2496698097131,33.24966981001108,0.3938558154726337,20.0,0.0
84.25,-33.36089968830698,-37.77024061263988,-40.941198021747056,33.249669809734385,33.2496698100317,0.39385581546615356,20.0,0.0
84.30000000000001,-32.68105544888977,-38.35999633336775,-39.91792075798326,33.24966980975562,33.24966981005205,0.39385581546022763,20.0,0.0
84.35000000000001,-31.990787413204473,-38.93751692946035,-38.89464349421864,33.2496698097768,33.2496698100721,0.39385581545485593,20.0,0.0
84.4,-31.290315745908405,-39.50261819765524,-37.87136623045319,33.24966980979789,33.24966981009185,0.39385581545002424,20.0,0.0
84.45,-30.579863866161404,-40.05511989590055,-36.84808896668692,33.24966980981889,33.24966981011131,0.39385581544571835,20.0,0.0
84.5,-29.859658376365097,-40.59484580084422,-35.82481170291984,33.24966980983977,33.24966981013044,0.39385581544192405,20.0,0.0
84.55000000000001,-29.129928989886853,-41.12162376404132,-34.80153443915194,33.249669809860535,33.24966981014926,0.39385581543863424,20.0,0.0
84.60000000000001,-28.39090845779149,-41.63528576686174,-33.77825717538323,33.24966980988116,33.24966981016774,0.3938558154358347,20.0,0.0
84.65,-27.642832494604086,-42.13566797408062,-32.7549799116137,33.249669809901626,33.24966981018588,0.39385581543351833,20.0,0.0
84.7,-26.885939703127573,-42.62261078613445,-31.731702647843388,33.24966980992193,33.24966981020368,0.3938558154316709,20.0,0.0
84.75,-26.120471498339114,-43.09595889002622,-30.708425384072285,33.24966980994206,33.249669810221135,0.39385581543027826,20.0,0.0
84.80000000000001,-25.346672030389506,-43.55556130886331,-29.685148120300394,33.24966980996199,33.249669810238245,0.39385581542932613,20.0,0.0
84.85000000000001,-24.564788106730198,-44.00127145001238,-28.66187085652774,33.249669809981725,33.24966981025499,0.39385581542880743,20.0,0.0
84.9,-23.77506911339274,-44.43294715185587,-27.638593592754297,33.24966981000125,33.24966981027138,0.39385581542870796,20.0,0.0
84.95,-22.97776693544578,-44.8504507291352,-26.615316328980114,33.24966981002054,33.24966981028742,0.3938558154290206,20.0,0.0
85.0,-22.173135876654992,-45.253649016866206,-25.59203906520517,33.249669810039606,33.249669810303075,0.39385581542972403,20.0,0.0
85.05000000000001,-21.361432578371534,-45.64241341281284,-24.56876180142949,33.24966981005842,33.24966981031838,0.39385581543081827,20.0,0.0
85.10000000000001,-20.54291593767492,-46.016619918505526,-23.545484537653067,33.249669810076995,33.24966981033328,0.393855815432282,20.0,0.0
85.15,-19.717847024796427,-46.37614917879112,-22.52220727387593,33.2496698100953,33.249669810347854,0.393855815434101,20.0,0.0
85.2,-18.886488999849362,-46.72088651990188,-21.498930010098086,33.24966981011334,33.249669810362036,0.39385581543627524,20.0,0.0
85.25,-18.049107028892738,-47.050721986031284,-20.47565274631953,33.24966981013111,33.24966981037583,0.39385581543878345,20.0,0.0
85.30000000000001,-17.20596819935515,-47.365550374405,-19.452375482540283,33.24966981014859,33.24966981038925,0.3938558154416114,20.0,0.0
85.35000000000001,-16.357341434845832,-47.66527126883587,-18.429098218760352,33.24966981016578,33.2496698104023,0.393855815444752,20.0,0.0
85.4,-15.503497409380026,-47.94978907175222,-17.40582095497976,33.24966981018267,33.24966981041497,0.39385581544819814,20.0,0.0
85.45,-14.64470846104608,-48.21901303468917,-16.382543691198503,33.249669810199265,33.249669810427264,0.3938558154519356,20.0,0.0
85.5,-13.781248505141761,-48.472857287233346,-15.359266427416586,33.24966981021555,33.24966981043915,0.39385581545594306,20.0,0.0
85.55000000000001,-12.913392946807521,-48.711240864411735,-14.335989163634059,33.249669810231524,33.24966981045071,0.3938558154602205,20.0,0.0
85.60000000000001,-12.041418593184561,-48.93408773251587,-13.312711899850894,33.24966981024718,33.24966981046185,0.3938558154647538,20.0,0.0
85.65,-11.165603565125721,-49.14132681335318,-12.28943463606712,33.24966981026252,33.24966981047264,0.39385581546953574,20.0,0.0
85.7,-10.28622720848736,-49.332892006917774,-11.26615737228276,33.24966981027752,33.249669810483056,0.39385581547453796,20.0,0.0
85.75,-9.403570005030506,-49.50872221247338,-10.242880108497816,33.249669810292204,33.2496698104931,0.39385581547977466,20.0,0.0
85.80000000000001,-8.517913482959715,-49.66876134804175,-9.219602844712288,33.24966981030655,33.249669810502766,0.3938558154852103,20.0,0.0
85.85000000000001,-7.629540127128149,-49.8129583682903,-8.196325580926198,33.24966981032057,33.249669810512074,0.39385581549085913,20.0,0.0
85.9,-6.738733288937533,-49.941267280813314,-7.173048317139573,33.24966981033424,33.24966981052102,0.3938558154966856,20.0,0.0
85.95,-5.84577709596172,-50.053647160801425,-6.149771053352415,33.249669810347584,33.24966981052959,0.39385581550269677,20.0,0.0
86.0,-4.9509563613226915,-50.150062164094834,-5.126493789564722,33.24966981036059,33.24966981053782,0.3938558155088785,20.0,0.0
86.05000000000001,-4.054556492847898,-50.23048153861599,-4.103216525776521,33.24966981037324,33.249669810545676,0.39385581551521653,20.0,0.0
86.10000000000001,-3.1568634020379203,-50.29487963417811,-3.079939261987836,33.249669810385555,33.2496698105532,0.3938558155217038,20.0,0.0
86.15,-2.2581634128734707,-50.343235910666465,-2.0566619981986674,33.24966981039753,33.24966981056037,0.39385581552832605,20.0,0.0
86.2,-1.3587431704908441,-50.37553494458975,-1.033384734409041,33.24966981040916,33.249669810567205,0.3938558155350762,20.0,0.0
86.25,-0.4588895497549259,-50.391766433999486,-0.010107470618956452,33.24966981042045,33.2496698105737,0.39385581554195426,20.0,0.0
86.30000000000001,0.44111043624107027,-50.39192520177588,1.0131697931715606,33.24966981043139,33.249669810579846,0.3938558155489389,20.0,0.0
86.35000000000001,1.3409697277199528,-50.37601119727909,2.03644705696251,33.249669810442,33.24966981058567,0.393855815556023,20.0,0.0
86.4,2.2404013097797932,-50.34402949636541,3.0597243207538667,33.24966981045226,33.24966981059116,0.3938558155632066,20.0,0.0
86.45,3.139118303938855,-50.29599029976824,4.083001584545631,33.24966981046218,33.249669810596345,0.39385581557046123,20.0,0.0
86.5,4.036834059637008,-50.23190892984457,5.106278848337776,33.24966981047177,33.24966981060119,0.39385581557780114,20.0,0.0
86.55000000000001,4.933262245664449,-50.151805825687795,6.129556112130303,33.24966981048101,33.24966981060574,0.393855815585205,20.0,0.0
86.60000000000001,5.828116941488561,-50.055706536608554,7.152833375923186,33.24966981048993,33.24966981060999,0.3938558155926586,20.0,0.0
86.65,6.721112728449789,-49.94364171398567,8.1761106397164,33.249669810498496,33.249669810613945,0.393855815600169,20.0,0.0
86.7,7.611964780797432,-49.81564710148971,9.19938790350997,33.249669810506745,33.249669810617576,0.3938558156077221,20.0,0.0
86.75,8.500388956536337,-49.67176352368235,10.222665167303846,33.24966981051466,33.24966981062095,0.3938558156153178,20.0,0.0
86.80000000000001,9.386101888055494,-49.51203687299518,11.245942431098028,33.249669810522256,33.24966981062403,0.3938558156229348,20.0,0.0
86.85000000000001,10.268821072509638,-49.336518095092046,12.269219694892513,33.249669810529525,33.24966981062683,0.39385581563056604,20.0,0.0
86.9,11.14826496192504,-49.145263172619686,13.29249695868728,33.24966981053648,33.24966981062935,0.3938558156382186,20.0,0.0
86.95,12.024153053000722,-48.93833310735174,14.315774222482327,33.24966981054312,33.2496698106316,0.39385581564587824,20.0,0.0
87.0,12.89620597657648,-48.71579390073193,15.339051486277627,33.24966981054944,33.24966981063359,0.3938558156535308,20.0,0.0
87.05000000000001,13.76414558673916,-48.477716532822555,16.362328750073182,33.24966981055545,33.24966981063532,0.39385581566118333,20.0,0.0
87.10000000000001,14.62769504953877,-48.22417693966499,17.385606013868966,33.24966981056116,33.24966981063681,0.39385581566881456,20.0,0.0
87.15,15.486578931286152,-47.95525598905952,18.40888327766498,33.24966981056656,33.24966981063804,0.3938558156764316,20.0,0.0
87.2,16.340523286404007,-47.67103945477211,19.432160541461194,33.24966981057166,33.249669810639034,0.39385581568402017,20.0,0.0
87.25,17.189255744803297,-47.37161798917638,20.455437805257617,33.24966981057648,33.249669810639794,0.39385581569158035,20.0,0.0
87.30000000000001,18.03250559875714,-47.0570870943396,21.478715069054214,33.249669810581004,33.24966981064034,0.393855815699105,20.0,0.0
87.35000000000001,18.87000388924446,-46.72754709156177,22.50199233285099,33.24966981058524,33.249669810640675,0.3938558157065799,20.0,0.0
87.4,19.70148349173592,-46.3831030893776,23.52526959664792,33.249669810589204,33.24966981064078,0.3938558157140122,20.0,0.0
87.45,20.526679201394682,-46.0238649500316,24.548546860445025,33.249669810592884,33.2496698106407,0.3938558157213876,20.0,0.0
87.5,21.34532781766492,-45.64994725443694,25.57182412424226,33.2496698105963,33.249669810640405,0.3938558157287133,20.0,0.0
87.55000000000001,22.15716822822103,-45.26146926562922,26.595101388039623,33.24966981059945,33.24966981063991,0.39385581573596795,20.0,0.0
87.60000000000001,22.961941492250787,-44.85855489072695,27.618378651837112,33.249669810602335,33.24966981063922,0.39385581574316575,20.0,0.0
87.65,23.759390923045906,-44.44133264141067,28.641655915634725,33.24966981060497,33.24966981063834,0.3938558157502925,20.0,0.0
87.7,24.549262169873618,-44.009935592933466,29.66493317943242,33.24966981060736,33.24966981063732,0.3938558157573411,20.0,0.0
87.75,25.33130329910319,-43.56450134167596,30.68821044323021,33.2496698106095,33.249669810636114,0.3938558157643115,20.0,0.0
87.80000000000001,26.105264874561506,-43.10517196125915,31.71148770702811,33.249669810611394,33.249669810634735,0.39385581577120377,20.0,0.0
87.85000000000001,26.870900037092042,-42.63209395722933,32.734764970826056,33.249669810613064,33.2496698106332,0.39385581577800366,20.0,0.0
87.9,27.627964583291924,-42.14541822032932,33.75804223462408,33.2496698106145,33.249669810631495,0.3938558157847183,20.0,0.0
87.95,28.376217043401887,-41.64529997837109,34.78131949842215,33.249669810615714,33.24966981062966,0.39385581579134055,20.0,0.0
88.0,29.115418758324346,-41.13189874672503,35.80459676222028,33.249669810616716,33.24966981062769,0.39385581579787043,20.0,0.0
88.05000000000001,29.845333955744977,-40.60537827744164,36.827874026018456,33.2496698106175,33.24966981062556,0.39385581580430085,20.0,0.0
88.10000000000001,30.565729825333555,-40.065906507021985,37.851151289816656,33.24966981061807,33.2496698106233,0.3938558158106389,20.0,0.0
88.15,31.27637659300004,-39.51365550285343,38.874428553614884,33.24966981061845,33.249669810620915,0.39385581581687035,20.0,0.0
88.2,31.97704759418225,-38.94880140832784,39.897705817413105,33.24966981061863,33.249669810618435,0.3938558158229952,20.0,0.0
88.25,32.66751934614172,-38.37152438665971,40.92098308121136,33.24966981061861,33.24966981061583,0.3938558158290135,20.0,0.0
88.30000000000001,33.347571619244704,-37.782008563422146,41.94426034500961,33.24966981061842,33.24966981061308,0.39385581583492524,20.0,0.0
88.35000000000001,34.01698750720562,-37.18044196781905,42.96753760880784,33.24966981061804,33.24966981061029,0.39385581584071616,20.0,0.0
88.4,34.675553496270425,-36.56701647271219,43.990814872606066,33.24966981061748,33.249669810607365,0.3938558158464076,20.0,0.0
88.45,35.323059533317966,-35.941927733422325,45.014092136404265,33.24966981061676,33.24966981060436,0.39385581585197826,20.0,0.0
88.5,35.959299092857556,-35.30537512532393,46.037369400202444,33.24966981061587,33.24966981060126,0.3938558158574281,20.0,0.0
88.55000000000001,36.584069242901364,-34.65756168025333,47.060646664000565,33.24966981061483,33.24966981059809,0.3938558158627643,20.0,0.0
88.60000000000001,37.19717070969066,-33.998694021750644,48.083923927798665,33.24966981061363,33.24966981059483,0.3938558158679868,20.0,0.0
88.65,37.79840794125523,-33.32898229915608,49.107201191596715,33.24966981061229,33.2496698105915,0.3938558158730885,20.0,0.0
88.7,38.38758916978571,-32.64864012058172,50.130478455394716,33.249669810610804,33.24966981058812,0.3938558158780623,20.0,0.0
88.75,38.96452647279898,-31.95788448478004,51.15375571919266,33.249669810609184,33.24966981058467,0.3938558158829224,20.0,0.0
88.80000000000001,39.52903583307699,-31.256935711931042,52.17703298299055,33.24966981060743,33.24966981058114,0.3938558158876617,20.0,0.0
88.85000000000001,40.080937197360065,-30.54601737336994,53.20031024678835,33.24966981060555,33.24966981057759,0.39385581589227314,20.0,0.0
88.9,40.62005453377584,-29.825356220277893,54.22358751058609,33.24966981060356,33.249669810573955,0.3938558158967709,20.0,0.0
88.95,41.14621588798556,-29.095182111358525,55.24686477438374,33.249669810601446,33.249669810570325,0.3938558159011336,20.0,0.0
89.0,41.65925343802983,-28.355727939523263,56.270142038181326,33.24966981059923,33.249669810566616,0.39385581590537555,20.0,0.0
89.05000000000001,42.159003547856315,-27.6072295576089,57.293419301978815,33.2496698105969,33.24966981056288,0.3938558159095038,20.0,0.0
89.10000000000001,42.645306819512335,-26.84992570315109,58.3166965657762,33.24966981059447,33.24966981055915,0.39385581591349705,20.0,0.0
89.15,43.11800814398568,-26.08405792223774,59.33997382957349,33.249669810591946,33.249669810555346,0.3938558159173695,20.0,0.0
89.2,43.57695675067749,-25.309870492466594,60.36325109337067,33.24966981058933,33.249669810551566,0.3938558159211283,20.0,0.0
89.25,44.02200625549126,-24.527610345031604,61.38652835716775,33.24966981058663,33.24966981054774,0.39385581592475205,20.0,0.0
89.30000000000001,44.453014707522925,-23.737526985962912,62.40980562096473,33.24966981058385,33.249669810543914,0.39385581592826213,20.0,0.0
89.35000000000001,44.86984463433677,-22.93987241654557,63.43308288476161,33.249669810581004,33.249669810540084,0.3938558159316514,20.0,0.0
89.4,45.27236308581304,-22.1349010529424,64.45636014855839,33.249669810578084,33.24966981053621,0.3938558159349199,20.0,0.0
89.45,45.66044167655308,-21.322869645046605,65.47963741235506,33.24966981057509,33.24966981053234,0.3938558159380676,20.0,0.0
89.5,46.03395662682852,-20.50403719459002,66.50291467615163,33.24966981057204,33.24966981052846,0.39385581594109453,20.0,0.0
89.55000000000001,46.39278880206151,-19.67866487253314,67.52619193994805,33.24966981056893,33.2496698105246,0.39385581594400776,20.0,0.0
89.60000000000001,46.7368237508233,-18.84701593576326,68.54946920374437,33.24966981056576,33.249669810520736,0.3938558159468002,20.0,0.0
89.65,47.065951741339134,-18.00935564312727,69.57274646754054,33.249669810562544,33.24966981051689,0.39385581594947183,20.0,0.0
89.7,47.38006779648781,-17.16595117082597,70.5960237313366,33.249669810559276,33.249669810513055,0.3938558159520298,20.0,0.0
89.75,47.679071727284644,-16.317071527196767,71.6193009951325,33.24966981055598,33.24966981050925,0.39385581595448116,20.0,0.0
89.80000000000001,47.96286816483732,-15.46298746691206,72.64257825892832,33.24966981055264,33.249669810505445,0.39385581595681174,20.0,0.0
89.85000000000001,48.231366590764274,-14.603971404620587,73.66585552272397,33.249669810549264,33.24966981050168,0.39385581595903574,20.0,0.0
89.9,48.48448136606605,-13.740297328059336,74.68913278651954,33.24966981054587,33.24966981049792,0.39385581596113894,20.0,0.0
89.95,48.72213175844028,-12.872240710663688,75.71241005031493,33.24966981054245,33.24966981049417,0.3938558159631427,20.0,0.0
90.0,48.94424196803168,-12.000078423703707,76.73568731411024,33.249669810539,33.249669810490445,0.3938558159650398,20.0,0.0
90.05000000000001,49.150741151608855,-11.124088647974583,77.75896457790539,33.59966981053553,33.249669810486765,0.3938558159668233,20.0,0.0
90.10000000000001,49.34156344516008,-10.24455078506938,78.79592925463535,33.92466981053205,33.24101552360643,0.3938558159685073,20.0,0.0
90.15,49.51643708614869,-9.361703567433517,79.84570350868097,34.225837361465935,33.22418728791912,0.3936408229353745,20.0,0.0
90.2,49.675106738886896,-8.47580067134392,80.90743555168086,34.50429092764116,33.199644750781175,0.3930096991652263,20.0,0.0
90.25,49.81733367087925,-7.587109780304723,81.98029985181124,34.761101915008304,33.167828862027434,0.39177481389314295,20.0,0.0
90.30000000000001,49.94289589199909,-6.695911638123395,83.0634972871023,34.99729669693824,33.129163658136584,0.38976168572953185,20.0,0.0
90.35000000000001,50.05158825542327,-5.802499096162366,84.15625524264571,35.0,33.084057852388,0.38680861744857253,20.0,0.0
90.4,50.143222519679775,-4.907176159108831,85.24912293934378,35.0,33.03848181417305,0.3827663245543391,20.0,0.0
90.45,50.21776363595209,-4.01026834780107,86.34199063604183,35.0,32.9925177150365,0.37763429159538475,20.0,0.0
90.5,50.27518448530469,-3.11210196785823,87.43485833273989,35.0,32.946178585500626,0.3714140529106942,20.0,0.0
90.55000000000001,50.315464177356695,-2.2130037827815414,88.52772602943794,35.0,32.89947768704992,0.3641074687665835,20.0,0.0
90.60000000000001,50.338588057882006,-1.3133008950739098,89.62059372613601,35.0,32.8524285120029,0.3557167251360127,20.0,0.0
90.65,50.3445477141407,-0.41332062723617635,90.71346142283406,35.0,32.80504478323566,0.3462443334385057,20.0,0.0
90.7,50.333340977939685,0.4866095973166613,91.80632911953212,35.0,32.75734045375187,0.3356931302405215,20.0,0.0
90.75,50.304971926421494,1.3861623733759418,92.89919681623017,35.0,32.70932970609435,0.3240662769158362,20.0,0.0
90.80000000000001,50.259450880581,2.285010433053209,93.99206451292824,35.0,32.66102695159282,0.31136725926553765,20.0,0.0
90.85000000000001,50.19679440151051,3.182826764844121,95.08493220962629,35.0,32.612446829442824,0.29759988709724894,20.0,0.0
90.9,50.11702528437462,4.079284732599086,96.17779990632434,35.0,32.56360420561075,0.28276829376303425,20.0,0.0
90.95,50.0201725501171,4.974058194357337,97.2706676030224,35.0,32.51451417155976,0.26687693565556714,20.0,0.0
91.0,49.90627143490273,5.8668216210012165,98.36353529972045,35.0,32.46519204279131,0.24993059166186526,20.0,0.0
91.05000000000001,49.77536337729792,6.757250214687502,99.45640299641852,35.0,32.41565335719751,0.23193436257403022,20.0,0.0
91.10000000000001,49.62749600319494,7.645020027012685,100.54927069311657,35.0,32.365913873219,0.21289367045634577,20.0,0.0
91.15,49.46272310848502,8.52980807686921,101.64213838981463,35.0,32.315989567803136,0.19281425796805962,20.0,0.0
91.2,49.28110463948677,9.411292467949808,102.73500608651268,35.0,32.26589663415803,0.17170218764092482,20.0,0.0
91.25,49.082706671137025,10.289152505857157,103.82787378321075,35.0,32.215651479296724,0.1495638411109752,20.0,0.0
91.30000000000001,48.86760138295199,11.163068814776285,104.9207414799088,35.0,32.165270721367214,0.12640591830339787,20.0,0.0
91.35000000000001,48.63586703276748,12.032723453667241,106.01360917660685,35.0,32.11477118676308,0.10223543656981349,20.0,0.0
91.4,48.387587928267806,12.897800031935802,107.10647687330491,35.0,32.06416990701011,0.07705972977698394,20.0,0.0
91.45,48.122854396313656,13.75798382454008,108.19934457000296,35.0,32.01348411542434,0.05088644734587433,20.0,0.0
91.5,47.8417627500801,14.61296188649121,109.29221226670103,35.0,31.962731243536307,0.02372355324018116,20.0,0.0
91.55000000000001,47.544415254016734,15.462423166706408,110.38507996339908,35.0,31.91192891727811,-0.004420675096902471,20.0,0.0
91.60000000000001,47.23092008664266,16.30605862117303,111.47794766009714,35.0,31.861094952927626,-0.033537647858672415,20.0,0.0
91.65,46.90139130118989,17.143561325382407,112.5708153567952,35.0,31.81024735280674,-0.06361846404489313,20.0,0.0
91.7,46.55594878410941,17.97462658599261,113.66368305349326,35.0,31.759404300728495,-0.09465391268695811,20.0,0.0
91.75,46.1947182114551,18.798952051679457,114.75655075019131,35.0,31.708584157190064,-0.12663447412953843,20.0,0.0
91.80000000000001,45.81783100316128,19.6162378231355,115.84941844688936,35.0,31.657805454307066,-0.1595503213699061,20.0,0.0
91.85000000000001,45.42542427523064,20.426186562176905,116.94228614358742,35.0,31.607086890485864,-0.19339132145645266,20.0,0.0
91.9,45.01764078984976,21.228503599918607,118.03515384028547,35.0,31.5564473248305,-0.2281470369476608,20.0,0.0
91.95,44.59462890345059,22.0228970439783,119.12802153698354,35.0,31.50590577128066,-0.2638067274329998,20.0,0.0
92.0,44.156542512736635,22.809077884670327,120.22088923368159,35.0,31.455481392477893,-0.3003593511172866,20.0,0.0
92.05000000000001,43.70354099869349,23.5867601001508,121.31375693037965,35.0,31.405193493357284,-0.3377935664699976,20.0,0.0
92.10000000000001,43.23578916860419,24.35566076047573,122.4066246270777,35.0,31.355061514461756,-0.3760977339410658,20.0,0.0
92.15,42.75345719609037,25.11550013053425,123.49949232377577,35.0,31.305105024976946,-0.41525991774487636,20.0,0.0
92.2,42.25672055920111,25.866001771819562,124.59236002047382,35.0,31.255343715484386,-0.45526788771400817,20.0,0.0
92.25,41.74575997657193,26.6068926430005,125.68522771717187,35.0,31.20579739043132,-0.4961091212245279,20.0,0.0
92.30000000000001,41.220761341677246,27.33790319925719,126.77809541386993,35.0,31.156485960315685,-0.5377708051944978,20.0,0.0
92.35000000000001,40.68191565520012,28.058767490344632,127.87096311056798,35.0,31.10742943358502,-0.5802398381574747,20.0,0.0
92.4,40.12941895554399,28.76922325734852,128.96383080726605,35.0,31.058647908248453,-0.6235028324129033,20.0,0.0
92.45,39.56347224751156,29.469012028098135,130.0566985039641,35.0,31.01016156320144,-0.6675461162551741,20.0,0.0
92.5,38.9842814291769,30.157879211201546,131.14956620066215,35.0,30.961990649263015,-0.7123557362832642,20.0,0.0
92.55000000000001,38.39205721697731,30.835574188668968,132.24243389736023,35.0,30.914155479925526,-0.757917459792921,20.0,0.0
92.60000000000001,37.787015069052174,31.501850407090537,133.33530159405828,35.0,30.866676421818163,-0.8042167772532949,20.0,0.0
92.65,37.1693751068568,32.15646546733533,134.42816929075633,35.0,30.819573884884477,-0.8512389048700939,20.0,0.0
92.7,36.53936203507959,32.79918121273904,135.52103698745438,35.0,30.772868312276138,-0.8989687872371732,20.0,0.0
92.75,35.89720505989187,33.42976381574816,136.61390468415243,35.0,30.72658016996426,-0.9473911000787751,20.0,0.0
92.80000000000001,35.243137805559954,34.0479838629892,137.7067723808505,35.0,30.680729936070893,-0.9964902530842963,20.0,0.0
92.85000000000001,34.577398229449926,34.65361643873199,138.79964007754856,35.0,30.6353380899237,-1.046250392837905,20.0,0.0
92.9,33.90022853545591,35.24644120671663,139.8925077742466,35.0,30.59042510083653,-1.0966554058449773,20.0,0.0
92.95,33.21187508588346,35.82624249031448,140.98537547094466,35.0,30.546011416620562,-1.14768892165754,20.0,0.0
93.0,32.51258831182006,36.39280935099378,142.07824316764274,35.0,30.502117451829513,-1.1993343161009875,20.0,0.0
93.05000000000001,31.802622622025332,36.94593566506164,143.1711108643408,35.0,30.458763575744392,-1.251574714604054,20.0,0.0
93.10000000000001,31.082236310374142,37.48542019865421,144.26397856103884,35.0,30.41597010010286,-1.3043929956344655,20.0,0.0
93.15,30.351691461886247,38.01106668094796,145.3568462577369,35.0,30.373757266579382,-1.3577717942422893,20.0,0.0
93.2,29.61125385737668,38.52268387556532,146.44971395443494,35.0,30.332145234022565,-1.4116935057132736,20.0,0.0
93.25,28.86119287676157,39.0200856501487,147.54258165113302,35.0,30.291154065456954,-1.466140289334362,20.0,0.0
93.30000000000001,28.101781401054534,39.50309104407765,148.63544934783107,35.0,30.250803714856918,-1.521094072273634,20.0,0.0
93.35000000000001,27.333295713089377,39.97152433430446,149.72831704452912,35.0,30.21111401370101,-1.5765365535768012,20.0,0.0
93.4,26.556015397005133,40.42521509928428,150.82118474122717,35.0,30.172104657315852,-1.6324492082824662,20.0,0.0
93.45,25.77022323653006,40.86399828097647,151.91405243792525,35.0,30.133795191019022,-1.6888132916584055,20.0,0.0
93.5,24.97620511210161,41.28771424489466,153.0069201346233,35.0,30.096204996071364,-1.745609843560885,20.0,0.0
93.55000000000001,24.174249896859735,41.69620883818367,154.09978783132135,34.99972892829081,30.059353275449432,-1.802819692919286,20.0,0.0
93.60000000000001,23.36464935155146,42.08933344570213,155.19264452347943,34.99684495308785,30.023267180020127,-1.8604234623480096,20.0,0.0
93.65,22.547698090911034,42.46694520099852,156.2853841410936,34.99158939786873,29.98804416568027,-1.9184014002915575,20.0,0.0
93.7,21.723694065048765,42.828908410956075,157.37791043144423,34.98419330985527,29.95377515194273,-1.976731894779391,20.0,0.0
93.75,20.892938275004713,43.17509451308654,158.4701365549612,34.97487772714723,29.92054464857562,-2.0353916311504463,20.0,0.0
93.80000000000001,20.055734501045144,43.505382025517534,159.5619846869926,34.96385393582069,29.88843088509445,-2.0943557442065455,20.0,0.0
93.85000000000001,19.21238904356966,43.819656490524586,160.65338562588957,34.95132371791167,29.857505943399637,-2.1535979648516417,20.0,0.0
93.9,18.363210476451414,44.11781041242902,161.7442784077713,34.93747959116081,29.82783589376682,-2.2130907612818547,20.0,0.0
93.95,17.50850941259091,44.399743190650575,162.8346099282949,34.92250504134695,29.799480934317092,-2.272805474797636,20.0,0.0
94.0,16.6485982814259,44.66536104866941,163.9243345717134,34.906574747987676,29.772495534023165,-2.332712450315654,20.0,0.0
94.05000000000001,15.78379111810525,44.9145769596167,165.01341384747076,34.88985480413307,29.74692857924244,-2.3927811616629953,20.0,0.0
94.10000000000001,14.914403364003869,45.14731056917612,166.10181603454836,34.87250293092659,29.72282352370833,-2.452980331740541,20.0,0.0
94.15,14.0407516782282,45.3634881164407,167.18951583374655,34.85466868755386,29.700218541860714,-2.5132780476465797,20.0,0.0
94.2,13.163153759737666,45.56304235333153,168.2764940280561,34.8364936771472,29.67914668534907,-2.5736418708543596,20.0,0.0
94.25,12.281928179686503,45.74591246314583,169.3627371512486,34.81811174916162,29.65963604250235,-2.634038942540414,20.0,0.0
94.30000000000001,11.397394223572519,45.91204397876326,170.44823716478942,34.79964919868596,29.641709900524553,-2.6944360841621986,20.0,0.0
94.35000000000001,10.5098717427644,46.06138870100077,171.5329911431554,34.78122496310301,29.625386910145444,-2.754799893385581,20.0,0.0
94.4,9.619681014967009,46.19390461756762,172.61700096761746,34.76295081646318,29.61068125243138,-2.8150968354638692,20.0,0.0
94.45,8.727142613174644,46.30955582303445,173.70027302853026,34.74493156188948,29.597602807441362,-2.8752933301709263,20.0,0.0
94.5,7.832577282655171,46.40831244019293,174.7828179361527,34.72726522228604,29.586157324396776,-2.9353558343916575,20.0,0.0
94.55000000000001,6.93630582550333,46.49015054314574,175.86465024000657,34.71004322957967,29.576346593023214,-2.9952509204733104,20.0,0.0
94.60000000000001,6.038648992299016,46.55505208243105,176.94578815676624,34.69335061268277,29.568168615712736,-3.0549453504412085,20.0,0.0
94.65,5.139927380405956,46.60300481245073,178.0262533066584,34.67726618432777,29.56161778015194,-3.1144061461822545,20.0,0.0
94.7,4.240461338447682,46.634002221437875,179.10607045833675,34.66186272688664,29.556685032058894,-3.1736006556991185,20.0,0.0
94.75,3.340570876500986,46.64804346416643,-179.8147327178124,34.647207177256085,29.553358047673235,-3.2324966155377624,20.0,0.0
94.80000000000001,2.440575581551948,46.645133297574375,-178.73612588799233,34.63336081085731,29.551621405648675,-3.29106220948983,20.0,0.0
94.85000000000001,1.5407945377660188,46.62528201944162,-177.65807628501057,34.62037942477098,29.55145675800181,-3.349266123670944,20.0,0.0
94.9,0.6415462511314294,46.588505410234745,-176.58054893006283,34.60831352000175,29.55284299978091,-3.407077598074906,20.0,0.0
94.95,-0.256851421955798,46.53482467820308,-175.50350684637004,34.59720848284312,29.555756437128156,-3.464466474702803,20.0,0.0
95.0,-1.1540813425867955,46.46426640778427,-174.42691126476026,34.587104765292054,29.56017095342008,-3.521403242364805,20.0,0.0
95.05000000000001,-2.049827154125157,46.37686251135235,-173.3507218212942,34.57803806444406,29.566058173184935,-3.577859078251592,20.0,0.0
95.10000000000001,-2.943773344280933,46.27265018431771,-172.27489674704046,34.57003950078269,29.573387623510005,-3.6338058863708653,20.0,0.0
95.15,-3.835605304858755,46.15167186356594,-171.19939305011084,34.563135795263214,29.58212689266706,-3.6892163329433103,20.0,0.0
95.2,-4.7250093895519605,46.013975189201446,-170.12416669007345,34.55734944507777,29.592241785700825,-3.744063878851179,20.0,0.0
95.25,-5.611672970140362,45.85961296954211,-169.04917274486476,34.55269889797942,29.603696476742297,-3.798322809231273,20.0,0.0
95.30000000000001,-6.49528449143458,45.688643149292695,-167.97436557032702,34.54919872503391,29.61645365782638,-3.8519682603030105,20.0,0.0
95.35000000000001,-7.375533525294677,45.50112878080759,-166.8996989525015,34.546859791661944,29.630474684010725,-3.9049762435207924,20.0,0.0
95.4,-8.252110824035263,45.29713799833775,-165.82512625281132,34.54568942682972,29.645719714611797,-3.95732366713883,20.0,0.0
95.45,-9.12470837351339,45.07674399514173,-164.75060054627144,34.545691590242726,29.662147850391595,-4.008988355275207,20.0,0.0
95.5,-9.993019446179439,44.840025003327526,-163.6760747528662,34.54686703739622,29.679717266547115,-4.059949064560691,20.0,0.0
95.55000000000001,-10.856738654354968,44.58706427627956,-162.6015017622371,34.54921348233557,29.69838534137316,-4.110185498456737,20.0,0.0
95.60000000000001,-11.71556200398508,44.31795007351405,-161.52683455182628,34.55272575798111,29.718108780486258,-4.15967831932565,20.0,0.0
95.65,-12.569186949096407,44.03277564779589,-160.4520262986237,34.557395973874335,29.73884373651641,-4.208409158334959,20.0,0.0
95.7,-13.417312447175437,43.73163923434146,-159.377030484666,34.56321367120591,29.760545924189135,-4.256360623276571,20.0,0.0
95.75,-14.25963901566537,43.414644041923694,-158.3018009964391,34.57016597499043,29.78317073073917,-4.303516304380416,20.0,0.0
95.80000000000001,-15.095868789763458,43.081898245689,-157.22629221833546,34.57823774325819,29.806673321611324,-4.349860778200743,20.0,0.0
95.85000000000001,-15.925705581684515,42.733514981489684,-156.15045912031962,34.58741171314056,29.831008741422128,-4.39537960965248,20.0,0.0
95.9,-16.748854941540223,42.369612341530676,-155.07425733995584,34.5976686437321,29.85613201016911,-4.440059352273678,20.0,0.0
95.95,-17.56502421996802,41.99031337112521,-153.99764325895165,34.60898745562046,29.88199821469065,-4.4838875467888855,20.0,0.0
96.0,-18.373922632627664,41.5957460663511,-152.92057407437312,34.62134536698261,29.90856259539254,-4.5268527180474365,20.0,0.0
96.05000000000001,-19.17526132666822,41.18604337239684,-151.84300786468577,34.63471802615475,29.935780628270177,-4.568944370409227,20.0,0.0
96.10000000000001,-19.96875344925308,40.76134318238537,-150.76490365077677,34.649079640591566,29.963608102268914,-4.61015298164962,20.0,0.0
96.15,-20.75411421821578,40.321788336462454,-149.68622145211287,34.66440310213995,29.992001192035485,-4.650469995453911,20.0,0.0
96.2,-21.531060994905005,39.8675266209369,-148.6069223381886,34.68066010856106,30.020916526125134,-4.689887812570667,20.0,0.0
96.25,-22.299313359262865,39.39871076726026,-147.52696847541836,34.69782128124421,30.050311250738705,-4.7283997806922144,20.0,0.0
96.30000000000001,-23.058593187166913,38.91549845063536,-146.44632316962532,34.71585627906524,30.080143089073555,-4.766000183129243,20.0,0.0
96.35000000000001,-23.808624730052905,38.41805228804481,-145.36495090427997,34.73473390835155,30.110370396380382,-4.802684226345562,20.0,0.0
96.4,-24.54913469682233,37.90653983549341,-144.28281737463874,34.75442222892504,30.140952210826025,-4.8384480264177085,20.0,0.0
96.45,-25.27985233802617,37.381133584261576,-143.19988951793297,34.77488865620368,30.171848300268902,-4.8732885944830215,20.0,0.0
96.5,-26.000509532304235,36.84201095597069,-142.1161355397568,34.7961000593512,30.20301920506047,-4.907203821238717,20.0,0.0
96.55000000000001,-26.7108408750476,36.289354296265586,-141.03152493680128,34.81802285547328,30.23442627699065,-4.940192460553014,20.0,0.0
96.60000000000001,-27.410583769240613,35.723350866924044,-139.9460285160797,34.84062309986738,30.266031714500794,-4.972254112248528,20.0,0.0
96.65,-28.09947851842792,35.144192836208624,-138.85961841078876,34.863866572341195,30.297798594290924,-5.003389204116608,20.0,0.0
96.7,-28.777268421741812,34.552077267281625,-137.77226809294658,34.88771885962331,30.329690899451855,-5.033598973220258,20.0,0.0
96.75,-29.443699870915232,33.947206104510066,-136.68395238294855,34.912145433896775,30.361673544255005,-5.062885446541863,20.0,0.0
96.80000000000001,-30.09852244919643,33.32978615749413,-135.59464745617765,34.93711172749379,30.39371239573471,-5.0912514210307975,20.0,0.0
96.85000000000001,-30.741489032072415,32.70002908265909,-134.50433084680623,34.96258320379671,30.42577429219964,-5.118700443104601,20.0,0.0
96.9,-31.37235588969986,32.05815136225802,-133.41298144892156,34.98852542439692,30.457827058810146,-5.145236787656188,20.0,0.0
96.95,-31.990882790934343,31.40437428063978,-132.3205795151069,35.0,30.48983952035871,-5.170865436618023,20.0,0.0
97.0,-32.596833108841224,30.738923897644515,-131.2277118184089,35.0,30.52220349390122,-5.195592057133169,20.0,0.0
97.05000000000001,-33.18998107696617,30.06203728386843,-130.13484412171087,35.0,30.555226312161544,-5.219413474742559,20.0,0.0
97.10000000000001,-33.770110901096494,29.373960698629173,-129.04197642501282,35.0,30.58889142305099,-5.242319570860609,20.0,0.0
97.15,-34.337011523173544,28.674944472287713,-127.9491087283148,35.0,30.623181977662973,-5.264300599729793,20.0,0.0
97.2,-34.89047669807809,27.96524291517523,-126.85624103161676,35.0,30.658080844850407,-5.28534719441636,20.0,0.0
97.25,-35.43030506866473,27.245114225072015,-125.76337333491874,35.0,30.693570626026993,-5.305450372602799,20.0,0.0
97.30000000000001,-35.95630023901799,26.514820393272075,-124.6705056382207,35.0,30.729633670167356,-5.324601542169965,20.0,0.0
97.35000000000001,-36.468270845903476,25.774627109267612,-123.57763794152267,35.0,30.76625208898023,-5.342792506562098,20.0,0.0
97.4,-36.966030628388054,25.02480366408808,-122.48477024482465,35.0,30.803407772228955,-5.360015469927859,20.0,0.0
97.45,-37.44939849560379,24.26562285232891,-121.39190254812661,35.0,30.841082403173054,-5.376263042031113,20.0,0.0
97.5,-37.91819859263092,23.497360872905645,-120.29903485142859,35.0,30.879257474104488,-5.391528242925034,20.0,0.0
97.55000000000001,-38.37226036447596,22.72029722856952,-119.20616715473055,35.0,30.91791430195206,-5.405804507383735,20.0,0.0
97.60000000000001,-38.811418618121614,21.934714624221066,-118.11329945803251,35.0,30.957034043927713,-5.419085689085577,20.0,0.0
97.65,-39.23551358262592,21.140898864058737,-117.02043176133449,35.0,30.996597713188088,-5.431366064542843,20.0,0.0
97.7,-39.64439096724882,20.339138747599996,-115.92756406463646,35.0,31.036586194485082,-5.442640336772612,20.0,0.0
97.75,-40.03790201758494,19.529725964612627,-114.83469636793842,35.0,31.07698025977933,-5.452903638703937,20.0,0.0
97.80000000000001,-40.41590356968221,18.71295498899458,-113.7418286712404,35.0,31.117760583791,-5.462151536317023,20.0,0.0
97.85000000000001,-40.77825810212656,17.889122971640894,-112.64896097454236,35.0,31.158907759462082,-5.4703800315100395,20.0,0.0
97.9,-41.12483378607385,17.058529632336715,-111.55609327784433,35.0,31.200402313305595,-5.477585564689882,20.0,0.0
97.95,-41.455504533210764,16.221477150715693,-110.4632255811463,35.0,31.242224720616957,-5.483765017083378,20.0,0.0
98.0,-41.77015004162721,15.378270056323482,-109.37035788444827,35.0,31.2843554205238,-5.488915712765824,20.0,0.0
98.05000000000001,-42.06865583958357,14.52921511782631,-108.27749018775023,35.0,31.326774830850788,-5.4930354204041265,20.0,0.0
98.10000000000001,-42.350913327156874,13.674621231404926,-107.18462249105221,35.0,31.369463362777168,-5.496122354712234,20.0,0.0
98.15,-42.61681981575072,12.814799308374528,-106.09175479435417,35.0,31.412401435264965,-5.498175177616822,20.0,0.0
98.2,-42.866278565454614,11.950062162071578,-104.99888709765614,35.0,31.455569489237227,-5.499192999131708,20.0,0.0
98.25,-43.09919882023906,11.080724394048614,-103.90601940095812,35.0,31.498948001486013,-5.4991753779397925,20.0,0.0
98.30000000000001,-43.31549584097369,10.20710227961851,-102.81315170426008,35.0,31.54251749829113,-5.498122321681727,20.0,0.0
98.35000000000001,-43.51509093625635,9.329513652789798,-101.72028400756204,35.0,31.586258568731548,-5.496034286950888,20.0,0.0
98.4,-43.69791149104198,8.448277790634906,-100.62741631086402,35.0,31.630151877672102,-5.49291217899475,20.0,0.0
98.45,-43.86389099306078,7.563715297133406,-99.53454861416598,35.0,31.674178178409864,-5.488757351122985,20.0,0.0
98.5,-44.01296905701619,6.676147986532511,-98.44168091746795,35.0,31.718318324964894,-5.48357160382308,20.0,0.0
98.55000000000001,-44.14509144655377,5.785898766267264,-97.34881322076993,35.0,31.762553284001584,-5.4773571835848,20.0,0.0
98.60000000000001,-44.26021009399301,4.893291519483013,-96.25594552407189,35.0,31.80686414636801,-5.4701167814349105,20.0,0.0
98.65,-44.35828311781491,3.998650987202909,-95.16307782737385,35.0,31.851232138241617,-5.461853531184275,20.0,0.0
98.7,-44.43927483789902,3.1023026501833,-94.07021013067583,35.0,31.895638631871122,-5.452571007389672,20.0,0.0
98.75,-44.503155788504216,2.2045726105000014,-92.9773424339778,35.0,31.94006515590502,-5.442273223032984,20.0,0.0
98.80000000000001,-44.549902728988734,1.3057874729085206,-91.88447473727976,35.0,31.984493405299173,-5.430964626921053,20.0,0.0
98.85000000000001,-44.57949865226537,0.4062742260214036,-90.79160704058174,35.0,32.02890525079635,-5.41865010080943,20.0,0.0
98.9,-44.59193279098888,-0.49363987665407105,-89.6987393438837,35.0,32.07328274797234,-5.4053349562541015,20.0,0.0
98.95,-44.58720062147322,-1.3936274357745708,-88.60587164718567,35.0,32.117608145843995,-5.391024931195226,20.0,0.0
99.0,-44.56530386533737,-2.2933610252724437,-87.51300395048764,35.0,32.161863895035964,-5.375726186277355,20.0,0.0
99.05000000000001,-44.52625048887895,-3.1925133114771764,-86.42013625378961,35.0,32.20603265550406,-5.359445300911055,20.0,0.0
99.10000000000001,-44.470054700176014,-4.090757172203235,-85.32726855709157,35.0,32.25009730381432,-5.342189269081061,20.0,0.0
99.15,-44.396736943917965,-4.987765815760969,-84.23440086039355,35.0,32.29404093997739,-5.32396549490629,20.0,0.0
99.2,-44.306323893967544,-5.883212899847272,-83.14153316369551,35.0,32.33784689384006,-5.30478178795758,20.0,0.0
99.25,-44.198848443656566,-6.776772650272755,-82.04866546699749,35.0,32.3814987310356,-5.284646358338982,20.0,0.0
99.30000000000001,-44.07434969381893,-7.668119979482231,-80.95579777029945,35.0,32.42498025849614,-5.263567811538977,20.0,0.0
99.35000000000001,-43.93287293856529,-8.556930604825393,-79.86293007360142,35.0,32.46827552953174,-5.24155514305798,20.0,0.0
99.4,-43.774469648804505,-9.442881166534658,-78.7700623769034,35.0,32.51136884848043,-5.218617732818899,20.0,0.0
99.45,-43.599197453517945,-10.32564934536726,-77.67719468020536,35.0,32.55424477493583,-5.194765339367663,20.0,0.0
99.5,-43.40712011879336,-11.204913979868785,-76.58432698350732,35.0,32.59688812755891,-5.170008093870749,20.0,0.0
99.55000000000001,-43.19830752462604,-12.080355183215483,-75.4914592868093,35.0,32.63928398748143,-5.144356493917023,20.0,0.0
99.60000000000001,-42.972835639495656,-12.951654459592865,-74.39859159011127,35.0,32.68141770130944,-5.117821397131358,20.0,0.0
99.65,-42.730786492728015,-13.818494820068228,-73.30572389341323,35.0,32.7232748837359,-5.090414014607532,20.0,0.0
99.7,-42.47224814465184,-14.680560897914958,-72.21285619671521,35.0,32.764841419772154,-5.062145904168148,20.0,0.0
99.75,-42.197314654561396,-15.53753906334666,-71.11998850001717,35.0,32.80610346660815,-5.033028963459351,20.0,0.0
99.80000000000001,-41.906086046496576,-16.389117537619367,-70.02712080331914,35.0,32.84704745511295,-5.003075422888315,20.0,0.0
99.85000000000001,-41.59866827285301,-17.234986506460306,-68.93425310662111,35.0,32.88766009098605,-4.972297838411336,20.0,0.0
99.9,-41.275173175835334,-18.074838232781996,-67.84138540992308,35.0,32.92792835557175,-4.94070908418071,20.0,0.0
99.95,-40.93571844676766,-18.90836716864061,-66.74851771322504,35.0,32.967839506348675,-4.908322345058394,20.0,0.0
100.0,-40.580427583276105,-19.735270066397913,-65.65565001652702,35.0,33.007381077106665,-4.8751511090044986,20.0,0.0
100.05000000000001,-40.20942984435889,-20.555246089046328,-64.56278231982898,35.0,33.046540877824256,-4.8412091593488995,20.0,0.0
100.10000000000001,-39.8228602033604,-21.367996919656978,-63.469914623130954,35.0,33.085306994259255,-4.806510566953833,20.0,0.0
100.15,-39.4208592988663,-22.173226869910895,-62.37704692643292,35.0,33.12366778726615,-4.771069682275794,20.0,0.0
100.2,-39.00357338353754,-22.970642987673916,-61.28417922973489,35.0,33.16161189185344,-4.734901127334638,20.0,0.0
100.25,-38.57115427090196,-23.759955163576105,-60.19131153303686,35.0,33.19912821599435,-4.698019787597971,20.0,0.0
100.30000000000001,-38.12375928012266,-24.540876236556976,-59.098443836338824,35.0,33.23620593920467,-4.660440803788731,20.0,0.0
100.35000000000001,-37.66155117876354,-25.313122098338052,-58.005576139640795,35.0,33.27283451090113,-4.622179563623867,20.0,0.0
100.4,-37.18469812357246,-26.076411796784804,-56.912708442942765,35.0,33.30900364855397,-4.583251693491853,20.0,0.0
100.45,-36.693373599303875,-26.830467638120346,-55.819840746244736,35.0,33.34470333564709,-4.543673050076805,20.0,0.0
100.5,-36.18775635560304,-27.5750152879537,-54.7269730495467,35.0,33.37992381945938,-4.503459711936678,20.0,0.0
100.55000000000001,-35.66803034197478,-28.30978387108588,-53.63410535284867,35.0,33.414655608680256,-4.462627971043084,20.0,0.0
100.60000000000001,-35.13438464086047,-29.03450607005747,-52.54123765615064,35.0,33.448889470872736,-4.421194324289978,20.0,0.0
100.65,-34.58701339884766,-29.74891822240187,-51.448369959452606,35.0,33.48261642979686,-4.379175464978481,20.0,0.0
100.7,-34.026115756037235,-30.452760416568793,-50.35550226275458,35.0,33.515827762606385,-4.3365882742848,20.0,0.0
100.75,-33.451895773593904,-31.145776586483162,-49.26263456605655,35.0,33.54851499693074,-4.293449812718173,20.0,0.0
100.80000000000001,-32.86456235950636,-31.827714604704955,-48.16976686935851,35.0,33.58066990785527,-4.249777311575507,20.0,0.0
100.85000000000001,-32.26432919258407,-32.498326374156136,-47.07689917266048,35.0,33.61228451481071,-4.205588164399302,20.0,0.0
100.9,-31.65141464471844,-33.15736791838128,-45.98403147596245,35.0,33.64335107838433,-4.160899918445203,20.0,0.0
100.95,-31.02604170143652,-33.804599470309114,-44.89116377926442,35.0,33.67386209706359,-4.115730266165279,20.0,0.0
101.0,-30.388437880776262,-34.43978555948255,-43.79829608256639,35.0,33.70381030392347,-4.070097036713214,20.0,0.0
101.05000000000001,-29.738835150512788,-35.06269509772566,-42.70542838586836,35.0,33.733188663267725,-4.024018187476955,20.0,0.0
101.10000000000001,-29.077469843765755,-35.67310146321623,-41.61256068917032,35.0,33.76199036723497,-3.9775117956446593,20.0,0.0
101.15,-28.40458257301861,-36.27078258293347,-40.519692992472294,35.0,33.79020883237856,-3.9305960498091252,20.0,0.0
101.2,-27.72041814258093,-36.85552101345081,-39.426825295774265,35.0,33.81783769623057,-3.883289241616069,20.0,0.0
101.25,-27.025225459525718,-37.42710402004434,-38.333957599076236,35.0,33.844870813858286,-3.8356097574611496,20.0,0.0
101.30000000000001,-26.3192574431341,-37.98532365408822,-37.2410899023782,35.0,33.87130225442241,-3.7875760702405543,20.0,0.0
101.35000000000001,-25.6027709328803,-38.529976828708854,-36.14822220568017,35.0,33.89712629774493,-3.7392067311596833,20.0,0.0
101.4,-24.876026594990428,-39.060865392670266,-35.05535450898214,35.0,33.92233743089463,-3.690520361604399,20.0,0.0
101.45,-24.139288827609025,-39.577796202463865,-33.962486812284105,35.0,33.946930344797686,-3.641535645078868,20.0,0.0
101.5,-23.39282566460792,-40.08058119257632,-32.869619115586076,35.0,33.97089993088066,-3.5922713192140634,20.0,0.0
101.55000000000001,-22.63690867807233,-40.569037443910005,-31.776751418888043,35.0,33.99424127775221,-3.5427461678506162,20.0,0.0
101.60000000000001,-21.87181287949977,-41.04298725033113,-30.683883722190014,35.0,34.01694966792999,-3.492979013199566,20.0,0.0
101.65,-21.09781661974761,-41.50225818332131,-29.59101602549198,35.0,34.03902057461884,-3.4429887080843713,20.0,0.0
101.7,-20.315201487765766,-41.9466831547091,-28.49814832879395,35.0,34.06044965854521,-3.3927941282672833,20.0,0.0
101.75,-19.524252208151314,-42.376100477458635,-27.40528063209592,35.0,34.0812327648538,-3.342414164863058,20.0,0.0
101.80000000000001,-18.72525653756235,-42.79035392449328,-26.312412935397887,35.0,34.1013659200703,-3.2918677168427237,20.0,0.0
101.85000000000001,-17.918505160028708,-43.189292785532885,-25.219545238699855,35.0,34.120845329135165,-3.241173683629974,20.0,0.0
101.9,-17.104291581197714,-43.57277192192394,-24.126677542001826,35.0,34.139667372512434,-3.190350957792539,20.0,0.0
101.95,-16.282912021553354,-43.94065181944273,-23.033809845303793,35.0,34.15782860337711,-3.1394184178307256,20.0,0.0
102.0,-15.454665308647785,-44.29279863905228,-21.940942148605764,35.0,34.17532574488458,-3.088394921065081,20.0,0.0
102.05000000000001,-14.619852768384353,-44.62908426559453,-20.84807445190773,34.94109469606319,34.19215568752503,-3.037299296625065,20.0,0.0
102.10000000000001,-13.778778115391683,-44.949386354400175,-19.757596387971113,34.88759905259617,34.209669578278145,-2.9861503385403125,20.0,0.0
102.15,-12.931760030606824,-45.25362370261271,-18.669285528416218,34.83917551871632,34.227745534369,-2.9349293455659335,20.0,0.0
102.2,-12.07911621961476,-45.541718359933746,-17.58293396109281,34.79550194840579,34.246269025325816,-2.8836211087642383,20.0,0.0
102.25,-11.221163599540645,-45.81359572513351,-16.498347518949423,34.756271025328644,34.2651325589099,-2.8322136856770896,20.0,0.0
102.30000000000001,-10.358218466300166,-46.069184647069825,-15.415345052935166,34.72118970629874,34.284235374276015,-2.7806981855786432,20.0,0.0
102.35000000000001,-9.490596643128764,-46.30841752933465,-14.333757745620838,34.689978682582826,34.303483142936635,-2.729068565197963,20.0,0.0
102.4,-8.618613611264042,-46.53123043771297,-13.253428462554181,34.66237185832239,34.32278767799354,-2.6773214343501905,20.0,0.0
102.45,-7.742584623613411,-46.7375632096999,-12.174211138655076,34.63811584544175,34.34206665200169,-2.625455870958419,20.0,0.0
102.5,-6.862824802200986,-46.92735956537719,-11.09597019721275,34.61696947448175,34.3612433237422,-2.573473244987646,20.0,0.0
102.55000000000001,-5.979649220153025,-47.100567219002095,-10.01857999927455,34.598703320857496,34.380246274101964,-2.5213770508472777,20.0,0.0
102.60000000000001,-5.093372968949632,-47.25713799070889,-8.941924321417776,34.58309924608924,34.399009151187904,-2.469172747849967,20.0,0.0
102.65,-4.204311211641659,-47.39702791776749,-7.865895860075466,34.56994995359629,34.4174704247409,-2.416867608342905,20.0,0.0
102.7,-3.312779222705281,-47.52019736488464,-6.790395760746233,34.55905855867805,34.43557314985944,-2.364470573153312,20.0,0.0
102.75,-2.419092415182488,-47.62661113307146,-5.7153331705607755,34.55023817233386,34.45326473999427,-2.3119921140125683,20.0,0.0
102.80000000000001,-1.5235663557333505,-47.71623856663675,-4.640624812805065,34.54331149859532,34.47049674913309,-2.2594441026446077,20.0,0.0
102.85000000000001,-0.6265167682051888,-47.78905365789917,-3.5661945821132046,34.53811044506231,34.48722466305669,-2.2068396862228,20.0,0.0
102.9,0.2717404736954455,-47.845035149242875,-2.4919731591453513,34.534475746347624,34.50340769951605,-2.1541931689167697,20.0,0.0
102.95,1.1708893640600275,-47.88416663217083,-1.417897643657495,34.53225660014537,34.51900861715262,-2.101519899266414,20.0,0.0
103.0,2.0706137922134307,-47.90643664303817,-0.34391120495160865,34.53131031564588,34.53399353296042,-2.0488361631343253,20.0,0.0
103.05000000000001,2.970597579392104,-47.91183875517443,0.7300372512304104,34.53150197402549,34.54833174806916,-1.99615908200132,20.0,0.0
103.10000000000001,3.8705245241447046,-47.90037166712867,1.803993400239477,34.53270410074289,34.5619955816115,-1.9435065163814897,20.0,0.0
103.15,4.7700784559490454,-47.87203928679536,2.8779978012882523,34.534796349376364,34.57496021242454,-1.890896974144404,20.0,0.0
103.2,5.668943296552748,-47.826850811201695,3.952086186210854,34.53766519673695,34.58720352832615,-1.838349523542341,20.0,0.0
103.25,6.566803128557984,-47.76482080175844,5.0262897349186595,34.541203648993324,34.59870598269774,-1.7858837107498715,20.0,0.0
103.30000000000001,7.4633422707831585,-47.6859692547974,6.1006353382112986,34.54531095854364,34.6094504581018,-1.7335194817320314,20.0,0.0
103.35000000000001,8.358245359946482,-47.59032166723796,7.175145848561404,34.54989235136922,34.6194221366575,-1.6812771082653128,20.0,0.0
103.4,9.25119743822806,-47.477909097244165,8.249840319453156,34.5548587646041,34.628608376897105,-1.6291771179437404,20.0,0.0
103.45,10.141884046278557,-47.3487682197518,9.324734233820255,34.5601265940536,34.63699859682665,-1.5772402280091313,20.0,0.0
103.5,11.02999132125364,-47.20294137676213,10.399839722097017,34.56561745139453,34.644584162914356,-1.5254872828516923,20.0,0.0
103.55000000000001,11.915206099464339,-47.040476622315566,11.475165770366923,34.57125793078881,34.65135828473512,-1.4739391950332603,20.0,0.0
103.60000000000001,12.797216023244241,-46.86142776207409,12.550718419065683,34.576979384642115,34.657315915001845,-1.4226168896916818,20.0,0.0
103.65,13.675709651645048,-46.66585438745683,13.626500952670902,34.582717708239244,34.662453654720366,-1.371541252190383,20.0,0.0
103.7,14.550376574582522,-46.453821904287175,14.702514080787253,34.588413132987895,34.66676966320944,-1.3207330788826397,20.0,0.0
103.75,15.420907530065271,-46.22540155592414,15.778756111013905,34.594010028003716,34.67026357273488,-1.2702130308652215,20.0,0.0
103.80000000000001,16.286994524149183,-45.98067044086376,16.8552231139616,34.59945670977023,34.672936407512985,-1.220001590600809,20.0,0.0
103.85000000000001,17.148330953270545,-45.71971152480903,17.931909080766925,34.604705259609,34.67479050684606,-1.1701190212934023,20.0,0.0
103.9,18.004611728621214,-45.442613647219076,19.00880607343468,34.60971134869736,34.675829452161246,-1.120585328905321,20.0,0.0
103.95,18.855533402239345,-45.14947152235996,20.085904368321856,34.61443407037335,34.67605799773122,-1.0714202267084332,20.0,0.0
104.0,19.700794294499424,-44.84038573489037,21.163192593061705,34.618835779470345,34.67548200486415,-1.022643102266727,20.0,0.0
104.05000000000001,20.540094622695523,-44.515462730026265,22.24065785721159,34.62288193842704,34.67410837935913,-0.974272986750691,20.0,0.0
104.10000000000001,21.373136630421875,-44.17481479833836,23.31828587689446,34.62654096992219,34.671945012030925,-0.9263285264881063,20.0,0.0
104.15,22.199624717465,-43.81856005524601,24.3960610936908,34.6297841157871,34.669000722117794,-0.8788279566592152,20.0,0.0
104.2,23.019265569931825,-43.44682241528006,25.473966788025653,34.63258530195358,34.665285203393985,-0.8317890770476524,20.0,0.0
104.25,23.831768290348382,-43.05973156119578,26.551985187283517,34.634921009199324,34.6608089728172,-0.7852292297617751,20.0,0.0
104.30000000000001,24.636844527473762,-42.65742290802506,27.63009756887293,34.63677014945774,34.65558332155035,-0.7391652788443395,20.0,0.0
104.35000000000001,25.434208605584246,-42.240037562164645,28.708284358452154,34.638113947464355,34.649620268204956,-0.693613591691232,20.0,0.0
104.4,26.223577652992557,-41.80772227560437,29.786525223517124,34.63893582751725,34.64293251416168,-0.6485900222030523,20.0,0.0
104.45,27.004671729577357,-41.36062939540592,30.864799162543655,34.63922130513471,34.635533400832294,-0.6041098955960607,20.0,0.0
104.5,27.777213953108134,-40.89891680854899,31.943084589866796,34.638957883398824,34.62743686873466,-0.5601879948016375,20.0,0.0
104.55000000000001,28.540930624160733,-40.42274788226722,33.02135941647151,34.638134953779954,34.61865741826025,-0.5168385483860334,20.0,0.0
104.60000000000001,29.29555134942874,-39.932291400001986,34.09960112686102,34.636743701242835,34.609210072021504,-0.474075219924579,20.0,0.0
104.65,30.04080916324592,-39.42772149310658,35.17778685216093,34.634777013441315,34.59911033867334,-0.43191109876699585,20.0,0.0
104.7,30.776440647144806,-38.909217568437995,36.25589343961042,34.63222939381503,34.58837417811018,-0.39035869213252283,20.0,0.0
104.75,31.502186047286372,-38.37696423197747,37.33389751858418,34.629096878407545,34.57701796794717,-0.34942991847604077,20.0,0.0
104.80000000000001,32.21778938960551,-37.831151208624526,38.411775563282596,34.6253769562318,34.565058471199926,-0.30913610206811626,20.0,0.0
104.85000000000001,32.92299859252666,-37.271973258312364,39.48950395222096,34.62106849301524,34.55251280508467,-0.26948796873428194,20.0,0.0
104.9,33.61756557711363,-36.69963008859531,40.56705902464245,34.616171658163054,34.539398410865374,-0.23049564270038303,20.0,0.0
104.95,34.30124637452695,-36.11432626386127,41.644417133974166,34.61068785478464,34.525733024681486,-0.1921686444930799,20.0,0.0
105.0,34.97380123067163,-35.51627111132415,42.721554698439554,34.60461965263442,34.511534649294575,-0.15451588984608122,20.0,0.0
105.05000000000001,35.63499470792749,-34.905678623952824,43.7984482489358,34.59797072382443,34.496821526697985,-0.1175456895643805,20.0,0.0
105.10000000000001,36.28459578386293,-34.28276736049428,44.87507447427945,34.590745781172544,34.48161211153822,-0.08126575030075855,20.0,0.0
105.15,36.922377946842595,-33.64776034274961,45.95141026391909,34.5829505190558,34.46592504530207,-0.04568317619985862,20.0,0.0
105.2,37.548119288447566,-33.000884950261685,47.02743274820931,34.57459155664482,34.44977913122752,-0.010804471367052315,20.0,0.0
105.25,38.161602592635816,-32.34237281257381,48.1031193363361,34.56567638340073,34.43319330990092,0.023364456879363615,20.0,0.0
105.30000000000001,38.76261542157883,-31.672459699218113,49.17844775197952,34.55621330672217,34.41618663550727,0.05681829401282101,20.0,0.0
105.35000000000001,39.35095019811867,-30.99138540759214,50.2533960667962,34.5462114016354,34.39877825270365,0.08955231359859539,20.0,0.0
105.4,39.92640428479788,-30.29939364888096,51.327942731800206,34.53568046242599,34.38098737408979,0.12156237192706243,20.0,0.0
105.45,40.488780059422425,-29.596731932181203,52.402066606717646,34.52463095611626,34.36283325825326,0.1528449020160494,20.0,0.0
105.5,41.037884987125445,-28.883651446981766,53.475746987387126,34.51307397769747,34.34433518836918,0.1833969070176451,20.0,0.0
105.55000000000001,41.5735316889073,-28.160406944154253,54.54896363127513,34.501021207031165,34.325512451338156,0.2132159530630986,20.0,0.0
105.60000000000001,42.09553800663428,-27.42725661560415,55.62169678117307,34.48848486733881,34.306384317447844,0.24230016157891754,20.0,0.0
105.65,42.60372706448544,-26.68446197273147,56.69392718713892,34.47547768520374,34.28697002054697,0.27064820110559396,20.0,0.0
105.7,43.097927326843894,-25.932287723847054,57.76563612674522,34.46201285201397,34.26728873872201,0.2982592786500575,20.0,0.0
105.75,43.577972652635104,-25.17100165068795,58.836805423691835,34.44810398677883,34.24735957546963,0.325133130601337,20.0,0.0
105.80000000000001,44.04370234612112,-24.400874484172302,59.907417464840336,34.43376510025675,34.22720154135892,0.3512700132384552,20.0,0.0
105.85000000000001,44.49496120416565,-23.622179779531034,60.97745521572436,34.41901056033547,34.206833536180135,0.3766706928583261,20.0,0.0
105.9,44.931599559990374,-22.835193790950118,62.04690223458847,34.40385505861009,34.186274331577515,0.40133643555073206,20.0,0.0
105.95,45.35347332344872,-22.040195345853846,63.115742685006545,34.38831357810776,34.165542554165235,0.4252689966466292,20.0,0.0
106.0,45.76044401784795,-21.237465718955594,64.18396134712843,34.37240136211187,34.144656669126846,0.44847060986497667,20.0,0.0
106.05000000000001,46.152378813355796,-20.427288506198888,65.25154362760256,34.35613388404151,34.123634964299605,0.4709439761827525,20.0,0.0
106.10000000000001,46.52915055703209,-19.60994949870743,66.31847556822039,34.33952681834566,34.10249553474565,0.49269225245189574,20.0,0.0
106.15,46.89063779953047,-18.78573655685871,67.38474385332738,34.322596012374234,34.08125626781343,0.513719039786146,20.0,0.0
106.2,47.236724818519036,-17.954939484591595,68.45033581604382,34.30535745919132,34.05993482869212,0.534028371740149,20.0,0.0
106.25,47.56730163887284,-17.1178499040539,69.51523944333724,34.287827271298525,34.03854864646411,0.5536247023023364,20.0,0.0
106.30000000000001,47.88226404969433,-16.274761130691623,70.57944337998819,34.27002165523892,34.017114900658775,0.5725128937224255,20.0,0.0
106.35000000000001,48.18151361822136,-15.425968048876987,71.64293693148826,34.25195688705462,33.99565050831319,0.5906982041938633,20.0,0.0
106.4,48.46495770068511,-14.571766988168045,72.7057100659103,34.23364928857309,33.97417211154353,0.6081862754106311,20.0,0.0
106.45,48.73250945018308,-13.712455600287855,73.76775341478788,34.215115204499554,33.952696065632644,0.6249831200174256,20.0,0.0
106.5,48.98408782163456,-12.84833273690683,74.82905827304188,34.19637098029477,33.93123842763817,0.6410951089713208,20.0,0.0
106.55000000000001,49.21961757388839,-11.97969832830719,75.88961659799025,34.1774329408193,33.909814945525596,0.6565289588328298,20.0,0.0
106.60000000000001,49.439029269054416,-11.106853263003861,76.94942100747636,34.158317369726895,33.88844104783069,0.6712917190031646,20.0,0.0
106.65,49.64225926913182,-10.23009926839161,78.00846477715099,34.13904048959145,33.86713183385528,0.6853907589243207,20.0,0.0
106.7,49.82924973000896,-9.349738792483613,79.06674183694219,34.11961844275315,33.84590206439975,0.6988337552578301,20.0,0.0
106.75,49.9999485929103,-8.466074886802165,80.12424676674624,34.10006727287077,33.82476615303553,0.7116286790575757,20.0,0.0
106.80000000000001,50.154309573367044,-7.579411090477745,81.18097479137296,34.08040290716825,33.80373815792026,0.7237837829513083,20.0,0.0
106.85000000000001,50.29229214778874,-6.690051315608226,82.23692177477751,34.060641139364826,33.78283177415726,0.7353075883452647,20.0,0.0
106.9,50.41386153771351,-5.798299733925681,83.29208421361038,34.04079761327856,33.76206032670149,0.746208872665477,20.0,0.0
106.95,50.51898869181478,-4.904460664813928,84.34645923011722,34.02088780709449,33.74143676381186,0.756496656648963,20.0,0.0
107.0,50.60765026574263,-4.008838464715785,85.40004456441869,34.000927018288586,33.72097365105105,0.7661801916975506,20.0,0.0
107.05000000000001,50.67982859987716,-3.1117374179648833,86.45283856620101,33.98093034920019,33.700683165831215,0.7752689473063228,20.0,0.0
107.10000000000001,50.7355116950717,-2.213461629072877,87.50484018584679,33.96091269324526,33.68057709250545,0.7837725985785298,20.0,0.0
107.15,50.77469318646222,-1.3143149164989976,88.55604896503519,33.94088872176385,33.66066681800176,0.7917010138379297,20.0,0.0
107.2,50.79737231541943,-0.41460070792510695,89.60646502684074,33.92087287149513,33.64096332799772,0.7990642423495089,20.0,0.0
107.25,50.80355389971843,0.4853780629442699,90.65608906535861,33.90087933267388,33.62147720363194,0.8058725021584792,20.0,0.0
107.30000000000001,50.79324830200029,1.3853190580409884,91.70492233488439,33.88092203774231,33.60221861874774,0.8121361680575987,20.0,0.0
107.35000000000001,50.76647139659831,2.28492063503888,92.7529666386761,33.861014650671265,33.583197337664444,0.8178657596918484,20.0,0.0
107.4,50.72324453480067,3.1838819458966543,93.80022431732505,33.84117055688507,33.564422713470165,0.8230719298095224,20.0,0.0
107.45,50.663594508619504,4.081903033832003,94.84669823676204,33.821402853784,33.54590368682952,0.8277654526679683,20.0,0.0
107.5,50.58755351313499,4.978684928723801,95.89239177592522,33.80172434185868,33.52764878529918,0.8319572126019779,20.0,0.0
107.55000000000001,50.49515910748129,5.8739297409421685,96.9373088141151,33.78214751639015,33.509666123142814,0.8356581927624518,20.0,0.0
107.60000000000001,50.3864541745393,6.767340753608834,97.9814537180618,33.76268455972962,33.49196340163711,0.8388794640322885,20.0,0.0
107.65,50.261486879399435,7.658622513292844,99.02483132872919,33.743347334151586,33.47454790985901,0.8416321741263317,20.0,0.0
107.7,50.12031062665561,8.547480919149036,100.06744694788037,33.724147375273546,33.45742652594458,0.8439275368815728,20.0,0.0
107.75,49.96298401658951,9.433623310508974,101.10930632442759,33.705095886035764,33.44060571880841,0.8457768217435842,20.0,0.0
107.80000000000001,49.7895708003022,10.316758552936141,102.15041564059094,33.68620373123381,33.42409155031208,0.8471913434546181,20.0,0.0
107.85000000000001,49.600139833847905,11.196597122759147,103.19078149788709,33.66748143259654,33.40788967787066,0.8481824519485102,20.0,0.0
107.9,49.39476503142263,12.072851190098511,104.23041090297171,33.64893916440184,33.39200535748366,0.8487615224571101,20.0,0.0
107.95,49.17352531765798,12.945234700404235,105.26931125335643,33.63058674962196,33.376443447178296,0.8489399458327043,20.0,0.0
108.0,48.93650457906837,13.813463454522891,106.30749032302197,33.61243365659027,33.361208410851575,0.8487291190902724,20.0,0.0
108.05000000000001,48.683791614697284,14.677255187314296,107.34495624794774,33.59448899618036,33.34630432249706,0.8481404361734164,20.0,0.0
108.10000000000001,48.415480086006276,15.536329644839077,108.38171751157876,33.5767615194887,33.3317348708023,0.8471852789471086,20.0,0.0
108.15,48.13166846604775,16.390408660139485,109.41778293024873,33.5592596160111,33.317503364102606,0.845875008420407,20.0,0.0
108.2,47.8324599879604,17.239216227636767,110.45316163857915,33.54199131230335,33.303612735675515,0.8442209562015748,20.0,0.0
108.25,47.51796259282387,18.082478576169144,111.48786307487235,33.52496427111564,33.290065549361756,0.842234416188127,20.0,0.0
108.30000000000001,47.18828887690689,18.9199242406952,112.52189696651686,33.50818579099037,33.27686400549662,0.8399266364936864,20.0,0.0
108.35000000000001,46.84355603834073,19.751284132687903,113.5552733154225,33.49166280631224,33.26400994713623,0.8373088116133189,20.0,0.0
108.4,46.48388582324786,20.576291609244965,114.58800238350196,33.47540188779967,33.25150486656329,0.8343920748289051,20.0,0.0
108.45,46.1094044713531,21.39468254094147,115.62009467821532,33.45940924342565,33.239349912055914,0.8311874908554842,20.0,0.0
108.5,45.7202426611027,22.206195378450914,116.65156093819323,33.44369071975638,33.22754589490406,0.8277060487294676,20.0,0.0
108.55000000000001,45.31653545431439,23.010571217960766,117.68241211895385,33.4282518036955,33.216093296657164,0.8239586549392826,20.0,0.0
108.60000000000001,44.89842224037954,23.807553865408668,118.71265937872823,33.41309762462133,33.204992276587085,0.8199561267986866,20.0,0.0
108.65,44.46604668003641,24.596889899565202,119.74231406440845,33.3982329569046,33.19424267935042,0.8157091860628256,20.0,0.0
108.7,44.019556648731516,25.378328733988827,120.77138769763108,33.38366222279359,33.183844042834195,0.8112284527867502,20.0,0.0
108.75,43.55910417958417,26.151622677878283,121.7998919610103,33.36938949565363,33.17379560616893,0.8065244394259352,20.0,0.0
108.80000000000001,43.0848454059675,26.91652699584728,122.82783868453139,33.355418503547575,33.1640963178936,0.8016075451780793,20.0,0.0
108.85000000000001,42.59694050371738,27.672799966645723,123.85523983211765,33.34175263314372,33.15474484425667,0.7964880505653227,20.0,0.0
108.9,42.09555363297888,28.42020294085111,124.88210748838092,33.3283949339375,33.14573957763813,0.7911761122555916,20.0,0.0
108.95,41.58085287969842,29.158500397553034,125.90845384556712,33.315348122773266,33.137078645076954,0.7856817581217967,20.0,0.0
109.0,41.05301019676804,29.887460000052968,126.9342911907063,33.3026145886521,33.12875991688925,0.780014882537273,20.0,0.0
109.05000000000001,40.51220134482676,30.606852650600597,127.95963189297663,33.2901963978119,33.120781015362674,0.774185241905748,20.0,0.0
109.10000000000001,39.95860583272251,31.316452544187143,128.98448839129165,33.27809529906553,33.11313932351228,0.7682024504237361,20.0,0.0
109.15,39.39240685763705,32.01603722141512,130.00887318211886,33.266312729383145,33.1058319938839,0.7620759760734046,20.0,0.0
109.2,38.81379124487448,32.70538762046294,131.0327988075375,33.25484981970463,33.09885595739168,0.755815136843438,20.0,0.0
109.25,38.2229493873134,33.3842881281618,132.0562778435425,33.24370740096799,33.09220793217576,0.7494290971755291,20.0,0.0
109.30000000000001,37.62007518452116,34.05252663020102,133.07932288860206,33.232886010339975,33.085884432467495,0.7429268646338016,20.0,0.0
109.35000000000001,37.005365981527994,34.70989456047714,134.10194655247452,33.222385897634794,33.07988177744966,0.7363172867943746,20.0,0.0
109.4,36.37902250725756,35.35618694960054,135.12416144528976,33.21220703190729,33.07419610009909,0.7296090483521809,20.0,0.0
109.45,35.74124881260993,35.991202472572624,136.14598016690147,33.202349108206704,33.068823356000195,0.7228106684419515,20.0,0.0
109.5,35.09225220819198,36.61474349564485,137.16741529651426,33.192811554477665,33.06375933211776,0.7159304981701169,20.0,0.0
109.55000000000001,34.432243201689595,37.22661612237017,138.18847938258946,33.18359353859482,33.058999655518335,0.708976718354414,20.0,0.0
109.60000000000001,33.761435434875594,37.826630238855785,139.209184933034,33.174693975517926,33.05453980202943,0.7019573374676753,20.0,0.0
109.65,33.08004562024649,38.41459955822518,140.22954440567543,33.16611153455446,33.05037510482668,0.6948801897823103,20.0,0.0
109.7,32.38829347728103,38.990341664295855,141.2495701990254,33.15784464671676,33.04650076293908,0.6877529337118133,20.0,0.0
109.75,31.686401668313025,39.55367805447815,142.26927464333465,33.14989151216121,33.04291184966346,0.6805830503455894,20.0,0.0
109.80000000000001,30.974595734010503,40.104434181899094,143.2886699919405,33.14225010769708,33.039603320879266,0.6733778421732808,20.0,0.0
109.85000000000001,30.253104028453375,40.64243949675413,144.30776841290944,33.134918194352956,33.03657002325539,0.6661444319946455,20.0,0.0
109.9,29.522157653801305,41.16752748688816,145.3265819809745,33.12789332498885,33.03380670234178,0.6588897620110856,20.0,0.0
109.95,28.78199039454367,41.67953571760622,146.34512266976955,33.121172851942625,33.03130801053735,0.6516205930947194,20.0,0.0
110.0,28.03283865132338,42.17830587071284,147.36340234435917,33.114753934699394,33.02906851492891,0.644343504230946,20.0,0.0
110.05000000000001,27.274941374326488,42.663683782777966,148.38143275406534,33.10863354757293,33.0270827049934,0.6370648921303328,20.0,0.0
110.10000000000001,26.50853999622957,43.13551948262606,149.3992255255899,33.10280848738868,33.025345000158,0.6297909710055478,20.0,0.0
110.15,25.733878364697162,43.59366722804401,150.41679215643157,33.097275381157914,33.02384975721276,0.6225277725092155,20.0,0.0
110.2,24.95120267442182,44.037985541702156,151.4341440085972,33.09203069373326,33.02259127757032,0.6152811458283054,20.0,0.0
110.25,24.160761398699563,44.46833724628176,152.45129230260494,33.08707073543591,33.021563814368356,0.6080567579307541,20.0,0.0
110.30000000000001,23.362805220534092,44.884589498801255,153.468248111778,33.08239166964537,33.02076157941039,0.6008600939600157,20.0,0.0
110.35000000000001,22.55758696326337,45.28661382413232,154.48502235682665,33.07798952034287,33.02017874994124,0.5936964577730919,20.0,0.0
110.4,21.74536152070287,45.67428614769617,155.50162580071637,33.0738601795999,33.01980947525374,0.5865709726177784,20.0,0.0
110.45,20.926385786800218,46.04748682732928,156.51806904381908,33.06999941500374,33.01964788312353,0.5794885819445383,20.0,0.0
110.5,20.100918584796602,46.40610068430684,157.5343625193446,33.0664028770123,33.019688086069756,0.5724540503488456,20.0,0.0
110.55000000000001,19.26922059589096,46.75001703351157,158.55051648904947,33.063066106230686,33.01992418743883,0.5654719646393715,20.0,0.0
110.60000000000001,18.431554287403664,47.07912971273445,159.56654103921957,33.0599845406027,33.020350287309995,0.5585467350277398,20.0,0.0
110.65,17.588183840437125,47.39333711109334,160.5824460769226,33.05715352251037,33.02096048822068,0.5516825964354126,20.0,0.0
110.7,16.739375077031536,47.69254219655459,161.5982413265269,33.05456830577538,33.02174890071092,0.5448836099133274,20.0,0.0
110.75,15.885395386814716,47.976652542542176,162.61393632648276,33.05222406255649,33.0227096486855,0.5381536641699327,20.0,0.0
110.80000000000001,15.02651365314593,48.245580353618124,163.6295404263613,33.050115890137135,33.023836874593854,0.5314964772032482,20.0,0.0
110.85000000000001,14.163000178754354,48.499242490217554,164.64506278414734,33.048238817598325,33.025124744426925,0.5249155980326208,20.0,0.0
110.9,13.295126610873787,48.73756049242103,165.66051236378112,33.0465878123718,33.0265674525316,0.5184144085259632,20.0,0.0
110.95,12.423165865876083,48.96046060274637,166.67589793294457,33.04515778666892,33.02815922624242,0.5119961253180776,20.0,0.0
111.0,11.547392053406746,49.16787378794183,167.69122806108697,33.04394360378132,33.029894330332034,0.5056638018159134,20.0,0.0
111.05000000000001,10.668080400027069,49.35973575976193,168.70651111768512,33.04294008424923,33.03176707128037,0.49942033028658983,20.0,0.0
111.10000000000001,9.785507172368149,49.53598699470715,169.72175527073315,33.04214201189431,33.03377180136426,0.493268444023947,20.0,0.0
111.15,8.89994959980312,49.696572752708086,170.7369684854569,33.0415441397136,33.035902922568354,0.48721071958960493,20.0,0.0
111.2,8.011685796644917,49.84144309473476,171.75215852324664,33.041141195631795,33.038154890319475,0.4812495791243734,20.0,0.0
111.25,7.1209946838778855,49.97055289931143,172.76733294080412,33.04092788810949,33.04052221704556,0.47538729272613267,20.0,0.0
111.30000000000001,6.228155910432567,50.083861877917094,173.78249908949786,33.04089891160492,33.042999475561395,0.4696259808900649,20.0,0.0
111.35000000000001,5.333449774013997,50.18133458925189,174.79766411492082,33.041048951887525,33.045581302283374,0.46396761700746225,20.0,0.0
111.4,4.437157141494853,50.26294045234948,175.81283495664567,33.041372691201516,33.048262400275135,0.45841402991921854,20.0,0.0
111.45,3.539559368885813,50.328653758515664,176.8280183481717,33.041864813278195,33.051037542127105,0.45296690652017446,20.0,0.0
111.5,2.640938220896487,50.37845368207329,177.84322081705773,33.04252000819598,33.05390157267194,0.44762779441067124,20.0,0.0
111.55000000000001,1.7415757901012832,50.41232428989397,178.8584486852353,33.043332977087125,33.05684941153893,0.4423981045915397,20.0,0.0
111.60000000000001,0.8417544157255697,50.43025454969694,179.87370806949687,33.04429843669082,33.059876055550006,0.43727911419907883,20.0,0.0
111.65,-0.058243397931527885,50.43223833709594,-179.11099511784718,33.04541112375219,33.06297658096045,0.4322719692763002,20.0,0.0
111.7,-0.9581350634203752,50.41827444137489,-178.09565516814783,33.04666579926707,33.066146145547094,0.4273776875771347,20.0,0.0
111.75,-1.8576379923918482,50.388366569973854,-177.0802665754393,33.04805725257278,33.06937999054724,0.4225971614001267,20.0,0.0
111.80000000000001,-2.7564696781568983,50.34252335166669,-176.0648240353087,33.04958030528525,33.0726734424517,0.4179311604483118,20.0,0.0
111.85000000000001,-3.6543477785345146,50.28075833841256,-175.04932244361925,33.051229815082856,33.07602191465484,0.4133803347119809,20.0,0.0
111.9,-4.550990198967023,50.203090005863615,-174.03375689509275,33.05300067933799,33.07942090896515,0.40894521737126155,20.0,0.0
111.95,-5.446115175880767,50.10954175251183,-173.01812268175667,33.054887838597075,33.0828660169797,0.40462622771529766,20.0,0.0
112.0,-6.339441360269356,50.00014189745834,-172.00241529126183,33.05688627991012,33.08635292132603,0.40042367407502866,20.0,0.0
112.05000000000001,-7.230687901475811,49.874923676789265,-170.9866304050757,33.05899104001126,33.08987739677451,0.3963377567666413,20.0,0.0
112.10000000000001,-8.119574531149123,49.733925238542525,-169.97076389655695,33.06119720835149,33.09343531122521,0.39236857104280176,20.0,0.0
112.15,-9.005821647349938,49.577189636250836,-168.95481182891697,33.063499929985326,33.09702262657225,0.38851611004886877,20.0,0.0
112.2,-9.889150398779321,49.404764821046626,-167.9387704530731,33.065894408312964,33.10063539944963,0.38478026778129504,20.0,0.0
112.25,-10.76928276910381,49.216703632315415,-166.92263620539939,33.06837590767987,33.10426978186144,0.38116084204576595,20.0,0.0
112.30000000000001,-11.645941661349237,49.01306378688476,-165.90640570537988,33.0709397558357,33.107922021700766,0.37765753741219754,20.0,0.0
112.35000000000001,-12.518850982335152,48.793907866736774,-164.8900757531695,33.073581346254635,33.111588463160075,0.3742699681644055,20.0,0.0
112.4,-13.387735727121001,48.55930330523289,-163.87364332706784,33.07629614031931,33.11526554703696,0.37099766124186573,20.0,0.0
112.45,-14.252322063434598,48.309322371840295,-162.8571055809108,33.07907966937057,33.11894981093876,0.367840059171229,20.0,0.0
112.5,-15.11233741605286,48.044042155350475,-161.84045984138464,33.08192753662544,33.122637889389274,0.3647965229854222,20.0,0.0
112.55000000000001,-15.967510551104187,47.76354454558083,-160.8237036052679,33.08483541896572,33.126326513841114,0.3618663351280844,20.0,0.0
112.60000000000001,-16.817571660261397,47.467916213551554,-159.80683453660535,33.08779906859967,33.130012512597396,0.35904870234124786,20.0,0.0
112.65,-17.66225244479359,47.157248590130514,-158.7898504638193,33.09081431459951,33.13369281064557,0.3563427585342396,20.0,0.0
112.7,-18.501286199444902,46.831637843139994,-157.77274937676196,33.09387706431709,33.13736442940729,0.35374756763187065,20.0,0.0
112.75,-19.334407896107674,46.491184852919986,-156.7555294237142,33.09698330468068,33.14102448640722,0.3512621264000444,20.0,0.0
112.80000000000001,-20.161354267257202,46.13599518634362,-155.7381889083346,33.10012910337543,33.14467019486443,0.348885367246929,20.0,0.0
112.85000000000001,-20.981863889114862,45.76617906928138,-154.7207262865634,33.10331060991036,33.148298863209014,0.34661616099806025,20.0,0.0
112.9,-21.79567726450613,45.38185135751149,-153.70314016348505,33.10652405657455,33.15190789452774,0.3444533196436339,20.0,0.0
112.95,-22.602536905379683,44.983131506075175,-152.68542929015405,33.10976575928549,33.15549478594142,0.34239559905650196,20.0,0.0
113.0,-23.402187414953666,44.57014353707599,-151.66759256038785,33.11303211833234,33.15905712791714,0.3404417016793033,20.0,0.0
113.05000000000001,-24.194375569454813,44.14301600592392,-150.6496290075306,33.11631961901697,33.16259260351848,0.3385902791793214,20.0,0.0
113.10000000000001,-24.978850399416146,43.701881966025454,-149.6315378011916,33.11962483219565,33.166098987596506,0.3368399350697544,20.0,0.0
113.15,-25.755363270498705,43.246878931922254,-148.61331824396248,33.12294441472428,33.16957414592452,0.33518922729599154,20.0,0.0
113.2,-26.523667963802765,42.77814884088163,-147.5949697681161,33.12627510981002,33.173016034279456,0.33363667078586445,20.0,0.0
113.25,-27.283520755633866,42.29583801294338,-146.57649193229136,33.129613747272124,33.176422697472375,0.33218073996248165,20.0,0.0
113.30000000000001,-28.03468049668904,41.80009710942832,-145.5578844181667,33.132957243715,33.17979226833137,0.3308198712188144,20.0,0.0
113.35000000000001,-28.776908690628574,41.291081089914925,-144.5391470271263,33.13630260261617,33.18312296663879,0.32955246535284033,20.0,0.0
113.4,-29.509969571998706,40.76894916769139,-143.5202796769211,33.13964691433207,33.186413098026,0.3283768899623283,20.0,0.0
113.45,-30.233630183470815,40.2338647636916,-142.5012823983293,33.14298735602449,33.18966105282786,0.32729148179844003,20.0,0.0
113.5,-30.94766045236264,39.68599545892424,-141.48215533181758,33.146321191510445,33.192865304899456,0.32629454907728217,20.0,0.0
113.55000000000001,-31.651833266407362,39.125512945405454,-140.46289872420758,33.14964577103824,33.19602441039751,0.3253843737486193,20.0,0.0
113.60000000000001,-32.34592454873647,38.55259297560624,-139.44351292534904,33.15295853099247,33.19913700652884,0.3245592137210451,20.0,0.0
113.65,-33.02971333204262,37.96741531042694,-138.42399838480358,33.156256993530775,33.20220181026802,0.32381730504310013,20.0,0.0
113.7,-33.70298183188885,37.370163665711914,-137.4043556485405,33.15953876615487,33.2052176170466,0.32315686403948973,20.0,0.0
113.75,-34.36551551913097,36.76102565731861,-136.38458535564828,33.162801541218556,33.20818329941596,0.32257608940214766,20.0,0.0
113.80000000000001,-35.01710319142001,36.14019274475602,-135.36468823506314,33.166043095375514,33.21109780568588,0.3220731642355261,20.0,0.0
113.85000000000001,-35.657537043752164,35.507860173408474,-134.3446651023179,33.16926128896911,33.21396015854097,0.32164625805564384,20.0,0.0
113.9,-36.286612738033966,34.864226915361726,-133.32451685631273,33.172454065367106,33.21676945363667,0.3212935287427001,20.0,0.0
113.95,-36.90412947163078,34.20949560884896,-132.30424447611014,33.1756194502435,33.219524858177046,0.32101312444677177,20.0,0.0
114.0,-37.50989004486721,33.54387249633538,-131.2838490177565,33.17875555081018,33.222225609476105,0.3208031854464082,20.0,0.0
114.05000000000001,-38.103700927448365,32.86756736126084,-130.26333161113146,33.181860555000604,33.22487101350442,0.32066184595993974,20.0,0.0
114.10000000000001,-38.685372323771496,32.18079346346077,-129.24269345682796,33.184932730608026,33.22746044342262,0.3205872359091728,20.0,0.0
114.15,-39.254718237098054,31.483767473286555,-128.2219358230636,33.187970424380495,33.22999333810385,0.32057748263562047,20.0,0.0
114.2,-39.811556532556544,30.776709404447168,-127.20106004262617,33.190972061075016,33.23246920064645,0.3206307125688994,20.0,0.0
114.25,-40.35570899894734,30.059842545594833,-126.18006750985403,33.19393614247298,33.23488759687871,0.3207450528474638,20.0,0.0
114.30000000000001,-40.887001409321066,29.33339339067807,-125.15895967765347,33.1968612463591,33.237248153856825,0.3209186328916189,20.0,0.0
114.35000000000001,-41.40526358030271,28.597591568086283,-124.13773805455412,33.199746025466084,33.23955055835818,0.3211495859287936,20.0,0.0
114.4,-41.910329430134425,27.852669768610816,-123.11640420180409,33.202589206386946,33.24179455537054,0.3214360504713625,20.0,0.0
114.45,-42.402037035410345,27.09886367224795,-122.09495973050583,33.2053895884572,33.24397994657933,0.3217761717468619,20.0,0.0
114.5,-42.880228686477615,26.33641187387014,-121.07340629879421,33.20814604260878,33.24610658885371,0.32216810308103305,20.0,0.0
114.55000000000001,-43.34475094147843,25.56555580779233,-120.05174560905772,33.210857510197705,33.248174392733155,0.32261000723372035,20.0,0.0
114.60000000000001,-43.79545467900847,24.786539671260837,-119.02997940520403,33.21352300180738,33.25018332091537,0.32310005768794525,20.0,0.0
114.65,-44.232195149367996,23.999610346892922,-118.00810946997092,33.21614159602938,33.25213338674716,0.32363643989237545,20.0,0.0
114.7,-44.6548320243824,23.205017324095678,-116.98613762228318,33.218712438223506,33.25402465271904,0.3242173524575378,20.0,0.0
114.75,-45.06322944576989,22.403012619493484,-115.96406571465685,33.221234739258904,33.25585722896464,0.32484100830609464,20.0,0.0
114.80000000000001,-45.45725607203459,21.59385069639375,-114.9418956306512,33.22370777423789,33.25763127176652,0.3255056357774748,20.0,0.0
114.85000000000001,-45.8367851238642,20.777788383321205,-113.9196292823693,33.22613088120421,33.259346982068585,0.32620947968738534,20.0,0.0
114.9,-46.201694428012075,19.95508479165145,-112.8972686080078,33.228503459837384,33.26100460399667,0.32695080234248763,20.0,0.0
114.95,-46.551866459644295,19.126001232374968,-111.8748155694567,33.23082497013448,33.26260442338803,0.3277278845107858,20.0,0.0
115.0,-46.887188383133235,18.290801132023155,-110.85227214994933,33.233094931081155,33.264146766330605,0.3285390263481034,20.0,0.0
115.05000000000001,-47.207552091279744,17.44974994778844,-109.82964035176327,33.235312919313266,33.26563199771291,0.3293825482812096,20.0,0.0
115.10000000000001,-47.512854242947,16.603115081870822,-108.80692219397261,33.23747856777038,33.26706051978541,0.3302567918481145,20.0,0.0
115.15,-47.80299629908978,15.75116579508361,-107.78411971025174,33.23959156434288,33.26843277073417,0.33116012049595867,20.0,0.0
115.2,-48.077884557163806,14.894173119751418,-106.76123494673118,33.24165165051369,33.26974922326736,0.33209092033725085,20.0,0.0
115.25,-48.33743018390052,14.032409771933791,-105.73826995990555,33.2436586199961,33.271010383215625,0.3330476008647878,20.0,0.0
115.30000000000001,-48.5815492464336,13.166150063008132,-104.71522681459408,33.245612317368916,33.27221678814678,0.3340285956260658,20.0,0.0
115.35000000000001,-48.810162741764174,12.295669810645828,-103.69210758195354,33.24751263671019,33.27336900599539,0.3350323628576888,20.0,0.0
115.4,-49.02319662455265,11.421246249215745,-102.66891433754395,33.24935952023056,33.27446763370817,0.3360573860803555,20.0,0.0
115.45,-49.22058183322587,10.54315793964943,-101.64564915944707,33.25115295690754,33.27551329590544,0.3371021746552003,20.0,0.0
115.5,-49.40225431438908,9.661684678802567,-100.62231412643753,33.252892981121676,33.27650664355953,0.3381652643020274,20.0,0.0
115.55000000000001,-49.568155045533004,8.777107408347401,-99.59891131620675,33.2545796712958,33.27744835269022,0.33924521758014947,20.0,0.0
115.60000000000001,-49.71823005602721,7.889708123230964,-98.57544280363958,33.256213148538265,33.27833912307819,0.34034062433253354,20.0,0.0
115.65,-49.852430446391764,6.999769779734066,-97.55191065914329,33.25779357529112,33.27917967699664,0.34145010209387294,20.0,0.0
115.7,-49.970712405839905,6.107576203166118,-96.52831694702927,33.25932115398437,33.2799707579615,0.3425722964633877,20.0,0.0
115.75,-50.073037228085354,5.213411995230888,-95.50466372394662,33.26079612569702,33.280713129500946,0.3437058814430074,20.0,0.0
115.80000000000001,-50.15937132540868,4.3175624410984055,-94.4809530373679,33.262218768825875,33.2814075739442,0.34484955974159703,20.0,0.0
115.85000000000001,-50.22968624097787,3.4203134162181903,-93.45718692412645,33.26358939776289,33.28205489123039,0.34600206304611447,20.0,0.0
115.9,-50.28395865941923,2.521951292909039,-92.43336740900534,33.264908361582,33.2826558977373,0.34716215226025327,20.0,0.0
115.95,-50.322170415635235,1.6227628467605753,-91.40949650337717,33.26617604273596,33.28321142513106,0.34832861771143797,20.0,0.0
116.0,-50.34430850186714,0.7230351628817315,-90.38557620389473,33.26739285576417,33.28372231923616,0.3495002793268611,20.0,0.0
116.05000000000001,-50.35036507300051,-0.17694445796871117,-89.36160849123192,33.26855924601217,33.2841894389269,0.3506759867793221,20.0,0.0
116.10000000000001,-50.34033745011295,-1.0768885933344707,-88.33759532887467,33.26967568836322,33.28461365503998,0.3518546196036141,20.0,0.0
116.15,-50.31422812226388,-1.9765097930620394,-87.31353866196113,33.270742685982995,33.28499584930856,0.3530350872842547,20.0,0.0
116.2,-50.272044746527065,-2.875520673314023,-86.28944041617109,33.27176076907767,33.285336913318275,0.3542163293152214,20.0,0.0
116.25,-50.21380014626727,-3.7736340105608184,-85.26530249666361,33.27273049366629,33.28563774748499,0.35539731523257245,20.0,0.0
116.30000000000001,-50.13951230766321,-4.67056283551603,-84.24112678706281,33.27365244036762,33.285899260054634,0.3565770446206358,20.0,0.0
116.35000000000001,-50.04920437447975,-5.5660205269812,-83.21691514849093,33.274527213202404,33.28612236612543,0.35775454709253296,20.0,0.0
116.4,-49.94290464109286,-6.459720905565586,-82.19266941864825,33.2753554384112,33.28630798669228,0.3589288822458556,20.0,0.0
116.45,-49.820646543771716,-7.351378327246925,-81.16839141093925,33.27613776328841,33.28645704771371,0.3600991395941193,20.0,0.0
116.5,-49.682468650222994,-8.240707776739315,-80.14408291364438,33.27687485503308,33.28657047920135,0.3612644384749544,20.0,0.0
116.55000000000001,-49.528414647403,-9.127424960634574,-79.11974568913676,33.27756739961653,33.28664921433198,0.36242392793558764,20.0,0.0
116.60000000000001,-49.358533327604114,-10.011246400283664,-78.09538147314332,33.278216100667635,33.28669418858226,0.3635767865964681,20.0,0.0
116.65,-49.172878572822576,-10.891889524385025,-77.07099197404946,33.27882167837582,33.28670633888617,0.3647222224938105,20.0,0.0
116.7,-48.97150933741535,-11.76907276124692,-76.04657887224685,33.27938486841227,33.28668660281513,0.36585947290171106,20.0,0.0
116.75,-48.75448962905446,-12.64251563069114,-75.0221438195233,33.27990642086962,33.28663591778092,0.36698780413465215,20.0,0.0
116.80000000000001,-48.521888487987795,-13.511938835565775,-73.99768843849442,33.28038709922043,33.286555220261135,0.3681065113310851,20.0,0.0
116.85000000000001,-48.27377996461602,-14.377064352834962,-72.97321432207598,33.28082767929476,33.28644544504743,0.36921491821885155,20.0,0.0
116.9,-48.010243095395886,-15.237615524213894,-71.94872303299637,33.281228948277096,33.28630752451642,0.3703123768631471,20.0,0.0
116.95,-47.731361877080744,-16.093317146317688,-70.9242161033485,33.28159170372276,33.28614238792302,0.37139826739773696,20.0,0.0
117.0,-47.43722523930971,-16.943895560292997,-69.8996950341802,33.28191675259421,33.28595096071642,0.3724719977401847,20.0,0.0
117.05000000000001,-47.127927015557546,-17.789078740901648,-68.8751612951225,33.282204910317226,33.28573416387828,0.3735330032916977,20.0,0.0
117.10000000000001,-46.80356591245779,-18.628596385025887,-67.85061632405494,33.2824569998573,33.28549291328349,0.3745807466224065,20.0,0.0
117.15,-46.46424547751234,-19.462179999565205,-66.82606152680715,33.282673850816316,33.28522811908281,0.3756147171426818,20.0,0.0
117.2,-46.11007406520109,-20.28956298869506,-65.80149827689584,33.28285629854963,33.28494068510781,0.3766344307612002,20.0,0.0
117.25,-45.741164801505874,-21.110480740458204,-64.7769279152966,33.28300518330379,33.28463150829767,0.3776394295304044,20.0,0.0
117.30000000000001,-45.35763554686347,-21.924670712659683,-63.752351750249325,33.28312134937478,33.284301478147654,0.37862928128006956,20.0,0.0
117.35000000000001,-44.959608857562856,-22.731872518036994,-62.72777105709707,33.28320564428713,33.28395147617929,0.37960357923958554,20.0,0.0
117.4,-44.54721194560243,-23.531828008677255,-61.703187078156745,33.28325891799371,33.28358237543204,0.3805619416495887,20.0,0.0
117.45,-44.12057663702344,-24.324281359653646,-60.678601022621514,33.28328202209645,33.283195039976,0.38150401136365986,20.0,0.0
117.5,-43.679839328736314,-25.108979151853816,-59.654014066493694,33.28327580908785,33.282790324445855,0.382429455440608,20.0,0.0
117.55000000000001,-43.22514094385693,-25.88567045397331,-58.62942735254756,33.28324113161342,33.28236907359563,0.38333796472801396,20.0,0.0
117.60000000000001,-42.75662688557048,-26.654106903647563,-57.60484199032098,33.283178841755,33.28193212187397,0.38422925343763836,20.0,0.0
117.65,-42.274446989540984,-27.414042787696328,-56.58025905613526,33.28308979033493,33.28148029301997,0.38510305871325556,20.0,0.0
117.7,-41.7787554748847,-28.165235121454973,-55.5556795931424,33.282974826241,33.28101439967898,0.3859591401915168,20.0,0.0
117.75,-41.269710893726526,-28.907443727167344,-54.531104611398796,33.28283479577229,33.280535243038656,0.38679727955643983,20.0,0.0
117.80000000000001,-40.74747607935843,-29.640431311415483,-53.50653508796464,33.282670542005604,33.28004361248423,0.38761728008803686,20.0,0.0
117.85000000000001,-40.212218093019644,-30.363963541561834,-52.48197196702824,33.28248290418265,33.27954028527352,0.3884189662056414,20.0,0.0
117.9,-39.66410816931862,-31.077809121180042,-51.457416160054386,33.28227271711771,33.27902602623108,0.38920218300652465,20.0,0.0
117.95,-39.10332166031707,-31.7817398644509,-50.43286854595596,33.28204081062581,33.27850158746095,0.38996679580022686,20.0,0.0
118.0,-38.530037978296924,-32.475530769500416,-49.408329971288104,33.281788008971176,33.27796770807827,0.3907126896392654,20.0,0.0
118.05000000000001,-37.94444053723115,-33.15896009065749,-48.38380125046391,33.28151513033596,33.27742511395897,0.3914397688465243,20.0,0.0
118.10000000000001,-37.34671669297998,-33.831809409609065,-47.35928316599103,33.28122298630903,33.27687451750763,0.3921479565400361,20.0,0.0
118.15,-36.737057682234166,-34.49386370543112,-46.334776468728414,33.28091238139465,33.27631661744286,0.3928371941554687,20.0,0.0
118.2,-36.115658560227416,-35.144911423474305,-45.310281878162215,33.28058411254095,33.275752098600194,0.3935074409668644,20.0,0.0
118.25,-35.482718137240276,-35.78474454308352,-44.28580008270028,33.28023896868804,33.27518163175195,0.3941586736060714,20.0,0.0
118.30000000000001,-34.838438913918154,-36.4131586441311,-43.26133173998434,33.279877730335464,33.27460587344386,0.39479088558127984,20.0,0.0
118.35000000000001,-34.183027015426426,-37.02995297234389,-42.23687747721927,33.27950116912892,33.27402546584824,0.3954040867951889,20.0,0.0
118.4,-33.51669212446582,-37.63493050340477,-41.212437891518306,33.279110047466006,33.273441036633024,0.3959983030630667,20.0,0.0
118.45,-32.83964741317154,-38.22789800580979,-40.18801355026405,33.2787051181208,33.27285319884672,0.3965735756313151,20.0,0.0
118.5,-32.152109473919914,-38.80866610246252,-39.163604991483936,33.27828712388693,33.27226255081878,0.39712996069670936,20.0,0.0
118.55000000000001,-31.454298249066476,-39.37704933098755,-38.13921272423981,33.27785679723921,33.27166967607503,0.3976675289269096,20.0,0.0
118.60000000000001,-30.746436959639766,-39.93286620274583,-37.11483722903073,33.277414860013195,33.27107514326775,0.3981863649824433,20.0,0.0
118.65,-30.02875203301529,-40.475939260534574,-36.09047895820833,33.276962023102804,33.27047950612029,0.39868656704065586,20.0,0.0
118.7,-29.301473029594288,-41.006095134955444,-35.066138336404066,33.27649898617548,33.26988330338571,0.39916824632186376,20.0,0.0
118.75,-28.56483256851223,-41.52316459943465,-34.041815760967445,33.27602643740479,33.26928705881891,0.39963152661812984,20.0,0.0
118.80000000000001,-27.819066252402127,-42.026982623879555,-33.017511602415055,33.27554505322008,33.26869128116252,0.4000765438249374,20.0,0.0
118.85000000000001,-27.064412591237947,-42.51738842695645,-31.99322620488897,33.27505549807311,33.268096464145245,0.4005034454761116,20.0,0.0
118.9,-26.301112925283633,-42.99422552697493,-30.968959886624592,33.27455842422112,33.26750308649334,0.4009123902822296,20.0,0.0
118.95,-25.52941134717339,-43.45734179136451,-29.944712940426893,33.27405447152628,33.26691161195404,0.40130354767287457,20.0,0.0
119.0,-24.749554623149088,-43.906589484729864,-28.920485634154403,33.27354426727111,33.26632248933099,0.4016770973430184,20.0,0.0
119.05000000000001,-23.961792113480776,-44.341825315471176,-27.89627821121047,33.27302842598968,33.26573615253129,0.4020332288036741,20.0,0.0
119.10000000000001,-23.166375692096505,-44.76291048095702,-26.872090891041175,33.27250754931408,33.26515302062374,0.40237214093728824,20.0,0.0
119.15,-22.363559665447774,-45.16971071123712,-25.847923869639093,33.27198222583619,33.264573497907854,0.40269404155785793,20.0,0.0
119.2,-21.553600690637087,-45.56209631128333,-24.82377732005258,33.27145303098417,33.26399797399343,0.4029991469762564,20.0,0.0
119.25,-20.736757692834203,-45.93994220174715,-23.79965139289971,33.2709205269134,33.26342682389024,0.4032876815708093,20.0,0.0
119.30000000000001,-19.913291782007878,-46.30312795822305,-22.775546216886607,33.27038526241174,33.26286040810747,0.4035598773634206,20.0,0.0
119.35000000000001,-19.08346616899991,-46.6515378490068,-21.751461899329414,33.269847772818586,33.262299072762744,0.40381597360142507,20.0,0.0
119.4,-18.24754608096853,-46.98506087133901,-20.72739852667927,33.26930857995745,33.26174314969985,0.40405621634534583,20.0,0.0
119.45,-17.405798676228237,-47.30359078612408,-19.703356165050135,33.26876819208191,33.26119295661571,0.40428085806276215,20.0,0.0
119.5,-16.558492958513266,-47.607026151115576,-18.679334860748448,33.26822710383433,33.26064879719523,0.404490157228409,20.0,0.0
119.55000000000001,-15.705899690692023,-47.89527035255924,-17.655334640804536,33.26768579621724,33.26011096125453,0.40468437793078493,20.0,0.0
119.60000000000001,-14.848291307959885,-48.1682316352855,-16.631355513505056,33.26714473657705,33.259579724891665,0.40486378948519786,20.0,0.0
119.65,-13.985941830537884,-48.42582313124374,-15.607397468926004,33.266604378599524,33.25905535064482,0.40502866605365284,20.0,0.0
119.7,-13.119126775904823,-48.66796288647093,-14.583460479465947,33.26606516231705,33.25853808765737,0.4051792862715118,20.0,0.0
119.75,-12.248123070590493,-48.89457388648794,-13.559544500378882,33.26552751412707,33.25802817184979,0.40531593288112333,20.0,0.0
119.80000000000001,-11.373208961557719,-49.10558408011703,-12.535649470306335,33.26499184682155,33.25752582609774,0.40543889237252273,20.0,0.0
119.85000000000001,-10.494663927201014,-49.300926401714726,-11.511775311808291,33.264458559626995,33.2570312604163,0.4055484546313224,20.0,0.0
119.9,-9.612768587989695,-49.4805387918145,-10.48792193189253,33.2639280382548,33.256544672149786,0.40564491259387836,20.0,0.0
119.95,-8.727804616783356,-49.64436421617442,-9.464089222541968,33.26340065496158,33.25606624616696,0.40572856190974704,20.0,0.0
120.0,-7.840054648847632,-49.79235068322503,-8.44027706123958,33.26287676861911,33.25559615506151,0.40579970061160964,20.0,0.0
120.05000000000001,-6.949802191598265,-49.924451259913646,-7.416485311490565,33.26235672479356,33.25513455935678,0.40585862879271417,20.0,0.0
120.10000000000001,-6.057331534101461,-50.040624085941175,-6.392713823341412,33.26184085583379,33.25468160771552,0.40590564829180664,20.0,0.0
120.15,-5.162927656358607,-50.140832386388524,-5.368962433895431,33.2613294809682,33.25423743715337,0.4059410623857005,20.0,0.0
120.2,-4.266876138403408,-50.22504448272974,-4.345230967824524,33.26082290641,33.25380217325631,0.4059651754894773,20.0,0.0
120.25,-3.369463069239531,-50.29323380222973,-3.3215192378767364,33.26032142547045,33.253375930401674,0.40597829286434717,20.0,0.0
120.30000000000001,-2.4709749556468688,-50.34537888572471,-2.2978270453794343,33.25982531867982,33.2529588119823,0.40598072033327526,20.0,0.0
120.35000000000001,-1.5716986308845027,-50.38146339378415,-1.2741541807377021,33.25933485391571,33.252550910633936,0.40597276400423254,20.0,0.0
120.4,-0.6719211633184908,-50.40147611125317,-0.2505004239276882,33.25885028653844,33.25215230846494,0.4059547300012838,20.0,0.0
120.45,0.2280702349974365,-50.40541095017514,0.7731344550153977,33.25837185953319,33.251763077288736,0.4059269242033423,20.0,0.0
120.5,1.1279882997601838,-50.39326695109445,1.7967506955147554,33.25789980365859,33.25138327885825,0.40588965199071225,20.0,0.0
120.55000000000001,2.027545805846536,-50.365048282739934,2.8203485459754463,33.25743433760142,33.25101296510231,0.4058432179993474,20.0,0.0
120.60000000000001,2.926455658705301,-50.320764240089865,3.8439282633137712,33.256975668137194,33.250652178363616,0.40578792588282653,20.0,0.0
120.65,3.82443098568434,-50.260429240820045,4.86749011249304,33.25652399029623,33.25030095163818,0.40572407808205213,20.0,0.0
120.7,4.721185227264506,-50.18406282013673,5.891034366065796,33.25607948753494,33.24995930881591,0.405651975602602,20.0,0.0
120.75,5.6164322281725685,-50.09168962399673,6.914561303722792,33.25564233191215,33.24962726492192,0.4055719177996906,20.0,0.0
120.80000000000001,6.509886328345231,-49.983339400717504,7.938071211848779,33.25521268426999,33.24930482635873,0.4054842021708467,20.0,0.0
120.85000000000001,7.401262453716417,-49.859046990980424,8.961564383085474,33.254790694419185,33.248991991148884,0.4053891241560237,20.0,0.0
120.9,8.290276206800062,-49.71885231623088,9.985041115901753,33.25437650132845,33.24868874917762,0.40528697694530536,20.0,0.0
120.95,9.176643957040703,-49.56280036547939,11.008501714171242,33.25397023331768,33.24839508243569,0.40517805129405104,20.0,0.0
121.0,10.060082930904242,-49.39094118050827,12.031946486757406,33.25357200825468,33.248110965261986,0.40506263534545894,20.0,0.0
121.05000000000001,10.940311301681344,-49.203329839488894,13.055375747106478,33.2531819337552,33.24783636458569,0.40494101446042663,20.0,0.0
121.10000000000001,11.817048278976003,-49.00002643901506,14.078789812848035,33.25280010738595,33.247571240167815,0.40481347105477283,20.0,0.0
121.15,12.690014197851903,-48.781096074558334,15.102189005403641,33.25242661687037,33.247315544842074,0.40468028444356463,20.0,0.0
121.2,13.558930607609325,-48.546608819351846,16.12557364960345,33.25206154029692,33.24706922475461,0.4045417306926353,20.0,0.0
121.25,14.423520360165414,-48.29663970170928,17.14894407331097,33.25170494632961,33.24683221960269,0.40439808247716513,20.0,0.0
121.30000000000001,15.283507698010782,-48.031268680786425,18.172300607056087,33.251356894420546,33.246604462871986,0.4042496089471612,20.0,0.0
121.35000000000001,16.138618341715496,-47.75058062079293,19.195643583676336,33.251017435024224,33.24638588207247,0.404096575599894,20.0,0.0
121.4,16.988579576957658,-47.45466526366252,20.218973337966503,33.25068660981338,33.24617639897252,0.40393924415909055,20.0,0.0
121.45,17.83312034104791,-47.143617200190235,21.242290206336804,33.250364451896175,33.245975929831275,0.4037778724608003,20.0,0.0
121.5,18.67197130892331,-46.817535839645814,22.26559452647935,33.250050986034395,33.245784385629086,0.4036127143459396,20.0,0.0
121.55000000000001,19.50486497858424,-46.47652537787265,23.288886637043294,33.24974622886259,33.245601672295756,0.40344401955923814,20.0,0.0
121.60000000000001,20.331535755948053,-46.120694763882355,24.312166877318408,33.24945018910781,33.24542769093661,0.40327203365471576,20.0,0.0
121.65,21.151720039093437,-45.75015766495528,25.335435586927236,33.249162867809865,33.24526233805621,0.403096997907312,20.0,0.0
121.7,21.96515630186957,-45.365032430257784,26.358693105525983,33.24888425854175,33.245105505779485,0.40291914923083993,20.0,0.0
121.75,22.77158517684434,-44.965442052987605,27.381939772513793,33.24861434763016,33.24495708207035,0.40273872010193656,20.0,0.0
121.80000000000001,23.570749537566098,-44.55151413105894,28.40517592675078,33.24835311437588,33.24481695094755,0.4025559384900319,20.0,0.0
121.85000000000001,24.362394580113538,-44.123380826339414,29.428401906284517,33.24810053127386,33.24468499269766,0.40237102779314426,20.0,0.0
121.9,25.146267903908605,-43.681178822451514,30.45161804808533,33.247856564232706,33.244561084085056,0.40218420677948075,20.0,0.0
121.95,25.92211959176742,-43.22504928115143,31.474824687789802,33.247621172793586,33.24444509855919,0.4019956895345729,20.0,0.0
122.0,26.68970228916449,-42.75513779729874,32.49802215945319,33.24739431034828,33.24433690645825,0.4018056854140397,20.0,0.0
122.05000000000001,27.448771282685676,-42.27159435243082,33.52121079531002,33.247175924356135,33.244236375209944,0.40161439900165163,20.0,0.0
122.10000000000001,28.199084577645593,-41.774573266956175,34.54439092554334,33.246965956559976,33.24414336952888,0.40142203007271604,20.0,0.0
122.15,28.94040297484539,-41.26423315098142,35.56756287806225,33.24676434320061,33.24405775161069,0.40122877356259323,20.0,0.0
122.2,29.672490146447043,-40.74073685378698,36.59072697828792,33.246571015229904,33.24397938132242,0.40103481954029263,20.0,0.0
122.25,30.39511271094059,-40.20425141196701,37.61388354894777,33.24638589852223,33.243908116389804,0.4008403531869007,20.0,0.0
122.30000000000001,31.108040307180982,-39.65494799624952,38.63703290987798,33.2462089140842,33.24384381258065,0.4006455547788619,20.0,0.0
122.35000000000001,31.811045667471426,-39.093001857012936,39.66017537783415,33.24603997826252,33.24378632388479,0.40045059967588514,20.0,0.0
122.4,32.503904689670485,-38.518592268515874,40.68331126631001,33.24587900294983,33.243735502690264,0.40025565831341936,20.0,0.0
122.45,33.18639650830031,-37.93190247185724,41.70644088536418,33.245725895788425,33.243691199955855,0.40006089619948426,20.0,0.0
122.5,33.85830356463388,-37.333119616684215,42.7295645414549,33.24558056037181,33.24365326537974,0.3998664739158926,20.0,0.0
122.55000000000001,34.51941167573912,-36.722434701665954,43.752682537282496,33.245442896443805,33.24362154756463,0.399672547123501,20.0,0.0
122.60000000000001,35.16951010245843,-36.10004251375139,44.77579517163971,33.2453128000953,33.24359589417856,0.3994792665716318,20.0,0.0
122.65,35.80839161630212,-35.46614156622978,45.798902739269614,33.24519016395839,33.24357615211249,0.39928677811133184,20.0,0.0
122.7,36.435852565234725,-34.820934035613014,46.822005530731126,33.24507487739797,33.243562167633435,0.39909522271242537,20.0,0.0
122.75,37.051692938333595,-34.164625697359234,47.84510383227195,33.244966826700505,33.243553786534015,0.39890473648429037,20.0,0.0
122.80000000000001,37.655716429299176,-33.497425860457454,48.86819792570892,33.24486589526004,33.243550854278,0.39871545070008807,20.0,0.0
122.85000000000001,38.24773049879703,-32.81954730089344,49.891288088315456,33.24477196376132,33.243553216141926,0.39852749182450964,20.0,0.0
122.9,38.82754643561189,-32.131206194017274,50.91437459271629,33.244684910359936,33.24356071735278,0.3983409815447416,20.0,0.0
122.95,39.394979416594246,-31.432622045833618,51.93745770678914,33.244604610859426,33.24357320322174,0.3981560368046573,20.0,0.0
123.0,39.94984856538054,-30.72401762323581,52.96053769357325,33.2445309388853,33.24359051927391,0.3979727698420632,20.0,0.0
123.05000000000001,40.49197700986829,-30.00561888320539,53.98361481118474,33.244463766055915,33.24361251137427,0.3977912882288379,20.0,0.0
123.10000000000001,41.02119193842778,-29.277654900999007,55.006689312738544,33.24440296215008,33.24363902584953,0.3976116949139126,20.0,0.0
123.15,41.53732465483246,-28.540357797344903,56.029761446276986,33.24434839527147,33.24366990960614,0.3974340882690015,20.0,0.0
123.2,42.04021063189045,-27.793962664671582,57.0528314547046,33.24429993200966,33.243705010244334,0.39725856213681965,20.0,0.0
123.25,42.52968956376008,-27.03870749239153,58.075899575729444,33.24425743759785,33.24374417616831,0.3970852058818295,20.0,0.0
123.30000000000001,43.005605416932546,-26.27483309126323,59.09896604181022,33.244220776067166,33.243787256692556,0.39691410444333286,20.0,0.0
123.35000000000001,43.467806479865494,-25.50258301685491,60.122031080109615,33.24418981039755,33.24383410214429,0.39674533839078663,20.0,0.0
123.4,43.916145411251435,-24.72220349213395,61.14509491245361,33.24416440266518,33.24388456396196,0.39657898398125013,20.0,0.0
123.45,44.350479286905504,-23.933943329205924,62.16815775529626,33.24414441418638,33.24393849479014,0.3964151132188647,20.0,0.0
123.5,44.77066964525741,-23.138053850227784,63.19121981969016,33.244129705658075,33.24399574857054,0.39625379391621607,20.0,0.0
123.55000000000001,45.17658253143291,-22.33478880751979,64.2142813112626,33.24412013729468,33.24405618062914,0.39609508975750884,20.0,0.0
123.60000000000001,45.568088539910434,-21.52440430290115,65.23734243019658,33.244115568961426,33.24411964775992,0.39593906036344606,20.0,0.0
123.65,45.945062855739124,-20.707158706274598,66.26040337121759,33.24411586030418,33.24418600830453,0.3957857613576934,20.0,0.0
123.7,46.30738529430483,-19.883312573485348,67.2834643235849,33.244120870875626,33.244255122228715,0.395635244434807,20.0,0.0
123.75,46.65494033963108,-19.05312856348018,68.30652547108808,33.24413046025799,33.244326851194785,0.39548755742958264,20.0,0.0
123.80000000000001,46.9876171812026,-18.216871354792566,69.32958699204829,33.244144488182044,33.24440105863074,0.39534274438767625,20.0,0.0
123.85000000000001,47.30530974929921,-17.37480756138011,70.35264905932398,33.244162814642664,33.244477609795844,0.39520084563741875,20.0,0.0
123.9,47.60791674882866,-16.52720564784063,71.37571184032127,33.244185300010756,33.24455637184268,0.3950618978627247,20.0,0.0
123.95,47.89534169164709,-15.674335844033614,72.39877549700873,33.24421180514161,33.24463721387583,0.39492593417699595,20.0,0.0
124.0,48.16749292735668,-14.816470059133819,73.4218401859361,33.24424219147976,33.24472000700718,0.3947929841979274,20.0,0.0
124.05000000000001,48.42428367257012,-13.95388179514414,74.44490605825744,33.24427632116029,33.24480462440787,0.39466307412319424,20.0,0.0
124.10000000000001,48.66563203863227,-13.086846059894935,75.46797325975797,33.24431405710655,33.244890941357,0.39453622680676403,20.0,0.0
124.15,48.891461057789854,-12.215639279557267,76.49104193088479,33.24435526312444,33.244978835287185,0.3944124618359268,20.0,0.0
124.2,49.101698707800345,-11.340539210697674,77.51411220678128,33.244399803993204,33.24506818582677,0.3942917956088934,20.0,0.0
124.25,49.296277934971876,-10.461824851902207,78.53718421732498,33.24444754555274,33.24515887483918,0.39417424141280577,20.0,0.0
124.30000000000001,49.475136675626416,-9.579776354997717,79.56025808716902,33.24449835478748,33.24525078645901,0.39405980950222386,20.0,0.0
124.35000000000001,49.638217875978945,-8.694674935898426,80.58333393578657,33.24455209990688,33.24534380712523,0.3939485071778819,20.0,0.0
124.4,49.785469510425905,-7.80680278510604,81.6064118775186,33.24460865042248,33.24543782561152,0.3938403388656866,20.0,0.0
124.45,49.91684459823668,-6.916442977891725,82.6294920216246,33.2446678772217,33.24553273305349,0.39373530619592856,20.0,0.0
124.5,50.03230121864234,-6.023879384188451,83.65257447233617,33.244729652638256,33.24562842297338,0.3936334080825148,20.0,0.0
124.55000000000001,50.1318025243165,-5.129396578222266,84.67565932891331,33.24479385051934,33.24572479130184,0.39353464080232925,20.0,0.0
124.60000000000001,50.21531675324347,-4.233279747911211,85.69874668570341,33.24486034628952,33.245821736397055,0.39343899807443705,20.0,0.0
124.65,50.282817238969635,-3.3358146040606367,86.7218366322025,33.244929017011486,33.24591915906126,0.39334647113928156,20.0,0.0
124.7,50.33428241923424,-2.4372872893838196,87.7449292531193,33.244999741443614,33.24601696255459,0.393257048837647,20.0,0.0
124.75,50.369695842976554,-1.5379842873767942,88.76802462844101,33.245072400094394,33.24611505260666,0.3931707176893937,20.0,0.0
124.80000000000001,50.38904617571666,-0.6381923310764239,89.79112283350157,33.245146875273846,33.24621333742542,0.39308746197190914,20.0,0.0
124.85000000000001,50.39232720330784,0.26180168826923034,90.81422393905173,33.245223051141814,33.246311727703855,0.3930072637982249,20.0,0.0
124.9,50.37953783405895,1.1617108125891338,91.83732801133118,33.24530081375339,33.246410136624185,0.39293010319467214,20.0,0.0
124.95,50.35068209922561,2.061248108406949,92.86043511214223,33.24538005110131,33.24650847986003,0.39285595817813146,20.0,0.0
125.0,50.30576915186982,2.9601267582589834,93.88354529892528,33.245460653155504,33.246606675576196,0.39278480483270073,20.0,0.0
125.05000000000001,50.24481326408791,3.8580601520832247,94.90665862483586,33.245542511899835,33.24670464442639,0.39271661738585806,20.0,0.0
125.10000000000001,50.167833822607335,4.754761978550272,95.9297751388229,33.245625521366016,33.246802309549054,0.3926513682839641,20.0,0.0
125.15,50.074855322753336,5.649946316306972,96.95289488570867,33.245709577664805,33.24689959656083,0.3925890282671318,20.0,0.0
125.2,49.965907360787114,6.543327725103577,97.97601790626945,33.24579457901452,33.24699643354852,0.3925295664433648,20.0,0.0
125.25,49.8410246246175,7.434621336775282,98.9991442373178,33.245880425766956,33.24709275105883,0.39247295036197016,20.0,0.0
125.30000000000001,49.7002468828889,8.32354294604901,100.02227391178558,33.24596702043066,33.247188482086514,0.3924191460861479,20.0,0.0
125.35000000000001,49.54361897244842,9.209809101146366,101.0454069588079,33.24605426769179,33.24728356206069,0.3923681182647911,20.0,0.0
125.4,49.37119078419619,10.093137194153744,102.06854340380782,33.24614207443243,33.24737792882952,0.3923198302033768,20.0,0.0
125.45,49.18301724732274,10.97324555113062,103.09168326858203,33.246230349746504,33.24747152264324,0.392274243933997,20.0,0.0
125.5,48.979158311938406,11.849853521927127,104.11482657138674,33.24631900495341,33.247564286135606,0.39223132028441654,20.0,0.0
125.55000000000001,48.75967893009992,12.722681569682123,105.13797332702451,33.246407953609285,33.24765616430394,0.39219101894617836,20.0,0.0
125.60000000000001,48.52464903523997,13.591451359973037,106.1611235469313,33.24649711151604,33.247747104487615,0.39215329854170733,20.0,0.0
125.65,48.274143520005985,14.455885849588855,107.18427723926386,33.2465863967283,33.24783705634525,0.3921181166904262,20.0,0.0
125.7,48.0082422125151,15.315709374897763,108.2074344089874,33.246675729558085,33.24792597183067,0.39208543007372043,20.0,0.0
125.75,47.72702985103244,16.17064773978107,109.23059505796361,33.24676503257755,33.24801380516733,0.3920551944989441,20.0,0.0
125.80000000000001,47.43059605708072,17.020428303105152,110.25375918503856,33.246854230619675,33.248100512821814,0.3920273649622459,20.0,0.0
125.85000000000001,47.11903530698947,17.864780065703286,111.27692678613079,33.24694325077697,33.248186053476125,0.3920018957102869,20.0,0.0
125.9,46.792446901892724,18.70343375683948,112.30009785431926,33.247032022398336,33.24827038799875,0.3919787403008499,20.0,0.0
125.95,46.45093493618461,19.536121920126423,113.32327237993118,33.24712047708408,33.24835347941496,0.3919578516622053,20.0,0.0
126.0,46.09460826444268,20.36257899886997,114.34645035062971,33.24720854867915,33.248435292875875,0.3919391821514182,20.0,0.0
126.05000000000001,45.72358046682936,21.182541420812715,115.36963175150134,33.24729617326462,33.24851579562671,0.3919226836113694,20.0,0.0
126.10000000000001,45.33796981298245,21.995747682249355,116.39281656514312,33.24738328914763,33.24859495697416,0.39190830742656146,20.0,0.0
126.15,44.93789922440597,22.80193843148682,117.41600477174892,33.247469836849525,33.24867274825316,0.39189600457778084,20.0,0.0
126.2,44.52349623537328,23.60085655162228,118.4391963491962,33.24755575909264,33.24874914279242,0.39188572569546665,20.0,0.0
126.25,44.09489295235482,24.392247242612385,119.46239127313129,33.247641000785485,33.24882411587972,0.3918774211118503,20.0,0.0
126.30000000000001,43.65222601198325,25.175858102607368,120.4855895170547,33.24772550900651,33.24889764472632,0.39187104091183045,20.0,0.0
126.35000000000001,43.195636537569385,25.951439208523745,121.50879105240563,33.24780923298649,33.248969708430764,0.3918665349826327,20.0,0.0
126.4,42.72527009418262,26.718743195829745,122.53199584864566,33.24789212408965,33.249040287942194,0.3918638530621692,20.0,0.0
126.45,42.2412766423102,27.477525337517736,123.55520387334208,33.247974135793406,33.24910936602308,0.3918629447861406,20.0,0.0
126.5,41.74381049010995,28.227543622238233,124.57841509224988,33.24805522366695,33.24917692721155,0.39186375973383036,20.0,0.0
126.55000000000001,41.23303024427176,28.96855883157032,125.60162946939336,33.24813534534871,33.24924295778329,0.3918662474727199,20.0,0.0
126.60000000000001,40.70909875950334,29.700334616403598,126.62484696714677,33.248214460522604,33.24930744571298,0.39187035760171085,20.0,0.0
126.65,40.17218308665643,30.42263757240707,127.64806754631387,33.248292530893345,33.24937038063548,0.39187603979315355,20.0,0.0
126.7,39.62245441950995,31.13523731456065,128.67129116620666,33.248369520160644,33.24943175380672,0.3918832438335613,20.0,0.0
126.75,39.06008804022703,31.837906550725307,129.69451778472308,33.248445393992505,33.24949155806434,0.3918919196630668,20.0,0.0
126.80000000000001,38.4852632635034,32.5304211542281,130.71774735842365,33.248520119997636,33.249549787788105,0.39190201741362785,20.0,0.0
126.85000000000001,37.89816337942487,33.2125602354388,131.7409798426071,33.24859366769695,33.249606438860134,0.3919134874458905,20.0,0.0
126.9,37.29897559505225,33.88410621231501,132.7642151913847,33.24866600849432,33.24966150862504,0.39192628038491506,20.0,0.0
126.95,36.68789097475225,34.544844879893056,133.7874533577539,33.24873711564651,33.2497149958499,0.39194034715453085,20.0,0.0
127.0,36.0651043792936,35.19456547870229,134.81069429367008,33.24880696423247,33.24976690068438,0.39195563901053276,20.0,0.0
127.05000000000001,35.430814403727666,35.83306076208077,135.83393795011787,33.24887553112189,33.24981722462056,0.39197210757253487,20.0,0.0
127.10000000000001,34.78522331407361,36.460127062370695,136.8571842771807,33.248942794943225,33.24986597045291,0.39198970485474405,20.0,0.0
127.15,34.128536982828244,37.07556435597216,137.8804332241094,33.24900873605106,33.24991314223839,0.39200838329534804,20.0,0.0
127.2,33.46096482332124,37.67917632723446,138.90368473938932,33.249073336493005,33.24995874525651,0.39202809578482345,20.0,0.0
127.25,32.78271972293676,38.27077043116421,139.92693877080646,33.24913657997612,33.25000278596946,0.3920487956929506,20.0,0.0
127.30000000000001,32.09401797522282,38.85015795493027,140.95019526551192,33.24919845183278,33.25004527198256,0.39207043689469856,20.0,0.0
127.35000000000001,31.39507921091019,39.41715407814553,141.9734541700852,33.24925893898634,33.25008621200483,0.3920929737949024,20.0,0.0
127.4,30.686126327862908,39.9715779319063,142.99671543059645,33.249318029916225,33.250125615809594,0.3921163613518033,20.0,0.0
127.45,29.96738541998283,40.51325265657021,144.01997899266664,33.24937571462289,33.250163494195526,0.39214055509938817,20.0,0.0
127.5,29.239085705091046,41.04200545825409,145.0432448015273,33.24943198459237,33.250199858947816,0.3921655111686775,20.0,0.0
127.55000000000001,28.501459451809254,41.55766766403367,146.06651280207785,33.24948683276062,33.25023472279977,0.39219118630779803,20.0,0.0
127.60000000000001,27.754741905464513,42.060074775827374,147.08978293894256,33.2495402534777,33.25026809939444,0.3922175379010113,20.0,0.0
127.65,26.999171213041162,42.54906652294679,148.11305515652532,33.24959224247175,33.250300003246906,0.39224452398664056,20.0,0.0
127.7,26.234988347203945,43.024486913297075,149.13632939906353,33.249642796812836,33.250330449706624,0.3922721032739105,20.0,0.0
127.75,25.462437029416716,43.48618428321076,150.1596056106801,33.24969191487667,33.2503594549205,0.3923002351587286,20.0,0.0
127.80000000000001,24.681763652181367,43.93401134589897,151.1828837354347,33.24973959630838,33.25038703579583,0.392328879738443,20.0,0.0
127.85000000000001,23.893217200421912,44.367825238504516,152.2061637173728,33.24978584198605,33.250413209964265,0.39235799782557734,20.0,0.0
127.9,23.097049172038947,44.78748756774171,153.22944550057403,33.249830653984496,33.25043799574565,0.39238755096054234,20.0,0.0
127.95,22.29351349765997,45.19286445410836,154.25272902919852,33.249874035538866,33.250461412112834,0.3924175014233455,20.0,0.0
128.0,21.482866459611266,45.58382657465569,155.27601424753232,33.249915991008436,33.25048347865647,0.39244781224441283,20.0,0.0
128.05,20.66536661013738,45.960249204302436,156.29930110003116,33.24995652584044,33.25050421555054,0.39247844721435854,20.0,0.0
128.1,19.841274688894366,46.322012255679994,157.3225895313626,33.24999564653402,33.25052364351859,0.3925093708928884,20.0,0.0
128.15,19.010853539743305,46.66900031749572,158.34587948644744,33.25003336060435,33.25054178379986,0.392540548616779,20.0,0.0
128.20000000000002,18.174368026870745,47.001102691402224,159.3691709104988,33.250069676546886,33.250558658116695,0.3925719465069477,20.0,0.0
128.25,17.332084950262974,47.31821342736073,160.3924637490607,33.25010460380187,33.25057428864184,0.39260353147467697,20.0,0.0
128.3,16.484272960561213,47.620231357487306,161.41575794804476,33.25013815271901,33.25058869796679,0.3926352712269505,20.0,0.0
128.35,15.631202473325057,47.90706012837103,162.43905345376544,33.25017033452242,33.25060190907036,0.3926671342710364,20.0,0.0
128.4,14.773145582731608,48.17860823185382,163.4623502129744,33.250201161275854,33.25061394528796,0.39269908991812486,20.0,0.0
128.45000000000002,13.910375974738006,48.43478903426213,164.485648172893,33.25023064584815,33.25062483028156,0.39273110828631985,20.0,0.0
128.5,13.043168839735152,48.67552080408104,165.50894728124374,33.250258801879106,33.250634588010044,0.39276316030272795,20.0,0.0
128.55,12.171800784720665,48.90072673806207,166.53224748628028,33.250285643745606,33.25064324270028,0.3927952177049292,20.0,0.0
128.6,11.296549745019169,49.11033498575631,167.5555487368162,33.25031118652808,33.2506508188187,0.3928272530416095,20.0,0.0
128.65,10.41769489557824,49.30427867246502,168.57885098225236,33.25033544597741,33.25065734104379,0.3928592396724966,20.0,0.0
128.70000000000002,9.535516561868418,49.48249592060044,169.602154172603,33.250358438482145,33.25066283423871,0.3928911517676923,20.0,0.0
128.75,8.650296130415821,49.64492986945006,170.62545825852064,33.250380181036185,33.25066732342498,0.39292296430622287,20.0,0.0
128.8,7.762315958996041,49.7915286933379,171.64876319131972,33.25040069120681,33.25067083375656,0.3929546530740353,20.0,0.0
128.85,6.871859286518069,49.922245618177264,172.67206892299868,33.25041998710323,33.25067339049468,0.39298619466129026,20.0,0.0
128.9,5.979210142627127,50.0370389364095,173.6953754062614,33.25043808734547,33.250675018983195,0.39301756645910046,20.0,0.0
128.95000000000002,5.0846532570553356,50.135872020324236,174.71868259453697,33.250455011033885,33.250675744624616,0.3930487466556656,20.0,0.0
129.0,4.188473968749259,50.21871333375668,175.74199044199833,33.25047077771894,33.25067559285689,0.3930797142318099,20.0,0.0
129.05,3.2909581348034083,50.28553644215853,176.76529890357983,33.25048540737165,33.250674589130696,0.39311044895603686,20.0,0.0
129.1,2.392392039228864,50.33632002103909,177.7886079349937,33.25049892035444,33.25067275888746,0.3931409313790084,20.0,0.0
129.15,1.4930623015861995,50.37104786277417,178.81191749274532,33.25051133739251,33.2506701275378,0.3931711428275193,20.0,0.0
129.20000000000002,0.593255785511968,50.38970888178048,179.83522753414712,33.250522679545746,33.25066672044107,0.3932010653979958,20.0,0.0
129.25,-0.30674049283199945,50.39229711805406,-179.14146198266803,33.250532968181126,33.25066256288505,0.3932306819495608,20.0,0.0
129.3,-1.2066394563571827,50.37881173907157,-178.1181510987352,33.2505422249457,33.25065768006659,0.3932599760965445,20.0,0.0
129.35,-2.106154058665551,50.34925704005403,-177.09483985424623,33.25055047174005,33.250652097072766,0.3932889322007185,20.0,0.0
129.4,-3.004997375656032,50.30364244259279,-176.07152828853992,33.250557730692385,33.25064583886267,0.3933175353629821,20.0,0.0
129.45000000000002,-3.902882697090968,50.241982491638524,-175.04821644009326,33.25056402413312,33.25063893024992,0.3933457714147437,20.0,0.0
129.5,-4.799523618093294,50.164296850854,-174.0249043465134,33.25056937457003,33.25063139588571,0.39337362690888256,20.0,0.0
129.55,-5.694634130545171,50.070610296332354,-173.0015920445309,33.25057380466401,33.250623260242584,0.39340108911040517,20.0,0.0
129.6,-6.587928714358877,49.960952708682896,-171.97827956999365,33.25057733720533,33.250614547598644,0.3934281459866824,20.0,0.0
129.65,-7.4791224285907605,49.835359063487054,-170.95496695786179,33.25057999509057,33.25060528202259,0.39345478619748775,20.0,0.0
129.70000000000002,-8.367931002369168,49.693869420127584,-169.93165424220373,33.250581801299994,33.25059548735927,0.3934809990846162,20.0,0.0
129.75,-9.254070925607273,49.536528908994676,-168.90834145619272,33.25058277887566,33.2505851872158,0.39350677466130435,20.0,0.0
129.8,-10.137259539471826,49.36338771707314,-167.88502863210456,33.250582950899954,33.25057440494843,0.39353210360134483,20.0,0.0
129.85,-11.01721512657894,49.17450107191533,-166.86171580131594,33.25058234047484,33.2505631636498,0.39355697722796634,20.0,0.0
129.9,-11.893657000888105,48.96992922400502,-165.83840299430375,33.25058097070163,33.250551486136985,0.39358138750247207,20.0,0.0
129.95000000000002,-12.766305597265703,48.749737427517935,-164.81509024064505,33.2505788646613,33.25053939493991,0.39360532701267914,20.0,0.0
130.0,-13.634882560689451,48.51399591948513,-163.79177756901785,33.25057604539548,33.250526912290596,0.39362878896114495,20.0,0.0
130.05,-14.499110835065288,48.262779897365995,-162.76846500720276,33.25057253588799,33.25051406011272,0.3936517671532016,20.0,0.0
130.1,-15.358714751628344,47.996169495038075,-161.74515258208507,33.2505683590469,33.250500860011954,0.3936742559848412,20.0,0.0
130.15,-16.213420116899794,47.71424975721151,-160.72184031965782,33.25056353768726,33.25048733326666,0.39369625043046597,20.0,0.0
130.20000000000002,-17.062954300171505,47.41711061227624,-159.69852824502533,33.25055809451437,33.250473500819304,0.3937177460304184,20.0,0.0
130.25,-17.9070463204906,47.10484684359081,-158.67521638240757,33.25055205210757,33.25045938326825,0.393738738878497,20.0,0.0
130.3,-18.745426933116143,46.777558059221995,-157.65190475514504,33.250545432904765,33.25044500086023,0.3937592256092799,20.0,0.0
130.35,-19.57782871542039,46.435348660144896,-156.62859338570422,33.2505382591873,33.250430373483155,0.3937792033854066,20.0,0.0
130.4,-20.40398615220722,46.07832780691386,-155.60528229568376,33.25053055306557,33.25041552065967,0.393798669884724,20.0,0.0
130.45000000000002,-21.223635720420504,45.70660938481485,-154.58197150582103,33.25052233646515,33.250400461540984,0.39381762328741843,20.0,0.0
130.5,-22.03651597321542,45.32031196751041,-153.5586610359994,33.25051363111343,33.2503852149013,0.39383606226306966,20.0,0.0
130.55,-22.84236762336592,44.91955877918908,-152.5353509052559,33.25050445852684,33.25036979913272,0.3938539859576409,20.0,0.0
130.6,-23.640933625981745,44.50447765523114,-151.5120411317896,33.25049483999869,33.25035423224068,0.39387139398046145,20.0,0.0
130.65,-24.43195926050859,44.07520100140357,-150.48873173297002,33.25048479658741,33.25033853183963,0.393888286391217,20.0,0.0
130.70000000000002,-25.215192211985375,43.6318657515971,-149.46542272534649,33.25047434910542,33.25032271514946,0.39390466368685395,20.0,0.0
130.75,-25.990382651532595,43.17461332411903,-148.4421141246577,33.25046351810857,33.250306798992185,0.3939205267885768,20.0,0.0
130.8,-26.757283316046237,42.70358957655578,-147.41880594584165,33.250452323885966,33.25029079978905,0.3939358770287953,20.0,0.0
130.85,-27.515649587071774,42.218944759219596,-146.395498203046,33.250440786450476,33.2502747335582,0.3939507161381286,20.0,0.0
130.9,-28.265239568833135,41.72083346719441,-145.37219090963902,33.25042892552959,33.25025861591263,0.3939650462324664,20.0,0.0
130.95000000000002,-29.005814165391826,41.20941459099611,-144.34888407822044,33.25041676055695,33.25024246205858,0.3939788697999944,20.0,0.0
131.0,-29.737137156911583,40.68485126586311,-143.3255777206331,33.250404310664216,33.25022628679435,0.3939921896883902,20.0,0.0
131.05,-30.458975275004278,40.14731081969334,-142.30227184797468,33.25039159467351,33.25021010450942,0.394005009091984,20.0,0.0
131.1,-31.171098277133105,39.59696471964445,-141.27896647060962,33.250378631090356,33.25019392918411,0.3940173315390396,20.0,0.0
131.15,-31.873279020049328,39.03398851741417,-140.25566159818163,33.250365438097056,33.250177774389314,0.39402916087914974,20.0,0.0
131.20000000000002,-32.56529353223921,38.45856179321847,-139.23235723962614,33.250352033546505,33.25016165328692,0.3940405012706307,20.0,0.0
131.25,-33.24692108535809,37.87086809848526,-138.20905340318328,33.25033843495653,33.25014557863033,0.39405135716810946,20.0,0.0
131.3,-33.917944264628794,37.27109489728215,-137.18575009641077,33.25032465950466,33.25012956276535,0.39406173331017413,20.0,0.0
131.35,-34.578149038182076,36.65943350649681,-136.16244732619728,33.25031072402329,33.2501136176316,0.3940716347071245,20.0,0.0
131.4,-35.22732482531692,36.03607903478922,-135.13914509877588,33.25029664499531,33.25009775476382,0.39408106662889253,20.0,0.0
131.45000000000002,-35.865264563659025,35.40123032033513,-134.11584341973756,33.2502824385502,33.25008198529398,0.3940900345930558,20.0,0.0
131.5,-36.49176477519609,34.75508986738081,-133.09254229404507,33.25026812046047,33.25006631995322,0.3940985443529712,20.0,0.0
131.55,-37.106625631168896,34.0978637816292,-132.06924172604684,33.25025370613853,33.25005076907448,0.3941066018861079,20.0,0.0
131.6,-37.70965101579752,33.42976170447819,-131.04594171949097,33.25023921063396,33.250035342595,0.39411421338245134,20.0,0.0
131.65,-38.3006485888224,32.750996746132,-130.02264227753938,33.250224648631175,33.25002005005937,0.39412138523314155,20.0,0.0
131.70000000000002,-38.87942984684037,32.06178541760705,-128.99934340278196,33.25021003444747,33.250004900622784,0.39412812401918274,20.0,0.0
131.75,-39.44581018341614,31.362347561653916,-127.97604509725099,33.25019538203142,33.24998990305435,0.39413443650040847,20.0,0.0
131.8,-39.99960894795012,30.652906282617632,-126.95274736243546,33.25018070496163,33.24997506574088,0.39414032960450385,20.0,0.0
131.85,-40.5406495032838,29.93368787525849,-125.92945019929546,33.25016601644586,33.24996039669072,0.3941458104163331,20.0,0.0
131.9,-41.068759282024445,29.20492175255621,-124.9061536082766,33.250151329320495,33.24994590353786,0.3941508861673313,20.0,0.0
131.95000000000002,-41.58376984157111,28.46684037252049,-123.88285758932452,33.25013665605031,33.249931593546236,0.3941555642251231,20.0,0.0
132.0,-42.085516917824556,27.719679164031238,-122.85956214189939,33.25012200872858,33.249917473614296,0.3941598520832983,20.0,0.0
132.05,-42.57384047756389,26.963676451732198,-121.83626726499031,33.250107399077564,33.249903550279505,0.3941637573514569,20.0,0.0
132.1,-43.048584769473365,26.199073380001924,-120.8129729571298,33.25009283844913,33.24988982972336,0.3941672877453115,20.0,0.0
132.15,-43.50959837380304,25.426113836026325,-119.78967921640826,33.25007833782586,33.24987631777632,0.3941704510771089,20.0,0.0
132.20000000000002,-43.95673425064753,24.64504437199735,-118.76638604048826,33.25006390782232,33.24986301992298,0.39417325524616587,20.0,0.0
132.25,-44.38984978682753,23.85611412646261,-117.74309342661897,33.250049558686655,33.24984994130736,0.394175708229632,20.0,0.0
132.3,-44.80880684135917,23.05957474485102,-116.71980137165038,33.25003530030242,33.24983708673844,0.39417781807346586,20.0,0.0
132.35,-45.213471789496694,22.255680299199813,-115.69650987204756,33.25002114219071,33.249824460695606,0.3941795928835816,20.0,0.0
132.4,-45.60371556533458,21.444687207108522,-114.67321892390467,33.25000709351249,33.24981206733444,0.39418104081723726,20.0,0.0
132.45000000000002,-45.97941370295546,20.626854149945753,-113.64992852295912,33.2499931630712,33.249799910492506,0.3941821700745791,20.0,0.0
132.5,-46.34044637611079,19.80244199033485,-112.62663866460538,33.24997935931558,33.249787993695215,0.39418298889045644,20.0,0.0
132.55,-46.686698436421636,18.971713688944742,-111.60334934390886,33.2499656903427,33.249776320161885,0.39418350552638515,20.0,0.0
132.6,-47.01805945008746,18.13493422061252,-110.58006055561961,33.249952163901206,33.24976489281179,0.39418372826275316,20.0,0.0
132.65,-47.334423733091235,17.292370489824453,-109.55677229418583,33.249938787394825,33.249753714270376,0.3941836653912105,20.0,0.0
132.70000000000002,-47.63569038488962,16.444291245582388,-108.53348455376742,33.24992556788593,33.249742786875494,0.39418332520731525,20.0,0.0
132.75,-47.92176332057764,15.590966995682717,-107.51019732824913,33.24991251209948,33.24973211268364,0.39418271600332133,20.0,0.0
132.8,-48.19255130151749,14.732669920435153,-106.48691061125386,33.24989962642692,33.2497216934764,0.39418184606125806,20.0,0.0
132.85,-48.44796796442181,13.869673785848894,-105.46362439615547,33.24988691693046,33.249711530766874,0.3941807236461159,20.0,0.0
132.9,-48.68793184888215,13.00225385631378,-104.4403386760918,33.24987438934735,33.249701625806054,0.39417935699935214,20.0,0.0
132.95000000000002,-48.912366423333964,12.130686806804315,-103.41705344397715,33.249862049094396,33.24969197958939,0.39417775433253155,20.0,0.0
133.0,-49.12120010944969,11.25525063463451,-102.39376869251491,33.24984990127261,33.24968259286332,0.3941759238212015,20.0,0.0
133.05,-49.314366304952394,10.376224570791685,-101.37048441420974,33.249837950671946,33.249673466131746,0.39417387359897305,20.0,0.0
133.1,-49.49180340484256,9.493888990877462,-100.34720060137977,33.249826201776216,33.24966459966273,0.39417161175178705,20.0,0.0
133.15,-49.653454821031325,8.608525325684358,-99.32391724616846,33.249814658768116,33.24965599349491,0.3941691463124286,20.0,0.0
133.20000000000002,-49.79926900037399,7.720415971436456,-98.30063434055643,33.249803325534316,33.24964764744426,0.39416648525522646,20.0,0.0
133.25,-49.92919944109795,6.829844199722756,-97.2773518763728,33.249792205670744,33.2496395611105,0.3941636364909087,20.0,0.0
133.3,-50.04320470761994,5.937094067151918,-96.25406984530679,33.24978130248787,33.2496317338838,0.3941606078617568,20.0,0.0
133.35,-50.14124844374782,5.042450324757166,-95.23078823891852,33.24977061901615,33.249624164951335,0.3941574071368592,20.0,0.0
133.4,-50.22329938426272,4.146198327180245,-94.20750704865023,33.24976015801152,33.24961685330379,0.39415404200764925,20.0,0.0
133.45000000000002,-50.28933136487788,3.248623941663346,-93.18422626583671,33.24974992196096,33.249609797741876,0.39415052008356355,20.0,0.0
133.5,-50.339323330571055,2.3500134568780116,-92.16094588171595,33.24973991308817,33.24960299688289,0.3941468488879494,20.0,0.0
133.55,-50.373259342287696,1.4506534916200686,-91.13766588743931,33.24973013335922,33.24959644916716,0.39414303585412114,20.0,0.0
133.6,-50.39112858201301,0.5508309033996799,-90.11438627408161,33.24972058448836,33.249590152864535,0.39413908832165845,20.0,0.0
133.65,-50.39292535621108,-0.34916730304435595,-89.09110703265085,33.2497112679438,33.249584106080604,0.3941350135328463,20.0,0.0
133.70000000000002,-50.378649097630074,-1.2490540672769055,-88.0678281540979,33.24970218495357,33.24957830676325,0.3941308186293071,20.0,0.0
133.75,-50.348304365472956,-2.14854236471624,-87.04454962932576,33.249693336511406,33.249572752708865,0.3941265106488743,20.0,0.0
133.8,-50.30190084393359,-3.0473452981720364,-86.02127144919878,33.24968472338266,33.24956744156857,0.3941220965225085,20.0,0.0
133.85,-50.23945333909881,-3.9451761893424786,-84.99799360455147,33.24967634611022,33.24956237085447,0.394117583071548,20.0,0.0
133.9,-50.160981774217376,-4.841748670241295,-83.9747160861972,33.24966820502053,33.249557537945726,0.3941129770050722,20.0,0.0
133.95000000000002,-50.06651118333732,-5.73677677452561,-82.95143888493668,33.249660300229465,33.24955294009463,0.3941082849173654,20.0,0.0
134.0,-49.95607170331376,-6.629975028695493,-81.92816199156603,33.2496526316484,33.249548574432694,0.3941035132856783,20.0,0.0
134.05,-49.82969856418973,-7.521058543136164,-80.90488539688488,33.24964519899014,33.24954443797643,0.39409866846804675,20.0,0.0
134.1,-49.687432077952984,-8.40974310297382,-79.88160909170404,33.249638001774876,33.24954052763334,0.39409375670135915,20.0,0.0
134.15,-49.52931762567256,-9.295745258716154,-78.858333066853,33.249631039336194,33.2495368402076,0.39408878409949466,20.0,0.0
134.20000000000002,-49.355405643019004,-10.178782416648655,-77.83505731318726,33.24962431082701,33.24953337240585,0.39408375665171036,20.0,0.0
134.25,-49.16575160417296,-11.058572928957911,-76.81178182159526,33.2496178152255,33.249530120842735,0.3940786802211207,20.0,0.0
134.3,-48.960416004127275,-11.934836183553172,-75.78850658300527,33.24961155134102,33.24952708204653,0.3940735605433261,20.0,0.0
134.35,-48.7394643393882,-12.807292693557557,-74.76523158839191,33.24960551781999,33.24952425246441,0.39406840322526193,20.0,0.0
134.4,-48.50296708708186,-13.675664186440384,-73.74195682878259,33.24959971315173,33.249521628468116,0.39406321374408293,20.0,0.0
134.45000000000002,-48.25099968247266,-14.53967369276222,-72.71868229526352,33.24959413567433,33.24951920635888,0.3940579974462679,20.0,0.0
134.5,-47.983642494900735,-15.399045634504345,-71.69540797898563,33.249588783580364,33.24951698237291,0.39405275954684527,20.0,0.0
134.55,-47.70098080214624,-16.253505912954527,-70.67213387117027,33.249583654922695,33.24951495268626,0.3940475051287393,20.0,0.0
134.6,-47.40310476322844,-17.10278199612103,-69.64885996311466,33.24957874762009,33.24951311341992,0.39404223914224445,20.0,0.0
134.65,-47.09010938964847,-17.946603005647063,-68.62558624619705,33.24957405946294,33.24951146064464,0.3940369664046557,20.0,0.0
134.70000000000002,-46.76209451508478,-18.7846998031979,-67.60231271188178,33.249569588118774,33.2495099903859,0.39403169160000573,20.0,0.0
134.75,-46.419164763551024,-19.616805076293193,-66.579039351724,33.24956533113786,33.24950869862833,0.3940264192788945,20.0,0.0
134.8,-46.06142951602641,-20.442653423557083,-65.55576615737434,33.2495612859586,33.24950758132053,0.39402115385851033,20.0,0.0
134.85,-45.68900287556928,-21.261981439358944,-64.53249312058314,33.24955744991303,33.24950663437946,0.3940158996226657,20.0,0.0
134.9,-45.30200363092496,-22.074527797817783,-63.50922023320472,33.24955382023206,33.24950585369485,0.3940106607220528,20.0,0.0
134.95000000000002,-44.90055521863942,-22.880033336143512,-62.485947487201244,33.24955039405083,33.24950523513353,0.39400544117450664,20.0,0.0
135.0,-44.484785683690966,-23.67824113728852,-61.46267487464644,33.249547168413876,33.24950477454351,0.3940002448654525,20.0,0.0
135.05,-44.054827638652334,-24.468896611883213,-60.43940238772914,33.24954414028028,33.249504467758115,0.3939950755483892,20.0,0.0
135.1,-43.6108182213963,-25.251747579429374,-59.416130018756654,33.2495413065287,33.24950431059998,0.39398993684553574,20.0,0.0
135.15,-43.15289905135826,-26.026544348725473,-58.392857760157895,33.24953866396236,33.249504298884965,0.3939848322484849,20.0,0.0
135.20000000000002,-42.6812161843697,-26.793039797498295,-57.369585604486204,33.24953620931397,33.24950442842566,0.3939797651190631,20.0,0.0
135.25,-42.19592006607695,-27.55098945121547,-56.34631354442227,33.249533939250526,33.24950469503542,0.3939747386901544,20.0,0.0
135.3,-41.69716548396006,-28.300151561053795,-55.32304157277653,33.24953185037802,33.24950509453159,0.3939697560667099,20.0,0.0
135.35,-41.18511151796712,-29.04028718099848,-54.29976968249168,33.24952993924613,33.249505622739136,0.3939648202267634,20.0,0.0
135.4,-40.65992148977968,-29.77116024404874,-53.276497866644775,33.24952820235278,33.249506275493886,0.3939599340226039,20.0,0.0
135.45000000000002,-40.12176291072548,-30.49253763750543,-52.25322611844929,33.24952663614857,33.24950704864584,0.3939551001819268,20.0,0.0
135.5,-39.57080742835514,-31.204189277316697,-51.22995443125692,33.249525237041226,33.24950793806218,0.3939503213091271,20.0,0.0
135.55,-39.0072307716997,-31.905888181457982,-50.20668279855931,33.24952400139987,33.249508939630424,0.39394559988666344,20.0,0.0
135.6,-38.43121269522659,-32.59741054232292,-49.183411213989494,33.2495229255592,33.24951004926125,0.3939409382764083,20.0,0.0
135.65,-37.842936921511786,-33.2785357981021,-48.160139671323314,33.24952200582363,33.24951126289139,0.3939363387211756,20.0,0.0
135.70000000000002,-37.2425910826465,-33.94904670312686,-47.136868164480504,33.249521238471324,33.249512576486204,0.39393180334622,20.0,0.0
135.75,-36.630366660396994,-34.608729397155784,-46.1135966875258,33.2495206197581,33.24951398604245,0.39392733416079295,20.0,0.0
135.8,-36.006458925136705,-35.25737347358166,-45.090325234669756,33.24952014592127,33.24951548759068,0.39392293305985504,20.0,0.0
135.85,-35.37106687356998,-35.894772046537256,-44.0670538002695,33.24951981318337,33.24951707719766,0.39391860182567484,20.0,0.0
135.9,-34.72439316526744,-36.52072181687849,-43.04378237882926,33.249519617755816,33.24951875096872,0.3939143421296123,20.0,0.0
135.95000000000002,-34.06664405803309,-37.13502313702392,-42.02051096500086,33.24951955584245,33.24952050504991,0.3939101555339022,20.0,0.0
136.0,-33.39802934212378,-37.73748007462984,-40.99723955358398,33.24951962364298,33.24952233563012,0.3939060434934447,20.0,0.0
136.05,-32.71876227334203,-38.32790047508079,-39.97396813952628,33.24951981735635,33.24952423894309,0.3939020073576742,20.0,0.0
136.1,-32.02905950502356,-38.90609602277537,-38.950696717923506,33.24952013318398,33.24952621126935,0.39389804837246345,20.0,0.0
136.15,-31.329141018941097,-39.47188230118802,-37.927425284019364,33.24952056733293,33.24952824893797,0.3938941676820349,20.0,0.0
136.20000000000002,-30.6192300551466,-40.025078851687354,-36.904153833205285,33.24952111601901,33.24953034832836,0.3938903663309503,20.0,0.0
136.25,-29.8995530407742,-40.56550923109254,-35.88088236102006,33.249521775469674,33.24953250587185,0.39388664526605055,20.0,0.0
136.3,-29.17033951782661,-41.09300106794915,-34.857610863149446,33.24952254192698,33.24953471805322,0.39388300533852316,20.0,0.0
136.35,-28.431822069967907,-41.60738611750665,-33.83433933542558,33.24952341165028,33.24953698141219,0.39387944730589197,20.0,0.0
136.4,-27.6842362483462,-42.10850031537994,-32.81106777382632,33.249524380918984,33.24953929254485,0.39387597183409895,20.0,0.0
136.45000000000002,-26.927820496469657,-42.596183829877866,-31.78779617447436,33.24952544603512,33.249541648104696,0.3938725794995861,20.0,0.0
136.5,-26.16281607415997,-43.070281112981895,-30.76452453363649,33.249526603325805,33.24954404480411,0.3938692707913489,20.0,0.0
136.55,-25.38946698060743,-43.530640949958865,-29.74125284772255,33.249527849145686,33.249546479415265,0.3938660461130965,20.0,0.0
136.6,-24.60801987655216,-43.97711650759179,-28.717981113284363,33.249529179879225,33.2495489487712,0.39386290578534755,20.0,0.0
136.65,-23.818724005616343,-44.40956538101345,-27.694709327014532,33.24953059194294,33.24955144976675,0.39385985004753366,20.0,0.0
136.70000000000002,-23.02183111481249,-44.82784963912781,-26.671437485745304,33.2495320817875,33.24955397935949,0.3938568790601664,20.0,0.0
136.75,-22.21759537425313,-45.231835868604676,-25.64816558644714,33.24953364589978,33.2495565345704,0.3938539929069762,20.0,0.0
136.8,-21.406273296087477,-45.62139521643369,-24.62489362622733,33.24953528080483,33.24955911248464,0.39385119159704374,20.0,0.0
136.85,-20.588123652690978,-45.99640343102396,-23.601621602328514,33.24953698306768,33.249561710252145,0.3938484750669389,20.0,0.0
136.9,-19.76340739413378,-46.35674090183627,-22.57834951212712,33.24953874929514,33.2495643250882,0.39384584318288773,20.0,0.0
136.95000000000002,-18.93238756495446,-46.70229269753523,-21.55507735313175,33.2495405761375,33.24956695427396,0.39384329574292565,20.0,0.0
137.0,-18.095329220265555,-47.03294860264909,-20.53180512298147,33.2495424602901,33.249569595156736,0.39384083247900037,20.0,0.0
137.05,-17.252499341217632,-47.3486031527257,-19.508532819444067,33.24954439849486,33.249572245150524,0.3938384530591321,20.0,0.0
137.1,-16.404166749848873,-47.64915566797315,-18.485260440414237,33.24954638754169,33.24957490173618,0.3938361570895381,20.0,0.0
137.15,-15.55060202334731,-47.934510285374564,-17.461987983911666,33.24954842426987,33.24957756246159,0.39383394411675,20.0,0.0
137.20000000000002,-14.692077407753073,-48.20457598926673,-16.438715448079193,33.249550505569275,33.24958022494192,0.393831813629717,20.0,0.0
137.25,-13.828866731128171,-48.45926664037269,-15.415442831180767,33.24955262838161,33.24958288685968,0.39382976506192335,20.0,0.0
137.3,-12.961245316221463,-48.6985010032792,-14.392170131599496,33.24955478970146,33.24958554596474,0.3938277977934277,20.0,0.0
137.35,-12.089489892656733,-48.92220277235016,-13.368897347835484,33.24955698657741,33.24958820007426,0.3938259111529945,20.0,0.0
137.4,-11.213878508671813,-49.13030059606779,-12.345624478503861,33.2495592161129,33.24959084707268,0.39382410442008364,20.0,0.0
137.45000000000002,-10.334690442436953,-49.32272809979376,-11.322351522332537,33.24956147546717,33.249593484911586,0.39382237682692534,20.0,0.0
137.5,-9.452206112980686,-49.499423906943,-10.29907847816005,33.24956376185606,33.24959611160935,0.3938207275605379,20.0,0.0
137.55,-8.566706990751625,-49.66033165856349,-9.275805344933431,33.249566072552724,33.2495987252512,0.39381915576468884,20.0,0.0
137.6,-7.678475507844695,-49.80540003131564,-8.252532121705892,33.24956840488833,33.249601323988564,0.39381766054192013,20.0,0.0
137.65,-6.787794967920458,-49.93458275384567,-7.2292588076345865,33.24957075625263,33.24960390603901,0.3938162409554735,20.0,0.0
137.70000000000002,-5.894949455846239,-50.04783862154764,-6.205985401978345,33.24957312409452,33.24960646968574,0.3938148960312162,20.0,0.0
137.75,-5.000223747087894,-50.1451315097095,-5.18271190409538,33.24957550592246,33.24960901327715,0.3938136247595594,20.0,0.0
137.8,-4.103903216881106,-50.22643038503889,-4.159438313440928,33.24957789930494,33.24961153522639,0.39381242609736233,20.0,0.0
137.85,-3.206273749211197,-50.29170931556502,-3.136164629564953,33.24958030187076,33.249614034010854,0.3938112989697444,20.0,0.0
137.9,-2.30762164563047,-50.340947478913534,-2.1128908521097314,33.24958271130934,33.24961650817153,0.3938102422719467,20.0,0.0
137.95000000000002,-1.4082335339421845,-50.37412916895157,-1.089616980807587,33.24958512537093,33.24961895631252,0.3938092548711438,20.0,0.0
138.0,-0.508396276780281,-50.39124380080103,-0.06634301547845027,33.24958754186675,33.24962137710036,0.39380833560817763,20.0,0.0
138.05,0.3916031198859754,-50.392285914218384,0.9569310439725104,33.24958995866915,33.249623769263394,0.3938074832993408,20.0,0.0
138.1,1.2914775982932514,-50.377255175339904,1.9802051975572283,33.24959237371159,33.24962613159097,0.3938066967380891,20.0,0.0
138.15,2.1909401404420983,-50.346156376791825,3.0034794452071565,33.249594784988695,33.24962846293284,0.3938059746966971,20.0,0.0
138.20000000000002,3.0897038596423947,-50.29899943616533,4.026753786775658,33.24959719055614,33.24963076219827,0.3938053159279633,20.0,0.0
138.25,3.9874820920170775,-50.23579939285688,5.050028222040349,33.24959958853057,33.249633028355355,0.3938047191667877,20.0,0.0
138.3,4.883988487934971,-50.15657640327488,6.073302750705464,33.24960197708949,33.249635260430146,0.3938041831317989,20.0,0.0
138.35,5.7789371033435435,-50.06135573441418,7.096577372404296,33.24960435447097,33.24963745750582,0.3938037065268958,20.0,0.0
138.4,6.672042490972461,-49.95016775580048,8.119852086701492,33.24960671897345,33.24963961872182,0.39380328804278264,20.0,0.0
138.45000000000002,7.563019791378842,-49.82304792980722,9.143126893095415,33.24960906895548,33.24964174327293,0.39380292635846814,20.0,0.0
138.5,8.451584823805165,-49.68003680034797,10.16640179102051,33.2496114028353,33.24964383040844,0.39380262014270784,20.0,0.0
138.55,9.337454176820845,-49.52117997994802,11.189676779849599,33.24961371909052,33.24964587943108,0.39380236805547497,20.0,0.0
138.6,10.220345298718572,-49.34652813519918,12.212951858896215,33.249616016257704,33.249647889696256,0.3938021687493105,20.0,0.0
138.65,11.099976587636558,-49.15613697060249,13.236227027416898,33.249618292931885,33.24964986061085,0.3938020208707087,20.0,0.0
138.70000000000002,11.976067481377957,-48.95006721080402,14.259502284613431,33.2496205477661,33.24965179163247,0.3938019230614245,20.0,0.0
138.75,12.848338546898795,-48.72838458122935,15.282777629635179,33.24962277947084,33.2496536822683,0.39380187395981636,20.0,0.0
138.8,13.716511569435863,-48.49115978712289,16.30605306158126,33.249624986813515,33.24965553207414,0.3938018722020189,20.0,0.0
138.85,14.580309641246142,-48.238468490998855,17.329328579502768,33.24962716861784,33.24965734065335,0.3938019164232571,20.0,0.0
138.9,15.439457249929452,-47.97039128851093,18.35260418240501,33.24962932376324,33.24965910765584,0.39380200525898346,20.0,0.0
138.95000000000002,16.293680366306134,-47.68701368274839,19.37587986924962,33.249631451184136,33.24966083277707,0.39380213734604297,20.0,0.0
139.0,17.14270653182176,-47.388426056966885,20.39915563895674,33.249633549869344,33.24966251575688,0.39380231132378185,20.0,0.0
139.05,17.986264945450937,-47.07472364576254,21.422431490407142,33.24963561886131,33.249664156378536,0.39380252583517716,20.0,0.0
139.1,18.82408655007256,-46.7460065046986,22.445707422444276,33.2496376572554,33.24966575446761,0.3938027795278245,20.0,0.0
139.15,19.655904118288856,-46.40237947839431,23.46898343387635,33.24963966419913,33.24966730989095,0.393803071055018,20.0,0.0
139.20000000000002,20.481452337660926,-46.04395216708613,24.492259523478392,33.249641638891404,33.24966882255552,0.39380339907667405,20.0,0.0
139.25,21.300467895333558,-45.6708388916721,25.515535689994234,33.2496435805817,33.249670292407394,0.3938037622603403,20.0,0.0
139.3,22.112689562022315,-45.2831586572503,26.53881193213845,33.24964548856924,33.24967171943067,0.39380415928205537,20.0,0.0
139.35,22.917858275336098,-44.88103511516326,27.56208824859834,33.2496473622022,33.24967310364637,0.39380458882727254,20.0,0.0
139.4,23.71571722240862,-44.46459652356022,28.585364638035774,33.24964920087678,33.24967444511134,0.39380504959168405,20.0,0.0
139.45000000000002,24.506011921812423,-44.03397570648996,29.608641099089173,33.249651004036394,33.24967574391717,0.3938055402820382,20.0,0.0
139.5,25.28849030472928,-43.58931001153721,30.631917630375202,33.24965277117074,33.24967700018916,0.39380605961693504,20.0,0.0
139.55,26.062902795351146,-43.13074126601606,31.65519423049072,33.249654501814916,33.249678214085186,0.3938066063275585,20.0,0.0
139.6,26.829002390485932,-42.65841573173454,32.67847089801443,33.2496561955485,33.24967938579464,0.3938071791584008,20.0,0.0
139.65,27.586544738342777,-42.17248405834461,33.701747631508674,33.249657851994655,33.249680515537406,0.3938077768679591,20.0,0.0
139.70000000000002,28.335288216471632,-41.67310123529249,34.725024429521135,33.24965947081914,33.2496816035627,0.39380839822936764,20.0,0.0
139.75,29.074994008832327,-41.16042654238476,35.74830129058643,33.2496610517294,33.24968265014811,0.3938090420310232,20.0,0.0
139.8,29.80542618196851,-40.63462349898585,36.771578213227826,33.249662594473584,33.24968365559845,0.3938097070771889,20.0,0.0
139.85,30.526351760262173,-40.09585981186324,37.79485519595878,33.24966409883965,33.2496846202448,0.3938103921885556,20.0,0.0
139.9,31.23754080024474,-39.54430732169692,38.818132237284466,33.2496655646543,33.249685544443416,0.3938110962027537,20.0,0.0
139.95000000000002,31.93876646394105,-38.98014194827024,39.84140933570331,33.24966699178209,33.24968642857466,0.3938118179748571,20.0,0.0
140.0,32.62980509122277,-38.4035436343596,40.86468648970848,33.24966838012442,33.249687273042134,0.39381255637788115,20.0,0.0
140.05,33.31043627114824,-37.8146962883409,41.887963697789274,33.249669729618546,33.24968807827147,0.39381331030319444,20.0,0.0
140.1,33.9804429122659,-37.21378772553102,42.911240958432565,33.249671040236606,33.24968884470948,0.3938140786609381,20.0,0.0
140.15,34.639611311858964,-36.601009608283086,43.93451827012417,33.249672311984675,33.24968957282306,0.3938148603804166,20.0,0.0
140.20000000000002,35.28773122410918,-35.97655738485461,44.95779563135009,33.249673544901704,33.24969026309827,0.3938156544104814,20.0,0.0
140.25,35.924595927157974,-35.34063022706798,45.981073040597856,33.2496747390586,33.24969091603943,0.39381645971980106,20.0,0.0
140.3,36.55000228904355,-34.69343096678329,47.0043504963578,33.24967589455723,33.24969153216798,0.39381727529723776,20.0,0.0
140.35,37.16375083249294,-34.03516603120359,48.02762799712417,33.24967701152943,33.24969211202174,0.39381810015206753,20.0,0.0
140.4,37.76564579854834,-33.36604537703339,49.050905541396354,33.24967809013602,33.24969265615388,0.39381893331426454,20.0,0.0
140.45000000000002,38.35549520900743,-32.68628242351131,50.07418312768005,33.249679130565866,33.249693165131994,0.39381977383472844,20.0,0.0
140.5,38.93311092765769,-31.996093984338245,51.09746075448829,33.24968013303488,33.249693639537206,0.3938206207854833,20.0,0.0
140.55,39.498308720285294,-31.29570019852281,52.1207384203425,33.24968109778504,33.24969407996336,0.3938214732598553,20.0,0.0
140.6,40.05090831343942,-30.585324460166063,53.144016123773504,33.249682025083494,33.24969448701608,0.39382233037263603,20.0,0.0
140.65,40.5907334519331,-29.865193347207956,54.167293863322584,33.24968291522154,33.24969486131192,0.3938231912602035,20.0,0.0
140.70000000000002,41.11761195506243,-29.135536549158218,55.19057163754236,33.249683768513705,33.24969520347748,0.3938240550806711,20.0,0.0
140.75,41.631375771526145,-28.396586793834736,56.213849444997706,33.24968458529683,33.24969551414872,0.3938249210139162,20.0,0.0
140.8,42.13186103302801,-27.648579773132788,57.23712728426659,33.24968536592911,33.24969579396998,0.3938257882617151,20.0,0.0
140.85,42.618908106544964,-26.891754067848826,58.26040515394097,33.24968611078917,33.24969604359332,0.39382665604774303,20.0,0.0
140.9,43.09236164524435,-26.12635107158279,59.2836830526275,33.24968682027518,33.24969626367769,0.39382752361763096,20.0,0.0
140.95000000000002,43.55207063803395,-25.3526149137432,60.306960978948375,33.24968749480392,33.24969645488818,0.39382839023895144,20.0,0.0
141.0,43.997888457729076,-24.57079238167963,61.330238931542,33.249688134809944,33.249696617895246,0.3938292552012257,20.0,0.0
141.05,44.4296729078213,-23.781132841967384,62.35351690906369,33.24968874074461,33.249696753374025,0.3938301178159094,20.0,0.0
141.1,44.84728626783395,-22.98388816086945,63.376794910186426,33.24968931307528,33.24969686200359,0.39383097741630024,20.0,0.0
141.15,45.25059533724986,-22.179312624001177,64.40007293360134,33.24968985228445,33.24969694446629,0.3938318333575097,20.0,0.0
141.20000000000002,45.63947147799742,-21.367662855223237,65.42335097801835,33.24969035886887,33.24969700144703,0.3938326850163918,20.0,0.0
141.25,46.01379065548129,-20.549197734788777,66.44662904216669,33.24969083333874,33.24969703363271,0.39383353179142233,20.0,0.0
141.3,46.3734334781448,-19.72417831677086,67.4699071247956,33.24969127621688,33.24969704171146,0.3938343731025711,20.0,0.0
141.35,46.71828523555132,-18.89286774579655,68.49318522467449,33.24969168803793,33.249697026372075,0.39383520839123776,20.0,0.0
141.4,47.048235934972524,-18.055531173114183,69.51646334059377,33.2496920693475,33.24969698830345,0.3938360371200389,20.0,0.0
141.45000000000002,47.363180336471814,-17.212435672020593,70.53974147136498,33.24969242070151,33.24969692819395,0.39383685877269414,20.0,0.0
141.5,47.663017986471786,-16.363850152675315,71.56301961582132,33.24969274266525,33.24969684673083,0.39383767285386284,20.0,0.0
141.55,47.94765324979496,-15.510045276328881,72.5862977728181,33.24969303581279,33.249696744599675,0.39383847888891665,20.0,0.0
141.6,48.21699534016763,-14.651293368992611,73.60957594123292,33.24969330072614,33.24969662248385,0.39383927642379746,20.0,0.0
141.65,48.470958349177025,-13.787868334577409,74.63285411996607,33.249693537994546,33.24969648106411,0.39384006502477575,20.0,0.0
141.70000000000002,48.70946127367263,-12.920045567529296,75.6561323079408,33.2496937482138,33.24969632101792,0.3938408442782517,20.0,0.0
141.75,48.932428041602854,-12.048101864989533,76.67941050410349,33.24969393198552,33.249696143019065,0.39384161379052784,20.0,0.0
141.8,49.13978753627883,-11.172315338507353,77.70268870742406,33.249694089916495,33.24969594773723,0.3938423731875318,20.0,0.0
141.85,49.331473619057675,-10.292965325333473,78.72596691689601,33.249694222617975,33.2496957358374,0.3938431221146388,20.0,0.0
141.9,49.507425150437825,-9.410332299322674,79.74924513153667,33.249694330705076,33.24969550797958,0.39384386023633766,20.0,0.0
141.95000000000002,49.66758600955991,-8.524697781473874,80.7725233503873,33.24969441479611,33.24969526481829,0.3938445872360177,20.0,0.0
142.0,49.81190511210678,-7.6363442501362275,81.79580157251324,33.24969447551198,33.249695007002224,0.3938453028156772,20.0,0.0
142.05,49.940336426597064,-6.745555050909891,82.8190797970041,33.24969451347557,33.24969473517374,0.3938460066956324,20.0,0.0
142.1,50.05283898906708,-5.852614306270203,83.84235802297357,33.24969452931115,33.24969444996872,0.39384669861422594,20.0,0.0
142.15,50.149376916136326,-4.957806824944096,84.86563624955987,33.24969452364384,33.249694152015984,0.3938473783275356,20.0,0.0
142.20000000000002,50.229919416452525,-4.061418011067653,85.88891447592542,33.24969449709899,33.2496938419371,0.39384804560909004,20.0,0.0
142.25,50.29444080051239,-3.1637337731537865,86.91219270125704,33.24969445030172,33.249693520346014,0.3938487002495137,20.0,0.0
142.3,50.34292048885518,-2.2650404328990663,87.93547092476594,33.24969438387631,33.24969318784875,0.39384934205624234,20.0,0.0
142.35,50.375343018626275,-1.3656246338587992,88.9587491456876,33.24969429844577,33.24969284504312,0.3938499708531964,20.0,0.0
142.4,50.39169804850879,-0.46577325001947756,89.98202736328173,33.249694194631296,33.24969249251855,0.39385058648047533,20.0,0.0
142.45000000000002,50.39198036202156,0.4342267057022329,91.00530557683234,33.24969407305181,33.24969213085555,0.39385118879397396,20.0,0.0
142.5,50.376189869182525,1.334088173004784,92.02858378564743,33.24969393432351,33.24969176062587,0.39385177766509116,20.0,0.0
142.55,50.34433160653696,2.2335241357621145,93.05186198905909,33.24969377905939,33.24969138239187,0.393852352980403,20.0,0.0
142.6,50.29641573555052,3.132247713569891,94.07514018642323,33.24969360786885,33.24969099670663,0.3938529146412648,20.0,0.0
142.65,50.23245753936765,4.029972253248424,95.09841837711953,33.249693421357264,33.249690604113525,0.39385346256352705,20.0,0.0
142.70000000000002,50.15247741793638,4.926411420273069,96.12169656055126,33.249693220125565,33.249690205146166,0.3938539966771728,20.0,0.0
142.75,50.056500881501044,5.821279290102954,97.14497473614502,33.249693004769895,33.24968980032822,0.3938545169259342,20.0,0.0
142.8,49.94455854246504,6.714290439378901,98.16825290335072,33.2496927758812,33.24968939017315,0.39385502326700106,20.0,0.0
142.85,49.8166861056262,7.605160036961452,99.19153106164124,33.24969253404492,33.249688975184235,0.39385551567061583,20.0,0.0
142.9,49.67292435678788,8.493603934779964,100.2148092105123,33.24969227984059,33.24968855585424,0.393855994119761,20.0,0.0
142.95000000000002,49.51331914974947,9.379338758463794,101.23808734948216,33.24969201384156,33.2496881326655,0.3938564586098039,20.0,0.0
143.0,49.337921391680325,10.262081997726671,102.26136547809139,33.2496917366147,33.249687706089674,0.39385690914809146,20.0,0.0
143.05,49.14678702688199,11.14155209647542,103.28464359590272,33.24969144872006,33.24968727658766,0.39385734575367337,20.0,0.0
143.1,48.939977018943715,12.017468542614305,104.3079217025006,33.2496911507106,33.24968684460965,0.3938577684568969,20.0,0.0
143.15,48.717557331297094,12.88955195751633,105.33119979749105,33.249690843131965,33.24968641059486,0.3938581772990659,20.0,0.0
143.20000000000002,48.479598906175895,13.757524185132997,106.35447788050142,33.24969052652217,33.24968597497157,0.39385857233210686,20.0,0.0
143.25,48.226177641987945,14.621108380714055,107.37775595117988,33.24969020141141,33.2496855381571,0.39385895361819223,20.0,0.0
143.3,47.95737436910616,15.480029099108974,108.4010340091953,33.249689868321816,33.24968510055779,0.3938593212294208,20.0,0.0
143.35,47.67327482408652,16.334012382621964,109.42431205423696,33.249689527767245,33.24968466256879,0.3938596752474339,20.0,0.0
143.4,47.373969622321155,17.18278584839254,110.44759008601409,33.24968918025307,33.24968422457431,0.3938600157630958,20.0,0.0
143.45000000000002,47.059554229135365,18.02607877527372,111.47086810425564,33.24968882627602,33.24968378694735,0.39386034287615246,20.0,0.0
143.5,46.730128929337674,18.863622190180195,112.49414610870981,33.249688466323974,33.24968335005,0.39386065669488346,20.0,0.0
143.55,46.385798795232695,19.695148953878903,113.51742409914395,33.24968810087583,33.249682914233084,0.3938609573357468,20.0,0.0
143.6,46.02667365310703,20.520393846194647,114.54070207534396,33.24968773040134,33.24968247983654,0.3938612449230803,20.0,0.0
143.65,45.65286804819885,21.33909365060358,115.56398003711406,33.249687355361004,33.249682047189204,0.3938615195887252,20.0,0.0
143.70000000000002,45.26450120816232,22.150987238187597,116.58725798427638,33.24968697620588,33.24968161660899,0.3938617814717418,20.0,0.0
143.75,44.861697005038636,22.955815650922816,117.61053591667073,33.24968659337753,33.24968118840279,0.39386203071804005,20.0,0.0
143.8,44.44458391574561,23.753322184275632,118.63381383415394,33.2496862073079,33.24968076286674,0.39386226748009534,20.0,0.0
143.85,44.0132949810986,24.543252469079963,119.65709173659984,33.24968581841925,33.24968034028602,0.3938624919166074,20.0,0.0
143.9,43.567967763375755,25.325354552669584,120.68036962389861,33.249685427124014,33.249679920935165,0.3938627041921734,20.0,0.0
143.95000000000002,43.10874430244108,26.09937897923969,121.70364749595652,33.24968503382481,33.249679505077985,0.3938629044770181,20.0,0.0
144.0,42.63577107043946,26.865078869412034,122.7269253526955,33.249684638914324,33.24967909296772,0.3938630929466598,20.0,0.0
144.05,42.14919892507789,27.622209998978267,123.75020319405282,33.24968424277528,33.24967868484713,0.3938632697815905,20.0,0.0
144.1,41.64918306150802,28.370530876796384,124.77348101998058,33.24968384578041,33.24967828094858,0.39386343516702027,20.0,0.0
144.15,41.13588296282521,29.10980282181541,125.79675883044544,33.24968344829242,33.24967788149409,0.3938635892925504,20.0,0.0
144.20000000000002,40.60946234919995,29.839790039203777,126.82003662542823,33.24968305066397,33.249677486695504,0.3938637323519103,20.0,0.0
144.25,40.070089125657894,30.560259695557082,127.8433144049235,33.24968265323765,33.24967709675459,0.3938638645426522,20.0,0.0
144.3,39.51793532852507,31.27098199316129,128.8665921689391,33.249682256346006,33.24967671186317,0.3938639860658739,20.0,0.0
144.35,38.95317707055547,31.971730243287638,129.88986991749582,33.24968186031152,33.249676332203215,0.39386409712597015,20.0,0.0
144.4,38.37599448475843,32.662280938495925,130.91314765062708,33.249681465446635,33.249675957947,0.393864197930327,20.0,0.0
144.45000000000002,37.78657166694377,33.34241382392305,131.93642536837848,33.249681072053804,33.24967558925721,0.3938642886890804,20.0,0.0
144.5,37.185096617002976,34.01191196753416,132.95970307080722,33.24968068042548,33.24967522628718,0.3938643696148745,20.0,0.0
144.55,36.57176117894519,34.67056182931389,133.98298075798215,33.24968029084417,33.24967486918082,0.3938644409225631,20.0,0.0
144.6,35.946760979707115,35.31815332937575,135.006258429983,33.2496799035825,33.24967451807293,0.393864502829004,20.0,0.0
144.65,35.31029536675638,35.954479914967806,136.02953608690012,33.24967951890325,33.24967417308939,0.39386455555279554,20.0,0.0
144.70000000000002,34.66256734450821,36.579338626353405,137.052813728834,33.2496791370594,33.249673834347156,0.3938645993140426,20.0,0.0
144.75,34.00378350957574,37.192530161545854,138.07609135589516,33.249678758294245,33.24967350195457,0.3938646343341361,20.0,0.0
144.8,33.3341539848746,37.793858939876415,139.0993689682035,33.24967838284141,33.24967317601132,0.3938646608355256,20.0,0.0
144.85,32.65389235260277,38.383133164375394,140.12264656588803,33.249678010924974,33.249672856608846,0.3938646790414708,20.0,0.0
144.9,31.963215586117137,38.96016488294635,141.14592414908648,33.249677642759536,33.24967254383032,0.3938646891758779,20.0,0.0
144.95000000000002,31.262343980728417,39.52477004831401,142.16920171794496,33.24967727855031,33.249672237750886,0.39386469146305103,20.0,0.0
145.0,30.551501083436552,40.076768576726636,143.19247927261756,33.24967691849321,33.24967193843781,0.39386468612750036,20.0,0.0
145.05,29.830913621628994,40.615984405394286,144.215756813266,33.249676562774965,33.24967164595069,0.3938646733937432,20.0,0.0
145.1,29.100811430764615,41.14224554864451,145.23903434005933,33.24967621157323,33.2496713603415,0.3938646534861405,20.0,0.0
145.15,28.36142738106628,41.655384152777636,146.26231185317343,33.24967586505667,33.249671081654995,0.3938646266286483,20.0,0.0
145.20000000000002,27.61299730324552,42.15523654960415,147.28558935279077,33.24967552338512,33.2496708099286,0.393864593044718,20.0,0.0
145.25,26.85575991328293,42.641643308647076,148.30886683910006,33.24967518670966,33.24967054519289,0.3938645529570408,20.0,0.0
145.3,26.089956736288347,43.11444928799273,149.33214431229592,33.24967485517275,33.24967028747148,0.3938645065874482,20.0,0.0
145.35,25.315832029465042,43.57350368377359,150.3554217725785,33.24967452890837,33.249670036781325,0.3938644541567058,20.0,0.0
145.4,24.53363270420253,44.01866007826756,151.37869922015312,33.24967420804215,33.24966979313306,0.39386439588436417,20.0,0.0
145.45000000000002,23.743608247322825,44.44977648659821,152.40197665523004,33.249673892691504,33.24966955653085,0.393864331988631,20.0,0.0
145.5,22.946010641505264,44.86671540202119,153.42525407802412,33.24967358296574,33.24966932697279,0.39386426268617214,20.0,0.0
145.55,22.141094284915305,45.269343839782294,154.4485314887545,33.24967327896624,33.249669104451065,0.3938641881920404,20.0,0.0
145.6,21.329115910062878,45.65753337953319,155.47180888764413,33.24967298078659,33.249668888952044,0.39386410871947675,20.0,0.0
145.65,20.51033450191624,46.0311602062914,156.49508627491971,33.249672688512696,33.24966868045657,0.39386402447981794,20.0,0.0
145.70000000000002,19.685011215297383,46.3901051499313,157.51836365081135,33.24967240222297,33.249668478940016,0.39386393568235434,20.0,0.0
145.75,18.85340929158539,46.73425372319365,158.54164101555202,33.249672121988475,33.249668284372596,0.39386384253422335,20.0,0.0
145.8,18.01579397475428,47.06349615820154,159.5649183693776,33.24967184787306,33.24966809671938,0.39386374524028867,20.0,0.0
145.85,17.172432426772144,47.377727441471,160.58819571252647,33.249671579933505,33.24966791594063,0.39386364400302654,20.0,0.0
145.9,16.323593642388524,47.67684734740529,161.61147304523917,33.249671318219725,33.24966774199184,0.3938635390224263,20.0,0.0
145.95000000000002,15.469548363337246,47.96076047026196,162.63475036775813,33.24967106277488,33.249667574824066,0.3938634304959052,20.0,0.0
146.0,14.610568991982053,48.22937625458268,163.65802768032762,33.24967081363553,33.24966741438387,0.39386331861818746,20.0,0.0
146.05,13.746929504432577,48.48260902407605,164.68130498319317,33.249670570831846,33.2496672606138,0.3938632035812404,20.0,0.0
146.1,12.878905363158381,48.720378008944124,165.7045822766015,33.249670334387694,33.249667113452226,0.39386308557418204,20.0,0.0
146.15,12.00677342912892,48.94260737164409,166.72785956080045,33.24967010432088,33.249666972833715,0.39386296478318883,20.0,0.0
146.20000000000002,11.130811873507463,49.14922623107671,167.7511368360383,33.24966988064322,33.249666838689215,0.3938628413914458,20.0,0.0
146.25,10.251300088927128,49.340168685193944,168.774414102564,33.24966966336079,33.24966671094606,0.3938627155790684,20.0,0.0
146.3,9.368518600377326,49.515373832018454,169.79769136062657,33.24966945247402,33.24966658952829,0.3938625875230386,20.0,0.0
146.35,8.482748975729063,49.67478578906834,170.82096861047518,33.2496692479779,33.24966647435677,0.39386245739711256,20.0,0.0
146.4,7.59427373592759,49.81835371118089,171.84424585235868,33.249669049862106,33.249666365349285,0.39386232537182764,20.0,0.0
146.45000000000002,6.703376264881099,49.94603180672968,172.86752308652564,33.249668858111185,33.249666262420725,0.39386219161441005,20.0,0.0
146.5,5.810340719074159,50.0577793522298,173.8908003132239,33.24966867270473,33.24966616548336,0.39386205628871096,20.0,0.0
146.55,4.915451936934757,50.153560705326626,174.91407753270065,33.24966849361749,33.24966607444676,0.39386191955522776,20.0,0.0
146.6,4.0189953479838225,50.2333453161639,175.93735474520196,33.24966832081958,33.2496659892182,0.3938617815709904,20.0,0.0
146.65,3.1212568817962323,50.297107737127604,176.96063195097284,33.24966815427663,33.249665909702586,0.39386164248957556,20.0,0.0
146.70000000000002,2.222522876802322,50.34482763096242,177.98390915025692,33.249667993949906,33.24966583580277,0.393861502461057,20.0,0.0
146.75,1.3230799889589955,50.37648977725823,179.00718634329627,33.24966783979654,33.24966576741965,0.39386136163199836,20.0,0.0
146.8,0.4232151003195598,50.3920840773046,-179.96953646966858,33.249667691769616,33.24966570445215,0.3938612201454035,20.0,0.0
146.85,-0.47678477246855144,50.39160555731169,-178.94625928839906,33.24966754981837,33.24966564679765,0.39386107814070215,20.0,0.0
146.9,-1.3766325697089836,50.37505436999652,-177.9229821126585,33.249667413888325,33.24966559435193,0.39386093575376435,20.0,0.0
146.95000000000002,-2.276041280215395,50.34243579453415,-176.89970494221242,33.24966728392144,33.249665547009286,0.3938607931168292,20.0,0.0
147.0,-3.174724032854918,50.29376023487378,-175.87642777682848,33.24966715985628,33.24966550466277,0.3938606503585689,20.0,0.0
147.05,-4.0723941880469505,50.229043216420266,-174.85315061627688,33.24966704162817,33.24966546720427,0.3938605076040318,20.0,0.0
147.1,-4.968765429188091,50.148305381082096,-173.82987346033022,33.24966692916933,33.2496654345246,0.3938603649746426,20.0,0.0
147.15,-5.86355185397406,50.05157248068754,-172.8065963087638,33.24966682240899,33.24966540651367,0.3938602225882377,20.0,0.0
147.20000000000002,-6.756468065589484,49.938875368770866,-171.7833191613557,33.24966672127361,33.24966538306061,0.39386008055902266,20.0,0.0
147.25,-7.647229263736449,49.81024999073144,-170.76004201788678,33.24966662568697,33.24966536405386,0.39385993899761473,20.0,0.0
147.3,-8.535551335472793,49.66573737236872,-169.73676487814095,33.24966653557031,33.24966534938127,0.3938597980110501,20.0,0.0
147.35,-9.42115094583117,49.50538360679682,-168.71348774190514,33.249666450842525,33.24966533893024,0.39385965770276954,20.0,0.0
147.4,-10.303745628189983,49.32923983974289,-167.69021060896944,33.24966637142022,33.24966533258787,0.3938595181726612,20.0,0.0
147.45000000000002,-11.183053874367335,49.13736225323392,-166.66693347912727,33.249666297217914,33.249665330240994,0.3938593795170604,20.0,0.0
147.5,-12.058795224409321,48.92981204767719,-165.6436563521752,33.249666228148136,33.24966533177627,0.3938592418287854,20.0,0.0
147.55,-12.930690356043952,48.70665542234012,-164.62037922791342,33.24966616412157,33.24966533708038,0.3938591051971585,20.0,0.0
147.6,-13.798461173772239,48.467963554235695,-163.59710210614546,33.249666105047204,33.24966534604005,0.39385896970799905,20.0,0.0
147.65,-14.66183089756798,48.213812575420214,-162.57382498667843,33.24966605083241,33.24966535854214,0.3938588354437016,20.0,0.0
147.70000000000002,-15.52052415115799,47.94428354871065,-161.55054786932305,33.249666001383105,33.2496653744738,0.39385870248323585,20.0,0.0
147.75,-16.37426704985459,47.659462441829284,-160.5272707538937,33.24966595660387,33.24966539372247,0.393858570902168,20.0,0.0
147.8,-17.222787287912368,47.35944009998392,-159.5039936402085,33.24966591639806,33.24966541617602,0.3938584407727319,20.0,0.0
147.85,-18.06581422538131,47.04431221689241,-158.48071652808932,33.24966588066791,33.24966544172291,0.3938583121638146,20.0,0.0
147.9,-18.90307897442866,46.71417930426072,-157.45743941736183,33.249665849314695,33.24966547025207,0.393858185141049,20.0,0.0
147.95000000000002,-19.734314485101898,46.369146659724294,-156.4341623078555,33.249665822238796,33.24966550165314,0.39385805976679933,20.0,0.0
148.0,-20.559255630505568,46.00932433326291,-155.41088519940382,33.249665799339816,33.249665535816554,0.39385793610023967,20.0,0.0
148.05,-21.3776392913647,45.63482709209977,-154.38760809184404,33.24966578051673,33.24966557263345,0.3938578141973892,20.0,0.0
148.1,-22.189204439947936,45.245774384095995,-153.3643309850174,33.24966576566792,33.24966561199593,0.39385769411111937,20.0,0.0
148.15,-22.993692223323528,44.84229029965223,-152.34105387876912,33.24966575469135,33.24966565379702,0.3938575758912606,20.0,0.0
148.20000000000002,-23.790846045921697,44.42450353212946,-151.31777677294838,33.24966574748461,33.24966569793076,0.39385745958460205,20.0,0.0
148.25,-24.580411651377,43.99254733680173,-150.29449966740836,33.24966574394505,33.249665744292244,0.39385734523495586,20.0,0.0
148.3,-25.36213720362458,43.5465594883538,-149.2712225620062,33.24966574396986,33.249665792777726,0.3938572328831995,20.0,0.0
148.35,-26.13577336722451,43.086682236937314,-148.24794545660302,33.24966574745613,33.24966584328461,0.39385712256734706,20.0,0.0
148.4,-26.901073386888488,42.61306226279949,-147.22466835106408,33.24966575430102,33.24966589571156,0.39385701432254905,20.0,0.0
148.45000000000002,-27.657793166183648,42.12585062949884,-146.20139124525855,33.249665764401776,33.249665949958526,0.3938569081812062,20.0,0.0
148.5,-28.40569134538829,41.62520273572281,-145.17811413905957,33.24966577765583,33.249666005926834,0.39385680417299795,20.0,0.0
148.55,-29.144529378474736,41.111278265722646,-144.15483703234437,33.249665793960894,33.24966606351912,0.39385670232489645,20.0,0.0
148.6,-29.874071609194758,40.58424113838145,-143.1315599249941,33.24966581321506,33.249666122639496,0.39385660266129463,20.0,0.0
148.65,-30.59408534624329,40.044259454931534,-142.10828281689385,33.249665835316804,33.24966618319355,0.39385650520400617,20.0,0.0
148.70000000000002,-31.304340937476482,39.491505445337765,-141.08500570793277,33.24966586016514,33.249666245088314,0.3938564099723223,20.0,0.0
148.75,-32.0046118431604,38.92615541336409,-140.06172859800384,33.24966588765965,33.249666308232406,0.3938563169830971,20.0,0.0
148.8,-32.69467470822699,38.348389680340674,-139.038451487004,33.24966591770057,33.24966637253603,0.3938562262508043,20.0,0.0
148.85,-33.374309433514334,37.75839252764958,-138.01517437483412,33.24966595018881,33.24966643791097,0.3938561377875516,20.0,0.0
148.9,-34.04329924596837,37.15635213794744,-136.99189726139878,33.24966598502611,33.24966650427062,0.39385605160317283,20.0,0.0
148.95000000000002,-34.701430767783776,36.542460535143704,-135.96862014660653,33.249666022115,33.249666571530085,0.3938559677052851,20.0,0.0
149.0,-35.34849408446192,35.91691352315381,-134.94534303036968,33.24966606135894,33.24966663960615,0.3938558860993311,20.0,0.0
149.05,-35.98428281176417,35.279910623446604,-133.9220659126043,33.24966610266231,33.24966670841725,0.3938558067886575,20.0,0.0
149.1,-36.608594161539216,34.63165501140607,-132.89878879323015,33.24966614593052,33.24966677788364,0.3938557297745362,20.0,0.0
149.15,-37.22122900640344,33.972353451527596,-131.87551167217072,33.24966619107003,33.24966684792722,0.39385565505627795,20.0,0.0
149.20000000000002,-37.82199194325361,33.30221623146952,-130.8522345493531,33.24966623798839,33.24966691847169,0.39385558263123244,20.0,0.0
149.25,-38.41069135559175,32.62145709498091,-129.82895742470805,33.24966628659435,33.24966698944256,0.3938555124948877,20.0,0.0
149.3,-38.98713947464226,31.93029317372697,-128.8056802981698,33.249666336797794,33.249667060767095,0.3938554446409057,20.0,0.0
149.35,-39.55115243924176,31.228944918033918,-127.78240316967613,33.24966638850988,33.24966713237437,0.3938553790612076,20.0,0.0
149.4,-40.10255035448259,30.51763602657531,-126.75912603916828,33.24966644164306,33.249667204195234,0.39385531574597366,20.0,0.0
149.45000000000002,-40.64115734909129,29.796593375022304,-125.73584890659092,33.24966649611107,33.249667276162405,0.39385525468377836,20.0,0.0
149.5,-41.16680163152369,29.066046943680586,-124.71257177189204,33.249666551829016,33.24966734821037,0.39385519586157614,20.0,0.0
149.55,-41.6793155447588,28.326229744137056,-123.68929463502296,33.249666608713405,33.24966742027546,0.3938551392648222,20.0,0.0
149.6,-42.17853561977391,27.577377744939678,-122.66601749593825,33.249666666682124,33.249667492295806,0.39385508487747245,20.0,0.0
149.65,-42.66430262768396,26.81972979633418,-121.64274035459565,33.24966672565453,33.24966756421141,0.3938550326820689,20.0,0.0
149.70000000000002,-43.13646163052848,26.053527554081608,-120.61946321095611,33.24966678555145,33.24966763596405,0.39385498265979635,20.0,0.0
149.75,-43.59486203068995,25.279015402381066,-119.59618606498358,33.24966684629521,33.249667707497316,0.39385493479052514,20.0,0.0
149.8,-44.03935761892775,24.496440375922177,-118.57290891664512,33.24966690780964,33.24966777875669,0.39385488905288923,20.0,0.0
149.85,-44.46980662101244,23.70605208109216,-117.54963176591068,33.24966697002015,33.24966784968936,0.3938548454243147,20.0,0.0
149.9,-44.88607174294545,22.908102616362658,-116.52635461275314,33.249667032853665,33.24966792024438,0.3938548038810694,20.0,0.0
149.95000000000002,-45.28802021474983,22.10284649188168,-115.50307745714824,33.24966709623872,33.249667990372544,0.39385476439836253,20.0,0.0
150.0,-45.67552383281799,21.29054054829633,-114.47980029907451,33.24966716010542,33.249668060026515,0.3938547269503303,20.0,0.0
150.05,-46.048459000802985,20.471443874832204,-113.4565231385132,33.2496672243855,33.24966812916063,0.3938546915101355,20.0,0.0
150.1,-46.40670676904035,19.64581772665559,-112.43324597544819,33.249667289012294,33.249668197731054,0.3938546580500244,20.0,0.0
150.15,-46.75015287248774,18.81392544154483,-111.40996880986597,33.24966735392078,33.249668265695675,0.39385462654133363,20.0,0.0
150.20000000000002,-47.07868776717051,17.97603235589739,-110.38669164175559,33.249667419047555,33.2496683330141,0.3938545969545757,20.0,0.0
150.25,-47.392206665121385,17.132405720099502,-109.36341447110854,33.249667484330885,33.24966839964765,0.3938545692594744,20.0,0.0
150.3,-47.69060956780327,16.283314613285267,-108.3401372979187,33.24966754971065,33.24966846555938,0.3938545434250216,20.0,0.0
150.35,-47.97380129800437,15.429029857512516,-107.31686012218233,33.24966761512842,33.24966853071399,0.3938545194195129,20.0,0.0
150.4,-48.24169153019555,14.569823931382725,-106.29358294389796,33.249667680527395,33.24966859507786,0.3938544972106115,20.0,0.0
150.45000000000002,-48.494194819340265,13.70597088313256,-105.27030576306633,33.24966774585243,33.24966865861903,0.39385447676537666,20.0,0.0
150.5,-48.731230628147756,12.837746243224789,-104.24702857969028,33.249667811050045,33.24966872130712,0.3938544580503205,20.0,0.0
150.55,-48.95272335276096,11.965426936466411,-103.2237513937748,33.24966787606841,33.24966878311335,0.3938544410314435,20.0,0.0
150.6,-49.158602346870865,11.089291193682055,-102.20047420532688,33.24966794085733,33.24966884401061,0.3938544256742915,20.0,0.0
150.65,-49.34880194424957,10.20961846297081,-101.17719701435544,33.24966800536828,33.24966890397322,0.39385441194396975,20.0,0.0
150.70000000000002,-49.52326147969503,9.3266893205748,-100.15391982087132,33.249668069554346,33.24966896297715,0.3938543998052353,20.0,0.0
150.75,-49.68192530838058,8.440785381387915,-99.13064262488716,33.24966813337026,33.249669020999804,0.39385438922248994,20.0,0.0
150.8,-49.824742823603266,7.552189209133264,-98.10736542641739,33.24966819677237,33.2496690780201,0.39385438015983,20.0,0.0
150.85,-49.95166847292521,6.661184226237993,-97.08408822547813,33.24966825971864,33.249669134018426,0.3938543725811101,20.0,0.0
150.9,-50.062661772702896,5.7680546234342,-96.0608110220871,33.24966832216863,33.249669188976604,0.39385436644996474,20.0,0.0
150.95000000000002,-50.1576873209997,4.873085269114795,-95.03753381626366,33.24966838408348,33.24966924287782,0.39385436172983646,20.0,0.0
151.0,-50.23671480887764,3.9765616184732173,-94.01425660802866,33.24966844542594,33.249669295706724,0.3938543583840257,20.0,0.0
151.05,-50.299719030064665,3.078769622455979,-92.99097939740439,33.249668506160276,33.24966934744927,0.3938543563757122,20.0,0.0
151.1,-50.34667988899438,2.179995636557086,-91.96770218441452,33.249668566252346,33.24966939809277,0.39385435566800453,20.0,0.0
151.15,-50.377582407215755,1.280526329483422,-90.94442496908408,33.24966862566952,33.24966944762578,0.3938543562239829,20.0,0.0
151.20000000000002,-50.39241672817064,0.3806485917202259,-89.92114775143935,33.24966868438069,33.24966949603822,0.3938543580066991,20.0,0.0
151.25,-50.39117812033764,-0.5193505559741683,-88.89787053150783,33.24966874235622,33.2496695433212,0.3938543609792333,20.0,0.0
151.3,-50.37386697874137,-1.4191840541151488,-87.87459330931819,33.249668799568006,33.24966958946705,0.3938543651047297,20.0,0.0
151.35,-50.34048882482648,-2.3185648960509964,-86.85131608490015,33.24966885598937,33.249669634469285,0.39385437034638926,20.0,0.0
151.4,-50.29105430469669,-3.217206219505208,-85.82803885828451,33.24966891159508,33.249669678322626,0.39385437666754086,20.0,0.0
151.45000000000002,-50.225579185719184,-4.114821398072773,-84.80476162950306,33.24966896636133,33.24966972102284,0.3938543840316484,20.0,0.0
151.5,-50.14408435149564,-5.011124132641221,-83.78148439858846,33.24966902026573,33.24966976256692,0.3938543924023463,20.0,0.0
151.55,-50.04659579520133,-5.905828542707278,-82.75820716557429,33.24966907328724,33.24966980295279,0.39385440174346087,20.0,0.0
151.6,-49.9331446112945,-6.798649257560008,-81.73492993049496,33.24966912540621,33.24966984217953,0.3938544120190386,20.0,0.0
151.65,-49.803766985598756,-7.68930150730136,-80.71165269338559,33.2496691766043,33.24966988024717,0.3938544231933463,20.0,0.0
151.70000000000002,-49.6585041837614,-8.57750121367508,-79.68837545428207,33.249669226864505,33.24966991715676,0.3938544352309492,20.0,0.0
151.75,-49.49740253809162,-9.46296508067502,-78.66509821322093,33.2496692761711,33.2496699529103,0.3938544480966826,20.0,0.0
151.8,-49.3205134327826,-10.345410684903955,-77.6418209702393,33.24966932450961,33.249669987510714,0.39385446175568717,20.0,0.0
151.85,-49.1278932875223,-11.224556565654073,-76.6185437253749,33.24966937186683,33.2496700209618,0.3938544761734448,20.0,0.0
151.9,-48.91960353949816,-12.100122314680405,-75.59526647866595,33.24966941823075,33.249670053268275,0.39385449131577843,20.0,0.0
151.95000000000002,-48.69571062380144,-12.971828665638583,-74.57198923015115,33.24966946359058,33.24967008443564,0.3938545071488946,20.0,0.0
152.0,-48.456285952237394,-13.839397583158368,-73.54871197986957,33.24966950793665,33.24967011447025,0.39385452363937645,20.0,0.0
152.05,-48.20140589054818,-14.702552351524565,-72.52543472786073,33.24966955126048,33.24967014337922,0.3938545407542051,20.0,0.0
152.1,-47.93115173405562,-15.561017662937024,-71.50215747416445,33.24966959355468,33.24967017117039,0.3938545584608022,20.0,0.0
152.15,-47.645609681731635,-16.41451970532158,-70.47888021882079,33.24966963481294,33.2496701978524,0.3938545767270085,20.0,0.0
152.20000000000002,-47.34487080870471,-17.26278624966392,-69.45560296187014,33.24966967503004,33.24967022343451,0.3938545955211197,20.0,0.0
152.25,-47.02903103721099,-18.105546736838537,-68.43232570335306,33.249669714201794,33.24967024792671,0.3938546148119073,20.0,0.0
152.3,-46.698191105999406,-18.942532363905045,-67.40904844331024,33.249669752325005,33.24967027133957,0.393854634568612,20.0,0.0
152.35,-46.352456538200535,-19.77347616984437,-66.38577118178252,33.24966978939747,33.24967029368432,0.3938546547609576,20.0,0.0
152.4,-45.99193760766947,-20.598113120707435,-65.36249391881084,33.24966982541796,33.249670314972775,0.3938546753591865,20.0,0.0
152.45000000000002,-45.6167493038134,-21.41618019414922,-64.33921665443617,33.24966986038616,33.24967033521726,0.3938546963340528,20.0,0.0
152.5,-45.227011294915144,-22.22741646332117,-63.31593938869948,33.24966989430267,33.24967035443069,0.3938547176568221,20.0,0.0
152.55,-44.82284788996432,-23.031563180095265,-62.292662121641776,33.24966992716895,33.24967037262645,0.39385473929930725,20.0,0.0
152.6,-44.404387999008364,-23.828363857593175,-61.269384853303926,33.24966995898735,33.24967038981843,0.39385476123383967,20.0,0.0
152.65,-43.97176509203597,-24.617564351994158,-60.24610758372676,33.24966998976099,33.249670406020954,0.39385478343333347,20.0,0.0
152.70000000000002,-43.525117156406154,-25.39891294359564,-59.22283031295098,33.24967001949385,33.249670421248766,0.39385480587123567,20.0,0.0
152.75,-43.06458665283643,-26.17216041710061,-58.199553041017104,33.24967004819062,33.249670435517054,0.39385482852156173,20.0,0.0
152.8,-42.59032046996424,-26.93706014110621,-57.1762757679655,33.2496700758568,33.24967044884136,0.3938548513588884,20.0,0.0
152.85,-42.10246987749602,-27.69336814676819,-56.15299849383629,33.24967010249855,33.24967046123755,0.3938548743583894,20.0,0.0
152.9,-41.60119047795892,-28.440843205616126,-55.12972121866939,33.249670128122766,33.24967047272187,0.3938548974957996,20.0,0.0
152.95000000000002,-41.08664215707056,-29.17924690649456,-54.10644394250443,33.24967015273699,33.24967048331087,0.39385492074742956,20.0,0.0
153.0,-40.558989032742595,-29.90834373160556,-53.083166665380745,33.24967017634941,33.24967049302138,0.3938549440901937,20.0,0.0
153.05,-40.01839940273447,-30.62790113162843,-52.05988938733738,33.249670198968836,33.24967050187044,0.3938549675015892,20.0,0.0
153.1,-39.465045690973895,-31.3376895998926,-51.03661210841297,33.24967022060466,33.249670509875415,0.3938549909597029,20.0,0.0
153.15,-38.899104392561334,-32.03748274558003,-50.01333482864586,33.249670241266855,33.24967051705384,0.39385501444320425,20.0,0.0
153.20000000000002,-38.32075601747594,-32.727057365933824,-48.99005754807397,33.24967026096593,33.24967052342347,0.3938550379313739,20.0,0.0
153.25,-37.73018503300089,-33.406193517449985,-47.96678026673481,33.249670279712895,33.24967052900219,0.3938550614040821,20.0,0.0
153.3,-37.12757980488661,-34.074674586029595,-46.94350298466544,33.24967029751927,33.249670533808086,0.3938550848417961,20.0,0.0
153.35,-36.513132537270415,-34.73228735606907,-45.92022570190253,33.249670314397044,33.24967053785939,0.3938551082255586,20.0,0.0
153.4,-35.88703921137202,-35.37882207846648,-44.89694841848222,33.24967033035864,33.24967054117442,0.39385513153701623,20.0,0.0
153.45000000000002,-35.24949952298424,-36.014072537522125,-43.87367113444022,33.24967034541692,33.249670543771586,0.3938551547584126,20.0,0.0
153.5,-34.600716818778935,-36.637836116712236,-42.8503938498117,33.2496703595851,33.249670545669396,0.39385517787258095,20.0,0.0
153.55,-33.9408980314485,-37.24991386331457,-41.827116564631346,33.249670372876835,33.249670546886435,0.393855200862923,20.0,0.0
153.60000000000002,-33.27025361370352,-37.8501105518655,-40.80383927893327,33.249670385306096,33.2496705474413,0.3938552237134516,20.0,0.0
153.65,-32.58899747114777,-38.43823474642823,-39.78056199275109,33.24967039688718,33.24967054735263,0.3938552464087479,20.0,0.0
153.70000000000002,-31.897346894051843,-39.01409886165236,-38.75728470611782,33.24967040763472,33.24967054663906,0.3938552689339545,20.0,0.0
153.75,-31.195522488047224,-39.577519222605225,-37.734007419065954,33.2496704175636,33.249670545319276,0.3938552912748108,20.0,0.0
153.8,-30.48374810376294,-40.128316123356065,-36.71073013162732,33.249670426689,33.24967054341183,0.3938553134176175,20.0,0.0
153.85000000000002,-29.762250765427172,-40.66631388429416,-35.68745284383329,33.24967043502635,33.24967054093537,0.39385533534923667,20.0,0.0
153.9,-29.031260598456644,-41.191340908162836,-34.66417555571451,33.24967044259128,33.24967053790836,0.3938553570570775,20.0,0.0
153.95000000000002,-28.291010756056867,-41.703229734791336,-33.640898267301075,33.249670449399645,33.24967053434933,0.3938553785291319,20.0,0.0
154.0,-27.541737344856646,-42.20181709450715,-32.61762097862244,33.24967045546748,33.249670530276596,0.39385539975391737,20.0,0.0
154.05,-26.783679349600597,-42.68694396021176,-31.594343689707472,33.249670460811,33.24967052570851,0.3938554207204916,20.0,0.0
154.10000000000002,-26.01707855692365,-43.1584555981032,-30.57106640058437,33.24967046544653,33.249670520663216,0.3938554414184736,20.0,0.0
154.15,-25.242179478231886,-43.61620161702926,-29.547789111280718,33.24967046939058,33.24967051515882,0.3938554618379726,20.0,0.0
154.20000000000002,-24.459229271714296,-44.06003601645551,-28.524511821823456,33.24967047265974,33.249670509213225,0.39385548196965203,20.0,0.0
154.25,-23.668477663510327,-44.489817233033015,-27.50123453223887,33.2496704752707,33.24967050284424,0.39385550180467277,20.0,0.0
154.3,-22.870176868058373,-44.90540818575068,-26.47795724255258,33.24967047724024,33.249670496069506,0.39385552133470725,20.0,0.0
154.35000000000002,-22.064581507650598,-45.30667631965801,-25.45467995278958,33.24967047858519,33.249670488906496,0.3938555405519324,20.0,0.0
154.4,-21.251948531219785,-45.693493648144205,-24.431402662974186,33.24967047932242,33.24967048137252,0.3938555594490083,20.0,0.0
154.45000000000002,-20.432537132384066,-46.065736793760195,-23.408125373130066,33.24967047946886,33.24967047348467,0.39385557801908533,20.0,0.0
154.5,-19.606608666775706,-46.423287027570524,-22.384848083280247,33.24967047904142,33.24967046525992,0.393855596255797,20.0,0.0
154.55,-18.774426568680312,-46.766030307022575,-21.36157079344707,33.24967047805702,33.249670456714945,0.39385561415323167,20.0,0.0
154.60000000000002,-17.936256267013032,-47.09385731232107,-20.338293503652235,33.249670476532586,33.24967044786632,0.3938556317059465,20.0,0.0
154.65,-17.092365100658558,-47.40666348129618,-19.31501621391679,33.249670474485,33.24967043873029,0.3938556489089393,20.0,0.0
154.70000000000002,-16.24302223320194,-47.70434904275419,-18.291738924261082,33.24967047193109,33.249670429322954,0.3938556657576555,20.0,0.0
154.75,-15.388498567077407,-47.98681904830006,-17.268461634704867,33.24967046888765,33.24967041966017,0.39385568224798106,20.0,0.0
154.8,-14.529066657162554,-48.253983402621714,-16.245184345267198,33.2496704653714,33.24967040975748,0.39385569837621404,20.0,0.0
154.85000000000002,-13.665000623845494,-48.5057568922264,-15.221907055966469,33.24967046139898,33.24967039963028,0.3938557141390646,20.0,0.0
154.9,-12.796576065592678,-48.742059212620006,-14.198629766820467,33.24967045698693,33.24967038929366,0.3938557295336764,20.0,0.0
154.95000000000002,-11.924069971045265,-48.96281499392057,-13.17535247784632,33.2496704521517,33.24967037876249,0.39385574455754835,20.0,0.0
155.0,-11.047760630672103,-49.167953824897914,-12.15207518906051,33.24967044690961,33.2496703680513,0.3938557592085985,20.0,0.0
155.05,-10.167927548007475,-49.35741027543169,-11.128797900478867,33.24967044127687,33.24967035717444,0.39385577348511447,20.0,0.0
155.10000000000002,-9.284851350501937,-49.53112391738062,-10.105520612116631,33.24967043526956,33.24967034614594,0.3938557873857462,20.0,0.0
155.15,-8.398813700014678,-49.68903934385637,-9.082243323988383,33.249670428903585,33.24967033497958,0.3938558009095061,20.0,0.0
155.20000000000002,-7.510097202975951,-49.83110618689589,-8.058966036108064,33.249670422194725,33.24967032368883,0.39385581405575465,20.0,0.0
155.25,-6.618985320248225,-49.957279133526484,-7.0356887484890605,33.24967041515859,33.2496703122869,0.3938558268241863,20.0,0.0
155.3,-5.725762276714817,-50.067517940218664,-6.012411461144119,33.24967040781061,33.24967030078668,0.3938558392148437,20.0,0.0
155.35000000000002,-4.830712970624834,-50.161787445721984,-4.989134174085376,33.249670400166046,33.24967028920086,0.3938558512280821,20.0,0.0
155.4,-3.9341228827233428,-50.24005758227991,-3.9658568873243847,33.24967039223996,33.249670277541725,0.3938558628645552,20.0,0.0
155.45000000000002,-3.036277985195749,-50.30230338522007,-2.94257960087211,33.24967038404723,33.249670265821315,0.3938558741252436,20.0,0.0
155.5,-2.1374646504554335,-50.34850500091686,-1.9193023147389596,33.24967037560252,33.2496702540514,0.3938558850113836,20.0,0.0
155.55,-1.2379695598037306,-50.37864769312384,-0.8960250289347297,33.2496703669203,33.249670242243425,0.39385589552453126,20.0,0.0
155.60000000000002,-0.33807961199138825,-50.39272184767393,0.1272522565313438,33.24967035801481,33.24967023040854,0.39385590566649853,20.0,0.0
155.65,0.5619181682893277,-50.390722975545884,1.1505295416505588,33.24967034890008,33.2496702185576,0.39385591543934595,20.0,0.0
155.70000000000002,1.4617367219526987,-50.37265171429606,2.173806826414747,33.249670339589905,33.249670206701126,0.3938559248454325,20.0,0.0
155.75,2.3610890470785866,-50.33851382785506,3.197084110816302,33.24967033009785,33.24967019484942,0.3938559338873162,20.0,0.0
155.8,3.2596882904532345,-50.28832020468926,4.220361394848148,33.24967032043725,33.24967018301242,0.39385594256780365,20.0,0.0
155.85000000000002,4.1572478390626335,-50.2220868543279,5.243638678503723,33.249670310621184,33.24967017119976,0.3938559508899431,20.0,0.0
155.9,5.053481411509277,-50.13983490225667,6.266915961776944,33.249670300662515,33.24967015942082,0.39385595885698876,20.0,0.0
155.95000000000002,5.948103149323143,-50.0415905831797,7.29019324466229,33.24967029057382,33.24967014768466,0.39385596647240817,20.0,0.0
156.0,6.8408277081377795,-49.927385232651744,8.313470527154672,33.249670280367454,33.24967013599999,0.3938559737398677,20.0,0.0
156.05,7.731370348702414,-49.79725527708359,9.336747809249536,33.24967027005549,33.24967012437533,0.39385598066320426,20.0,0.0
156.10000000000002,8.619447027701057,-49.651242222123635,10.360025090942734,33.24967025964976,33.24967011281882,0.3938559872464751,20.0,0.0
156.15,9.504774488349634,-49.48939263941938,11.383302372230627,33.24967024916184,33.24967010133835,0.39385599349387945,20.0,0.0
156.20000000000002,10.387070350742242,-49.31175815176317,12.406579653110036,33.249670238603024,33.24967008994145,0.3938559994097943,20.0,0.0
156.25,11.26605320191773,-49.11839541662682,13.429856933578185,33.24967022798434,33.249670078635454,0.39385600499873874,20.0,0.0
156.3,12.141442685617855,-48.90936610809037,14.453134213632735,33.24967021731656,33.24967006742736,0.3938560102653952,20.0,0.0
156.35000000000002,13.012959591708409,-48.6847368971708,15.476411493271778,33.24967020661019,33.24967005632387,0.39385601521458824,20.0,0.0
156.4,13.880325945234771,-48.44457943055695,16.499688772493812,33.24967019587546,33.24967004533145,0.3938560198512562,20.0,0.0
156.45000000000002,14.743265095083498,-48.188970307757394,17.52296605129772,33.24967018512231,33.24967003445622,0.3938560241804794,20.0,0.0
156.5,15.601501802221664,-47.91799105666861,18.54624332968281,33.249670174360446,33.24967002370408,0.3938560282074377,20.0,0.0
156.55,16.454762327485817,-47.63172810757121,19.569520607648727,33.249670163599276,33.249670013080625,0.3938560319374247,20.0,0.0
156.60000000000002,17.302774518892534,-47.33027276556252,20.592797885195473,33.24967015284795,33.24967000259118,0.39385603537584046,20.0,0.0
156.65,18.145267898442736,-47.01372118143431,21.61607516232348,33.24967014211532,33.249669992240804,0.3938560385281704,20.0,0.0
156.70000000000002,18.981973748392086,-46.682174321005,22.639352439033438,33.24967013141,33.24966998203433,0.3938560413999781,20.0,0.0
156.75,19.812625196959935,-46.335737932916025,23.662629715326435,33.24967012074031,33.24966997197626,0.3938560439969194,20.0,0.0
156.8,20.63695730344949,-45.974522514902766,24.685906991203847,33.24967011011431,33.249669962070875,0.3938560463247214,20.0,0.0
156.85000000000002,21.454707142752046,-45.59864327855066,25.709184266667382,33.24967009953978,33.24966995232222,0.39385604838916066,20.0,0.0
156.9,22.265613889208353,-45.20822011254786,26.732461541719047,33.24967008902424,33.249669942734066,0.39385605019609216,20.0,0.0
156.95000000000002,23.069418899800326,-44.803377544446086,27.755738816361134,33.24967007857494,33.249669933309946,0.39385605175139204,20.0,0.0
157.0,23.86586579664661,-44.38424470094188,28.779016090596212,33.24967006819887,33.249669924053144,0.39385605306100757,20.0,0.0
157.05,24.65470054877566,-43.95095526669094,29.802293364427154,33.24967005790275,33.24966991496671,0.3938560541309144,20.0,0.0
157.10000000000002,25.435671553150264,-43.503647441668704,30.82557063785704,33.24967004769303,33.249669906053484,0.3938560549671166,20.0,0.0
157.15,26.208529714917653,-43.0424638970907,31.848847910889283,33.249670037575925,33.24966989731604,0.39385605557563963,20.0,0.0
157.20000000000002,26.973028526859622,-42.56755172990679,32.872125183527466,33.249670027557364,33.24966988875673,0.39385605596255147,20.0,0.0
157.25,27.728924148017313,-42.079062415883826,33.89540245577543,33.249670017643034,33.24966988037773,0.39385605613391306,20.0,0.0
157.3,28.475975481465568,-41.57715176129161,34.91867972763723,33.24967000783837,33.24966987218096,0.39385605609578533,20.0,0.0
157.35000000000002,29.213944251212066,-41.06197985320768,35.94195699911714,33.249669998148555,33.24966986416813,0.39385605585427186,20.0,0.0
157.4,29.942595078196714,-40.53371100845665,36.96523427021962,33.249669988578525,33.24966985634076,0.39385605541542645,20.0,0.0
157.45000000000002,30.661695555367025,-39.99251372120049,37.98851154094937,33.24966997913297,33.249669848700165,0.39385605478532426,20.0,0.0
157.5,31.371016321805588,-39.4385606091964,39.01178881131122,33.249669969816345,33.24966984124746,0.3938560539700191,20.0,0.0
157.55,32.07033113588592,-38.87202835873948,40.03506608131018,33.24966996063286,33.24966983398356,0.3938560529755506,20.0,0.0
157.60000000000002,32.75941694743346,-38.29309766830765,41.05834335095144,33.249669951586476,33.24966982690921,0.39385605180793704,20.0,0.0
157.65,33.438053968868545,-37.70195319092694,42.081620620240344,33.24966994268096,33.24966982002498,0.3938560504731754,20.0,0.0
157.70000000000002,34.106025745308855,-37.0987834752754,43.104897889182396,33.24966993391981,33.24966981333119,0.39385604897721294,20.0,0.0
157.75,34.76311922360883,-36.48378090554448,44.12817515778318,33.249669925306335,33.249669806828116,0.39385604732598267,20.0,0.0
157.8,35.409124820314084,-35.8571416400771,45.151452426048486,33.24966991684361,33.24966980051572,0.393856045525375,20.0,0.0
157.85000000000002,36.04383648850914,-35.2190655488019,46.174729693984155,33.24966990853447,33.249669794393945,0.3938560435812235,20.0,0.0
157.9,36.66705178353721,-34.56975614948361,47.1980069615962,33.249669900381576,33.24966978846245,0.3938560414993333,20.0,0.0
157.95000000000002,37.278571927570944,-33.90942054281003,48.221284228890696,33.24966989238735,33.24966978272079,0.39385603928545976,20.0,0.0
158.0,37.87820187301369,-33.23826934633614,49.2445614958738,33.24966988455403,33.24966977716841,0.39385603694528015,20.0,0.0
158.05,38.46575036471093,-32.55651662730651,50.267838762551804,33.24966987688363,33.249669771804555,0.3938560344844433,20.0,0.0
158.10000000000002,39.04103000095214,-31.864379834377406,51.291116028931036,33.249669869377975,33.249669766628365,0.3938560319085198,20.0,0.0
158.15,39.603857293243536,-31.162079728260412,52.314393295017965,33.24966986203872,33.249669761638806,0.39385602922302354,20.0,0.0
158.20000000000002,40.15405272483269,-30.449840311309604,53.337670560819,33.24966985486729,33.24966975683476,0.39385602643341144,20.0,0.0
158.25,40.691440807966345,-29.72788875607481,54.360947826340706,33.24966984786497,33.24966975221496,0.3938560235450552,20.0,0.0
158.3,41.215850139863164,-28.996455332843734,55.3842250915897,33.249669841032826,33.249669747778015,0.39385602056326263,20.0,0.0
158.35000000000002,41.72711345738353,-28.255773336196004,56.40750235657259,33.24966983437177,33.24966974352241,0.39385601749327037,20.0,0.0
158.4,42.22506769037903,-27.50607901059265,57.430779621296004,33.249669827882535,33.249669739446595,0.3938560143402441,20.0,0.0
158.45000000000002,42.7095540137045,-26.747611475024666,58.454056885766654,33.249669821565675,33.249669735548814,0.39385601110926416,20.0,0.0
158.5,43.18041789787616,-25.980612646744742,59.47733414999125,33.24966981542161,33.24966973182724,0.3938560078053257,20.0,0.0
158.55,43.63750915835961,-25.205327164106475,60.50061141397657,33.24966980945059,33.24966972827996,0.3938560044333457,20.0,0.0
158.60000000000002,44.08068200347196,-24.422002308535667,61.52388867772933,33.24966980365269,33.24966972490496,0.39385600099816287,20.0,0.0
158.65,44.50979508088287,-23.630887925658612,62.54716594125624,33.249669798027846,33.24966972170017,0.3938559975045237,20.0,0.0
158.70000000000002,44.92471152269958,-22.832236345612497,63.57044320456408,33.24966979257587,33.24966971866336,0.39385599395708937,20.0,0.0
158.75,45.32529898912171,-22.026302302563376,64.59372046765955,33.249669787296405,33.24966971579231,0.3938559903604357,20.0,0.0
158.8,45.71142971065167,-21.213342853457362,65.61699773054939,33.24966978218897,33.24966971308466,0.3938559867190463,20.0,0.0
158.85000000000002,46.08298052884744,-20.393617296030943,66.6402749932403,33.24966977725294,33.24966971053801,0.3938559830373052,20.0,0.0
158.9,46.439832935604606,-19.567387086106603,67.66355225573895,33.249669772487586,33.249669708149874,0.3938559793195182,20.0,0.0
158.95000000000002,46.781873110955125,-18.7349157542001,68.68682951805201,33.24966976789204,33.2496697059177,0.3938559755698918,20.0,0.0
159.0,47.10899195937082,-17.896468821466016,69.71010678018604,33.2496697634653,33.249669703838926,0.39385597179253296,20.0,0.0
159.05,47.42108514455995,-17.05231371500838,70.73338404214766,33.24966975920627,33.24966970191086,0.39385596799144906,20.0,0.0
159.10000000000002,47.718053122745864,-16.20271968258338,71.75666130394339,33.24966975511374,33.249669700130816,0.39385596417058366,20.0,0.0
159.15,47.99980117441694,-15.347957706721353,72.77993856557973,33.24966975118639,33.24966969849601,0.39385596033374526,20.0,0.0
159.20000000000002,48.26623943453792,-14.488300418295493,73.8032158270631,33.249669747422786,33.24966969700366,0.3938559564846642,20.0,0.0
159.25,48.517282921212846,-13.624022009564777,74.82649308839986,33.24966974382142,33.24966969565094,0.3938559526269785,20.0,0.0
159.3,48.75285156279043,-12.755398146718901,75.84977034959637,33.24966974038067,33.24966969443493,0.39385594876420527,20.0,0.0
159.35000000000002,48.97287022340338,-11.882705881953088,76.87304761065889,33.249669737098834,33.24966969335274,0.3938559448997907,20.0,0.0
159.4,49.17726872693335,-11.006223565100825,77.89632487159356,33.24966973397411,33.24966969240144,0.39385594103707433,20.0,0.0
159.45000000000002,49.365981879393985,-10.126230754852713,78.91960213240652,33.24966973100464,33.24966969157808,0.39385593717928913,20.0,0.0
159.5,49.5389494897249,-9.243008129589743,79.94287939310381,33.24966972818845,33.249669690879635,0.3938559333295828,20.0,0.0
159.55,49.696116388989914,-8.35683739785944,80.96615665369139,33.24966972552354,33.24966969030312,0.39385592949098935,20.0,0.0
159.60000000000002,49.8374324479735,-7.468001208523437,81.9894339141752,33.24966972300779,33.24966968984549,0.39385592566646466,20.0,0.0
159.65,49.96285259316973,-6.576783060605119,83.01271117456099,33.249669720639055,33.24966968950372,0.3938559218588651,20.0,0.0
159.70000000000002,50.07233682115873,-5.683467212866117,84.03598843485452,33.249669718415106,33.24966968927475,0.39385591807092624,20.0,0.0
159.75,50.16585021136598,-4.788338593140467,85.05926569506144,33.24966971633365,33.2496696891555,0.39385591430533395,20.0,0.0
159.8,50.24336293720039,-3.8916827074553733,86.08254295518731,33.249669714392354,33.249669689142905,0.3938559105646178,20.0,0.0
159.85000000000002,50.30485027556768,-2.9937855489675504,87.10582021523754,33.24966971258882,33.24966968923393,0.3938559068512717,20.0,0.0
159.9,50.35029261475593,-2.094933506744193,88.12909747521755,33.249669710920614,33.249669689425495,0.3938559031676476,20.0,0.0
159.95000000000002,50.37967546069083,-1.1954132744176675,89.15237473513257,33.249669709385245,33.24966968971451,0.3938558995160406,20.0,0.0
160.0,50.39298944155864,-0.29551175874306246,90.1756519949878,33.24966970798019,33.24966969009795,0.3938558958986178,20.0,0.0
160.05,50.39023031079541,0.6044840119122399,91.19892925478833,33.24966970670288,33.24966969057273,0.3938558923174895,20.0,0.0
160.10000000000002,50.371398948441396,1.5042869791177789,92.22220651453908,33.24966970555073,33.249669691135836,0.3938558887746382,20.0,0.0
160.15,50.33650136086042,2.403610145938821,93.24548377424495,33.2496697045211,33.24966969178425,0.39385588527199644,20.0,0.0
160.20000000000002,50.28554867882405,3.302166668475551,94.26876103391072,33.24966970361132,33.24966969251494,0.3938558818113691,20.0,0.0
160.25,50.21855715396144,4.199669947353452,95.29203829354107,33.24966970281872,33.249669693324904,0.393855878394497,20.0,0.0
160.3,50.13554815357575,5.09583371913569,96.31531555314054,33.24966970214059,33.24966969421117,0.39385587502302855,20.0,0.0
160.35000000000002,50.03654815382894,5.990372147628358,97.33859281271359,33.2496697015742,33.249669695170795,0.393855871698527,20.0,0.0
160.4,49.921588731297064,6.882999915049436,98.36187007226455,33.249669701116815,33.24966969620085,0.393855868422456,20.0,0.0
160.45000000000002,49.790706552898754,7.773432313032412,99.3851473317977,33.24966970076567,33.24966969729839,0.3938558651962225,20.0,0.0
160.5,49.64394336420011,8.661385333435522,100.40842459131721,33.24966970051801,33.24966969846054,0.39385586202111966,20.0,0.0
160.55,49.48134597609974,9.54657575892765,101.43170185082707,33.24966970037105,33.24966969968448,0.3938558588983838,20.0,0.0
160.60000000000002,49.302966249898155,10.428721253322,102.45497911033121,33.24966970032201,33.24966970096736,0.39385585582915894,20.0,0.0
160.65,49.10886108075638,11.307540451628705,103.47825636983342,33.24966970036811,33.24966970230636,0.39385585281451796,20.0,0.0
160.70000000000002,48.899092379548875,12.182753049797698,104.50153362933742,33.24966970050656,33.2496697036988,0.3938558498554485,20.0,0.0
160.75,48.67372705311681,13.05407989412316,105.5248108888468,33.24966970073457,33.249669705141876,0.39385584695286724,20.0,0.0
160.8,48.43283698292771,13.92124307028108,106.5480881483651,33.24966970104938,33.24966970663292,0.39385584410761254,20.0,0.0
160.85000000000002,48.17649900214853,14.783965991971499,107.57136540789566,33.2496697014482,33.2496697081693,0.3938558413204589,20.0,0.0
160.9,47.90479487113929,15.641973489137177,108.59464266744173,33.249669701928276,33.24966970974836,0.3938558385921027,20.0,0.0
160.95000000000002,47.61781125137516,16.49499189573054,109.6179199270065,33.249669702486855,33.24966971136757,0.3938558359231621,20.0,0.0
161.0,47.315639677805365,17.342749137000915,110.64119718659303,33.24966970312119,33.24966971302437,0.3938558333141984,20.0,0.0
161.05,46.998376529657605,18.184974816274217,111.66447444620425,33.24966970382856,33.24966971471627,0.39385583076570185,20.0,0.0
161.10000000000002,46.6661229996974,19.0214003011974,112.68775170584304,33.249669704606255,33.249669716440785,0.39385582827810595,20.0,0.0
161.15,46.318985061952105,19.85175880942017,113.71102896551213,33.24966970545158,33.24966971819554,0.3938558258517588,20.0,0.0
161.20000000000002,45.95707343790996,20.67578549368663,114.73430622521413,33.24966970636186,33.24966971997816,0.3938558234869731,20.0,0.0
161.25,45.58050356120487,21.493217526309717,115.7575834849516,33.249669707334455,33.24966972178632,0.3938558211839691,20.0,0.0
161.3,45.18939554079825,22.303794183001493,116.78086074472694,33.249669708366724,33.24966972361776,0.39385581894293153,20.0,0.0
161.35000000000002,44.78387412266963,23.107256926032527,117.80413800454247,33.249669709456086,33.24966972547022,0.3938558167639812,20.0,0.0
161.4,44.36406865002826,23.903349486693884,118.82741526440044,33.24966971059995,33.249669727341534,0.3938558146471749,20.0,0.0
161.45000000000002,43.93011302205843,24.691817947035393,119.850692524303,33.24966971179578,33.249669729229566,0.393855812592534,20.0,0.0
161.5,43.48214565121159,25.472410820854112,120.87396978425213,33.24966971304105,33.2496697311322,0.39385581060000874,20.0,0.0
161.55,43.02030941905898,26.2448791339072,121.89724704424974,33.24966971433328,33.24966973304743,0.39385580866949965,20.0,0.0
161.60000000000002,42.54475163071882,27.00897650332357,122.92052430429769,33.24966971567,33.24966973497326,0.3938558068008575,20.0,0.0
161.65,42.05562396787253,27.76445921618901,123.94380156439769,33.2496697170488,33.249669736907734,0.3938558049938976,20.0,0.0
161.70000000000002,41.553082440385054,28.51108630727971,124.96707882455144,33.249669718467295,33.24966973884893,0.3938558032483712,20.0,0.0
161.75,41.03728733654473,29.248619635919408,125.99035608476039,33.249669719923126,33.24966974079504,0.39385580156399413,20.0,0.0
161.8,40.50840317193845,29.976823961935615,127.01363334502604,33.24966972141398,33.24966974274426,0.3938557999404324,20.0,0.0
161.85000000000002,39.96659863697855,30.69546702069072,128.03691060534976,33.249669722937576,33.24966974469484,0.39385579837732365,20.0,0.0
161.9,39.41204654309815,31.404319597164037,129.06018786573281,33.24966972449166,33.249669746645075,0.39385579687424865,20.0,0.0
161.95000000000002,38.84492376763196,32.10315559906114,130.0834651261764,33.24966972607405,33.24966974859331,0.39385579543074556,20.0,0.0
162.0,38.26541119740039,32.791752128927214,131.1067423866817,33.24966972768257,33.24966975053788,0.3938557940463383,20.0,0.0
162.05,37.673693671014696,33.46988955524137,132.13001964724955,33.249669729315094,33.249669752477374,0.3938557927204869,20.0,0.0
162.10000000000002,37.06995991992174,34.137351582469314,133.15329690788104,33.24966973096954,33.249669754410185,0.39385579145263705,20.0,0.0
162.15,36.45440250820712,34.79392532005192,134.17657416857696,33.24966973264387,33.24966975633489,0.3938557902421991,20.0,0.0
162.20000000000002,35.82721777117577,35.439401350307826,135.1998514293381,33.24966973433609,33.24966975825007,0.3938557890885406,20.0,0.0
162.25,35.18860575272985,36.07357379522831,136.22312869016517,33.24966973604423,33.24966976015439,0.39385578799100784,20.0,0.0
162.3,34.53877014156363,36.696240382143195,137.2464059510588,33.24966973776639,33.249669762046516,0.39385578694891166,20.0,0.0
162.35000000000002,33.877918206195936,37.30720250823676,138.26968321201943,33.24966973950068,33.24966976392525,0.39385578596154147,20.0,0.0
162.4,33.206260728860734,37.90626530389321,139.29296047304766,33.24966974124529,33.24966976578929,0.39385578502816543,20.0,0.0
162.45000000000002,32.52401193827703,38.4932376948513,140.3162377341438,33.249669742998435,33.249669767637556,0.39385578414800904,20.0,0.0
162.5,31.831389441319466,39.067932463148594,141.33951499530826,33.249669744758364,33.24966976946889,0.3938557833202907,20.0,0.0
162.55,31.128614153611498,39.63016630683553,142.36279225654124,33.2496697465234,33.24966977128219,0.3938557825442004,20.0,0.0
162.60000000000002,30.41591022906314,40.17975989844061,143.386069517843,33.249669748291886,33.24966977307649,0.3938557818189139,20.0,0.0
162.65,29.693504988375913,40.71653794216783,144.40934677921365,33.24966975006222,33.24966977485077,0.39385578114357855,20.0,0.0
162.70000000000002,28.96162884653769,41.24032922980824,145.43262404065325,33.249669751832826,33.249669776604115,0.3938557805173275,20.0,0.0
162.75,28.22051523933061,41.75096669534765,146.45590130216175,33.249669753602205,33.24966977833567,0.39385577993927967,20.0,0.0
162.8,27.47040054887551,42.24828746825328,147.47917856373923,33.249669755368885,33.249669780044535,0.3938557794085398,20.0,0.0
162.85000000000002,26.711524028236592,42.732132925422164,148.50245582538548,33.24966975713143,33.24966978172995,0.393855778924177,20.0,0.0
162.9,25.944127725110373,43.20234874177484,149.52573308710038,33.24966975888847,33.249669783391106,0.39385577848528897,20.0,0.0
162.95000000000002,25.168456404623306,43.658784939478146,150.54901034888374,33.24966976063866,33.24966978502733,0.39385577809092354,20.0,0.0
163.0,24.38475747126263,44.10129593578145,151.5722876107353,33.249669762380705,33.249669786637945,0.3938557777401286,20.0,0.0
163.05,23.593280889965413,44.52974058945106,152.59556487265468,33.249669764113364,33.2496697882223,0.3938557774319591,20.0,0.0
163.10000000000002,22.794279106390885,44.94398224578794,153.61884213464154,33.249669765835435,33.24966978977981,0.3938557771654345,20.0,0.0
163.15,21.988006966401578,45.3438887802145,154.64211939669548,33.24966976754575,33.249669791309955,0.3938557769395814,20.0,0.0
163.20000000000002,21.174721634778866,45.729332640416395,155.66539665881604,33.249669769243184,33.24966979281217,0.3938557767534263,20.0,0.0
163.25,20.35468251319891,46.10019088702603,156.68867392100273,33.24966977092669,33.249669794286014,0.3938557766059745,20.0,0.0
163.3,19.5281511574951,46.45634523283473,157.71195118325497,33.24966977259521,33.249669795731045,0.39385577649623826,20.0,0.0
163.35000000000002,18.695391194233444,46.797682080521064,158.7352284455722,33.24966977424777,33.249669797146865,0.3938557764232158,20.0,0.0
163.4,17.85666823662747,47.12409255888334,159.75850570795382,33.24966977588342,33.2496697985331,0.3938557763859194,20.0,0.0
163.45000000000002,17.012249799819486,47.43547255756463,160.78178297039915,33.24966977750125,33.249669799889446,0.39385577638334723,20.0,0.0
163.5,16.162405215555193,47.73172276025934,161.80506023290746,33.249669779100415,33.2496698012156,0.3938557764144974,20.0,0.0
163.55,15.30740554627891,48.01274867639065,162.82833749547808,33.249669780680065,33.24966980251132,0.3938557764783681,20.0,0.0
163.60000000000002,14.44752349867675,48.27846067124884,163.8516147581102,33.249669782239444,33.24966980377633,0.39385577657397164,20.0,0.0
163.65,13.583033336695388,48.528773994580696,164.87489202080303,33.24966978377779,33.24966980501051,0.39385577670029903,20.0,0.0
163.70000000000002,12.714210794064112,48.763608807621104,165.89816928355583,33.249669785294415,33.24966980621365,0.39385577685635553,20.0,0.0
163.75,11.841332986348082,48.982890208558025,166.92144654636772,33.249669786788644,33.24966980738563,0.3938557770411606,20.0,0.0
163.8,10.964678322560856,49.18654825642283,167.94472380923776,33.249669788259865,33.24966980852635,0.39385577725371945,20.0,0.0
163.85000000000002,10.084526416364348,49.37451799339837,168.96800107216515,33.24966978970747,33.24966980963575,0.39385577749305156,20.0,0.0
163.9,9.201157996884568,49.54673946553758,169.9912783351489,33.24966979113092,33.24966981071378,0.3938557777581835,20.0,0.0
163.95000000000002,8.314854819171575,49.70315774188613,171.0145555981881,33.249669792529694,33.249669811760434,0.39385577804814176,20.0,0.0
164.0,7.425899574332208,49.84372293200296,172.03783286128174,33.249669793903315,33.24966981277576,0.39385577836196006,20.0,0.0
164.05,6.534575799364251,49.968390201873085,173.06111012442892,33.24966979525135,33.249669813759716,0.39385577869868627,20.0,0.0
164.10000000000002,5.6411677867208025,50.077119788207646,174.08438738762862,33.24966979657338,33.24966981471242,0.39385577905737534,20.0,0.0
164.15,4.745960493633689,50.16987701112663,175.10766465087977,33.249669797869025,33.24966981563399,0.3938557794370823,20.0,0.0
164.20000000000002,3.8492394512248356,50.2466322852202,176.1309419141814,33.249669799137955,33.249669816524495,0.39385577983687625,20.0,0.0
164.25,2.9512906734346016,50.30736112898513,177.1542191775325,33.24966980037985,33.249669817384074,0.3938557802558478,20.0,0.0
164.3,2.052400565796111,50.352044172633285,178.17749644093192,33.24966980159444,33.249669818212915,0.39385578069308025,20.0,0.0
164.35000000000002,1.1528558340846862,50.380667164269745,179.2007737043787,33.249669802781476,33.24966981901117,0.3938557811476713,20.0,0.0
164.4,0.2529433928715167,50.39322097443853,-179.77594903212832,33.24966980394073,33.24966981977907,0.3938557816187398,20.0,0.0
164.45000000000002,-0.6470497259892696,50.38970159903445,-178.7526717685902,33.249669805072045,33.24966982051682,0.39385578210540473,20.0,0.0
164.5,-1.5468364649109416,50.370110160580296,-177.729394505008,33.24966980617525,33.24966982122467,0.3938557826067992,20.0,0.0
164.55,-2.446129832132709,50.334452907868744,-176.70611724138283,33.24966980725021,33.24966982190286,0.3938557831220706,20.0,0.0
164.60000000000002,-3.3446429932572705,50.28274121396932,-175.6828399777158,33.24966980829682,33.2496698225517,0.39385578365038754,20.0,0.0
164.65,-4.24208936273817,50.214991572600866,-174.659562714008,33.24966980931503,33.249669823171466,0.3938557841909187,20.0,0.0
164.70000000000002,-5.13818269528778,50.13122559287081,-173.63628545026052,33.24966981030477,33.249669823762474,0.393855784742847,20.0,0.0
164.75,-6.032637177176757,50.03146999238282,-172.6130081864745,33.24966981126604,33.24966982432507,0.3938557853053908,20.0,0.0
164.8,-6.925167517395855,49.91575658871504,-171.58973092265103,33.249669812198825,33.24966982485955,0.39385578587774006,20.0,0.0
164.85000000000002,-7.815489038651005,49.784122289271785,-170.56645365879126,33.24966981310316,33.2496698253663,0.39385578645914165,20.0,0.0
164.9,-8.703317768162654,49.636609079511665,-169.54317639489625,33.249669813979104,33.24966982584568,0.3938557870488353,20.0,0.0
164.95000000000002,-9.588370528240391,49.473264009556125,-168.5198991309671,33.24966981482671,33.249669826298074,0.393855787646082,20.0,0.0
165.0,-10.470365026603982,49.294139179182565,-167.49662186700496,33.249669815646094,33.24966982672389,0.3938557882501499,20.0,0.0
165.05,-11.34901994642199,49.09929172120682,-166.47334460301093,33.24966981643736,33.24966982712351,0.39385578886033557,20.0,0.0
165.10000000000002,-12.224055036039273,48.88878378326035,-165.45006733898603,33.24966981720066,33.249669827497364,0.3938557894759356,20.0,0.0
165.15,-13.095191198364745,48.66268250796795,-164.42679007493143,33.24966981793614,33.24966982784589,0.3938557900962678,20.0,0.0
165.20000000000002,-13.962150579890872,48.42106001153223,-163.40351281084818,33.24966981864397,33.24966982816948,0.39385579072067856,20.0,0.0
165.25,-14.824656659316533,48.163993360731745,-162.38023554673734,33.24966981932437,33.24966982846859,0.393855791348507,20.0,0.0
165.3,-15.682434335744949,47.8915645483402,-161.3569582826,33.24966981997753,33.2496698287437,0.3938557919791208,20.0,0.0
165.35000000000002,-16.535210016428586,47.60386046697437,-160.33368101843723,33.24966982060368,33.24966982899526,0.39385579261191594,20.0,0.0
165.4,-17.382711704033014,47.300972881379245,-159.3104037542501,33.24966982120308,33.249669829223734,0.3938557932462743,20.0,0.0
165.45000000000002,-18.224669083391905,46.98299839915919,-158.28712649003958,33.24966982177599,33.249669829429564,0.3938557938816203,20.0,0.0
165.5,-19.060813607725485,46.65003843996444,-157.26384922580678,33.24966982232267,33.24966982961329,0.3938557945173784,20.0,0.0
165.55,-19.890878584294967,46.302199203142735,-156.24057196155266,33.24966982284344,33.24966982977533,0.3938557951530015,20.0,0.0
165.60000000000002,-20.71459925946561,45.939591633866506,-155.21729469727828,33.24966982333857,33.24966982991619,0.3938557957879496,20.0,0.0
165.65,-21.531712903151316,45.562331387746305,-154.1940174329846,33.249669823808404,33.24966983003638,0.3938557964216969,20.0,0.0
165.70000000000002,-22.341958892613757,45.170538793941844,-153.1707401686726,33.24966982425326,33.24966983013638,0.39385579705375307,20.0,0.0
165.75,-23.145078795589413,44.764338816782356,-152.1474629043433,33.24966982467348,33.249669830216696,0.3938557976836137,20.0,0.0
165.8,-23.940816452717904,44.343861015908566,-151.12418563999765,33.249669825069425,33.24966983027784,0.39385579831080975,20.0,0.0
165.85000000000002,-24.72891805924538,43.909239504948964,-150.10090837563658,33.24966982544146,33.24966983032027,0.39385579893488654,20.0,0.0
165.9,-25.5091322459769,43.46061290874353,-149.07763111126098,33.249669825789944,33.24966983034453,0.3938557995553964,20.0,0.0
165.95000000000002,-26.281210159451966,42.99812431912862,-148.05435384687183,33.24966982611527,33.24966983035112,0.3938558001719201,20.0,0.0
166.0,-27.044905541317668,42.521921249297066,-147.03107658247,33.24966982641783,33.24966983034051,0.3938558007840527,20.0,0.0
166.05,-27.79997480687409,42.03215558674804,-146.00779931805639,33.249669826698025,33.24966983031323,0.3938558013913891,20.0,0.0
166.10000000000002,-28.54617712276694,41.52898354484175,-144.98452205363188,33.24966982695625,33.2496698302698,0.39385580199355275,20.0,0.0
166.15,-29.283274483802643,41.01256561297435,-143.96124478919728,33.24966982719294,33.249669830210706,0.3938558025901884,20.0,0.0
166.20000000000002,-30.011031788861345,40.48306650538898,-142.93796752475347,33.24966982740849,33.24966983013645,0.3938558031809407,20.0,0.0
166.25,-30.729216915883676,39.94065510863932,-141.91469026030128,33.24966982760334,33.249669830047516,0.3938558037654758,20.0,0.0
166.3,-31.437600795907315,39.385504427722275,-140.8914129958415,33.24966982777792,33.24966982994444,0.393855804343481,20.0,0.0
166.35000000000002,-32.13595748612975,38.81779153089715,-139.86813573137488,33.24966982793268,33.24966982982768,0.39385580491464367,20.0,0.0
166.4,-32.824064241973936,38.23769749320879,-138.84485846690228,33.249669828068036,33.24966982969777,0.3938558054786867,20.0,0.0
166.45000000000002,-33.50170158813387,37.64540733873269,-137.8215812024244,33.249669828184444,33.249669829555145,0.3938558060353259,20.0,0.0
166.5,-34.16865338857739,37.041109981560616,-136.79830393794197,33.24966982828235,33.24966982940036,0.3938558065843054,20.0,0.0
166.55,-34.82470691548393,36.42499816554546,-135.77502667345573,33.24966982836221,33.24966982923386,0.3938558071253766,20.0,0.0
166.60000000000002,-35.46965291709517,35.79726840282453,-134.75174940896636,33.24966982842447,33.24966982905612,0.3938558076583121,20.0,0.0
166.65,-36.10328568445701,35.15812091114098,-133.7284721444746,33.24966982846959,33.24966982886763,0.39385580818288446,20.0,0.0
166.70000000000002,-36.725403117031554,34.507759549983305,-132.7051948799811,33.24966982849803,33.24966982866887,0.3938558086988948,20.0,0.0
166.75,-37.33580678715809,33.846391755563246,-131.68191761548644,33.24966982851023,33.24966982846028,0.39385580920614416,20.0,0.0
166.8,-37.934302003342715,33.17422847465293,-130.6586403509913,33.24966982850666,33.24966982824233,0.393855809704462,20.0,0.0
166.85000000000002,-38.52069787235617,32.49148409730226,-129.63536308649634,33.24966982848778,33.249669828015485,0.39385581019367777,20.0,0.0
166.9,-39.0948073601203,31.79837638845809,-128.61208582200211,33.249669828454046,33.24966982778019,0.3938558106736423,20.0,0.0
166.95000000000002,-39.656447351363504,31.095126418506915,-127.58880855750917,33.249669828405914,33.24966982753688,0.3938558111441992,20.0,0.0
167.0,-40.205438708026385,30.381958492763303,-126.56553129301813,33.24966982834384,33.24966982728599,0.39385581160523486,20.0,0.0
167.05,-40.74160632639876,29.65910007992653,-125.54225402852948,33.249669828268274,33.24966982702799,0.39385581205662845,20.0,0.0
167.10000000000002,-41.264779192969904,28.926781739528224,-124.5189767640438,33.249669828179684,33.249669826763274,0.3938558124982663,20.0,0.0
167.15,-41.77479043897424,28.185237048394168,-123.49569949956155,33.24966982807851,33.24966982649225,0.3938558129300631,20.0,0.0
167.20000000000002,-42.27147739361502,27.434702526143745,-122.47242223508324,33.24966982796521,33.249669826215346,0.39385581335192654,20.0,0.0
167.25,-42.75468163594903,26.67541755975074,-121.44914497060937,33.249669827840215,33.24966982593299,0.39385581376379264,20.0,0.0
167.3,-43.22424904541577,25.907624327189595,-120.42586770614035,33.24966982770399,33.249669825645555,0.39385581416559745,20.0,0.0
167.35000000000002,-43.680029850995076,25.131567720191445,-119.40259044167665,33.24966982755696,33.249669825353436,0.39385581455729124,20.0,0.0
167.4,-44.121878678977346,24.34749526613462,-118.37931317721868,33.249669827399565,33.24966982505701,0.39385581493882427,20.0,0.0
167.45000000000002,-44.54965459933126,23.555657049094446,-117.35603591276683,33.24966982723224,33.249669824756666,0.393855815310161,20.0,0.0
167.5,-44.96322117065419,22.75630563007763,-116.3327586483215,33.24966982705541,33.24966982445276,0.39385581567129435,20.0,0.0
167.55,-45.36244648369086,21.949695966466557,-115.30948138388304,33.249669826869514,33.24966982414565,0.3938558160222101,20.0,0.0
167.60000000000002,-45.74720320340655,21.136085330699288,-114.28620411945182,33.24966982667495,33.2496698238357,0.393855816362894,20.0,0.0
167.65,-46.117368609601264,20.31573322821115,-113.26292685502821,33.24966982647215,33.24966982352328,0.39385581669335323,20.0,0.0
167.70000000000002,-46.47282463605198,19.48890131466411,-112.23964959061249,33.24966982626151,33.24966982320869,0.39385581701360906,20.0,0.0
167.75,-46.81345790817052,18.655853312490272,-111.21637232620495,33.24966982604345,33.249669822892265,0.3938558173236757,20.0,0.0
167.8,-47.139159779164956,17.81685492677626,-110.19309506180592,33.24966982581837,33.24966982257434,0.3938558176235887,20.0,0.0
167.85000000000002,-47.4498263646931,16.972173760515116,-109.16981779741565,33.24966982558666,33.24966982225524,0.39385581791338353,20.0,0.0
167.9,-47.74535857599695,16.12207922925294,-108.14654053303441,33.2496698253487,33.249669821935235,0.3938558181931029,20.0,0.0
167.95000000000002,-48.02566215150759,15.266842475157354,-107.12326326866244,33.24966982510488,33.24966982161465,0.3938558184628036,20.0,0.0
168.0,-48.2906476869104,14.406736280535267,-106.09998600429996,33.24966982485557,33.249669821293786,0.3938558187225425,20.0,0.0
168.05,-48.540230663661056,13.542034980827511,-105.07670873994721,33.24966982460116,33.2496698209729,0.39385581897238353,20.0,0.0
168.10000000000002,-48.77433147594316,12.673014377108094,-104.05343147560436,33.24966982434199,33.24966982065227,0.39385581921240487,20.0,0.0
168.15,-48.99287545605893,11.799951648115982,-103.0301542112716,33.249669824078445,33.249669820332166,0.39385581944267756,20.0,0.0
168.20000000000002,-49.19579289824489,10.923125261847463,-102.00687694694909,33.24966982381085,33.24966982001282,0.3938558196633011,20.0,0.0
168.25,-49.38301908090484,10.042814886737307,-100.98359968263702,33.24966982353956,33.24966981969453,0.3938558198743465,20.0,0.0
168.3,-49.5544942872532,9.159301302457028,-99.96032241833551,33.24966982326492,33.24966981937751,0.39385582007593456,20.0,0.0
168.35000000000002,-49.71016382436197,8.272866310358712,-98.93704515404471,33.249669822987244,33.24966981906199,0.3938558202681435,20.0,0.0
168.4,-49.84997804060534,7.383792643592987,-97.91376788976471,33.24966982270687,33.24966981874821,0.393855820451094,20.0,0.0
168.45000000000002,-49.973892341496345,6.492363876929775,-96.89049062549564,33.24966982242411,33.24966981843636,0.39385582062489277,20.0,0.0
168.5,-50.08186720391049,5.598864336310617,-95.86721336123757,33.249669822139275,33.24966981812669,0.3938558207896605,20.0,0.0
168.55,-50.173868188691884,4.703579008161399,-94.84393609699062,33.249669821852656,33.24966981781938,0.39385582094551097,20.0,0.0
168.60000000000002,-50.24986595163778,3.806793448494419,-93.8206588327548,33.249669821564574,33.2496698175146,0.393855821092572,20.0,0.0
168.65,-50.30983625285807,2.9087936918287793,-92.79738156853023,33.24966982127528,33.24966981721256,0.3938558212309715,20.0,0.0
168.70000000000002,-50.35375996450672,2.0098661599581584,-91.77410430431691,33.24966982098509,33.24966981691344,0.3938558213608516,20.0,0.0
168.75,-50.3816230768827,1.1102975705950549,-90.7508270401149,33.249669820694265,33.24966981661743,0.393855821482326,20.0,0.0
168.8,-50.39341670289844,0.21037484592065203,-89.72754977592422,33.24966982040306,33.24966981632465,0.393855821595551,20.0,0.0
168.85000000000002,-50.38913708091446,-0.6896149789305372,-88.70427251174488,33.24966982011174,33.24966981603527,0.3938558217006616,20.0,0.0
168.9,-50.36878557593909,-1.589384847422052,-87.68099524757687,33.24966981982057,33.24966981574944,0.393855821797807,20.0,0.0
168.95000000000002,-50.332368679193166,-2.4886477731736902,-86.65771798342023,33.24966981952978,33.24966981546733,0.3938558218871293,20.0,0.0
169.0,-50.27989800603956,-3.38711693149734,-85.6344407192749,33.24966981923961,33.24966981518903,0.3938558219687778,20.0,0.0
169.05,-50.211390292278445,-4.284505750881237,-84.61116345514087,33.249669818950274,33.24966981491468,0.3938558220429158,20.0,0.0
169.10000000000002,-50.126867388809295,-5.180528004393473,-83.58788619101811,33.24966981866202,33.249669814644406,0.3938558221096784,20.0,0.0
169.15,-50.02635625466143,-6.074897900975592,-82.56460892690659,33.24966981837505,33.24966981437833,0.3938558221692361,20.0,0.0
169.20000000000002,-49.90988894839529,-6.967330176597171,-81.54133166280623,33.249669818089565,33.24966981411654,0.3938558222217381,20.0,0.0
169.25,-49.777502617877204,-7.857540185242296,-80.518054398717,33.24966981780578,33.24966981385916,0.39385582226735494,20.0,0.0
169.3,-49.629239488430834,-8.745243989698924,-79.49477713463882,33.24966981752388,33.24966981360622,0.39385582230622873,20.0,0.0
169.35000000000002,-49.46514684936924,-9.630158452122158,-78.47149987057162,33.24966981724405,33.24966981335788,0.3938558223385371,20.0,0.0
169.4,-49.285277038911666,-10.512001324342576,-77.44822260651533,33.24966981696646,33.24966981311417,0.3938558223644293,20.0,0.0
169.45000000000002,-49.08968742748999,-11.390491337890776,-76.42494534246984,33.2496698166913,33.249669812875204,0.3938558223840758,20.0,0.0
169.5,-48.878440399450135,-12.265348293709456,-75.40166807843507,33.24966981641872,33.24966981264104,0.39385582239764005,20.0,0.0
169.55,-48.651603333154235,-13.136293151524388,-74.37839081441092,33.24966981614889,33.24966981241168,0.3938558224052855,20.0,0.0
169.60000000000002,-48.409248579489955,-14.003048118845792,-73.35511355039728,33.249669815881944,33.24966981218727,0.39385582240716843,20.0,0.0
169.65,-48.151453438793794,-14.865336739571733,-72.33183628639404,33.24966981561804,33.249669811967784,0.3938558224034665,20.0,0.0
169.70000000000002,-47.87830013619572,-15.72288398216526,-71.30855902240107,33.24966981535731,33.2496698117533,0.39385582239434314,20.0,0.0
169.75,-47.589875795393034,-16.57541632737718,-70.28528175841826,33.24966981509988,33.249669811543875,0.39385582237995465,20.0,0.0
169.8,-47.286272410861805,-17.422661855486467,-69.26200449444548,33.24966981484588,33.249669811339494,0.39385582236046446,20.0,0.0
169.85000000000002,-46.96758681851475,-18.264350333030507,-68.23872723048258,33.24966981459542,33.24966981114023,0.393855822336036,20.0,0.0
169.9,-46.63392066481488,-19.1002132989975,-67.21544996652945,33.24966981434862,33.2496698109461,0.3938558223068398,20.0,0.0
169.95000000000002,-46.28538037435486,-19.929984150453517,-66.19217270258592,33.24966981410559,33.24966981075709,0.3938558222730393,20.0,0.0
170.0,-45.92207711591228,-20.75339822757693,-65.16889543865187,33.249669813866404,33.249669810573245,0.39385582223479076,20.0,0.0
170.05,-45.5441267669918,-21.570192898073064,-64.14561817472713,33.24966981363118,33.24966981039453,0.3938558221922577,20.0,0.0
170.10000000000002,-45.15164987686541,-22.38010764094216,-63.12234091081156,33.24966981339999,33.24966981022099,0.39385582214560344,20.0,0.0
170.15,-44.74477162812259,-23.182884129573942,-62.09906364690499,33.24966981317292,33.24966981005262,0.39385582209497727,20.0,0.0
170.20000000000002,-44.32362179674266,-23.978266314142246,-61.07578638300728,33.24966981295004,33.24966980988941,0.3938558220405426,20.0,0.0
170.25,-43.888334710702026,-24.76600050327349,-60.05250911911824,33.24966981273142,33.24966980973135,0.3938558219824557,20.0,0.0
170.3,-43.4390492071296,-25.545835444962865,-59.0292318552377,33.249669812517126,33.24966980957841,0.3938558219208659,20.0,0.0
170.35000000000002,-42.97590858802392,-26.317522406712516,-58.00595459136551,33.24966981230722,33.249669809430564,0.3938558218559365,20.0,0.0
170.4,-42.49906057454623,-27.08081525486608,-56.982677327501506,33.24966981210174,33.24966980928783,0.39385582178780965,20.0,0.0
170.45000000000002,-42.008657259904034,-27.835470533114336,-55.9594000636455,33.249669811900745,33.24966980915016,0.3938558217166417,20.0,0.0
170.5,-41.50485506084015,-28.581247540146865,-54.93612279979732,33.24966981170428,33.24966980901754,0.3938558216425747,20.0,0.0
170.55,-40.987814667742775,-29.31790840642504,-53.91284553595678,33.24966981151237,33.2496698088899,0.39385582156576504,20.0,0.0
170.60000000000002,-40.457700993392415,-30.04521817005176,-52.88956827212372,33.24966981132505,33.24966980876723,0.3938558214863548,20.0,0.0
170.65,-39.91468312036208,-30.762944851713804,-51.866291008297964,33.24966981114235,33.24966980864951,0.39385582140447895,20.0,0.0
170.70000000000002,-39.358934247087504,-31.470859528672857,-50.84301374447933,33.249669810964285,33.249669808536666,0.39385582132028674,20.0,0.0
170.75,-38.79063163262459,-32.16873640778164,-49.81973648066764,33.24966981079088,33.24966980842868,0.39385582123391316,20.0,0.0
170.8,-38.20995654011167,-32.85635289750183,-48.796459216862694,33.24966981062215,33.24966980832548,0.3938558211454932,20.0,0.0
170.85000000000002,-37.6170941789547,-33.533489678900814,-47.77318195306432,33.24966981045811,33.249669808227026,0.3938558210551619,20.0,0.0
170.9,-37.012233645753696,-34.19993077560464,-46.74990468927233,33.24966981029874,33.24966980813328,0.39385582096304717,20.0,0.0
170.95000000000002,-36.3955678639894,-34.85546362268481,-45.72662742548654,33.24966981014406,33.249669808044125,0.39385582086929105,20.0,0.0
171.0,-35.76729352248929,-35.49987913445699,-44.70335016170679,33.24966980999407,33.24966980795957,0.3938558207740144,20.0,0.0
171.05,-35.12761101269264,-36.13297177117003,-43.68007289793289,33.24966980984875,33.24966980787956,0.39385582067733793,20.0,0.0
171.10000000000002,-34.47672436473462,-36.75453960456392,-42.65679563416463,33.249669809708095,33.24966980780399,0.3938558205793896,20.0,0.0
171.15,-33.81484118236978,-37.36438438227591,-41.63351837040185,33.24966980957208,33.249669807732786,0.3938558204802902,20.0,0.0
171.20000000000002,-33.14217257675573,-37.96231159107415,-40.61024110664439,33.24966980944071,33.24966980766596,0.39385582038015343,20.0,0.0
171.25,-32.45893309911814,-38.5481305188987,-39.58696384289203,33.249669809313936,33.24966980760336,0.39385582027909294,20.0,0.0
171.3,-31.765340672318455,-39.121654315690186,-38.56368657914462,33.24966980919176,33.24966980754495,0.3938558201772224,20.0,0.0
171.35000000000002,-31.06161652134626,-39.68270005298659,-37.540409315401966,33.24966980907413,33.24966980749066,0.3938558200746627,20.0,0.0
171.4,-30.347985102758386,-40.231088782269254,-36.517132051663886,33.249669808961016,33.249669807440405,0.3938558199715061,20.0,0.0
171.45000000000002,-29.624674033087306,-40.766645592039495,-35.49385478793021,33.2496698088524,33.24966980739413,0.39385581986786633,20.0,0.0
171.5,-28.891914016241625,-41.28919966360752,-34.47057752420076,33.24966980874824,33.24966980735173,0.39385581976385,20.0,0.0
171.55,-28.149938769921846,-41.79858432557596,-33.44730026047539,33.24966980864849,33.24966980731319,0.3938558196595352,20.0,0.0
171.60000000000002,-27.398984951074873,-42.294637107000625,-32.42402299675387,33.249669808553115,33.24966980727836,0.3938558195550428,20.0,0.0
171.65,-26.63929208041101,-42.777199789211444,-31.400745733036075,33.24966980846206,33.24966980724718,0.3938558194504509,20.0,0.0
171.70000000000002,-25.87110246600757,-43.246118456277166,-30.37746846932184,33.24966980837528,33.24966980721962,0.3938558193458661,20.0,0.0
171.75,-25.094661126023414,-43.70124354409765,-29.354191205610967,33.24966980829273,33.24966980719553,0.3938558192413666,20.0,0.0
171.8,-24.310215710549112,-44.142429888108154,-28.330913941903322,33.249669808214364,33.24966980717488,0.3938558191370447,20.0,0.0
171.85000000000002,-23.51801642261764,-44.56953676958031,-27.30763667819873,33.24966980814012,33.249669807157595,0.3938558190329786,20.0,0.0
171.9,-22.718315938400785,-44.98242796050514,-26.284359414497015,33.24966980806993,33.24966980714353,0.3938558189292536,20.0,0.0
171.95000000000002,-21.911369326616736,-45.3809717670437,-25.261082150798046,33.249669808003766,33.24966980713265,0.3938558188259478,20.0,0.0
172.0,-21.097433967174563,-45.76504107153149,-24.23780488710165,33.249669807941544,33.249669807124874,0.39385581872313224,20.0,0.0
172.05,-20.276769469081533,-46.13451337302338,-23.214527623407694,33.24966980788321,33.24966980712012,0.39385581862088515,20.0,0.0
172.10000000000002,-19.44963758763943,-46.48927082636587,-22.191250359716,33.2496698078287,33.2496698071183,0.39385581851927753,20.0,0.0
172.15,-18.616302140956318,-46.82920027978446,-21.167973096026422,33.24966980777796,33.249669807119325,0.39385581841837336,20.0,0.0
172.20000000000002,-17.77702892580035,-47.154193310974,-20.14469583233883,33.24966980773091,33.249669807123105,0.3938558183182437,20.0,0.0
172.25,-16.93208563282248,-47.464146261680575,-19.121418568653066,33.249669807687496,33.24966980712958,0.39385581821894533,20.0,0.0
172.3,-16.081741761175103,-47.758960270763836,-18.098141304968983,33.24966980764765,33.24966980713862,0.39385581812054227,20.0,0.0
172.35000000000002,-15.226268532553867,-48.038541305729304,-17.074864041286453,33.24966980761128,33.249669807150205,0.39385581802309844,20.0,0.0
172.4,-14.365938804690085,-48.30280019272051,-16.051586777605348,33.24966980757836,33.24966980716421,0.3938558179266636,20.0,0.0
172.45000000000002,-13.501026984321298,-48.55165264496149,-15.028309513925514,33.24966980754878,33.24966980718056,0.3938558178312874,20.0,0.0
172.5,-12.631808939667794,-48.7850192896405,-14.00503225024685,33.24966980752247,33.2496698071992,0.3938558177370197,20.0,0.0
172.55,-11.758561912442977,-49.00282569322639,-12.981754986569204,33.24966980749938,33.249669807220016,0.3938558176439102,20.0,0.0
172.60000000000002,-10.881564429425643,-49.20500238520957,-11.95847772289245,33.24966980747943,33.24966980724294,0.3938558175520086,20.0,0.0
172.65,-10.00109621362239,-49.39148488026,-10.935200459216484,33.24966980746254,33.24966980726789,0.39385581746136467,20.0,0.0
172.70000000000002,-9.117438095048472,-49.56221369879514,-9.91192319554118,33.24966980744863,33.249669807294794,0.3938558173719997,20.0,0.0
172.75,-8.230871921155584,-49.71713438595127,-8.888645931866408,33.24966980743765,33.24966980732356,0.39385581728397057,20.0,0.0
172.8,-7.341680466935113,-49.85619752895215,-7.865368668192071,33.2496698074295,33.24966980735413,0.3938558171973128,20.0,0.0
172.85000000000002,-6.450147344725551,-49.9793587728695,-6.8420914045180385,33.24966980742412,33.24966980738639,0.39385581711204765,20.0,0.0
172.9,-5.556556913752836,-50.08657883477024,-5.818814140844235,33.24966980742142,33.249669807420304,0.3938558170282178,20.0,0.0
172.95000000000002,-4.661194189432468,-50.17782351624598,-4.795536877170534,33.249669807421334,33.24966980745577,0.3938558169458517,20.0,0.0
173.0,-3.764344752462325,-50.25306371432079,-3.772259613496832,33.2496698074238,33.24966980749272,0.3938558168649706,20.0,0.0
173.05,-2.8662946577351818,-50.312275430733756,-2.7489823498230286,33.249669807428724,33.249669807531085,0.3938558167856101,20.0,0.0
173.10000000000002,-1.9673303430999853,-50.35543977959334,-1.725705086149047,33.24966980743603,33.24966980757078,0.39385581670778436,20.0,0.0
173.15,-1.0677385380009792,-50.382542993401145,-0.7024278224747602,33.249669807445656,33.249669807611745,0.3938558166315289,20.0,0.0
173.20000000000002,-0.16780617202382342,-50.39357642744313,0.3208494411998828,33.24966980745752,33.24966980765388,0.393855816556858,20.0,0.0
173.25,0.7321797166221194,-50.388536562546875,1.3441267048750092,33.24966980747155,33.24966980769717,0.39385581648377865,20.0,0.0
173.3,1.6319320726561475,-50.36742500620406,2.3674039685506703,33.24966980748766,33.249669807741476,0.39385581641231937,20.0,0.0
173.35000000000002,2.5311639152840253,-50.330248492057734,3.390681232226967,33.249669807505796,33.24966980778678,0.39385581634248723,20.0,0.0
173.4,3.429588429732033,-50.27701887775459,4.413958495903951,33.24966980752586,33.24966980783302,0.39385581627430355,20.0,0.0
173.45000000000002,4.326919058728063,-50.207753141162904,5.437235759581724,33.249669807547804,33.24966980788011,0.39385581620776833,20.0,0.0
173.5,5.222869593900583,-50.122473374957345,6.460513023260361,33.249669807571536,33.24966980792796,0.3938558161428958,20.0,0.0
173.55,6.117154267066318,-50.02120677957242,7.483790286939915,33.249669807596995,33.24966980797657,0.393855816079693,20.0,0.0
173.60000000000002,7.009487841377529,-49.903985654526714,8.50706755062046,33.2496698076241,33.249669808025814,0.39385581601816,20.0,0.0
173.65,7.89958570229982,-49.77084738812085,9.530344814302076,33.2496698076528,33.249669808075645,0.3938558159583181,20.0,0.0
173.70000000000002,8.787163948391463,-49.621834445512214,10.553622077984786,33.249669807683,33.249669808126065,0.39385581590014596,20.0,0.0
173.75,9.671939481855258,-49.45699435517053,11.57689934166869,33.249669807714646,33.24966980817693,0.3938558158436649,20.0,0.0
173.8,10.553630098834095,-49.27637969371837,12.600176605353816,33.249669807747665,33.24966980822824,0.39385581578886075,20.0,0.0
173.85000000000002,11.431954579421358,-49.08004806916156,13.62345386904024,33.24966980778199,33.24966980827989,0.3938558157357406,20.0,0.0
173.9,12.306632777357521,-48.86806210251484,14.646731132727986,33.24966980781756,33.24966980833187,0.3938558156842973,20.0,0.0
173.95000000000002,13.177385709384279,-48.6404894078285,15.670008396417133,33.249669807854296,33.24966980838413,0.39385581563452376,20.0,0.0
174.0,14.04393564422774,-48.397402570622546,16.693285660107705,33.24966980789214,33.24966980843659,0.3938558155864129,20.0,0.0
174.05,14.906006191182298,-48.13887912473519,17.716562923799753,33.249669807931035,33.2496698084892,0.39385581553995763,20.0,0.0
174.10000000000002,15.763322388266905,-47.86500152759299,18.7398401874933,33.2496698079709,33.249669808541924,0.393855815495165,20.0,0.0
174.15,16.615610789925665,-47.575857133910596,19.7631174511884,33.249669808011696,33.24966980859471,0.39385581545200665,20.0,0.0
174.20000000000002,17.462599554244743,-47.27153816782855,20.786394714885102,33.24966980805334,33.24966980864752,0.39385581541047543,20.0,0.0
174.25,18.30401852965779,-46.952141693497886,21.809671978583435,33.24966980809578,33.24966980870027,0.39385581537057135,20.0,0.0
174.3,19.139599341112216,-46.61776958412098,22.83294924228342,33.24966980813896,33.249669808752955,0.3938558153322731,20.0,0.0
174.35000000000002,19.969075475668845,-46.268528489458575,23.856226505985084,33.249669808182816,33.249669808805514,0.39385581529556646,20.0,0.0
174.4,20.792182367507625,-45.904529801813275,24.879503769688455,33.249669808227296,33.24966980885793,0.3938558152604372,20.0,0.0
174.45000000000002,21.608657482312314,-45.525889620500365,25.902781033393556,33.24966980827234,33.24966980891014,0.3938558152268712,20.0,0.0
174.5,22.41824040100718,-45.13272871481733,26.92605829710041,33.2496698083179,33.24966980896211,0.393855815194847,20.0,0.0
174.55,23.220672902819057,-44.72517248552384,27.949335560809047,33.24966980836391,33.24966980901382,0.39385581516435053,20.0,0.0
174.60000000000002,24.01569904763824,-44.30335092484451,28.972612824519466,33.24966980841034,33.24966980906521,0.3938558151353675,20.0,0.0
174.65,24.803065257651923,-43.867398575007186,29.99589008823169,33.249669808457114,33.24966980911625,0.3938558151078837,20.0,0.0
174.70000000000002,25.58252039822421,-43.41745448533,31.019167351945747,33.249669808504194,33.24966980916691,0.3938558150818636,20.0,0.0
174.75,26.353815857996832,-42.95366216787083,32.04244461566164,33.24966980855154,33.24966980921716,0.39385581505728595,20.0,0.0
174.8,27.116705628185056,-42.476169551653406,33.06572187937935,33.24966980859908,33.24966980926697,0.3938558150341507,20.0,0.0
174.85000000000002,27.870946381043503,-41.98512893548452,34.08899914309893,33.249669808646786,33.2496698093163,0.3938558150124223,20.0,0.0
174.9,28.61629754747682,-41.480696939377516,35.11227640682037,33.249669808694605,33.24966980936514,0.39385581499207944,20.0,0.0
174.95000000000002,29.35252139377047,-40.96303445459754,36.135553670543665,33.2496698087425,33.249669809413454,0.39385581497310085,20.0,0.0
175.0,30.079383097417175,-40.432306592344375,37.158830934268835,33.24966980879043,33.249669809461196,0.3938558149554652,20.0,0.0
175.05,30.796650822014783,-39.88868263108938,38.18210819799587,33.24966980883834,33.249669809508376,0.393855814939144,20.0,0.0
175.10000000000002,31.504095791211736,-39.3323359625832,39.20538546172476,33.249669808886196,33.24966980955495,0.39385581492411603,20.0,0.0
175.15,32.20149236167649,-38.763444036551554,40.22866272545551,33.249669808933966,33.24966980960092,0.3938558149103528,20.0,0.0
175.20000000000002,32.88861809506768,-38.182188304096705,41.25193998918814,33.2496698089816,33.24966980964622,0.39385581489783306,20.0,0.0
175.25,33.565253828981966,-37.588754159822656,42.2752172529226,33.24966980902908,33.24966980969087,0.3938558148865354,20.0,0.0
175.3,34.2311837468571,-36.983330882702575,43.29849451665893,33.249669809076345,33.249669809734826,0.3938558148764386,20.0,0.0
175.35000000000002,34.88619544680771,-36.36611157570724,44.32177178039708,33.24966980912338,33.2496698097781,0.3938558148675,20.0,0.0
175.4,35.530080009372064,-35.737293104213826,45.34504904413706,33.24966980917014,33.24966980982065,0.39385581485970533,20.0,0.0
175.45000000000002,36.162632064148,-35.09707603321466,46.368326307878874,33.24966980921661,33.24966980986245,0.39385581485302623,20.0,0.0
175.5,36.78364985529692,-34.44566456334595,47.3916035716225,33.24966980926275,33.249669809903516,0.39385581484742715,20.0,0.0
175.55,37.39293530589491,-33.78326646575689,48.41488083536793,33.249669809308514,33.24966980994382,0.393855814842901,20.0,0.0
175.60000000000002,37.99029408111038,-33.11009301583995,49.438158099115114,33.24966980935389,33.249669809983345,0.3938558148394051,20.0,0.0
175.65,38.57553565018823,-32.42635892584349,50.46143536286411,33.24966980939885,33.24966981002205,0.3938558148369182,20.0,0.0
175.70000000000002,39.148473347220644,-31.73228227638812,51.48471262661483,33.24966980944337,33.24966981006001,0.3938558148354119,20.0,0.0
175.75,39.70892443068516,-31.02808444690875,52.50798989036728,33.249669809487415,33.24966981009715,0.39385581483485765,20.0,0.0
175.8,40.256710141731034,-30.313990045044427,53.531267154121466,33.249669809530964,33.24966981013347,0.39385581483523424,20.0,0.0
175.85000000000002,40.791655761195365,-29.590226834998546,54.554544417877324,33.249669809574,33.249669810168974,0.3938558148365061,20.0,0.0
175.9,41.31359066533068,-28.857025664892237,55.577821681634866,33.2496698096165,33.249669810203656,0.39385581483865195,20.0,0.0
175.95000000000002,41.82234838022627,-28.11462039313414,56.601098945394085,33.249669809658435,33.24966981023749,0.39385581484164334,20.0,0.0
176.0,42.31776663490596,-27.363247813830014,57.62437620915493,33.249669809699796,33.249669810270476,0.39385581484545185,20.0,0.0
176.05,42.799687413085266,-26.603147581256014,58.64765347291736,33.24966980974056,33.249669810302656,0.39385581485005616,20.0,0.0
176.10000000000002,43.26795700357155,-25.834562133419663,59.67093073668141,33.24966980978071,33.249669810333955,0.39385581485542076,20.0,0.0
176.15,43.72242604929103,-25.057736614732985,60.694208000447,33.249669809820226,33.24966981036444,0.3938558148615243,20.0,0.0
176.20000000000002,44.16294959492698,-24.272918797822378,61.717485264214154,33.2496698098591,33.249669810394046,0.39385581486834553,20.0,0.0
176.25,44.58938713315402,-23.480359004500222,62.74076252798284,33.24966980989731,33.2496698104228,0.39385581487584176,20.0,0.0
176.3,45.00160264945368,-22.680310025923408,63.764039791753,33.249669809934844,33.2496698104507,0.3938558148840059,20.0,0.0
176.35000000000002,45.39946466549694,-21.873027041964257,64.78731705552458,33.2496698099717,33.249669810477805,0.3938558148928024,20.0,0.0
176.4,45.78284628107995,-21.058767539819538,65.81059431929765,33.249669810007845,33.24966981050401,0.39385581490221,20.0,0.0
176.45000000000002,46.1516252145995,-20.237791231883563,66.83387158307208,33.24966981004329,33.2496698105294,0.3938558149121931,20.0,0.0
176.5,46.505683842055426,-19.410359972911543,67.85714884684795,33.24966981007801,33.24966981055392,0.3938558149227305,20.0,0.0
176.55,46.844909234567396,-18.57673767649961,68.88042611062514,33.249669810112,33.24966981057762,0.39385581493380784,20.0,0.0
176.60000000000002,47.169193194394154,-17.737190230908194,69.90370337440363,33.24966981014526,33.24966981060047,0.3938558149453826,20.0,0.0
176.65,47.478432289443795,-16.891985414255522,70.92698063818342,33.24966981017778,33.249669810622535,0.3938558149574476,20.0,0.0
176.70000000000002,47.772527886263966,-16.041392809108387,71.95025790196448,33.24966981020955,33.249669810643745,0.39385581496996735,20.0,0.0
176.75,48.05138618150152,-15.185683716497351,72.9735351657468,33.24966981024056,33.24966981066413,0.39385581498292055,20.0,0.0
176.8,48.31491823182162,-14.325131069383833,73.9968124295303,33.24966981027082,33.24966981068371,0.39385581499629296,20.0,0.0
176.85000000000002,48.56303998227666,-13.460009345606696,75.02008969331496,33.249669810300304,33.24966981070251,0.39385581501004197,20.0,0.0
176.9,48.79567229311607,-12.590594480336083,76.04336695710079,33.24966981032903,33.24966981072048,0.39385581502416045,20.0,0.0
176.95000000000002,49.01274096502831,-11.717163778062424,77.06664422088774,33.249669810357,33.24966981073767,0.39385581503862,20.0,0.0
177.0,49.214176762807185,-10.839995824148701,78.08992148467577,33.24966981038419,33.24966981075408,0.3938558150534064,20.0,0.0
177.05,49.399915437434764,-9.959370395974162,79.11319874846485,33.24966981041061,33.2496698107697,0.3938558150684912,20.0,0.0
177.10000000000002,49.569897746573936,-9.07556837369784,80.13647601225497,33.24966981043625,33.24966981078459,0.39385581508384604,20.0,0.0
177.15,49.72406947346407,-8.188871650670336,81.1597532760461,33.249669810461135,33.24966981079869,0.39385581509946377,20.0,0.0
177.20000000000002,49.86238144421376,-7.299563043522436,82.18303053983819,33.249669810485244,33.24966981081207,0.39385581511530887,20.0,0.0
177.25,49.98478954348507,-6.407926201959244,83.20630780363125,33.249669810508585,33.249669810824685,0.39385581513137424,20.0,0.0
177.3,50.09125472856438,-5.5142455182886,84.22958506742518,33.24966981053116,33.249669810836586,0.39385581514763857,20.0,0.0
177.35000000000002,50.181743041815245,-4.6188060367126464,85.25286233122002,33.24966981055298,33.24966981084777,0.3938558151640734,20.0,0.0
177.4,50.25622562150938,-3.7218933624114596,86.27613959501568,33.249669810574034,33.24966981085828,0.3938558151806646,20.0,0.0
177.45000000000002,50.31467871103225,-2.8237935704477652,87.29941685881215,33.24966981059434,33.24966981086808,0.39385581519739077,20.0,0.0
177.5,50.35708366646039,-1.9247931145217754,88.32269412260943,33.249669810613895,33.24966981087718,0.39385581521424484,20.0,0.0
177.55,50.383426962507954,-1.0251787356052584,89.34597138640748,33.249669810632696,33.249669810885635,0.3938558152311913,20.0,0.0
177.60000000000002,50.3937001968407,-0.12523737048398298,90.36924865020625,33.249669810650765,33.24966981089342,0.3938558152482301,20.0,0.0
177.65,50.387900092755935,0.7747439397622943,91.39252591400572,33.249669810668095,33.24966981090058,0.39385581526533286,20.0,0.0
177.70000000000002,50.366028500227664,1.6744781413131062,92.4158031778059,33.24966981068471,33.24966981090707,0.39385581528248537,20.0,0.0
177.75,50.32809239531652,2.573678259164617,93.4390804416067,33.24966981070059,33.24966981091297,0.3938558152996734,20.0,0.0
177.8,50.274103877944704,3.472057488661823,94.46235770540811,33.249669810715766,33.24966981091826,0.39385581531688274,20.0,0.0
177.85000000000002,50.20408016803666,4.369329286976422,95.48563496921012,33.249669810730225,33.249669810922946,0.3938558153340921,20.0,0.0
177.9,50.118043600026695,5.265207464501171,96.50891223301271,33.249669810743995,33.24966981092708,0.3938558153512943,20.0,0.0
177.95000000000002,50.01602161573527,6.159406276131582,97.53218949681585,33.24966981075707,33.2496698109306,0.39385581536847525,20.0,0.0
178.0,49.898046755616306,7.051640512405841,98.55546676061948,33.24966981076946,33.24966981093357,0.39385581538561354,20.0,0.0
178.05,49.764156648378226,7.9416255904738815,99.57874402442359,33.249669810781185,33.24966981093602,0.3938558154027021,20.0,0.0
178.10000000000002,49.614393998982074,8.829077644866594,100.60202128822816,33.24966981079225,33.24966981093795,0.3938558154197125,20.0,0.0
178.15,49.448806575020555,9.71371361803623,101.62529855203317,33.24966981080266,33.249669810939345,0.3938558154366518,20.0,0.0
178.20000000000002,49.2674471914823,10.595251350639108,102.6485758158386,33.24966981081242,33.24966981094024,0.3938558154534988,20.0,0.0
178.25,49.07037369390623,11.473409671531837,103.67185307964438,33.249669810821544,33.249669810940674,0.3938558154702463,20.0,0.0
178.3,48.85764893993144,12.347908487452342,104.69513034345053,33.249669810830056,33.24966981094061,0.3938558154868801,20.0,0.0
178.35000000000002,48.6293407792484,13.218468872357105,105.71840760725702,33.24966981083795,33.249669810940084,0.3938558155033931,20.0,0.0
178.4,48.385522031957954,14.084813156386103,106.74168487106377,33.24966981084525,33.24966981093915,0.3938558155197711,20.0,0.0
178.45000000000002,48.126270465344945,14.946665014427088,107.76496213487083,33.249669810851955,33.24966981093779,0.3938558155359999,20.0,0.0
178.5,47.851668769073925,15.803749554250949,108.78823939867814,33.24966981085809,33.249669810935984,0.3938558155520795,20.0,0.0
178.55,47.561804528814875,16.65579340419005,109.8115166624857,33.24966981086365,33.249669810933774,0.39385581556798854,20.0,0.0
178.60000000000002,47.25677019830726,17.50252480033157,110.83479392629347,33.24966981086866,33.249669810931195,0.39385581558373417,20.0,0.0
178.65,46.936663069871415,18.343673673198058,111.85807119010144,33.24966981087312,33.24966981092823,0.39385581559929506,20.0,0.0
178.70000000000002,46.60158524337668,19.178971733887515,112.88134845390957,33.24966981087706,33.2496698109249,0.3938558156146641,20.0,0.0
178.75,46.25164359367608,20.008152559645573,113.90462571771785,33.24966981088048,33.24966981092123,0.3938558156298342,20.0,0.0
178.8,45.886949736518,20.830951678842453,114.92790298152627,33.24966981088339,33.24966981091722,0.3938558156448124,20.0,0.0
178.85000000000002,45.50761999294578,21.64710665532758,115.95118024533481,33.249669810885806,33.24966981091289,0.3938558156595704,20.0,0.0
178.9,45.113775352196505,22.456357172135,116.97445750914343,33.24966981088774,33.24966981090824,0.3938558156741152,20.0,0.0
178.95000000000002,44.705541433110824,23.258445114512856,117.99773477295217,33.2496698108892,33.24966981090328,0.39385581568843975,20.0,0.0
179.0,44.283048444066154,24.053114652250464,119.02101203676096,33.24966981089021,33.24966981089803,0.3938558157025298,20.0,0.0
179.05,43.84643114144605,24.840112321276706,120.04428930056974,33.24966981089077,33.249669810892534,0.3938558157163854,20.0,0.0
179.10000000000002,43.3958287866589,25.61918710450376,121.06756656437858,33.24966981089089,33.24966981088676,0.3938558157300065,20.0,0.0
179.15,42.93138510171981,26.390090511890314,122.09084382818742,33.249669810890595,33.24966981088075,0.3938558157433789,20.0,0.0
179.20000000000002,42.453248223409666,27.152576659698802,123.11412109199625,33.24966981088989,33.24966981087448,0.39385581575650974,20.0,0.0
179.25,41.96157065602612,27.906402348921315,124.13739835580509,33.24966981088879,33.24966981086798,0.39385581576937767,20.0,0.0
179.3,41.45650922274156,28.65132714284923,125.16067561961388,33.249669810887305,33.24966981086128,0.3938558157819969,20.0,0.0
179.35000000000002,40.938225015583505,29.387113443761763,126.18395288342256,33.24966981088544,33.2496698108544,0.39385581579435325,20.0,0.0
179.4,40.406883344053455,30.11352656870903,127.2072301472312,33.249669810883226,33.24966981084732,0.3938558158064467,20.0,0.0
179.45000000000002,39.86265368240055,30.830334824365423,128.23050741103972,33.24966981088066,33.249669810840075,0.3938558158182772,20.0,0.0
179.5,39.30570961556684,31.537309580929424,129.25378467484822,33.24966981087776,33.249669810832636,0.39385581582983775,20.0,0.0
179.55,38.736228783821474,32.2342253450463,130.27706193865654,33.249669810874536,33.24966981082507,0.3938558158411283,20.0,0.0
179.60000000000002,38.154392826101365,32.92085983173039,131.30033920246476,33.249669810871005,33.249669810817345,0.3938558158521417,20.0,0.0
179.65,37.56038732207651,33.59699403526411,132.32361646627285,33.24966981086717,33.24966981080949,0.3938558158628922,20.0,0.0
179.70000000000002,36.954401732958345,34.262412299050965,133.34689373008075,33.24966981086305,33.24966981080152,0.3938558158733656,20.0,0.0
179.75,36.3366293410701,34.91690238440037,134.37017099388854,33.24966981085865,33.24966981079343,0.3938558158835548,20.0,0.0
179.8,35.70726718819837,35.560255538222336,135.39344825769615,33.249669810853995,33.249669810785235,0.39385581589347396,20.0,0.0
179.85000000000002,35.0665160127456,36.19226655961033,136.41672552150357,33.249669810849085,33.24966981077696,0.393855815903116,20.0,0.0
179.9,34.41458018570349,36.812733865291236,137.44000278531075,33.24966981084393,33.249669810768616,0.39385581591247387,20.0,0.0
179.95000000000002,33.75166764546779,37.42145955392139,138.46328004911777,33.24966981083855,33.24966981076018,0.3938558159215617,20.0,0.0
180.0,33.07798983151524,38.01824946920826,139.48655731292456,33.249669810832955,33.2496698107517,0.39385581593037244,20.0,0.0
180.05,32.39376161696382,38.60291326183765,140.50983457673118,33.24966981082715,33.24966981074315,0.39385581593890606,20.0,0.0
180.10000000000002,31.69920124003786,39.1752644501866,141.53311184053757,33.24966981082115,33.249669810734545,0.39385581594716257,20.0,0.0
180.15,30.99453023445974,39.735120479802724,142.5563891043437,33.24966981081497,33.249669810725905,0.39385581595514907,20.0,0.0
180.20000000000002,30.279973358790592,40.28230278163087,143.5796663681496,33.24966981080861,33.24966981071724,0.39385581596286556,20.0,0.0
180.25,29.555758524742327,40.81663682896871,144.6029436319552,33.24966981080208,33.24966981070859,0.39385581597029784,20.0,0.0
180.3,28.82211672448399,41.33795219313296,145.62622089576058,33.2496698107954,33.249669810699906,0.3938558159774672,20.0,0.0
180.35000000000002,28.07928195696559,41.8460825978185,146.64949815956572,33.24966981078858,33.249669810691216,0.3938558159843737,20.0,0.0
180.4,27.327491153282885,42.34086597213307,147.67277542337058,33.24966981078163,33.24966981068251,0.39385581599100306,20.0,0.0
180.45000000000002,26.566984101106943,42.82214450229067,148.69605268717515,33.24966981077455,33.249669810673865,0.3938558159973695,20.0,0.0
180.5,25.798003368202608,43.2897646819471,149.71932995097944,33.24966981076736,33.24966981066522,0.3938558160034731,20.0,0.0
180.55,25.020794225060204,43.743577361161606,150.74260721478345,33.24966981076006,33.249669810656584,0.39385581600932085,20.0,0.0
180.60000000000002,24.235604566665224,44.18343779396908,151.7658844785872,33.24966981075267,33.24966981064798,0.3938558160149057,20.0,0.0
180.65,23.4426848334309,44.609205684547504,152.78916174239066,33.24966981074519,33.24966981063943,0.3938558160202348,20.0,0.0
180.70000000000002,22.642287931318897,45.02074523196611,153.81243900619384,33.24966981073763,33.249669810630905,0.39385581602531516,20.0,0.0
180.75,21.834669151173628,45.417925173499754,154.8357162699967,33.24966981073001,33.24966981062242,0.39385581603015396,20.0,0.0
180.8,21.020086087295866,45.80061882649588,155.8589935337993,33.249669810722324,33.249669810613995,0.39385581603473696,20.0,0.0
180.85000000000002,20.198798555281687,46.16870412878063,156.88227079760156,33.24966981071459,33.24966981060565,0.3938558160390784,20.0,0.0
180.9,19.3710685091529,46.522063677591234,157.90554806140355,33.24966981070681,33.24966981059737,0.3938558160431782,20.0,0.0
180.95000000000002,18.53715995780541,46.86058476702221,158.9288253252052,33.249669810699,33.249669810589154,0.39385581604704356,20.0,0.0
181.0,17.697338880802203,47.18415942397354,159.95210258900656,33.24966981069115,33.24966981058102,0.39385581605067443,20.0,0.0
181.05,16.851873143537723,47.49268444258926,160.9753798528076,33.24966981068328,33.24966981057299,0.39385581605407793,20.0,0.0
181.10000000000002,16.001032411800796,47.786061417175496,161.99865711660834,33.24966981067541,33.24966981056501,0.39385581605726117,20.0,0.0
181.15,15.145088065763298,48.06419677358751,163.0219343804088,33.24966981066752,33.24966981055714,0.393855816060217,20.0,0.0
181.20000000000002,14.284313113421996,48.32700179907567,164.04521164420893,33.24966981065963,33.24966981054935,0.3938558160629597,20.0,0.0
181.25,13.418982103521204,48.57439267058081,165.06848890800876,33.24966981065176,33.24966981054167,0.39385581606548214,20.0,0.0
181.3,12.549371037983999,48.8062904814701,166.09176617180827,33.249669810643894,33.24966981053407,0.3938558160677985,20.0,0.0
181.35000000000002,11.675757283879943,49.0226212667047,167.1150434356075,33.24966981063605,33.249669810526605,0.3938558160699088,20.0,0.0
181.4,10.798419484957384,49.2233160264313,168.13832069940642,33.249669810628234,33.24966981051922,0.3938558160718202,20.0,0.0
181.45000000000002,9.917637472768547,49.40831074799001,169.16159796320503,33.249669810620446,33.249669810511975,0.3938558160735255,20.0,0.0
181.5,9.033692177415782,49.57754642633152,170.18487522700332,33.2496698106127,33.24966981050483,0.39385581607504605,20.0,0.0
181.55,8.146865537947408,49.7309690828371,171.20815249080133,33.249669810605,33.24966981049781,0.39385581607637477,20.0,0.0
181.60000000000002,7.257440412431754,49.86852978253532,172.23142975459902,33.24966981059734,33.2496698104909,0.39385581607751874,20.0,0.0
181.65,6.365700487738086,49.990184649710166,173.2547070183964,33.24966981058974,33.24966981048413,0.39385581607847797,20.0,0.0
181.70000000000002,5.47193018905316,50.09589488189541,174.27798428219347,33.24966981058219,33.24966981047748,0.3938558160792667,20.0,0.0
181.75,4.576414589162308,50.18562676225088,175.30126154599031,33.24966981057471,33.24966981047093,0.39385581607989195,20.0,0.0
181.8,3.679439317523951,50.259351670316576,176.32453880978684,33.2496698105673,33.24966981046453,0.3938558160803467,20.0,0.0
181.85000000000002,2.7812904691665703,50.31704609114139,177.3478160735831,33.24966981055996,33.24966981045823,0.393855816080638,20.0,0.0
181.9,1.8822545134371764,50.358691622783276,178.37109333737905,33.249669810552696,33.24966981045208,0.3938558160807659,20.0,0.0
181.95000000000002,0.982618202630389,50.38427498217866,179.39437060117473,33.249669810545505,33.24966981044609,0.3938558160807446,20.0,0.0
182.0,0.08266848052726894,50.39378800937914,-179.58235213502988,33.24966981053841,33.2496698104402,0.3938558160805741,20.0,0.0
182.05,-0.8173076091269247,50.38722767015416,-178.55907487123474,33.249669810531394,33.24966981043445,0.39385581608025433,20.0,0.0
182.10000000000002,-1.7170230141768628,50.36459605695877,-177.53579760743992,33.249669810524466,33.24966981042884,0.3938558160797996,20.0,0.0
182.15,-2.616190765613956,50.32590038826624,-176.51252034364535,33.24966981051763,33.249669810423384,0.3938558160792027,20.0,0.0
182.20000000000002,-3.5145240691066446,50.2711530062657,-175.48924307985104,33.2496698105109,33.24966981041805,0.39385581607847797,20.0,0.0
182.25,-4.411736396474975,50.20037137292551,-174.46596581605698,33.249669810504265,33.249669810412854,0.3938558160776253,20.0,0.0
182.3,-5.307541577080283,50.113578064423685,-173.4426885522632,33.24966981049774,33.24966981040781,0.3938558160766519,20.0,0.0
182.35000000000002,-6.201653889100841,50.01080076394711,-172.4194112884697,33.24966981049132,33.2496698104029,0.39385581607555764,20.0,0.0
182.4,-7.093788150664352,49.89207225286182,-171.3961340246764,33.249669810485,33.249669810398125,0.3938558160743497,20.0,0.0
182.45000000000002,-7.983659810808222,49.75743040025724,-170.37285676088337,33.2496698104788,33.24966981039349,0.3938558160730352,20.0,0.0
182.5,-8.8709850402386,49.60691815086761,-169.3495794970906,33.2496698104727,33.249669810389015,0.39385581607161413,20.0,0.0
182.55,-9.755480821859239,49.44058351137452,-168.32630223329804,33.24966981046673,33.24966981038465,0.39385581607009357,20.0,0.0
182.60000000000002,-10.636865041041307,49.258479535094985,-167.3030249695057,33.24966981046086,33.249669810380446,0.39385581606847353,20.0,0.0
182.65,-11.514856575605341,49.06066430505975,-166.27974770571362,33.24966981045512,33.24966981037637,0.3938558160667611,20.0,0.0
182.70000000000002,-12.389175385486665,48.84720091548743,-165.25647044192175,33.24966981044949,33.24966981037244,0.39385581606496345,20.0,0.0
182.75,-13.25954260205565,48.61815745166024,-164.23319317813008,33.24966981044399,33.24966981036863,0.3938558160630805,20.0,0.0
182.8,-14.12568061706435,48.37360696820787,-163.20991591433867,33.24966981043861,33.24966981036497,0.3938558160611194,20.0,0.0
182.85000000000002,-14.987313171191131,48.11362746580632,-162.18663865054742,33.249669810433346,33.24966981036144,0.39385581605907305,20.0,0.0
182.9,-15.844165442155038,47.838301866299126,-161.1633613867564,33.249669810428216,33.249669810358064,0.39385581605696274,20.0,0.0
182.95000000000002,-16.69596413237183,47.547717986249054,-160.1400841229656,33.2496698104232,33.24966981035478,0.39385581605478137,20.0,0.0
183.0,-17.5424375561237,47.24196850892851,-159.11680685917497,33.24966981041832,33.24966981035168,0.39385581605253606,20.0,0.0
183.05,-18.383315726214867,46.921150954757714,-158.09352959538452,33.24966981041356,33.24966981034869,0.3938558160502268,20.0,0.0
183.10000000000002,-19.218330440085435,46.58536765020006,-157.07025233159425,33.249669810408925,33.249669810345814,0.3938558160478607,20.0,0.0
183.15,-20.04721536535602,46.23472569512455,-156.0469750678042,33.24966981040442,33.249669810343086,0.39385581604544484,20.0,0.0
183.20000000000002,-20.869706124775885,45.8693369286457,-155.0236978040143,33.249669810400036,33.249669810340485,0.39385581604297215,20.0,0.0
183.25,-21.685540380547454,45.48931789345187,-154.00042054022455,33.24966981039578,33.249669810338,0.39385581604045683,20.0,0.0
183.3,-22.494457918000364,45.09478979863336,-152.97714327643502,33.24966981039165,33.24966981033566,0.39385581603789177,20.0,0.0
183.35000000000002,-23.296200728588303,44.68587848102213,-151.95386601264562,33.24966981038765,33.24966981033342,0.3938558160352983,20.0,0.0
183.4,-24.090513092182213,44.26271436505546,-150.93058874885637,33.24966981038378,33.24966981033131,0.3938558160326693,20.0,0.0
183.45000000000002,-24.877141658633583,43.82543242117639,-149.90731148506728,33.24966981038003,33.24966981032931,0.39385581603000475,20.0,0.0
183.5,-25.655835528581825,43.374172122784174,-148.88403422127834,33.2496698103764,33.249669810327454,0.3938558160273047,20.0,0.0
183.55,-26.426346333479955,42.90907740174852,-147.8607569574895,33.24966981037291,33.249669810325685,0.3938558160245833,20.0,0.0
183.60000000000002,-27.188428314813066,42.43029660250172,-146.83747969370086,33.24966981036953,33.249669810324065,0.3938558160218335,20.0,0.0
183.65,-27.941838402484304,41.937982434723445,-145.81420242991234,33.249669810366285,33.24966981032252,0.3938558160190695,20.0,0.0
183.70000000000002,-28.68633629234338,41.43229192463315,-144.79092516612394,33.24966981036316,33.249669810321116,0.39385581601628417,20.0,0.0
183.75,-29.42168452283284,40.91338636490573,-143.76764790233565,33.24966981036016,33.249669810319816,0.3938558160134846,20.0,0.0
183.8,-30.147648550727702,40.381431263226396,-142.74437063854748,33.249669810357275,33.249669810318615,0.3938558160106709,20.0,0.0
183.85000000000002,-30.863996825944255,39.836596289501074,-141.72109337475942,33.24966981035451,33.24966981031753,0.3938558160078429,20.0,0.0
183.9,-31.570500865394198,39.27905522173932,-140.69781611097147,33.249669810351875,33.249669810316526,0.39385581600501496,20.0,0.0
183.95000000000002,-32.26693532586052,38.70898589062689,-139.67453884718364,33.24966981034935,33.24966981031564,0.393855816002187,20.0,0.0
184.0,-32.95307807587195,38.12657012280569,-138.6512615833959,33.24966981034694,33.24966981031484,0.39385581599935193,20.0,0.0
184.05,-33.628710266552915,37.53199368287921,-137.62798431960823,33.24966981034465,33.24966981031413,0.393855815996524,20.0,0.0
184.10000000000002,-34.293616401426604,36.92544621416194,-136.60470705582065,33.24966981034247,33.24966981031352,0.393855815993696,20.0,0.0
184.15,-34.94758440514868,36.307121178191565,-135.58142979203316,33.2496698103404,33.249669810313,0.39385581599088226,20.0,0.0
184.20000000000002,-35.59040569114986,35.67721579302345,-134.55815252824576,33.24966981033844,33.24966981031259,0.3938558159880685,20.0,0.0
184.25,-36.22187522816569,35.03593097032685,-133.5348752644584,33.2496698103366,33.249669810312234,0.39385581598526187,20.0,0.0
184.3,-36.84179160563239,34.383471251303085,-132.51159800067117,33.24966981033485,33.249669810311964,0.39385581598247654,20.0,0.0
184.35000000000002,-37.44995709792776,33.72004474144602,-131.48832073688396,33.249669810333216,33.249669810311815,0.3938558159796983,20.0,0.0
184.4,-38.046177727436884,33.04586304416572,-130.46504347309684,33.24966981033169,33.2496698103117,0.3938558159769343,20.0,0.0
184.45000000000002,-38.6302633264223,32.36114119329645,-129.44176620930978,33.24966981033027,33.2496698103117,0.3938558159741916,20.0,0.0
184.5,-39.20202759767899,31.666097584510418,-128.41848894552277,33.249669810328946,33.249669810311765,0.39385581597147024,20.0,0.0
184.55,-39.76128817395488,30.96095390565939,-127.39521168173583,33.24966981032772,33.24966981031191,0.3938558159687702,20.0,0.0
184.60000000000002,-40.30786667611784,30.245935066066128,-126.37193441794892,33.24966981032659,33.24966981031211,0.3938558159660914,20.0,0.0
184.65,-40.84158877005066,29.521269124788382,-125.34865715416207,33.24966981032555,33.24966981031239,0.3938558159634411,20.0,0.0
184.70000000000002,-41.36228422225585,28.787187217878238,-124.32537989037525,33.24966981032461,33.24966981031274,0.3938558159608121,20.0,0.0
184.75,-41.869786954152495,28.043923484660045,-123.30210262658846,33.249669810323766,33.249669810313144,0.3938558159582186,20.0,0.0
184.8,-42.36393509504792,27.29171499305044,-122.27882536280171,33.249669810323006,33.24966981031362,0.39385581595565355,20.0,0.0
184.85000000000002,-42.8445710337672,26.53080166394427,-121.25554809901499,33.24966981032234,33.24966981031416,0.3938558159531169,20.0,0.0
184.9,-43.31154146892409,25.761426194690547,-120.23227083522829,33.249669810321755,33.24966981031474,0.3938558159506158,20.0,0.0
184.95000000000002,-43.7646974578173,24.983833981682842,-119.20899357144161,33.24966981032125,33.249669810315396,0.3938558159481431,20.0,0.0
185.0,-44.20389446393658,24.198273042088807,-118.18571630765496,33.24966981032083,33.24966981031611,0.39385581594570596,20.0,0.0
185.05,-44.62899240306339,23.40499393474377,-117.16243904386832,33.2496698103205,33.24966981031684,0.3938558159433043,20.0,0.0
185.10000000000002,-45.03985568795153,22.60424968023368,-116.1391617800817,33.249669810320235,33.249669810317656,0.3938558159409382,20.0,0.0
185.15,-45.43635327157339,21.796295680192816,-115.11588451629507,33.24966981032005,33.2496698103185,0.39385581593860763,20.0,0.0
185.20000000000002,-45.81835868891809,20.98138963584212,-114.09260725250846,33.24966981031994,33.249669810319396,0.3938558159363197,20.0,0.0
185.25,-46.185750097328196,20.15979146579399,-113.06932998872185,33.2496698103199,33.24966981032033,0.39385581593406727,20.0,0.0
185.3,-46.53841031536207,19.331763223149874,-112.04605272493524,33.249669810319936,33.2496698103213,0.3938558159318575,20.0,0.0
185.35000000000002,-46.8762268601695,18.49756901191704,-111.02277546114863,33.24966981032003,33.24966981032233,0.3938558159296832,20.0,0.0
185.4,-47.19909198336872,17.65747490277119,-109.99949819736202,33.2496698103202,33.24966981032337,0.3938558159275587,20.0,0.0
185.45000000000002,-47.50690270541331,16.811748848191822,-108.9762209335754,33.24966981032043,33.24966981032447,0.3938558159254697,20.0,0.0
185.5,-47.7995608484381,15.96066059699734,-107.95294366978878,33.24966981032071,33.24966981032561,0.39385581592343044,20.0,0.0
185.55,-48.07697306757348,15.104481608307252,-106.92966640600214,33.24966981032106,33.24966981032676,0.3938558159214267,20.0,0.0
185.60000000000002,-48.3390508807183,14.243484964958839,-105.9063891422155,33.24966981032147,33.24966981032794,0.3938558159194727,20.0,0.0
185.65,-48.58571069676163,13.37794528640593,-104.88311187842883,33.24966981032193,33.24966981032916,0.39385581591756136,20.0,0.0
185.70000000000002,-48.81687384224466,12.508138641127573,-103.85983461464215,33.24966981032245,33.24966981033039,0.39385581591569263,20.0,0.0
185.75,-49.03246658645398,11.634342458574515,-102.83655735085544,33.24966981032301,33.249669810331646,0.39385581591386654,20.0,0.0
185.8,-49.23242016493839,10.756835440681622,-101.81328008706872,33.24966981032363,33.24966981033294,0.3938558159120831,20.0,0.0
185.85000000000002,-49.41667080144168,9.8758974729744,-100.79000282328197,33.2496698103243,33.24966981033423,0.39385581591034935,20.0,0.0
185.9,-49.58515972824444,8.99180953529803,-99.7667255594952,33.24966981032501,33.24966981033557,0.39385581590865826,20.0,0.0
185.95000000000002,-49.73783320490828,8.104853612197351,-98.74344829570839,33.24966981032576,33.249669810336904,0.3938558159070098,20.0,0.0
186.0,-49.87464253541667,7.21531260297639,-97.72017103192157,33.24966981032656,33.249669810338254,0.3938558159054111,20.0,0.0
186.05,-49.99554408370679,6.323470231466125,-96.6968937681347,33.24966981032739,33.24966981033963,0.3938558159038621,20.0,0.0
186.10000000000002,-50.10049928758746,5.429610955529265,-95.6736165043478,33.249669810328264,33.24966981034101,0.39385581590234864,20.0,0.0
186.15,-50.18947467103879,4.534019876330901,-94.65033924056088,33.24966981032917,33.24966981034239,0.3938558159008849,20.0,0.0
186.20000000000002,-50.262441854889495,3.6369826474039755,-93.62706197677392,33.24966981033011,33.24966981034381,0.39385581589947094,20.0,0.0
186.25,-50.31937756586862,2.73878538353857,-92.60378471298691,33.24966981033109,33.249669810345225,0.3938558158980996,20.0,0.0
186.3,-50.36026364402865,1.8397145695240718,-91.58050744919986,33.24966981033211,33.249669810346624,0.3938558158967709,20.0,0.0
186.35000000000002,-50.38508704853773,0.9400569687733313,-90.55723018541278,33.24966981033314,33.24966981034806,0.3938558158954848,20.0,0.0
186.4,-50.393839861839105,0.040099531857945125,-89.53395292162566,33.24966981033421,33.249669810349474,0.39385581589425556,20.0,0.0
186.45000000000002,-50.386519292176466,-0.8598706950161524,-88.5106756578385,33.2496698103353,33.2496698103509,0.39385581589306184,20.0,0.0
186.5,-50.3631276744844,-1.7595666615636016,-87.4873983940513,33.249669810336414,33.24966981035233,0.39385581589191077,20.0,0.0
186.55,-50.32367246964366,-2.6587014049758304,-86.46412113026405,33.24966981033755,33.24966981035376,0.3938558158908094,20.0,0.0
186.60000000000002,-50.26816626210144,-3.5569881414493687,-85.44084386647675,33.24966981033871,33.24966981035519,0.3938558158897436,20.0,0.0
186.65,-50.19662675585754,-4.454140357657064,-84.41756660268942,33.24966981033988,33.24966981035661,0.39385581588872753,20.0,0.0
186.70000000000002,-50.10907676881756,-5.34987190213303,-83.39428933890204,33.24966981034108,33.249669810358036,0.3938558158877541,20.0,0.0
186.75,-50.00554422551502,-6.2438970765421775,-82.3710120751146,33.24966981034229,33.24966981035946,0.3938558158868233,20.0,0.0
186.8,-49.88606214820466,-7.135930726805217,-81.34773481132713,33.24966981034352,33.24966981036085,0.3938558158859351,20.0,0.0
186.85000000000002,-49.75066864632985,-8.025688334050065,-80.32445754753961,33.249669810344756,33.249669810362256,0.39385581588508956,20.0,0.0
186.9,-49.59940690436734,-8.912886105360649,-79.30118028375203,33.24966981034601,33.24966981036366,0.39385581588427954,20.0,0.0
186.95000000000002,-49.43232516805339,-9.797241064294173,-78.27790301996441,33.24966981034727,33.249669810365035,0.39385581588351215,20.0,0.0
187.0,-49.24947672899548,-10.678471141137948,-77.25462575617675,33.24966981034854,33.24966981036642,0.3938558158827874,20.0,0.0
187.05,-49.05091990767472,-11.556295262877033,-76.23134849238903,33.24966981034982,33.24966981036779,0.39385581588209817,20.0,0.0
187.10000000000002,-48.83671803484418,-12.43043344284396,-75.20807122860126,33.24966981035111,33.24966981036915,0.3938558158814516,20.0,0.0
187.15,-48.60693943132926,-13.300606870021975,-74.18479396481344,33.249669810352394,33.24966981037048,0.3938558158808405,20.0,0.0
187.20000000000002,-48.361657386236345,-14.16653799797329,-73.16151670102556,33.24966981035369,33.249669810371806,0.39385581588026497,20.0,0.0
187.25,-48.10095013357689,-15.027950633363993,-72.13823943723764,33.24966981035498,33.24966981037312,0.39385581587973206,20.0,0.0
187.3,-47.82490082731425,-15.884570024057384,-71.11496217344967,33.249669810356274,33.249669810374414,0.3938558158792418,20.0,0.0
187.35000000000002,-47.5335975148413,-16.73612294674762,-70.09168490966165,33.249669810357574,33.24966981037571,0.39385581587877283,20.0,0.0
187.4,-47.22713310889723,-17.582337794105754,-69.06840764587358,33.249669810358874,33.24966981037698,0.3938558158783536,20.0,0.0
187.45000000000002,-46.905605357932544,-18.422944661410316,-68.04513038208545,33.24966981036016,33.24966981037822,0.3938558158779628,20.0,0.0
187.5,-46.569116814931675,-19.25767543263488,-67.02185311829727,33.24966981036145,33.249669810379466,0.39385581587760754,20.0,0.0
187.55,-46.21777480470316,-20.086263865965073,-65.99857585450904,33.24966981036274,33.24966981038069,0.3938558158772807,20.0,0.0
187.60000000000002,-45.851691389647826,-20.908445678717836,-64.97529859072077,33.249669810364026,33.24966981038187,0.39385581587698937,20.0,0.0
187.65,-45.470983334015884,-21.72395863163578,-63.95202132693244,33.2496698103653,33.24966981038305,0.3938558158767336,20.0,0.0
187.70000000000002,-45.07577206666436,-22.53254261252979,-62.92874406314406,33.24966981036656,33.249669810384205,0.3938558158765062,20.0,0.0
187.75,-44.66618364232672,-23.33393971924319,-61.90546679935563,33.24966981036782,33.249669810385335,0.39385581587630725,20.0,0.0
187.8,-44.242348701407025,-24.12789434191101,-60.88218953556715,33.24966981036908,33.24966981038645,0.3938558158761367,20.0,0.0
187.85000000000002,-43.8044024283115,-24.9141532444881,-59.858912271778614,33.249669810370314,33.249669810387545,0.3938558158760017,20.0,0.0
187.9,-43.352484508330726,-25.692465645520137,-58.835635007990035,33.24966981037155,33.24966981038862,0.393855815875888,20.0,0.0
187.95000000000002,-42.886739083086304,-26.46258329813167,-57.8123577442014,33.24966981037277,33.24966981038966,0.39385581587580276,20.0,0.0
188.0,-42.4073147045561,-27.224260569205796,-56.78908048041274,33.24966981037398,33.249669810390714,0.3938558158757459,20.0,0.0
188.05,-41.914364287692806,-27.977254517730156,-55.76580321662403,33.249669810375174,33.24966981039172,0.3938558158757104,20.0,0.0
188.10000000000002,-41.4080450616509,-28.721324972284243,-54.742525952835265,33.24966981037636,33.24966981039272,0.3938558158757104,20.0,0.0
188.15,-40.88851851963758,-29.456234607643367,-53.71924868904645,33.249669810377526,33.2496698103937,0.3938558158757317,20.0,0.0
188.20000000000002,-40.355950367403636,-30.18174902047479,-52.69597142525762,33.249669810378684,33.249669810394636,0.39385581587577434,20.0,0.0
188.25,-39.81051047039073,-30.897636804101914,-51.672694161468726,33.24966981037983,33.24966981039559,0.3938558158758383,20.0,0.0
188.3,-39.25237279955192,-31.603669622312673,-50.64941689767979,33.24966981038095,33.24966981039648,0.39385581587593066,20.0,0.0
188.35000000000002,-38.68171537586267,-32.29962228218858,-49.6261396338908,33.24966981038206,33.249669810397364,0.39385581587604435,20.0,0.0
188.4,-38.09872021354015,-32.9852728059312,-48.60286237010178,33.24966981038315,33.24966981039823,0.39385581587617935,20.0,0.0
188.45000000000002,-37.50357326198879,-33.660402501663164,-47.57958510631272,33.249669810384226,33.24966981039907,0.39385581587632856,20.0,0.0
188.5,-36.896464346490795,-34.32479603318108,-46.5563078425236,33.24966981038529,33.24966981039988,0.3938558158765062,20.0,0.0
188.55,-36.277587107660295,-34.978241488638176,-45.533030578734454,33.24966981038633,33.249669810400675,0.39385581587669805,20.0,0.0
188.60000000000002,-35.64713893968068,-35.620530448134716,-44.509753314945264,33.24966981038736,33.24966981040144,0.3938558158769112,20.0,0.0
188.65,-35.00532092734466,-36.25145805019461,-43.486476051156046,33.24966981038836,33.249669810402196,0.3938558158771315,20.0,0.0
188.70000000000002,-34.352337781917235,-36.87082305710709,-42.46319878736677,33.24966981038935,33.24966981040292,0.39385581587737306,20.0,0.0
188.75,-33.68839777584189,-37.47842791911255,-41.43992152357745,33.249669810390316,33.24966981040361,0.39385581587762886,20.0,0.0
188.8,-33.01371267631106,-38.074078837412074,-40.41664425978811,33.24966981039126,33.2496698104043,0.39385581587790597,20.0,0.0
188.85000000000002,-32.3284976777218,-38.65758582598061,-39.393366995998704,33.24966981039219,33.24966981040494,0.3938558158781973,20.0,0.0
188.9,-31.632971333038427,-39.228762772164,-38.37008973220929,33.2496698103931,33.249669810405564,0.3938558158785028,20.0,0.0
188.95000000000002,-30.92735548408388,-39.787427496040635,-37.346812468419834,33.24966981039399,33.24966981040618,0.39385581587882257,20.0,0.0
189.0,-30.21187519078208,-40.33340180852866,-36.32353520463036,33.24966981039486,33.249669810406786,0.3938558158791494,20.0,0.0
189.05,-29.486758659373894,-40.86651156822038,-35.30025794084084,33.249669810395716,33.24966981040734,0.3938558158794976,20.0,0.0
189.10000000000002,-28.752237169629524,-41.38658673692555,-34.27698067705129,33.24966981039655,33.24966981040789,0.39385581587985286,20.0,0.0
189.15,-28.0085450010806,-41.893461433905976,-33.25370341326171,33.24966981039736,33.24966981040842,0.39385581588021523,20.0,0.0
189.20000000000002,-27.25591935829548,-42.38697398878406,-32.23042614947209,33.249669810398146,33.249669810408925,0.3938558158805918,20.0,0.0
189.25,-26.4946002952216,-42.8669669931084,-31.207148885682432,33.24966981039891,33.249669810409394,0.3938558158809826,20.0,0.0
189.3,-25.724830638618975,-43.3332873505601,-30.183871621892756,33.249669810399666,33.24966981040986,0.3938558158813805,20.0,0.0
189.35000000000002,-24.946855910609333,-43.785786325783604,-29.160594358103054,33.24966981040039,33.2496698104103,0.39385581588178553,20.0,0.0
189.4,-24.16092425036551,-44.224319591826664,-28.137317094313325,33.249669810401095,33.249669810410715,0.39385581588219765,20.0,0.0
189.45000000000002,-23.367286334966163,-44.64874727617416,-27.114039830523545,33.249669810401784,33.249669810411106,0.39385581588261687,20.0,0.0
189.5,-22.56619529944097,-45.058934005361216,-26.09076256673374,33.24966981040245,33.24966981041148,0.3938558158830432,20.0,0.0
189.55,-21.757906656031867,-45.45474894815124,-25.06748530294391,33.24966981040309,33.24966981041184,0.3938558158834695,20.0,0.0
189.60000000000002,-20.942678212696073,-45.8360658572653,-24.044208039154057,33.24966981040372,33.24966981041215,0.39385581588391005,20.0,0.0
189.65,-20.12076999087686,-46.2027631096493,-23.020930775364175,33.24966981040432,33.249669810412456,0.3938558158843506,20.0,0.0
189.70000000000002,-19.292444142568332,-46.55472374526635,-21.99765351157427,33.2496698104049,33.24966981041275,0.39385581588479823,20.0,0.0
189.75,-18.457964866700667,-46.891835504401776,-20.974376247784363,33.24966981040546,33.24966981041303,0.3938558158852459,20.0,0.0
189.8,-17.617598324872453,-47.213990863468936,-19.95109898399443,33.249669810406004,33.24966981041329,0.3938558158857006,20.0,0.0
189.85000000000002,-16.771612556457036,-47.52108706930446,-18.927821720204474,33.24966981040652,33.249669810413515,0.39385581588615537,20.0,0.0
189.9,-15.920277393109933,-47.81302617194191,-17.90454445641449,33.24966981040702,33.24966981041375,0.3938558158866101,20.0,0.0
189.95000000000002,-15.063864372704595,-48.08971505585343,-16.881267192624485,33.249669810407504,33.24966981041395,0.39385581588707197,20.0,0.0
190.0,-14.202646652723965,-48.351065469649484,-15.857989928834476,33.24966981040796,33.24966981041415,0.3938558158875338,20.0,0.0
190.05,-13.336898923135442,-48.59699405422703,-14.834712665044442,33.249669810408406,33.24966981041431,0.3938558158880028,20.0,0.0
190.10000000000002,-12.466897318777052,-48.82742236935742,-13.811435401254382,33.249669810408825,33.24966981041447,0.39385581588846463,20.0,0.0
190.15,-11.592919331282786,-49.042276918705284,-12.788158137464324,33.24966981040922,33.249669810414595,0.3938558158889336,20.0,0.0
190.20000000000002,-10.715243720575158,-49.24148917327059,-11.764880873674239,33.24966981040961,33.249669810414716,0.39385581588939544,20.0,0.0
190.25,-9.834150425953252,-49.42499559324634,-10.741603609884129,33.24966981040997,33.249669810414815,0.3938558158898573,20.0,0.0
190.3,-8.949920476804598,-49.592737648284924,-9.71832634609402,33.24966981041032,33.24966981041491,0.39385581589032626,20.0,0.0
190.35000000000002,-8.062835902969347,-49.744661836166685,-8.695049082303884,33.249669810410644,33.24966981041497,0.3938558158907881,20.0,0.0
190.4,-7.173179644785365,-49.88071969986473,-7.671771818513749,33.24966981041096,33.249669810415035,0.39385581589124996,20.0,0.0
190.45000000000002,-6.281235462842901,-50.000867843000556,-6.648494554723588,33.24966981041125,33.249669810415085,0.3938558158917047,20.0,0.0
190.5,-5.387287847477642,-50.105067943685576,-5.625217290933428,33.249669810411525,33.249669810415114,0.39385581589215946,20.0,0.0
190.55,-4.491621928031013,-50.193286766744066,-4.601940027143266,33.249669810411774,33.24966981041515,0.3938558158926142,20.0,0.0
190.60000000000002,-3.5945233819066527,-50.265496174313704,-3.5786627633530803,33.249669810412016,33.249669810415156,0.39385581589306184,20.0,0.0
190.65,-2.6962783434520894,-50.32167313482031,-2.555385499562894,33.24966981041224,33.249669810415135,0.3938558158935166,20.0,0.0
190.70000000000002,-1.7971733126946727,-50.36179973032385,-1.5321082357726825,33.24966981041245,33.24966981041513,0.39385581589396423,20.0,0.0
190.75,-0.8974950639608661,-50.38586316223351,-0.5088309719824707,33.24966981041264,33.2496698104151,0.39385581589440477,20.0,0.0
190.8,0.0024694455919482827,-50.39385575538983,0.5144462918077409,33.24966981041282,33.24966981041506,0.3938558158948382,20.0,0.0
190.85000000000002,0.9024331675019789,-50.385774960512755,1.5377235555979525,33.24966981041298,33.24966981041502,0.39385581589527163,20.0,0.0
190.9,1.8021090535586568,-50.36162335501475,2.5610008193881897,33.249669810413124,33.24966981041494,0.39385581589570506,20.0,0.0
190.95000000000002,2.7012101473581884,-50.321408642178696,3.5842780831784267,33.24966981041325,33.24966981041487,0.3938558158961243,20.0,0.0
191.0,3.599449675829824,-50.26514364870092,4.607555346968664,33.249669810413366,33.24966981041477,0.3938558158965435,20.0,0.0
191.05,4.496541140703652,-50.19284632060002,5.630832610758901,33.24966981041347,33.24966981041469,0.3938558158969556,20.0,0.0
191.10000000000002,5.392198409890746,-50.104539717492905,6.654109874549138,33.24966981041356,33.249669810414595,0.39385581589736063,20.0,0.0
191.15,6.286135808746513,-50.00025200523981,7.677387138339401,33.249669810413636,33.249669810414474,0.39385581589775853,20.0,0.0
191.20000000000002,7.178068211188141,-49.88001644696063,8.700664402129663,33.24966981041369,33.24966981041434,0.39385581589816354,20.0,0.0
191.25,8.067711130637075,-49.74387139242549,9.723941665919925,33.249669810413735,33.249669810414225,0.39385581589855434,20.0,0.0
191.3,8.954780810757526,-49.59186026582286,10.747218929710188,33.24966981041378,33.24966981041408,0.39385581589893803,20.0,0.0
191.35000000000002,9.83899431596206,-49.424031551909195,11.77049619350045,33.2496698104138,33.249669810413934,0.3938558158993146,20.0,0.0
191.4,10.720069621655403,-49.24043878054447,12.793773457290714,33.24966981041381,33.2496698104138,0.3938558158996912,20.0,0.0
191.45000000000002,11.597725704187695,-49.041140509618536,13.817050721080976,33.24966981041381,33.24966981041362,0.3938558159000607,20.0,0.0
191.5,12.471682630488466,-48.82620030637376,14.840327984871239,33.2496698104138,33.24966981041347,0.39385581590041596,20.0,0.0
191.55,13.341661647352781,-48.59568672712993,15.863605248661502,33.24966981041378,33.249669810413295,0.39385581590077123,20.0,0.0
191.60000000000002,14.20738527035105,-48.34967329541786,16.886882512451763,33.24966981041374,33.24966981041312,0.3938558159011194,20.0,0.0
191.65,15.068577372334172,-48.08823847852865,17.910159776242025,33.2496698104137,33.249669810412925,0.39385581590145335,20.0,0.0
191.70000000000002,15.924963271505742,-47.81146566248614,18.933437040032288,33.24966981041364,33.24966981041274,0.3938558159017873,20.0,0.0
191.75,16.776269819033285,-47.51944312545049,19.95671430382255,33.24966981041358,33.24966981041254,0.39385581590211416,20.0,0.0
191.8,17.62222548617051,-47.21226400956139,20.979991567612814,33.2496698104135,33.24966981041234,0.3938558159024268,20.0,0.0
191.85000000000002,18.462560450862863,-46.89002629122987,22.00326883140305,33.249669810413415,33.24966981041214,0.39385581590273944,20.0,0.0
191.9,19.297006683808696,-46.55283274988824,23.02654609519329,33.24966981041333,33.24966981041194,0.39385581590303786,20.0,0.0
191.95000000000002,20.125298033948635,-46.200790935208,24.049823358983524,33.24966981041323,33.24966981041174,0.3938558159033363,20.0,0.0
192.0,20.94717031335588,-45.83401313279632,25.07310062277376,33.24966981041312,33.249669810411525,0.3938558159036276,20.0,0.0
192.05,21.762361381500344,-45.45261632838196,26.096377886564,33.249669810413,33.24966981041132,0.3938558159039047,20.0,0.0
192.10000000000002,22.57061122885977,-45.05672217050202,27.119655150354237,33.24966981041288,33.24966981041109,0.39385581590417473,20.0,0.0
192.15,23.37166205985115,-44.646456931701536,28.142932414144475,33.249669810412755,33.249669810410865,0.39385581590443763,20.0,0.0
192.20000000000002,24.165258375055995,-44.22195146825813,29.166209677934685,33.24966981041263,33.24966981041063,0.39385581590469343,20.0,0.0
192.25,24.951147052713225,-43.783341178444765,30.189486941724898,33.249669810412485,33.24966981041041,0.3938558159049492,20.0,0.0
192.3,25.729077429453714,-43.33076595934368,31.212764205515107,33.249669810412335,33.2496698104102,0.3938558159051908,20.0,0.0
192.35000000000002,26.498801380250693,-42.86437016222552,32.23604146930532,33.249669810412186,33.249669810409955,0.3938558159054324,20.0,0.0
192.4,27.26007339756055,-42.38430254650771,33.25931873309553,33.24966981041202,33.24966981040971,0.39385581590565977,20.0,0.0
192.45000000000002,28.01265066962876,-41.89071623230687,34.28259599688572,33.24966981041186,33.24966981040947,0.39385581590588004,20.0,0.0
192.5,28.756293157935986,-41.383768651600306,35.3058732606759,33.24966981041169,33.24966981040925,0.3938558159060932,20.0,0.0
192.55,29.490763673759645,-40.86362149801228,36.329150524466094,33.24966981041152,33.24966981040902,0.39385581590629215,20.0,0.0
192.60000000000002,30.21582795382651,-40.33044067524094,37.35242778825628,33.24966981041134,33.24966981040877,0.3938558159064911,20.0,0.0
192.65,30.93125473503222,-39.784396244142485,38.375705052046435,33.249669810411156,33.24966981040853,0.39385581590668295,20.0,0.0
192.70000000000002,31.63681582820388,-39.22566236848932,39.3989823158366,33.249669810410964,33.249669810408314,0.3938558159068677,20.0,0.0
192.75,32.33228619088221,-38.6544172594196,40.42225957962676,33.24966981041077,33.24966981040806,0.3938558159070453,20.0,0.0
192.8,33.01744399910003,-38.070843118595874,41.445536843416896,33.24966981041058,33.24966981040783,0.39385581590721586,20.0,0.0
192.85000000000002,33.692070718134204,-37.47512608009085,42.46881410720703,33.24966981041038,33.2496698104076,0.3938558159073793,20.0,0.0
192.9,34.35595117220843,-36.86745615101899,43.492091370997166,33.24966981041019,33.24966981040737,0.3938558159075356,20.0,0.0
192.95000000000002,35.00887361312471,-36.248027150932685,44.5153686347873,33.24966981040998,33.24966981040711,0.3938558159076848,20.0,0.0
193.0,35.65062978780158,-35.61703665000251,45.53864589857741,33.24966981040978,33.24966981040689,0.3938558159078269,20.0,0.0
193.05,36.281015004697494,-34.974685906001156,46.56192316236752,33.24966981040958,33.24966981040667,0.3938558159079619,20.0,0.0
193.10000000000002,36.89982819909832,-34.32117980011121,47.58520042615763,33.249669810409365,33.24966981040643,0.3938558159080898,20.0,0.0
193.15,37.506871997247984,-33.65672677157719,48.60847768994771,33.24966981040916,33.2496698104062,0.3938558159082106,20.0,0.0
193.20000000000002,38.10195277930186,-32.98153875122276,49.6317549537378,33.249669810408946,33.249669810405976,0.3938558159083243,20.0,0.0
193.25,38.684880741082885,-32.29583109385424,50.65503221752786,33.24966981040874,33.24966981040575,0.3938558159084309,20.0,0.0
193.3,39.25546995462058,-31.599822509572093,51.67830948131792,33.24966981040852,33.24966981040553,0.39385581590853036,20.0,0.0
193.35000000000002,39.813538427453764,-30.893734994012135,52.701586745107974,33.24966981040831,33.249669810405315,0.39385581590862273,20.0,0.0
193.4,40.35890816067805,-30.177793757538865,53.72486400889804,33.249669810408086,33.249669810405095,0.3938558159087151,20.0,0.0
193.45000000000002,40.89140520571949,-29.452227153413414,54.748141272688095,33.24966981040787,33.24966981040487,0.39385581590880037,20.0,0.0
193.5,41.410859719816436,-28.717266604959075,55.77141853647815,33.24966981040765,33.24966981040462,0.3938558159088785,20.0,0.0
193.55,41.91710602019178,-27.973146531747584,56.79469580026816,33.24966981040744,33.24966981040444,0.3938558159089496,20.0,0.0
193.60000000000002,42.40998263689836,-27.220104274829772,57.81797306405817,33.24966981040722,33.24966981040425,0.39385581590901353,20.0,0.0
193.65,42.889332364320644,-26.45838002103436,58.84125032784818,33.24966981040701,33.24966981040403,0.3938558159090704,20.0,0.0
193.70000000000002,43.35500231131631,-25.688216726359094,59.864527591638186,33.2496698104068,33.24966981040382,0.3938558159091272,20.0,0.0
193.75,43.80684394998168,-24.909860038478662,60.88780485542814,33.249669810406594,33.24966981040365,0.39385581590917695,20.0,0.0
193.8,44.24471316302549,-24.123558218394034,61.9110821192181,33.24966981040638,33.24966981040347,0.3938558159092196,20.0,0.0
193.85000000000002,44.66847028973585,-23.32956206124831,62.93435938300806,33.249669810406175,33.24966981040329,0.3938558159092551,20.0,0.0
193.9,45.077980170525805,-22.528124816334277,63.957636646798015,33.24966981040597,33.249669810403105,0.39385581590928354,20.0,0.0
193.95000000000002,45.47311219004317,-21.719502106319197,64.98091391058797,33.24966981040576,33.24966981040291,0.39385581590931196,20.0,0.0
194.0,45.853740318831,-20.90395184571261,66.00419117437792,33.249669810405564,33.24966981040273,0.3938558159093404,20.0,0.0
194.05,46.21974315352536,-20.08173415860311,67.02746843816789,33.24966981040536,33.24966981040256,0.3938558159093546,20.0,0.0
194.10000000000002,46.57100395557756,-19.253111295690406,68.05074570195784,33.24966981040516,33.24966981040236,0.3938558159093688,20.0,0.0
194.15,46.90741068848857,-18.418347550639062,69.07402296574774,33.24966981040496,33.249669810402196,0.3938558159093759,20.0,0.0
194.20000000000002,47.228856053543595,-17.577709175780623,70.09730022953765,33.24966981040476,33.24966981040205,0.393855815909383,20.0,0.0
194.25,47.535237524035644,-16.73146429719102,71.12057749332756,33.24966981040456,33.24966981040187,0.393855815909383,20.0,0.0
194.3,47.8264573779669,-15.879882829170342,72.14385475711747,33.24966981040437,33.249669810401706,0.393855815909383,20.0,0.0
194.35000000000002,48.10242272921773,-15.023236388152222,73.16713202090737,33.249669810404185,33.24966981040155,0.3938558159093759,20.0,0.0
194.4,48.363045557173145,-14.16179820607035,74.19040928469728,33.249669810403994,33.249669810401386,0.3938558159093688,20.0,0.0
194.45000000000002,48.6082427347975,-13.295843043209679,75.21368654848713,33.24966981040381,33.249669810401265,0.3938558159093546,20.0,0.0
194.5,48.83793605514827,-12.425647100570185,76.236963812277,33.249669810403624,33.249669810401116,0.3938558159093404,20.0,0.0
194.55,49.05205225632058,-11.551487931771081,77.26024107606685,33.24966981040345,33.24966981040098,0.39385581590931906,20.0,0.0
194.60000000000002,49.25052304481447,-10.673644354523624,78.2835183398567,33.24966981040327,33.249669810400846,0.39385581590929775,20.0,0.0
194.65,49.433285117317496,-9.792396361700717,79.30679560364656,33.24966981040309,33.24966981040071,0.39385581590927643,20.0,0.0
194.70000000000002,49.600280180895616,-8.908025032031704,80.33007286743641,33.24966981040292,33.24966981040058,0.3938558159092409,20.0,0.0
194.75,49.75145497158607,-8.020812440450804,81.35335013122626,33.24966981040276,33.24966981040044,0.3938558159092125,20.0,0.0
194.8,49.886761271386185,-7.131041568127821,82.37662739501613,33.249669810402594,33.249669810400306,0.39385581590917695,20.0,0.0
194.85000000000002,50.006155923632754,-6.238996212209793,83.39990465880598,33.24966981040242,33.249669810400164,0.3938558159091414,20.0,0.0
194.9,50.109600846767115,-5.344960895302386,84.42318192259579,33.24966981040227,33.24966981040006,0.3938558159090988,20.0,0.0
194.95000000000002,50.19706304648143,-4.449220774719897,85.4464591863856,33.24966981040211,33.24966981039995,0.39385581590905616,20.0,0.0
195.0,50.26851462624242,-3.552061551532809,86.46973645017539,33.249669810401954,33.249669810399844,0.3938558159090064,20.0,0.0
195.05,50.323932796189105,-2.6537693794419237,87.4930137139652,33.249669810401805,33.249669810399745,0.3938558159089567,20.0,0.0
195.10000000000002,50.36329988040174,-1.7546307735081137,88.516290977755,33.249669810401656,33.249669810399624,0.39385581590890695,20.0,0.0
195.15,50.38660332253966,-0.854932518766823,89.53956824154481,33.249669810401514,33.24966981039951,0.3938558159088501,20.0,0.0
195.20000000000002,50.3938356898462,0.04503842124354396,90.56284550533456,33.24966981040137,33.249669810399446,0.39385581590879326,20.0,0.0
195.25,50.384994675519366,0.9449949960101671,91.58612276912432,33.24966981040123,33.24966981039938,0.3938558159087364,20.0,0.0
195.3,50.36008309944765,1.8446501596020977,92.60940003291407,33.249669810401095,33.24966981039929,0.3938558159086796,20.0,0.0
195.35000000000002,50.3191089073106,2.743716962225082,93.63267729670382,33.24966981040097,33.24966981039923,0.3938558159086156,20.0,0.0
195.4,50.26208516804449,3.6419086417457236,94.65595456049357,33.249669810400846,33.24966981039916,0.3938558159085517,20.0,0.0
195.45000000000002,50.189030069673926,4.538938715155789,95.67923182428333,33.249669810400725,33.249669810399084,0.3938558159084877,20.0,0.0
195.5,50.09996691351067,5.434521069947485,96.70250908807309,33.24966981040061,33.249669810399006,0.3938558159084238,20.0,0.0
195.55,49.99492410672157,6.328370055370565,97.72578635186284,33.2496698104005,33.24966981039895,0.3938558159083527,20.0,0.0
195.60000000000002,49.87393515326794,7.220200573542148,98.74906361565259,33.24966981040039,33.249669810398856,0.3938558159082888,20.0,0.0
195.65,49.737038643219286,8.109728170380212,99.77234087944234,33.249669810400285,33.24966981039879,0.3938558159082248,20.0,0.0
195.70000000000002,49.58427824044482,8.996669126331724,100.7956181432321,33.24966981040018,33.24966981039872,0.3938558159081538,20.0,0.0
195.75,49.415702668686606,9.880740546866509,101.81889540702186,33.24966981040007,33.24966981039865,0.3938558159080756,20.0,0.0
195.8,49.231365696018905,10.761660452707957,102.8421726708116,33.24966981039997,33.24966981039858,0.39385581590801166,20.0,0.0
195.85000000000002,49.03132611769851,11.639147869771815,103.86544993460136,33.24966981039987,33.24966981039851,0.3938558159079335,20.0,0.0
195.9,48.81564773741174,12.512922918784358,104.88872719839107,33.24966981039977,33.24966981039848,0.39385581590786245,20.0,0.0
195.95000000000002,48.58439934692386,13.38270690455138,105.91200446218076,33.24966981039968,33.249669810398444,0.3938558159077843,20.0,0.0
196.0,48.33765470413764,14.248222404849498,106.93528172597047,33.24966981039959,33.24966981039841,0.39385581590770613,20.0,0.0
196.05,48.07549250956784,15.10919335891145,107.95855898976016,33.24966981039951,33.249669810398366,0.39385581590762797,20.0,0.0
196.10000000000002,47.797996381239265,15.965345155477136,108.98183625354987,33.249669810399425,33.249669810398345,0.3938558159075498,20.0,0.0
196.15,47.50525482801638,16.81640472038235,110.00511351733958,33.24966981039935,33.2496698103983,0.39385581590747876,20.0,0.0
196.20000000000002,47.19736122137291,17.662100603657226,111.02839078112927,33.24966981039927,33.24966981039829,0.3938558159074006,20.0,0.0
196.25,46.874413765610505,18.50216306610665,112.05166804491898,33.249669810399205,33.24966981039824,0.39385581590732954,20.0,0.0
196.3,46.53651546653599,19.33632416534501,113.07494530870868,33.24966981039913,33.249669810398224,0.3938558159072443,20.0,0.0
196.35000000000002,46.183774098607095,20.164317841257848,114.09822257249839,33.24966981039907,33.249669810398196,0.3938558159071732,20.0,0.0
196.4,45.816302170557215,20.985880000863137,115.12149983628804,33.249669810399006,33.2496698103982,0.39385581590709506,20.0,0.0
196.45000000000002,45.43421688951017,21.800748602545152,116.14477710007769,33.24966981039895,33.2496698103982,0.3938558159070169,20.0,0.0
196.5,45.03764012359635,22.608663739634025,117.16805436386734,33.2496698103989,33.24966981039821,0.39385581590694585,20.0,0.0
196.55,44.62669836308223,23.409367723304367,118.191331627657,33.24966981039884,33.249669810398224,0.3938558159068677,20.0,0.0
196.60000000000002,44.20152268002564,24.202605164766485,119.21460889144664,33.2496698103988,33.24966981039823,0.39385581590678953,20.0,0.0
196.65,43.76224868646964,24.988123056723992,120.2378861552363,33.249669810398764,33.24966981039824,0.39385581590671137,20.0,0.0
196.70000000000002,43.30901649118831,25.76567085407183,121.26116341902595,33.24966981039872,33.24966981039826,0.3938558159066403,20.0,0.0
196.75,42.84197065499834,26.535000553808953,122.2844406828156,33.24966981039869,33.24966981039827,0.39385581590656926,20.0,0.0
196.8,42.36126014465057,27.295866774140222,123.30771794660525,33.24966981039866,33.24966981039829,0.3938558159064982,20.0,0.0
196.85000000000002,41.867038285316276,28.048026832742213,124.3309952103949,33.249669810398636,33.2496698103983,0.39385581590642715,20.0,0.0
196.9,41.359462711683264,28.791240824168046,125.35427247418455,33.24966981039861,33.24966981039832,0.3938558159063561,20.0,0.0
196.95000000000002,40.83869531767747,29.525271696366495,126.3775497379742,33.24966981039859,33.24966981039834,0.39385581590629215,20.0,0.0
197.0,40.30490220482603,30.249885326291,127.40082700176386,33.24966981039857,33.24966981039836,0.3938558159062282,20.0,0.0
197.05,39.75825362927829,30.964850594574457,128.42410426555352,33.24966981039856,33.24966981039838,0.39385581590615715,20.0,0.0
197.10000000000002,39.19892394750176,31.66993945924597,129.44738152934318,33.249669810398544,33.2496698103984,0.3938558159060861,20.0,0.0
197.15,38.627091560670124,32.36492702846605,130.47065879313283,33.24966981039854,33.24966981039843,0.39385581590602214,20.0,0.0
197.20000000000002,38.042938857761285,33.049591632257055,131.49393605692248,33.24966981039853,33.24966981039844,0.3938558159059582,20.0,0.0
197.25,37.44665215738341,33.723714893206015,132.51721332071213,33.24966981039852,33.24966981039846,0.39385581590590135,20.0,0.0
197.3,36.83842164834763,34.38708179611727,133.54049058450178,33.249669810398515,33.24966981039849,0.3938558159058374,20.0,0.0
197.35000000000002,36.21844132900629,35.039480756592695,134.56376784829143,33.249669810398515,33.249669810398515,0.39385581590578056,20.0,0.0
197.4,35.58690894537618,35.68070368851768,135.58704511208109,33.249669810398515,33.249669810398544,0.3938558159057166,20.0,0.0
197.45000000000002,34.94402592806637,36.31054607043131,136.61032237587074,33.249669810398515,33.249669810398586,0.39385581590565977,20.0,0.0
197.5,34.28999732803082,36.928807010759535,137.6335996396604,33.24966981039852,33.2496698103986,0.39385581590561003,20.0,0.0
197.55,33.62503175116635,37.53528931189065,138.65687690345004,33.24966981039853,33.24966981039865,0.3938558159055461,20.0,0.0
197.60000000000002,32.94934129177662,38.12979953307251,139.6801541672397,33.24966981039854,33.24966981039868,0.39385581590549634,20.0,0.0
197.65,32.26314146492357,38.712148052111445,140.70343143102934,33.249669810398544,33.24966981039872,0.3938558159054395,20.0,0.0
197.70000000000002,31.566651137687725,39.28214912585333,141.726708694819,33.24966981039856,33.24966981039875,0.39385581590538976,20.0,0.0
197.75,30.86009245935937,39.83962094942731,142.74998595860865,33.24966981039857,33.249669810398785,0.39385581590534,20.0,0.0
197.8,30.14369079058288,40.38438571423342,143.7732632223983,33.249669810398586,33.24966981039882,0.3938558159052903,20.0,0.0
197.85000000000002,29.417674631476714,40.91626966465562,144.79654048618795,33.2496698103986,33.249669810398856,0.39385581590524055,20.0,0.0
197.9,28.68227554875211,41.43510315348206,145.8198177499776,33.24966981039862,33.2496698103989,0.3938558159051979,20.0,0.0
197.95000000000002,27.937728101853644,41.94072069601493,146.84309501376725,33.24966981039864,33.24966981039895,0.3938558159051553,20.0,0.0
198.0,27.18426976814525,42.432961022852716,147.8663722775569,33.24966981039866,33.24966981039899,0.39385581590511265,20.0,0.0
198.05,26.422140867165552,42.911667131327924,148.88964954134656,33.249669810398686,33.24966981039901,0.39385581590507,20.0,0.0
198.10000000000002,25.651584483976674,43.37668633558391,149.9129268051362,33.249669810398714,33.24966981039907,0.3938558159050274,20.0,0.0
198.15,24.87284639163096,43.827870315274865,150.93620406892586,33.249669810398736,33.249669810399105,0.39385581590498475,20.0,0.0
198.20000000000002,24.08617497278037,44.26507516287333,151.9594813327155,33.249669810398764,33.249669810399155,0.3938558159049492,20.0,0.0
198.25,23.29182114045349,44.68816142957033,152.98275859650516,33.249669810398785,33.249669810399205,0.3938558159049137,20.0,0.0
198.3,22.490038258025507,45.09699416975325,154.00603586029482,33.24966981039882,33.24966981039925,0.39385581590487817,20.0,0.0
198.35000000000002,21.681082058406606,45.49144298404751,155.02931312408447,33.24966981039885,33.24966981039928,0.39385581590484264,20.0,0.0
198.4,20.8652105624746,45.8713820609081,156.05259038787412,33.249669810398885,33.24966981039934,0.3938558159048071,20.0,0.0
198.45000000000002,20.04268399677781,46.23669021674785,157.07586765166377,33.24966981039891,33.249669810399396,0.3938558159047787,20.0,0.0
198.5,19.213764710534406,46.587250934589605,158.09914491545342,33.24966981039895,33.249669810399446,0.3938558159047503,20.0,0.0
198.55,18.37871709195474,46.92295240122988,159.12242217924307,33.249669810398984,33.24966981039949,0.39385581590472185,20.0,0.0
198.60000000000002,17.537807483913333,47.24368754290233,160.14569944303273,33.24966981039903,33.24966981039954,0.39385581590469343,20.0,0.0
198.65,16.69130409899738,47.54935405942947,161.16897670682238,33.24966981039906,33.24966981039959,0.393855815904665,20.0,0.0
198.70000000000002,15.839476933958938,47.83985445685186,162.19225397061203,33.2496698103991,33.24966981039964,0.3938558159046437,20.0,0.0
198.75,14.982597683598009,48.11509607852433,163.21553123440168,33.24966981039914,33.249669810399695,0.3938558159046224,20.0,0.0
198.8,14.120939654104054,48.3749911346693,164.2388084981914,33.249669810399176,33.249669810399716,0.39385581590460106,20.0,0.0
198.85000000000002,13.254777675883533,48.6194567303778,165.26208576198107,33.24966981039921,33.24966981039974,0.39385581590457974,20.0,0.0
198.9,12.384388015901274,48.84841489204924,166.28536302577078,33.249669810399254,33.24966981039976,0.3938558159045513,20.0,0.0
198.95000000000002,11.51004828956367,49.061792592261526,167.3086402895605,33.24966981039929,33.24966981039979,0.3938558159045371,20.0,0.0
199.0,10.63203737217176,49.2595217730635,168.3319175533502,33.249669810399325,33.2496698103998,0.3938558159045158,20.0,0.0
199.05,9.75063530997248,49.44153936768241,169.3551948171399,33.24966981039936,33.24966981039982,0.3938558159045016,20.0,0.0
199.10000000000002,8.866123230836415,49.60778732063942,170.37847208092958,33.24966981039939,33.24966981039986,0.39385581590448027,20.0,0.0
199.15,7.978783254590576,49.75821260626665,171.4017493447193,33.249669810399425,33.24966981039988,0.39385581590446606,20.0,0.0
199.20000000000002,7.088898403034784,49.892767245620064,172.425026608509,33.24966981039945,33.24966981039991,0.39385581590445895,20.0,0.0
199.25,6.1967525096703575,50.01140832178254,173.4483038722987,33.24966981039949,33.24966981039993,0.39385581590443763,20.0,0.0
199.3,5.302630129169916,50.11409799355251,174.47158113608842,33.24966981039952,33.24966981039996,0.39385581590443053,20.0,0.0
199.35000000000002,4.40681644661715,50.200803507513584,175.4948583998781,33.24966981039955,33.249669810399986,0.3938558159044163,20.0,0.0
199.4,3.509597186545527,50.27149720848141,176.5181356636678,33.24966981039958,33.24966981040003,0.3938558159044021,20.0,0.0
199.45000000000002,2.611258521804929,50.32615654832447,177.54141292745751,33.24966981039962,33.24966981040004,0.3938558159043879,20.0,0.0
199.5,1.712086982285307,50.36476409315593,178.56469019124722,33.249669810399645,33.249669810400064,0.3938558159043737,20.0,0.0
199.55,0.8123693635264474,50.38730752889424,179.58796745503693,33.24966981039968,33.24966981040009,0.3938558159043666,20.0,0.0
199.60000000000002,-0.08760736475698927,50.3937796651908,-179.3887552811734,33.24966981039971,33.249669810400114,0.3938558159043595,20.0,0.0
199.65,-0.9875561502059826,50.38417843772335,-178.36547801738368,33.249669810399745,33.24966981040014,0.39385581590434526,20.0,0.0
199.70000000000002,-1.887189949374028,50.35850690885441,-177.34220075359397,33.249669810399766,33.24966981040018,0.39385581590433816,20.0,0.0
199.75,-2.7862218192811685,50.316773266654494,-176.31892348980426,33.2496698103998,33.2496698104002,0.39385581590433105,20.0,0.0
199.8,-3.6843650089359827,50.258990822290514,-175.29564622601453,33.24966981039983,33.24966981040021,0.39385581590432395,20.0,0.0
199.85000000000002,-4.581333050796338,50.185178005780095,-174.27236896222482,33.24966981039986,33.24966981040023,0.39385581590431684,20.0,0.0
199.9,-5.476839852139733,50.09535836011323,-173.24909169843508,33.24966981039988,33.249669810400235,0.39385581590430974,20.0,0.0
199.95000000000002,-6.370599786314094,49.98956053374311,-172.22581443464534,33.24966981039991,33.24966981040026,0.39385581590430263,20.0,0.0
200.0,-7.262327783839911,49.867818271448556,-171.20253717085563,33.249669810399936,33.24966981040028,0.3938558159042955,20.0,0.0
200.05,-8.151739423334664,49.73017040357094,-170.1792599070659,33.24966981039996,33.24966981040029,0.3938558159042955,20.0,0.0
200.10000000000002,-9.038551022230534,49.57666083362903,-169.15598264327616,33.249669810399986,33.24966981040029,0.3938558159042955,20.0,0.0
200.15,-9.922479727256464,49.40733852431575,-168.13270537948645,33.2496698104,33.249669810400306,0.3938558159042884,20.0,0.0
200.20000000000002,-10.803243604655716,49.22225748188126,-167.10942811569672,33.24966981040002,33.249669810400334,0.3938558159042813,20.0,0.0
200.25,-11.680561730110133,49.02147673890737,-166.08615085190698,33.24966981040005,33.24966981040034,0.3938558159042813,20.0,0.0
200.3,-12.554154278342454,48.80506033547879,-165.06287358811724,33.249669810400064,33.24966981040036,0.3938558159042813,20.0,0.0
200.35000000000002,-13.423742612368063,48.57307729875721,-164.03959632432753,33.249669810400086,33.249669810400384,0.3938558159042742,20.0,0.0
200.4,-14.289049372367739,48.325601620964704,-163.0163190605378,33.24966981040011,33.2496698104004,0.3938558159042742,20.0,0.0
200.45000000000002,-15.149798564153047,48.06271223578353,-161.99304179674806,33.24966981040012,33.249669810400405,0.3938558159042813,20.0,0.0
200.5,-16.005715647196148,47.7844929931798,-160.96976453295835,33.24966981040014,33.24966981040042,0.3938558159042742,20.0,0.0
200.55,-16.856527622195955,47.49103263265913,-159.9464872691686,33.249669810400164,33.24966981040046,0.3938558159042742,20.0,0.0
200.60000000000002,-17.70196311815272,47.182424754962625,-158.92321000537888,33.24966981040018,33.24966981040045,0.3938558159042742,20.0,0.0
200.65,-18.541752478923247,46.85876779221251,-157.89993274158917,33.2496698104002,33.24966981040046,0.3938558159042742,20.0,0.0
200.70000000000002,-19.375627849229158,46.52016497651663,-156.87665547779943,33.24966981040022,33.24966981040048,0.3938558159042742,20.0,0.0
200.75,-20.20332326009075,46.16672430704203,-155.8533782140097,33.249669810400235,33.24966981040049,0.3938558159042813,20.0,0.0
200.8,-21.024574713659227,45.79855851556805,-154.83010095022,33.249669810400256,33.24966981040051,0.3938558159042813,20.0,0.0
200.85000000000002,-21.8391202674202,45.415785030529925,-153.80682368643025,33.24966981040028,33.249669810400526,0.3938558159042813,20.0,0.0
200.9,-22.646700117741652,45.01852593956437,-152.7835464226405,33.2496698104003,33.24966981040055,0.3938558159042813,20.0,0.0
200.95000000000002,-23.447056682739692,44.60690795056907,-151.76026915885078,33.24966981040031,33.24966981040057,0.3938558159042813,20.0,0.0
201.0,-24.239934684435656,44.18106235128852,-150.73699189506107,33.249669810400334,33.24966981040058,0.3938558159042884,20.0,0.0
201.05,-25.02508123017838,43.7411249674391,-149.71371463127133,33.249669810400356,33.249669810400604,0.3938558159042884,20.0,0.0
201.10000000000002,-25.802245893305653,43.28723611938677,-148.6904373674816,33.24966981040037,33.249669810400604,0.3938558159042955,20.0,0.0
201.15,-26.571180793019128,42.819540577391095,-147.66716010369188,33.24966981040039,33.24966981040062,0.3938558159042955,20.0,0.0
201.20000000000002,-27.33164067344723,42.33818751543004,-146.64388283990215,33.24966981040041,33.24966981040065,0.3938558159042955,20.0,0.0
201.25,-28.083382981870805,41.843330463620134,-145.6206055761124,33.24966981040043,33.24966981040066,0.3938558159042955,20.0,0.0
201.3,-28.826167946086613,41.335127259247194,-144.5973283123227,33.24966981040045,33.24966981040068,0.39385581590430263,20.0,0.0
201.35000000000002,-29.559758650883936,40.81373999642332,-143.57405104853294,33.24966981040047,33.24966981040068,0.39385581590430974,20.0,0.0
201.4,-30.283921113609942,40.279334974386096,-142.55077378474317,33.24966981040048,33.24966981040068,0.39385581590431684,20.0,0.0
201.45000000000002,-30.998424358799703,39.73208264445657,-141.52749652095343,33.24966981040049,33.24966981040068,0.39385581590431684,20.0,0.0
201.5,-31.703040491847045,39.17215755567289,-140.50421925716367,33.249669810400505,33.24966981040068,0.39385581590432395,20.0,0.0
201.55,-32.39754477169274,38.599738299116986,-139.48094199337393,33.24966981040052,33.24966981040069,0.39385581590433105,20.0,0.0
201.60000000000002,-33.08171568250687,38.01500745095198,-138.45766472958417,33.24966981040053,33.24966981040069,0.39385581590433816,20.0,0.0
201.65,-33.75533500434245,37.41815151418853,-137.4343874657944,33.24966981040054,33.24966981040069,0.39385581590434526,20.0,0.0
201.70000000000002,-34.418187882737875,36.80936085919874,-136.41111020200466,33.249669810400555,33.24966981040069,0.39385581590434526,20.0,0.0
201.75,-35.07006289724588,36.1888296629965,-135.3878329382149,33.24966981040057,33.2496698104007,0.3938558159043595,20.0,0.0
201.8,-35.710752128867206,35.55675584730368,-134.36455567442516,33.249669810400576,33.2496698104007,0.3938558159043595,20.0,0.0
201.85000000000002,-36.34005122636747,34.91334101542198,-133.3412784106354,33.24966981040058,33.249669810400704,0.3938558159043666,20.0,0.0
201.9,-36.95775947145609,34.25879038793046,-132.31800114684566,33.24966981040059,33.2496698104007,0.3938558159043737,20.0,0.0
201.95000000000002,-37.563679842806444,33.59331273722936,-131.2947238830559,33.2496698104006,33.24966981040069,0.3938558159043808,20.0,0.0
202.0,-38.15761907889686,32.91712032095102,-130.27144661926613,33.249669810400604,33.24966981040071,0.3938558159043808,20.0,0.0
202.05,-38.73938773965241,32.23042881425919,-129.2481693554764,33.249669810400604,33.249669810400704,0.3938558159043879,20.0,0.0
202.10000000000002,-39.30880026686784,31.533457241058294,-128.22489209168663,33.24966981040061,33.249669810400704,0.393855815904395,20.0,0.0
202.15,-39.865675043392336,30.826427904134576,-127.20161482789688,33.24966981040062,33.249669810400704,0.393855815904395,20.0,0.0
202.20000000000002,-40.40983445105728,30.109566314251463,-126.17833756410712,33.249669810400626,33.249669810400704,0.3938558159044021,20.0,0.0
202.25,-40.94110492732849,29.383101118221703,-125.15506030031737,33.24966981040063,33.249669810400704,0.3938558159044092,20.0,0.0
202.3,-41.459317020664955,28.64726402597924,-124.13178303652762,33.24966981040064,33.24966981040071,0.3938558159044163,20.0,0.0
202.35000000000002,-41.964305444566264,27.902289736674117,-123.10850577273787,33.24966981040065,33.249669810400704,0.3938558159044163,20.0,0.0
202.4,-42.45590913029164,27.148415863813923,-122.0852285089481,33.249669810400654,33.249669810400704,0.3938558159044234,20.0,0.0
202.45000000000002,-42.93397127823364,26.3858828594757,-121.06195124515835,33.24966981040066,33.249669810400704,0.39385581590443053,20.0,0.0
202.5,-43.39833940793027,25.614933937612484,-120.0386739813686,33.24966981040066,33.24966981040071,0.39385581590443763,20.0,0.0
202.55,-43.848865406699396,24.83581499647892,-119.01539671757885,33.24966981040066,33.24966981040071,0.39385581590444474,20.0,0.0
202.60000000000002,-44.28540557688008,24.048774540200704,-117.9921194537891,33.24966981040067,33.24966981040071,0.39385581590445184,20.0,0.0
202.65,-44.70782068166573,23.254063599512875,-116.96884218999934,33.24966981040067,33.24966981040071,0.39385581590445895,20.0,0.0
202.70000000000002,-45.115975989514396,22.45193565169223,-115.94556492620958,33.24966981040067,33.249669810400704,0.39385581590446606,20.0,0.0
202.75,-45.509741317122135,21.642646539709393,-114.92228766241983,33.24966981040067,33.24966981040071,0.39385581590446606,20.0,0.0
202.8,-45.88899107094565,20.826454390626346,-113.89901039863008,33.24966981040067,33.24966981040071,0.39385581590447316,20.0,0.0
202.85000000000002,-46.25360428726102,20.00361953326543,-112.87573313484033,33.24966981040067,33.249669810400704,0.39385581590447316,20.0,0.0
202.9,-46.60346467074573,19.17440441517608,-111.85245587105058,33.24966981040067,33.249669810400704,0.39385581590447316,20.0,0.0
202.95000000000002,-46.93846063157168,18.3390735189258,-110.82917860726081,33.24966981040067,33.2496698104007,0.39385581590448027,20.0,0.0
203.0,-47.258485320997345,17.497893277742016,-109.80590134347106,33.24966981040067,33.24966981040069,0.39385581590448737,20.0,0.0
203.05,-47.56343666544775,16.651131990531805,-108.78262407968131,33.24966981040067,33.249669810400704,0.3938558159044945,20.0,0.0
203.10000000000002,-47.8532173990714,15.79905973630653,-107.75934681589156,33.24966981040067,33.2496698104007,0.3938558159045016,20.0,0.0
203.15,-48.1277350947637,14.941948288038695,-106.73606955210181,33.24966981040067,33.2496698104007,0.3938558159045016,20.0,0.0
203.20000000000002,-48.386902193647124,14.080071025978516,-105.71279228831204,33.24966981040067,33.24966981040068,0.3938558159045087,20.0,0.0
203.25,-48.63063603299853,13.213702850457842,-104.6895150245223,33.24966981040067,33.24966981040068,0.3938558159045087,20.0,0.0
203.3,-48.85885887261492,12.34312009420923,-103.66623776073254,33.24966981040067,33.24966981040068,0.3938558159045158,20.0,0.0
203.35000000000002,-49.07149791960905,11.468600434228149,-102.64296049694279,33.24966981040067,33.24966981040069,0.3938558159045158,20.0,0.0
203.4,-49.26848535162715,10.590422803206433,-101.61968323315304,33.24966981040067,33.249669810400675,0.3938558159045158,20.0,0.0
203.45000000000002,-49.44975833848119,9.708867300565213,-100.59640596936329,33.24966981040067,33.24966981040068,0.3938558159045229,20.0,0.0
203.5,-49.61525906218891,8.82421510311572,-99.57312870557352,33.24966981040067,33.249669810400675,0.39385581590453,20.0,0.0
203.55,-49.7649347354152,7.936748375376443,-98.54985144178377,33.24966981040067,33.24966981040067,0.3938558159045371,20.0,0.0
203.60000000000002,-49.89873761830886,7.046750179575268,-97.52657417799402,33.24966981040067,33.249669810400675,0.3938558159045371,20.0,0.0
203.65,-50.01662503372949,6.154504385365263,-96.50329691420427,33.24966981040067,33.24966981040067,0.3938558159045371,20.0,0.0
203.70000000000002,-50.11855938085962,5.260295579282951,-95.48001965041452,33.24966981040067,33.24966981040067,0.3938558159045371,20.0,0.0
203.75,-50.20450814719767,4.364408973977922,-94.45674238662477,33.24966981040067,33.24966981040067,0.3938558159045442,20.0,0.0
203.8,-50.274443918927965,3.467130317242743,-93.433465122835,33.24966981040067,33.24966981040067,0.3938558159045513,20.0,0.0
203.85000000000002,-50.328344389664544,2.5687458008721773,-92.41018785904525,33.24966981040067,33.24966981040066,0.3938558159045513,20.0,0.0
203.9,-50.3661923675659,1.6695419693807971,-91.3869105952555,33.24966981040067,33.24966981040066,0.3938558159045584,20.0,0.0
203.95000000000002,-50.387975780818394,0.7698056286080844,-90.36363333146575,33.24966981040067,33.249669810400654,0.3938558159045584,20.0,0.0
204.0,-50.39368768148664,-0.13017624575981424,-89.340356067676,33.24966981040067,33.24966981040066,0.39385581590456553,20.0,0.0
204.05,-50.38332624772956,-1.0301165997225077,-88.31707880388623,33.24966981040067,33.24966981040065,0.39385581590456553,20.0,0.0
204.10000000000002,-50.35689478438152,-1.9297283925227582,-87.29380154009648,33.24966981040067,33.24966981040065,0.39385581590457264,20.0,0.0
204.15,-50.314401721898165,-2.8287246881996566,-86.27052427630673,33.24966981040067,33.249669810400654,0.39385581590457264,20.0,0.0
204.20000000000002,-50.25586061366755,-3.7268187471083722,-85.24724701251698,33.24966981040067,33.24966981040065,0.39385581590457974,20.0,0.0
204.25,-50.18129013168716,-4.623724117377284,-84.22396974872723,33.24966981040067,33.24966981040065,0.39385581590457974,20.0,0.0
204.3,-50.09071406060843,-5.519154726273328,-83.20069248493748,33.24966981040067,33.249669810400626,0.39385581590457974,20.0,0.0
204.35000000000002,-49.98416129015044,-6.412824971446416,-82.17741522114771,33.24966981040067,33.24966981040064,0.39385581590458685,20.0,0.0
204.4,-49.861665805885444,-7.304449812023822,-81.15413795735796,33.24966981040067,33.24966981040063,0.39385581590458685,20.0,0.0
204.45000000000002,-49.723266678398964,-8.193744859525482,-80.13086069356821,33.24966981040067,33.24966981040062,0.39385581590459395,20.0,0.0
204.5,-49.56900805082802,-9.080426468571213,-79.10758342977846,33.24966981040066,33.249669810400626,0.39385581590459395,20.0,0.0
204.55,-49.398939124781435,-9.964211827350912,-78.0843061659887,33.24966981040066,33.24966981040061,0.39385581590460106,20.0,0.0
204.60000000000002,-49.213114144646745,-10.844819047828885,-77.06102890219896,33.24966981040066,33.249669810400604,0.39385581590460106,20.0,0.0
204.65,-49.01159238028865,-11.721967255653537,-76.03775163840919,33.249669810400654,33.24966981040061,0.39385581590460106,20.0,0.0
204.70000000000002,-48.794438108144554,-12.595376679743735,-75.01447437461944,33.249669810400654,33.24966981040061,0.39385581590460106,20.0,0.0
204.75,-48.561720590723304,-13.464768741523281,-73.99119711082969,33.249669810400654,33.249669810400604,0.39385581590460106,20.0,0.0
204.8,-48.31351405451349,-14.329866143775032,-72.96791984703994,33.24966981040065,33.2496698104006,0.39385581590460816,20.0,0.0
204.85000000000002,-48.049897666308546,-15.190392959086315,-71.94464258325019,33.24966981040064,33.24966981040059,0.39385581590460816,20.0,0.0
204.9,-47.770955507956074,-16.04607471785745,-70.92136531946042,33.24966981040063,33.249669810400604,0.39385581590460816,20.0,0.0
204.95000000000002,-47.47677654953949,-16.89663849584528,-69.89808805567067,33.24966981040063,33.2496698104006,0.39385581590461527,20.0,0.0
205.0,-47.16745462100052,-17.74181300121381,-68.87481079188092,33.24966981040063,33.24966981040059,0.39385581590460816,20.0,0.0
205.05,-46.84308838221171,-18.58132866106418,-67.85153352809117,33.24966981040063,33.24966981040059,0.39385581590460816,20.0,0.0
205.10000000000002,-46.503781291508254,-19.41491770741637,-66.82825626430142,33.24966981040063,33.24966981040058,0.39385581590460816,20.0,0.0
205.15,-46.149641572689454,-20.24231426261523,-65.80497900051166,33.249669810400626,33.249669810400576,0.39385581590460816,20.0,0.0
205.20000000000002,-45.78078218050016,-21.06325442413356,-64.7817017367219,33.24966981040062,33.249669810400576,0.39385581590461527,20.0,0.0
205.25,-45.397320764603236,-21.877476348745226,-63.75842447293215,33.24966981040062,33.24966981040057,0.39385581590460816,20.0,0.0
205.3,-44.9993796320546,-22.68472033604145,-62.7351472091424,33.24966981040061,33.24966981040057,0.39385581590460816,20.0,0.0
205.35000000000002,-44.58708570829272,-23.484728911263637,-61.711869945352646,33.249669810400604,33.249669810400555,0.39385581590460816,20.0,0.0
205.4,-44.160570496655076,-24.27724690742631,-60.68859268156289,33.249669810400604,33.24966981040054,0.39385581590461527,20.0,0.0
205.45000000000002,-43.719970036434475,-25.06202154670398,-59.66531541777314,33.2496698104006,33.24966981040055,0.39385581590460816,20.0,0.0
205.5,-43.2654248594886,-25.83880252105598,-58.64203815398341,33.2496698104006,33.24966981040057,0.39385581590460816,20.0,0.0
205.55,-42.797079945416606,-26.607342072063542,-57.618760890193656,33.2496698104006,33.249669810400555,0.39385581590460816,20.0,0.0
205.60000000000002,-42.31508467531714,-27.367395069953652,-56.595483626403905,33.2496698104006,33.24966981040055,0.39385581590460816,20.0,0.0
205.65,-41.819592784142415,-28.11871909178451,-55.572206362614146,33.2496698104006,33.249669810400555,0.39385581590460816,20.0,0.0
205.70000000000002,-41.310762311663645,-28.8610744987676,-54.548929098824395,33.2496698104006,33.24966981040055,0.39385581590460816,20.0,0.0
205.75,-40.78875555206342,-29.59422451270177,-53.52565183503464,33.2496698104006,33.24966981040054,0.39385581590460816,20.0,0.0
205.8,-40.253739002171116,-30.317935291494884,-52.502374571244886,33.24966981040059,33.24966981040054,0.39385581590460816,20.0,0.0
205.85000000000002,-39.70588330835783,-31.031976003749,-51.479097307455135,33.24966981040058,33.24966981040054,0.39385581590460816,20.0,0.0
205.9,-39.145363212107846,-31.736118902385286,-50.455820043665376,33.24966981040058,33.24966981040053,0.39385581590460816,20.0,0.0
205.95000000000002,-38.57235749428387,-32.43013939728514,-49.432542779875625,33.249669810400576,33.24966981040053,0.39385581590460816,20.0,0.0
206.0,-37.987048918103966,-33.11381612692441,-48.409265516085874,33.24966981040057,33.24966981040053,0.39385581590460816,20.0,0.0
206.05,-37.389624170848215,-33.78693102897785,-47.385988252296116,33.24966981040057,33.249669810400526,0.39385581590461527,20.0,0.0
206.10000000000002,-36.78027380431384,-34.4492694098712,-46.362710988506365,33.24966981040057,33.24966981040052,0.39385581590460816,20.0,0.0
206.15,-36.15919217403771,-35.10062001325892,-45.33943372471661,33.24966981040056,33.24966981040052,0.39385581590460816,20.0,0.0
206.20000000000002,-35.52657737730558,-35.74077508740545,-44.316156460926855,33.249669810400555,33.24966981040051,0.39385581590460816,20.0,0.0
206.25,-34.8826311899679,-36.369530451448796,-43.292879197137104,33.249669810400555,33.249669810400505,0.39385581590460816,20.0,0.0
206.3,-34.2275590020824,-36.98668556052503,-42.26960193334735,33.24966981040055,33.2496698104005,0.39385581590460816,20.0,0.0
206.35000000000002,-33.56156975240376,-37.59204356973321,-41.246324669557595,33.24966981040054,33.2496698104005,0.39385581590460816,20.0,0.0
206.4,-32.88487586174154,-38.185411396920045,-40.22304740576784,33.24966981040054,33.2496698104005,0.39385581590460816,20.0,0.0
206.45000000000002,-32.19769316520741,-38.76659978426453,-39.19977014197809,33.24966981040054,33.24966981040049,0.39385581590460816,20.0,0.0
206.5,-31.500240843373398,-39.335423358642686,-38.176492878188334,33.24966981040054,33.24966981040048,0.39385581590460106,20.0,0.0
206.55,-30.792741352363084,-39.89170069075334,-37.15321561439858,33.24966981040053,33.24966981040048,0.39385581590460106,20.0,0.0
206.60000000000002,-30.07542035289804,-40.435254352985936,-36.129938350608825,33.24966981040053,33.249669810400476,0.39385581590460106,20.0,0.0
206.65,-29.348506638322135,-40.96591097601203,-35.106661086819074,33.249669810400526,33.24966981040047,0.39385581590459395,20.0,0.0
206.70000000000002,-28.612232061626695,-41.48350130408236,-34.08338382302932,33.24966981040052,33.24966981040045,0.39385581590459395,20.0,0.0
206.75,-27.866831461499746,-41.987860249011845,-33.060106559239564,33.24966981040051,33.24966981040045,0.39385581590459395,20.0,0.0
206.8,-27.11254258742298,-42.47882694283537,-32.03682929544981,33.249669810400505,33.24966981040046,0.39385581590458685,20.0,0.0
206.85000000000002,-26.34960602384028,-42.956244789117456,-31.01355203166006,33.249669810400505,33.249669810400455,0.39385581590458685,20.0,0.0
206.9,-25.578265113422056,-43.41996151289953,-29.990274767870307,33.2496698104005,33.249669810400434,0.39385581590458685,20.0,0.0
206.95000000000002,-24.79876587944978,-43.86982920926884,-28.966997504080553,33.24966981040049,33.24966981040043,0.39385581590458685,20.0,0.0
207.0,-24.011356947345565,-44.305704390533506,-27.943720240290798,33.24966981040048,33.24966981040044,0.39385581590457974,20.0,0.0
207.05,-23.21628946537178,-44.72744803198867,-26.920442976501047,33.24966981040048,33.24966981040042,0.39385581590457974,20.0,0.0
207.10000000000002,-22.41381702452595,-45.134925616259196,-25.897165712711292,33.249669810400476,33.24966981040042,0.39385581590457974,20.0,0.0
207.15,-21.60419557765659,-45.52800717620466,-24.873888448921537,33.24966981040047,33.24966981040042,0.39385581590457974,20.0,0.0
207.20000000000002,-20.787683357825653,-45.9065673363731,-23.850611185131783,33.24966981040046,33.24966981040042,0.39385581590457264,20.0,0.0
207.25,-19.964540795943748,-46.27048535299016,-22.82733392134203,33.24966981040046,33.249669810400405,0.39385581590457264,20.0,0.0
207.3,-19.135030437704305,-46.61964515247095,-21.804056657552277,33.249669810400455,33.24966981040041,0.39385581590456553,20.0,0.0
207.35000000000002,-18.299416859843234,-46.95393536844237,-20.780779393762522,33.249669810400455,33.2496698104004,0.39385581590456553,20.0,0.0
207.4,-17.457966585750768,-47.273249377263966,-19.75750212997277,33.24966981040045,33.24966981040039,0.39385581590456553,20.0,0.0
207.45000000000002,-16.610948000462418,-47.57748533203611,-18.734224866183016,33.24966981040044,33.249669810400384,0.3938558159045584,20.0,0.0
207.5,-15.75863126505613,-47.86654619508465,-17.71094760239326,33.249669810400434,33.249669810400384,0.3938558159045584,20.0,0.0
207.55,-14.90128823048298,-48.140339768911545,-16.687670338603507,33.24966981040043,33.24966981040037,0.3938558159045513,20.0,0.0
207.60000000000002,-14.039192350858869,-48.39877872560177,-15.664393074813754,33.24966981040042,33.249669810400384,0.3938558159045513,20.0,0.0
207.65,-13.17261859624488,-48.64178063467702,-14.641115811024001,33.24966981040042,33.24966981040037,0.3938558159045513,20.0,0.0
207.70000000000002,-12.30184336494411,-48.869267989387325,-13.617838547234248,33.24966981040042,33.24966981040036,0.3938558159045442,20.0,0.0
207.75,-11.427144395342975,-49.08116823143228,-12.594561283444493,33.24966981040041,33.24966981040036,0.3938558159045371,20.0,0.0
207.8,-10.54880067732506,-49.27741377410387,-11.571284019654765,33.249669810400405,33.249669810400384,0.3938558159045371,20.0,0.0
207.85000000000002,-9.667092363285828,-49.457942023843614,-10.548006755865037,33.249669810400405,33.249669810400384,0.3938558159045371,20.0,0.0
207.9,-8.782300678776517,-49.622695400207114,-9.52472949207531,33.249669810400405,33.24966981040039,0.39385581590453,20.0,0.0
207.95000000000002,-7.894707832805756,-49.77162135422966,-8.501452228285581,33.249669810400405,33.24966981040041,0.3938558159045229,20.0,0.0
208.0,-7.004596927827508,-49.90467238518698,-7.478174964495853,33.249669810400405,33.24966981040042,0.3938558159045229,20.0,0.0
208.05,-6.112251869444034,-50.02180605574585,-6.454897700706124,33.249669810400405,33.249669810400434,0.3938558159045229,20.0,0.0
208.10000000000002,-5.217957275852692,-50.12298500549972,-5.431620436916396,33.249669810400405,33.24966981040044,0.3938558159045229,20.0,0.0
208.15,-4.321998387065454,-50.20817696288501,-4.408343173126668,33.249669810400405,33.24966981040047,0.3938558159045158,20.0,0.0
208.20000000000002,-3.424660973930086,-50.2773547554743,-3.38506590933694,33.24966981040041,33.24966981040048,0.3938558159045229,20.0,0.0
208.25,-2.5262312469820194,-50.330496318643085,-2.3617886455472115,33.24966981040042,33.24966981040048,0.3938558159045158,20.0,0.0
208.3,-1.6269957651559794,-50.367584702607466,-1.3385113817574834,33.24966981040042,33.24966981040049,0.3938558159045158,20.0,0.0
208.35000000000002,-0.7272413443864904,-50.388608077830334,-0.31523411796775513,33.24966981040043,33.249669810400505,0.3938558159045158,20.0,0.0
208.4,0.17274503387358997,-50.39355973879446,0.7080431458219731,33.249669810400434,33.24966981040052,0.3938558159045229,20.0,0.0
208.45000000000002,1.07267631418733,-50.382438106141265,1.7313204096117014,33.24966981040044,33.24966981040054,0.3938558159045229,20.0,0.0
208.5,1.9722654586915809,-50.35524672717458,2.754597673401455,33.24966981040045,33.24966981040054,0.3938558159045229,20.0,0.0
208.55,2.871225538649228,-50.31199427472919,3.777874937191209,33.249669810400455,33.24966981040054,0.3938558159045229,20.0,0.0
208.60000000000002,3.769269825966636,-50.2526945444046,4.801152200980963,33.24966981040046,33.24966981040052,0.3938558159045229,20.0,0.0
208.65,4.666111884647098,-50.177366450164854,5.8244294647707155,33.24966981040047,33.24966981040054,0.3938558159045229,20.0,0.0
208.70000000000002,5.561465662151116,-50.086034018305824,6.847706728560469,33.249669810400476,33.24966981040053,0.3938558159045229,20.0,0.0
208.75,6.455045580634385,-49.9787263797919,7.870983992350223,33.24966981040048,33.249669810400526,0.3938558159045229,20.0,0.0
208.8,7.346566628034355,-49.855477760964504,8.894261256139977,33.24966981040048,33.249669810400526,0.3938558159045229,20.0,0.0
208.85000000000002,8.235744448976348,-49.71632747262542,9.91753851992973,33.24966981040048,33.24966981040051,0.3938558159045229,20.0,0.0
208.9,9.122295435470214,-49.56131989749843,10.940815783719485,33.24966981040048,33.24966981040052,0.3938558159045229,20.0,0.0
208.95000000000002,10.005936817368609,-49.39050447607315,11.964093047509238,33.24966981040048,33.24966981040051,0.3938558159045229,20.0,0.0
209.0,10.886386752558028,-49.203935690835785,12.987370311298992,33.24966981040048,33.2496698104005,0.39385581590453,20.0,0.0
209.05,11.763364416853856,-49.00167304889162,14.010647575088745,33.24966981040048,33.24966981040051,0.39385581590453,20.0,0.0
209.10000000000002,12.636590093570723,-48.78378106298491,15.0339248388785,33.24966981040048,33.24966981040049,0.39385581590453,20.0,0.0
209.15,13.505785262739632,-48.55032923092221,16.057202102668253,33.24966981040048,33.2496698104005,0.39385581590453,20.0,0.0
209.20000000000002,14.370672689943385,-48.301392013405675,17.080479366458007,33.24966981040048,33.2496698104005,0.3938558159045229,20.0,0.0
209.25,15.230976514741968,-48.03704881028343,18.10375663024776,33.24966981040048,33.24966981040048,0.3938558159045229,20.0,0.0
209.3,16.08642233865971,-47.75738393522455,19.127033894037513,33.24966981040048,33.24966981040049,0.3938558159045229,20.0,0.0
209.35000000000002,16.936737312706125,-47.462486588826785,20.150311157827268,33.24966981040048,33.24966981040048,0.3938558159045229,20.0,0.0
209.4,17.781650224402558,-47.152450830165535,21.173588421617023,33.24966981040048,33.249669810400476,0.3938558159045229,20.0,0.0
209.45000000000002,18.62089158428684,-46.82737554679324,22.196865685406774,33.24966981040048,33.24966981040048,0.3938558159045229,20.0,0.0
209.5,19.45419371186839,-46.48736442319864,23.22014294919653,33.24966981040048,33.249669810400476,0.3938558159045229,20.0,0.0
209.55,20.281290821006316,-46.13252590773607,24.243420212986283,33.24966981040048,33.249669810400476,0.3938558159045229,20.0,0.0
209.60000000000002,21.101919104683333,-45.76297317803527,25.266697476776034,33.24966981040048,33.24966981040046,0.39385581590453,20.0,0.0
209.65,21.9158168191484,-45.37882410490279,26.28997474056579,33.24966981040048,33.24966981040047,0.3938558159045229,20.0,0.0
209.70000000000002,22.72272436740129,-44.980201214726485,27.313252004355544,33.24966981040048,33.24966981040047,0.3938558159045229,20.0,0.0
209.75,23.522384381992424,-44.56723165039504,28.336529268145295,33.24966981040048,33.24966981040046,0.3938558159045229,20.0,0.0
209.8,24.314541807111592,-44.140047130745074,29.35980653193505,33.24966981040048,33.24966981040045,0.3938558159045229,20.0,0.0
209.85000000000002,25.09894397993936,-43.698783908548755,30.383083795724804,33.24966981040048,33.24966981040046,0.3938558159045229,20.0,0.0
209.9,25.875340711235207,-43.243582727055205,31.40636105951456,33.24966981040048,33.249669810400455,0.3938558159045158,20.0,0.0
209.95000000000002,26.643484365136732,-42.77458877509973,32.42963832330431,33.24966981040048,33.249669810400434,0.3938558159045158,20.0,0.0
210.0,27.40312993814441,-42.29195164079505,33.45291558709407,33.24966981040048,33.24966981040045,0.3938558159045158,20.0,0.0
210.05,28.154035137266767,-41.79582526381937,34.47619285088382,33.24966981040048,33.24966981040044,0.3938558159045087,20.0,0.0
210.10000000000002,28.89596045730102,-41.286367886316526,35.49947011467357,33.24966981040048,33.249669810400434,0.3938558159045087,20.0,0.0
210.15,29.62866925722453,-40.763742002423804,36.52274737846333,33.24966981040048,33.24966981040042,0.3938558159045087,20.0,0.0
210.20000000000002,30.35192783567271,-40.22811430644355,37.54602464225308,33.249669810400476,33.24966981040043,0.3938558159045016,20.0,0.0
210.25,31.065505505479333,-39.67965563967517,38.56930190604283,33.24966981040047,33.24966981040042,0.3938558159045016,20.0,0.0
210.3,31.769174667255403,-39.11854093592436,39.59257916983259,33.24966981040047,33.24966981040042,0.3938558159045016,20.0,0.0
210.35000000000002,32.46271088198321,-38.54494916570705,40.61585643362234,33.24966981040047,33.24966981040042,0.3938558159045016,20.0,0.0
210.4,33.145892942602345,-37.95906327916583,41.63913369741209,33.24966981040046,33.249669810400405,0.3938558159045016,20.0,0.0
210.45000000000002,33.818502944564855,-37.361070147716994,42.66241096120185,33.249669810400455,33.24966981040041,0.3938558159045016,20.0,0.0
210.5,34.48032635533707,-36.75116050444692,43.6856882249916,33.249669810400455,33.249669810400405,0.3938558159044945,20.0,0.0
210.55,35.13115208282589,-36.129528883276755,44.70896548878135,33.24966981040045,33.24966981040039,0.3938558159044945,20.0,0.0
210.60000000000002,35.770772542707725,-35.49637355691477,45.73224275257111,33.24966981040044,33.249669810400384,0.3938558159044945,20.0,0.0
210.65,36.39898372463862,-34.85189647361623,46.75552001636086,33.249669810400434,33.249669810400384,0.39385581590448737,20.0,0.0
210.70000000000002,37.01558525732444,-34.196303192770934,47.77879728015061,33.24966981040043,33.24966981040038,0.39385581590448027,20.0,0.0
210.75,37.62038047243036,-33.52980281933895,48.80207454394037,33.24966981040042,33.24966981040039,0.39385581590448027,20.0,0.0
210.8,38.21317646730928,-32.852607937155454,49.82535180773012,33.24966981040042,33.2496698104004,0.39385581590447316,20.0,0.0
210.85000000000002,38.79378416652913,-32.16493454112604,50.84862907151988,33.24966981040042,33.24966981040038,0.39385581590447316,20.0,0.0
210.9,39.3620183821795,-31.467001968333932,51.87190633530963,33.24966981040042,33.24966981040038,0.39385581590446606,20.0,0.0
210.95000000000002,39.91769787293831,-30.759032828081317,52.89518359909938,33.24966981040042,33.24966981040037,0.39385581590445895,20.0,0.0
211.0,40.46064540187969,-30.04125293088688,53.91846086288914,33.24966981040042,33.24966981040036,0.39385581590445895,20.0,0.0
211.05,40.99068779300462,-29.313891216462366,54.94173812667889,33.24966981040041,33.24966981040036,0.39385581590445184,20.0,0.0
211.10000000000002,41.50765598647636,-28.577179680691028,55.96501539046864,33.249669810400405,33.24966981040036,0.39385581590445184,20.0,0.0
211.15,42.01138509254298,-27.831353301631314,56.9882926542584,33.249669810400405,33.24966981040035,0.39385581590445184,20.0,0.0
211.20000000000002,42.50171444412981,-27.076649964569363,58.01156991804815,33.2496698104004,33.24966981040034,0.39385581590445184,20.0,0.0
211.25,42.97848764808506,-26.313310386144238,59.034847181837904,33.24966981040039,33.24966981040035,0.39385581590444474,20.0,0.0
211.3,43.44155263506225,-25.541578037570066,60.05812444562766,33.24966981040039,33.24966981040034,0.39385581590443763,20.0,0.0
211.35000000000002,43.890761708023554,-24.7616990669796,61.08140170941741,33.249669810400384,33.24966981040034,0.39385581590443053,20.0,0.0
211.4,44.32597158934852,-23.97392222091397,62.104678973207164,33.24966981040038,33.249669810400334,0.39385581590443053,20.0,0.0
211.45000000000002,44.74704346653325,-23.17849876498365,63.12795623699692,33.24966981040038,33.249669810400334,0.39385581590443053,20.0,0.0
211.5,45.153843036465375,-22.37568240372596,64.15123350078667,33.24966981040038,33.24966981040034,0.3938558159044234,20.0,0.0
211.55,45.54624054826076,-21.565729199684647,65.17451076457643,33.24966981040038,33.24966981040032,0.3938558159044234,20.0,0.0
211.60000000000002,45.92411084464823,-20.748897491737385,66.19778802836618,33.24966981040037,33.24966981040033,0.3938558159044163,20.0,0.0
211.65,46.28733340188915,-19.925447812697207,67.22106529215594,33.24966981040036,33.24966981040032,0.3938558159044092,20.0,0.0
211.70000000000002,46.63579236821909,-19.095642806214197,68.24434255594569,33.24966981040036,33.249669810400334,0.3938558159044021,20.0,0.0
211.75,46.96937660079941,-18.25974714300389,69.26761981973544,33.24966981040036,33.24966981040032,0.393855815904395,20.0,0.0
211.8,47.2879797011668,-17.418027436429135,70.2908970835252,33.24966981040036,33.24966981040031,0.393855815904395,20.0,0.0
211.85000000000002,47.591500049169674,-16.57075215746237,71.31417434731495,33.24966981040036,33.24966981040031,0.393855815904395,20.0,0.0
211.9,47.879840835380456,-15.718191549055348,72.3374516111047,33.249669810400356,33.24966981040032,0.3938558159043879,20.0,0.0
211.95000000000002,48.15291009197343,-14.860617539943739,73.36072887489446,33.249669810400356,33.249669810400306,0.3938558159043879,20.0,0.0
212.0,48.41062072205841,-13.998303657913999,74.38400613868421,33.249669810400356,33.2496698104003,0.3938558159043808,20.0,0.0
212.05,48.65289052746073,-13.131524942560233,75.40728340247396,33.24966981040035,33.249669810400306,0.3938558159043737,20.0,0.0
212.10000000000002,48.87964223493878,-12.26055785755886,76.43056066626372,33.24966981040035,33.2496698104003,0.3938558159043737,20.0,0.0
212.15,49.09080352083074,-11.385680202489047,77.45383793005347,33.24966981040034,33.24966981040029,0.3938558159043737,20.0,0.0
212.20000000000002,49.286307034122586,-10.507171024227064,78.47711519384323,33.249669810400334,33.2496698104003,0.3938558159043666,20.0,0.0
212.25,49.466090417930054,-9.625310527942796,79.50039245763298,33.249669810400334,33.2496698104003,0.3938558159043595,20.0,0.0
212.3,49.6300963293877,-8.740379987726815,80.52366972142273,33.249669810400334,33.2496698104003,0.3938558159043595,20.0,0.0
212.35000000000002,49.7782724579387,-7.852661656876518,81.54694698521249,33.249669810400334,33.24966981040029,0.39385581590435237,20.0,0.0
212.4,49.9105715420196,-6.962438677869936,82.57022424900224,33.24966981040033,33.2496698104003,0.39385581590434526,20.0,0.0
212.45000000000002,50.02695138413465,-6.069994992055936,83.59350151279199,33.24966981040033,33.249669810400285,0.39385581590433816,20.0,0.0
212.5,50.12737486431487,-5.175615249089621,84.61677877658175,33.24966981040033,33.24966981040029,0.39385581590433816,20.0,0.0
212.55,50.211809951957726,-4.279584716141806,85.6400560403715,33.24966981040033,33.249669810400285,0.39385581590433816,20.0,0.0
212.60000000000002,50.2802297160434,-3.382189186911545,86.66333330416126,33.24966981040033,33.249669810400285,0.39385581590433816,20.0,0.0
212.65,50.33261233372463,-2.483714890470705,87.686610567951,33.24966981040033,33.24966981040028,0.39385581590433105,20.0,0.0
212.70000000000002,50.368941097287205,-1.5844483999696886,88.70988783174076,33.24966981040032,33.24966981040028,0.39385581590433105,20.0,0.0
212.75,50.389204419478965,-0.6846765412334015,89.73316509553052,33.24966981040031,33.24966981040027,0.39385581590432395,20.0,0.0
212.8,50.393395837205645,0.21531369872336625,90.75644235932027,33.24966981040031,33.24966981040026,0.39385581590431684,20.0,0.0
212.85000000000002,50.381514013592295,1.1152352632319746,91.77971962311003,33.249669810400306,33.249669810400285,0.39385581590430974,20.0,0.0
212.9,50.35356273840968,2.014801117528182,92.80299688689978,33.249669810400306,33.24966981040026,0.39385581590430974,20.0,0.0
212.95000000000002,50.30955092686552,2.9137243403034097,93.82627415068953,33.2496698104003,33.24966981040028,0.39385581590430263,20.0,0.0
213.0,50.249492616760946,3.811718215219816,94.84955141447928,33.2496698104003,33.24966981040027,0.3938558159042955,20.0,0.0
213.05,50.173406964013054,4.708496322359998,95.87282867826904,33.2496698104003,33.24966981040027,0.3938558159042955,20.0,0.0
213.10000000000002,50.08131823654502,5.603772629582141,96.8961059420588,33.2496698104003,33.249669810400256,0.3938558159042955,20.0,0.0
213.15,49.973255806545744,6.497261583751498,97.91938320584855,33.2496698104003,33.24966981040026,0.3938558159042955,20.0,0.0
213.20000000000002,49.84925414110139,7.3886782018190695,98.9426604696383,33.2496698104003,33.249669810400256,0.3938558159042884,20.0,0.0
213.25,49.70935279120197,8.277738161718469,99.96593773342805,33.2496698104003,33.249669810400256,0.3938558159042813,20.0,0.0
213.3,49.55359637912633,9.164157893051952,100.9892149972178,33.2496698104003,33.249669810400256,0.3938558159042742,20.0,0.0
213.35000000000002,49.382034584209634,10.047654667536703,102.01249226100757,33.2496698104003,33.24966981040026,0.3938558159042671,20.0,0.0
213.4,49.19472212699786,10.927946689182525,103.03576952479732,33.2496698104003,33.24966981040024,0.3938558159042671,20.0,0.0
213.45000000000002,48.991718751794416,11.80475318417216,104.05904678858707,33.2496698104003,33.24966981040025,0.39385581590426,20.0,0.0
213.5,48.77308920760438,12.677794490415602,105.08232405237682,33.24966981040029,33.249669810400256,0.3938558159042529,20.0,0.0
213.55,48.53890322748243,13.546792146749796,106.10560131616657,33.24966981040029,33.24966981040024,0.3938558159042458,20.0,0.0
213.60000000000002,48.28923550629115,14.411468981755311,107.12887857995634,33.24966981040029,33.249669810400235,0.3938558159042387,20.0,0.0
213.65,48.02416567687669,15.271549202161633,108.15215584374609,33.249669810400285,33.249669810400256,0.3938558159042316,20.0,0.0
213.70000000000002,47.743778284669446,16.1267584808129,109.17543310753584,33.249669810400285,33.24966981040024,0.3938558159042316,20.0,0.0
213.75,47.44816276071784,16.976824044165998,110.19871037132559,33.249669810400285,33.24966981040024,0.39385581590422447,20.0,0.0
213.8,47.13741339316383,17.821474759293135,111.22198763511534,33.249669810400285,33.24966981040025,0.39385581590421737,20.0,0.0
213.85000000000002,46.811629297169205,18.660441220361133,112.24526489890509,33.249669810400285,33.249669810400235,0.39385581590421737,20.0,0.0
213.9,46.470914383302244,19.493455834559846,113.26854216269486,33.24966981040028,33.249669810400235,0.39385581590421026,20.0,0.0
213.95000000000002,46.115377324394935,20.320252907452307,114.29181942648455,33.24966981040028,33.24966981040027,0.39385581590421026,20.0,0.0
214.0,45.745131520881166,21.14056872771938,115.3150966902743,33.24966981040028,33.24966981040027,0.39385581590421026,20.0,0.0
214.05,45.36029506462707,21.954141651271893,116.33837395406407,33.24966981040028,33.24966981040027,0.39385581590420315,20.0,0.0
214.10000000000002,44.960990701264976,22.760712184703404,117.36165121785382,33.24966981040028,33.24966981040027,0.39385581590420315,20.0,0.0
214.15,44.54734579104307,23.560023068057006,118.38492848164357,33.24966981040028,33.24966981040027,0.39385581590419605,20.0,0.0
214.20000000000002,44.119492268203146,24.351819356879748,119.40820574543332,33.24966981040028,33.249669810400285,0.39385581590418894,20.0,0.0
214.25,43.67756659889948,25.135848503538536,120.43148300922307,33.24966981040028,33.24966981040027,0.39385581590418894,20.0,0.0
214.3,43.22170973767223,25.911860437771534,121.45476027301282,33.24966981040028,33.249669810400285,0.39385581590418184,20.0,0.0
214.35000000000002,42.75206708248922,26.679607646449398,122.47803753680259,33.24966981040028,33.24966981040027,0.39385581590418184,20.0,0.0
214.4,42.26878842837051,27.43884525252092,123.50131480059234,33.24966981040028,33.249669810400285,0.39385581590417473,20.0,0.0
214.45000000000002,41.77202791961049,28.189331093117847,124.52459206438209,33.24966981040028,33.249669810400285,0.3938558159041676,20.0,0.0
214.5,41.261944000612665,28.930825796794025,125.54786932817184,33.24966981040028,33.24966981040027,0.3938558159041676,20.0,0.0
214.55,40.73869936535307,29.66309285987419,126.5711465919616,33.24966981040028,33.249669810400285,0.3938558159041605,20.0,0.0
214.60000000000002,40.20246090548809,30.385898721888076,127.59442385575134,33.24966981040028,33.24966981040027,0.3938558159041605,20.0,0.0
214.65,39.65339965712351,31.099012840065754,128.6177011195411,33.24966981040028,33.24966981040028,0.3938558159041605,20.0,0.0
214.70000000000002,39.09169074626163,31.80220776287049,129.64097838333086,33.24966981040028,33.249669810400285,0.3938558159041534,20.0,0.0
214.75,38.5175133329439,32.49525920254562,130.66425564712063,33.24966981040028,33.24966981040029,0.3938558159041534,20.0,0.0
214.8,37.93105055410688,33.1779461066523,131.68753291091036,33.24966981040028,33.24966981040029,0.3938558159041463,20.0,0.0
214.85000000000002,37.332489465169736,33.85005072857539,132.71081017470013,33.24966981040028,33.24966981040028,0.3938558159041534,20.0,0.0
214.9,36.7220209803719,34.51135869697486,133.73408743848987,33.24966981040028,33.24966981040029,0.3938558159041463,20.0,0.0
214.95000000000002,36.099839811879995,35.161659084160696,134.75736470227963,33.24966981040028,33.2496698104003,0.3938558159041463,20.0,0.0
215.0,35.46614440768333,35.800744473369384,135.78064196606937,33.24966981040028,33.2496698104003,0.3938558159041463,20.0,0.0
215.05,34.821136888297865,36.428411024920614,136.80391922985913,33.24966981040028,33.2496698104003,0.3938558159041463,20.0,0.0
215.10000000000002,34.1650229822988,37.044458541233,137.8271964936489,33.24966981040028,33.2496698104003,0.3938558159041392,20.0,0.0
215.15,33.498011960702364,37.64869053067818,138.85047375743864,33.24966981040028,33.2496698104003,0.3938558159041392,20.0,0.0
215.20000000000002,32.82031657021769,38.240914270252865,139.8737510212284,33.24966981040028,33.24966981040029,0.3938558159041392,20.0,0.0
215.25,32.13215296539014,38.82094086704886,140.89702828501814,33.24966981040028,33.2496698104003,0.3938558159041321,20.0,0.0
215.3,31.43374063965765,39.38858531850147,141.9203055488079,33.24966981040028,33.2496698104003,0.3938558159041321,20.0,0.0
215.35000000000002,30.725302355342144,39.94366657139703,142.94358281259767,33.24966981040028,33.249669810400306,0.393855815904125,20.0,0.0
215.4,30.007064072598308,40.48600757962081,143.9668600763874,33.24966981040028,33.2496698104003,0.393855815904125,20.0,0.0
215.45000000000002,29.27925487734239,41.0154353606268,144.99013734017717,33.24966981040028,33.2496698104003,0.3938558159041179,20.0,0.0
215.5,28.542106908184028,41.531781050611436,146.0134146039669,33.24966981040028,33.2496698104003,0.3938558159041179,20.0,0.0
215.55,27.795855282384423,42.03487995837356,147.03669186775667,33.24966981040028,33.2496698104003,0.3938558159041179,20.0,0.0
215.60000000000002,27.04073802086442,42.524571617843606,148.05996913154644,33.24966981040028,33.2496698104003,0.3938558159041108,20.0,0.0
215.65,26.276995972286485,43.00069983926508,149.08324639533618,33.24966981040028,33.2496698104003,0.3938558159041037,20.0,0.0
215.70000000000002,25.504872736234738,43.46311275901212,150.10652365912594,33.24966981040028,33.249669810400306,0.3938558159041037,20.0,0.0
215.75,24.72461458551757,43.91166288802718,151.12980092291568,33.24966981040028,33.2496698104003,0.3938558159041037,20.0,0.0
215.8,23.936470387617632,44.34620715886349,152.15307818670544,33.24966981040028,33.2496698104003,0.3938558159040966,20.0,0.0
215.85000000000002,23.140691525314214,44.76660697131716,153.17635545049518,33.24966981040028,33.2496698104003,0.3938558159040966,20.0,0.0
215.9,22.337531816503386,45.172728236634434,154.19963271428495,33.24966981040028,33.24966981040031,0.3938558159040966,20.0,0.0
215.95000000000002,21.52724743324142,45.56444142028004,155.2229099780747,33.24966981040028,33.24966981040031,0.39385581590408947,20.0,0.0
216.0,20.710096820037364,45.9416215832529,156.24618724186445,33.24966981040028,33.24966981040031,0.39385581590408947,20.0,0.0
216.05,19.88634061142078,46.3041484219361,157.2694645056542,33.24966981040028,33.249669810400306,0.39385581590408947,20.0,0.0
216.10000000000002,19.056241548810988,46.65190630646834,158.29274176944395,33.24966981040028,33.24966981040032,0.39385581590408947,20.0,0.0
216.15,18.220064396714278,46.98478431762474,159.31601903323372,33.24966981040028,33.24966981040032,0.39385581590408947,20.0,0.0
216.20000000000002,17.378075858275885,47.302676282195065,160.33929629702348,33.24966981040028,33.249669810400334,0.39385581590408947,20.0,0.0
216.25,16.530544490213593,47.60548080684828,161.36257356081322,33.249669810400285,33.24966981040033,0.39385581590408947,20.0,0.0
216.3,15.677740617160136,47.893101310472446,162.38585082460298,33.24966981040029,33.249669810400334,0.39385581590408947,20.0,0.0
216.35000000000002,14.819936245441733,48.16544605497983,163.40912808839272,33.24966981040029,33.249669810400334,0.39385581590408236,20.0,0.0
216.4,13.957404976320216,48.42242817456722,164.43240535218249,33.24966981040029,33.249669810400334,0.39385581590408236,20.0,0.0
216.45000000000002,13.090421918726463,48.663965703422235,165.45568261597225,33.24966981040029,33.24966981040034,0.39385581590408236,20.0,0.0
216.5,12.219263601512932,48.889981601866765,166.478959879762,33.2496698104003,33.24966981040033,0.39385581590408236,20.0,0.0
216.55,11.344207885253322,49.10040378092919,167.50223714355175,33.2496698104003,33.24966981040033,0.39385581590407526,20.0,0.0
216.60000000000002,10.465533873617463,49.29516512533754,168.5255144073415,33.2496698104003,33.249669810400334,0.39385581590407526,20.0,0.0
216.65,9.583521824349724,49.47420351492625,169.54879167113126,33.2496698104003,33.24966981040034,0.39385581590406815,20.0,0.0
216.70000000000002,8.698453059879304,49.63746184444975,170.572068934921,33.2496698104003,33.24966981040035,0.39385581590407526,20.0,0.0
216.75,7.81060987759096,49.78488804179645,171.59534619871076,33.2496698104003,33.24966981040035,0.39385581590406815,20.0,0.0
216.8,6.920275459784754,49.91643508459743,172.61862346250052,33.2496698104003,33.24966981040034,0.39385581590406815,20.0,0.0
216.85000000000002,6.027733783353549,50.03206101522449,173.64190072629026,33.2496698104003,33.249669810400356,0.39385581590406815,20.0,0.0
216.9,5.133269529207075,50.13172895417275,174.66517799008002,33.249669810400306,33.249669810400356,0.39385581590406815,20.0,0.0
216.95000000000002,4.2371679914714395,50.21540711182354,175.68845525386976,33.24966981040031,33.24966981040035,0.39385581590406815,20.0,0.0
217.0,3.3397149864930493,50.2830687985839,176.71173251765953,33.24966981040031,33.24966981040036,0.39385581590406105,20.0,0.0
217.05,2.4411967616759673,50.334692433399354,177.7350097814493,33.24966981040031,33.24966981040035,0.39385581590406105,20.0,0.0
217.10000000000002,1.5418999041817845,50.37026155063731,178.75828704523903,33.24966981040031,33.24966981040036,0.39385581590405394,20.0,0.0
217.15,0.6421112495211208,50.38976480533885,179.7815643090288,33.24966981040031,33.24966981040036,0.39385581590406105,20.0,0.0
217.20000000000002,-0.25788220993408484,50.393195976837255,-179.19515842718147,33.24966981040032,33.24966981040036,0.39385581590405394,20.0,0.0
217.25,-1.1577934164883157,50.380553970742156,-178.17188116339173,33.24966981040032,33.24966981040036,0.39385581590405394,20.0,0.0
217.3,-2.0573353386810553,50.351842819288564,-177.148603899602,33.24966981040033,33.2496698104004,0.39385581590405394,20.0,0.0
217.35000000000002,-2.9562210628369963,50.30707168005077,-176.12532663581229,33.249669810400334,33.24966981040042,0.39385581590405394,20.0,0.0
217.4,-3.8541638845786808,50.2462548330215,-175.10204937202255,33.24966981040034,33.24966981040042,0.39385581590406105,20.0,0.0
217.45000000000002,-4.750877400272387,50.16941167605724,-174.0787721082328,33.24966981040035,33.24966981040044,0.39385581590405394,20.0,0.0
217.5,-5.646075598378086,50.076566718691154,-173.05549484444307,33.249669810400356,33.24966981040046,0.39385581590405394,20.0,0.0
217.55,-6.539472950674347,49.96774957431569,-172.03221758065337,33.24966981040036,33.24966981040048,0.39385581590406105,20.0,0.0
217.60000000000002,-7.430784503329076,49.84299495073718,-171.00894031686363,33.24966981040036,33.2496698104005,0.39385581590406105,20.0,0.0
217.65,-8.319725967787058,49.70234263910563,-169.9856630530739,33.24966981040038,33.24966981040052,0.39385581590406815,20.0,0.0
217.70000000000002,-9.206013811445299,49.54583750122311,-168.96238578928418,33.24966981040039,33.24966981040054,0.39385581590406815,20.0,0.0
217.75,-10.08936534808726,49.37352945523486,-167.93910852549445,33.249669810400405,33.24966981040057,0.39385581590406815,20.0,0.0
217.8,-10.96949882804712,49.18547345970761,-166.9158312617047,33.24966981040042,33.2496698104006,0.39385581590407526,20.0,0.0
217.85000000000002,-11.846133528075342,48.981729496100264,-165.892553997915,33.24966981040043,33.249669810400604,0.39385581590408236,20.0,0.0
217.9,-12.71898984087683,48.7623625496325,-164.86927673412526,33.24966981040044,33.24966981040063,0.39385581590408947,20.0,0.0
217.95000000000002,-13.587789364293172,48.52744258855738,-163.8459994703355,33.249669810400455,33.24966981040063,0.3938558159040966,20.0,0.0
218.0,-14.452254990100483,48.277044541844596,-162.82272220654576,33.24966981040047,33.24966981040063,0.3938558159040966,20.0,0.0
218.05,-15.312110992394546,48.01124827528152,-161.799444942756,33.24966981040048,33.24966981040065,0.3938558159041108,20.0,0.0
218.10000000000002,-16.167083115535053,47.73013856599952,-160.77616767896626,33.24966981040049,33.24966981040065,0.3938558159041179,20.0,0.0
218.15,-17.016898661620907,47.433805075433895,-159.7528904151765,33.249669810400505,33.24966981040065,0.393855815904125,20.0,0.0
218.20000000000002,-17.861286577468647,47.12234232072587,-158.72961315138673,33.24966981040052,33.249669810400654,0.393855815904125,20.0,0.0
218.25,-18.699977541066325,46.79584964457585,-157.706335887597,33.24966981040053,33.24966981040066,0.3938558159041321,20.0,0.0
218.3,-19.53270404747517,46.45443118355753,-156.68305862380723,33.24966981040054,33.24966981040066,0.3938558159041392,20.0,0.0
218.35000000000002,-20.359200494151732,46.098195834902995,-155.6597813600175,33.24966981040054,33.24966981040067,0.3938558159041463,20.0,0.0
218.4,-21.179203265663205,45.72725722176936,-154.63650409622772,33.24966981040055,33.24966981040067,0.3938558159041534,20.0,0.0
218.45000000000002,-21.992450817768976,45.34173365699805,-153.61322683243796,33.249669810400555,33.249669810400675,0.3938558159041605,20.0,0.0
218.5,-22.798683760841556,44.94174810537834,-152.58994956864822,33.24966981040056,33.249669810400675,0.3938558159041605,20.0,0.0
218.55,-23.597644942600272,44.527428144427006,-151.56667230485846,33.24966981040057,33.249669810400675,0.3938558159041676,20.0,0.0
218.60000000000002,-24.38907953013136,44.09890592369686,-150.54339504106872,33.249669810400576,33.249669810400675,0.39385581590417473,20.0,0.0
218.65,-25.172735091168278,43.65631812262693,-149.52011777727895,33.24966981040058,33.24966981040068,0.39385581590417473,20.0,0.0
218.70000000000002,-25.9483616746063,43.19980590694781,-148.4968405134892,33.24966981040059,33.2496698104007,0.39385581590418184,20.0,0.0
218.75,-26.715711890225776,42.729514883656115,-147.47356324969945,33.2496698104006,33.2496698104007,0.39385581590418894,20.0,0.0
218.8,-27.474540987598534,42.24559505457237,-146.4502859859097,33.249669810400604,33.249669810400704,0.39385581590419605,20.0,0.0
218.85000000000002,-28.224606934152344,41.74820076849709,-145.42700872211995,33.249669810400604,33.2496698104007,0.39385581590420315,20.0,0.0
218.9,-28.965670492368492,41.23749067198047,-144.40373145833018,33.24966981040061,33.249669810400704,0.39385581590421026,20.0,0.0
218.95000000000002,-29.697495296087844,40.71362765872115,-143.38045419454045,33.24966981040062,33.24966981040071,0.39385581590421737,20.0,0.0
219.0,-30.419847925901106,40.17677881761048,-142.35717693075068,33.249669810400626,33.24966981040071,0.39385581590422447,20.0,0.0
219.05,-31.13249798359917,39.62711537943859,-141.33389966696092,33.24966981040063,33.24966981040071,0.3938558159042316,20.0,0.0
219.10000000000002,-31.835218165659857,39.064812662279415,-140.31062240317118,33.24966981040064,33.24966981040071,0.3938558159042387,20.0,0.0
219.15,-32.52778433574758,38.49005001557208,-139.28734513938142,33.24966981040065,33.249669810400725,0.3938558159042458,20.0,0.0
219.20000000000002,-33.209975596202824,37.903010762916445,-138.26406787559168,33.249669810400654,33.24966981040072,0.3938558159042529,20.0,0.0
219.25,-33.88157435849861,37.30388214360105,-137.2407906118019,33.24966981040066,33.249669810400725,0.39385581590426,20.0,0.0
219.3,-34.54236641264153,36.692855252882175,-136.21751334801215,33.24966981040066,33.24966981040072,0.3938558159042671,20.0,0.0
219.35000000000002,-35.19214099549516,36.07012498103297,-135.1942360842224,33.24966981040067,33.249669810400725,0.3938558159042813,20.0,0.0
219.4,-35.830690858004075,35.43588995118217,-134.17095882043265,33.249669810400675,33.24966981040071,0.3938558159042884,20.0,0.0
219.45000000000002,-36.45781233129705,34.790352455962214,-133.1476815566429,33.249669810400675,33.24966981040073,0.3938558159042955,20.0,0.0
219.5,-37.0733053916483,34.133718392986914,-132.12440429285314,33.24966981040068,33.249669810400725,0.39385581590430263,20.0,0.0
219.55,-37.676973724276145,33.46619719917932,-131.10112702906338,33.24966981040068,33.24966981040073,0.39385581590430974,20.0,0.0
219.60000000000002,-38.26862478595863,32.78800178397071,-130.07784976527364,33.24966981040069,33.249669810400725,0.39385581590431684,20.0,0.0
219.65,-38.84806986644622,32.099348461391976,-129.05457250148388,33.24966981040069,33.249669810400725,0.39385581590432395,20.0,0.0
219.70000000000002,-39.41512414865193,31.400456881079144,-128.03129523769414,33.24966981040069,33.249669810400725,0.39385581590433105,20.0,0.0
219.75,-39.96960676759971,30.69154995821493,-127.00801797390437,33.24966981040069,33.249669810400725,0.39385581590433816,20.0,0.0
219.8,-40.51134086811231,29.972853802428777,-125.98474071011462,33.24966981040069,33.24966981040073,0.39385581590434526,20.0,0.0
219.85000000000002,-41.040153661220174,29.244597645677963,-124.96146344632487,33.2496698104007,33.249669810400725,0.39385581590435237,20.0,0.0
219.9,-41.55587647927337,28.507013769132882,-123.93818618253512,33.2496698104007,33.249669810400725,0.3938558159043595,20.0,0.0
219.95000000000002,-42.05834482973908,27.760337429089702,-122.91490891874537,33.2496698104007,33.24966981040073,0.3938558159043666,20.0,0.0
220.0,-42.54739844766731,27.00480678193414,-121.8916316549556,33.2496698104007,33.249669810400746,0.3938558159043737,20.0,0.0
220.05,-43.022881346808326,26.240662808180204,-120.86835439116585,33.249669810400704,33.24966981040074,0.3938558159043808,20.0,0.0
220.10000000000002,-43.48464186936522,25.468149235608184,-119.8450771273761,33.249669810400704,33.249669810400746,0.3938558159043879,20.0,0.0
220.15,-43.932532734366006,24.68751246152638,-118.82179986358635,33.24966981040071,33.24966981040073,0.393855815904395,20.0,0.0
220.20000000000002,-44.36641108463967,23.89900147418137,-117.7985225997966,33.24966981040071,33.24966981040073,0.393855815904395,20.0,0.0
220.25,-44.78613853238123,23.102867773341895,-116.77524533600683,33.24966981040071,33.24966981040073,0.3938558159044021,20.0,0.0
220.3,-45.19158120329122,22.299365290081656,-115.75196807221708,33.24966981040071,33.24966981040073,0.3938558159044092,20.0,0.0
220.35000000000002,-45.582609779275664,21.48875030578666,-114.72869080842733,33.24966981040071,33.24966981040073,0.3938558159044163,20.0,0.0
220.4,-45.95909953969273,20.671281370412906,-113.70541354463758,33.24966981040071,33.24966981040073,0.3938558159044234,20.0,0.0
220.45000000000002,-46.32093040113306,19.847219220020506,-112.68213628084783,33.24966981040071,33.24966981040073,0.39385581590443053,20.0,0.0
220.5,-46.66798695572102,19.016826693610533,-111.65885901705808,33.24966981040071,33.249669810400725,0.39385581590443763,20.0,0.0
220.55,-47.00015850792462,18.180368649291122,-110.63558175326831,33.24966981040071,33.24966981040073,0.39385581590444474,20.0,0.0
220.60000000000002,-47.317339109862466,17.33811187979957,-109.61230448947856,33.24966981040071,33.24966981040073,0.39385581590445184,20.0,0.0
220.65,-47.61942759509641,16.490325027407376,-108.58902722568881,33.24966981040071,33.24966981040074,0.39385581590445895,20.0,0.0
220.70000000000002,-47.906327610899105,15.637278498235366,-107.56574996189906,33.24966981040071,33.24966981040073,0.39385581590446606,20.0,0.0
220.75,-48.177947648986226,14.779244376006215,-106.54247269810931,33.24966981040071,33.24966981040074,0.39385581590447316,20.0,0.0
220.8,-48.434201074703516,13.9164963352619,-105.51919543431956,33.24966981040071,33.24966981040073,0.39385581590447316,20.0,0.0
220.85000000000002,-48.675006154659386,13.04930955407376,-104.49591817052979,33.24966981040071,33.24966981040073,0.39385581590448027,20.0,0.0
220.9,-48.900286082794196,12.177960626272977,-103.47264090674004,33.24966981040071,33.24966981040073,0.39385581590448737,20.0,0.0
220.95000000000002,-49.10996900487796,11.302727473229508,-102.44936364295029,33.24966981040071,33.24966981040073,0.3938558159044945,20.0,0.0
221.0,-49.30398804142865,10.42388925520759,-101.42608637916054,33.24966981040071,33.24966981040073,0.3938558159045016,20.0,0.0
221.05,-49.48228130904374,9.541726282326085,-100.40280911537079,33.24966981040071,33.249669810400746,0.3938558159045016,20.0,0.0
221.10000000000002,-49.64479194013827,8.656519925152088,-99.37953185158102,33.24966981040071,33.249669810400725,0.3938558159045087,20.0,0.0
221.15,-49.79146810108303,7.768552524956277,-98.35625458779127,33.24966981040071,33.249669810400725,0.3938558159045158,20.0,0.0
221.20000000000002,-49.922263008737204,6.878107303658675,-97.33297732400152,33.24966981040071,33.249669810400725,0.3938558159045229,20.0,0.0
221.25,-50.03713494537009,5.985468273493508,-96.30970006021177,33.24966981040071,33.249669810400725,0.3938558159045229,20.0,0.0
221.3,-50.13604727196719,5.090920146421997,-95.28642279642202,33.24966981040071,33.249669810400725,0.3938558159045229,20.0,0.0
221.35000000000002,-50.21896843991643,4.194748243321964,-94.26314553263227,33.24966981040071,33.249669810400725,0.3938558159045371,20.0,0.0
221.4,-50.28587200107072,3.297238402983222,-93.2398682688425,33.24966981040071,33.249669810400725,0.3938558159045371,20.0,0.0
221.45000000000002,-50.336736616183785,2.398676890937775,-92.21659100505275,33.24966981040071,33.249669810400725,0.3938558159045442,20.0,0.0
221.5,-50.37154606171639,1.4993503081539052,-91.193313741263,33.24966981040071,33.24966981040072,0.3938558159045513,20.0,0.0
221.55,-50.39028923501093,0.5995454996232713,-90.17003647747325,33.24966981040071,33.24966981040071,0.3938558159045513,20.0,0.0
221.60000000000002,-50.39296015783272,-0.3004505371298247,-89.1467592136835,33.24966981040071,33.24966981040071,0.3938558159045513,20.0,0.0
221.65,-50.37955797827672,-1.2003507435878236,-88.12348194989373,33.24966981040071,33.2496698104007,0.3938558159045584,20.0,0.0
221.70000000000002,-50.35008697103932,-2.0998680917987476,-87.10020468610398,33.24966981040071,33.249669810400704,0.3938558159045584,20.0,0.0
221.75,-50.30455653605485,-2.9987156759252915,-86.07692742231423,33.24966981040071,33.249669810400704,0.39385581590456553,20.0,0.0
221.8,-50.24298119549744,-3.8966068037549633,-85.05365015852448,33.24966981040071,33.24966981040069,0.39385581590457264,20.0,0.0
221.85000000000002,-50.16538058914912,-4.793255088142088,-84.03037289473473,33.24966981040071,33.24966981040069,0.39385581590457974,20.0,0.0
221.9,-50.071779468135574,-5.688374538352509,-83.00709563094497,33.24966981040071,33.24966981040068,0.39385581590458685,20.0,0.0
221.95000000000002,-49.962207687031636,-6.5816796512818545,-81.98381836715521,33.24966981040071,33.2496698104007,0.39385581590458685,20.0,0.0
222.0,-49.836700194339045,-7.472885502518268,-80.96054110336546,33.24966981040071,33.2496698104007,0.39385581590459395,20.0,0.0
222.05,-49.695297021339414,-8.36170783722056,-79.9372638395757,33.24966981040071,33.24966981040069,0.39385581590460106,20.0,0.0
222.10000000000002,-49.53804326932603,-9.24786316078281,-78.91398657578596,33.24966981040071,33.24966981040068,0.39385581590460106,20.0,0.0
222.15,-49.36498909521859,-10.131068829256463,-77.8907093119962,33.24966981040071,33.24966981040068,0.39385581590460106,20.0,0.0
222.20000000000002,-49.17618969556535,-11.01104313950113,-76.86743204820645,33.24966981040071,33.24966981040068,0.39385581590460816,20.0,0.0
222.25,-48.97170528893791,-11.887505419035294,-75.84415478441669,33.24966981040071,33.249669810400675,0.39385581590460816,20.0,0.0
222.3,-48.75160109672419,-12.760176115558297,-74.82087752062694,33.24966981040071,33.24966981040066,0.39385581590461527,20.0,0.0
222.35000000000002,-48.51594732232568,-13.628776886115023,-73.79760025683719,33.249669810400704,33.24966981040067,0.39385581590461527,20.0,0.0
222.4,-48.26481912876576,-14.493030685874869,-72.77432299304743,33.249669810400704,33.24966981040066,0.39385581590461527,20.0,0.0
222.45000000000002,-47.99829661471599,-15.35266185649666,-71.75104572925768,33.249669810400704,33.24966981040066,0.3938558159046224,20.0,0.0
222.5,-47.71646478894825,-16.207396214051347,-70.72776846546792,33.249669810400704,33.24966981040066,0.3938558159046224,20.0,0.0
222.55,-47.41941354322073,-17.056961136474424,-69.70449120167817,33.2496698104007,33.24966981040066,0.3938558159046224,20.0,0.0
222.60000000000002,-47.107237623606466,-17.901085650520184,-68.68121393788842,33.2496698104007,33.249669810400654,0.3938558159046224,20.0,0.0
222.65,-46.780036600273604,-18.73950051819008,-67.65793667409866,33.2496698104007,33.24966981040065,0.3938558159046224,20.0,0.0
222.70000000000002,-46.437914835726936,-19.57193832260761,-66.63465941030891,33.24966981040069,33.24966981040066,0.3938558159046224,20.0,0.0
222.75,-46.08098145152094,-20.398133553312352,-65.61138214651916,33.24966981040069,33.24966981040065,0.3938558159046224,20.0,0.0
222.8,-45.70935029345489,-21.217822690945933,-64.5881048827294,33.24966981040068,33.24966981040065,0.3938558159046295,20.0,0.0
222.85000000000002,-45.32313989526109,-22.030744291302938,-63.564827618939646,33.24966981040068,33.24966981040063,0.3938558159046295,20.0,0.0
222.9,-44.92247344079798,-22.836639068719915,-62.541550355149894,33.249669810400675,33.24966981040063,0.3938558159046295,20.0,0.0
222.95000000000002,-44.50747872475993,-23.635249978775928,-61.51827309136014,33.24966981040067,33.249669810400626,0.3938558159046295,20.0,0.0
223.0,-44.07828811191646,-24.426322300278233,-60.494995827570385,33.24966981040067,33.24966981040061,0.3938558159046366,20.0,0.0
223.05,-43.635038494893806,-25.209603716506955,-59.471718563780634,33.24966981040066,33.249669810400604,0.3938558159046366,20.0,0.0
223.10000000000002,-43.17787125051229,-25.98484439569285,-58.44844129999088,33.24966981040066,33.24966981040061,0.3938558159046366,20.0,0.0
223.15,-42.70693219469341,-26.751797070702477,-57.425164036201124,33.24966981040066,33.2496698104006,0.3938558159046437,20.0,0.0
223.20000000000002,-42.2223715359511,-27.510217117905356,-56.40188677241137,33.249669810400654,33.249669810400604,0.3938558159046437,20.0,0.0
223.25,-41.72434382748191,-28.25986263519798,-55.37860950862162,33.24966981040065,33.2496698104006,0.3938558159046508,20.0,0.0
223.3,-41.213007917869454,-29.00049451915978,-54.355332244831864,33.24966981040064,33.2496698104006,0.3938558159046508,20.0,0.0
223.35000000000002,-40.68852690041881,-29.73187654131642,-53.33205498104211,33.24966981040063,33.2496698104006,0.3938558159046437,20.0,0.0
223.4,-40.15106806113703,-30.45377542348614,-52.30877771725236,33.24966981040063,33.2496698104006,0.3938558159046437,20.0,0.0
223.45000000000002,-39.60080282537641,-31.16596091218505,-51.2855004534626,33.24966981040063,33.249669810400576,0.3938558159046508,20.0,0.0
223.5,-39.037906703157425,-31.868205852067724,-50.26222318967285,33.249669810400626,33.249669810400576,0.3938558159046508,20.0,0.0
223.55,-38.46255923318889,-32.5602862583796,-49.2389459258831,33.24966981040062,33.24966981040057,0.3938558159046508,20.0,0.0
223.60000000000002,-37.87494392560315,-33.24198138839808,-48.21566866209334,33.24966981040061,33.24966981040057,0.3938558159046508,20.0,0.0
223.65,-37.27524820342453,-33.91307381183964,-47.19239139830359,33.249669810400604,33.24966981040056,0.3938558159046508,20.0,0.0
223.70000000000002,-36.66366334278978,-34.57334948021033,-46.16911413451383,33.249669810400604,33.24966981040055,0.3938558159046508,20.0,0.0
223.75,-36.04038441193952,-35.222597795077725,-45.14583687072408,33.249669810400604,33.249669810400555,0.3938558159046579,20.0,0.0
223.8,-35.40561020900019,-35.86061167524236,-44.12255960693433,33.2496698104006,33.24966981040054,0.3938558159046508,20.0,0.0
223.85000000000002,-34.759543198576345,-36.487187622787424,-43.09928234314457,33.24966981040059,33.24966981040054,0.3938558159046508,20.0,0.0
223.9,-34.102389447173486,-37.10212578798548,-42.07600507935482,33.24966981040058,33.24966981040054,0.3938558159046437,20.0,0.0
223.95000000000002,-33.43435855747205,-37.705230033041595,-41.05272781556507,33.24966981040058,33.24966981040052,0.3938558159046437,20.0,0.0
224.0,-32.75566360147353,-38.29630799465255,-40.02945055177531,33.249669810400576,33.24966981040053,0.3938558159046508,20.0,0.0
224.05,-32.066521052540004,-38.87517114536212,-39.00617328798556,33.24966981040057,33.249669810400526,0.3938558159046437,20.0,0.0
224.10000000000002,-31.367150716348846,-39.441634853692904,-37.98289602419581,33.24966981040057,33.249669810400505,0.3938558159046508,20.0,0.0
224.15,-30.657775660784502,-39.99551844303554,-36.95961876040605,33.24966981040056,33.2496698104005,0.3938558159046508,20.0,0.0
224.20000000000002,-29.93862214478982,-40.536645249276454,-35.9363414966163,33.249669810400555,33.24966981040049,0.3938558159046508,20.0,0.0
224.25,-29.20991954619956,-41.064842677145805,-34.91306423282655,33.24966981040055,33.2496698104005,0.3938558159046437,20.0,0.0
224.3,-28.471900288579103,-41.57994225526769,-33.88978696903679,33.24966981040054,33.24966981040049,0.3938558159046437,20.0,0.0
224.35000000000002,-27.724799767091728,-42.081779689894965,-32.86650970524704,33.24966981040054,33.24966981040048,0.3938558159046366,20.0,0.0
224.4,-26.968856273418073,-42.570194917311625,-31.843232441457285,33.24966981040053,33.24966981040048,0.3938558159046366,20.0,0.0
224.45000000000002,-26.204310919751737,-43.04503215488595,-30.81995517766753,33.249669810400526,33.249669810400476,0.3938558159046366,20.0,0.0
224.5,-25.431407561895266,-43.50613995075823,-29.79667791387778,33.24966981040052,33.24966981040046,0.3938558159046366,20.0,0.0
224.55,-24.65039272148105,-43.953371232147134,-28.773400650088025,33.24966981040051,33.249669810400455,0.3938558159046366,20.0,0.0
224.60000000000002,-23.861515507341934,-44.386583352259336,-27.75012338629827,33.249669810400505,33.24966981040045,0.3938558159046366,20.0,0.0
224.65,-23.065027536056636,-44.80563813578749,-26.726846122508515,33.2496698104005,33.249669810400455,0.3938558159046295,20.0,0.0
224.70000000000002,-22.2611828516953,-45.21040192298197,-25.703568858718764,33.24966981040049,33.24966981040045,0.3938558159046295,20.0,0.0
224.75,-21.450237844790788,-45.60074561228237,-24.68029159492901,33.24966981040049,33.24966981040044,0.3938558159046224,20.0,0.0
224.8,-20.63245117056157,-45.976544701495094,-23.657014331139255,33.24966981040048,33.249669810400434,0.3938558159046224,20.0,0.0
224.85000000000002,-19.80808366641225,-46.33767932750405,-22.633737067349504,33.24966981040048,33.24966981040042,0.3938558159046224,20.0,0.0
224.9,-18.97739826873811,-46.68403430450157,-21.61045980355975,33.249669810400476,33.249669810400434,0.3938558159046224,20.0,0.0
224.95000000000002,-18.140659929060124,-47.01549916072758,-20.587182539769994,33.249669810400476,33.24966981040042,0.39385581590461527,20.0,0.0
225.0,-17.298135529517285,-47.33196817370512,-19.56390527598024,33.24966981040047,33.24966981040042,0.39385581590460816,20.0,0.0
225.05,-16.450093797743122,-47.63334040396113,-18.54062801219049,33.24966981040046,33.24966981040042,0.39385581590460816,20.0,0.0
225.10000000000002,-15.59680522115359,-47.919519727221584,-17.517350748400734,33.249669810400455,33.2496698104004,0.39385581590460816,20.0,0.0
225.15,-14.738541960673674,-48.19041486507087,-16.49407348461098,33.24966981040045,33.249669810400405,0.39385581590460106,20.0,0.0
225.20000000000002,-13.875577763930217,-48.44593941406552,-15.470796220821226,33.24966981040044,33.24966981040039,0.39385581590460106,20.0,0.0
225.25,-13.008187877938658,-48.68601187329304,-14.447518957031473,33.249669810400434,33.249669810400384,0.39385581590459395,20.0,0.0
225.3,-12.136648961311536,-48.91055567036707,-13.424241693241719,33.24966981040043,33.249669810400384,0.39385581590458685,20.0,0.0
225.35000000000002,-11.261238996016756,-49.119499185850536,-12.400964429451966,33.24966981040043,33.24966981040037,0.39385581590457974,20.0,0.0
225.4,-10.38223719871376,-49.31277577609907,-11.377687165662213,33.24966981040042,33.24966981040036,0.39385581590457264,20.0,0.0
225.45000000000002,-9.499923931695893,-49.49032379451735,-10.354409901872458,33.24966981040042,33.24966981040037,0.39385581590456553,20.0,0.0
225.5,-8.614580613467359,-49.65208661122159,-9.331132638082705,33.24966981040042,33.24966981040036,0.39385581590456553,20.0,0.0
225.55,-7.726489628983296,-49.79801263110197,-8.30785537429295,33.24966981040041,33.24966981040035,0.3938558159045584,20.0,0.0
225.60000000000002,-6.83593423958159,-49.92805531027914,-7.284578110503222,33.249669810400405,33.24966981040037,0.3938558159045513,20.0,0.0
225.65,-5.9431984926351715,-50.04217317094968,-6.261300846713494,33.249669810400405,33.24966981040037,0.3938558159045513,20.0,0.0
225.70000000000002,-5.048567130953591,-50.14032981461562,-5.238023582923766,33.249669810400405,33.249669810400384,0.3938558159045513,20.0,0.0
225.75,-4.1523255019627925,-50.222493933693954,-4.214746319134038,33.249669810400405,33.24966981040041,0.3938558159045442,20.0,0.0
225.8,-3.254759466692031,-50.28863932150237,-3.1914690553443097,33.249669810400405,33.24966981040041,0.3938558159045442,20.0,0.0
225.85000000000002,-2.3561553085969837,-50.33874488061801,-2.1681917915545816,33.249669810400405,33.24966981040043,0.3938558159045371,20.0,0.0
225.9,-1.4567996422481162,-50.372794629606574,-1.1449145277648534,33.249669810400405,33.24966981040044,0.39385581590453,20.0,0.0
225.95000000000002,-0.5569793219134451,-50.39077770811972,-0.12163726397512525,33.249669810400405,33.24966981040044,0.39385581590453,20.0,0.0
226.0,0.3430186499351552,-50.39268838035902,0.901639999814603,33.249669810400405,33.24966981040046,0.3938558159045229,20.0,0.0
226.05,1.2429072141629165,-50.378526036905406,1.9249172636043312,33.24966981040041,33.249669810400476,0.3938558159045229,20.0,0.0
226.10000000000002,2.142399346531213,-50.34829519491357,2.9481945273940595,33.24966981040042,33.249669810400476,0.3938558159045229,20.0,0.0
226.15,3.041208149245465,-50.30200549667117,3.9714717911837876,33.24966981040042,33.2496698104005,0.3938558159045158,20.0,0.0
226.20000000000002,3.939046942462719,-50.23967170652341,4.994749054973516,33.24966981040043,33.24966981040051,0.3938558159045158,20.0,0.0
226.25,4.8356293557297025,-50.161313706163824,6.018026318763244,33.249669810400434,33.24966981040054,0.3938558159045158,20.0,0.0
226.3,5.730669419322203,-50.066956488292945,7.041303582552998,33.24966981040044,33.249669810400526,0.3938558159045158,20.0,0.0
226.35000000000002,6.623881655456632,-49.956630148646724,8.064580846342752,33.24966981040045,33.24966981040051,0.3938558159045158,20.0,0.0
226.4,7.514981169344679,-49.83036987639735,9.087858110132505,33.249669810400455,33.249669810400505,0.3938558159045158,20.0,0.0
226.45000000000002,8.40368374006202,-49.688215942929475,10.11113537392226,33.24966981040046,33.24966981040051,0.3938558159045158,20.0,0.0
226.5,9.28970591120209,-49.53021368899543,11.134412637712012,33.24966981040047,33.24966981040051,0.3938558159045158,20.0,0.0
226.55,10.172765081286007,-49.356413510253574,12.157689901501765,33.24966981040047,33.24966981040051,0.3938558159045158,20.0,0.0
226.60000000000002,11.052579593899823,-49.1668708411943,13.18096716529152,33.24966981040047,33.24966981040049,0.3938558159045158,20.0,0.0
226.65,11.928868827530327,-48.96164613745895,14.204244429081273,33.24966981040047,33.24966981040048,0.3938558159045158,20.0,0.0
226.70000000000002,12.801353285070766,-48.74080485655711,15.227521692871028,33.24966981040047,33.24966981040048,0.3938558159045158,20.0,0.0
226.75,13.669754682967941,-48.50441743698866,16.25079895666078,33.24966981040047,33.24966981040049,0.3938558159045158,20.0,0.0
226.8,14.533796039982215,-48.252559275776974,17.274076220450535,33.24966981040047,33.249669810400476,0.3938558159045158,20.0,0.0
226.85000000000002,15.393201765532158,-47.98531070442069,18.297353484240286,33.24966981040047,33.249669810400476,0.3938558159045158,20.0,0.0
226.9,16.247697747595623,-47.70275696327152,19.32063074803004,33.24966981040047,33.24966981040046,0.3938558159045158,20.0,0.0
226.95000000000002,17.097011440139234,-47.40498817434639,20.343908011819796,33.24966981040047,33.24966981040048,0.3938558159045158,20.0,0.0
227.0,17.94087195004839,-47.09209931258257,21.36718527560955,33.24966981040047,33.249669810400476,0.3938558159045087,20.0,0.0
227.05,18.779010123530064,-46.764190175544876,22.3904625393993,33.24966981040047,33.24966981040046,0.3938558159045087,20.0,0.0
227.10000000000002,19.611158631960834,-46.42136535159474,23.413739803189056,33.24966981040047,33.24966981040047,0.3938558159045016,20.0,0.0
227.15,20.437052057152773,-46.063734186531164,24.43701706697881,33.24966981040047,33.249669810400455,0.3938558159045016,20.0,0.0
227.20000000000002,21.25642697600998,-45.69141074871433,25.460294330768562,33.24966981040047,33.24966981040045,0.3938558159045087,20.0,0.0
227.25,22.069022044548785,-45.30451379268287,26.483571594558317,33.24966981040047,33.24966981040045,0.3938558159045087,20.0,0.0
227.3,22.8745780812548,-44.90316672127646,27.50684885834807,33.24966981040047,33.24966981040046,0.3938558159045087,20.0,0.0
227.35000000000002,23.672838149750234,-44.487497546275875,28.530126122137826,33.24966981040047,33.249669810400455,0.3938558159045016,20.0,0.0
227.4,24.463547640745123,-44.05763884757291,29.553403385927577,33.24966981040047,33.24966981040044,0.3938558159045016,20.0,0.0
227.45000000000002,25.24645435324631,-43.61372773088334,30.576680649717332,33.24966981040047,33.24966981040045,0.3938558159045016,20.0,0.0
227.5,26.021308574998297,-43.155905784016305,31.599957913507087,33.24966981040047,33.24966981040044,0.3938558159045016,20.0,0.0
227.55,26.787863162130293,-42.684319031714146,32.62323517729684,33.24966981040047,33.249669810400434,0.3938558159045016,20.0,0.0
227.60000000000002,27.54587361798406,-42.19911788907703,33.64651244108659,33.24966981040047,33.249669810400434,0.3938558159044945,20.0,0.0
227.65,28.295098171097436,-41.700457113587255,34.669789704876344,33.24966981040047,33.24966981040042,0.3938558159044945,20.0,0.0
227.70000000000002,29.035297852318603,-41.18849575574852,35.6930669686661,33.24966981040047,33.24966981040042,0.3938558159044945,20.0,0.0
227.75,29.766236571026592,-40.66339710835594,36.71634423245585,33.24966981040047,33.24966981040042,0.3938558159044945,20.0,0.0
227.8,30.48768119043363,-40.12532865441292,37.739621496245604,33.24966981040046,33.24966981040042,0.3938558159044945,20.0,0.0
227.85000000000002,31.199401601945354,-39.574462013711575,38.76289876003536,33.249669810400455,33.24966981040042,0.39385581590448737,20.0,0.0
227.9,31.901170798555174,-39.01097288809369,39.786176023825114,33.249669810400455,33.24966981040042,0.39385581590448737,20.0,0.0
227.95000000000002,32.592764947249364,-38.43504100540967,40.80945328761487,33.249669810400455,33.2496698104004,0.39385581590448027,20.0,0.0
228.0,33.27396346039979,-37.846850062193404,41.83273055140462,33.24966981040045,33.24966981040041,0.39385581590447316,20.0,0.0
228.05,33.94454906612152,-37.24658766507125,42.856007815194374,33.24966981040045,33.2496698104004,0.39385581590447316,20.0,0.0
228.10000000000002,34.6043078775728,-36.63444527092395,43.87928507898413,33.24966981040044,33.24966981040039,0.39385581590447316,20.0,0.0
228.15,35.25302946117546,-36.010618125820386,44.902562342773884,33.249669810400434,33.2496698104004,0.39385581590446606,20.0,0.0
228.20000000000002,35.89050690373378,-35.375305202742865,45.925839606563635,33.249669810400434,33.2496698104004,0.39385581590446606,20.0,0.0
228.25,36.516536878430564,-34.728709138123584,46.94911687035339,33.249669810400434,33.2496698104004,0.39385581590445895,20.0,0.0
228.3,37.130919709679326,-34.07103616721269,47.972394134143144,33.249669810400434,33.2496698104004,0.39385581590445895,20.0,0.0
228.35000000000002,37.73345943681184,-33.40249605829844,48.995671397932895,33.249669810400434,33.24966981040039,0.39385581590445895,20.0,0.0
228.4,38.323963876580876,-32.723302045800494,50.01894866172265,33.24966981040043,33.249669810400384,0.39385581590445184,20.0,0.0
228.45000000000002,38.90224468445805,-32.03367076225767,51.042225925512405,33.24966981040043,33.249669810400384,0.39385581590444474,20.0,0.0
228.5,39.46811741470731,-31.33382216923183,52.065503189302156,33.24966981040043,33.249669810400384,0.39385581590444474,20.0,0.0
228.55,40.02140157921488,-30.623979487149978,53.088780453091914,33.24966981040043,33.24966981040036,0.39385581590444474,20.0,0.0
228.60000000000002,40.56192070505693,-29.90436912410693,54.112057716881665,33.24966981040042,33.24966981040037,0.39385581590443763,20.0,0.0
228.65,41.08950239078651,-29.17522060365123,55.13533498067142,33.24966981040042,33.24966981040036,0.39385581590443763,20.0,0.0
228.70000000000002,41.60397836142194,-28.436766491577412,56.158612244461175,33.24966981040041,33.24966981040036,0.39385581590443053,20.0,0.0
228.75,42.105184522119,-27.689242321747894,57.181889508250926,33.249669810400405,33.24966981040036,0.3938558159044234,20.0,0.0
228.8,42.59296101050986,-26.932886520968207,58.205166772040684,33.249669810400405,33.24966981040036,0.3938558159044234,20.0,0.0
228.85000000000002,43.06715224769201,-26.167940332939487,59.228444035830435,33.249669810400405,33.249669810400356,0.3938558159044234,20.0,0.0
228.9,43.52760698785098,-25.394647741312532,60.251721299620186,33.2496698104004,33.249669810400356,0.3938558159044163,20.0,0.0
228.95000000000002,43.97417836650104,-24.61325539186791,61.274998563409945,33.24966981040039,33.24966981040035,0.3938558159044163,20.0,0.0
229.0,44.40672394732835,-23.824012513846977,62.298275827199696,33.24966981040039,33.24966981040035,0.3938558159044092,20.0,0.0
229.05,44.825105767621814,-23.027170840458886,63.32155309098945,33.24966981040039,33.24966981040035,0.3938558159044092,20.0,0.0
229.10000000000002,45.229190382277,-22.22298452858895,64.3448303547792,33.24966981040039,33.24966981040034,0.3938558159044021,20.0,0.0
229.15,45.61884890635918,-21.411710077733943,65.36810761856896,33.249669810400384,33.24966981040035,0.3938558159044021,20.0,0.0
229.20000000000002,45.99395705621187,-20.593606248190227,66.39138488235871,33.249669810400384,33.249669810400334,0.393855815904395,20.0,0.0
229.25,46.35439518909774,-19.768933978520785,67.41466214614846,33.24966981040038,33.249669810400334,0.393855815904395,20.0,0.0
229.3,46.700048341359306,-18.93795630232747,68.43793940993822,33.24966981040038,33.24966981040034,0.3938558159043879,20.0,0.0
229.35000000000002,47.03080626508722,-18.10093826435505,69.46121667372798,33.24966981040038,33.249669810400334,0.3938558159043879,20.0,0.0
229.4,47.34656346328441,-17.258146835953777,70.48449393751773,33.24966981040038,33.249669810400334,0.3938558159043808,20.0,0.0
229.45000000000002,47.64721922351491,-16.40985082992745,71.50777120130748,33.24966981040038,33.24966981040032,0.3938558159043737,20.0,0.0
229.5,47.93267765002662,-15.556320814794146,72.53104846509723,33.24966981040037,33.24966981040031,0.3938558159043737,20.0,0.0
229.55,48.20284769433778,-14.697829028486957,73.55432572888698,33.24966981040036,33.24966981040033,0.3938558159043666,20.0,0.0
229.60000000000002,48.45764318427735,-13.834649291522254,74.57760299267674,33.24966981040036,33.24966981040031,0.3938558159043666,20.0,0.0
229.65,48.6969828514701,-12.967056919663175,75.6008802564665,33.24966981040036,33.24966981040032,0.3938558159043595,20.0,0.0
229.70000000000002,48.92079035725759,-12.095328636106203,76.62415752025625,33.24966981040036,33.24966981040032,0.3938558159043595,20.0,0.0
229.75,49.12899431704675,-11.219742483218829,77.647434784046,33.24966981040036,33.249669810400306,0.39385581590435237,20.0,0.0
229.8,49.32152832307844,-10.340577733856463,78.67071204783575,33.249669810400356,33.249669810400306,0.39385581590435237,20.0,0.0
229.85000000000002,49.49833096560851,-9.458114802286879,79.69398931162551,33.249669810400356,33.24966981040031,0.39385581590434526,20.0,0.0
229.9,49.65934585249478,-8.572635154750584,80.71726657541527,33.249669810400356,33.2496698104003,0.39385581590434526,20.0,0.0
229.95000000000002,49.80452162718361,-7.684421219685671,81.74054383920502,33.24966981040035,33.2496698104003,0.39385581590433816,20.0,0.0
230.0,49.93381198509036,-6.793756297645769,82.76382110299477,33.24966981040034,33.249669810400306,0.39385581590433105,20.0,0.0
230.05,50.047175688368455,-5.900924470939822,83.78709836678452,33.24966981040034,33.249669810400306,0.39385581590433105,20.0,0.0
230.10000000000002,50.14457657906244,-5.006210513022534,84.81037563057427,33.24966981040034,33.2496698104003,0.39385581590433105,20.0,0.0
230.15,50.22598359064074,-4.1098997976643545,85.83365289436404,33.24966981040034,33.249669810400306,0.39385581590432395,20.0,0.0
230.20000000000002,50.291370757904495,-3.212278207930005,86.85693015815379,33.24966981040034,33.2496698104003,0.39385581590431684,20.0,0.0
230.25,50.34071722526932,-2.313632044994552,87.88020742194354,33.24966981040034,33.24966981040029,0.39385581590431684,20.0,0.0
230.3,50.37400725341727,-1.4142479368261296,88.90348468573329,33.249669810400334,33.249669810400285,0.39385581590430974,20.0,0.0
230.35000000000002,50.39123022431699,-0.5144127467644233,89.92676194952304,33.24966981040033,33.24966981040029,0.39385581590430263,20.0,0.0
230.4,50.39238064461042,0.3855865179759146,90.95003921331279,33.24966981040033,33.24966981040029,0.39385581590430263,20.0,0.0
230.45000000000002,50.377458147364884,1.2854627978477406,91.97331647710256,33.24966981040033,33.249669810400285,0.3938558159042955,20.0,0.0
230.5,50.346467492190165,2.1849290725305894,92.99659374089231,33.24966981040033,33.249669810400285,0.3938558159042884,20.0,0.0
230.55,50.29941856372039,3.0836984524773285,94.01987100468206,33.24966981040033,33.24966981040029,0.3938558159042884,20.0,0.0
230.60000000000002,50.23632636846125,3.981484270419104,95.04314826847181,33.24966981040033,33.249669810400285,0.3938558159042813,20.0,0.0
230.65,50.15721103000364,4.878000172799389,96.06642553226156,33.24966981040033,33.24966981040029,0.3938558159042742,20.0,0.0
230.70000000000002,50.062097782605086,5.772960211107973,97.08970279605133,33.24966981040033,33.24966981040028,0.3938558159042742,20.0,0.0
230.75,49.951016963141186,6.666078933085757,98.11298005984108,33.24966981040032,33.24966981040027,0.3938558159042671,20.0,0.0
230.8,49.82400400142947,7.557071473771266,99.13625732363083,33.24966981040031,33.24966981040027,0.39385581590426,20.0,0.0
230.85000000000002,49.6810994089289,8.44565364635985,100.15953458742058,33.24966981040031,33.24966981040027,0.3938558159042529,20.0,0.0
230.9,49.52234876581849,9.331542032846562,101.18281185121033,33.24966981040031,33.249669810400285,0.3938558159042458,20.0,0.0
230.95000000000002,49.347802706459305,10.214454074423852,102.20608911500008,33.24966981040031,33.24966981040027,0.3938558159042458,20.0,0.0
231.0,49.15751690324432,11.094108161605186,103.22936637878985,33.24966981040031,33.24966981040027,0.3938558159042458,20.0,0.0
231.05,48.95155204884146,11.9702237240459,104.2526436425796,33.24966981040031,33.24966981040027,0.3938558159042387,20.0,0.0
231.10000000000002,48.729973836835306,12.842521320032589,105.27592090636935,33.24966981040031,33.24966981040026,0.3938558159042316,20.0,0.0
231.15,48.49285294077382,13.710722725612538,106.2991981701591,33.249669810400306,33.24966981040027,0.3938558159042316,20.0,0.0
231.20000000000002,48.24026499162662,14.574551023334724,107.32247543394885,33.249669810400306,33.24966981040027,0.39385581590422447,20.0,0.0
231.25,47.97229055366206,15.433730690574109,108.3457526977386,33.249669810400306,33.24966981040028,0.39385581590421737,20.0,0.0
231.3,47.68901509875088,16.287987687411047,109.36902996152837,33.249669810400306,33.24966981040026,0.39385581590421737,20.0,0.0
231.35000000000002,47.39052897910444,17.137049544037765,110.39230722531812,33.2496698104003,33.24966981040026,0.39385581590421026,20.0,0.0
231.4,47.07692739845645,17.98064544766407,111.41558448910787,33.2496698104003,33.24966981040026,0.39385581590420315,20.0,0.0
231.45000000000002,46.74831038169721,18.818506328894514,112.43886175289762,33.2496698104003,33.24966981040028,0.39385581590420315,20.0,0.0
231.5,46.404782742970134,19.650364947549512,113.46213901668737,33.2496698104003,33.24966981040028,0.39385581590419605,20.0,0.0
231.55,46.04645405224075,20.47595597790302,114.48541628047714,33.2496698104003,33.24966981040028,0.39385581590418894,20.0,0.0
231.60000000000002,45.673438600348746,21.295016093309577,115.50869354426689,33.2496698104003,33.24966981040028,0.39385581590418894,20.0,0.0
231.65,45.285855362554315,22.107284050193748,116.53197080805664,33.2496698104003,33.24966981040028,0.39385581590418894,20.0,0.0
231.70000000000002,44.88382796059037,22.912500771375143,117.55524807184639,33.2496698104003,33.24966981040026,0.39385581590418894,20.0,0.0
231.75,44.46748462323271,23.710409428702462,118.57852533563614,33.2496698104003,33.24966981040026,0.39385581590418184,20.0,0.0
231.8,44.036958145400796,24.5007555249702,119.6018025994259,33.2496698104003,33.24966981040027,0.39385581590417473,20.0,0.0
231.85000000000002,43.59238584580211,25.283286975091876,120.62507986321566,33.2496698104003,33.24966981040026,0.39385581590417473,20.0,0.0
231.9,43.1339095231336,26.057754186503928,121.64835712700541,33.2496698104003,33.24966981040026,0.39385581590417473,20.0,0.0
231.95000000000002,42.661675410854244,26.823910138774565,122.67163439079516,33.2496698104003,33.24966981040028,0.3938558159041676,20.0,0.0
232.0,42.1758341305431,27.581510462392256,123.69491165458491,33.2496698104003,33.24966981040027,0.3938558159041605,20.0,0.0
232.05,41.67654064385779,28.330313516708692,124.71818891837466,33.2496698104003,33.24966981040026,0.3938558159041605,20.0,0.0
232.10000000000002,41.16395420310861,29.070080467011344,125.74146618216442,33.2496698104003,33.24966981040027,0.3938558159041605,20.0,0.0
232.15,40.63823830046418,29.800575360701064,126.76474344595418,33.2496698104003,33.24966981040026,0.3938558159041605,20.0,0.0
232.20000000000002,40.099560615804755,30.521565202550423,127.78802070974393,33.2496698104003,33.24966981040026,0.3938558159041534,20.0,0.0
232.25,39.54809296323983,31.23282002901878,128.8112979735337,33.2496698104003,33.249669810400285,0.3938558159041463,20.0,0.0
232.3,38.98401123630711,31.934112981600364,129.83457523732343,33.2496698104003,33.24966981040027,0.3938558159041463,20.0,0.0
232.35000000000002,38.40749535187034,32.62522037918202,130.8578525011132,33.2496698104003,33.249669810400285,0.3938558159041392,20.0,0.0
232.4,37.81872919273386,33.30592178938746,131.88112976490294,33.2496698104003,33.249669810400285,0.3938558159041321,20.0,0.0
232.45000000000002,37.21790054899222,33.97600009888538,132.9044070286927,33.2496698104003,33.24966981040027,0.3938558159041321,20.0,0.0
232.5,36.60520105813351,34.635241582638855,133.92768429248244,33.2496698104003,33.24966981040029,0.393855815904125,20.0,0.0
232.55,35.980826143915586,35.28343597207412,134.9509615562722,33.2496698104003,33.24966981040029,0.3938558159041179,20.0,0.0
232.60000000000002,35.34497495403461,35.92037652214685,135.97423882006197,33.2496698104003,33.249669810400285,0.3938558159041108,20.0,0.0
232.65,34.69785029660585,36.545860077284566,136.9975160838517,33.2496698104003,33.24966981040029,0.3938558159041108,20.0,0.0
232.70000000000002,34.03965857547693,37.15968713618418,138.02079334764147,33.2496698104003,33.249669810400285,0.3938558159041037,20.0,0.0
232.75,33.37060972439424,37.76166191544403,139.0440706114312,33.2496698104003,33.249669810400285,0.3938558159041037,20.0,0.0
232.8,32.690917140043474,38.35159241201,140.06734787522097,33.2496698104003,33.2496698104003,0.3938558159040966,20.0,0.0
232.85000000000002,32.000797613985576,38.92929046441594,141.09062513901074,33.2496698104003,33.2496698104003,0.3938558159040966,20.0,0.0
232.9,31.300471263509955,39.49457181279876,142.11390240280048,33.2496698104003,33.2496698104003,0.3938558159040966,20.0,0.0
232.95000000000002,30.590161461426895,40.04725615766907,143.13717966659024,33.2496698104003,33.2496698104003,0.39385581590408947,20.0,0.0
233.0,29.870094764821616,40.58716721741869,144.16045693037998,33.2496698104003,33.2496698104003,0.39385581590408236,20.0,0.0
233.05,29.14050084279268,41.11413278454659,145.18373419416974,33.2496698104003,33.24966981040029,0.39385581590408236,20.0,0.0
233.10000000000002,28.401612403197813,41.6279847805854,146.2070114579595,33.2496698104003,33.2496698104003,0.39385581590408236,20.0,0.0
233.15,27.65366511843051,42.1285593097109,147.23028872174925,33.2496698104003,33.2496698104003,0.39385581590408236,20.0,0.0
233.20000000000002,26.89689755025105,42.615696711017506,148.253565985539,33.2496698104003,33.249669810400306,0.39385581590407526,20.0,0.0
233.25,26.13155107369598,43.08924160944292,149.27684324932875,33.2496698104003,33.2496698104003,0.39385581590407526,20.0,0.0
233.3,25.357869800090246,43.54904296532588,150.30012051311851,33.2496698104003,33.24966981040031,0.39385581590406815,20.0,0.0
233.35000000000002,24.576100499186595,43.99495412258102,151.32339777690825,33.2496698104003,33.249669810400306,0.39385581590406815,20.0,0.0
233.4,23.786492520457056,44.42683285547563,152.34667504069802,33.2496698104003,33.24966981040031,0.39385581590406815,20.0,0.0
233.45000000000002,22.989297713561594,44.8445414139933,153.36995230448778,33.2496698104003,33.24966981040031,0.39385581590406815,20.0,0.0
233.5,22.184770348019327,45.24794656777002,154.39322956827752,33.2496698104003,33.24966981040031,0.39385581590406815,20.0,0.0
233.55,21.37316703210791,45.63691964858873,155.41650683206728,33.2496698104003,33.24966981040031,0.39385581590406815,20.0,0.0
233.60000000000002,20.554746631016968,46.0113365914187,156.43978409585702,33.2496698104003,33.24966981040033,0.39385581590406815,20.0,0.0
233.65,19.72977018428165,46.37107797398675,157.4630613596468,33.2496698104003,33.249669810400334,0.39385581590406815,20.0,0.0
233.70000000000002,18.898500822522713,46.71602905486763,158.48633862343655,33.2496698104003,33.249669810400334,0.39385581590406815,20.0,0.0
233.75,18.06120368351958,47.04607981008138,159.5096158872263,33.2496698104003,33.249669810400334,0.39385581590406815,20.0,0.0
233.8,17.218145827643255,47.36112496818608,160.53289315101605,33.2496698104003,33.24966981040034,0.39385581590406815,20.0,0.0
233.85000000000002,16.369596152676,47.661064043854736,161.5561704148058,33.2496698104003,33.24966981040034,0.39385581590406105,20.0,0.0
233.9,15.515825308044949,47.9458013699256,162.57944767859556,33.2496698104003,33.24966981040034,0.39385581590406105,20.0,0.0
233.95000000000002,14.657105608497044,48.21524612791572,163.60272494238532,33.2496698104003,33.24966981040035,0.39385581590406105,20.0,0.0
234.0,13.793710947242792,48.46931237698799,164.62600220617506,33.2496698104003,33.24966981040035,0.39385581590405394,20.0,0.0
234.05,12.925916708596574,48.707919081362434,165.64927946996482,33.2496698104003,33.249669810400356,0.39385581590405394,20.0,0.0
234.10000000000002,12.05399968014136,48.930990136162976,166.67255673375456,33.249669810400306,33.24966981040034,0.39385581590404684,20.0,0.0
234.15,11.178237964445826,49.138454391691525,167.69583399754433,33.249669810400306,33.249669810400356,0.39385581590404684,20.0,0.0
234.20000000000002,10.298910890362077,49.330245676121535,168.71911126133406,33.24966981040031,33.24966981040036,0.39385581590404684,20.0,0.0
234.25,9.416298923932214,49.506302816603856,169.74238852512383,33.24966981040031,33.24966981040035,0.39385581590404684,20.0,0.0
234.3,8.530683578932207,49.66656965877815,170.7656657889136,33.24966981040031,33.249669810400356,0.39385581590404684,20.0,0.0
234.35000000000002,7.642347327081577,49.81099508468361,171.78894305270333,33.24966981040031,33.24966981040036,0.39385581590404684,20.0,0.0
234.4,6.7515735079475405,49.93953302906333,172.8122203164931,33.24966981040031,33.24966981040036,0.39385581590404684,20.0,0.0
234.45000000000002,5.85864623857235,50.052142494057016,173.83549758028283,33.24966981040031,33.24966981040036,0.39385581590404684,20.0,0.0
234.5,4.963850322852652,50.14878756227753,174.8587748440726,33.24966981040031,33.24966981040037,0.39385581590404684,20.0,0.0
234.55,4.0674711606997755,50.2294374082669,175.88205210786236,33.24966981040032,33.24966981040038,0.39385581590404684,20.0,0.0
234.60000000000002,3.16979465700991,50.29406630832824,176.9053293716521,33.24966981040033,33.24966981040037,0.39385581590404684,20.0,0.0
234.65,2.2711071304732204,50.34265364873052,177.92860663544187,33.24966981040033,33.24966981040037,0.39385581590405394,20.0,0.0
234.70000000000002,1.3716952222509802,50.37518393228337,178.9518838992316,33.24966981040033,33.24966981040039,0.39385581590405394,20.0,0.0
234.75,0.47184580454985037,50.39164678328002,179.97516116302137,33.249669810400334,33.24966981040039,0.39385581590405394,20.0,0.0
234.8,-0.4281541108775353,50.39203695080668,-179.00156157318887,33.24966981040034,33.24966981040038,0.39385581590405394,20.0,0.0
234.85000000000002,-1.3280174642764937,50.37635431041734,-177.97828430939916,33.24966981040034,33.24966981040041,0.39385581590405394,20.0,0.0
234.9,-2.2274572394495262,50.34460386417348,-176.95500704560942,33.24966981040035,33.24966981040042,0.39385581590406105,20.0,0.0
234.95000000000002,-3.1261865553016603,50.29679573904861,-175.93172978181968,33.249669810400356,33.24966981040044,0.39385581590406105,20.0,0.0
235.0,-4.023918757342698,50.23294518369825,-174.90845251802997,33.24966981040036,33.24966981040048,0.39385581590406105,20.0,0.0
235.05,-4.920367509117189,50.153072563596254,-173.88517525424024,33.24966981040036,33.24966981040048,0.39385581590406105,20.0,0.0
235.10000000000002,-5.815246883532964,50.057203354539176,-172.8618979904505,33.24966981040037,33.24966981040049,0.39385581590406815,20.0,0.0
235.15,-6.708271454059102,49.945368134520585,-171.8386207266608,33.24966981040038,33.249669810400526,0.39385581590406815,20.0,0.0
235.20000000000002,-7.5991563857642355,49.81760257397808,-170.81534346287106,33.24966981040039,33.24966981040054,0.39385581590406815,20.0,0.0
235.25,-8.487617526166167,49.673947424416006,-169.79206619908132,33.249669810400405,33.24966981040055,0.39385581590407526,20.0,0.0
235.3,-9.373371495863813,49.51444850540756,-168.76878893529158,33.24966981040042,33.2496698104006,0.39385581590407526,20.0,0.0
235.35000000000002,-10.256135778922568,49.33915668998036,-167.74551167150187,33.24966981040043,33.249669810400604,0.39385581590408236,20.0,0.0
235.4,-11.135628812984265,49.14812788839026,-166.72223440771214,33.24966981040044,33.24966981040062,0.39385581590408947,20.0,0.0
235.45000000000002,-12.011570079072987,48.941423030288455,-165.6989571439224,33.249669810400455,33.24966981040064,0.39385581590408947,20.0,0.0
235.5,-12.883680191068077,48.71910804528764,-164.67567988013263,33.24966981040047,33.24966981040063,0.3938558159040966,20.0,0.0
235.55,-13.751680984815836,48.481253841933444,-163.65240261634287,33.24966981040048,33.24966981040063,0.3938558159041037,20.0,0.0
235.60000000000002,-14.61529560685145,48.22793628508772,-162.62912535255313,33.24966981040049,33.249669810400626,0.3938558159041108,20.0,0.0
235.65,-15.474248602702875,47.9592361717311,-161.60584808876337,33.249669810400505,33.24966981040064,0.3938558159041108,20.0,0.0
235.70000000000002,-16.32826600474851,47.67523920519233,-160.58257082497363,33.24966981040052,33.24966981040065,0.3938558159041179,20.0,0.0
235.75,-17.177075419600616,47.37603596781274,-159.55929356118386,33.249669810400526,33.24966981040066,0.393855815904125,20.0,0.0
235.8,-18.020406114986642,47.06172189205455,-158.5360162973941,33.24966981040054,33.249669810400654,0.3938558159041321,20.0,0.0
235.85000000000002,-18.857989106100717,46.73239723006216,-157.51273903360436,33.24966981040054,33.249669810400654,0.3938558159041321,20.0,0.0
235.9,-19.689557241397786,46.38816702168621,-156.4894617698146,33.24966981040055,33.249669810400654,0.3938558159041463,20.0,0.0
235.95000000000002,-20.514845287803013,46.02914106098052,-155.46618450602486,33.249669810400555,33.24966981040066,0.3938558159041463,20.0,0.0
236.0,-21.333590015309284,45.65543386118276,-154.4429072422351,33.24966981040056,33.24966981040066,0.3938558159041534,20.0,0.0
236.05,-22.145530280935805,45.26716461818978,-153.41962997844533,33.24966981040057,33.24966981040067,0.3938558159041605,20.0,0.0
236.10000000000002,-22.950407112021054,44.86445717253951,-152.3963527146556,33.249669810400576,33.249669810400675,0.3938558159041676,20.0,0.0
236.15,-23.747963788823483,44.44743996991129,-151.37307545086583,33.24966981040058,33.24966981040068,0.39385581590417473,20.0,0.0
236.20000000000002,-24.537945926403644,44.01624602015749,-150.3497981870761,33.24966981040059,33.249669810400675,0.39385581590417473,20.0,0.0
236.25,-25.32010155576162,43.57101285487931,-149.32652092328632,33.2496698104006,33.24966981040069,0.39385581590418184,20.0,0.0
236.3,-26.09418120420387,43.11188248356031,-148.3032436594966,33.249669810400604,33.249669810400704,0.39385581590418894,20.0,0.0
236.35000000000002,-26.859937974913873,42.63900134827176,-147.27996639570682,33.249669810400604,33.24966981040069,0.39385581590419605,20.0,0.0
236.4,-27.617127625701183,42.15252027696416,-146.25668913191706,33.24966981040061,33.2496698104007,0.39385581590420315,20.0,0.0
236.45000000000002,-28.365508646903766,41.65259443535985,-145.23341186812732,33.24966981040062,33.2496698104007,0.39385581590421026,20.0,0.0
236.5,-29.1048423384188,41.139383277462095,-144.21013460433755,33.249669810400626,33.24966981040069,0.39385581590421737,20.0,0.0
236.55,-29.834892885837327,40.613050494696374,-143.18685734054782,33.24966981040063,33.249669810400704,0.39385581590422447,20.0,0.0
236.60000000000002,-30.555427435658526,40.07376396370013,-142.16358007675805,33.24966981040064,33.24966981040071,0.3938558159042316,20.0,0.0
236.65,-31.266216169559563,39.52169569277763,-141.1403028129683,33.24966981040065,33.249669810400704,0.3938558159042387,20.0,0.0
236.70000000000002,-31.967032377697375,38.95702176703699,-140.11702554917855,33.249669810400654,33.249669810400725,0.3938558159042458,20.0,0.0
236.75,-32.65765253101897,38.37992229222692,-139.09374828538878,33.24966981040066,33.24966981040071,0.3938558159042529,20.0,0.0
236.8,-33.33785635255721,37.790581337291016,-138.07047102159905,33.24966981040066,33.249669810400704,0.3938558159042529,20.0,0.0
236.85000000000002,-34.007426887689334,37.18918687565799,-137.04719375780928,33.24966981040066,33.24966981040071,0.39385581590426,20.0,0.0
236.9,-34.66615057333576,36.575930725286554,-136.02391649401952,33.24966981040067,33.24966981040071,0.3938558159042671,20.0,0.0
236.95000000000002,-35.31381730607718,35.95100848748408,-135.00063923022978,33.24966981040067,33.24966981040072,0.3938558159042742,20.0,0.0
237.0,-35.950220509168176,35.314619484518495,-133.97736196644001,33.24966981040067,33.249669810400725,0.3938558159042813,20.0,0.0
237.05,-36.57515719842593,34.6669666960434,-132.95408470265028,33.249669810400675,33.249669810400725,0.3938558159042884,20.0,0.0
237.10000000000002,-37.18842804697314,34.00825669435663,-131.9308074388605,33.24966981040068,33.24966981040073,0.3938558159042955,20.0,0.0
237.15,-37.78983744881438,33.338699578512916,-130.90753017507075,33.24966981040069,33.249669810400725,0.3938558159042955,20.0,0.0
237.20000000000002,-38.37919358122569,32.658508907311685,-129.884252911281,33.24966981040069,33.249669810400725,0.39385581590430263,20.0,0.0
237.25,-38.95630846593741,31.967901631181334,-128.86097564749124,33.24966981040069,33.249669810400725,0.39385581590431684,20.0,0.0
237.3,-39.52099802909087,31.26709802298175,-127.8376983837015,33.24966981040069,33.249669810400725,0.39385581590431684,20.0,0.0
237.35000000000002,-40.073082159949735,30.556321607747105,-126.81442111991174,33.24966981040069,33.249669810400725,0.39385581590432395,20.0,0.0
237.4,-40.61238476834727,29.83579909139136,-125.79114385612199,33.24966981040069,33.24966981040073,0.39385581590433105,20.0,0.0
237.45000000000002,-41.13873384085124,29.105760288399214,-124.76786659233224,33.2496698104007,33.24966981040073,0.39385581590433816,20.0,0.0
237.5,-41.6519614956285,28.366438048525534,-123.74458932854249,33.2496698104007,33.24966981040073,0.39385581590434526,20.0,0.0
237.55,-42.151904035991805,27.61806818252672,-122.72131206475274,33.2496698104007,33.24966981040074,0.39385581590435237,20.0,0.0
237.60000000000002,-42.638402002611734,26.860889386947584,-121.69803480096297,33.2496698104007,33.24966981040073,0.3938558159043595,20.0,0.0
237.65,-43.111300224377096,26.09514316798783,-120.67475753717322,33.2496698104007,33.24966981040073,0.3938558159043666,20.0,0.0
237.70000000000002,-43.570447867887566,25.321073764472366,-119.65148027338347,33.2496698104007,33.24966981040074,0.3938558159043737,20.0,0.0
237.75,-44.01569848556282,24.538928069950046,-118.62820300959372,33.2496698104007,33.249669810400746,0.3938558159043808,20.0,0.0
237.8,-44.44691006235276,23.74895555394564,-117.60492574580397,33.249669810400704,33.24966981040075,0.3938558159043808,20.0,0.0
237.85000000000002,-44.86394506103395,22.951408182390207,-116.58164848201422,33.24966981040071,33.24966981040074,0.393855815904395,20.0,0.0
237.9,-45.26667046607788,22.146540337255242,-115.55837121822445,33.24966981040071,33.24966981040073,0.393855815904395,20.0,0.0
237.95000000000002,-45.65495782607696,21.33460873541618,-114.5350939544347,33.24966981040071,33.24966981040073,0.3938558159044021,20.0,0.0
238.0,-46.028683294714746,20.515872346771175,-113.51181669064495,33.24966981040071,33.249669810400725,0.3938558159044092,20.0,0.0
238.05,-46.387727670267445,19.690592311641296,-112.4885394268552,33.24966981040071,33.24966981040073,0.3938558159044163,20.0,0.0
238.10000000000002,-46.731976433623885,18.859031857478424,-111.46526216306545,33.24966981040071,33.24966981040074,0.3938558159044234,20.0,0.0
238.15,-47.061319784812014,18.021456214907452,-110.44198489927568,33.24966981040071,33.24966981040074,0.39385581590443053,20.0,0.0
238.20000000000002,-47.37565267802018,17.17813253312958,-109.41870763548593,33.24966981040071,33.24966981040075,0.39385581590443763,20.0,0.0
238.25,-47.67487485510207,16.329329794713654,-108.39543037169618,33.24966981040071,33.24966981040075,0.39385581590444474,20.0,0.0
238.3,-47.95889087755454,15.475318729802737,-107.37215310790643,33.24966981040071,33.249669810400746,0.39385581590445184,20.0,0.0
238.35000000000002,-48.227610156958264,14.616371729763305,-106.34887584411668,33.24966981040071,33.24966981040075,0.39385581590445895,20.0,0.0
238.4,-48.48094698387139,13.752762760304563,-105.32559858032693,33.24966981040071,33.249669810400746,0.39385581590446606,20.0,0.0
238.45000000000002,-48.71882055516701,12.884767274095637,-104.30232131653716,33.24966981040071,33.24966981040073,0.39385581590447316,20.0,0.0
238.5,-48.94115499980573,12.012662122908472,-103.27904405274741,33.24966981040071,33.249669810400746,0.39385581590448027,20.0,0.0
238.55,-49.147879403035205,11.136725469314491,-102.25576678895766,33.24966981040071,33.24966981040074,0.39385581590448737,20.0,0.0
238.60000000000002,-49.33892782900869,10.257236697963172,-101.2324895251679,33.24966981040071,33.24966981040073,0.39385581590448737,20.0,0.0
238.65,-49.514239341815696,9.374476326470818,-100.20921226137816,33.24966981040071,33.249669810400725,0.3938558159044945,20.0,0.0
238.70000000000002,-49.67375802491779,8.488725915947981,-99.1859349975884,33.24966981040071,33.249669810400725,0.3938558159044945,20.0,0.0
238.75,-49.817432998983485,7.600267981194049,-98.16265773379864,33.24966981040071,33.249669810400725,0.3938558159045016,20.0,0.0
238.8,-49.94521843811646,6.709385900587646,-97.13938047000889,33.24966981040071,33.249669810400746,0.3938558159045087,20.0,0.0
238.85000000000002,-50.057073584471986,5.816363825701598,-96.11610320621914,33.24966981040071,33.249669810400746,0.3938558159045158,20.0,0.0
238.9,-50.15296276125685,4.921486590671272,-95.09282594242939,33.24966981040071,33.249669810400725,0.3938558159045158,20.0,0.0
238.95000000000002,-50.23285538410867,4.025039621345223,-94.06954867863963,33.24966981040071,33.249669810400725,0.3938558159045229,20.0,0.0
239.0,-50.29672597085091,3.1273088442470987,-93.04627141484987,33.24966981040071,33.24966981040074,0.3938558159045229,20.0,0.0
239.05,-50.34455414962059,2.228580595377856,-92.02299415106012,33.24966981040071,33.249669810400725,0.39385581590453,20.0,0.0
239.10000000000002,-50.37632466536599,1.329141528887373,-90.99971688727037,33.24966981040071,33.249669810400725,0.39385581590453,20.0,0.0
239.15,-50.392027384712314,0.4292785256445846,-89.97643962348062,33.24966981040071,33.249669810400725,0.3938558159045371,20.0,0.0
239.20000000000002,-50.391657299193795,-0.47072139826469506,-88.95316235969086,33.24966981040071,33.249669810400725,0.3938558159045371,20.0,0.0
239.25,-50.37521452685118,-1.3705711830830773,-87.92988509590111,33.24966981040071,33.24966981040072,0.3938558159045442,20.0,0.0
239.3,-50.342704312194066,-2.269983816940835,-86.90660783211135,33.24966981040071,33.24966981040071,0.3938558159045442,20.0,0.0
239.35000000000002,-50.29413702452814,-3.168672427399861,-85.8833305683216,33.24966981040071,33.249669810400725,0.3938558159045442,20.0,0.0
239.4,-50.229528154647845,-4.06635037295316,-84.86005330453185,33.24966981040071,33.2496698104007,0.3938558159045513,20.0,0.0
239.45000000000002,-50.148898309895486,-4.962731334450676,-83.8367760407421,33.24966981040071,33.249669810400704,0.3938558159045513,20.0,0.0
239.5,-50.052273207588435,-5.85752940642231,-82.81349877695234,33.24966981040071,33.249669810400704,0.3938558159045513,20.0,0.0
239.55,-49.939683666816435,-6.750459188268985,-81.79022151316258,33.24966981040071,33.249669810400704,0.3938558159045584,20.0,0.0
239.60000000000002,-49.8111655986117,-7.641235875292687,-80.76694424937283,33.24966981040071,33.24966981040071,0.3938558159045584,20.0,0.0
239.65,-49.666759994494896,-8.529575349536437,-79.74366698558308,33.24966981040071,33.2496698104007,0.39385581590456553,20.0,0.0
239.70000000000002,-49.50651291340067,-9.415194270405216,-78.72038972179332,33.24966981040071,33.2496698104007,0.39385581590456553,20.0,0.0
239.75,-49.330475466986925,-10.297810165038962,-77.69711245800357,33.24966981040071,33.24966981040069,0.39385581590456553,20.0,0.0
239.8,-49.138703803332476,-11.177141518408785,-76.67383519421382,33.24966981040071,33.249669810400675,0.39385581590457264,20.0,0.0
239.85000000000002,-48.931259089028316,-12.05290786310768,-75.65055793042406,33.24966981040071,33.24966981040068,0.39385581590457264,20.0,0.0
239.9,-48.70820748966822,-12.924829868807103,-74.6272806666343,33.24966981040071,33.249669810400675,0.39385581590457264,20.0,0.0
239.95000000000002,-48.469620148744866,-13.792629431350854,-73.60400340284455,33.24966981040071,33.249669810400675,0.39385581590457974,20.0,0.0
240.0,-48.21557316495824,-14.656029761457878,-72.5807261390548,33.24966981040071,33.249669810400675,0.39385581590458685,20.0,0.0
